  0
SECTION
  2
HEADER
  9
$ACADVER
  1
AC1032
  9
$ACADMAINTVER
 90
      197
  9
$DWGCODEPAGE
  3
ANSI_936
  9
$LASTSAVEDBY
  1
admin
  9
$REQUIREDVERSIONS
160
                 0
  9
$INSBASE
 10
0.0
 20
0.0
 30
0.0
  9
$EXTMIN
 10
-408785.6806151264
 20
-548225.5053496022
 30
-18534.04615973695
  9
$EXTMAX
 10
-364068.1451200489
 20
-509848.3330738782
 30
400.0
  9
$LIMMIN
 10
0.0
 20
0.0
  9
$LIMMAX
 10
36000.0
 20
27000.0
  9
$ORTHOMODE
 70
     0
  9
$REGENMODE
 70
     1
  9
$FILLMODE
 70
     1
  9
$QTEXTMODE
 70
     0
  9
$MIRRTEXT
 70
     0
  9
$LTSCALE
 40
1000.0
  9
$ATTMODE
 70
     1
  9
$TEXTSIZE
 40
1500.0
  9
$TRACEWID
 40
0.05
  9
$TEXTSTYLE
  7
DIM_FONT
  9
$CLAYER
  8
WALL
  9
$CELTYPE
  6
BYLAYER
  9
$CECOLOR
 62
   256
  9
$CELTSCALE
 40
1.0
  9
$DISPSILH
 70
     0
  9
$DIMSCALE
 40
1.0
  9
$DIMASZ
 40
50.0
  9
$DIMEXO
 40
200.0
  9
$DIMDLI
 40
0.0
  9
$DIMRND
 40
0.0
  9
$DIMDLE
 40
0.0
  9
$DIMEXE
 40
50.0
  9
$DIMTP
 40
0.0
  9
$DIMTM
 40
0.0
  9
$DIMTXT
 40
150.0
  9
$DIMCEN
 40
0.0
  9
$DIMTSZ
 40
0.0
  9
$DIMTOL
 70
     0
  9
$DIMLIM
 70
     0
  9
$DIMTIH
 70
     0
  9
$DIMTOH
 70
     0
  9
$DIMSE1
 70
     0
  9
$DIMSE2
 70
     0
  9
$DIMTAD
 70
     1
  9
$DIMZIN
 70
     0
  9
$DIMBLK
  1
DOT
  9
$DIMASO
 70
     1
  9
$DIMSHO
 70
     1
  9
$DIMPOST
  1

  9
$DIMAPOST
  1

  9
$DIMALT
 70
     0
  9
$DIMALTD
 70
     2
  9
$DIMALTF
 40
25.4
  9
$DIMLFAC
 40
1.0
  9
$DIMTOFL
 70
     1
  9
$DIMTVP
 40
0.0
  9
$DIMTIX
 70
     1
  9
$DIMSOXD
 70
     0
  9
$DIMSAH
 70
     1
  9
$DIMBLK1
  1
DOT
  9
$DIMBLK2
  1
DOT
  9
$DIMSTYLE
  2
NORMAL
  9
$DIMCLRD
 70
   191
  9
$DIMCLRE
 70
   191
  9
$DIMCLRT
 70
   256
  9
$DIMTFAC
 40
3.333333333333333
  9
$DIMGAP
 40
75.0
  9
$DIMJUST
 70
     0
  9
$DIMSD1
 70
     0
  9
$DIMSD2
 70
     0
  9
$DIMTOLJ
 70
     1
  9
$DIMTZIN
 70
     0
  9
$DIMALTZ
 70
     0
  9
$DIMALTTZ
 70
     0
  9
$DIMUPT
 70
     0
  9
$DIMDEC
 70
     4
  9
$DIMTDEC
 70
     4
  9
$DIMALTU
 70
     2
  9
$DIMALTTD
 70
     2
  9
$DIMTXSTY
  7
STANDARD
  9
$DIMAUNIT
 70
     0
  9
$DIMADEC
 70
     0
  9
$DIMALTRND
 40
0.0
  9
$DIMAZIN
 70
     0
  9
$DIMDSEP
 70
    46
  9
$DIMATFIT
 70
     3
  9
$DIMFRAC
 70
     0
  9
$DIMLDRBLK
  1
DOT
  9
$DIMLUNIT
 70
     2
  9
$DIMLWD
 70
    -2
  9
$DIMLWE
 70
    -2
  9
$DIMTMOVE
 70
     0
  9
$DIMFXL
 40
1.0
  9
$DIMFXLON
 70
     0
  9
$DIMJOGANG
 40
0.7853981633974483
  9
$DIMTFILL
 70
     0
  9
$DIMTFILLCLR
 70
     0
  9
$DIMARCSYM
 70
     0
  9
$DIMLTYPE
  6

  9
$DIMLTEX1
  6

  9
$DIMLTEX2
  6

  9
$DIMTXTDIRECTION
 70
     0
  9
$LUNITS
 70
     2
  9
$LUPREC
 70
     2
  9
$SKETCHINC
 40
0.1
  9
$FILLETRAD
 40
0.0
  9
$AUNITS
 70
     0
  9
$AUPREC
 70
     0
  9
$MENU
  1
.
  9
$ELEVATION
 40
0.0
  9
$PELEVATION
 40
0.0
  9
$THICKNESS
 40
0.0
  9
$LIMCHECK
 70
     0
  9
$CHAMFERA
 40
12000.0
  9
$CHAMFERB
 40
12000.0
  9
$CHAMFERC
 40
1.0
  9
$CHAMFERD
 40
0.0
  9
$SKPOLY
 70
     0
  9
$TDCREATE
 40
2453683.342997685
  9
$TDUCREATE
 40
2453683.009671111
  9
$TDUPDATE
 40
2461132.926064815
  9
$TDUUPDATE
 40
2461132.592731481
  9
$TDINDWG
 40
13.4539154630
  9
$TDUSRTIMER
 40
13.4539148843
  9
$USRTIMER
 70
     1
  9
$ANGBASE
 50
0.0
  9
$ANGDIR
 70
     0
  9
$PDMODE
 70
     0
  9
$PDSIZE
 40
0.0
  9
$PLINEWID
 40
100.0
  9
$SPLFRAME
 70
     0
  9
$SPLINETYPE
 70
     6
  9
$SPLINESEGS
 70
     8
  9
$HANDSEED
  5
1045
  9
$SURFTAB1
 70
     6
  9
$SURFTAB2
 70
     6
  9
$SURFTYPE
 70
     6
  9
$SURFU
 70
     6
  9
$SURFV
 70
     6
  9
$UCSBASE
  2

  9
$UCSNAME
  2

  9
$UCSORG
 10
0.0
 20
0.0
 30
0.0
  9
$UCSXDIR
 10
1.0
 20
0.0
 30
0.0
  9
$UCSYDIR
 10
0.0
 20
1.0
 30
0.0
  9
$UCSORTHOREF
  2

  9
$UCSORTHOVIEW
 70
     0
  9
$UCSORGTOP
 10
0.0
 20
0.0
 30
0.0
  9
$UCSORGBOTTOM
 10
0.0
 20
0.0
 30
0.0
  9
$UCSORGLEFT
 10
0.0
 20
0.0
 30
0.0
  9
$UCSORGRIGHT
 10
0.0
 20
0.0
 30
0.0
  9
$UCSORGFRONT
 10
0.0
 20
0.0
 30
0.0
  9
$UCSORGBACK
 10
0.0
 20
0.0
 30
0.0
  9
$PUCSBASE
  2

  9
$PUCSNAME
  2

  9
$PUCSORG
 10
0.0
 20
0.0
 30
0.0
  9
$PUCSXDIR
 10
1.0
 20
0.0
 30
0.0
  9
$PUCSYDIR
 10
0.0
 20
1.0
 30
0.0
  9
$PUCSORTHOREF
  2

  9
$PUCSORTHOVIEW
 70
     0
  9
$PUCSORGTOP
 10
0.0
 20
0.0
 30
0.0
  9
$PUCSORGBOTTOM
 10
0.0
 20
0.0
 30
0.0
  9
$PUCSORGLEFT
 10
0.0
 20
0.0
 30
0.0
  9
$PUCSORGRIGHT
 10
0.0
 20
0.0
 30
0.0
  9
$PUCSORGFRONT
 10
0.0
 20
0.0
 30
0.0
  9
$PUCSORGBACK
 10
0.0
 20
0.0
 30
0.0
  9
$USERI1
 70
     0
  9
$USERI2
 70
     0
  9
$USERI3
 70
     0
  9
$USERI4
 70
   100
  9
$USERI5
 70
     0
  9
$USERR1
 40
0.0
  9
$USERR2
 40
0.0
  9
$USERR3
 40
0.0
  9
$USERR4
 40
0.0
  9
$USERR5
 40
0.0
  9
$WORLDVIEW
 70
     1
  9
$SHADEDGE
 70
     1
  9
$SHADEDIF
 70
    70
  9
$TILEMODE
 70
     1
  9
$MAXACTVP
 70
    48
  9
$PINSBASE
 10
0.0
 20
0.0
 30
0.0
  9
$PLIMCHECK
 70
     0
  9
$PEXTMIN
 10
1.049999952316283
 20
0.7999999523162842
 30
0.0
  9
$PEXTMAX
 10
9.449999570846555
 20
7.199999570846556
 30
0.0
  9
$PLIMMIN
 10
0.0
 20
0.0
  9
$PLIMMAX
 10
12.0
 20
9.0
  9
$UNITMODE
 70
     0
  9
$VISRETAIN
 70
     1
  9
$PLINEGEN
 70
     0
  9
$PSLTSCALE
 70
     1
  9
$TREEDEPTH
 70
  3020
  9
$CMLSTYLE
  2
STANDARD
  9
$CMLJUST
 70
     0
  9
$CMLSCALE
 40
1.0
  9
$PROXYGRAPHICS
 70
     1
  9
$MEASUREMENT
 70
     0
  9
$CELWEIGHT
370
    -1
  9
$ENDCAPS
280
     0
  9
$JOINSTYLE
280
     0
  9
$LWDISPLAY
290
     0
  9
$INSUNITS
 70
     0
  9
$HYPERLINKBASE
  1

  9
$STYLESHEET
  1

  9
$XEDIT
290
     1
  9
$CEPSNTYPE
380
     0
  9
$PSTYLEMODE
290
     1
  9
$FINGERPRINTGUID
  2
{DEEA56E2-D20C-9547-BCDC-2EAA6BEBD775}
  9
$VERSIONGUID
  2
{7417F6E3-5A35-0E4F-8574-5AE46C90C3AB}
  9
$EXTNAMES
290
     1
  9
$PSVPSCALE
 40
0.0
  9
$OLESTARTUP
290
     0
  9
$SORTENTS
280
   127
  9
$INDEXCTL
280
     0
  9
$HIDETEXT
280
     1
  9
$XCLIPFRAME
280
     2
  9
$HALOGAP
280
     0
  9
$OBSCOLOR
 70
   257
  9
$OBSLTYPE
280
     0
  9
$INTERSECTIONDISPLAY
280
     0
  9
$INTERSECTIONCOLOR
 70
   257
  9
$DIMASSOC
280
     1
  9
$PROJECTNAME
  1

  9
$CAMERADISPLAY
290
     0
  9
$LENSLENGTH
 40
50.0
  9
$CAMERAHEIGHT
 40
0.0
  9
$STEPSPERSEC
 40
2.0
  9
$STEPSIZE
 40
6.0
  9
$3DDWFPREC
 40
2.0
  9
$PSOLWIDTH
 40
0.25
  9
$PSOLHEIGHT
 40
4.0
  9
$LOFTANG1
 40
1.570796326794896
  9
$LOFTANG2
 40
1.570796326794896
  9
$LOFTMAG1
 40
0.0
  9
$LOFTMAG2
 40
0.0
  9
$LOFTPARAM
 70
     7
  9
$LOFTNORMALS
280
     1
  9
$LATITUDE
 40
37.795
  9
$LONGITUDE
 40
-122.394
  9
$NORTHDIRECTION
 40
0.0
  9
$TIMEZONE
 70
 -8000
  9
$LIGHTGLYPHDISPLAY
280
     1
  9
$TILEMODELIGHTSYNCH
280
     1
  9
$CMATERIAL
347
4A
  9
$SOLIDHIST
280
     1
  9
$SHOWHIST
280
     1
  9
$DWFFRAME
280
     2
  9
$DGNFRAME
280
     0
  9
$REALWORLDSCALE
290
     1
  9
$INTERFERECOLOR
 62
     1
  9
$INTERFEREOBJVS
345
62
  9
$INTERFEREVPVS
346
63
  9
$CSHADOW
280
     0
  9
$SHADOWPLANELOCATION
 40
0.0
  0
ENDSEC
  0
SECTION
  2
CLASSES
  0
CLASS
  1
ACDBDICTIONARYWDFLT
  2
AcDbDictionaryWithDefault
  3
ObjectDBX Classes
 90
        0
 91
        1
280
     0
281
     0
  0
CLASS
  1
DICTIONARYVAR
  2
AcDbDictionaryVar
  3
ObjectDBX Classes
 90
        0
 91
       10
280
     0
281
     0
  0
CLASS
  1
TABLESTYLE
  2
AcDbTableStyle
  3
ObjectDBX Classes
 90
     4095
 91
        1
280
     0
281
     0
  0
CLASS
  1
TCH_PSCONFIG
  2
TDbPsConfig
  3
TCH_PIPEWIRE
 90
        1
 91
        0
280
     1
281
     0
  0
CLASS
  1
SORTENTSTABLE
  2
AcDbSortentsTable
  3
ObjectDBX Classes
 90
        0
 91
        5
280
     0
281
     0
  0
CLASS
  1
ACAD_EVALUATION_GRAPH
  2
AcDbEvalGraph
  3
ObjectDBX Classes
 90
     1153
 91
        0
280
     0
281
     0
  0
CLASS
  1
ACAECUSTOBJ
  2
AcAeEditorObj
  3
AcAeEditorObj
 90
     1024
 91
        0
280
     0
281
     0
  0
CLASS
  1
ACDB_DYNAMICBLOCKPURGEPREVENTER_VERSION
  2
AcDbDynamicBlockPurgePreventer
  3
ObjectDBX Classes
 90
     1153
 91
        0
280
     0
281
     0
  0
CLASS
  1
TCH_ARROW
  2
TDbSymbArrow
  3
"TCH_KERNAL|缺乏解释器天正图形看不见, 请下载天正插件|网址: www.tangent.com.cn"
 90
        1
 91
        0
280
     1
281
     1
  0
CLASS
  1
TCH_ELEVATION
  2
TDbSymbElevation
  3
"TCH_KERNAL|缺乏解释器天正图形看不见, 请下载天正插件|网址: www.tangent.com.cn"
 90
        1
 91
        0
280
     1
281
     1
  0
CLASS
  1
TCH_BLOCK_INSERT
  2
TDbBlockInsert
  3
"TCH_KERNAL|缺乏解释器天正图形看不见, 请下载天正插件|网址: www.tangent.com.cn"
 90
        1
 91
        0
280
     1
281
     1
  0
CLASS
  1
TCH_SLAB
  2
TDbSlab
  3
"TCH_KERNAL|缺乏解释器天正图形看不见, 请下载天正插件|网址: www.tangent.com.cn"
 90
        1
 91
        0
280
     1
281
     1
  0
CLASS
  1
TCH_DBCONFIG
  2
TDbConfig
  3
"TCH_KERNAL|缺乏解释器天正图形看不见, 请下载天正插件|网址: www.tangent.com.cn"
 90
        1
 91
        0
280
     1
281
     0
  0
CLASS
  1
TCH_DIMENSION
  2
TDbDimension
  3
"TCH_KERNAL|缺乏解释器天正图形看不见, 请下载天正插件|网址: www.tangent.com.cn"
 90
        1
 91
        0
280
     1
281
     1
  0
CLASS
  1
MATERIAL
  2
AcDbMaterial
  3
ObjectDBX Classes
 90
     1153
 91
        3
280
     0
281
     0
  0
CLASS
  1
IMAGE
  2
AcDbRasterImage
  3
ISM
 90
     2175
 91
        0
280
     0
281
     1
  0
CLASS
  1
IMAGEDEF_REACTOR
  2
AcDbRasterImageDefReactor
  3
ISM
 90
        1
 91
        0
280
     0
281
     0
  0
CLASS
  1
IMAGEDEF
  2
AcDbRasterImageDef
  3
ISM
 90
        0
 91
        0
280
     0
281
     0
  0
CLASS
  1
RASTERVARIABLES
  2
AcDbRasterVariables
  3
ISM
 90
        0
 91
        0
280
     0
281
     0
  0
CLASS
  1
WIPEOUT
  2
AcDbWipeout
  3
WipeOut|Product Desc: Object Enabler for WipeOut entity | Company: Autodesk, Inc. | WEB Address: www.autodesk.com
 90
     2175
 91
        0
280
     0
281
     1
  0
CLASS
  1
WIPEOUTVARIABLES
  2
AcDbWipeoutVariables
  3
"WipeOut|Product Desc:     WipeOut Dbx Application|Company:          Autodesk, Inc.|WEB Address:      www.autodesk.com"
 90
        0
 91
        0
280
     0
281
     0
  0
CLASS
  1
TCH_WALL
  2
TDbWall
  3
"TCH_KERNAL|缺乏解释器天正图形看不见, 请下载天正插件|网址: www.tangent.com.cn"
 90
        1
 91
        0
280
     1
281
     1
  0
CLASS
  1
TCH_OPENING
  2
TDbOpening
  3
"TCH_KERNAL|缺乏解释器天正图形看不见, 请下载天正插件|网址: www.tangent.com.cn"
 90
        1
 91
        0
280
     1
281
     1
  0
CLASS
  1
TCH_DIMENSION2
  2
TDbDimension2
  3
"TCH_KERNAL|缺乏解释器天正图形看不见, 请下载天正插件|网址: www.tangent.com.cn"
 90
        1
 91
        0
280
     1
281
     1
  0
CLASS
  1
TCH_RUPTURE
  2
TDbSymbRupture
  3
"TCH_KERNAL|缺乏解释器天正图形看不见, 请下载天正插件|网址: www.tangent.com.cn"
 90
        1
 91
        0
280
     1
281
     1
  0
CLASS
  1
TCH_LINESTAIR
  2
TDbLineStair
  3
"TCH_KERNAL|缺乏解释器天正图形看不见, 请下载天正插件|网址: www.tangent.com.cn"
 90
        1
 91
        0
280
     1
281
     1
  0
CLASS
  1
TCH_ERRORMSG
  2
TDbPromptMark
  3
"TCH_KERNAL|缺乏解释器天正图形看不见, 请下载天正插件|网址: www.tangent.com.cn"
 90
        1
 91
        0
280
     1
281
     1
  0
CLASS
  1
TCH_HANDRAIL
  2
TDbHandRail
  3
"TCH_KERNAL|缺乏解释器天正图形看不见, 请下载天正插件|网址: www.tangent.com.cn"
 90
        1
 91
        0
280
     1
281
     1
  0
CLASS
  1
VISUALSTYLE
  2
AcDbVisualStyle
  3
ObjectDBX Classes
 90
     4095
 91
       25
280
     0
281
     0
  0
CLASS
  1
DIMASSOC
  2
AcDbDimAssoc
  3
"AcDbDimAssoc|Product Desc:     AcDim ARX App For Dimension|Company:          Autodesk, Inc.|WEB Address:      www.autodesk.com"
 90
        0
 91
        0
280
     0
281
     0
  0
CLASS
  1
TCH_DRAWINGNAME
  2
TDbDrawingName
  3
"TCH_KERNAL|缺乏解释器天正图形看不见, 请下载天正插件|网址: www.tangent.com.cn"
 90
        1
 91
        0
280
     1
281
     1
  0
CLASS
  1
BLOCKBASEPOINTPARAMETER
  2
AcDbBlockBasepointParameter
  3
ObjectDBX Classes
 90
     1153
 91
        0
280
     0
281
     0
  0
CLASS
  1
BLOCKALIGNMENTPARAMETER
  2
AcDbBlockAlignmentParameter
  3
ObjectDBX Classes
 90
     1153
 91
        0
280
     0
281
     0
  0
CLASS
  1
BLOCKALIGNMENTGRIP
  2
AcDbBlockAlignmentGrip
  3
ObjectDBX Classes
 90
     1153
 91
        0
280
     0
281
     0
  0
CLASS
  1
BLOCKGRIPLOCATIONCOMPONENT
  2
AcDbBlockGripExpr
  3
ObjectDBX Classes
 90
     1153
 91
        0
280
     0
281
     0
  0
CLASS
  1
BLOCKFLIPPARAMETER
  2
AcDbBlockFlipParameter
  3
ObjectDBX Classes
 90
     1153
 91
        0
280
     0
281
     0
  0
CLASS
  1
BLOCKFLIPGRIP
  2
AcDbBlockFlipGrip
  3
ObjectDBX Classes
 90
     1153
 91
        0
280
     0
281
     0
  0
CLASS
  1
BLOCKLINEARPARAMETER
  2
AcDbBlockLinearParameter
  3
ObjectDBX Classes
 90
     1153
 91
        0
280
     0
281
     0
  0
CLASS
  1
BLOCKLINEARGRIP
  2
AcDbBlockLinearGrip
  3
ObjectDBX Classes
 90
     1153
 91
        0
280
     0
281
     0
  0
CLASS
  1
BLOCKSCALEACTION
  2
AcDbBlockScaleAction
  3
ObjectDBX Classes
 90
     1153
 91
        0
280
     0
281
     0
  0
CLASS
  1
BLOCKLOOKUPPARAMETER
  2
AcDbBlockLookupParameter
  3
ObjectDBX Classes
 90
     1153
 91
        0
280
     0
281
     0
  0
CLASS
  1
BLOCKLOOKUPGRIP
  2
AcDbBlockLookupGrip
  3
ObjectDBX Classes
 90
     1153
 91
        0
280
     0
281
     0
  0
CLASS
  1
BLOCKLOOKUPACTION
  2
AcDbBlockLookupAction
  3
ObjectDBX Classes
 90
     1153
 91
        0
280
     0
281
     0
  0
CLASS
  1
BLOCKFLIPACTION
  2
AcDbBlockFlipAction
  3
ObjectDBX Classes
 90
     1153
 91
        0
280
     0
281
     0
  0
CLASS
  1
BLOCKSTRETCHACTION
  2
AcDbBlockStretchAction
  3
ObjectDBX Classes
 90
     1153
 91
        0
280
     0
281
     0
  0
CLASS
  1
BLOCKPOINTPARAMETER
  2
AcDbBlockPointParameter
  3
ObjectDBX Classes
 90
     1153
 91
        0
280
     0
281
     0
  0
CLASS
  1
BLOCKXYGRIP
  2
AcDbBlockXYGrip
  3
ObjectDBX Classes
 90
     1153
 91
        0
280
     0
281
     0
  0
CLASS
  1
BLOCKMOVEACTION
  2
AcDbBlockMoveAction
  3
ObjectDBX Classes
 90
     1153
 91
        0
280
     0
281
     0
  0
CLASS
  1
BLOCKARRAYACTION
  2
AcDbBlockArrayAction
  3
ObjectDBX Classes
 90
     1153
 91
        0
280
     0
281
     0
  0
CLASS
  1
BLOCKVISIBILITYPARAMETER
  2
AcDbBlockVisibilityParameter
  3
ObjectDBX Classes
 90
     1153
 91
        0
280
     0
281
     0
  0
CLASS
  1
BLOCKVISIBILITYGRIP
  2
AcDbBlockVisibilityGrip
  3
ObjectDBX Classes
 90
     1153
 91
        0
280
     0
281
     0
  0
CLASS
  1
ACDB_BLOCKREPRESENTATION_DATA
  2
AcDbBlockRepresentationData
  3
ObjectDBX Classes
 90
     1153
 91
        0
280
     0
281
     0
  0
CLASS
  1
TCH_COLUMN
  2
TDbColumn
  3
"TCH_KERNAL|缺乏解释器天正图形看不见, 请下载天正插件|网址: www.tangent.com.cn"
 90
        1
 91
        0
280
     1
281
     1
  0
CLASS
  1
TCH_SYMB_SECTION
  2
TDbSymbSection
  3
"TCH_KERNAL|缺乏解释器天正图形看不见, 请下载天正插件|网址: www.tangent.com.cn"
 90
        1
 91
        0
280
     1
281
     1
  0
CLASS
  1
TCH_TEXT
  2
TDbText
  3
"TCH_KERNAL|缺乏解释器天正图形看不见, 请下载天正插件|网址: www.tangent.com.cn"
 90
        1
 91
        0
280
     1
281
     1
  0
CLASS
  1
TCH_MTEXT
  2
TDbMText
  3
"TCH_KERNAL|缺乏解释器天正图形看不见, 请下载天正插件|网址: www.tangent.com.cn"
 90
        1
 91
        0
280
     1
281
     1
  0
CLASS
  1
TCH_CORNER_WINDOW
  2
TDbCornerWin
  3
"TCH_KERNAL|缺乏解释器天正图形看不见, 请下载天正插件|网址: www.tangent.com.cn"
 90
        1
 91
        0
280
     1
281
     1
  0
CLASS
  1
TCH_BALCONY
  2
TDbBalcony
  3
"TCH_KERNAL|缺乏解释器天正图形看不见, 请下载天正插件|网址: www.tangent.com.cn"
 90
        1
 91
        0
280
     1
281
     1
  0
CLASS
  1
TCH_AXIS_LABEL
  2
TDbAxisLabelSet
  3
"TCH_KERNAL|缺乏解释器天正图形看不见, 请下载天正插件|网址: www.tangent.com.cn"
 90
        1
 91
        0
280
     1
281
     1
  0
CLASS
  1
SCALE
  2
AcDbScale
  3
ObjectDBX Classes
 90
     1153
 91
       33
280
     0
281
     0
  0
CLASS
  1
MLEADERSTYLE
  2
AcDbMLeaderStyle
  3
ACDB_MLEADERSTYLE_CLASS
 90
     4095
 91
        1
280
     0
281
     0
  0
CLASS
  1
CELLSTYLEMAP
  2
AcDbCellStyleMap
  3
ObjectDBX Classes
 90
     1152
 91
        2
280
     0
281
     0
  0
CLASS
  1
EXACXREFPANELOBJECT
  2
ExAcXREFPanelObject
  3
EXAC_ESW
 90
     1025
 91
        0
280
     1
281
     0
  0
CLASS
  1
NPOCOLLECTION
  2
AcDbImpNonPersistentObjectsCollection
  3
ObjectDBX Classes
 90
     1153
 91
        0
280
     0
281
     0
  0
CLASS
  1
ACDBSECTIONVIEWSTYLE
  2
AcDbSectionViewStyle
  3
ObjectDBX Classes
 90
     1025
 91
        1
280
     0
281
     0
  0
CLASS
  1
ACDBDETAILVIEWSTYLE
  2
AcDbDetailViewStyle
  3
ObjectDBX Classes
 90
     1025
 91
        1
280
     0
281
     0
  0
CLASS
  1
SOLID_BACKGROUND
  2
AcDbSolidBackground
  3
SCENEOE
 90
     4095
 91
        0
280
     0
281
     0
  0
ENDSEC
  0
SECTION
  2
TABLES
  0
TABLE
  2
VPORT
  5
29
102
{ACAD_XDICTIONARY
360
2E
102
}
330
0
100
AcDbSymbolTable
 70
     1
  0
VPORT
  5
2A
330
29
100
AcDbSymbolTableRecord
100
AcDbViewportTableRecord
  2
*Active
 70
     0
 10
0.0
 20
0.0
 11
1.0
 21
1.0
 12
-383150.9729964333
 22
-535257.7617474746
 13
0.0
 23
0.0
 14
300.0
 24
300.0
 15
3000.0
 25
3000.0
 16
0.0
 26
0.0
 36
1.0
 17
0.0
 27
0.0
 37
0.0
 40
55241.52095907496
 41
2.318866787221217
 42
50.0
 43
0.0
 44
0.0
 50
0.0
 51
0.0
 71
     0
 72
   100
 73
     1
 74
     1
 75
     0
 76
     0
 77
     0
 78
     0
281
     0
 65
     1
110
0.0
120
0.0
130
0.0
111
1.0
121
0.0
131
0.0
112
0.0
122
1.0
132
0.0
 79
     0
146
0.0
348
2B
 60
     3
 61
     5
292
     1
282
     1
141
0.0
142
0.0
 63
   250
421
  3355443
1001
ACAD_NAV_VCDISPLAY
1070
     3
  0
ENDTAB
  0
TABLE
  2
LTYPE
  5
24
330
0
100
AcDbSymbolTable
 70
     2
  0
LTYPE
  5
25
330
24
100
AcDbSymbolTableRecord
100
AcDbLinetypeTableRecord
  2
BYBLOCK
 70
     0
  3

 72
    65
 73
     0
 40
0.0
  0
LTYPE
  5
26
330
24
100
AcDbSymbolTableRecord
100
AcDbLinetypeTableRecord
  2
BYLAYER
 70
     0
  3

 72
    65
 73
     0
 40
0.0
  0
LTYPE
  5
E
330
24
100
AcDbSymbolTableRecord
100
AcDbLinetypeTableRecord
  2
CONTINUOUS
 70
     0
  3
Solid line
 72
    65
 73
     0
 40
0.0
  0
LTYPE
  5
89
330
24
100
AcDbSymbolTableRecord
100
AcDbLinetypeTableRecord
  2
HIDDEN
 70
     0
  3
__ __ __ __ __ __ __ __ __ __ __ __ __ __ __ __
 72
    65
 73
     2
 40
7.0
 49
5.0
 74
     0
 49
-2.0
 74
     0
  0
ENDTAB
  0
TABLE
  2
LAYER
  5
1A
102
{ACAD_XDICTIONARY
360
1B
102
}
330
0
100
AcDbSymbolTable
 70
    20
  0
LAYER
  5
6
102
{ACAD_XDICTIONARY
360
7
102
}
330
1A
100
AcDbSymbolTableRecord
100
AcDbLayerTableRecord
  2
0
 70
     0
 62
     7
  6
CONTINUOUS
370
    -3
390
9
347
C
348
0
1001
RAK
1000
{ACET-LAYISO
1070
     0
1070
     7
1000
CONTINUOUS
1071
       -3
1071
        1
1005
9
1000
ACET-LAYISO}
1001
_LayerManage
1070
     0
1070
     0
1070
     0
  0
LAYER
  5
FA
330
1A
100
AcDbSymbolTableRecord
100
AcDbLayerTableRecord
  2
Defpoints
 70
     0
 62
     7
  6
CONTINUOUS
290
     0
370
    -3
390
9
347
C
348
0
1001
RAK
1000
{ACET-LAYISO
1070
     0
1070
     7
1000
CONTINUOUS
1071
       -3
1071
        0
1005
9
1000
ACET-LAYISO}
1001
_LayerManage
1070
     0
1070
     0
1070
     0
  0
LAYER
  5
5B
102
{ACAD_XDICTIONARY
360
5C
102
}
330
1A
100
AcDbSymbolTableRecord
100
AcDbLayerTableRecord
  2
WALL
 70
     0
 62
     2
  6
CONTINUOUS
370
    -3
390
9
347
C
348
0
1001
RAK
1000
{ACET-LAYISO
1070
     0
1070
   151
1000
CONTINUOUS
1071
       -3
1071
        1
1005
9
1000
ACET-LAYISO}
1001
_LayerManage
1070
     0
1070
     0
1070
     0
  0
LAYER
  5
EE
102
{ACAD_XDICTIONARY
360
EF
102
}
330
1A
100
AcDbSymbolTableRecord
100
AcDbLayerTableRecord
  2
PUB_DIM
 70
     0
 62
    -3
  6
CONTINUOUS
370
    -3
390
9
347
C
348
0
1001
RAK
1000
{ACET-LAYISO
1070
     0
1070
     3
1000
CONTINUOUS
1071
       -3
1071
        1
1005
9
1000
ACET-LAYISO}
1001
_LayerManage
1070
     0
1070
     0
1070
     0
  0
LAYER
  5
6FF
102
{ACAD_XDICTIONARY
360
700
102
}
330
1A
100
AcDbSymbolTableRecord
100
AcDbLayerTableRecord
  2
STAIR
 70
     0
 62
     3
  6
CONTINUOUS
370
    -3
390
9
347
C
348
0
1001
RAK
1000
{ACET-LAYISO
1070
     0
1070
     2
1000
CONTINUOUS
1071
       -3
1071
        1
1005
9
1000
ACET-LAYISO}
1001
_LayerManage
1070
     0
1070
     0
1070
     0
  0
LAYER
  5
8E
102
{ACAD_XDICTIONARY
360
8F
102
}
330
1A
100
AcDbSymbolTableRecord
100
AcDbLayerTableRecord
  2
WINDOW
 70
     0
 62
     3
  6
CONTINUOUS
370
    -3
390
9
347
C
348
0
1001
RAK
1000
{ACET-LAYISO
1070
     0
1070
     3
1000
CONTINUOUS
1071
       -3
1071
        1
1005
9
1000
ACET-LAYISO}
1001
_LayerManage
1070
     0
1070
     0
1070
     0
  0
LAYER
  5
98
102
{ACAD_XDICTIONARY
360
99
102
}
330
1A
100
AcDbSymbolTableRecord
100
AcDbLayerTableRecord
  2
WINDOW_TEXT
 70
     0
 62
     7
  6
CONTINUOUS
370
    -3
390
9
347
C
348
0
1001
RAK
1000
{ACET-LAYISO
1070
     1
1070
     7
1000
CONTINUOUS
1071
       -3
1071
        1
1005
9
1000
ACET-LAYISO}
1001
_LayerManage
1070
     0
1070
     0
1070
     0
  0
LAYER
  5
BD
102
{ACAD_XDICTIONARY
360
BE
102
}
330
1A
100
AcDbSymbolTableRecord
100
AcDbLayerTableRecord
  2
JJ
 70
     0
 62
    31
  6
CONTINUOUS
370
    -3
390
9
347
C
348
0
1001
RAK
1000
{ACET-LAYISO
1070
     0
1070
    31
1000
CONTINUOUS
1071
       -3
1071
        1
1005
9
1000
ACET-LAYISO}
1001
_LayerManage
1070
     0
1070
     0
1070
     0
  0
LAYER
  5
966
102
{ACAD_XDICTIONARY
360
967
102
}
330
1A
100
AcDbSymbolTableRecord
100
AcDbLayerTableRecord
  2
DIM
 70
     0
 62
    -3
  6
CONTINUOUS
370
    -3
390
9
347
C
348
0
1001
RAK
1000
{ACET-LAYISO
1070
     0
1070
     3
1000
CONTINUOUS
1071
       -3
1071
        1
1005
9
1000
ACET-LAYISO}
1001
_LayerManage
1070
     0
1070
     0
1070
     0
  0
LAYER
  5
A7
102
{ACAD_XDICTIONARY
360
A8
102
}
330
1A
100
AcDbSymbolTableRecord
100
AcDbLayerTableRecord
  2
WIN
 70
     0
 62
     4
  6
CONTINUOUS
370
    -3
390
9
347
C
348
0
1001
RAK
1000
{ACET-LAYISO
1070
     0
1070
     4
1000
CONTINUOUS
1071
       -3
1071
        1
1005
9
1000
ACET-LAYISO}
1001
_LayerManage
1070
     0
1070
     0
1070
     0
  0
LAYER
  5
985
102
{ACAD_XDICTIONARY
360
986
102
}
330
1A
100
AcDbSymbolTableRecord
100
AcDbLayerTableRecord
  2
DIM1
 70
     0
 62
     2
  6
CONTINUOUS
370
    -3
390
9
347
C
348
0
1001
RAK
1000
{ACET-LAYISO
1070
     0
1070
     2
1000
CONTINUOUS
1071
       -3
1071
        1
1005
9
1000
ACET-LAYISO}
1001
_LayerManage
1070
     0
1070
     0
1070
     0
  0
LAYER
  5
B9
102
{ACAD_XDICTIONARY
360
BA
102
}
330
1A
100
AcDbSymbolTableRecord
100
AcDbLayerTableRecord
  2
HA
 70
     0
 62
    -8
  6
CONTINUOUS
370
    -3
390
9
347
C
348
0
1001
_LayerManage
1070
     0
1070
     0
1070
     0
  0
LAYER
  5
426
102
{ACAD_XDICTIONARY
360
427
102
}
330
1A
100
AcDbSymbolTableRecord
100
AcDbLayerTableRecord
  2
DXZ
 70
     0
 62
     7
  6
CONTINUOUS
370
    -3
390
9
347
C
348
0
1001
_LayerManage
1070
     0
1070
     0
1070
     0
  0
LAYER
  5
AE
102
{ACAD_XDICTIONARY
360
AF
102
}
330
1A
100
AcDbSymbolTableRecord
100
AcDbLayerTableRecord
  2
PWINDOW
 70
     0
 62
     2
  6
CONTINUOUS
370
    -3
390
9
347
C
348
0
1001
_LayerManage
1070
     0
1070
     0
1070
     0
  0
LAYER
  5
37A
102
{ACAD_XDICTIONARY
360
37B
102
}
330
1A
100
AcDbSymbolTableRecord
100
AcDbLayerTableRecord
  2
DOOR
 70
     0
 62
     1
  6
CONTINUOUS
370
    -3
390
9
347
C
348
0
1001
_LayerManage
1070
     0
1070
     0
1070
     0
  0
LAYER
  5
981
102
{ACAD_XDICTIONARY
360
982
102
}
330
1A
100
AcDbSymbolTableRecord
100
AcDbLayerTableRecord
  2
UTIL
 70
     0
 62
     4
  6
CONTINUOUS
370
    -3
390
9
347
C
348
0
1001
_LayerManage
1070
     0
1070
     0
1070
     0
  0
LAYER
  5
69B
102
{ACAD_XDICTIONARY
360
69C
102
}
330
1A
100
AcDbSymbolTableRecord
100
AcDbLayerTableRecord
  2
1
 70
     0
 62
   142
  6
CONTINUOUS
370
    -3
390
9
347
C
348
0
1001
_LayerManage
1070
     0
1070
     0
1070
     0
  0
LAYER
  5
B2
102
{ACAD_XDICTIONARY
360
B3
102
}
330
1A
100
AcDbSymbolTableRecord
100
AcDbLayerTableRecord
  2
ARCH
 70
     0
 62
     2
  6
CONTINUOUS
370
    -3
390
9
347
C
348
0
1001
_LayerManage
1070
     0
1070
     0
1070
     0
  0
LAYER
  5
181
102
{ACAD_XDICTIONARY
360
182
102
}
330
1A
100
AcDbSymbolTableRecord
100
AcDbLayerTableRecord
  2
CTEXT
 70
     0
 62
     4
  6
CONTINUOUS
370
    -3
390
9
347
C
348
0
1001
_LayerManage
1070
     0
1070
     0
1070
     0
  0
LAYER
  5
86
102
{ACAD_XDICTIONARY
360
87
102
}
330
1A
100
AcDbSymbolTableRecord
100
AcDbLayerTableRecord
  2
HI
 70
     0
 62
    -1
  6
HIDDEN
370
    -3
390
9
347
C
348
0
1001
_LayerManage
1070
     0
1070
     0
1070
     0
  0
ENDTAB
  0
TABLE
  2
STYLE
  5
20
330
0
100
AcDbSymbolTable
 70
     8
  0
STYLE
  5
21
330
20
100
AcDbSymbolTableRecord
100
AcDbTextStyleTableRecord
  2
STANDARD
 70
     0
 40
0.0
 41
1.0
 50
0.0
 71
     0
 42
0.2
  3
GBENOR
  4
GBCBIG
1001
_TCH
1040
1.0
1040
0.6
  0
STYLE
  5
5E
330
20
100
AcDbSymbolTableRecord
100
AcDbTextStyleTableRecord
  2
DIM_FONT
 70
     0
 40
0.0
 41
0.7
 50
0.0
 71
     0
 42
1500.0
  3
ROMAND.shx
  4

  0
STYLE
  5
3BD
330
20
100
AcDbSymbolTableRecord
100
AcDbTextStyleTableRecord
  2
HZ
 70
     0
 40
0.0
 41
0.8
 50
0.0
 71
     0
 42
0.2
  3

  4

1001
ACAD
1000
FangSong_GB2312
1071
    34353
  0
STYLE
  5
9B
330
20
100
AcDbSymbolTableRecord
100
AcDbTextStyleTableRecord
  2
SIMPLEX
 70
     0
 40
0.0
 41
1.0
 50
0.0
 71
     0
 42
0.2
  3
SIMPLEX.SHX
  4

  0
STYLE
  5
6E7
330
20
100
AcDbSymbolTableRecord
100
AcDbTextStyleTableRecord
  2
ATT
 70
     0
 40
0.0
 41
1.0
 50
0.0
 71
     0
 42
3.0
  3
TXT
  4

  0
STYLE
  5
9E
330
20
100
AcDbSymbolTableRecord
100
AcDbTextStyleTableRecord
  2
_SIMPLEX
 70
     0
 40
0.0
 41
0.8
 50
0.0
 71
     0
 42
300.0
  3
SIMPLEX.shx
  4

  0
STYLE
  5
184
330
20
100
AcDbSymbolTableRecord
100
AcDbTextStyleTableRecord
  2
_FSD
 70
     0
 40
0.0
 41
0.8
 50
0.0
 71
     0
 42
175.0
  3
simplex.shx
  4
hztxt0.shx
  0
STYLE
  5
32
330
20
100
AcDbSymbolTableRecord
100
AcDbTextStyleTableRecord
  2
_TCH_DIM_T3
 70
     0
 40
0.0
 41
0.7058823529411767
 50
0.0
 71
     0
 42
0.2
  3
SIMPLEX
  4
GBCBIG
1001
_TCH
1040
0.85
1040
0.6
1070
     7
  0
ENDTAB
  0
TABLE
  2
VIEW
  5
27
330
0
100
AcDbSymbolTable
 70
     0
  0
ENDTAB
  0
TABLE
  2
UCS
  5
28
330
0
100
AcDbSymbolTable
 70
     0
  0
ENDTAB
  0
TABLE
  2
APPID
  5
2F
330
0
100
AcDbSymbolTable
 70
     8
  0
APPID
  5
1F
330
2F
100
AcDbSymbolTableRecord
100
AcDbRegAppTableRecord
  2
ACAD
 70
     0
  0
APPID
  5
22
330
2F
100
AcDbSymbolTableRecord
100
AcDbRegAppTableRecord
  2
_TCH
 70
     0
  0
APPID
  5
F
330
2F
100
AcDbSymbolTableRecord
100
AcDbRegAppTableRecord
  2
RAK
 70
     0
  0
APPID
  5
15
330
2F
100
AcDbSymbolTableRecord
100
AcDbRegAppTableRecord
  2
ACAD_PSEXT
 70
     0
  0
APPID
  5
A0
330
2F
100
AcDbSymbolTableRecord
100
AcDbRegAppTableRecord
  2
WTHICK
 70
     0
  0
APPID
  5
6F8
330
2F
100
AcDbSymbolTableRecord
100
AcDbRegAppTableRecord
  2
_KTI_ARCHT
 70
     0
  0
APPID
  5
10
330
2F
100
AcDbSymbolTableRecord
100
AcDbRegAppTableRecord
  2
_LayerManage
 70
     0
  0
APPID
  5
2D
330
2F
100
AcDbSymbolTableRecord
100
AcDbRegAppTableRecord
  2
ACAD_NAV_VCDISPLAY
 70
     0
  0
ENDTAB
  0
TABLE
  2
DIMSTYLE
  5
30
330
0
100
AcDbSymbolTable
 70
     5
100
AcDbDimStyleTable
 71
     4
340
31
340
39
340
44
340
45
  0
DIMSTYLE
105
39
330
30
100
AcDbSymbolTableRecord
100
AcDbDimStyleTableRecord
  2
NORMAL
 70
     0
 41
50.0
 42
200.0
 43
0.0
 44
50.0
 73
     0
 74
     0
 77
     1
140
150.0
141
0.0
146
3.333333333333333
147
75.0
172
     1
173
     1
174
     1
176
   191
177
   191
178
   256
340
21
341
3A
342
3F
343
3A
344
3A
  0
DIMSTYLE
105
FE
102
{ACAD_REACTORS
330
ED
330
106
330
121
330
196
330
1A3
330
1B3
330
1C0
330
1CD
330
1DA
330
1E7
330
22B
330
23B
330
2A7
330
2B9
330
2CA
330
2D7
330
2E4
330
2F1
330
2FE
330
310
330
31D
330
32A
330
337
330
344
330
C61
330
C6E
330
C7B
330
C88
330
C97
330
CA4
330
CB1
330
CBE
330
CCB
330
CD8
330
CE5
330
CFC
330
D09
330
D16
330
D23
330
D30
330
D3D
330
DA4
330
DB3
330
DC0
330
DCD
330
DDA
330
E5B
102
}
330
30
100
AcDbSymbolTableRecord
100
AcDbDimStyleTableRecord
  2
AXIS150
 70
     0
 40
1.5
 41
150.0
 42
0.0
 43
0.0
 44
250.0
 46
100.0
 73
     0
 74
     0
 77
     1
140
300.0
141
200.0
147
150.0
172
     1
173
     1
174
     1
176
     3
177
     3
178
     4
271
     0
272
     0
279
     2
340
5E
341
33
342
FF
343
33
344
33
  0
DIMSTYLE
105
44
330
30
100
AcDbSymbolTableRecord
100
AcDbDimStyleTableRecord
  2
_TCH_ARCH&&100
 70
     0
 41
100.0
 42
300.0
 43
0.0
 44
250.0
 73
     0
 74
     0
 77
     1
 79
     2
140
297.5
147
126.25
172
     1
174
     1
178
     7
179
     2
271
     0
272
     0
279
     2
340
32
341
33
342
33
  0
DIMSTYLE
105
45
330
30
100
AcDbSymbolTableRecord
100
AcDbDimStyleTableRecord
  2
_TCH_ARCH&&150
 70
     0
 41
150.0
 42
450.0
 43
0.0
 44
375.0
 73
     0
 74
     0
 77
     1
 79
     2
140
446.25
147
189.375
172
     1
174
     1
178
     7
179
     2
271
     0
272
     0
279
     2
340
32
341
33
342
33
  0
DIMSTYLE
105
31
330
30
100
AcDbSymbolTableRecord
100
AcDbDimStyleTableRecord
  2
_TCH_ARCH&&200
 70
     0
 41
200.0
 42
600.0
 43
0.0
 44
500.0
 73
     0
 74
     0
 77
     1
 79
     2
140
595.0
147
252.5
172
     1
174
     1
178
     7
179
     2
271
     0
272
     0
279
     2
340
32
341
33
342
33
  0
ENDTAB
  0
TABLE
  2
BLOCK_RECORD
  5
1
330
0
100
AcDbSymbolTable
 70
    78
  0
BLOCK_RECORD
  5
2
102
{ACAD_XDICTIONARY
360
3
102
}
330
1
100
AcDbSymbolTableRecord
100
AcDbBlockTableRecord
  2
*MODEL_SPACE
340
12
 70
     0
280
     1
281
     0
  0
BLOCK_RECORD
  5
16
330
1
100
AcDbSymbolTableRecord
100
AcDbBlockTableRecord
  2
*PAPER_SPACE
340
19
 70
     0
280
     1
281
     0
  0
BLOCK_RECORD
  5
FF
102
{ACAD_XDICTIONARY
360
100
102
}
330
1
100
AcDbSymbolTableRecord
100
AcDbBlockTableRecord
  2
_DIMX
340
0
 70
     0
280
     1
281
     0
  0
BLOCK_RECORD
  5
40A
102
{ACAD_XDICTIONARY
360
40B
102
}
330
1
100
AcDbSymbolTableRecord
100
AcDbBlockTableRecord
  2
_WBLK
340
0
102
{BLKREFS
331
409
331
F03
102
}
 70
     0
280
     1
281
     0
  0
BLOCK_RECORD
  5
91
102
{ACAD_XDICTIONARY
360
92
102
}
330
1
100
AcDbSymbolTableRecord
100
AcDbBlockTableRecord
  2
_DBLK
340
0
102
{BLKREFS
331
F28
331
F45
331
F4F
331
E08
331
EFF
331
D7A
331
C1F
331
B1D
331
A32
331
A3A
331
A4C
331
3EA
331
406
331
399
331
445
331
119
331
11E
331
A3
331
8D
102
}
 70
     0
280
     1
281
     0
  0
BLOCK_RECORD
  5
6E4
330
1
100
AcDbSymbolTableRecord
100
AcDbBlockTableRecord
  2
11PDRY03
340
0
102
{BLKREFS
331
6E3
102
}
 70
     0
280
     1
281
     0
  0
BLOCK_RECORD
  5
3A
330
1
100
AcDbSymbolTableRecord
100
AcDbBlockTableRecord
  2
_DOT
340
0
 70
     0
280
     1
281
     0
  0
BLOCK_RECORD
  5
3F
330
1
100
AcDbSymbolTableRecord
100
AcDbBlockTableRecord
  2
DOT
340
0
 70
     0
280
     1
281
     0
  0
BLOCK_RECORD
  5
383
330
1
100
AcDbSymbolTableRecord
100
AcDbBlockTableRecord
  2
M_A17ORW
340
0
102
{BLKREFS
331
FB3
331
BA1
331
C03
331
B29
331
AAD
331
382
102
}
 70
     0
280
     1
281
     0
  0
BLOCK_RECORD
  5
672
330
1
100
AcDbSymbolTableRecord
100
AcDbBlockTableRecord
  2
M_C56KIS
340
0
102
{BLKREFS
331
671
102
}
 70
     0
280
     1
281
     0
  0
BLOCK_RECORD
  5
E7D
330
1
100
AcDbSymbolTableRecord
100
AcDbBlockTableRecord
  2
11PWSH03
340
0
102
{BLKREFS
331
E7C
102
}
 70
     0
280
     1
281
     0
  0
BLOCK_RECORD
  5
33
102
{ACAD_XDICTIONARY
360
34
102
}
330
1
100
AcDbSymbolTableRecord
100
AcDbBlockTableRecord
  2
_ARCHTICK
340
0
102
{BLKREFS
331
E61
331
E62
331
DAC
331
DAD
331
DB9
331
DBA
331
DD3
331
DD4
331
DE0
331
DE1
331
D29
331
D2A
331
D45
331
D46
331
CAB
331
CAC
331
CC4
331
CC5
331
CD1
331
CD2
331
CEB
331
CEC
331
D02
331
D03
331
D1C
331
D1D
331
C74
331
C75
331
C81
331
C82
331
1B9
331
1BA
331
1D3
331
1D4
331
F6
331
F7
331
10C
331
10D
331
128
331
C9D
331
C9E
331
34A
331
34B
331
2DD
331
2DE
331
2EA
331
2EB
331
306
331
307
331
323
331
324
331
33D
331
33E
331
2AD
331
2AE
331
2C1
331
2C2
331
1EF
331
1F0
331
231
331
232
331
241
331
242
331
19C
331
19D
331
1A9
331
1AA
331
2D0
331
2D1
331
2F7
331
2F8
331
316
331
317
331
330
331
331
331
C67
331
C68
331
C90
331
C91
331
127
331
1C6
331
1C7
331
1E0
331
1E1
331
CB7
331
CB8
331
CDE
331
CDF
331
D0F
331
D10
331
D36
331
D37
331
DC6
331
DC7
102
}
 70
     0
280
     1
281
     0
  0
BLOCK_RECORD
  5
3D0
330
1
100
AcDbSymbolTableRecord
100
AcDbBlockTableRecord
  2
_C61
340
0
102
{BLKREFS
331
3CF
102
}
 70
     0
280
     1
281
     0
  0
BLOCK_RECORD
  5
3AB
330
1
100
AcDbSymbolTableRecord
100
AcDbBlockTableRecord
  2
_C17
340
0
102
{BLKREFS
331
3AA
102
}
 70
     0
280
     1
281
     0
  0
BLOCK_RECORD
  5
46B
330
1
100
AcDbSymbolTableRecord
100
AcDbBlockTableRecord
  2
DZY1
340
0
102
{BLKREFS
331
EE7
331
B6C
331
A1B
331
46A
102
}
 70
     0
280
     1
281
     0
  0
BLOCK_RECORD
  5
352
330
1
100
AcDbSymbolTableRecord
100
AcDbBlockTableRecord
  2
_C38
340
0
102
{BLKREFS
331
368
331
36C
331
EDC
331
CF2
331
CF6
331
351
102
}
 70
     0
280
     1
281
     0
  0
BLOCK_RECORD
  5
1FC
330
1
100
AcDbSymbolTableRecord
100
AcDbBlockTableRecord
  2
SZ2
340
0
102
{BLKREFS
331
F1C
331
DEC
331
DF2
331
EEC
331
D4C
331
D5D
331
A62
331
9B4
331
9B7
331
3F5
331
41C
331
429
331
29E
331
1FB
331
F2B
102
}
 70
     0
280
     1
281
     0
  0
BLOCK_RECORD
  5
C0
330
1
100
AcDbSymbolTableRecord
100
AcDbBlockTableRecord
  2
RC31
340
0
102
{BLKREFS
331
370
331
E6
331
18B
331
367
331
EE0
331
BC
102
}
 70
     0
280
     1
281
     0
  0
BLOCK_RECORD
  5
3A8
330
1
100
AcDbSymbolTableRecord
100
AcDbBlockTableRecord
  2
RDC1
340
0
102
{BLKREFS
331
F87
331
E18
331
E6E
331
E71
331
EF3
331
D87
331
A5D
331
9A9
331
6BA
331
3A7
102
}
 70
     0
280
     1
281
     0
  0
BLOCK_RECORD
  5
641
330
1
100
AcDbSymbolTableRecord
100
AcDbBlockTableRecord
  2
TV22
340
0
102
{BLKREFS
331
BC1
331
BFE
331
B01
331
99F
331
640
331
6AA
102
}
 70
     0
280
     1
281
     0
  0
BLOCK_RECORD
  5
6E1
330
1
100
AcDbSymbolTableRecord
100
AcDbBlockTableRecord
  2
DBX1
340
0
102
{BLKREFS
331
FD5
331
B97
331
A9C
331
C1B
331
B1C
331
6E0
102
}
 70
     0
280
     1
281
     0
  0
BLOCK_RECORD
  5
4E1
330
1
100
AcDbSymbolTableRecord
100
AcDbBlockTableRecord
  2
SFJ15
340
0
102
{BLKREFS
331
BFA
331
B02
331
FDE
331
BBE
331
63F
331
4E0
102
}
 70
     0
280
     1
281
     0
  0
BLOCK_RECORD
  5
257
330
1
100
AcDbSymbolTableRecord
100
AcDbBlockTableRecord
  2
WP3
340
0
102
{BLKREFS
331
D82
331
F90
331
F9F
331
E14
331
BC8
331
A6B
331
6D2
331
45D
331
256
102
}
 70
     0
280
     1
281
     0
  0
BLOCK_RECORD
  5
25A
330
1
100
AcDbSymbolTableRecord
100
AcDbBlockTableRecord
  2
CM011
340
0
102
{BLKREFS
331
259
102
}
 70
     0
280
     1
281
     0
  0
BLOCK_RECORD
  5
279
330
1
100
AcDbSymbolTableRecord
100
AcDbBlockTableRecord
  2
YP2
340
0
102
{BLKREFS
331
45C
331
F22
331
278
102
}
 70
     0
280
     1
281
     0
  0
BLOCK_RECORD
  5
A86
330
1
100
AcDbSymbolTableRecord
100
AcDbBlockTableRecord
  2
DT
340
0
102
{BLKREFS
331
B7B
331
A85
331
A8D
102
}
 70
     0
280
     1
281
     0
  0
BLOCK_RECORD
  5
969
330
1
100
AcDbSymbolTableRecord
100
AcDbBlockTableRecord
  2
SHC
340
0
102
{BLKREFS
331
BBB
331
C27
331
AF1
331
B3D
331
FB7
331
965
102
}
 70
     0
280
     1
281
     0
  0
BLOCK_RECORD
  5
97E
330
1
100
AcDbSymbolTableRecord
100
AcDbBlockTableRecord
  2
2
340
0
102
{BLKREFS
331
B42
331
BB2
331
AED
331
97D
331
FD8
331
C1A
102
}
 70
     0
280
     1
281
     0
  0
BLOCK_RECORD
  5
702
330
1
100
AcDbSymbolTableRecord
100
AcDbBlockTableRecord
  2
_F0LWN
340
0
102
{BLKREFS
331
FAC
331
B24
331
BFF
331
B93
331
A98
331
6FE
102
}
 70
     0
280
     1
281
     0
  0
BLOCK_RECORD
  5
132
330
1
100
AcDbSymbolTableRecord
100
AcDbBlockTableRecord
  2
A$C02A60504
340
0
102
{BLKREFS
331
131
102
}
 70
     0
280
     1
281
     0
  0
BLOCK_RECORD
  5
12F
330
1
100
AcDbSymbolTableRecord
100
AcDbBlockTableRecord
  2
A$C431C2F8F
340
0
102
{BLKREFS
331
17F
331
12E
102
}
 70
     0
280
     1
281
     0
  0
BLOCK_RECORD
  5
66F
330
1
100
AcDbSymbolTableRecord
100
AcDbBlockTableRecord
  2
HUA
340
0
102
{BLKREFS
331
EB8
331
EB9
331
BDE
331
C2E
331
C35
331
AFF
331
66E
331
6A0
331
B00
331
999
331
99A
331
69F
102
}
 70
     0
280
     1
281
     0
  0
BLOCK_RECORD
  5
E77
330
1
100
AcDbSymbolTableRecord
100
AcDbBlockTableRecord
  2
WW
340
0
102
{BLKREFS
331
EA1
331
EA6
331
EAC
331
EB3
331
E76
331
F96
102
}
 70
     0
280
     1
281
     0
  0
BLOCK_RECORD
  5
F1
330
1
100
AcDbSymbolTableRecord
100
AcDbBlockTableRecord
  2
*D31
340
0
 70
     0
280
     1
281
     0
  0
BLOCK_RECORD
  5
107
330
1
100
AcDbSymbolTableRecord
100
AcDbBlockTableRecord
  2
*D32
340
0
 70
     0
280
     1
281
     0
  0
BLOCK_RECORD
  5
122
330
1
100
AcDbSymbolTableRecord
100
AcDbBlockTableRecord
  2
*D33
340
0
 70
     0
280
     1
281
     0
  0
BLOCK_RECORD
  5
197
330
1
100
AcDbSymbolTableRecord
100
AcDbBlockTableRecord
  2
*D34
340
0
 70
     0
280
     1
281
     0
  0
BLOCK_RECORD
  5
1A4
330
1
100
AcDbSymbolTableRecord
100
AcDbBlockTableRecord
  2
*D35
340
0
 70
     0
280
     1
281
     0
  0
BLOCK_RECORD
  5
1B4
330
1
100
AcDbSymbolTableRecord
100
AcDbBlockTableRecord
  2
*D36
340
0
 70
     0
280
     1
281
     0
  0
BLOCK_RECORD
  5
1C1
330
1
100
AcDbSymbolTableRecord
100
AcDbBlockTableRecord
  2
*D37
340
0
 70
     0
280
     1
281
     0
  0
BLOCK_RECORD
  5
1CE
330
1
100
AcDbSymbolTableRecord
100
AcDbBlockTableRecord
  2
*D38
340
0
 70
     0
280
     1
281
     0
  0
BLOCK_RECORD
  5
1DB
330
1
100
AcDbSymbolTableRecord
100
AcDbBlockTableRecord
  2
*D39
340
0
 70
     0
280
     1
281
     0
  0
BLOCK_RECORD
  5
1E8
330
1
100
AcDbSymbolTableRecord
100
AcDbBlockTableRecord
  2
*D40
340
0
 70
     0
280
     1
281
     0
  0
BLOCK_RECORD
  5
22C
330
1
100
AcDbSymbolTableRecord
100
AcDbBlockTableRecord
  2
*D41
340
0
 70
     0
280
     1
281
     0
  0
BLOCK_RECORD
  5
23C
330
1
100
AcDbSymbolTableRecord
100
AcDbBlockTableRecord
  2
*D42
340
0
 70
     0
280
     1
281
     0
  0
BLOCK_RECORD
  5
2A8
330
1
100
AcDbSymbolTableRecord
100
AcDbBlockTableRecord
  2
*D43
340
0
 70
     0
280
     1
281
     0
  0
BLOCK_RECORD
  5
2BA
330
1
100
AcDbSymbolTableRecord
100
AcDbBlockTableRecord
  2
*D44
340
0
 70
     0
280
     1
281
     0
  0
BLOCK_RECORD
  5
2CB
330
1
100
AcDbSymbolTableRecord
100
AcDbBlockTableRecord
  2
*D45
340
0
 70
     0
280
     1
281
     0
  0
BLOCK_RECORD
  5
2D8
330
1
100
AcDbSymbolTableRecord
100
AcDbBlockTableRecord
  2
*D46
340
0
 70
     0
280
     1
281
     0
  0
BLOCK_RECORD
  5
2E5
330
1
100
AcDbSymbolTableRecord
100
AcDbBlockTableRecord
  2
*D47
340
0
 70
     0
280
     1
281
     0
  0
BLOCK_RECORD
  5
2F2
330
1
100
AcDbSymbolTableRecord
100
AcDbBlockTableRecord
  2
*D48
340
0
 70
     0
280
     1
281
     0
  0
BLOCK_RECORD
  5
2FF
330
1
100
AcDbSymbolTableRecord
100
AcDbBlockTableRecord
  2
*D49
340
0
 70
     0
280
     1
281
     0
  0
BLOCK_RECORD
  5
311
330
1
100
AcDbSymbolTableRecord
100
AcDbBlockTableRecord
  2
*D50
340
0
 70
     0
280
     1
281
     0
  0
BLOCK_RECORD
  5
31E
330
1
100
AcDbSymbolTableRecord
100
AcDbBlockTableRecord
  2
*D51
340
0
 70
     0
280
     1
281
     0
  0
BLOCK_RECORD
  5
32B
330
1
100
AcDbSymbolTableRecord
100
AcDbBlockTableRecord
  2
*D52
340
0
 70
     0
280
     1
281
     0
  0
BLOCK_RECORD
  5
338
330
1
100
AcDbSymbolTableRecord
100
AcDbBlockTableRecord
  2
*D53
340
0
 70
     0
280
     1
281
     0
  0
BLOCK_RECORD
  5
345
330
1
100
AcDbSymbolTableRecord
100
AcDbBlockTableRecord
  2
*D54
340
0
 70
     0
280
     1
281
     0
  0
BLOCK_RECORD
  5
C62
330
1
100
AcDbSymbolTableRecord
100
AcDbBlockTableRecord
  2
*D55
340
0
 70
     0
280
     1
281
     0
  0
BLOCK_RECORD
  5
C6F
330
1
100
AcDbSymbolTableRecord
100
AcDbBlockTableRecord
  2
*D56
340
0
 70
     0
280
     1
281
     0
  0
BLOCK_RECORD
  5
C7C
330
1
100
AcDbSymbolTableRecord
100
AcDbBlockTableRecord
  2
*D57
340
0
 70
     0
280
     1
281
     0
  0
BLOCK_RECORD
  5
C89
330
1
100
AcDbSymbolTableRecord
100
AcDbBlockTableRecord
  2
*D58
340
0
 70
     0
280
     1
281
     0
  0
BLOCK_RECORD
  5
C98
330
1
100
AcDbSymbolTableRecord
100
AcDbBlockTableRecord
  2
*D59
340
0
 70
     0
280
     1
281
     0
  0
BLOCK_RECORD
  5
CA5
330
1
100
AcDbSymbolTableRecord
100
AcDbBlockTableRecord
  2
*D60
340
0
 70
     0
280
     1
281
     0
  0
BLOCK_RECORD
  5
CB2
330
1
100
AcDbSymbolTableRecord
100
AcDbBlockTableRecord
  2
*D61
340
0
 70
     0
280
     1
281
     0
  0
BLOCK_RECORD
  5
CBF
330
1
100
AcDbSymbolTableRecord
100
AcDbBlockTableRecord
  2
*D62
340
0
 70
     0
280
     1
281
     0
  0
BLOCK_RECORD
  5
CCC
330
1
100
AcDbSymbolTableRecord
100
AcDbBlockTableRecord
  2
*D63
340
0
 70
     0
280
     1
281
     0
  0
BLOCK_RECORD
  5
CD9
330
1
100
AcDbSymbolTableRecord
100
AcDbBlockTableRecord
  2
*D64
340
0
 70
     0
280
     1
281
     0
  0
BLOCK_RECORD
  5
CE6
330
1
100
AcDbSymbolTableRecord
100
AcDbBlockTableRecord
  2
*D65
340
0
 70
     0
280
     1
281
     0
  0
BLOCK_RECORD
  5
CFD
330
1
100
AcDbSymbolTableRecord
100
AcDbBlockTableRecord
  2
*D66
340
0
 70
     0
280
     1
281
     0
  0
BLOCK_RECORD
  5
D0A
330
1
100
AcDbSymbolTableRecord
100
AcDbBlockTableRecord
  2
*D67
340
0
 70
     0
280
     1
281
     0
  0
BLOCK_RECORD
  5
D17
330
1
100
AcDbSymbolTableRecord
100
AcDbBlockTableRecord
  2
*D68
340
0
 70
     0
280
     1
281
     0
  0
BLOCK_RECORD
  5
D24
330
1
100
AcDbSymbolTableRecord
100
AcDbBlockTableRecord
  2
*D69
340
0
 70
     0
280
     1
281
     0
  0
BLOCK_RECORD
  5
D31
330
1
100
AcDbSymbolTableRecord
100
AcDbBlockTableRecord
  2
*D70
340
0
 70
     0
280
     1
281
     0
  0
BLOCK_RECORD
  5
D3E
330
1
100
AcDbSymbolTableRecord
100
AcDbBlockTableRecord
  2
*D71
340
0
 70
     0
280
     1
281
     0
  0
BLOCK_RECORD
  5
DA5
330
1
100
AcDbSymbolTableRecord
100
AcDbBlockTableRecord
  2
*D72
340
0
 70
     0
280
     1
281
     0
  0
BLOCK_RECORD
  5
DB4
330
1
100
AcDbSymbolTableRecord
100
AcDbBlockTableRecord
  2
*D73
340
0
 70
     0
280
     1
281
     0
  0
BLOCK_RECORD
  5
DC1
330
1
100
AcDbSymbolTableRecord
100
AcDbBlockTableRecord
  2
*D74
340
0
 70
     0
280
     1
281
     0
  0
BLOCK_RECORD
  5
DCE
330
1
100
AcDbSymbolTableRecord
100
AcDbBlockTableRecord
  2
*D75
340
0
 70
     0
280
     1
281
     0
  0
BLOCK_RECORD
  5
DDB
330
1
100
AcDbSymbolTableRecord
100
AcDbBlockTableRecord
  2
*D76
340
0
 70
     0
280
     1
281
     0
  0
BLOCK_RECORD
  5
E5C
330
1
100
AcDbSymbolTableRecord
100
AcDbBlockTableRecord
  2
*D77
340
0
 70
     0
280
     1
281
     0
  0
ENDTAB
  0
ENDSEC
  0
SECTION
  2
BLOCKS
  0
BLOCK
  5
5
330
2
100
AcDbEntity
  8
0
100
AcDbBlockBegin
  2
*MODEL_SPACE
 70
     0
 10
0.0
 20
0.0
 30
0.0
  3
*MODEL_SPACE
  1

  0
ENDBLK
  5
11
330
2
100
AcDbEntity
  8
0
100
AcDbBlockEnd
  0
BLOCK
  5
17
330
16
100
AcDbEntity
 67
     1
  8
0
100
AcDbBlockBegin
  2
*PAPER_SPACE
 70
     0
 10
0.0
 20
0.0
 30
0.0
  3
*PAPER_SPACE
  1

  0
ENDBLK
  5
18
330
16
100
AcDbEntity
 67
     1
  8
0
100
AcDbBlockEnd
  0
BLOCK
  5
102
330
FF
100
AcDbEntity
  8
0
100
AcDbBlockBegin
  2
_DIMX
 70
     0
 10
0.0
 20
0.0
 30
0.0
  3
_DIMX
  1

  0
LINE
  5
103
330
FF
100
AcDbEntity
  8
0
100
AcDbLine
 10
-150.0
 20
0.0
 30
0.0
 11
150.0
 21
0.0
 31
0.0
  0
LWPOLYLINE
  5
104
330
FF
100
AcDbEntity
  8
0
100
AcDbPolyline
 90
        2
 70
     0
 43
50.0
 10
-70.0
 20
-70.0
 10
70.0
 20
70.0
  0
ENDBLK
  5
105
330
FF
100
AcDbEntity
  8
0
100
AcDbBlockEnd
  0
BLOCK
  5
40D
330
40A
100
AcDbEntity
  8
0
100
AcDbBlockBegin
  2
_WBLK
 70
     2
 10
0.0
 20
0.0
 30
0.0
  3
_WBLK
  1

  0
ATTDEF
  5
40E
330
40A
100
AcDbEntity
  8
WINDOW_TEXT
100
AcDbText
 10
0.0
 20
1.5
 30
0.0
 40
1.0
  1

  7
SIMPLEX
 72
     4
 11
0.0
 21
1.5
 31
0.0
100
AcDbAttributeDefinition
280
     0
  3

  2
A
 70
     9
280
     0
  0
LINE
  5
40F
330
40A
100
AcDbEntity
  8
0
100
AcDbLine
 10
0.5
 20
0.1666666666666666
 30
0.0
 11
-0.5
 21
0.1666666666666666
 31
0.0
  0
LINE
  5
410
330
40A
100
AcDbEntity
  8
0
100
AcDbLine
 10
0.5
 20
-0.1666666666666667
 30
0.0
 11
-0.5
 21
-0.1666666666666667
 31
0.0
  0
LINE
  5
411
330
40A
100
AcDbEntity
  8
0
100
AcDbLine
 10
-0.5
 20
-0.5
 30
0.0
 11
0.5
 21
-0.5
 31
0.0
  0
LINE
  5
412
330
40A
100
AcDbEntity
  8
0
100
AcDbLine
 10
-0.5
 20
0.5
 30
0.0
 11
0.5
 21
0.5
 31
0.0
  0
ENDBLK
  5
413
330
40A
100
AcDbEntity
  8
0
100
AcDbBlockEnd
  0
BLOCK
  5
94
330
91
100
AcDbEntity
  8
0
100
AcDbBlockBegin
  2
_DBLK
 70
     2
 10
0.0
 20
0.0
 30
0.0
  3
_DBLK
  1

  0
LINE
  5
95
330
91
100
AcDbEntity
  8
0
100
AcDbLine
 10
-0.45
 20
0.0
 30
0.0
 11
-0.45
 21
-0.95
 31
0.0
  0
ARC
  5
96
330
91
100
AcDbEntity
  8
0
100
AcDbCircle
 10
-0.45
 20
0.0
 30
0.0
 40
0.95
100
AcDbArc
 50
270.0
 51
0.0
  0
ATTDEF
  5
97
330
91
100
AcDbEntity
  8
WINDOW_TEXT
100
AcDbText
 10
0.0
 20
1.5
 30
0.0
 40
1.0
  1

  7
SIMPLEX
 72
     4
 11
0.0
 21
1.5
 31
0.0
100
AcDbAttributeDefinition
280
     0
  3

  2
A
 70
     9
280
     0
  0
ENDBLK
  5
9C
330
91
100
AcDbEntity
  8
0
100
AcDbBlockEnd
  0
BLOCK
  5
6E5
330
6E4
100
AcDbEntity
  8
0
100
AcDbBlockBegin
  2
11PDRY03
 70
     2
 10
0.0
 20
0.0
 30
0.0
  3
11PDRY03
  1

  0
ATTDEF
  5
6E6
330
6E4
100
AcDbEntity
  8
0
  6
ByBlock
 62
     0
100
AcDbText
 10
11.0
 20
9.0
 30
0.0
 40
12.0
  1
D
  7
ATT
 72
     4
 11
15.0
 21
15.0
 31
0.0
100
AcDbAttributeDefinition
280
     0
  3
LABEL
  2
LABEL
 70
     8
280
     0
  0
LINE
  5
6E8
330
6E4
100
AcDbEntity
  8
0
  6
ByBlock
 62
     0
100
AcDbLine
 10
5.0
 20
25.0
 30
0.0
 11
5.0
 21
28.0
 31
0.0
  0
LINE
  5
6E9
330
6E4
100
AcDbEntity
  8
0
  6
ByBlock
 62
     0
100
AcDbLine
 10
5.0
 20
2.0
 30
0.0
 11
5.0
 21
8.0
 31
0.0
  0
LINE
  5
6EA
330
6E4
100
AcDbEntity
  8
0
  6
ByBlock
 62
     0
100
AcDbLine
 10
6.0
 20
0.0
 30
0.0
 11
6.0
 21
30.0
 31
0.0
  0
LINE
  5
6EB
330
6E4
100
AcDbEntity
  8
0
  6
ByBlock
 62
     0
100
AcDbLine
 10
4.0
 20
0.0
 30
0.0
 11
4.0
 21
30.0
 31
0.0
  0
LINE
  5
6EC
330
6E4
100
AcDbEntity
  8
0
  6
ByBlock
 62
     0
100
AcDbLine
 10
30.0
 20
30.0
 30
0.0
 11
30.0
 21
0.0
 31
0.0
  0
LINE
  5
6ED
330
6E4
100
AcDbEntity
  8
0
  6
ByBlock
 62
     0
100
AcDbLine
 10
0.0
 20
30.0
 30
0.0
 11
30.0
 21
30.0
 31
0.0
  0
LINE
  5
6EE
330
6E4
100
AcDbEntity
  8
0
  6
ByBlock
 62
     0
100
AcDbLine
 10
0.0
 20
0.0
 30
0.0
 11
0.0
 21
30.0
 31
0.0
  0
LINE
  5
6EF
330
6E4
100
AcDbEntity
  8
0
  6
ByBlock
 62
     0
100
AcDbLine
 10
30.0
 20
0.0
 30
0.0
 11
0.0
 21
0.0
 31
0.0
  0
ATTDEF
  5
6F0
330
6E4
100
AcDbEntity
  8
0
  6
ByBlock
 62
     0
100
AcDbText
 10
0.0
 20
-13.0
 30
0.0
 40
6.0
  1
DRYER
  7
ATT
100
AcDbAttributeDefinition
280
     0
  3

  2
ITEM
 70
     3
280
     0
  0
ATTDEF
  5
6F1
330
6E4
100
AcDbEntity
  8
0
  6
ByBlock
 62
     0
100
AcDbText
 10
0.0
 20
-22.0
 30
0.0
 40
6.0
  1

  7
ATT
100
AcDbAttributeDefinition
280
     0
  3
ROOM NUMBER
  2
ROOM_NUMBER
 70
     1
280
     0
  0
ATTDEF
  5
6F2
330
6E4
100
AcDbEntity
  8
0
  6
ByBlock
 62
     0
100
AcDbText
 10
0.0
 20
-30.0
 30
0.0
 40
6.0
  1
30
  7
ATT
100
AcDbAttributeDefinition
280
     0
  3

  2
DEPTH
 70
     3
280
     0
  0
ATTDEF
  5
6F3
330
6E4
100
AcDbEntity
  8
0
  6
ByBlock
 62
     0
100
AcDbText
 10
0.0
 20
-38.0
 30
0.0
 40
6.0
  1
30
  7
ATT
100
AcDbAttributeDefinition
280
     0
  3

  2
WIDTH
 70
     3
280
     0
  0
ENDBLK
  5
6F4
330
6E4
100
AcDbEntity
  8
0
100
AcDbBlockEnd
  0
BLOCK
  5
3B
330
3A
100
AcDbEntity
  8
0
100
AcDbBlockBegin
  2
_DOT
 70
     0
 10
0.0
 20
0.0
 30
0.0
  3
_DOT
  1

  0
LWPOLYLINE
  5
3C
330
3A
100
AcDbEntity
  8
0
  6
ByBlock
 62
     0
100
AcDbPolyline
 90
        2
 70
     1
 43
0.5
 10
-0.25
 20
0.0
 42
1.0
 10
0.25
 20
0.0
 42
1.0
  0
LINE
  5
3D
330
3A
100
AcDbEntity
  8
0
  6
ByBlock
 62
     0
100
AcDbLine
 10
-0.5
 20
0.0
 30
0.0
 11
-1.0
 21
0.0
 31
0.0
  0
ENDBLK
  5
3E
330
3A
100
AcDbEntity
  8
0
100
AcDbBlockEnd
  0
BLOCK
  5
40
330
3F
100
AcDbEntity
  8
0
100
AcDbBlockBegin
  2
DOT
 70
     0
 10
0.0
 20
0.0
 30
0.0
  3
DOT
  1

  0
LWPOLYLINE
  5
41
330
3F
100
AcDbEntity
  8
0
  6
ByBlock
 62
     0
100
AcDbPolyline
 90
        2
 70
     1
 43
0.5
 10
-0.25
 20
0.0
 42
1.0
 10
0.25
 20
0.0
 42
1.0
  0
LINE
  5
42
330
3F
100
AcDbEntity
  8
0
  6
ByBlock
 62
     0
100
AcDbLine
 10
-0.5
 20
0.0
 30
0.0
 11
-1.0
 21
0.0
 31
0.0
  0
ENDBLK
  5
43
330
3F
100
AcDbEntity
  8
0
100
AcDbBlockEnd
  0
BLOCK
  5
384
330
383
100
AcDbEntity
  8
0
100
AcDbBlockBegin
  2
M_A17ORW
 70
     0
 10
0.0
 20
0.0
 30
0.0
  3
M_A17ORW
  1

  0
ARC
  5
385
330
383
100
AcDbEntity
  8
0
100
AcDbCircle
 10
0.5046168020418103
 20
0.0019208093578045
 30
0.0
 40
0.6987497204383784
100
AcDbArc
 50
180.2762250841821
 51
268.0603137538047
  0
LWPOLYLINE
  5
386
330
383
100
AcDbEntity
  8
0
100
AcDbPolyline
 90
        2
 70
     0
 43
0.02000000000002
 10
-0.4809658959978972
 20
-0.0014478759854028
 10
-0.4809658959978972
 20
-0.3083976873278363
  0
ARC
  5
387
330
383
100
AcDbEntity
  8
0
100
AcDbCircle
 10
-0.5007908120541872
 20
-0.0025725639175704
 30
0.0
 40
0.3066680763238383
100
AcDbArc
 50
274.249174186005
 51
0.2101295218272424
  0
LWPOLYLINE
  5
388
330
383
100
AcDbEntity
  8
0
100
AcDbPolyline
 90
        2
 70
     0
 43
0.02000000000002
 10
0.4809659091480242
 20
0.0014478852985489
 10
0.4809659091480242
 20
-0.6906370592223703
  0
ENDBLK
  5
389
330
383
100
AcDbEntity
  8
0
100
AcDbBlockEnd
  0
BLOCK
  5
673
330
672
100
AcDbEntity
  8
0
100
AcDbBlockBegin
  2
M_C56KIS
 70
     2
 10
0.0
 20
0.0
 30
0.0
  3
M_C56KIS
  1

  0
ATTDEF
  5
674
330
672
100
AcDbEntity
  8
0
100
AcDbText
 10
0.0
 20
0.0
 30
0.0
 40
0.5
  1
685
 41
0.8
  7
DIM_FONT
100
AcDbAttributeDefinition
280
     0
  3
XSIZE
  2
XSIZE
 70
     9
280
     0
  0
ATTDEF
  5
675
330
672
100
AcDbEntity
  8
0
100
AcDbText
 10
0.0
 20
0.0
 30
0.0
 40
0.5
  1
672
 41
0.8
  7
DIM_FONT
100
AcDbAttributeDefinition
280
     0
  3
YSIZE
  2
YSIZE
 70
     9
280
     0
  0
LWPOLYLINE
  5
676
330
672
100
AcDbEntity
  8
0
100
AcDbPolyline
 90
        4
 70
     1
 43
0.0
 10
293.5310873228591
 20
324.8203210098109
 10
293.5310873228591
 20
-275.1796789901892
 10
-306.4689126771409
 20
-275.1796789901892
 10
-306.4689126771409
 20
324.8203210098109
  0
ARC
  5
677
330
672
100
AcDbEntity
  8
0
100
AcDbCircle
 10
-45.50328085846556
 20
-12.31630878756186
 30
0.0
 40
338.1869811262916
100
AcDbArc
 50
154.3498330697507
 51
173.0356210533511
  0
ARC
  5
678
330
672
100
AcDbEntity
  8
0
100
AcDbCircle
 10
-45.50328085846556
 20
-12.31630878756186
 30
0.0
 40
344.854602640086
100
AcDbArc
 50
0.5321478976161764
 51
25.58563763758896
  0
ARC
  5
679
330
672
100
AcDbEntity
  8
0
100
AcDbCircle
 10
-277.2367385652906
 20
-87.58515179670576
 30
0.0
 40
115.2873787263145
100
AcDbArc
 50
97.39115352619888
 51
159.6951689965226
  0
ARC
  5
67A
330
672
100
AcDbEntity
  8
0
100
AcDbCircle
 10
-45.50328085846556
 20
-12.31630878756186
 30
0.0
 40
345.7632267254725
100
AcDbArc
 50
251.5307323359838
 51
290.6299658611113
  0
CIRCLE
  5
67B
330
672
100
AcDbEntity
  8
0
100
AcDbCircle
 10
-45.6287329482875
 20
-15.71658524134182
 30
0.0
 40
24.74795864091466
  0
ARC
  5
67C
330
672
100
AcDbEntity
  8
0
100
AcDbCircle
 10
1319.979056938726
 20
-610.5931979398482
 30
0.0
 40
1273.632728424783
100
AcDbArc
 50
161.2864889084941
 51
167.5451059776773
  0
ARC
  5
67D
330
672
100
AcDbEntity
  8
0
100
AcDbCircle
 10
-45.50328085846556
 20
-12.31630878756186
 30
0.0
 40
333.1188994948746
100
AcDbArc
 50
216.5940385052633
 51
237.4463764496026
  0
ARC
  5
67E
330
672
100
AcDbEntity
  8
0
100
AcDbCircle
 10
-45.50328085846556
 20
-12.31630878756186
 30
0.0
 40
339.1036820278283
100
AcDbArc
 50
302.6098373623655
 51
320.6752496465583
  0
ARC
  5
67F
330
672
100
AcDbEntity
  8
0
100
AcDbCircle
 10
-45.50328085846556
 20
-12.31630878756186
 30
0.0
 40
343.8520713788156
100
AcDbArc
 50
334.0766548191929
 51
348.9021315592918
  0
ARC
  5
680
330
672
100
AcDbEntity
  8
0
100
AcDbCircle
 10
258.5327176696737
 20
-243.1566432130312
 30
0.0
 40
424.821412029153
100
AcDbArc
 50
177.9454952844627
 51
193.2146256256703
  0
ARC
  5
681
330
672
100
AcDbEntity
  8
0
100
AcDbCircle
 10
-456.1104389769607
 20
-26.25292581247413
 30
0.0
 40
353.3091112416236
100
AcDbArc
 50
310.8535874544839
 51
325.1929914565035
  0
ARC
  5
682
330
672
100
AcDbEntity
  8
0
100
AcDbCircle
 10
-119.4181293166766
 20
-230.1884061095297
 30
0.0
 40
194.498044918058
100
AcDbArc
 50
141.6582328344403
 51
174.3092801234541
  0
ARC
  5
683
330
672
100
AcDbEntity
  8
0
100
AcDbCircle
 10
-287.0169168760039
 20
-214.3724508192572
 30
0.0
 40
105.9156923180378
100
AcDbArc
 50
81.83137536886858
 51
131.8278158106918
  0
ARC
  5
684
330
672
100
AcDbEntity
  8
0
100
AcDbCircle
 10
-13.45707389987365
 20
-284.0690271355743
 30
0.0
 40
151.3411783082969
100
AcDbArc
 50
354.7322619888067
 51
32.8543979234022
  0
ARC
  5
685
330
672
100
AcDbEntity
  8
0
100
AcDbCircle
 10
1198.945539950029
 20
166.7284474101361
 30
0.0
 40
1057.644250898782
100
AcDbArc
 50
196.6397484795939
 51
201.9099380494143
  0
ARC
  5
686
330
672
100
AcDbEntity
  8
0
100
AcDbCircle
 10
262.0729412414221
 20
-63.06088788394482
 30
0.0
 40
99.5907650500342
100
AcDbArc
 50
227.0453936709736
 51
270.9650517005485
  0
ARC
  5
687
330
672
100
AcDbEntity
  8
0
100
AcDbCircle
 10
333.1284424762271
 20
45.0006142959064
 30
0.0
 40
130.7944999497474
100
AcDbArc
 50
215.3868289016926
 51
249.7411029521465
  0
ARC
  5
688
330
672
100
AcDbEntity
  8
0
100
AcDbCircle
 10
240.9715377723187
 20
101.5253414807994
 30
0.0
 40
125.0895764326021
100
AcDbArc
 50
263.2774890396579
 51
297.8128437567363
  0
ARC
  5
689
330
672
100
AcDbEntity
  8
0
100
AcDbCircle
 10
-45.50328085846556
 20
-12.31630878756186
 30
0.0
 40
341.6813009379082
100
AcDbArc
 50
185.9236248562026
 51
201.527701486811
  0
ARC
  5
68A
330
672
100
AcDbEntity
  8
0
100
AcDbCircle
 10
-332.4263924279076
 20
-104.7566776789062
 30
0.0
 40
142.750854417868
100
AcDbArc
 50
71.80085051577306
 51
110.5991494842191
  0
ARC
  5
68B
330
672
100
AcDbEntity
  8
0
100
AcDbCircle
 10
-666.0950092341082
 20
364.7389955538201
 30
0.0
 40
570.3182934058449
100
AcDbArc
 50
348.5728220433146
 51
356.664893159638
  0
ARC
  5
68C
330
672
100
AcDbEntity
  8
0
100
AcDbCircle
 10
-45.50328085846556
 20
-12.31630878756186
 30
0.0
 40
347.6731246968502
100
AcDbArc
 50
72.04260863602428
 51
98.47500495788821
  0
ARC
  5
68D
330
672
100
AcDbEntity
  8
0
100
AcDbCircle
 10
-45.50328085846556
 20
-12.31630878756186
 30
0.0
 40
339.7112833079223
100
AcDbArc
 50
112.0102967799918
 51
142.6391627845076
  0
ARC
  5
68E
330
672
100
AcDbEntity
  8
0
100
AcDbCircle
 10
-45.50328085846556
 20
-12.31630878756186
 30
0.0
 40
341.3130754933273
100
AcDbArc
 50
37.27508326534749
 51
64.82453975226632
  0
ARC
  5
68F
330
672
100
AcDbEntity
  8
0
100
AcDbCircle
 10
-402.2700638191889
 20
850.0716791904158
 30
0.0
 40
717.8742823705817
100
AcDbArc
 50
274.1464636058081
 51
282.123813865735
  0
ARC
  5
690
330
672
100
AcDbEntity
  8
0
100
AcDbCircle
 10
-307.3263161788782
 20
139.4254770050211
 30
0.0
 40
56.51447527397258
100
AcDbArc
 50
8.941040352085257
 51
100.0107453020594
  0
ARC
  5
691
330
672
100
AcDbEntity
  8
0
100
AcDbCircle
 10
-371.2896940797655
 20
-21.64040045695946
 30
0.0
 40
380.1920188542477
100
AcDbArc
 50
45.97817327683244
 51
58.53146648823828
  0
ARC
  5
692
330
672
100
AcDbEntity
  8
0
100
AcDbCircle
 10
206.6061042903748
 20
198.4565398962477
 30
0.0
 40
84.24348286259414
100
AcDbArc
 50
254.8554930631365
 51
310.959999052217
  0
ARC
  5
693
330
672
100
AcDbEntity
  8
0
100
AcDbCircle
 10
82.19623916537967
 20
215.3506896556755
 30
0.0
 40
145.4134528367332
100
AcDbArc
 50
319.7203254456983
 51
351.7151342059934
  0
LINE
  5
694
330
672
100
AcDbEntity
  8
0
100
AcDbLine
 10
100.8935978659574
 20
299.1390777507368
 30
0.0
 11
100.8935978659574
 21
299.1390777507368
 31
0.0
  0
LINE
  5
695
330
672
100
AcDbEntity
  8
0
100
AcDbLine
 10
71.90601225494173
 20
242.2449976117387
 30
0.0
 11
100.8935978659574
 21
299.1390777507368
 31
0.0
  0
LINE
  5
696
330
672
100
AcDbEntity
  8
0
100
AcDbLine
 10
61.68769691910711
 20
318.4202871911148
 30
0.0
 11
71.90601225494173
 21
242.2449976117387
 31
0.0
  0
ENDBLK
  5
697
330
672
100
AcDbEntity
  8
0
100
AcDbBlockEnd
  0
BLOCK
  5
E7E
330
E7D
100
AcDbEntity
  8
0
100
AcDbBlockBegin
  2
11PWSH03
 70
     2
 10
0.0
 20
0.0
 30
0.0
  3
11PWSH03
  1

  0
ATTDEF
  5
E7F
330
E7D
100
AcDbEntity
  8
0
  6
ByBlock
 62
     0
100
AcDbText
 10
9.0
 20
7.5
 30
0.0
 40
12.0
  1
W
  7
ATT
 72
     4
 11
15.0
 21
13.5
 31
0.0
100
AcDbAttributeDefinition
280
     0
  3
LABEL
  2
LABEL
 70
     8
280
     0
  0
LINE
  5
E80
330
E7D
100
AcDbEntity
  8
0
  6
ByBlock
 62
     0
100
AcDbLine
 10
0.0
 20
3.0
 30
0.0
 11
-2.0
 21
6.0
 31
0.0
  0
LINE
  5
E81
330
E7D
100
AcDbEntity
  8
0
  6
ByBlock
 62
     0
100
AcDbLine
 10
-2.0
 20
21.0
 30
0.0
 11
-2.0
 21
6.0
 31
0.0
  0
LINE
  5
E82
330
E7D
100
AcDbEntity
  8
0
  6
ByBlock
 62
     0
100
AcDbLine
 10
0.0
 20
24.0
 30
0.0
 11
-2.0
 21
21.0
 31
0.0
  0
LINE
  5
E83
330
E7D
100
AcDbEntity
  8
0
  6
ByBlock
 62
     0
100
AcDbLine
 10
26.0
 20
0.0
 30
0.0
 11
0.0
 21
0.0
 31
0.0
  0
LINE
  5
E84
330
E7D
100
AcDbEntity
  8
0
  6
ByBlock
 62
     0
100
AcDbLine
 10
0.0
 20
0.0
 30
0.0
 11
0.0
 21
27.0
 31
0.0
  0
LINE
  5
E85
330
E7D
100
AcDbEntity
  8
0
  6
ByBlock
 62
     0
100
AcDbLine
 10
0.0
 20
27.0
 30
0.0
 11
26.0
 21
27.0
 31
0.0
  0
LINE
  5
E86
330
E7D
100
AcDbEntity
  8
0
  6
ByBlock
 62
     0
100
AcDbLine
 10
26.0
 20
27.0
 30
0.0
 11
26.0
 21
0.0
 31
0.0
  0
LINE
  5
E87
330
E7D
100
AcDbEntity
  8
0
  6
ByBlock
 62
     0
100
AcDbLine
 10
4.0
 20
0.0
 30
0.0
 11
4.0
 21
27.0
 31
0.0
  0
LINE
  5
E88
330
E7D
100
AcDbEntity
  8
0
  6
ByBlock
 62
     0
100
AcDbLine
 10
6.0
 20
0.0
 30
0.0
 11
6.0
 21
27.0
 31
0.0
  0
LINE
  5
E89
330
E7D
100
AcDbEntity
  8
0
  6
ByBlock
 62
     0
100
AcDbLine
 10
5.0
 20
2.0
 30
0.0
 11
5.0
 21
10.0
 31
0.0
  0
LINE
  5
E8A
330
E7D
100
AcDbEntity
  8
0
  6
ByBlock
 62
     0
100
AcDbLine
 10
5.0
 20
23.0
 30
0.0
 11
5.0
 21
25.0
 31
0.0
  0
LINE
  5
E8B
330
E7D
100
AcDbEntity
  8
0
  6
ByBlock
 62
     0
100
AcDbLine
 10
20.0
 20
5.0
 30
0.0
 11
10.0
 21
5.0
 31
0.0
  0
LINE
  5
E8C
330
E7D
100
AcDbEntity
  8
0
  6
ByBlock
 62
     0
100
AcDbLine
 10
8.0
 20
7.0
 30
0.0
 11
8.0
 21
20.0
 31
0.0
  0
LINE
  5
E8D
330
E7D
100
AcDbEntity
  8
0
  6
ByBlock
 62
     0
100
AcDbLine
 10
10.0
 20
22.0
 30
0.0
 11
20.0
 21
22.0
 31
0.0
  0
LINE
  5
E8E
330
E7D
100
AcDbEntity
  8
0
  6
ByBlock
 62
     0
100
AcDbLine
 10
22.0
 20
20.0
 30
0.0
 11
22.0
 21
7.0
 31
0.0
  0
ARC
  5
E8F
330
E7D
100
AcDbEntity
  8
0
  6
ByBlock
 62
     0
100
AcDbCircle
 10
10.0
 20
7.0
 30
0.0
 40
2.0
100
AcDbArc
 50
180.0
 51
270.0
  0
ARC
  5
E90
330
E7D
100
AcDbEntity
  8
0
  6
ByBlock
 62
     0
100
AcDbCircle
 10
10.0
 20
20.0
 30
0.0
 40
2.0
100
AcDbArc
 50
90.0
 51
180.0
  0
ARC
  5
E91
330
E7D
100
AcDbEntity
  8
0
  6
ByBlock
 62
     0
100
AcDbCircle
 10
20.0
 20
20.0
 30
0.0
 40
2.0
100
AcDbArc
 50
0.0
 51
90.0
  0
ARC
  5
E92
330
E7D
100
AcDbEntity
  8
0
  6
ByBlock
 62
     0
100
AcDbCircle
 10
20.0
 20
7.0
 30
0.0
 40
2.0
100
AcDbArc
 50
270.0
 51
0.0
  0
ATTDEF
  5
E93
330
E7D
100
AcDbEntity
  8
0
  6
ByBlock
 62
     0
100
AcDbText
 10
-2.0
 20
-14.0
 30
0.0
 40
6.0
  1
WASHER
  7
ATT
100
AcDbAttributeDefinition
280
     0
  3

  2
ITEM
 70
     3
280
     0
  0
ATTDEF
  5
E94
330
E7D
100
AcDbEntity
  8
0
  6
ByBlock
 62
     0
100
AcDbText
 10
-2.0
 20
-23.0
 30
0.0
 40
6.0
  1

  7
ATT
100
AcDbAttributeDefinition
280
     0
  3
Room Number
  2
ROOM_NUMBER
 70
     1
280
     0
  0
ATTDEF
  5
E95
330
E7D
100
AcDbEntity
  8
0
  6
ByBlock
 62
     0
100
AcDbText
 10
-2.0
 20
-32.0
 30
0.0
 40
6.0
  1
28
  7
ATT
100
AcDbAttributeDefinition
280
     0
  3

  2
DEPTH
 70
     3
280
     0
  0
ATTDEF
  5
E96
330
E7D
100
AcDbEntity
  8
0
  6
ByBlock
 62
     0
100
AcDbText
 10
-2.0
 20
-40.49999999999999
 30
0.0
 40
6.0
  1
27
  7
ATT
100
AcDbAttributeDefinition
280
     0
  3

  2
WIDTH
 70
     3
280
     0
  0
ENDBLK
  5
E97
330
E7D
100
AcDbEntity
  8
0
100
AcDbBlockEnd
  0
BLOCK
  5
36
330
33
100
AcDbEntity
  8
0
100
AcDbBlockBegin
  2
_ARCHTICK
 70
     0
 10
0.0
 20
0.0
 30
0.0
  3
_ARCHTICK
  1

  0
LWPOLYLINE
  5
37
330
33
100
AcDbEntity
  8
0
  6
ByBlock
 62
     0
100
AcDbPolyline
 90
        2
 70
     0
 43
0.15
 10
-0.5
 20
-0.5
 10
0.5
 20
0.5
  0
ENDBLK
  5
38
330
33
100
AcDbEntity
  8
0
100
AcDbBlockEnd
  0
BLOCK
  5
3D1
330
3D0
100
AcDbEntity
  8
0
100
AcDbBlockBegin
  2
_C61
 70
     2
 10
0.0
 20
0.0
 30
0.0
  3
_C61
  1

  0
ATTDEF
  5
3D2
330
3D0
100
AcDbEntity
  8
0
100
AcDbText
 10
0.0
 20
0.0
 30
0.0
 40
0.5
  1
428
 41
0.6
  7
DIM_FONT
100
AcDbAttributeDefinition
280
     0
  3
XSIZE
  2
XSIZE
 70
     9
280
     0
  0
ATTDEF
  5
3D3
330
3D0
100
AcDbEntity
  8
0
100
AcDbText
 10
0.0
 20
0.0
 30
0.0
 40
0.5
  1
436
 41
0.6
  7
DIM_FONT
100
AcDbAttributeDefinition
280
     0
  3
YSIZE
  2
YSIZE
 70
     9
280
     0
  0
LINE
  5
3D4
330
3D0
100
AcDbEntity
  8
0
100
AcDbLine
 10
-1.309348652357583
 20
-0.3654159178768168
 30
0.0
 11
-1.309348652357583
 21
-196.5197519741631
 31
0.0
  0
LINE
  5
3D5
330
3D0
100
AcDbEntity
  8
0
100
AcDbLine
 10
-221.8344350119587
 20
205.3516579508141
 30
0.0
 11
-221.8344350119587
 21
-230.4294708326852
 31
0.0
  0
LINE
  5
3D6
330
3D0
100
AcDbEntity
  8
0
100
AcDbLine
 10
205.6906513476424
 20
205.3516579508141
 30
0.0
 11
205.6906513476424
 21
-230.4294708326852
 31
0.0
  0
CIRCLE
  5
3D7
330
3D0
100
AcDbEntity
  8
0
100
AcDbCircle
 10
-1.309348652357583
 20
-0.3654159178768168
 30
0.0
 40
139.0
  0
LINE
  5
3D8
330
3D0
100
AcDbEntity
  8
0
100
AcDbLine
 10
-221.8344350119587
 20
-230.4294708326852
 30
0.0
 11
205.6906513476424
 21
-230.4294708326852
 31
0.0
  0
LINE
  5
3D9
330
3D0
100
AcDbEntity
  8
0
100
AcDbLine
 10
-1.309348652357583
 20
-0.3654159178768168
 30
0.0
 11
181.7032784307084
 21
-0.3654159178768168
 31
0.0
  0
LINE
  5
3DA
330
3D0
100
AcDbEntity
  8
0
100
AcDbLine
 10
-221.8344350119587
 20
205.3516579508141
 30
0.0
 11
205.6906513476424
 21
205.3516579508141
 31
0.0
  0
LINE
  5
3DB
330
3D0
100
AcDbEntity
  8
0
100
AcDbLine
 10
-1.309348652357583
 20
-0.3654159178768168
 30
0.0
 11
-184.3219757354163
 21
-0.3654159178768168
 31
0.0
  0
LINE
  5
3DC
330
3D0
100
AcDbEntity
  8
0
100
AcDbLine
 10
-1.309348652357583
 20
-0.3654159178768168
 30
0.0
 11
-1.309348652357583
 21
172.1999560993281
 31
0.0
  0
CIRCLE
  5
3DD
330
3D0
100
AcDbEntity
  8
0
100
AcDbCircle
 10
-1.309348652357583
 20
-0.3654159178768168
 30
0.0
 40
75.0
  0
ATTDEF
  5
3DE
330
3D0
100
AcDbEntity
  8
0
100
AcDbText
 10
201.7931338366107
 20
208.4395031971435
 30
0.0
 40
0.5
  1
2029
 50
270.0
100
AcDbAttributeDefinition
280
     0
  3
YSIZE
  2
YSIZE
 70
     9
280
     0
  0
ATTDEF
  5
3DF
330
3D0
100
AcDbEntity
  8
0
100
AcDbText
 10
201.7931338366107
 20
208.4395031971435
 30
0.0
 40
0.5
  1
2163
 50
270.0
100
AcDbAttributeDefinition
280
     0
  3
XSIZE
  2
XSIZE
 70
     9
280
     0
  0
ENDBLK
  5
3E0
330
3D0
100
AcDbEntity
  8
0
100
AcDbBlockEnd
  0
BLOCK
  5
3AC
330
3AB
100
AcDbEntity
  8
0
100
AcDbBlockBegin
  2
_C17
 70
     2
 10
0.0
 20
0.0
 30
0.0
  3
_C17
  1

  0
ATTDEF
  5
3AD
330
3AB
100
AcDbEntity
  8
0
100
AcDbText
 10
0.0
 20
0.0
 30
0.0
 40
0.5
  1
1936
100
AcDbAttributeDefinition
280
     0
  3
XSIZE
  2
XSIZE
 70
     9
280
     0
  0
ATTDEF
  5
3AE
330
3AB
100
AcDbEntity
  8
0
100
AcDbText
 10
0.0
 20
0.0
 30
0.0
 40
0.5
  1
897
100
AcDbAttributeDefinition
280
     0
  3
YSIZE
  2
YSIZE
 70
     9
280
     0
  0
LINE
  5
3AF
330
3AB
100
AcDbEntity
  8
0
100
AcDbLine
 10
1866.951513878178
 20
-897.0
 30
0.0
 11
115.0
 21
-897.0
 31
0.0
  0
LINE
  5
3B0
330
3AB
100
AcDbEntity
  8
0
100
AcDbLine
 10
115.0
 20
0.0
 30
0.0
 11
1866.951513878178
 21
0.0
 31
0.0
  0
ARC
  5
3B1
330
3AB
100
AcDbEntity
  8
0
100
AcDbCircle
 10
115.0
 20
-69.0
 30
0.0
 40
69.0
100
AcDbArc
 50
90.0
 51
180.0
  0
ARC
  5
3B2
330
3AB
100
AcDbEntity
  8
0
100
AcDbCircle
 10
115.0
 20
-828.0
 30
0.0
 40
69.0
100
AcDbArc
 50
180.0
 51
270.0
  0
ARC
  5
3B3
330
3AB
100
AcDbEntity
  8
0
100
AcDbCircle
 10
253.0
 20
-1345.5
 30
0.0
 40
575.0
100
AcDbArc
 50
73.739795
 51
106.260205
  0
LINE
  5
3B4
330
3AB
100
AcDbEntity
  8
0
100
AcDbLine
 10
92.0
 20
-793.5
 30
0.0
 11
414.0
 21
-793.5
 31
0.0
  0
ARC
  5
3B5
330
3AB
100
AcDbEntity
  8
0
100
AcDbCircle
 10
253.0
 20
448.5
 30
0.0
 40
575.0
100
AcDbArc
 50
253.739795
 51
286.260205
  0
LINE
  5
3B6
330
3AB
100
AcDbEntity
  8
0
100
AcDbLine
 10
414.0
 20
-103.5
 30
0.0
 11
92.0
 21
-103.5
 31
0.0
  0
LINE
  5
3B7
330
3AB
100
AcDbEntity
  8
0
100
AcDbLine
 10
0.0
 20
-897.0
 30
0.0
 11
0.0
 21
0.0
 31
0.0
  0
LINE
  5
3B8
330
3AB
100
AcDbEntity
  8
0
100
AcDbLine
 10
46.0
 20
-897.0
 30
0.0
 11
46.0
 21
0.0
 31
0.0
  0
LINE
  5
3B9
330
3AB
100
AcDbEntity
  8
0
100
AcDbLine
 10
92.0
 20
-103.5
 30
0.0
 11
92.0
 21
-793.5
 31
0.0
  0
LINE
  5
3BA
330
3AB
100
AcDbEntity
  8
0
100
AcDbLine
 10
46.0
 20
-897.0
 30
0.0
 11
0.0
 21
-897.0
 31
0.0
  0
LINE
  5
3BB
330
3AB
100
AcDbEntity
  8
0
100
AcDbLine
 10
46.0
 20
0.0
 30
0.0
 11
0.0
 21
0.0
 31
0.0
  0
ATTDEF
  5
3BC
330
3AB
100
AcDbEntity
  8
0
100
AcDbText
 10
0.0
 20
0.0
 30
0.0
 40
0.5
  1
1936
 41
0.7
  7
HZ
100
AcDbAttributeDefinition
280
     0
  3
XSIZE
  2
XSIZE
 70
     9
280
     0
  0
ATTDEF
  5
3BE
330
3AB
100
AcDbEntity
  8
0
100
AcDbText
 10
0.0
 20
0.0
 30
0.0
 40
0.5
  1
897
 41
0.7
  7
HZ
100
AcDbAttributeDefinition
280
     0
  3
YSIZE
  2
YSIZE
 70
     9
280
     0
  0
LINE
  5
3BF
330
3AB
100
AcDbEntity
  8
0
100
AcDbLine
 10
460.0
 20
0.0
 30
0.0
 11
460.0
 21
-499.4509800000013
 31
0.0
  0
LINE
  5
3C0
330
3AB
100
AcDbEntity
  8
0
100
AcDbLine
 10
621.0
 20
0.0
 30
0.0
 11
621.0
 21
-736.0
 31
0.0
  0
LINE
  5
3C1
330
3AB
100
AcDbEntity
  8
0
100
AcDbLine
 10
414.0
 20
-793.5
 30
0.0
 11
414.0
 21
-103.5
 31
0.0
  0
ARC
  5
3C2
330
3AB
100
AcDbEntity
  8
0
100
AcDbCircle
 10
1378.017238999999
 20
-346.5862179999967
 30
0.0
 40
935.96499
100
AcDbArc
 50
193.392796
 51
216.020234
  0
LINE
  5
3C3
330
3AB
100
AcDbEntity
  8
0
100
AcDbLine
 10
755.8083359999989
 20
-896.6747109999996
 30
0.0
 11
524.9000889999996
 21
-622.5199549999997
 31
0.0
  0
ARC
  5
3C4
330
3AB
100
AcDbEntity
  8
0
100
AcDbCircle
 10
736.0
 20
-444.7199729999993
 30
0.0
 40
276.0
100
AcDbArc
 50
180.0
 51
220.10593
  0
ARC
  5
3C5
330
3AB
100
AcDbEntity
  8
0
100
AcDbCircle
 10
736.0
 20
-499.4509800000013
 30
0.0
 40
276.0
100
AcDbArc
 50
180.0
 51
193.392796
  0
LINE
  5
3C6
330
3AB
100
AcDbEntity
  8
0
100
AcDbLine
 10
1935.951513878178
 20
-69.0
 30
0.0
 11
1935.951513878178
 21
-828.0
 31
0.0
  0
ARC
  5
3C7
330
3AB
100
AcDbEntity
  8
0
100
AcDbCircle
 10
1866.951513878178
 20
-828.0
 30
0.0
 40
69.0
100
AcDbArc
 50
270.0
 51
0.0
  0
ARC
  5
3C8
330
3AB
100
AcDbEntity
  8
0
100
AcDbCircle
 10
1866.951513878178
 20
-69.0
 30
0.0
 40
69.0
100
AcDbArc
 50
0.0
 51
90.0
  0
ENDBLK
  5
3C9
330
3AB
100
AcDbEntity
  8
0
100
AcDbBlockEnd
  0
BLOCK
  5
46C
330
46B
100
AcDbEntity
  8
0
100
AcDbBlockBegin
  2
DZY1
 70
     0
 10
0.0
 20
0.0
 30
0.0
  3
DZY1
  1

  0
ARC
  5
46D
330
46B
100
AcDbEntity
  8
JJ
 62
   252
100
AcDbCircle
 10
-1271.959115776
 20
1066.424140228844
 30
0.0
 40
493.5251388701971
100
AcDbArc
 50
142.5642233016494
 51
217.4357766983506
  0
ARC
  5
46E
330
46B
100
AcDbEntity
  8
JJ
 62
   252
100
AcDbCircle
 10
-1255.711787725158
 20
1066.424140228844
 30
0.0
 40
493.5251388701971
100
AcDbArc
 50
322.5642233016494
 51
37.4357766983506
  0
LINE
  5
46F
330
46B
100
AcDbEntity
  8
JJ
 62
   252
100
AcDbLine
 10
-863.8354517506085
 20
766.4241402288443
 30
0.0
 11
-1663.835451750609
 21
766.4241402288443
 31
0.0
  0
LINE
  5
470
330
46B
100
AcDbEntity
  8
JJ
 62
   252
100
AcDbLine
 10
-1436.820284964225
 20
658.5473843512136
 30
0.0
 11
-1596.820284964224
 21
658.5473843512136
 31
0.0
  0
ARC
  5
471
330
46B
100
AcDbEntity
  8
JJ
 62
   252
100
AcDbCircle
 10
-1436.820284964225
 20
428.5473843512136
 30
0.0
 40
120.0
100
AcDbArc
 50
270.0000000000004
 51
0.0000000000003997
  0
ARC
  5
472
330
46B
100
AcDbEntity
  8
JJ
 62
   252
100
AcDbCircle
 10
-1596.820284964224
 20
428.5473843512136
 30
0.0
 40
120.0
100
AcDbArc
 50
180.0000000000004
 51
270.0000000000004
  0
ARC
  5
473
330
46B
100
AcDbEntity
  8
JJ
 62
   252
100
AcDbCircle
 10
-1119.426132101798
 20
423.8240451360016
 30
0.0
 40
120.0
100
AcDbArc
 50
180.0000000000004
 51
270.0000000000004
  0
ARC
  5
474
330
46B
100
AcDbEntity
  8
JJ
 62
   252
100
AcDbCircle
 10
-1226.391866104386
 20
249.9075853384693
 30
0.0
 40
21.77371540086023
100
AcDbArc
 50
97.50476486161437
 51
230.9315141262025
  0
ARC
  5
475
330
46B
100
AcDbEntity
  8
JJ
 62
   252
100
AcDbCircle
 10
-1329.07548994146
 20
254.6309245537395
 30
0.0
 40
21.77371540086023
100
AcDbArc
 50
309.0684858737982
 51
82.49523513838644
  0
LINE
  5
476
330
46B
100
AcDbEntity
  8
JJ
 62
   252
100
AcDbLine
 10
-1504.689020705933
 20
307.7269220875005
 30
0.0
 11
-1504.689020705933
 21
250.9265693400066
 31
0.0
  0
LINE
  5
477
330
46B
100
AcDbEntity
  8
JJ
 62
   252
100
AcDbLine
 10
-1529.350416368048
 20
250.9265693400066
 30
0.0
 11
-1529.350416368048
 21
307.7269220875005
 31
0.0
  0
SOLID
  5
478
330
46B
100
AcDbEntity
  8
JJ
 62
   252
100
AcDbTrace
 10
-1504.689020705875
 20
250.9265693400066
 30
0.0
 11
-1529.350416368048
 21
250.9265693400066
 31
0.0
 12
-1504.689020705875
 22
307.7269220875005
 32
0.0
 13
-1529.350416368048
 23
307.7269220875005
 33
0.0
  0
ARC
  5
479
330
46B
100
AcDbEntity
  8
JJ
 62
   252
100
AcDbCircle
 10
-1703.786018966814
 20
254.6309245537395
 30
0.0
 40
21.77371540086023
100
AcDbArc
 50
97.50476486161437
 51
230.9315141262025
  0
ARC
  5
47A
330
46B
100
AcDbEntity
  8
JJ
 62
   252
100
AcDbCircle
 10
-1516.430754454166
 20
949.1806348283551
 30
0.0
 40
699.3241275675726
100
AcDbArc
 50
254.2181394939089
 51
285.781860506092
  0
LINE
  5
47B
330
46B
100
AcDbEntity
  8
JJ
 62
   252
100
AcDbLine
 10
-1504.689020705933
 20
250.9265693400066
 30
0.0
 11
-1529.350416368048
 21
250.9265693400066
 31
0.0
  0
ARC
  5
47C
330
46B
100
AcDbEntity
  8
JJ
 62
   252
100
AcDbCircle
 10
-1516.430754454166
 20
949.1806348283551
 30
0.0
 40
739.3241275675727
100
AcDbArc
 50
254.2181394939089
 51
285.781860506092
  0
LINE
  5
47D
330
46B
100
AcDbEntity
  8
JJ
 62
   252
100
AcDbLine
 10
-1529.350416368048
 20
307.7269220875005
 30
0.0
 11
-1504.689020705933
 21
307.7269220875005
 31
0.0
  0
LINE
  5
47E
330
46B
100
AcDbEntity
  8
JJ
 62
   252
100
AcDbLine
 10
-1596.820284964224
 20
308.5473843512136
 30
0.0
 11
-1436.820284964225
 21
308.5473843512136
 31
0.0
  0
LINE
  5
47F
330
46B
100
AcDbEntity
  8
JJ
 62
   252
100
AcDbLine
 10
-1239.426132101798
 20
533.8240451360015
 30
0.0
 11
-1239.426132101798
 21
423.8240451360016
 31
0.0
  0
LINE
  5
480
330
46B
100
AcDbEntity
  8
JJ
 62
   252
100
AcDbLine
 10
-1316.820284964226
 20
428.5473843512136
 30
0.0
 11
-1316.820284964226
 21
538.5473843512136
 31
0.0
  0
LINE
  5
481
330
46B
100
AcDbEntity
  8
JJ
 62
   252
100
AcDbLine
 10
-1716.820284964225
 20
538.5473843512136
 30
0.0
 11
-1716.820284964225
 21
428.5473843512136
 31
0.0
  0
ARC
  5
482
330
46B
100
AcDbEntity
  8
JJ
 62
   252
100
AcDbCircle
 10
-1596.820284964224
 20
538.5473843512136
 30
0.0
 40
120.0
100
AcDbArc
 50
90.0000000000004
 51
180.0000000000004
  0
ARC
  5
483
330
46B
100
AcDbEntity
  8
JJ
 62
   252
100
AcDbCircle
 10
-1436.820284964225
 20
538.5473843512136
 30
0.0
 40
120.0
100
AcDbArc
 50
0.0000000000003997
 51
90.0000000000004
  0
ARC
  5
484
330
46B
100
AcDbEntity
  8
JJ
 62
   252
100
AcDbCircle
 10
-1119.426132101798
 20
533.8240451360015
 30
0.0
 40
120.0
100
AcDbArc
 50
90.0000000000004
 51
180.0000000000004
  0
ARC
  5
485
330
46B
100
AcDbEntity
  8
JJ
 62
   252
100
AcDbCircle
 10
-959.4261321017985
 20
423.8240451360016
 30
0.0
 40
120.0
100
AcDbArc
 50
270.0000000000004
 51
0.0000000000003997
  0
LINE
  5
486
330
46B
100
AcDbEntity
  8
JJ
 62
   252
100
AcDbLine
 10
-1051.956263505621
 20
303.0035828722303
 30
0.0
 11
-1027.294867843506
 21
303.0035828722303
 31
0.0
  0
LINE
  5
487
330
46B
100
AcDbEntity
  8
JJ
 62
   252
100
AcDbLine
 10
-1027.294867843506
 20
246.2032301247946
 30
0.0
 11
-1051.956263505621
 21
246.2032301247946
 31
0.0
  0
SOLID
  5
488
330
46B
100
AcDbEntity
  8
JJ
 62
   252
100
AcDbTrace
 10
-1027.294867843448
 20
246.2032301247946
 30
0.0
 11
-1051.956263505621
 21
246.2032301247946
 31
0.0
 12
-1027.294867843448
 22
303.0035828722303
 32
0.0
 13
-1051.956263505621
 23
303.0035828722303
 33
0.0
  0
LINE
  5
489
330
46B
100
AcDbEntity
  8
JJ
 62
   252
100
AcDbLine
 10
-1051.956263505621
 20
246.2032301247946
 30
0.0
 11
-1051.956263505621
 21
303.0035828722303
 31
0.0
  0
LINE
  5
48A
330
46B
100
AcDbEntity
  8
JJ
 62
   252
100
AcDbLine
 10
-1027.294867843506
 20
303.0035828722303
 30
0.0
 11
-1027.294867843506
 21
246.2032301247946
 31
0.0
  0
ARC
  5
48B
330
46B
100
AcDbEntity
  8
JJ
 62
   252
100
AcDbCircle
 10
-851.6813370790332
 20
249.9075853384693
 30
0.0
 40
21.77371540086023
100
AcDbArc
 50
309.0684858737982
 51
82.49523513838644
  0
LINE
  5
48C
330
46B
100
AcDbEntity
  8
JJ
 62
   252
100
AcDbLine
 10
-839.4261321017982
 20
423.8240451360016
 30
0.0
 11
-839.4261321017982
 21
533.8240451360015
 31
0.0
  0
ARC
  5
48D
330
46B
100
AcDbEntity
  8
JJ
 62
   252
100
AcDbCircle
 10
-959.4261321017985
 20
533.8240451360015
 30
0.0
 40
120.0
100
AcDbArc
 50
0.0000000000003997
 51
90.0000000000004
  0
LINE
  5
48E
330
46B
100
AcDbEntity
  8
JJ
 62
   252
100
AcDbLine
 10
-959.4261321017985
 20
653.8240451360016
 30
0.0
 11
-1119.426132101798
 21
653.8240451360016
 31
0.0
  0
LINE
  5
48F
330
46B
100
AcDbEntity
  8
JJ
 62
   252
100
AcDbLine
 10
-1119.426132101798
 20
303.8240451360016
 30
0.0
 11
-959.4261321017985
 21
303.8240451360016
 31
0.0
  0
ARC
  5
490
330
46B
100
AcDbEntity
  8
JJ
 62
   252
100
AcDbCircle
 10
-1039.036601591739
 20
944.4572956131432
 30
0.0
 40
739.3241275675727
100
AcDbArc
 50
254.2181394939089
 51
285.781860506092
  0
ARC
  5
491
330
46B
100
AcDbEntity
  8
JJ
 62
   252
100
AcDbCircle
 10
-1039.036601591739
 20
944.4572956131432
 30
0.0
 40
699.3241275675726
100
AcDbArc
 50
254.2181394939089
 51
285.781860506092
  0
ARC
  5
492
330
46B
100
AcDbEntity
  8
JJ
 62
   252
100
AcDbCircle
 10
-1119.426132101798
 20
1565.828213248997
 30
0.0
 40
120.0
100
AcDbArc
 50
179.9999999999996
 51
269.9999999999996
  0
ARC
  5
493
330
46B
100
AcDbEntity
  8
JJ
 62
   252
100
AcDbCircle
 10
-1436.820284964225
 20
1561.104874033784
 30
0.0
 40
120.0
100
AcDbArc
 50
269.9999999999996
 51
359.9999999999996
  0
ARC
  5
494
330
46B
100
AcDbEntity
  8
JJ
 62
   252
100
AcDbCircle
 10
-1596.820284964224
 20
1561.104874033784
 30
0.0
 40
120.0
100
AcDbArc
 50
179.9999999999996
 51
269.9999999999996
  0
ARC
  5
495
330
46B
100
AcDbEntity
  8
JJ
 62
   252
100
AcDbCircle
 10
-959.4261321017985
 20
1565.828213248997
 30
0.0
 40
120.0
100
AcDbArc
 50
269.9999999999996
 51
359.9999999999996
  0
ARC
  5
496
330
46B
100
AcDbEntity
  8
JJ
 62
   252
100
AcDbCircle
 10
-1965.966732801404
 20
968.3372302496346
 30
0.0
 40
120.0
100
AcDbArc
 50
270.0000000000004
 51
0.0000000000003997
  0
ARC
  5
497
330
46B
100
AcDbEntity
  8
JJ
 62
   252
100
AcDbCircle
 10
-1965.966732801404
 20
1128.337230249634
 30
0.0
 40
120.0
100
AcDbArc
 50
0.0000000000003997
 51
90.0000000000004
  0
LINE
  5
498
330
46B
100
AcDbEntity
  8
JJ
 62
   252
100
AcDbLine
 10
-1845.966732801404
 20
968.3372302496346
 30
0.0
 11
-1845.966732801404
 21
1128.337230249634
 31
0.0
  0
LINE
  5
499
330
46B
100
AcDbEntity
  8
JJ
 62
   252
100
AcDbLine
 10
-1965.966732801404
 20
1248.337230249634
 30
0.0
 11
-2075.966732801404
 21
1248.337230249634
 31
0.0
  0
ARC
  5
49A
330
46B
100
AcDbEntity
  8
JJ
 62
   252
100
AcDbCircle
 10
-2249.883192598878
 20
860.5924352268694
 30
0.0
 40
21.77371540086023
100
AcDbArc
 50
219.0684858737982
 51
352.4952351383865
  0
LINE
  5
49B
330
46B
100
AcDbEntity
  8
JJ
 62
   252
100
AcDbLine
 10
-2196.787195065117
 20
1036.205965991342
 30
0.0
 11
-2253.587547812611
 21
1036.205965991342
 31
0.0
  0
LINE
  5
49C
330
46B
100
AcDbEntity
  8
JJ
 62
   252
100
AcDbLine
 10
-2253.587547812611
 20
1060.867361653457
 30
0.0
 11
-2196.787195065117
 21
1060.867361653457
 31
0.0
  0
SOLID
  5
49D
330
46B
100
AcDbEntity
  8
JJ
 62
   252
100
AcDbTrace
 10
-2253.587547812611
 20
1036.205965991284
 30
0.0
 11
-2253.587547812611
 21
1060.867361653457
 31
0.0
 12
-2196.787195065117
 22
1036.205965991284
 32
0.0
 13
-2196.787195065117
 23
1060.867361653457
 33
0.0
  0
ARC
  5
49E
330
46B
100
AcDbEntity
  8
JJ
 62
   252
100
AcDbCircle
 10
-2249.883192598878
 20
1235.302964252222
 30
0.0
 40
21.77371540086023
100
AcDbArc
 50
7.50476486161436
 51
140.9315141262025
  0
ARC
  5
49F
330
46B
100
AcDbEntity
  8
JJ
 62
   252
100
AcDbCircle
 10
-1555.333482324262
 20
1047.947699739575
 30
0.0
 40
699.3241275675726
100
AcDbArc
 50
164.2181394939088
 51
195.7818605060919
  0
LINE
  5
4A0
330
46B
100
AcDbEntity
  8
JJ
 62
   252
100
AcDbLine
 10
-2253.587547812611
 20
1036.205965991342
 30
0.0
 11
-2253.587547812611
 21
1060.867361653457
 31
0.0
  0
ARC
  5
4A1
330
46B
100
AcDbEntity
  8
JJ
 62
   252
100
AcDbCircle
 10
-1555.333482324262
 20
1047.947699739575
 30
0.0
 40
739.3241275675727
100
AcDbArc
 50
164.2181394939088
 51
195.7818605060919
  0
ARC
  5
4A2
330
46B
100
AcDbEntity
  8
JJ
 62
   252
100
AcDbCircle
 10
-2075.966732801404
 20
968.3372302496346
 30
0.0
 40
120.0
100
AcDbArc
 50
180.0000000000004
 51
270.0000000000004
  0
LINE
  5
4A3
330
46B
100
AcDbEntity
  8
JJ
 62
   252
100
AcDbLine
 10
-2196.787195065117
 20
1060.867361653457
 30
0.0
 11
-2196.787195065117
 21
1036.205965991342
 31
0.0
  0
LINE
  5
4A4
330
46B
100
AcDbEntity
  8
JJ
 62
   252
100
AcDbLine
 10
-2195.966732801404
 20
1128.337230249634
 30
0.0
 11
-2195.966732801404
 21
968.3372302496346
 31
0.0
  0
ARC
  5
4A5
330
46B
100
AcDbEntity
  8
JJ
 62
   252
100
AcDbCircle
 10
-2075.966732801404
 20
1128.337230249634
 30
0.0
 40
120.0
100
AcDbArc
 50
90.0000000000004
 51
180.0000000000004
  0
LINE
  5
4A6
330
46B
100
AcDbEntity
  8
JJ
 62
   252
100
AcDbLine
 10
-2075.966732801404
 20
848.3372302496345
 30
0.0
 11
-1965.966732801404
 21
848.3372302496345
 31
0.0
  0
LINE
  5
4A7
330
46B
100
AcDbEntity
  8
JJ
 62
   252
100
AcDbLine
 10
-557.5795523709967
 20
860.1758966731004
 30
0.0
 11
-447.5795523709966
 21
860.1758966731004
 31
0.0
  0
LINE
  5
4A8
330
46B
100
AcDbEntity
  8
JJ
 62
   252
100
AcDbLine
 10
-447.5795523709966
 20
1260.1758966731
 30
0.0
 11
-557.5795523709967
 21
1260.1758966731
 31
0.0
  0
ARC
  5
4A9
330
46B
100
AcDbEntity
  8
JJ
 62
   252
100
AcDbCircle
 10
-447.5795523709966
 20
980.1758966731004
 30
0.0
 40
120.0
100
AcDbArc
 50
270.0000000000004
 51
0.0000000000003997
  0
LINE
  5
4AA
330
46B
100
AcDbEntity
  8
JJ
 62
   252
100
AcDbLine
 10
-327.5795523709967
 20
980.1758966731004
 30
0.0
 11
-327.5795523709967
 21
1140.1758966731
 31
0.0
  0
LINE
  5
4AB
330
46B
100
AcDbEntity
  8
JJ
 62
   252
100
AcDbLine
 10
-326.7590901072836
 20
1047.645765269278
 30
0.0
 11
-326.7590901072836
 21
1072.307160931393
 31
0.0
  0
ARC
  5
4AC
330
46B
100
AcDbEntity
  8
JJ
 62
   252
100
AcDbCircle
 10
-447.5795523709966
 20
1140.1758966731
 30
0.0
 40
120.0
100
AcDbArc
 50
0.0000000000003997
 51
90.0000000000004
  0
ARC
  5
4AD
330
46B
100
AcDbEntity
  8
JJ
 62
   252
100
AcDbCircle
 10
-968.2128028481384
 20
1060.56542718316
 30
0.0
 40
739.3241275675727
100
AcDbArc
 50
344.2181394939088
 51
15.78186050609193
  0
LINE
  5
4AE
330
46B
100
AcDbEntity
  8
JJ
 62
   252
100
AcDbLine
 10
-269.9587373597897
 20
1072.307160931393
 30
0.0
 11
-269.9587373597897
 21
1047.645765269278
 31
0.0
  0
ARC
  5
4AF
330
46B
100
AcDbEntity
  8
JJ
 62
   252
100
AcDbCircle
 10
-968.2128028481384
 20
1060.56542718316
 30
0.0
 40
699.3241275675726
100
AcDbArc
 50
344.2181394939088
 51
15.78186050609193
  0
ARC
  5
4B0
330
46B
100
AcDbEntity
  8
JJ
 62
   252
100
AcDbCircle
 10
-273.6630925735226
 20
873.2101626704544
 30
0.0
 40
21.77371540086023
100
AcDbArc
 50
187.5047648616144
 51
320.9315141262026
  0
SOLID
  5
4B1
330
46B
100
AcDbEntity
  8
JJ
 62
   252
100
AcDbTrace
 10
-269.9587373597897
 20
1072.307160931393
 30
0.0
 11
-269.9587373597897
 21
1047.645765269278
 31
0.0
 12
-326.7590901072836
 22
1072.307160931393
 32
0.0
 13
-326.7590901072836
 23
1047.645765269278
 33
0.0
  0
LINE
  5
4B2
330
46B
100
AcDbEntity
  8
JJ
 62
   252
100
AcDbLine
 10
-269.9587373597897
 20
1047.645765269278
 30
0.0
 11
-326.7590901072836
 21
1047.645765269278
 31
0.0
  0
LINE
  5
4B3
330
46B
100
AcDbEntity
  8
JJ
 62
   252
100
AcDbLine
 10
-326.7590901072836
 20
1072.307160931393
 30
0.0
 11
-269.9587373597897
 21
1072.307160931393
 31
0.0
  0
ARC
  5
4B4
330
46B
100
AcDbEntity
  8
JJ
 62
   252
100
AcDbCircle
 10
-273.6630925735226
 20
1247.920691695865
 30
0.0
 40
21.77371540086023
100
AcDbArc
 50
39.06848587379823
 51
172.4952351383864
  0
LINE
  5
4B5
330
46B
100
AcDbEntity
  8
JJ
 62
   252
100
AcDbLine
 10
-677.5795523709966
 20
1140.1758966731
 30
0.0
 11
-677.5795523709966
 21
980.1758966731004
 31
0.0
  0
ARC
  5
4B6
330
46B
100
AcDbEntity
  8
JJ
 62
   252
100
AcDbCircle
 10
-557.5795523709967
 20
1140.1758966731
 30
0.0
 40
120.0
100
AcDbArc
 50
90.0000000000004
 51
180.0000000000004
  0
ARC
  5
4B7
330
46B
100
AcDbEntity
  8
JJ
 62
   252
100
AcDbCircle
 10
-557.5795523709967
 20
980.1758966731004
 30
0.0
 40
120.0
100
AcDbArc
 50
180.0000000000004
 51
270.0000000000004
  0
LINE
  5
4B8
330
46B
100
AcDbEntity
  8
JJ
 62
   252
100
AcDbLine
 10
-1663.835451750609
 20
1366.424140228844
 30
0.0
 11
-863.8354517506085
 21
1366.424140228844
 31
0.0
  0
LINE
  5
4B9
330
46B
100
AcDbEntity
  8
JJ
 62
   252
100
AcDbLine
 10
-1436.820284964225
 20
1441.104874033785
 30
0.0
 11
-1596.820284964224
 21
1441.104874033785
 31
0.0
  0
LINE
  5
4BA
330
46B
100
AcDbEntity
  8
JJ
 62
   252
100
AcDbLine
 10
-959.4261321017985
 20
1445.828213248996
 30
0.0
 11
-1119.426132101798
 21
1445.828213248996
 31
0.0
  0
LINE
  5
4BB
330
46B
100
AcDbEntity
  8
JJ
 62
   252
100
AcDbLine
 10
-1716.820284964225
 20
1561.104874033784
 30
0.0
 11
-1716.820284964225
 21
1671.104874033785
 31
0.0
  0
LINE
  5
4BC
330
46B
100
AcDbEntity
  8
JJ
 62
   252
100
AcDbLine
 10
-1316.820284964226
 20
1671.104874033785
 30
0.0
 11
-1316.820284964226
 21
1561.104874033784
 31
0.0
  0
LINE
  5
4BD
330
46B
100
AcDbEntity
  8
JJ
 62
   252
100
AcDbLine
 10
-1239.426132101798
 20
1565.828213248997
 30
0.0
 11
-1239.426132101798
 21
1675.828213248997
 31
0.0
  0
LINE
  5
4BE
330
46B
100
AcDbEntity
  8
JJ
 62
   252
100
AcDbLine
 10
-1596.820284964224
 20
1791.104874033784
 30
0.0
 11
-1436.820284964225
 21
1791.104874033784
 31
0.0
  0
LINE
  5
4BF
330
46B
100
AcDbEntity
  8
JJ
 62
   252
100
AcDbLine
 10
-1529.350416368048
 20
1791.925336297498
 30
0.0
 11
-1504.689020705933
 21
1791.925336297498
 31
0.0
  0
ARC
  5
4C0
330
46B
100
AcDbEntity
  8
JJ
 62
   252
100
AcDbCircle
 10
-1516.430754454166
 20
1150.471623556643
 30
0.0
 40
739.3241275675727
100
AcDbArc
 50
74.21813949390807
 51
105.7818605060911
  0
LINE
  5
4C1
330
46B
100
AcDbEntity
  8
JJ
 62
   252
100
AcDbLine
 10
-1504.689020705933
 20
1848.725689044991
 30
0.0
 11
-1529.350416368048
 21
1848.725689044991
 31
0.0
  0
ARC
  5
4C2
330
46B
100
AcDbEntity
  8
JJ
 62
   252
100
AcDbCircle
 10
-1516.430754454166
 20
1150.471623556643
 30
0.0
 40
699.3241275675726
100
AcDbArc
 50
74.21813949390807
 51
105.7818605060911
  0
ARC
  5
4C3
330
46B
100
AcDbEntity
  8
JJ
 62
   252
100
AcDbCircle
 10
-1703.786018966814
 20
1845.021333831258
 30
0.0
 40
21.77371540086023
100
AcDbArc
 50
129.0684858737973
 51
262.4952351383856
  0
SOLID
  5
4C4
330
46B
100
AcDbEntity
  8
JJ
 62
   252
100
AcDbTrace
 10
-1504.689020705875
 20
1848.725689044991
 30
0.0
 11
-1529.350416368048
 21
1848.725689044991
 31
0.0
 12
-1504.689020705875
 22
1791.925336297498
 32
0.0
 13
-1529.350416368048
 23
1791.925336297498
 33
0.0
  0
LINE
  5
4C5
330
46B
100
AcDbEntity
  8
JJ
 62
   252
100
AcDbLine
 10
-1529.350416368048
 20
1848.725689044991
 30
0.0
 11
-1529.350416368048
 21
1791.925336297498
 31
0.0
  0
LINE
  5
4C6
330
46B
100
AcDbEntity
  8
JJ
 62
   252
100
AcDbLine
 10
-1504.689020705933
 20
1791.925336297498
 30
0.0
 11
-1504.689020705933
 21
1848.725689044991
 31
0.0
  0
ARC
  5
4C7
330
46B
100
AcDbEntity
  8
JJ
 62
   252
100
AcDbCircle
 10
-1329.07548994146
 20
1845.021333831258
 30
0.0
 40
21.77371540086023
100
AcDbArc
 50
277.5047648616135
 51
50.93151412620177
  0
ARC
  5
4C8
330
46B
100
AcDbEntity
  8
JJ
 62
   252
100
AcDbCircle
 10
-1226.391866104386
 20
1849.744673046529
 30
0.0
 40
21.77371540086023
100
AcDbArc
 50
129.0684858737973
 51
262.4952351383856
  0
ARC
  5
4C9
330
46B
100
AcDbEntity
  8
JJ
 62
   252
100
AcDbCircle
 10
-1119.426132101798
 20
1675.828213248997
 30
0.0
 40
120.0
100
AcDbArc
 50
89.9999999999996
 51
179.9999999999996
  0
ARC
  5
4CA
330
46B
100
AcDbEntity
  8
JJ
 62
   252
100
AcDbCircle
 10
-1596.820284964224
 20
1671.104874033785
 30
0.0
 40
120.0
100
AcDbArc
 50
89.9999999999996
 51
179.9999999999996
  0
ARC
  5
4CB
330
46B
100
AcDbEntity
  8
JJ
 62
   252
100
AcDbCircle
 10
-1436.820284964225
 20
1671.104874033785
 30
0.0
 40
120.0
100
AcDbArc
 50
359.9999999999996
 51
89.9999999999996
  0
LINE
  5
4CC
330
46B
100
AcDbEntity
  8
JJ
 62
   252
100
AcDbLine
 10
-839.4261321017982
 20
1675.828213248997
 30
0.0
 11
-839.4261321017982
 21
1565.828213248997
 31
0.0
  0
ARC
  5
4CD
330
46B
100
AcDbEntity
  8
JJ
 62
   252
100
AcDbCircle
 10
-851.6813370790332
 20
1849.744673046529
 30
0.0
 40
21.77371540086023
100
AcDbArc
 50
277.5047648616135
 51
50.93151412620177
  0
LINE
  5
4CE
330
46B
100
AcDbEntity
  8
JJ
 62
   252
100
AcDbLine
 10
-1027.294867843506
 20
1796.648675512768
 30
0.0
 11
-1027.294867843506
 21
1853.449028260203
 31
0.0
  0
LINE
  5
4CF
330
46B
100
AcDbEntity
  8
JJ
 62
   252
100
AcDbLine
 10
-1051.956263505621
 20
1853.449028260203
 30
0.0
 11
-1051.956263505621
 21
1796.648675512768
 31
0.0
  0
SOLID
  5
4D0
330
46B
100
AcDbEntity
  8
JJ
 62
   252
100
AcDbTrace
 10
-1027.294867843448
 20
1853.449028260203
 30
0.0
 11
-1051.956263505621
 21
1853.449028260203
 31
0.0
 12
-1027.294867843448
 22
1796.648675512768
 32
0.0
 13
-1051.956263505621
 23
1796.648675512768
 33
0.0
  0
LINE
  5
4D1
330
46B
100
AcDbEntity
  8
JJ
 62
   252
100
AcDbLine
 10
-1027.294867843506
 20
1853.449028260203
 30
0.0
 11
-1051.956263505621
 21
1853.449028260203
 31
0.0
  0
LINE
  5
4D2
330
46B
100
AcDbEntity
  8
JJ
 62
   252
100
AcDbLine
 10
-1051.956263505621
 20
1796.648675512768
 30
0.0
 11
-1027.294867843506
 21
1796.648675512768
 31
0.0
  0
ARC
  5
4D3
330
46B
100
AcDbEntity
  8
JJ
 62
   252
100
AcDbCircle
 10
-959.4261321017985
 20
1675.828213248997
 30
0.0
 40
120.0
100
AcDbArc
 50
359.9999999999996
 51
89.9999999999996
  0
ARC
  5
4D4
330
46B
100
AcDbEntity
  8
JJ
 62
   252
100
AcDbCircle
 10
-1039.036601591739
 20
1155.194962771855
 30
0.0
 40
699.3241275675726
100
AcDbArc
 50
74.21813949390807
 51
105.7818605060911
  0
ARC
  5
4D5
330
46B
100
AcDbEntity
  8
JJ
 62
   252
100
AcDbCircle
 10
-1039.036601591739
 20
1155.194962771855
 30
0.0
 40
739.3241275675727
100
AcDbArc
 50
74.21813949390807
 51
105.7818605060911
  0
LINE
  5
4D6
330
46B
100
AcDbEntity
  8
JJ
 62
   252
100
AcDbLine
 10
-1119.426132101798
 20
1795.828213248996
 30
0.0
 11
-959.4261321017985
 21
1795.828213248996
 31
0.0
  0
ENDBLK
  5
4D7
330
46B
100
AcDbEntity
  8
0
100
AcDbBlockEnd
  0
BLOCK
  5
353
330
352
100
AcDbEntity
  8
0
100
AcDbBlockBegin
  2
_C38
 70
     2
 10
0.0
 20
0.0
 30
0.0
  3
_C38
  1

  0
ATTDEF
  5
354
330
352
100
AcDbEntity
  8
0
100
AcDbText
 10
0.0
 20
0.0
 30
0.0
 40
0.5
  1
783
100
AcDbAttributeDefinition
280
     0
  3
XSIZE
  2
XSIZE
 70
     9
280
     0
  0
ATTDEF
  5
355
330
352
100
AcDbEntity
  8
0
100
AcDbText
 10
0.0
 20
0.0
 30
0.0
 40
0.5
  1
908
100
AcDbAttributeDefinition
280
     0
  3
YSIZE
  2
YSIZE
 70
     9
280
     0
  0
LINE
  5
356
330
352
100
AcDbEntity
  8
0
100
AcDbLine
 39
400.0
 10
489.1066666668229
 20
-419.0533333331841
 30
0.0
 11
489.1066666668229
 21
167.6400000001522
 31
0.0
  0
LINE
  5
357
330
352
100
AcDbEntity
  8
0
100
AcDbLine
 39
400.0
 10
0.0
 20
-279.3733333332057
 30
0.0
 11
153.7200000001248
 21
-279.3733333332057
 31
0.0
  0
LINE
  5
358
330
352
100
AcDbEntity
  8
0
100
AcDbLine
 39
400.0
 10
0.0
 20
0.0
 30
0.0
 11
0.0
 21
-279.3733333332057
 31
0.0
  0
LINE
  5
359
330
352
100
AcDbEntity
  8
0
100
AcDbLine
 39
400.0
 10
153.7200000001248
 20
0.0
 30
0.0
 11
0.0
 21
0.0
 31
0.0
  0
LINE
  5
35A
330
352
100
AcDbEntity
  8
0
100
AcDbLine
 39
400.0
 10
153.7200000001248
 20
-279.3733333332057
 30
0.0
 11
307.4399999997695
 21
-433.0399999998916
 31
0.0
  0
LINE
  5
35B
330
352
100
AcDbEntity
  8
0
100
AcDbLine
 39
400.0
 10
153.7200000001248
 20
0.0
 30
0.0
 11
153.7200000001248
 21
-279.3733333332057
 31
0.0
  0
LINE
  5
35C
330
352
100
AcDbEntity
  8
0
100
AcDbLine
 39
400.0
 10
307.4399999997695
 20
167.6266666666706
 30
0.0
 11
153.7200000001248
 21
0.0
 31
0.0
  0
LINE
  5
35D
330
352
100
AcDbEntity
  8
0
100
AcDbLine
 39
400.0
 10
307.4399999997695
 20
-433.0399999998916
 30
0.0
 11
489.1066666668229
 21
-433.0399999998916
 31
0.0
  0
LINE
  5
35E
330
352
100
AcDbEntity
  8
0
100
AcDbLine
 39
400.0
 10
307.4399999997695
 20
167.6266666666706
 30
0.0
 11
307.4399999997695
 21
-433.0399999998916
 31
0.0
  0
LINE
  5
35F
330
352
100
AcDbEntity
  8
0
100
AcDbLine
 39
400.0
 10
489.1066666668229
 20
167.6266666666706
 30
0.0
 11
307.4399999997695
 21
167.6266666666706
 31
0.0
  0
ARC
  5
360
330
352
100
AcDbEntity
  8
0
100
AcDbCircle
 39
400.0
 10
-126.4213851243421
 20
-129.0983791591716
 30
0.0
 40
683.3158386586368
100
AcDbArc
 50
333.5892003361128
 51
25.73712769316044
  0
LINE
  5
361
330
352
100
AcDbEntity
  8
0
100
AcDbLine
 39
400.0
 10
410.8195409685866
 20
-143.2159747948535
 30
0.0
 11
768.6000000001503
 21
-586.6933333333362
 31
0.0
  0
LINE
  5
362
330
352
100
AcDbEntity
  8
0
100
AcDbLine
 39
400.0
 10
410.8195409685866
 20
-143.2159747948535
 30
0.0
 11
782.5600000001314
 21
321.2933333333567
 31
0.0
  0
ENDBLK
  5
363
330
352
100
AcDbEntity
  8
0
100
AcDbBlockEnd
  0
BLOCK
  5
1FD
330
1FC
100
AcDbEntity
  8
0
100
AcDbBlockBegin
  2
SZ2
 70
     0
 10
0.0
 20
0.0
 30
0.0
  3
SZ2
  1

  0
CIRCLE
  5
1FE
330
1FC
100
AcDbEntity
  8
JJ
 62
   252
100
AcDbCircle
 10
-205.4441702977491
 20
230.5059890280245
 30
0.0
 40
129.6453605966293
  0
CIRCLE
  5
1FF
330
1FC
100
AcDbEntity
  8
JJ
 62
   252
100
AcDbCircle
 10
-205.4441702977491
 20
230.5059890280245
 30
0.0
 40
63.70002535819535
  0
LINE
  5
200
330
1FC
100
AcDbEntity
  8
JJ
 62
   252
100
AcDbLine
 10
-1044.329330144406
 20
54.89913429738954
 30
0.0
 11
-1044.329330144406
 21
654.8991342973895
 31
0.0
  0
LINE
  5
201
330
1FC
100
AcDbEntity
  8
JJ
 62
   252
100
AcDbLine
 10
-44.32933014440639
 20
654.8991342973968
 30
0.0
 11
-44.32933014440639
 21
54.89913429739681
 31
0.0
  0
LINE
  5
202
330
1FC
100
AcDbEntity
  8
JJ
 62
   252
100
AcDbLine
 10
-44.32933014440639
 20
54.89913429739681
 30
0.0
 11
-1044.329330144406
 21
54.89913429738954
 31
0.0
  0
LINE
  5
203
330
1FC
100
AcDbEntity
  8
JJ
 62
   252
100
AcDbLine
 10
-205.4441702977491
 20
203.3173055562838
 30
0.0
 11
-205.4441702977491
 21
263.0315512879461
 31
0.0
  0
LINE
  5
204
330
1FC
100
AcDbEntity
  8
JJ
 62
   252
100
AcDbLine
 10
-166.886740535876
 20
231.2993284567274
 30
0.0
 11
-238.3801725944213
 21
231.2993284567274
 31
0.0
  0
ARC
  5
205
330
1FC
100
AcDbEntity
  8
JJ
 62
   252
100
AcDbCircle
 10
-753.7627186299214
 20
960.9941702159503
 30
0.0
 40
21.77371540086023
100
AcDbArc
 50
129.0684858737982
 51
262.4952351383865
  0
LINE
  5
206
330
1FC
100
AcDbEntity
  8
JJ
 62
   252
100
AcDbLine
 10
-578.1491878654632
 20
907.8981726821877
 30
0.0
 11
-578.1491878654632
 21
964.6985254296414
 31
0.0
  0
LINE
  5
207
330
1FC
100
AcDbEntity
  8
JJ
 62
   252
100
AcDbLine
 10
-553.4877922033047
 20
964.6985254296414
 30
0.0
 11
-553.4877922033047
 21
907.8981726821877
 31
0.0
  0
SOLID
  5
208
330
1FC
100
AcDbEntity
  8
JJ
 62
   252
100
AcDbTrace
 10
-578.1491878654779
 20
964.6985254296414
 30
0.0
 11
-553.4877922033191
 21
964.6985254296414
 31
0.0
 12
-578.1491878654779
 22
907.8981726821877
 32
0.0
 13
-553.4877922033191
 23
907.8981726821877
 33
0.0
  0
ARC
  5
209
330
1FC
100
AcDbEntity
  8
JJ
 62
   252
100
AcDbCircle
 10
-379.0521896045684
 20
960.994170215954
 30
0.0
 40
21.77371540086023
100
AcDbArc
 50
277.5047648616144
 51
50.93151412620257
  0
ARC
  5
20A
330
1FC
100
AcDbEntity
  8
JJ
 62
   252
100
AcDbCircle
 10
-566.4074541172302
 20
266.4444599413073
 30
0.0
 40
699.3241275675726
100
AcDbArc
 50
74.21813949390887
 51
105.7818605060919
  0
LINE
  5
20B
330
1FC
100
AcDbEntity
  8
JJ
 62
   252
100
AcDbLine
 10
-578.1491878654632
 20
964.6985254296414
 30
0.0
 11
-553.4877922033047
 21
964.6985254296414
 31
0.0
  0
ARC
  5
20C
330
1FC
100
AcDbEntity
  8
JJ
 62
   252
100
AcDbCircle
 10
-566.4074541172302
 20
266.4444599413073
 30
0.0
 40
739.3241275675727
100
AcDbArc
 50
74.21813949390887
 51
105.7818605060919
  0
ARC
  5
20D
330
1FC
100
AcDbEntity
  8
JJ
 62
   252
100
AcDbCircle
 10
-646.0179236071562
 20
787.0777104184307
 30
0.0
 40
120.0
100
AcDbArc
 50
90.0000000000004
 51
180.0000000000004
  0
LINE
  5
20E
330
1FC
100
AcDbEntity
  8
JJ
 62
   252
100
AcDbLine
 10
-553.4877922033047
 20
907.8981726821877
 30
0.0
 11
-578.1491878654632
 21
907.8981726821877
 31
0.0
  0
LINE
  5
20F
330
1FC
100
AcDbEntity
  8
JJ
 62
   252
100
AcDbLine
 10
-486.0179236071561
 20
907.0777104184308
 30
0.0
 11
-646.0179236071562
 21
907.0777104184308
 31
0.0
  0
ARC
  5
210
330
1FC
100
AcDbEntity
  8
JJ
 62
   252
100
AcDbCircle
 10
-486.0179236071561
 20
787.0777104184307
 30
0.0
 40
120.0
100
AcDbArc
 50
0.0000000000003997
 51
90.0000000000004
  0
ARC
  5
211
330
1FC
100
AcDbEntity
  8
JJ
 62
   252
100
AcDbCircle
 10
-486.0179236071561
 20
677.0777104184341
 30
0.0
 40
120.0
100
AcDbArc
 50
270.0000000000004
 51
0.0000000000003997
  0
LINE
  5
212
330
1FC
100
AcDbEntity
  8
JJ
 62
   252
100
AcDbLine
 10
-366.0179236071563
 20
677.0777104184362
 30
0.0
 11
-366.0179236071563
 21
787.0777104184326
 31
0.0
  0
ARC
  5
213
330
1FC
100
AcDbEntity
  8
JJ
 62
   252
100
AcDbCircle
 10
-646.0179236071562
 20
677.0777104184341
 30
0.0
 40
120.0
100
AcDbArc
 50
180.0000000000004
 51
270.0000000000004
  0
LINE
  5
214
330
1FC
100
AcDbEntity
  8
JJ
 62
   252
100
AcDbLine
 10
-766.0179236071562
 20
787.0777104184287
 30
0.0
 11
-766.0179236071562
 21
677.0777104184324
 31
0.0
  0
LINE
  5
215
330
1FC
100
AcDbEntity
  8
JJ
 62
   252
100
AcDbLine
 10
-646.0179236071562
 20
557.0777104184343
 30
0.0
 11
-486.0179236071561
 21
557.0777104184343
 31
0.0
  0
LINE
  5
216
330
1FC
100
AcDbEntity
  8
JJ
 62
   252
100
AcDbLine
 10
-1044.329330144406
 20
654.8991342973895
 30
0.0
 11
-44.32933014440639
 21
654.8991342973968
 31
0.0
  0
ENDBLK
  5
217
330
1FC
100
AcDbEntity
  8
0
100
AcDbBlockEnd
  0
BLOCK
  5
C1
330
C0
100
AcDbEntity
  8
0
100
AcDbBlockBegin
  2
RC31
 70
     0
 10
0.0
 20
0.0
 30
0.0
  3
RC31
  1

  0
LINE
  5
C2
330
C0
100
AcDbEntity
  8
JJ
 62
   252
100
AcDbLine
 39
270.0
 10
-2356.192538582705
 20
355.7920067935302
 30
0.0
 11
-2356.192538582749
 21
2335.79200679353
 31
0.0
  0
LINE
  5
C3
330
C0
100
AcDbEntity
  8
JJ
 62
   252
100
AcDbLine
 39
270.0
 10
-856.1925385827489
 20
2335.792006793568
 30
0.0
 11
-856.1925385827052
 21
355.7920067935683
 31
0.0
  0
LINE
  5
C4
330
C0
100
AcDbEntity
  8
JJ
 62
   252
100
AcDbLine
 39
270.0
 10
-892.1113620987016
 20
1926.038453705702
 30
0.0
 11
-892.1113620986725
 21
388.0245040134523
 31
0.0
  0
LINE
  5
C5
330
C0
100
AcDbEntity
  8
JJ
 62
   252
100
AcDbLine
 39
270.0
 10
-2325.942287740123
 20
388.0245040134159
 30
0.0
 11
-2325.942287740152
 21
1926.038453705665
 31
0.0
  0
LINE
  5
C6
330
C0
100
AcDbEntity
  8
JJ
 62
   252
100
AcDbLine
 39
270.0
 10
-2325.942287740138
 20
956.2565425802004
 30
0.0
 11
-1833.806660108544
 21
388.0245040134287
 31
0.0
  0
LINE
  5
C7
330
C0
100
AcDbEntity
  8
JJ
 62
   252
100
AcDbLine
 39
270.0
 10
-422.6900458002345
 20
1910.885997073219
 30
0.0
 11
-831.5409772938146
 21
1910.885997073208
 31
0.0
  0
LINE
  5
C8
330
C0
100
AcDbEntity
  8
JJ
 62
   252
100
AcDbLine
 39
270.0
 10
-422.690045800249
 20
2297.283412999405
 30
0.0
 11
-422.6900458002345
 21
1910.885997073219
 31
0.0
  0
LINE
  5
C9
330
C0
100
AcDbEntity
  8
JJ
 62
   252
100
AcDbLine
 39
270.0
 10
-402.1895743188214
 20
2335.792006793581
 30
0.0
 11
-402.1895743188068
 21
1885.792006793581
 31
0.0
  0
LINE
  5
CA
330
C0
100
AcDbEntity
  8
JJ
 62
   252
100
AcDbLine
 39
270.0
 10
-402.1895743188068
 20
1885.792006793581
 30
0.0
 11
-856.1925385827342
 21
1885.792006793576
 31
0.0
  0
LINE
  5
CB
330
C0
100
AcDbEntity
  8
JJ
 62
   252
100
AcDbLine
 39
270.0
 10
-2802.189574318807
 20
1885.792006793519
 30
0.0
 11
-2802.189574318822
 21
2335.79200679352
 31
0.0
  0
LINE
  5
CC
330
C0
100
AcDbEntity
  8
JJ
 62
   252
100
AcDbLine
 39
270.0
 10
-2325.942287740152
 20
1926.038453705665
 30
0.0
 11
-2325.942287740167
 21
2297.283412999355
 31
0.0
  0
LINE
  5
CD
330
C0
100
AcDbEntity
  8
JJ
 62
   252
100
AcDbLine
 39
270.0
 10
-2068.517503604948
 20
2297.283412999361
 30
0.0
 11
-2068.517503604933
 21
1926.038453705671
 31
0.0
  0
LINE
  5
CE
330
C0
100
AcDbEntity
  8
JJ
 62
   252
100
AcDbLine
 39
270.0
 10
-2378.941235434016
 20
2312.436383936915
 30
0.0
 11
-2378.941235434002
 21
1918.462225389416
 31
0.0
  0
LINE
  5
CF
330
C0
100
AcDbEntity
  8
JJ
 62
   252
100
AcDbLine
 39
270.0
 10
-2378.941235434002
 20
1918.462225389416
 30
0.0
 11
-2780.221100511452
 21
1918.462225389404
 31
0.0
  0
LINE
  5
D0
330
C0
100
AcDbEntity
  8
JJ
 62
   252
100
AcDbLine
 39
270.0
 10
-2780.221100511452
 20
1918.462225389404
 30
0.0
 11
-2780.221100511466
 21
2312.436383936903
 31
0.0
  0
LINE
  5
D1
330
C0
100
AcDbEntity
  8
JJ
 62
   252
100
AcDbLine
 39
270.0
 10
-2780.221100511466
 20
2312.436383936903
 30
0.0
 11
-2378.941235434016
 21
2312.436383936915
 31
0.0
  0
CIRCLE
  5
D2
330
C0
100
AcDbEntity
  8
JJ
 62
   252
100
AcDbCircle
 39
270.0
 10
-2575.795634764349
 20
2115.44930466316
 30
0.0
 40
77.21470145435069
  0
LINE
  5
D3
330
C0
100
AcDbEntity
  8
JJ
 62
   252
100
AcDbLine
 39
270.0
 10
-2575.795634764349
 20
2244.248271870418
 30
0.0
 11
-2575.795634764334
 21
1979.073594834588
 31
0.0
  0
LINE
  5
D4
330
C0
100
AcDbEntity
  8
JJ
 62
   252
100
AcDbLine
 39
270.0
 10
-2462.22593157136
 20
2115.449304663163
 30
0.0
 11
-2704.507841484505
 21
2115.449304663156
 31
0.0
  0
CIRCLE
  5
D5
330
C0
100
AcDbEntity
  8
JJ
 62
   252
100
AcDbCircle
 39
270.0
 10
-619.5444451305811
 20
2115.449304663211
 30
0.0
 40
77.21470145435069
  0
LINE
  5
D6
330
C0
100
AcDbEntity
  8
JJ
 62
   252
100
AcDbLine
 39
270.0
 10
-619.5444451305811
 20
2244.248271870469
 30
0.0
 11
-619.5444451305665
 21
1979.073594834639
 31
0.0
  0
LINE
  5
D7
330
C0
100
AcDbEntity
  8
JJ
 62
   252
100
AcDbLine
 39
270.0
 10
-505.9747419375926
 20
2115.449304663212
 30
0.0
 11
-748.2566518507373
 21
2115.449304663207
 31
0.0
  0
LINE
  5
D8
330
C0
100
AcDbEntity
  8
JJ
 62
   252
100
AcDbLine
 39
270.0
 10
-831.5409772938291
 20
2297.283412999393
 30
0.0
 11
-422.690045800249
 21
2297.283412999405
 31
0.0
  0
LINE
  5
D9
330
C0
100
AcDbEntity
  8
JJ
 62
   252
100
AcDbLine
 39
270.0
 10
-831.5409772938146
 20
1910.885997073208
 30
0.0
 11
-831.5409772938291
 21
2297.283412999393
 31
0.0
  0
LINE
  5
DA
330
C0
100
AcDbEntity
  8
JJ
 62
   252
100
AcDbLine
 39
270.0
 10
-1126.822205595075
 20
2297.283412999386
 30
0.0
 11
-1126.822205595061
 21
1926.038453705696
 31
0.0
  0
LINE
  5
DB
330
C0
100
AcDbEntity
  8
JJ
 62
   252
100
AcDbLine
 39
270.0
 10
-2325.942287740167
 20
2297.283412999355
 30
0.0
 11
-892.1113620987163
 21
2297.283412999392
 31
0.0
  0
LINE
  5
DC
330
C0
100
AcDbEntity
  8
JJ
 62
   252
100
AcDbLine
 39
270.0
 10
-892.1113620987163
 20
2297.283412999392
 30
0.0
 11
-892.1113620987016
 21
1926.038453705702
 31
0.0
  0
LINE
  5
DD
330
C0
100
AcDbEntity
  8
JJ
 62
   252
100
AcDbLine
 39
270.0
 10
-2802.189574318822
 20
2335.79200679352
 30
0.0
 11
-402.1895743188214
 21
2335.792006793581
 31
0.0
  0
LINE
  5
DE
330
C0
100
AcDbEntity
  8
JJ
 62
   252
100
AcDbLine
 39
270.0
 10
-1612.086602836425
 20
2297.283412999373
 30
0.0
 11
-1612.086602836411
 21
1926.038453705683
 31
0.0
  0
LINE
  5
DF
330
C0
100
AcDbEntity
  8
JJ
 62
   252
100
AcDbLine
 39
270.0
 10
-2356.192538582734
 20
1885.792006793537
 30
0.0
 11
-2802.189574318807
 21
1885.792006793519
 31
0.0
  0
LINE
  5
E0
330
C0
100
AcDbEntity
  8
JJ
 62
   252
100
AcDbLine
 39
270.0
 10
-892.1113620987016
 20
1926.038453705702
 30
0.0
 11
-2325.942287740152
 21
1926.038453705665
 31
0.0
  0
LINE
  5
E1
330
C0
100
AcDbEntity
  8
JJ
 62
   252
100
AcDbLine
 39
270.0
 10
-892.1113620986725
 20
388.0245040134523
 30
0.0
 11
-2325.942287740123
 21
388.0245040134159
 31
0.0
  0
LINE
  5
E2
330
C0
100
AcDbEntity
  8
JJ
 62
   252
100
AcDbLine
 39
270.0
 10
-856.1925385827052
 20
355.7920067935683
 30
0.0
 11
-2356.192538582705
 21
355.7920067935302
 31
0.0
  0
LINE
  5
E3
330
C0
100
AcDbEntity
  8
JJ
 62
   252
100
AcDbLine
 10
-1833.806660108544
 20
388.0245040134287
 30
0.0
 11
-1833.806660108559
 21
950.5143287449865
 31
0.0
  0
LINE
  5
E4
330
C0
100
AcDbEntity
  8
JJ
 62
   252
100
AcDbLine
 10
-1833.806660108559
 20
950.5143287449865
 30
0.0
 11
-2325.942287740138
 21
956.2565425802004
 31
0.0
  0
ENDBLK
  5
E5
330
C0
100
AcDbEntity
  8
0
100
AcDbBlockEnd
  0
BLOCK
  5
3A9
330
3A8
100
AcDbEntity
  8
0
100
AcDbBlockBegin
  2
RDC1
 70
     0
 10
0.0
 20
0.0
 30
0.0
  3
RDC1
  1

  0
INSERT
  5
3AA
330
3A8
100
AcDbEntity
  8
JJ
100
AcDbBlockReference
 66
     1
  2
_C17
 10
-2192.102904782994
 20
693.0386566602537
 30
0.0
 41
-1.0
 50
179.9999999999993
  0
ATTRIB
  5
3CA
330
3AA
100
AcDbEntity
  8
0
100
AcDbText
 10
-2192.102904782994
 20
692.5386566602829
 30
0.0
 40
0.5
  1
1936
 50
359.9999999999992
100
AcDbAttribute
280
     0
  2
XSIZE
 70
     9
280
     0
  0
ATTRIB
  5
3CB
330
3AA
100
AcDbEntity
  8
0
100
AcDbText
 10
-2192.102904782994
 20
692.5386566602829
 30
0.0
 40
0.5
  1
897
 50
359.9999999999992
100
AcDbAttribute
280
     0
  2
YSIZE
 70
     9
280
     0
  0
ATTRIB
  5
3CC
330
3AA
100
AcDbEntity
  8
0
100
AcDbText
 10
-2192.102904782994
 20
692.5386566602829
 30
0.0
 40
0.5
  1
1936
 50
359.9999999999992
 41
0.7
  7
HZ
100
AcDbAttribute
280
     0
  2
XSIZE
 70
     9
280
     0
  0
ATTRIB
  5
3CD
330
3AA
100
AcDbEntity
  8
0
100
AcDbText
 10
-2192.102904782994
 20
692.5386566602829
 30
0.0
 40
0.5
  1
897
 50
359.9999999999992
 41
0.7
  7
HZ
100
AcDbAttribute
280
     0
  2
YSIZE
 70
     9
280
     0
  0
SEQEND
  5
3CE
330
3AA
100
AcDbEntity
  8
JJ
  0
INSERT
  5
3CF
330
3A8
100
AcDbEntity
  8
JJ
100
AcDbBlockReference
 66
     1
  2
_C61
 10
-1986.751246832122
 20
471.204221648295
 30
0.0
 41
-1.0
 50
89.99999999999927
  0
ATTRIB
  5
3E1
330
3CF
100
AcDbEntity
  8
0
100
AcDbText
 10
-1986.751246832093
 20
470.432793076892
 30
0.0
 40
0.5
  1
428
 50
89.99999999999927
 41
0.6
  7
DIM_FONT
100
AcDbAttribute
280
     0
  2
XSIZE
 70
     9
280
     0
  0
ATTRIB
  5
3E2
330
3CF
100
AcDbEntity
  8
0
100
AcDbText
 10
-1986.751246832093
 20
470.4470787911993
 30
0.0
 40
0.5
  1
436
 50
89.99999999999927
 41
0.6
  7
DIM_FONT
100
AcDbAttribute
280
     0
  2
YSIZE
 70
     9
280
     0
  0
ATTRIB
  5
3E3
330
3CF
100
AcDbEntity
  8
0
100
AcDbText
 10
-2195.190750029244
 20
268.9110878117208
 30
0.0
 40
0.5
  1
2029
 50
359.9999999999992
100
AcDbAttribute
280
     0
  2
YSIZE
 70
     9
280
     0
  0
ATTRIB
  5
3E4
330
3CF
100
AcDbEntity
  8
0
100
AcDbText
 10
-2195.190750029244
 20
268.9110878117208
 30
0.0
 40
0.5
  1
2163
 50
359.9999999999992
100
AcDbAttribute
280
     0
  2
XSIZE
 70
     9
280
     0
  0
SEQEND
  5
3E5
330
3CF
100
AcDbEntity
  8
JJ
  0
ENDBLK
  5
3E6
330
3A8
100
AcDbEntity
  8
0
100
AcDbBlockEnd
  0
BLOCK
  5
642
330
641
100
AcDbEntity
  8
0
100
AcDbBlockBegin
  2
TV22
 70
     0
 10
0.0
 20
0.0
 30
0.0
  3
TV22
  1

  0
LINE
  5
643
330
641
100
AcDbEntity
  8
JJ
 62
   252
100
AcDbLine
 10
-2869.407937710276
 20
593.8732210980306
 30
200.0
 11
-450.3888309120811
 21
593.8732211016831
 31
200.0
  0
LINE
  5
644
330
641
100
AcDbEntity
  8
JJ
 62
   252
100
AcDbLine
 10
-2399.472745054795
 20
1081.685675728768
 30
200.0
 11
-2769.810938923198
 21
1081.685675730354
 31
200.0
  0
ARC
  5
645
330
641
100
AcDbEntity
  8
JJ
 62
   252
100
AcDbCircle
 10
-2769.810938923329
 20
981.6856757303977
 30
200.0
 40
99.99999999995637
100
AcDbArc
 50
89.99999999992494
 51
180.0000000000166
  0
LINE
  5
646
330
641
100
AcDbEntity
  8
JJ
 62
   252
100
AcDbLine
 10
-2869.810938923285
 20
981.6856757303686
 30
200.0
 11
-2869.407937710276
 21
593.8732210980306
 31
200.0
  0
ARC
  5
647
330
641
100
AcDbEntity
  8
JJ
 62
   252
100
AcDbCircle
 10
-1649.472745057268
 20
-554.685159309315
 30
200.0
 40
1814.148464878075
100
AcDbArc
 50
65.58032669017666
 51
114.4196733096456
  0
LINE
  5
648
330
641
100
AcDbEntity
  8
JJ
 62
   252
100
AcDbLine
 10
-450.3888309120811
 20
593.8732211016831
 30
200.0
 11
-450.7918321251199
 21
981.685675725348
 31
200.0
  0
ARC
  5
649
330
641
100
AcDbEntity
  8
JJ
 62
   252
100
AcDbCircle
 10
-550.7918321251053
 20
981.6856757253843
 30
200.0
 40
99.99999999998545
100
AcDbArc
 50
359.9999999999791
 51
89.99999999989158
  0
LINE
  5
64A
330
641
100
AcDbEntity
  8
JJ
 62
   252
100
AcDbLine
 10
-550.7918321249161
 20
1081.685675725363
 30
200.0
 11
-899.4727450548523
 21
1081.685675726439
 31
200.0
  0
LINE
  5
64B
330
641
100
AcDbEntity
  8
JJ
 62
   252
100
AcDbLine
 39
600.0
 10
-2084.577761547887
 20
958.1702268853007
 30
-400.0
 11
-1184.577761547887
 21
958.1702268852057
 31
-400.0
  0
LINE
  5
64C
330
641
100
AcDbEntity
  8
JJ
 62
   252
100
AcDbLine
 39
600.0
 10
-1184.577761547887
 20
958.1702268852057
 30
-400.0
 11
-1184.577761547858
 21
1158.170226885206
 31
-400.0
  0
LINE
  5
64D
330
641
100
AcDbEntity
  8
JJ
 62
   252
100
AcDbLine
 39
600.0
 10
-2084.577761547858
 20
1158.1702268853
 30
-400.0
 11
-2084.577761547887
 21
958.1702268853007
 31
-400.0
  0
LINE
  5
64E
330
641
100
AcDbEntity
  8
JJ
 62
   252
100
AcDbLine
 39
600.0
 10
-1184.577761547858
 20
1158.170226885206
 30
-400.0
 11
-2084.577761547858
 21
1158.1702268853
 31
-400.0
  0
LINE
  5
64F
330
641
100
AcDbEntity
  8
JJ
 62
   252
100
AcDbLine
 39
300.0
 10
-1288.721763384368
 20
958.1702268852167
 30
-300.0
 11
-1980.433759711392
 21
958.17022688529
 31
-300.0
  0
LINE
  5
650
330
641
100
AcDbEntity
  8
JJ
 62
   252
100
AcDbLine
 39
300.0
 10
-1434.577761547916
 20
658.1702268852321
 30
-300.0
 11
-1288.721763384383
 21
958.1702268852181
 31
-300.0
  0
LINE
  5
651
330
641
100
AcDbEntity
  8
JJ
 62
   252
100
AcDbLine
 39
300.0
 10
-1834.577761547916
 20
658.1702268852755
 30
-300.0
 11
-1980.433759711392
 21
958.17022688529
 31
-300.0
  0
LINE
  5
652
330
641
100
AcDbEntity
  8
JJ
 62
   252
100
AcDbLine
 39
300.0
 10
-1434.577761547931
 20
658.1702268852317
 30
-300.0
 11
-1834.577761547916
 21
658.1702268852755
 31
-300.0
  0
LINE
  5
653
330
641
100
AcDbEntity
  8
JJ
 62
   252
100
AcDbLine
 10
-1607.325931624582
 20
999.7132095393013
 30
200.0
 11
-2128.09446437769
 21
1599.26018837683
 31
200.0
  0
LINE
  5
654
330
641
100
AcDbEntity
  8
JJ
 62
   252
100
AcDbLine
 10
-1607.325931624582
 20
999.7132095393013
 30
200.0
 11
-1051.630980758767
 21
1358.761809586122
 31
200.0
  0
LINE
  5
655
330
641
100
AcDbEntity
  8
JJ
 62
   252
100
AcDbLine
 10
-899.4727450547943
 20
596.2975836227196
 30
200.0
 11
-899.4727450547362
 21
1097.172780289511
 31
200.0
  0
LINE
  5
656
330
641
100
AcDbEntity
  8
JJ
 62
   252
100
AcDbLine
 10
-2399.472745054736
 20
596.2975836250477
 30
200.0
 11
-2399.472745054678
 21
1097.172780291839
 31
200.0
  0
ENDBLK
  5
657
330
641
100
AcDbEntity
  8
0
100
AcDbBlockEnd
  0
BLOCK
  5
6E2
330
6E1
100
AcDbEntity
  8
0
100
AcDbBlockBegin
  2
DBX1
 70
     0
 10
0.0
 20
0.0
 30
0.0
  3
DBX1
  1

  0
INSERT
  5
6E3
330
6E1
100
AcDbEntity
  8
JJ
100
AcDbBlockReference
 66
     1
  2
11PDRY03
 10
-736.0647939679993
 20
20.24356067785482
 30
0.0
 41
23.0
 42
23.0
 43
23.0
1001
_KTI_ARCHT
1070
 12000
1000
NAV_BLK
1070
 10054
1000
^ /11
1070
 10055
1000
11pdry03
1070
 10056
1000
^ /11(11pdry03)
1070
 10050
1000
^ /11/11pdry03
1070
 10051
1000
^ /11/11zdry03
  0
ATTRIB
  5
6F5
330
6E3
100
AcDbEntity
  8
0
  6
ByBlock
 62
     0
100
AcDbText
 10
-483.0647939679993
 20
227.2435606778547
 30
0.0
 40
276.0
  1
D
  7
ATT
 72
     4
 11
-391.0647939679993
 21
365.2435606778547
 31
0.0
100
AcDbAttribute
280
     0
  2
LABEL
 70
     8
280
     0
  0
ATTRIB
  5
6F6
330
6E3
100
AcDbEntity
  8
0
  6
ByBlock
 62
     0
100
AcDbText
 10
-736.0647939679993
 20
-485.7564393221451
 30
0.0
 40
138.0
  1

  7
ATT
100
AcDbAttribute
280
     0
  2
ROOM_NUMBER
 70
     1
280
     0
  0
SEQEND
  5
6F7
330
6E3
100
AcDbEntity
  8
JJ
  0
ENDBLK
  5
6F9
330
6E1
100
AcDbEntity
  8
0
100
AcDbBlockEnd
  0
BLOCK
  5
4E2
330
4E1
100
AcDbEntity
  8
0
100
AcDbBlockBegin
  2
SFJ15
 70
     0
 10
0.0
 20
0.0
 30
0.0
  3
SFJ15
  1

  0
LINE
  5
4E3
330
4E1
100
AcDbEntity
  8
JJ
 62
   252
100
AcDbLine
 10
-3198.443070385867
 20
668.1502413794519
 30
0.0
 11
-3198.44307038805
 21
904.661921426989
 31
0.0
  0
LINE
  5
4E4
330
4E1
100
AcDbEntity
  8
JJ
 62
   252
100
AcDbLine
 10
-3162.31807038805
 20
904.6619214273235
 30
0.0
 11
-3162.318070385867
 21
668.1502413797866
 31
0.0
  0
LINE
  5
4E5
330
4E1
100
AcDbEntity
  8
JJ
 62
   252
100
AcDbLine
 10
-3198.44307038805
 20
904.661921426989
 30
0.0
 11
-3198.443070385867
 21
668.1502413794519
 31
0.0
  0
LINE
  5
4E6
330
4E1
100
AcDbEntity
  8
JJ
 62
   252
100
AcDbLine
 10
-488.1521588895848
 20
668.1502414045976
 30
0.0
 11
-488.1521588955512
 21
1310.718817070709
 31
0.0
  0
LINE
  5
4E7
330
4E1
100
AcDbEntity
  8
JJ
 62
   252
100
AcDbLine
 10
-452.0271588895848
 20
668.1502414049178
 30
0.0
 11
-452.0271588955512
 21
1310.718817071029
 31
0.0
  0
LWPOLYLINE
  5
4E8
330
4E1
100
AcDbEntity
  8
JJ
 62
   252
100
AcDbPolyline
 90
        4
 70
     1
 43
0.0
 10
-810.004494327164
 20
234.6502414016145
 10
-810.0044943311804
 20
668.1502414016144
 10
-376.5044943311805
 20
668.1502414056307
 10
-376.5044943271641
 20
234.6502414056308
  0
LINE
  5
4E9
330
4E1
100
AcDbEntity
  8
JJ
 62
   252
100
AcDbLine
 10
-452.0271588897593
 20
687.5509819868462
 30
0.0
 11
-365.3271588897624
 21
687.5509819876465
 31
0.0
  0
LINE
  5
4EA
330
4E1
100
AcDbEntity
  8
JJ
 62
   252
100
AcDbLine
 10
-452.0271588899631
 20
709.2259819868345
 30
0.0
 11
-365.3271588899662
 21
709.2259819876495
 31
0.0
  0
LINE
  5
4EB
330
4E1
100
AcDbEntity
  8
JJ
 62
   252
100
AcDbLine
 10
-452.0271588901668
 20
730.9009819868373
 30
0.0
 11
-365.3271588901698
 21
730.9009819876522
 31
0.0
  0
LINE
  5
4EC
330
4E1
100
AcDbEntity
  8
JJ
 62
   252
100
AcDbLine
 10
-452.0271588903558
 20
752.5759819868404
 30
0.0
 11
-365.327158890359
 21
752.5759819876551
 31
0.0
  0
LINE
  5
4ED
330
4E1
100
AcDbEntity
  8
JJ
 62
   252
100
AcDbLine
 10
-452.0271588905599
 20
774.2509819868432
 30
0.0
 11
-365.3271588905627
 21
774.250981987658
 31
0.0
  0
LINE
  5
4EE
330
4E1
100
AcDbEntity
  8
JJ
 62
   252
100
AcDbLine
 10
-452.0271588907633
 20
795.9259819868463
 30
0.0
 11
-365.3271588907665
 21
795.9259819876465
 31
0.0
  0
LINE
  5
4EF
330
4E1
100
AcDbEntity
  8
JJ
 62
   252
100
AcDbLine
 10
-2481.126825416228
 20
257.0112074329813
 30
0.0
 11
-1180.626825416227
 21
257.0112074450594
 31
0.0
  0
LINE
  5
4F0
330
4E1
100
AcDbEntity
  8
JJ
 62
   252
100
AcDbLine
 10
-2481.126825415879
 20
220.8862074329813
 30
0.0
 11
-1180.626825415878
 21
220.8862074450594
 31
0.0
  0
ARC
  5
4F1
330
4E1
100
AcDbEntity
  8
JJ
 62
   252
100
AcDbCircle
 10
-2264.376825414554
 20
77.44962814681684
 30
0.0
 40
650.2499999999997
100
AcDbArc
 50
70.52877936604083
 51
109.4712206350222
  0
CIRCLE
  5
4F2
330
4E1
100
AcDbEntity
  8
JJ
 62
   252
100
AcDbCircle
 10
-2412.489325419738
 20
636.3237074336216
 30
0.0
 40
14.45
  0
CIRCLE
  5
4F3
330
4E1
100
AcDbEntity
  8
JJ
 62
   252
100
AcDbCircle
 10
-2408.876825417028
 20
343.7112074336624
 30
0.0
 40
14.45
  0
LINE
  5
4F4
330
4E1
100
AcDbEntity
  8
JJ
 62
   252
100
AcDbLine
 10
-2481.126825414875
 20
112.5112074330104
 30
0.0
 11
-1180.626825414874
 21
112.5112074450885
 31
0.0
  0
LINE
  5
4F5
330
4E1
100
AcDbEntity
  8
JJ
 62
   252
100
AcDbLine
 10
-2594.29530089775
 20
304.3549862601071
 30
0.0
 11
-2594.295300896936
 21
217.65498626011
 31
0.0
  0
LINE
  5
4F6
330
4E1
100
AcDbEntity
  8
JJ
 62
   252
100
AcDbLine
 10
-2615.970300897752
 20
304.354986259918
 30
0.0
 11
-2615.970300896937
 21
217.6549862599063
 31
0.0
  0
LINE
  5
4F7
330
4E1
100
AcDbEntity
  8
JJ
 62
   252
100
AcDbLine
 10
-2637.645300897756
 20
304.3549862597142
 30
0.0
 11
-2637.64530089694
 21
217.6549862597171
 31
0.0
  0
LINE
  5
4F8
330
4E1
100
AcDbEntity
  8
JJ
 62
   252
100
AcDbLine
 10
-2659.320300897745
 20
304.3549862595105
 30
0.0
 11
-2659.320300896943
 21
217.6549862595134
 31
0.0
  0
LINE
  5
4F9
330
4E1
100
AcDbEntity
  8
JJ
 62
   252
100
AcDbLine
 10
-2680.995300897746
 20
304.3549862593068
 30
0.0
 11
-2680.995300896946
 21
217.6549862593097
 31
0.0
  0
LINE
  5
4FA
330
4E1
100
AcDbEntity
  8
JJ
 62
   252
100
AcDbLine
 10
-2702.670300897749
 20
304.3549862591176
 30
0.0
 11
-2702.670300896935
 21
217.6549862591059
 31
0.0
  0
LINE
  5
4FB
330
4E1
100
AcDbEntity
  8
JJ
 62
   252
100
AcDbLine
 10
-2724.345300897752
 20
304.3549862589139
 30
0.0
 11
-2724.345300896937
 21
217.6549862589168
 31
0.0
  0
LINE
  5
4FC
330
4E1
100
AcDbEntity
  8
JJ
 62
   252
100
AcDbLine
 10
-2746.020300897755
 20
304.3549862587101
 30
0.0
 11
-2746.02030089694
 21
217.6549862587131
 31
0.0
  0
LINE
  5
4FD
330
4E1
100
AcDbEntity
  8
JJ
 62
   252
100
AcDbLine
 10
-2767.695300897745
 20
304.3549862585064
 30
0.0
 11
-2767.695300896943
 21
217.6549862584948
 31
0.0
  0
LINE
  5
4FE
330
4E1
100
AcDbEntity
  8
JJ
 62
   252
100
AcDbLine
 10
-2789.370300897747
 20
304.3549862583027
 30
0.0
 11
-2789.370300896946
 21
217.6549862583056
 31
0.0
  0
LINE
  5
4FF
330
4E1
100
AcDbEntity
  8
JJ
 62
   252
100
AcDbLine
 10
-2811.045300897749
 20
304.354986258099
 30
0.0
 11
-2811.045300896934
 21
217.6549862581019
 31
0.0
  0
LINE
  5
500
330
4E1
100
AcDbEntity
  8
JJ
 62
   252
100
AcDbLine
 10
-2832.720300897753
 20
304.3549862579098
 30
0.0
 11
-2832.720300896938
 21
217.6549862578982
 31
0.0
  0
LINE
  5
501
330
4E1
100
AcDbEntity
  8
JJ
 62
   252
100
AcDbLine
 10
-2589.501825415879
 20
220.8862074319918
 30
0.0
 11
-2589.501825419314
 21
590.8524921592039
 31
0.0
  0
LINE
  5
502
330
4E1
100
AcDbEntity
  8
JJ
 62
   252
100
AcDbLine
 10
-2481.126825420244
 20
690.5112074329812
 30
0.0
 11
-2481.126825415879
 21
220.8862074329813
 31
0.0
  0
LWPOLYLINE
  5
503
330
4E1
100
AcDbEntity
  8
JJ
 62
   252
100
AcDbPolyline
 90
        4
 70
     1
 43
0.0
 10
-3266.220300897112
 20
234.6502413788261
 10
-3266.220300901129
 20
668.1502413788262
 10
-2832.720300901128
 20
668.1502413828425
 10
-2832.720300897112
 20
234.6502413828425
  0
LINE
  5
504
330
4E1
100
AcDbEntity
  8
JJ
 62
   252
100
AcDbLine
 10
-3091.302238164208
 20
451.7507712161608
 30
0.0
 11
-3145.048276036454
 21
506.7400532431352
 31
0.0
  0
LINE
  5
505
330
4E1
100
AcDbEntity
  8
JJ
 62
   252
100
AcDbLine
 10
-3111.178915246114
 20
397.0605643285967
 30
0.0
 11
-3156.216785039215
 21
381.6252475610968
 31
0.0
  0
LINE
  5
506
330
4E1
100
AcDbEntity
  8
JJ
 62
   252
100
AcDbLine
 10
-3040.213232943919
 20
334.4390865305181
 30
0.0
 11
-3040.550531768982
 21
305.7890497233898
 31
0.0
  0
LINE
  5
507
330
4E1
100
AcDbEntity
  8
JJ
 62
   252
100
AcDbLine
 10
-3038.660191568081
 20
466.3538436413368
 30
0.0
 11
-3037.565099123691
 21
559.3705887610707
 31
0.0
  0
LINE
  5
508
330
4E1
100
AcDbEntity
  8
JJ
 62
   252
100
AcDbLine
 10
-3198.443070387046
 20
795.9259819613658
 30
0.0
 11
-3285.143070387043
 21
795.9259819605652
 31
0.0
  0
LINE
  5
509
330
4E1
100
AcDbEntity
  8
JJ
 62
   252
100
AcDbLine
 10
-3198.443070386842
 20
774.2509819613627
 30
0.0
 11
-3285.143070386839
 21
774.2509819605624
 31
0.0
  0
LINE
  5
50A
330
4E1
100
AcDbEntity
  8
JJ
 62
   252
100
AcDbLine
 10
-3198.443070386638
 20
752.5759819613597
 30
0.0
 11
-3285.14307038665
 21
752.5759819605741
 31
0.0
  0
LINE
  5
50B
330
4E1
100
AcDbEntity
  8
JJ
 62
   252
100
AcDbLine
 10
-3198.44307038645
 20
730.9009819613716
 30
0.0
 11
-3285.143070386447
 21
730.9009819605712
 31
0.0
  0
LINE
  5
50C
330
4E1
100
AcDbEntity
  8
JJ
 62
   252
100
AcDbLine
 10
-3198.443070386245
 20
709.2259819613687
 30
0.0
 11
-3285.143070386244
 21
709.2259819605682
 31
0.0
  0
LINE
  5
50D
330
4E1
100
AcDbEntity
  8
JJ
 62
   252
100
AcDbLine
 10
-3198.443070386042
 20
687.5509819613657
 30
0.0
 11
-3285.143070386039
 21
687.5509819605651
 31
0.0
  0
LINE
  5
50E
330
4E1
100
AcDbEntity
  8
JJ
 62
   252
100
AcDbLine
 10
-2996.296212949965
 20
450.632258842394
 30
0.0
 11
-2931.350787501244
 21
504.2241782274945
 31
0.0
  0
LINE
  5
50F
330
4E1
100
AcDbEntity
  8
JJ
 62
   252
100
AcDbLine
 10
-2974.633200746117
 20
394.5594361011613
 30
0.0
 11
-2924.02348171566
 21
377.0492252735134
 31
0.0
  0
LINE
  5
510
330
4E1
100
AcDbEntity
  8
JJ
 62
   252
100
AcDbLine
 10
-2832.720300898087
 20
340.4799862579098
 30
0.0
 11
-2589.501825416999
 21
340.4799862601653
 31
0.0
  0
LINE
  5
511
330
4E1
100
AcDbEntity
  8
JJ
 62
   252
100
AcDbLine
 10
-2832.720300897753
 20
304.3549862579098
 30
0.0
 11
-2589.501825416665
 21
304.3549862601653
 31
0.0
  0
ARC
  5
512
330
4E1
100
AcDbEntity
  8
JJ
 62
   252
100
AcDbCircle
 10
-2564.308908655308
 20
672.2123381159185
 30
0.0
 40
85.17104900873965
100
AcDbArc
 50
12.40663735566878
 51
252.7949634784463
  0
ARC
  5
513
330
4E1
100
AcDbEntity
  8
JJ
 62
   252
100
AcDbCircle
 10
-2481.126825415879
 20
220.8862074330105
 30
0.0
 40
108.375
100
AcDbArc
 50
180.0000000005315
 51
270.0000000005315
  0
CIRCLE
  5
514
330
4E1
100
AcDbEntity
  8
JJ
 62
   252
100
AcDbCircle
 10
-3042.821307034393
 20
400.4368644018109
 30
0.0
 40
68.4409380605718
  0
CIRCLE
  5
515
330
4E1
100
AcDbEntity
  8
JJ
 62
   252
100
AcDbCircle
 10
-3039.038492684806
 20
434.2210874230373
 30
0.0
 40
128.4409380605718
  0
LWPOLYLINE
  5
516
330
4E1
100
AcDbEntity
  8
JJ
 62
   252
100
AcDbPolyline
 90
        4
 70
     1
 43
0.0
 10
-3216.220300897577
 20
284.6502413792919
 10
-3216.220300900662
 20
618.1502413792919
 10
-2882.720300900648
 20
618.1502413823769
 10
-2882.720300897563
 20
284.6502413823913
  0
LWPOLYLINE
  5
517
330
4E1
100
AcDbEntity
  8
JJ
 62
   252
100
AcDbPolyline
 90
        4
 70
     1
 43
0.0
 10
-3211.220300897607
 20
289.650241379321
 10
-3211.220300900619
 20
613.1502413793355
 10
-2887.72030090059
 20
613.1502413823332
 10
-2887.720300897592
 20
289.6502413823332
  0
LINE
  5
518
330
4E1
100
AcDbEntity
  8
JJ
 62
   252
100
AcDbLine
 10
-2047.626825420244
 20
690.5112074370122
 30
0.0
 11
-2047.626825415878
 21
220.8862074370122
 31
0.0
  0
LINE
  5
519
330
4E1
100
AcDbEntity
  8
JJ
 62
   252
100
AcDbLine
 10
-1614.126825415878
 20
220.8862074410285
 30
0.0
 11
-1614.126825420244
 21
690.5112074410284
 31
0.0
  0
LINE
  5
51A
330
4E1
100
AcDbEntity
  8
JJ
 62
   252
100
AcDbLine
 10
-810.0044943278044
 20
304.3549862766745
 30
0.0
 11
-810.004494327004
 21
217.6549862766774
 31
0.0
  0
LINE
  5
51B
330
4E1
100
AcDbEntity
  8
JJ
 62
   252
100
AcDbLine
 10
-831.6794943278074
 20
304.3549862764562
 30
0.0
 11
-831.6794943270066
 21
217.6549862764591
 31
0.0
  0
LINE
  5
51C
330
4E1
100
AcDbEntity
  8
JJ
 62
   252
100
AcDbLine
 10
-853.35449432781
 20
304.354986276267
 30
0.0
 11
-853.3544943269951
 21
217.6549862762554
 31
0.0
  0
LINE
  5
51D
330
4E1
100
AcDbEntity
  8
JJ
 62
   252
100
AcDbLine
 10
-875.0294943278131
 20
304.3549862760633
 30
0.0
 11
-875.0294943269983
 21
217.6549862760662
 31
0.0
  0
LINE
  5
51E
330
4E1
100
AcDbEntity
  8
JJ
 62
   252
100
AcDbLine
 10
-896.704494327816
 20
304.3549862758596
 30
0.0
 11
-896.7044943270011
 21
217.6549862758625
 31
0.0
  0
LINE
  5
51F
330
4E1
100
AcDbEntity
  8
JJ
 62
   252
100
AcDbLine
 10
-918.3794943278044
 20
304.3549862756559
 30
0.0
 11
-918.379494327004
 21
217.6549862756588
 31
0.0
  0
LINE
  5
520
330
4E1
100
AcDbEntity
  8
JJ
 62
   252
100
AcDbLine
 10
-940.0544943278074
 20
304.3549862754667
 30
0.0
 11
-940.054494327007
 21
217.6549862754696
 31
0.0
  0
LINE
  5
521
330
4E1
100
AcDbEntity
  8
JJ
 62
   252
100
AcDbLine
 10
-961.7294943278102
 20
304.3549862752629
 30
0.0
 11
-961.7294943269952
 21
217.6549862752659
 31
0.0
  0
LINE
  5
522
330
4E1
100
AcDbEntity
  8
JJ
 62
   252
100
AcDbLine
 10
-983.4044943278133
 20
304.3549862750592
 30
0.0
 11
-983.4044943269985
 21
217.6549862750621
 31
0.0
  0
LINE
  5
523
330
4E1
100
AcDbEntity
  8
JJ
 62
   252
100
AcDbLine
 10
-1005.079494327816
 20
304.3549862748555
 30
0.0
 11
-1005.079494327001
 21
217.6549862748584
 31
0.0
  0
LINE
  5
524
330
4E1
100
AcDbEntity
  8
JJ
 62
   252
100
AcDbLine
 10
-1026.754494327804
 20
304.3549862746518
 30
0.0
 11
-1026.754494327004
 21
217.6549862746547
 31
0.0
  0
LINE
  5
525
330
4E1
100
AcDbEntity
  8
JJ
 62
   252
100
AcDbLine
 10
-1048.429494327807
 20
304.354986274448
 30
0.0
 11
-1048.429494327007
 21
217.654986274451
 31
0.0
  0
LINE
  5
526
330
4E1
100
AcDbEntity
  8
JJ
 62
   252
100
AcDbLine
 10
-1070.10449432781
 20
304.3549862742588
 30
0.0
 11
-1070.104494326995
 21
217.6549862742472
 31
0.0
  0
LINE
  5
527
330
4E1
100
AcDbEntity
  8
JJ
 62
   252
100
AcDbLine
 10
-1180.626825415878
 20
220.8862074450594
 30
0.0
 11
-1180.626825420244
 21
690.5112074450592
 31
0.0
  0
LINE
  5
528
330
4E1
100
AcDbEntity
  8
JJ
 62
   252
100
AcDbLine
 10
-1072.251825415878
 20
220.886207446049
 30
0.0
 11
-1072.251825419312
 21
590.8524921732755
 31
0.0
  0
CIRCLE
  5
529
330
4E1
100
AcDbEntity
  8
JJ
 62
   252
100
AcDbCircle
 10
-1975.376825417028
 20
343.7112074376787
 30
0.0
 40
14.45
  0
CIRCLE
  5
52A
330
4E1
100
AcDbEntity
  8
JJ
 62
   252
100
AcDbCircle
 10
-1978.989325419737
 20
636.3237074376378
 30
0.0
 40
14.45
  0
CIRCLE
  5
52B
330
4E1
100
AcDbEntity
  8
JJ
 62
   252
100
AcDbCircle
 10
-2116.264325417069
 20
347.3237074363718
 30
0.0
 40
14.45
  0
CIRCLE
  5
52C
330
4E1
100
AcDbEntity
  8
JJ
 62
   252
100
AcDbCircle
 10
-2119.876825419778
 20
639.9362074363311
 30
0.0
 40
14.45
  0
CIRCLE
  5
52D
330
4E1
100
AcDbEntity
  8
JJ
 62
   252
100
AcDbCircle
 10
-2264.376825418396
 20
491.8237074350038
 30
0.0
 40
14.45
  0
CIRCLE
  5
52E
330
4E1
100
AcDbEntity
  8
JJ
 62
   252
100
AcDbCircle
 10
-1541.876825417028
 20
343.711207441695
 30
0.0
 40
14.45
  0
CIRCLE
  5
52F
330
4E1
100
AcDbEntity
  8
JJ
 62
   252
100
AcDbCircle
 10
-1545.489325419738
 20
636.3237074416688
 30
0.0
 40
14.45
  0
CIRCLE
  5
530
330
4E1
100
AcDbEntity
  8
JJ
 62
   252
100
AcDbCircle
 10
-1686.376825419779
 20
639.9362074403621
 30
0.0
 40
14.45
  0
CIRCLE
  5
531
330
4E1
100
AcDbEntity
  8
JJ
 62
   252
100
AcDbCircle
 10
-1682.764325417069
 20
347.3237074404028
 30
0.0
 40
14.45
  0
LINE
  5
532
330
4E1
100
AcDbEntity
  8
JJ
 62
   252
100
AcDbLine
 10
-1072.251825416999
 20
340.4799862742371
 30
0.0
 11
-810.0044943281393
 21
340.4799862766672
 31
0.0
  0
LINE
  5
533
330
4E1
100
AcDbEntity
  8
JJ
 62
   252
100
AcDbLine
 10
-1072.25182541665
 20
304.354986274237
 30
0.0
 11
-810.0044943277897
 21
304.3549862766671
 31
0.0
  0
CIRCLE
  5
534
330
4E1
100
AcDbEntity
  8
JJ
 62
   252
100
AcDbCircle
 10
-1397.376825418396
 20
491.8237074430366
 30
0.0
 40
14.45
  0
CIRCLE
  5
535
330
4E1
100
AcDbEntity
  8
JJ
 62
   252
100
AcDbCircle
 10
-1252.876825419778
 20
639.9362074443784
 30
0.0
 40
14.45
  0
CIRCLE
  5
536
330
4E1
100
AcDbEntity
  8
JJ
 62
   252
100
AcDbCircle
 10
-1249.264325417069
 20
347.3237074444191
 30
0.0
 40
14.45
  0
ARC
  5
537
330
4E1
100
AcDbEntity
  8
JJ
 62
   252
100
AcDbCircle
 10
-1097.444742184845
 20
672.2123381295245
 30
0.0
 40
85.17104900873965
100
AcDbArc
 50
287.2050365226166
 51
167.5933626453942
  0
ARC
  5
538
330
4E1
100
AcDbEntity
  8
JJ
 62
   252
100
AcDbCircle
 10
-1397.376825414554
 20
77.4496281548495
 30
0.0
 40
650.2499999999997
100
AcDbArc
 50
70.52877936604083
 51
109.4712206350222
  0
ARC
  5
539
330
4E1
100
AcDbEntity
  8
JJ
 62
   252
100
AcDbCircle
 10
-1180.626825415878
 20
220.8862074450885
 30
0.0
 40
108.375
100
AcDbArc
 50
270.0000000005315
 51
0.0000000005314948
  0
CIRCLE
  5
53A
330
4E1
100
AcDbEntity
  8
JJ
 62
   252
100
AcDbCircle
 10
-1830.876825418396
 20
491.8237074390203
 30
0.0
 40
14.45
  0
CIRCLE
  5
53B
330
4E1
100
AcDbEntity
  8
JJ
 62
   252
100
AcDbCircle
 10
-599.4340948683966
 20
433.2755197111112
 30
0.0
 40
128.4409380605718
  0
LINE
  5
53C
330
4E1
100
AcDbEntity
  8
JJ
 62
   252
100
AcDbLine
 10
-671.5745174297043
 20
396.1149966166709
 30
0.0
 11
-716.6123872228052
 21
380.679679849171
 31
0.0
  0
CIRCLE
  5
53D
330
4E1
100
AcDbEntity
  8
JJ
 62
   252
100
AcDbCircle
 10
-603.2169092179827
 20
399.4912966898851
 30
0.0
 40
68.4409380605718
  0
LINE
  5
53E
330
4E1
100
AcDbEntity
  8
JJ
 62
   252
100
AcDbLine
 10
-599.0557937516712
 20
465.408275929411
 30
0.0
 11
-597.9607013072817
 21
558.4250210491449
 31
0.0
  0
LINE
  5
53F
330
4E1
100
AcDbEntity
  8
JJ
 62
   252
100
AcDbLine
 10
-600.6088351275102
 20
333.4935188185923
 30
0.0
 11
-600.9461339525732
 21
304.843482011464
 31
0.0
  0
LINE
  5
540
330
4E1
100
AcDbEntity
  8
JJ
 62
   252
100
AcDbLine
 10
-651.6978403477987
 20
450.8052035042352
 30
0.0
 11
-705.443878220045
 21
505.7944855312094
 31
0.0
  0
LINE
  5
541
330
4E1
100
AcDbEntity
  8
JJ
 62
   252
100
AcDbLine
 10
-535.028802929708
 20
393.6138683892354
 30
0.0
 11
-484.4190838992507
 21
376.1036575615876
 31
0.0
  0
LINE
  5
542
330
4E1
100
AcDbEntity
  8
JJ
 62
   252
100
AcDbLine
 10
-556.6918151335555
 20
449.6866911304683
 30
0.0
 11
-491.7463896848349
 21
503.2786105155686
 31
0.0
  0
LWPOLYLINE
  5
543
330
4E1
100
AcDbEntity
  8
JJ
 62
   252
100
AcDbPolyline
 90
        4
 70
     1
 43
0.0
 10
-760.0044943276007
 20
284.6502414020656
 10
-760.0044943307145
 20
618.1502414020656
 10
-426.5044943307148
 20
618.150241405165
 10
-426.5044943276151
 20
284.6502414051506
  0
LWPOLYLINE
  5
544
330
4E1
100
AcDbEntity
  8
JJ
 62
   252
100
AcDbPolyline
 90
        4
 70
     1
 43
0.0
 10
-755.0044943276587
 20
289.6502414021238
 10
-755.0044943306857
 20
613.1502414021092
 10
-431.5044943306566
 20
613.150241405107
 10
-431.5044943276588
 20
289.6502414050924
  0
ARC
  5
545
330
4E1
100
AcDbEntity
  8
JJ
 62
   252
100
AcDbCircle
 10
-1830.876825414554
 20
77.44962815083319
 30
0.0
 40
650.2499999999997
100
AcDbArc
 50
70.52877936604083
 51
109.4712206350221
  0
LINE
  5
546
330
4E1
100
AcDbEntity
  8
JJ
 62
   252
100
AcDbLine
 10
-452.0271588935866
 20
1099.375981986843
 30
0.0
 11
-365.327158893575
 21
1099.375981987658
 31
0.0
  0
LINE
  5
547
330
4E1
100
AcDbEntity
  8
JJ
 62
   252
100
AcDbLine
 10
-452.0271588937758
 20
1121.050981986846
 30
0.0
 11
-365.3271588937787
 21
1121.050981987646
 31
0.0
  0
LINE
  5
548
330
4E1
100
AcDbEntity
  8
JJ
 62
   252
100
AcDbLine
 10
-452.0271588939793
 20
1142.725981986834
 30
0.0
 11
-365.3271588939824
 21
1142.725981987649
 31
0.0
  0
LINE
  5
549
330
4E1
100
AcDbEntity
  8
JJ
 62
   252
100
AcDbLine
 10
-452.0271588941831
 20
1164.400981986837
 30
0.0
 11
-365.3271588941862
 21
1164.400981987652
 31
0.0
  0
LINE
  5
54A
330
4E1
100
AcDbEntity
  8
JJ
 62
   252
100
AcDbLine
 10
-452.0271588943868
 20
1186.07598198684
 30
0.0
 11
-365.3271588943899
 21
1186.075981987655
 31
0.0
  0
LINE
  5
54B
330
4E1
100
AcDbEntity
  8
JJ
 62
   252
100
AcDbLine
 10
-452.0271588945907
 20
1207.750981986843
 30
0.0
 11
-365.3271588945937
 21
1207.750981987658
 31
0.0
  0
LINE
  5
54C
330
4E1
100
AcDbEntity
  8
JJ
 62
   252
100
AcDbLine
 10
-452.0271588947943
 20
1229.425981986846
 30
0.0
 11
-365.3271588947827
 21
1229.425981987646
 31
0.0
  0
LINE
  5
54D
330
4E1
100
AcDbEntity
  8
JJ
 62
   252
100
AcDbLine
 10
-452.0271588949835
 20
1251.100981986834
 30
0.0
 11
-365.3271588949865
 21
1251.100981987649
 31
0.0
  0
LINE
  5
54E
330
4E1
100
AcDbEntity
  8
JJ
 62
   252
100
AcDbLine
 10
-452.0271588951873
 20
1272.775981986837
 30
0.0
 11
-365.3271588951902
 21
1272.775981987652
 31
0.0
  0
LINE
  5
54F
330
4E1
100
AcDbEntity
  8
JJ
 62
   252
100
AcDbLine
 10
-452.0271588953908
 20
1294.45098198684
 30
0.0
 11
-365.3271588953939
 21
1294.450981987655
 31
0.0
  0
LINE
  5
550
330
4E1
100
AcDbEntity
  8
JJ
 62
   252
100
AcDbLine
 10
-452.0271588909672
 20
817.6009819868346
 30
0.0
 11
-365.3271588909702
 21
817.6009819876494
 31
0.0
  0
LINE
  5
551
330
4E1
100
AcDbEntity
  8
JJ
 62
   252
100
AcDbLine
 10
-452.0271588911707
 20
839.2759819868373
 30
0.0
 11
-365.3271588911739
 21
839.2759819876522
 31
0.0
  0
LINE
  5
552
330
4E1
100
AcDbEntity
  8
JJ
 62
   252
100
AcDbLine
 10
-452.0271588913746
 20
860.9509819868403
 30
0.0
 11
-365.3271588913776
 21
860.9509819876551
 31
0.0
  0
LINE
  5
553
330
4E1
100
AcDbEntity
  8
JJ
 62
   252
100
AcDbLine
 10
-452.0271588915782
 20
882.6259819868432
 30
0.0
 11
-365.3271588915668
 21
882.6259819876581
 31
0.0
  0
LINE
  5
554
330
4E1
100
AcDbEntity
  8
JJ
 62
   252
100
AcDbLine
 10
-452.0271588917676
 20
904.3009819868462
 30
0.0
 11
-365.3271588917704
 21
904.3009819876463
 31
0.0
  0
LINE
  5
555
330
4E1
100
AcDbEntity
  8
JJ
 62
   252
100
AcDbLine
 10
-452.0271588919713
 20
925.9759819868346
 30
0.0
 11
-365.3271588919742
 21
925.9759819876492
 31
0.0
  0
LINE
  5
556
330
4E1
100
AcDbEntity
  8
JJ
 62
   252
100
AcDbLine
 10
-452.027158892175
 20
947.6509819868374
 30
0.0
 11
-365.327158892178
 21
947.6509819876524
 31
0.0
  0
LINE
  5
557
330
4E1
100
AcDbEntity
  8
JJ
 62
   252
100
AcDbLine
 10
-452.0271588923641
 20
969.3259819868403
 30
0.0
 11
-365.3271588923672
 21
969.3259819876551
 31
0.0
  0
LINE
  5
558
330
4E1
100
AcDbEntity
  8
JJ
 62
   252
100
AcDbLine
 10
-452.0271588925823
 20
991.0009819868433
 30
0.0
 11
-365.3271588925854
 21
991.0009819876579
 31
0.0
  0
LINE
  5
559
330
4E1
100
AcDbEntity
  8
JJ
 62
   252
100
AcDbLine
 10
-452.0271588927862
 20
1012.675981986846
 30
0.0
 11
-365.3271588927747
 21
1012.675981987646
 31
0.0
  0
LINE
  5
55A
330
4E1
100
AcDbEntity
  8
JJ
 62
   252
100
AcDbLine
 10
-452.0271588929754
 20
1034.350981986834
 30
0.0
 11
-365.3271588929783
 21
1034.350981987649
 31
0.0
  0
LINE
  5
55B
330
4E1
100
AcDbEntity
  8
JJ
 62
   252
100
AcDbLine
 10
-452.027158893179
 20
1056.025981986837
 30
0.0
 11
-365.3271588931823
 21
1056.025981987652
 31
0.0
  0
LINE
  5
55C
330
4E1
100
AcDbEntity
  8
JJ
 62
   252
100
AcDbLine
 10
-452.0271588933828
 20
1077.70098198684
 30
0.0
 11
-365.3271588933858
 21
1077.700981987655
 31
0.0
  0
LINE
  5
55D
330
4E1
100
AcDbEntity
  8
JJ
 62
   252
100
AcDbLine
 10
-387.1953130392358
 20
1310.71881707164
 30
0.0
 11
-757.1615977691545
 21
1310.718817068206
 31
0.0
  0
LINE
  5
55E
330
4E1
100
AcDbEntity
  8
JJ
 62
   252
100
AcDbLine
 10
-452.0271589042386
 20
2248.150981986837
 30
0.0
 11
-368.2813897572341
 21
2270.590593197383
 31
0.0
  0
LINE
  5
55F
330
4E1
100
AcDbEntity
  8
JJ
 62
   252
100
AcDbLine
 10
-452.0271589042386
 20
2248.150981986837
 30
0.0
 11
-379.9387435165119
 21
2296.318921187952
 31
0.0
  0
LINE
  5
560
330
4E1
100
AcDbEntity
  8
JJ
 62
   252
100
AcDbLine
 10
-452.0271589042386
 20
2248.150981986837
 30
0.0
 11
-399.2475430069608
 21
2316.934716589444
 31
0.0
  0
LINE
  5
561
330
4E1
100
AcDbEntity
  8
JJ
 62
   252
100
AcDbLine
 10
-452.0271589016192
 20
1966.375981986843
 30
0.0
 11
-365.3271589016222
 21
1966.375981987658
 31
0.0
  0
LINE
  5
562
330
4E1
100
AcDbEntity
  8
JJ
 62
   252
100
AcDbLine
 10
-452.0271589018229
 20
1988.050981986846
 30
0.0
 11
-365.3271589018258
 21
1988.050981987646
 31
0.0
  0
LINE
  5
563
330
4E1
100
AcDbEntity
  8
JJ
 62
   252
100
AcDbLine
 10
-452.0271589020266
 20
2009.725981986834
 30
0.0
 11
-365.3271589020296
 21
2009.725981987649
 31
0.0
  0
LINE
  5
564
330
4E1
100
AcDbEntity
  8
JJ
 62
   252
100
AcDbLine
 10
-452.0271589022159
 20
2031.400981986838
 30
0.0
 11
-365.3271589022188
 21
2031.400981987653
 31
0.0
  0
LINE
  5
565
330
4E1
100
AcDbEntity
  8
JJ
 62
   252
100
AcDbLine
 10
-452.0271589024341
 20
2053.07598198684
 30
0.0
 11
-365.3271589024371
 21
2053.075981987655
 31
0.0
  0
LINE
  5
566
330
4E1
100
AcDbEntity
  8
JJ
 62
   252
100
AcDbLine
 10
-452.0271589026378
 20
2074.750981986843
 30
0.0
 11
-365.3271589026264
 21
2074.750981987659
 31
0.0
  0
LINE
  5
567
330
4E1
100
AcDbEntity
  8
JJ
 62
   252
100
AcDbLine
 10
-452.0271589028268
 20
2096.425981986846
 30
0.0
 11
-365.32715890283
 21
2096.425981987647
 31
0.0
  0
LINE
  5
568
330
4E1
100
AcDbEntity
  8
JJ
 62
   252
100
AcDbLine
 10
-452.0271589030308
 20
2118.100981986835
 30
0.0
 11
-365.3271589030337
 21
2118.100981987649
 31
0.0
  0
LINE
  5
569
330
4E1
100
AcDbEntity
  8
JJ
 62
   252
100
AcDbLine
 10
-452.0271589032343
 20
2139.775981986838
 30
0.0
 11
-365.3271589032375
 21
2139.775981987652
 31
0.0
  0
LINE
  5
56A
330
4E1
100
AcDbEntity
  8
JJ
 62
   252
100
AcDbLine
 10
-452.0271589034382
 20
2161.45098198684
 30
0.0
 11
-365.3271589034266
 21
2161.450981987655
 31
0.0
  0
LINE
  5
56B
330
4E1
100
AcDbEntity
  8
JJ
 62
   252
100
AcDbLine
 10
-452.0271589036274
 20
2183.125981986843
 30
0.0
 11
-365.3271589036303
 21
2183.125981987644
 31
0.0
  0
LINE
  5
56C
330
4E1
100
AcDbEntity
  8
JJ
 62
   252
100
AcDbLine
 10
-452.027158903831
 20
2204.800981986846
 30
0.0
 11
-365.327158903834
 21
2204.800981987647
 31
0.0
  0
LINE
  5
56D
330
4E1
100
AcDbEntity
  8
JJ
 62
   252
100
AcDbLine
 10
-452.0271589040349
 20
2226.475981986835
 30
0.0
 11
-365.3271589040378
 21
2226.47598198765
 31
0.0
  0
LINE
  5
56E
330
4E1
100
AcDbEntity
  8
JJ
 62
   252
100
AcDbLine
 10
-452.0271589042386
 20
2248.150981986837
 30
0.0
 11
-365.3271589042415
 21
2248.150981987652
 31
0.0
  0
LINE
  5
56F
330
4E1
100
AcDbEntity
  8
JJ
 62
   252
100
AcDbLine
 10
-387.1953130402399
 20
1419.09381707164
 30
0.0
 11
-856.8203130402395
 21
1419.093817067275
 31
0.0
  0
LINE
  5
570
330
4E1
100
AcDbEntity
  8
JJ
 62
   252
100
AcDbLine
 10
-387.1953130442707
 20
1852.59381707164
 30
0.0
 11
-856.8203130442563
 21
1852.593817067275
 31
0.0
  0
LINE
  5
571
330
4E1
100
AcDbEntity
  8
JJ
 62
   252
100
AcDbLine
 10
-387.1953130452603
 20
1960.968817071639
 30
0.0
 11
-757.161597775179
 21
1960.968817068206
 31
0.0
  0
LINE
  5
572
330
4E1
100
AcDbEntity
  8
JJ
 62
   252
100
AcDbLine
 10
-3198.44307039812
 20
1988.411921426989
 30
0.0
 11
-3198.443070400522
 21
2248.150981961372
 31
0.0
  0
LINE
  5
573
330
4E1
100
AcDbEntity
  8
JJ
 62
   252
100
AcDbLine
 10
-3162.318070400186
 20
2212.025981961707
 30
0.0
 11
-3162.31807039812
 21
1988.411921427324
 31
0.0
  0
LINE
  5
574
330
4E1
100
AcDbEntity
  8
JJ
 62
   252
100
AcDbLine
 10
-3198.443070400522
 20
2248.150981961372
 30
0.0
 11
-3198.44307039812
 21
1988.411921426989
 31
0.0
  0
ARC
  5
575
330
4E1
100
AcDbEntity
  8
JJ
 62
   252
100
AcDbCircle
 10
-3280.355458558712
 20
1880.036921426232
 30
0.0
 40
108.375
100
AcDbArc
 50
90.0000000005315
 51
180.0000000005315
  0
ARC
  5
576
330
4E1
100
AcDbEntity
  8
JJ
 62
   252
100
AcDbCircle
 10
-2829.029327870405
 20
1963.219004662955
 30
0.0
 40
85.17104900873965
100
AcDbArc
 50
282.4066373556687
 51
162.7949634784463
  0
ARC
  5
577
330
4E1
100
AcDbEntity
  8
JJ
 62
   252
100
AcDbCircle
 10
-838.52144373412
 20
1935.775900299996
 30
0.0
 40
85.17104900873965
100
AcDbArc
 50
17.20503652261661
 51
257.5933626453942
  0
LINE
  5
578
330
4E1
100
AcDbEntity
  8
JJ
 62
   252
100
AcDbLine
 10
-488.1521589015756
 20
1960.968817070709
 30
0.0
 11
-488.1521589039039
 21
2212.025981986517
 31
0.0
  0
LINE
  5
579
330
4E1
100
AcDbEntity
  8
JJ
 62
   252
100
AcDbLine
 10
-452.0271589015756
 20
1960.968817071029
 30
0.0
 11
-452.0271589042386
 21
2248.150981986837
 31
0.0
  0
CIRCLE
  5
57A
330
4E1
100
AcDbEntity
  8
JJ
 62
   252
100
AcDbCircle
 10
-3153.917958551305
 20
1081.674421427408
 30
0.0
 40
14.45
  0
CIRCLE
  5
57B
330
4E1
100
AcDbEntity
  8
JJ
 62
   252
100
AcDbCircle
 10
-3157.530458554029
 20
1374.286921427382
 30
0.0
 40
14.45
  0
LINE
  5
57C
330
4E1
100
AcDbEntity
  8
JJ
 62
   252
100
AcDbLine
 10
-3198.44307038805
 20
904.3009819613658
 30
0.0
 11
-3285.143070388047
 21
904.3009819605654
 31
0.0
  0
LINE
  5
57D
330
4E1
100
AcDbEntity
  8
JJ
 62
   252
100
AcDbLine
 10
-3198.443070387861
 20
882.6259819613627
 30
0.0
 11
-3285.143070387859
 21
882.6259819605624
 31
0.0
  0
LINE
  5
57E
330
4E1
100
AcDbEntity
  8
JJ
 62
   252
100
AcDbLine
 10
-3198.443070387657
 20
860.9509819613599
 30
0.0
 11
-3285.143070387654
 21
860.9509819605742
 31
0.0
  0
LINE
  5
57F
330
4E1
100
AcDbEntity
  8
JJ
 62
   252
100
AcDbLine
 10
-3198.443070387453
 20
839.2759819613715
 30
0.0
 11
-3285.143070387452
 21
839.2759819605712
 31
0.0
  0
LINE
  5
580
330
4E1
100
AcDbEntity
  8
JJ
 62
   252
100
AcDbLine
 10
-3198.443070387249
 20
817.6009819613687
 30
0.0
 11
-3285.143070387261
 21
817.6009819605681
 31
0.0
  0
ARC
  5
581
330
4E1
100
AcDbEntity
  8
JJ
 62
   252
100
AcDbCircle
 10
-3280.355458550666
 20
1013.036921426232
 30
0.0
 40
108.375
100
AcDbArc
 50
180.0000000005315
 51
270.0000000005315
  0
CIRCLE
  5
582
330
4E1
100
AcDbEntity
  8
JJ
 62
   252
100
AcDbCircle
 10
-3009.417958552687
 20
1229.78692142875
 30
0.0
 40
14.45
  0
CIRCLE
  5
583
330
4E1
100
AcDbEntity
  8
JJ
 62
   252
100
AcDbCircle
 10
-2861.305458551346
 20
1085.286921430117
 30
0.0
 40
14.45
  0
CIRCLE
  5
584
330
4E1
100
AcDbEntity
  8
JJ
 62
   252
100
AcDbCircle
 10
-2864.917958554055
 20
1377.899421430091
 30
0.0
 40
14.45
  0
ARC
  5
585
330
4E1
100
AcDbEntity
  8
JJ
 62
   252
100
AcDbCircle
 10
-2829.029327860815
 20
929.8548381978767
 30
0.0
 40
85.17104900873965
100
AcDbArc
 50
197.2050365226166
 51
77.5933626453942
  0
LINE
  5
586
330
4E1
100
AcDbEntity
  8
JJ
 62
   252
100
AcDbLine
 10
-3280.355458549661
 20
904.6619214262323
 30
0.0
 11
-2910.389173819742
 21
904.6619214296665
 31
0.0
  0
LINE
  5
587
330
4E1
100
AcDbEntity
  8
JJ
 62
   252
100
AcDbLine
 10
-3280.355458550666
 20
1013.036921426232
 30
0.0
 11
-2810.730458550665
 21
1013.036921430583
 31
0.0
  0
CIRCLE
  5
588
330
4E1
100
AcDbEntity
  8
JJ
 62
   252
100
AcDbCircle
 10
-3153.917958555321
 20
1515.174421427408
 30
0.0
 40
14.45
  0
CIRCLE
  5
589
330
4E1
100
AcDbEntity
  8
JJ
 62
   252
100
AcDbCircle
 10
-3157.530458558046
 20
1807.786921427382
 30
0.0
 40
14.45
  0
LINE
  5
58A
330
4E1
100
AcDbEntity
  8
JJ
 62
   252
100
AcDbLine
 10
-3198.443070398309
 20
2009.725981961369
 30
0.0
 11
-3285.143070398306
 21
2009.725981960568
 31
0.0
  0
LINE
  5
58B
330
4E1
100
AcDbEntity
  8
JJ
 62
   252
100
AcDbLine
 10
-3198.443070398105
 20
1988.050981961366
 30
0.0
 11
-3285.143070398103
 21
1988.050981960565
 31
0.0
  0
CIRCLE
  5
58C
330
4E1
100
AcDbEntity
  8
JJ
 62
   252
100
AcDbCircle
 10
-3009.417958556704
 20
1663.28692142875
 30
0.0
 40
14.45
  0
CIRCLE
  5
58D
330
4E1
100
AcDbEntity
  8
JJ
 62
   252
100
AcDbCircle
 10
-2861.305458555376
 20
1518.786921430117
 30
0.0
 40
14.45
  0
CIRCLE
  5
58E
330
4E1
100
AcDbEntity
  8
JJ
 62
   252
100
AcDbCircle
 10
-2864.917958558086
 20
1811.399421430092
 30
0.0
 40
14.45
  0
ARC
  5
58F
330
4E1
100
AcDbEntity
  8
JJ
 62
   252
100
AcDbCircle
 10
-3423.792037839507
 20
1663.286921424908
 30
0.0
 40
650.2499999999997
100
AcDbArc
 50
340.5287793660408
 51
19.47122063502215
  0
LINE
  5
590
330
4E1
100
AcDbEntity
  8
JJ
 62
   252
100
AcDbLine
 10
-2810.730458558712
 20
1880.036921430583
 30
0.0
 11
-3280.355458558712
 21
1880.036921426232
 31
0.0
  0
LINE
  5
591
330
4E1
100
AcDbEntity
  8
JJ
 62
   252
100
AcDbLine
 10
-3280.355458554681
 20
1446.536921426232
 30
0.0
 11
-2810.730458554681
 21
1446.536921430583
 31
0.0
  0
LINE
  5
592
330
4E1
100
AcDbEntity
  8
JJ
 62
   252
100
AcDbLine
 10
-3280.355458559716
 20
1988.411921426232
 30
0.0
 11
-2910.389173829812
 21
1988.411921429667
 31
0.0
  0
LINE
  5
593
330
4E1
100
AcDbEntity
  8
JJ
 62
   252
100
AcDbLine
 10
-3388.730458558713
 20
1880.036921425228
 30
0.0
 11
-3388.730458550667
 21
1013.036921425228
 31
0.0
  0
LINE
  5
594
330
4E1
100
AcDbEntity
  8
JJ
 62
   252
100
AcDbLine
 10
-3244.230458558713
 20
1880.036921426567
 30
0.0
 11
-3244.230458550666
 21
1013.036921426567
 31
0.0
  0
LINE
  5
595
330
4E1
100
AcDbEntity
  8
JJ
 62
   252
100
AcDbLine
 10
-3280.355458558712
 20
1880.036921426232
 30
0.0
 11
-3280.355458550666
 21
1013.036921426232
 31
0.0
  0
ARC
  5
596
330
4E1
100
AcDbEntity
  8
JJ
 62
   252
100
AcDbCircle
 10
-3423.79203783549
 20
1229.786921424908
 30
0.0
 40
650.2499999999997
100
AcDbArc
 50
340.5287793660408
 51
19.47122063502215
  0
ARC
  5
597
330
4E1
100
AcDbEntity
  8
JJ
 62
   252
100
AcDbCircle
 10
-243.758733759445
 20
1635.843817072964
 30
0.0
 40
650.2499999999997
100
AcDbArc
 50
160.5287793660408
 51
199.4712206350221
  0
CIRCLE
  5
598
330
4E1
100
AcDbEntity
  8
JJ
 62
   252
100
AcDbCircle
 10
-802.6328130408801
 20
1487.731317067781
 30
0.0
 40
14.45
  0
CIRCLE
  5
599
330
4E1
100
AcDbEntity
  8
JJ
 62
   252
100
AcDbCircle
 10
-806.2453130435896
 20
1780.343817067755
 30
0.0
 40
14.45
  0
LINE
  5
59A
330
4E1
100
AcDbEntity
  8
JJ
 62
   252
100
AcDbLine
 10
-423.3203130402397
 20
1419.093817071306
 30
0.0
 11
-423.3203130442707
 21
1852.593817071306
 31
0.0
  0
CIRCLE
  5
59B
330
4E1
100
AcDbEntity
  8
JJ
 62
   252
100
AcDbCircle
 10
-658.1328130422623
 20
1635.843817069123
 30
0.0
 40
14.45
  0
CIRCLE
  5
59C
330
4E1
100
AcDbEntity
  8
JJ
 62
   252
100
AcDbCircle
 10
-510.0203130409062
 20
1491.343817070491
 30
0.0
 40
14.45
  0
CIRCLE
  5
59D
330
4E1
100
AcDbEntity
  8
JJ
 62
   252
100
AcDbCircle
 10
-513.6328130436159
 20
1783.956317070465
 30
0.0
 40
14.45
  0
ARC
  5
59E
330
4E1
100
AcDbEntity
  8
JJ
 62
   252
100
AcDbCircle
 10
-838.5214437285467
 20
1335.911733834917
 30
0.0
 40
85.17104900873965
100
AcDbArc
 50
102.4066373556688
 51
342.7949634784464
  0
LWPOLYLINE
  5
59F
330
4E1
100
AcDbEntity
  8
JJ
 62
   252
100
AcDbPolyline
 90
        4
 70
     1
 43
0.0
 10
-2192.184265889591
 20
1140.387994683421
 10
-2192.184265896285
 20
1862.887994683421
 10
-1469.684265896285
 20
1862.887994690129
 10
-1469.684265889591
 20
1140.387994690128
  0
LWPOLYLINE
  5
5A0
330
4E1
100
AcDbEntity
  8
JJ
 62
   252
100
AcDbPolyline
 90
        4
 70
     1
 43
0.0
 10
-2156.059265889926
 20
1176.512994683755
 10
-2156.05926589595
 20
1826.762994683755
 10
-1505.80926589595
 20
1826.762994689795
 10
-1505.809265889926
 20
1176.512994689794
  0
LINE
  5
5A1
330
4E1
100
AcDbEntity
  8
JJ
 62
   252
100
AcDbLine
 10
-2047.68426589093
 20
1284.887994684774
 30
0.0
 11
-1614.184265894946
 21
1718.38799468879
 31
0.0
  0
LINE
  5
5A2
330
4E1
100
AcDbEntity
  8
JJ
 62
   252
100
AcDbLine
 10
-1614.18426589093
 20
1284.88799468879
 30
0.0
 11
-2047.684265894946
 21
1718.387994684774
 31
0.0
  0
LWPOLYLINE
  5
5A3
330
4E1
100
AcDbEntity
  8
JJ
 62
   252
100
AcDbPolyline
 90
        4
 70
     1
 43
0.0
 10
-2047.68426589093
 20
1284.887994684774
 10
-2047.684265894946
 20
1718.387994684774
 10
-1614.184265894946
 20
1718.38799468879
 10
-1614.18426589093
 20
1284.88799468879
  0
LWPOLYLINE
  5
5A4
330
4E1
100
AcDbEntity
  8
JJ
 62
   252
100
AcDbPolyline
 90
        4
 70
     1
 43
0.0
 10
-2052.684265890872
 20
1279.88799468473
 10
-2052.68426589499
 20
1723.38799468473
 10
-1609.18426589499
 20
1723.387994688834
 10
-1609.184265890872
 20
1279.887994688849
  0
LINE
  5
5A5
330
4E1
100
AcDbEntity
  8
JJ
 62
   252
100
AcDbLine
 10
-488.1521589039039
 20
2212.025981986517
 30
0.0
 11
-3162.318070400186
 21
2212.025981961707
 31
0.0
  0
LINE
  5
5A6
330
4E1
100
AcDbEntity
  8
JJ
 62
   252
100
AcDbLine
 10
-452.0271589042386
 20
2248.150981986837
 30
0.0
 11
-3198.443070400522
 21
2248.150981961372
 31
0.0
  0
LINE
  5
5A7
330
4E1
100
AcDbEntity
  8
JJ
 62
   252
100
AcDbLine
 10
-3198.443070400522
 20
2248.150981961372
 30
0.0
 11
-3226.31187205005
 21
2330.249824187428
 31
0.0
  0
LINE
  5
5A8
330
4E1
100
AcDbEntity
  8
JJ
 62
   252
100
AcDbLine
 10
-3198.443070400522
 20
2248.150981961372
 30
0.0
 11
-3251.222686299064
 21
2316.934716562988
 31
0.0
  0
LINE
  5
5A9
330
4E1
100
AcDbEntity
  8
JJ
 62
   252
100
AcDbLine
 10
-3198.443070400522
 20
2248.150981961372
 30
0.0
 11
-3270.531485789135
 21
2296.318921161147
 31
0.0
  0
LINE
  5
5AA
330
4E1
100
AcDbEntity
  8
JJ
 62
   252
100
AcDbLine
 10
-3198.443070400522
 20
2248.150981961372
 30
0.0
 11
-3282.188839547919
 21
2270.590593170361
 31
0.0
  0
LINE
  5
5AB
330
4E1
100
AcDbEntity
  8
JJ
 62
   252
100
AcDbLine
 10
-3046.71807040053
 20
2248.150981962769
 30
0.0
 11
-3046.718070401315
 21
2334.85098196278
 31
0.0
  0
LINE
  5
5AC
330
4E1
100
AcDbEntity
  8
JJ
 62
   252
100
AcDbLine
 10
-3068.393070400519
 20
2248.15098196258
 30
0.0
 11
-3068.393070401318
 21
2334.850981962576
 31
0.0
  0
LINE
  5
5AD
330
4E1
100
AcDbEntity
  8
JJ
 62
   252
100
AcDbLine
 10
-3090.068070400521
 20
2248.150981962377
 30
0.0
 11
-3090.068070401321
 21
2334.850981962373
 31
0.0
  0
LINE
  5
5AE
330
4E1
100
AcDbEntity
  8
JJ
 62
   252
100
AcDbLine
 10
-3111.743070400525
 20
2248.150981962172
 30
0.0
 11
-3111.743070401324
 21
2334.850981962169
 31
0.0
  0
LINE
  5
5AF
330
4E1
100
AcDbEntity
  8
JJ
 62
   252
100
AcDbLine
 10
-3133.418070400527
 20
2248.150981961984
 30
0.0
 11
-3133.418070401327
 21
2334.85098196198
 31
0.0
  0
LINE
  5
5B0
330
4E1
100
AcDbEntity
  8
JJ
 62
   252
100
AcDbLine
 10
-3155.09307040053
 20
2248.150981961779
 30
0.0
 11
-3155.093070401316
 21
2334.850981961776
 31
0.0
  0
LINE
  5
5B1
330
4E1
100
AcDbEntity
  8
JJ
 62
   252
100
AcDbLine
 10
-3176.768070400518
 20
2248.150981961575
 30
0.0
 11
-3176.768070401319
 21
2334.850981961572
 31
0.0
  0
LINE
  5
5B2
330
4E1
100
AcDbEntity
  8
JJ
 62
   252
100
AcDbLine
 10
-3198.443070400522
 20
2248.150981961372
 30
0.0
 11
-3198.443070401321
 21
2334.850981961369
 31
0.0
  0
LINE
  5
5B3
330
4E1
100
AcDbEntity
  8
JJ
 62
   252
100
AcDbLine
 10
-3198.443070400522
 20
2248.150981961372
 30
0.0
 11
-3285.143070400518
 21
2248.150981960571
 31
0.0
  0
LINE
  5
5B4
330
4E1
100
AcDbEntity
  8
JJ
 62
   252
100
AcDbLine
 10
-3198.443070400317
 20
2226.475981961369
 30
0.0
 11
-3285.143070400329
 21
2226.475981960568
 31
0.0
  0
LINE
  5
5B5
330
4E1
100
AcDbEntity
  8
JJ
 62
   252
100
AcDbLine
 10
-3198.443070400113
 20
2204.800981961366
 30
0.0
 11
-3285.14307040011
 21
2204.800981960565
 31
0.0
  0
LINE
  5
5B6
330
4E1
100
AcDbEntity
  8
JJ
 62
   252
100
AcDbLine
 10
-3198.44307039991
 20
2183.125981961363
 30
0.0
 11
-3285.143070399907
 21
2183.125981960563
 31
0.0
  0
LINE
  5
5B7
330
4E1
100
AcDbEntity
  8
JJ
 62
   252
100
AcDbLine
 10
-3198.443070399721
 20
2161.45098196136
 30
0.0
 11
-3285.143070399718
 21
2161.450981960574
 31
0.0
  0
LINE
  5
5B8
330
4E1
100
AcDbEntity
  8
JJ
 62
   252
100
AcDbLine
 10
-3198.443070399517
 20
2139.775981961372
 30
0.0
 11
-3285.143070399514
 21
2139.775981960571
 31
0.0
  0
LINE
  5
5B9
330
4E1
100
AcDbEntity
  8
JJ
 62
   252
100
AcDbLine
 10
-3198.443070399313
 20
2118.100981961369
 30
0.0
 11
-3285.14307039931
 21
2118.100981960568
 31
0.0
  0
LINE
  5
5BA
330
4E1
100
AcDbEntity
  8
JJ
 62
   252
100
AcDbLine
 10
-3198.44307039911
 20
2096.425981961366
 30
0.0
 11
-3285.143070399121
 21
2096.425981960566
 31
0.0
  0
LINE
  5
5BB
330
4E1
100
AcDbEntity
  8
JJ
 62
   252
100
AcDbLine
 10
-3198.44307039892
 20
2074.750981961363
 30
0.0
 11
-3285.143070398917
 21
2074.750981960562
 31
0.0
  0
LINE
  5
5BC
330
4E1
100
AcDbEntity
  8
JJ
 62
   252
100
AcDbLine
 10
-3198.443070398717
 20
2053.07598196136
 30
0.0
 11
-3285.143070398714
 21
2053.075981960574
 31
0.0
  0
LINE
  5
5BD
330
4E1
100
AcDbEntity
  8
JJ
 62
   252
100
AcDbLine
 10
-3198.443070398498
 20
2031.400981961372
 30
0.0
 11
-3285.14307039851
 21
2031.400981960571
 31
0.0
  0
LINE
  5
5BE
330
4E1
100
AcDbEntity
  8
JJ
 62
   252
100
AcDbLine
 10
-2916.668070400527
 20
2248.150981963991
 30
0.0
 11
-2916.668070401327
 21
2334.850981963988
 31
0.0
  0
LINE
  5
5BF
330
4E1
100
AcDbEntity
  8
JJ
 62
   252
100
AcDbLine
 10
-2938.343070400529
 20
2248.150981963787
 30
0.0
 11
-2938.343070401316
 21
2334.850981963784
 31
0.0
  0
LINE
  5
5C0
330
4E1
100
AcDbEntity
  8
JJ
 62
   252
100
AcDbLine
 10
-2960.018070400519
 20
2248.150981963584
 30
0.0
 11
-2960.018070401318
 21
2334.85098196358
 31
0.0
  0
LINE
  5
5C1
330
4E1
100
AcDbEntity
  8
JJ
 62
   252
100
AcDbLine
 10
-2981.693070400521
 20
2248.15098196338
 30
0.0
 11
-2981.693070401322
 21
2334.850981963391
 31
0.0
  0
LINE
  5
5C2
330
4E1
100
AcDbEntity
  8
JJ
 62
   252
100
AcDbLine
 10
-2439.818070400521
 20
2248.150981968415
 30
0.0
 11
-2439.818070401321
 21
2334.850981968412
 31
0.0
  0
LINE
  5
5C3
330
4E1
100
AcDbEntity
  8
JJ
 62
   252
100
AcDbLine
 10
-2461.493070400524
 20
2248.150981968211
 30
0.0
 11
-2461.493070401324
 21
2334.850981968208
 31
0.0
  0
LINE
  5
5C4
330
4E1
100
AcDbEntity
  8
JJ
 62
   252
100
AcDbLine
 10
-2483.168070400527
 20
2248.150981968008
 30
0.0
 11
-2483.168070401327
 21
2334.850981968005
 31
0.0
  0
LINE
  5
5C5
330
4E1
100
AcDbEntity
  8
JJ
 62
   252
100
AcDbLine
 10
-2504.84307040053
 20
2248.150981967803
 30
0.0
 11
-2504.843070401316
 21
2334.850981967801
 31
0.0
  0
LINE
  5
5C6
330
4E1
100
AcDbEntity
  8
JJ
 62
   252
100
AcDbLine
 10
-2526.518070400518
 20
2248.1509819676
 30
0.0
 11
-2526.518070401318
 21
2334.850981967597
 31
0.0
  0
LINE
  5
5C7
330
4E1
100
AcDbEntity
  8
JJ
 62
   252
100
AcDbLine
 10
-2548.193070400521
 20
2248.150981967396
 30
0.0
 11
-2548.193070401322
 21
2334.850981967408
 31
0.0
  0
LINE
  5
5C8
330
4E1
100
AcDbEntity
  8
JJ
 62
   252
100
AcDbLine
 10
-2569.868070400524
 20
2248.150981967207
 30
0.0
 11
-2569.868070401324
 21
2334.850981967204
 31
0.0
  0
LINE
  5
5C9
330
4E1
100
AcDbEntity
  8
JJ
 62
   252
100
AcDbLine
 10
-2591.543070400527
 20
2248.150981967004
 30
0.0
 11
-2591.543070401327
 21
2334.850981967
 31
0.0
  0
LINE
  5
5CA
330
4E1
100
AcDbEntity
  8
JJ
 62
   252
100
AcDbLine
 10
-2613.21807040053
 20
2248.1509819668
 30
0.0
 11
-2613.218070401316
 21
2334.850981966797
 31
0.0
  0
LINE
  5
5CB
330
4E1
100
AcDbEntity
  8
JJ
 62
   252
100
AcDbLine
 10
-2634.893070400518
 20
2248.150981966596
 30
0.0
 11
-2634.893070401318
 21
2334.850981966607
 31
0.0
  0
LINE
  5
5CC
330
4E1
100
AcDbEntity
  8
JJ
 62
   252
100
AcDbLine
 10
-2656.568070400521
 20
2248.150981966392
 30
0.0
 11
-2656.568070401321
 21
2334.850981966388
 31
0.0
  0
LINE
  5
5CD
330
4E1
100
AcDbEntity
  8
JJ
 62
   252
100
AcDbLine
 10
-2678.243070400525
 20
2248.150981966189
 30
0.0
 11
-2678.243070401324
 21
2334.850981966186
 31
0.0
  0
LINE
  5
5CE
330
4E1
100
AcDbEntity
  8
JJ
 62
   252
100
AcDbLine
 10
-2699.918070400527
 20
2248.150981965999
 30
0.0
 11
-2699.918070401327
 21
2334.850981965996
 31
0.0
  0
LINE
  5
5CF
330
4E1
100
AcDbEntity
  8
JJ
 62
   252
100
AcDbLine
 10
-2721.59307040053
 20
2248.150981965796
 30
0.0
 11
-2721.593070401315
 21
2334.850981965792
 31
0.0
  0
LINE
  5
5D0
330
4E1
100
AcDbEntity
  8
JJ
 62
   252
100
AcDbLine
 10
-2743.268070400518
 20
2248.150981965592
 30
0.0
 11
-2743.268070401319
 21
2334.850981965589
 31
0.0
  0
LINE
  5
5D1
330
4E1
100
AcDbEntity
  8
JJ
 62
   252
100
AcDbLine
 10
-2764.943070400522
 20
2248.150981965388
 30
0.0
 11
-2764.943070401321
 21
2334.850981965399
 31
0.0
  0
LINE
  5
5D2
330
4E1
100
AcDbEntity
  8
JJ
 62
   252
100
AcDbLine
 10
-2786.618070400524
 20
2248.150981965199
 30
0.0
 11
-2786.618070401325
 21
2334.850981965196
 31
0.0
  0
LINE
  5
5D3
330
4E1
100
AcDbEntity
  8
JJ
 62
   252
100
AcDbLine
 10
-2808.293070400527
 20
2248.150981964995
 30
0.0
 11
-2808.293070401327
 21
2334.850981964992
 31
0.0
  0
LINE
  5
5D4
330
4E1
100
AcDbEntity
  8
JJ
 62
   252
100
AcDbLine
 10
-2829.96807040053
 20
2248.150981964777
 30
0.0
 11
-2829.968070401316
 21
2334.850981964788
 31
0.0
  0
LINE
  5
5D5
330
4E1
100
AcDbEntity
  8
JJ
 62
   252
100
AcDbLine
 10
-2851.643070400518
 20
2248.150981964588
 30
0.0
 11
-2851.643070401318
 21
2334.850981964585
 31
0.0
  0
LINE
  5
5D6
330
4E1
100
AcDbEntity
  8
JJ
 62
   252
100
AcDbLine
 10
-2873.318070400522
 20
2248.150981964384
 30
0.0
 11
-2873.318070401321
 21
2334.850981964381
 31
0.0
  0
LINE
  5
5D7
330
4E1
100
AcDbEntity
  8
JJ
 62
   252
100
AcDbLine
 10
-2894.993070400524
 20
2248.15098196418
 30
0.0
 11
-2894.993070401324
 21
2334.850981964177
 31
0.0
  0
LINE
  5
5D8
330
4E1
100
AcDbEntity
  8
JJ
 62
   252
100
AcDbLine
 10
-3003.368070400525
 20
2248.150981963176
 30
0.0
 11
-3003.368070401324
 21
2334.850981963173
 31
0.0
  0
LINE
  5
5D9
330
4E1
100
AcDbEntity
  8
JJ
 62
   252
100
AcDbLine
 10
-3025.043070400527
 20
2248.150981962973
 30
0.0
 11
-3025.043070401327
 21
2334.850981962969
 31
0.0
  0
LINE
  5
5DA
330
4E1
100
AcDbEntity
  8
JJ
 62
   252
100
AcDbLine
 10
-1941.293070400526
 20
2248.150981973042
 30
0.0
 11
-1941.293070401327
 21
2334.850981973039
 31
0.0
  0
LINE
  5
5DB
330
4E1
100
AcDbEntity
  8
JJ
 62
   252
100
AcDbLine
 10
-1962.968070400529
 20
2248.150981972824
 30
0.0
 11
-1962.968070401315
 21
2334.850981972821
 31
0.0
  0
LINE
  5
5DC
330
4E1
100
AcDbEntity
  8
JJ
 62
   252
100
AcDbLine
 10
-1984.643070400518
 20
2248.15098197262
 30
0.0
 11
-1984.643070401318
 21
2334.850981972632
 31
0.0
  0
LINE
  5
5DD
330
4E1
100
AcDbEntity
  8
JJ
 62
   252
100
AcDbLine
 10
-2006.318070400521
 20
2248.150981972431
 30
0.0
 11
-2006.318070401321
 21
2334.850981972428
 31
0.0
  0
LINE
  5
5DE
330
4E1
100
AcDbEntity
  8
JJ
 62
   252
100
AcDbLine
 10
-2027.993070400524
 20
2248.150981972227
 30
0.0
 11
-2027.993070401324
 21
2334.850981972225
 31
0.0
  0
LINE
  5
5DF
330
4E1
100
AcDbEntity
  8
JJ
 62
   252
100
AcDbLine
 10
-2049.668070400527
 20
2248.150981972024
 30
0.0
 11
-2049.668070401327
 21
2334.850981972021
 31
0.0
  0
LINE
  5
5E0
330
4E1
100
AcDbEntity
  8
JJ
 62
   252
100
AcDbLine
 10
-2071.34307040053
 20
2248.150981971834
 30
0.0
 11
-2071.343070401315
 21
2334.850981971832
 31
0.0
  0
LINE
  5
5E1
330
4E1
100
AcDbEntity
  8
JJ
 62
   252
100
AcDbLine
 10
-2093.018070400518
 20
2248.150981971631
 30
0.0
 11
-2093.018070401318
 21
2334.850981971628
 31
0.0
  0
LINE
  5
5E2
330
4E1
100
AcDbEntity
  8
JJ
 62
   252
100
AcDbLine
 10
-2114.693070400521
 20
2248.150981971427
 30
0.0
 11
-2114.693070401321
 21
2334.850981971424
 31
0.0
  0
LINE
  5
5E3
330
4E1
100
AcDbEntity
  8
JJ
 62
   252
100
AcDbLine
 10
-2136.368070400525
 20
2248.150981971223
 30
0.0
 11
-2136.368070401324
 21
2334.85098197122
 31
0.0
  0
LINE
  5
5E4
330
4E1
100
AcDbEntity
  8
JJ
 62
   252
100
AcDbLine
 10
-1919.618070400523
 20
2248.150981973231
 30
0.0
 11
-1919.618070401324
 21
2334.850981973243
 31
0.0
  0
LINE
  5
5E5
330
4E1
100
AcDbEntity
  8
JJ
 62
   252
100
AcDbLine
 10
-1897.94307040052
 20
2248.150981973435
 30
0.0
 11
-1897.943070401321
 21
2334.850981973432
 31
0.0
  0
LINE
  5
5E6
330
4E1
100
AcDbEntity
  8
JJ
 62
   252
100
AcDbLine
 10
-2158.043070400527
 20
2248.150981971019
 30
0.0
 11
-2158.043070401327
 21
2334.850981971017
 31
0.0
  0
LINE
  5
5E7
330
4E1
100
AcDbEntity
  8
JJ
 62
   252
100
AcDbLine
 10
-2179.71807040053
 20
2248.150981970816
 30
0.0
 11
-2179.718070401316
 21
2334.850981970813
 31
0.0
  0
LINE
  5
5E8
330
4E1
100
AcDbEntity
  8
JJ
 62
   252
100
AcDbLine
 10
-2201.393070400518
 20
2248.150981970612
 30
0.0
 11
-2201.393070401318
 21
2334.850981970624
 31
0.0
  0
LINE
  5
5E9
330
4E1
100
AcDbEntity
  8
JJ
 62
   252
100
AcDbLine
 10
-2223.068070400521
 20
2248.150981970423
 30
0.0
 11
-2223.068070401321
 21
2334.85098197042
 31
0.0
  0
LINE
  5
5EA
330
4E1
100
AcDbEntity
  8
JJ
 62
   252
100
AcDbLine
 10
-2244.743070400524
 20
2248.150981970219
 30
0.0
 11
-2244.743070401324
 21
2334.850981970216
 31
0.0
  0
LINE
  5
5EB
330
4E1
100
AcDbEntity
  8
JJ
 62
   252
100
AcDbLine
 10
-2266.418070400527
 20
2248.150981970015
 30
0.0
 11
-2266.418070401327
 21
2334.850981970013
 31
0.0
  0
LINE
  5
5EC
330
4E1
100
AcDbEntity
  8
JJ
 62
   252
100
AcDbLine
 10
-2288.093070400529
 20
2248.150981969827
 30
0.0
 11
-2288.093070401315
 21
2334.850981969823
 31
0.0
  0
LINE
  5
5ED
330
4E1
100
AcDbEntity
  8
JJ
 62
   252
100
AcDbLine
 10
-2309.768070400518
 20
2248.150981969608
 30
0.0
 11
-2309.768070401318
 21
2334.850981969605
 31
0.0
  0
LINE
  5
5EE
330
4E1
100
AcDbEntity
  8
JJ
 62
   252
100
AcDbLine
 10
-2331.443070400521
 20
2248.150981969404
 30
0.0
 11
-2331.443070401321
 21
2334.850981969416
 31
0.0
  0
LINE
  5
5EF
330
4E1
100
AcDbEntity
  8
JJ
 62
   252
100
AcDbLine
 10
-2353.118070400524
 20
2248.150981969215
 30
0.0
 11
-2353.118070401324
 21
2334.850981969212
 31
0.0
  0
LINE
  5
5F0
330
4E1
100
AcDbEntity
  8
JJ
 62
   252
100
AcDbLine
 10
-2374.793070400527
 20
2248.150981969011
 30
0.0
 11
-2374.793070401327
 21
2334.850981969009
 31
0.0
  0
LINE
  5
5F1
330
4E1
100
AcDbEntity
  8
JJ
 62
   252
100
AcDbLine
 10
-2396.46807040053
 20
2248.150981968808
 30
0.0
 11
-2396.468070401315
 21
2334.850981968805
 31
0.0
  0
LINE
  5
5F2
330
4E1
100
AcDbEntity
  8
JJ
 62
   252
100
AcDbLine
 10
-2418.143070400518
 20
2248.150981968604
 30
0.0
 11
-2418.143070401319
 21
2334.850981968616
 31
0.0
  0
LINE
  5
5F3
330
4E1
100
AcDbEntity
  8
JJ
 62
   252
100
AcDbLine
 10
-1442.768070400518
 20
2248.150981977655
 30
0.0
 11
-1442.768070401318
 21
2334.850981977652
 31
0.0
  0
LINE
  5
5F4
330
4E1
100
AcDbEntity
  8
JJ
 62
   252
100
AcDbLine
 10
-1464.443070400521
 20
2248.150981977452
 30
0.0
 11
-1464.443070401321
 21
2334.850981977449
 31
0.0
  0
LINE
  5
5F5
330
4E1
100
AcDbEntity
  8
JJ
 62
   252
100
AcDbLine
 10
-1486.118070400524
 20
2248.150981977248
 30
0.0
 11
-1486.118070401324
 21
2334.850981977259
 31
0.0
  0
LINE
  5
5F6
330
4E1
100
AcDbEntity
  8
JJ
 62
   252
100
AcDbLine
 10
-1507.793070400526
 20
2248.150981977059
 30
0.0
 11
-1507.793070401327
 21
2334.850981977055
 31
0.0
  0
LINE
  5
5F7
330
4E1
100
AcDbEntity
  8
JJ
 62
   252
100
AcDbLine
 10
-1529.468070400529
 20
2248.150981976855
 30
0.0
 11
-1529.468070401315
 21
2334.850981976852
 31
0.0
  0
LINE
  5
5F8
330
4E1
100
AcDbEntity
  8
JJ
 62
   252
100
AcDbLine
 10
-1551.143070400518
 20
2248.150981976651
 30
0.0
 11
-1551.143070401318
 21
2334.850981976648
 31
0.0
  0
LINE
  5
5F9
330
4E1
100
AcDbEntity
  8
JJ
 62
   252
100
AcDbLine
 10
-1572.81807040052
 20
2248.150981976448
 30
0.0
 11
-1572.818070401321
 21
2334.850981976459
 31
0.0
  0
LINE
  5
5FA
330
4E1
100
AcDbEntity
  8
JJ
 62
   252
100
AcDbLine
 10
-1594.493070400524
 20
2248.150981976258
 30
0.0
 11
-1594.493070401323
 21
2334.850981976256
 31
0.0
  0
LINE
  5
5FB
330
4E1
100
AcDbEntity
  8
JJ
 62
   252
100
AcDbLine
 10
-1616.168070400527
 20
2248.15098197604
 30
0.0
 11
-1616.168070401327
 21
2334.850981976037
 31
0.0
  0
LINE
  5
5FC
330
4E1
100
AcDbEntity
  8
JJ
 62
   252
100
AcDbLine
 10
-1637.84307040053
 20
2248.150981975851
 30
0.0
 11
-1637.843070401315
 21
2334.850981975848
 31
0.0
  0
LINE
  5
5FD
330
4E1
100
AcDbEntity
  8
JJ
 62
   252
100
AcDbLine
 10
-1659.518070400518
 20
2248.150981975647
 30
0.0
 11
-1659.518070401318
 21
2334.850981975644
 31
0.0
  0
LINE
  5
5FE
330
4E1
100
AcDbEntity
  8
JJ
 62
   252
100
AcDbLine
 10
-1681.193070400521
 20
2248.150981975443
 30
0.0
 11
-1681.193070401321
 21
2334.85098197544
 31
0.0
  0
LINE
  5
5FF
330
4E1
100
AcDbEntity
  8
JJ
 62
   252
100
AcDbLine
 10
-1702.868070400523
 20
2248.15098197524
 30
0.0
 11
-1702.868070401324
 21
2334.850981975251
 31
0.0
  0
LINE
  5
600
330
4E1
100
AcDbEntity
  8
JJ
 62
   252
100
AcDbLine
 10
-1724.543070400526
 20
2248.15098197505
 30
0.0
 11
-1724.543070401327
 21
2334.850981975048
 31
0.0
  0
LINE
  5
601
330
4E1
100
AcDbEntity
  8
JJ
 62
   252
100
AcDbLine
 10
-1746.218070400528
 20
2248.150981974847
 30
0.0
 11
-1746.218070401315
 21
2334.850981974844
 31
0.0
  0
LINE
  5
602
330
4E1
100
AcDbEntity
  8
JJ
 62
   252
100
AcDbLine
 10
-1767.893070400518
 20
2248.150981974643
 30
0.0
 11
-1767.893070401318
 21
2334.85098197464
 31
0.0
  0
LINE
  5
603
330
4E1
100
AcDbEntity
  8
JJ
 62
   252
100
AcDbLine
 10
-1789.568070400521
 20
2248.150981974439
 30
0.0
 11
-1789.568070401321
 21
2334.850981974437
 31
0.0
  0
LINE
  5
604
330
4E1
100
AcDbEntity
  8
JJ
 62
   252
100
AcDbLine
 10
-1811.243070400523
 20
2248.150981974236
 30
0.0
 11
-1811.243070401324
 21
2334.850981974232
 31
0.0
  0
LINE
  5
605
330
4E1
100
AcDbEntity
  8
JJ
 62
   252
100
AcDbLine
 10
-1832.918070400527
 20
2248.150981974032
 30
0.0
 11
-1832.918070401327
 21
2334.850981974029
 31
0.0
  0
LINE
  5
606
330
4E1
100
AcDbEntity
  8
JJ
 62
   252
100
AcDbLine
 10
-1854.59307040053
 20
2248.150981973843
 30
0.0
 11
-1854.593070401315
 21
2334.85098197384
 31
0.0
  0
LINE
  5
607
330
4E1
100
AcDbEntity
  8
JJ
 62
   252
100
AcDbLine
 10
-749.1680704005266
 20
2248.150981984087
 30
0.0
 11
-749.1680704013267
 21
2334.850981984084
 31
0.0
  0
LINE
  5
608
330
4E1
100
AcDbEntity
  8
JJ
 62
   252
100
AcDbLine
 10
-770.8430704005293
 20
2248.150981983883
 30
0.0
 11
-770.8430704013153
 21
2334.850981983881
 31
0.0
  0
LINE
  5
609
330
4E1
100
AcDbEntity
  8
JJ
 62
   252
100
AcDbLine
 10
-792.5180704005179
 20
2248.150981983695
 30
0.0
 11
-792.5180704013182
 21
2334.850981983692
 31
0.0
  0
LINE
  5
60A
330
4E1
100
AcDbEntity
  8
JJ
 62
   252
100
AcDbLine
 10
-814.1930704005208
 20
2248.15098198349
 30
0.0
 11
-814.1930704013212
 21
2334.850981983488
 31
0.0
  0
LINE
  5
60B
330
4E1
100
AcDbEntity
  8
JJ
 62
   252
100
AcDbLine
 10
-835.8680704005237
 20
2248.150981983287
 30
0.0
 11
-835.868070401324
 21
2334.850981983284
 31
0.0
  0
LINE
  5
60C
330
4E1
100
AcDbEntity
  8
JJ
 62
   252
100
AcDbLine
 10
-857.5430704005267
 20
2248.150981983083
 30
0.0
 11
-857.5430704013269
 21
2334.850981983095
 31
0.0
  0
LINE
  5
60D
330
4E1
100
AcDbEntity
  8
JJ
 62
   252
100
AcDbLine
 10
-879.2180704005295
 20
2248.150981982894
 30
0.0
 11
-879.2180704013153
 21
2334.850981982891
 31
0.0
  0
LINE
  5
60E
330
4E1
100
AcDbEntity
  8
JJ
 62
   252
100
AcDbLine
 10
-900.8930704005178
 20
2248.150981982675
 30
0.0
 11
-900.8930704013183
 21
2334.850981982673
 31
0.0
  0
LINE
  5
60F
330
4E1
100
AcDbEntity
  8
JJ
 62
   252
100
AcDbLine
 10
-922.5680704005208
 20
2248.150981982472
 30
0.0
 11
-922.5680704013212
 21
2334.850981982484
 31
0.0
  0
LINE
  5
610
330
4E1
100
AcDbEntity
  8
JJ
 62
   252
100
AcDbLine
 10
-944.2430704005237
 20
2248.150981982283
 30
0.0
 11
-944.243070401324
 21
2334.85098198228
 31
0.0
  0
LINE
  5
611
330
4E1
100
AcDbEntity
  8
JJ
 62
   252
100
AcDbLine
 10
-965.9180704005263
 20
2248.150981982079
 30
0.0
 11
-965.9180704013271
 21
2334.850981982076
 31
0.0
  0
LINE
  5
612
330
4E1
100
AcDbEntity
  8
JJ
 62
   252
100
AcDbLine
 10
-987.5930704005297
 20
2248.150981981876
 30
0.0
 11
-987.5930704013153
 21
2334.850981981873
 31
0.0
  0
LINE
  5
613
330
4E1
100
AcDbEntity
  8
JJ
 62
   252
100
AcDbLine
 10
-1009.268070400518
 20
2248.150981981686
 30
0.0
 11
-1009.268070401318
 21
2334.850981981683
 31
0.0
  0
LINE
  5
614
330
4E1
100
AcDbEntity
  8
JJ
 62
   252
100
AcDbLine
 10
-1030.943070400521
 20
2248.150981981483
 30
0.0
 11
-1030.943070401321
 21
2334.85098198148
 31
0.0
  0
LINE
  5
615
330
4E1
100
AcDbEntity
  8
JJ
 62
   252
100
AcDbLine
 10
-1052.618070400524
 20
2248.150981981279
 30
0.0
 11
-1052.618070401324
 21
2334.850981981276
 31
0.0
  0
LINE
  5
616
330
4E1
100
AcDbEntity
  8
JJ
 62
   252
100
AcDbLine
 10
-1074.293070400526
 20
2248.150981981075
 30
0.0
 11
-1074.293070401327
 21
2334.850981981072
 31
0.0
  0
LINE
  5
617
330
4E1
100
AcDbEntity
  8
JJ
 62
   252
100
AcDbLine
 10
-1095.968070400529
 20
2248.150981980871
 30
0.0
 11
-1095.968070401315
 21
2334.850981980868
 31
0.0
  0
LINE
  5
618
330
4E1
100
AcDbEntity
  8
JJ
 62
   252
100
AcDbLine
 10
-1117.643070400518
 20
2248.150981980668
 30
0.0
 11
-1117.643070401318
 21
2334.850981980665
 31
0.0
  0
LINE
  5
619
330
4E1
100
AcDbEntity
  8
JJ
 62
   252
100
AcDbLine
 10
-1139.318070400521
 20
2248.150981980464
 30
0.0
 11
-1139.318070401321
 21
2334.850981980475
 31
0.0
  0
LINE
  5
61A
330
4E1
100
AcDbEntity
  8
JJ
 62
   252
100
AcDbLine
 10
-1160.993070400524
 20
2248.150981980275
 30
0.0
 11
-1160.993070401324
 21
2334.850981980272
 31
0.0
  0
LINE
  5
61B
330
4E1
100
AcDbEntity
  8
JJ
 62
   252
100
AcDbLine
 10
-1182.668070400526
 20
2248.150981980071
 30
0.0
 11
-1182.668070401327
 21
2334.850981980068
 31
0.0
  0
LINE
  5
61C
330
4E1
100
AcDbEntity
  8
JJ
 62
   252
100
AcDbLine
 10
-1204.343070400529
 20
2248.150981979867
 30
0.0
 11
-1204.343070401315
 21
2334.850981979863
 31
0.0
  0
LINE
  5
61D
330
4E1
100
AcDbEntity
  8
JJ
 62
   252
100
AcDbLine
 10
-1226.018070400518
 20
2248.150981979678
 30
0.0
 11
-1226.018070401318
 21
2334.850981979675
 31
0.0
  0
LINE
  5
61E
330
4E1
100
AcDbEntity
  8
JJ
 62
   252
100
AcDbLine
 10
-1247.693070400521
 20
2248.15098197946
 30
0.0
 11
-1247.693070401321
 21
2334.850981979457
 31
0.0
  0
LINE
  5
61F
330
4E1
100
AcDbEntity
  8
JJ
 62
   252
100
AcDbLine
 10
-1269.368070400523
 20
2248.150981979256
 30
0.0
 11
-1269.368070401324
 21
2334.850981979267
 31
0.0
  0
LINE
  5
620
330
4E1
100
AcDbEntity
  8
JJ
 62
   252
100
AcDbLine
 10
-1291.043070400526
 20
2248.150981979067
 30
0.0
 11
-1291.043070401327
 21
2334.850981979064
 31
0.0
  0
LINE
  5
621
330
4E1
100
AcDbEntity
  8
JJ
 62
   252
100
AcDbLine
 10
-1312.718070400529
 20
2248.150981978863
 30
0.0
 11
-1312.718070401315
 21
2334.85098197886
 31
0.0
  0
LINE
  5
622
330
4E1
100
AcDbEntity
  8
JJ
 62
   252
100
AcDbLine
 10
-1334.393070400518
 20
2248.150981978659
 30
0.0
 11
-1334.393070401318
 21
2334.850981978656
 31
0.0
  0
LINE
  5
623
330
4E1
100
AcDbEntity
  8
JJ
 62
   252
100
AcDbLine
 10
-1356.068070400521
 20
2248.150981978456
 30
0.0
 11
-1356.068070401321
 21
2334.850981978467
 31
0.0
  0
LINE
  5
624
330
4E1
100
AcDbEntity
  8
JJ
 62
   252
100
AcDbLine
 10
-1377.743070400524
 20
2248.150981978267
 30
0.0
 11
-1377.743070401324
 21
2334.850981978263
 31
0.0
  0
LINE
  5
625
330
4E1
100
AcDbEntity
  8
JJ
 62
   252
100
AcDbLine
 10
-1399.418070400527
 20
2248.150981978063
 30
0.0
 11
-1399.418070401327
 21
2334.85098197806
 31
0.0
  0
LINE
  5
626
330
4E1
100
AcDbEntity
  8
JJ
 62
   252
100
AcDbLine
 10
-1421.093070400529
 20
2248.150981977859
 30
0.0
 11
-1421.093070401315
 21
2334.850981977856
 31
0.0
  0
LINE
  5
627
330
4E1
100
AcDbEntity
  8
JJ
 62
   252
100
AcDbLine
 10
-1876.268070400518
 20
2248.150981973639
 30
0.0
 11
-1876.268070401318
 21
2334.850981973636
 31
0.0
  0
LINE
  5
628
330
4E1
100
AcDbEntity
  8
JJ
 62
   252
100
AcDbLine
 10
-452.0271589042386
 20
2248.150981986837
 30
0.0
 11
-424.1583572562376
 21
2330.249824213417
 31
0.0
  0
LINE
  5
629
330
4E1
100
AcDbEntity
  8
JJ
 62
   252
100
AcDbLine
 10
-452.0271589042386
 20
2248.150981986837
 30
0.0
 11
-452.0271589050389
 21
2334.850981986835
 31
0.0
  0
LINE
  5
62A
330
4E1
100
AcDbEntity
  8
JJ
 62
   252
100
AcDbLine
 10
-467.3930704005178
 20
2248.150981986706
 30
0.0
 11
-467.3930704013182
 21
2334.850981986704
 31
0.0
  0
LINE
  5
62B
330
4E1
100
AcDbEntity
  8
JJ
 62
   252
100
AcDbLine
 10
-489.0680704005208
 20
2248.150981986503
 30
0.0
 11
-489.068070401321
 21
2334.8509819865
 31
0.0
  0
LINE
  5
62C
330
4E1
100
AcDbEntity
  8
JJ
 62
   252
100
AcDbLine
 10
-510.7430704005237
 20
2248.150981986299
 30
0.0
 11
-510.743070401324
 21
2334.850981986311
 31
0.0
  0
LINE
  5
62D
330
4E1
100
AcDbEntity
  8
JJ
 62
   252
100
AcDbLine
 10
-532.4180704005266
 20
2248.15098198611
 30
0.0
 11
-532.418070401327
 21
2334.850981986107
 31
0.0
  0
LINE
  5
62E
330
4E1
100
AcDbEntity
  8
JJ
 62
   252
100
AcDbLine
 10
-554.0930704005294
 20
2248.150981985892
 30
0.0
 11
-554.0930704013153
 21
2334.850981985889
 31
0.0
  0
LINE
  5
62F
330
4E1
100
AcDbEntity
  8
JJ
 62
   252
100
AcDbLine
 10
-575.7680704005179
 20
2248.150981985702
 30
0.0
 11
-575.7680704013182
 21
2334.8509819857
 31
0.0
  0
LINE
  5
630
330
4E1
100
AcDbEntity
  8
JJ
 62
   252
100
AcDbLine
 10
-597.4430704005207
 20
2248.150981985499
 30
0.0
 11
-597.4430704013212
 21
2334.850981985496
 31
0.0
  0
LINE
  5
631
330
4E1
100
AcDbEntity
  8
JJ
 62
   252
100
AcDbLine
 10
-619.1180704005237
 20
2248.150981985295
 30
0.0
 11
-619.1180704013238
 21
2334.850981985292
 31
0.0
  0
LINE
  5
632
330
4E1
100
AcDbEntity
  8
JJ
 62
   252
100
AcDbLine
 10
-640.7930704005266
 20
2248.150981985091
 30
0.0
 11
-640.793070401327
 21
2334.850981985104
 31
0.0
  0
LINE
  5
633
330
4E1
100
AcDbEntity
  8
JJ
 62
   252
100
AcDbLine
 10
-662.4680704005294
 20
2248.150981984902
 30
0.0
 11
-662.4680704013152
 21
2334.850981984899
 31
0.0
  0
LINE
  5
634
330
4E1
100
AcDbEntity
  8
JJ
 62
   252
100
AcDbLine
 10
-684.1430704005179
 20
2248.150981984698
 30
0.0
 11
-684.1430704013182
 21
2334.850981984695
 31
0.0
  0
LINE
  5
635
330
4E1
100
AcDbEntity
  8
JJ
 62
   252
100
AcDbLine
 10
-705.8180704005208
 20
2248.150981984494
 30
0.0
 11
-705.8180704013209
 21
2334.850981984492
 31
0.0
  0
LINE
  5
636
330
4E1
100
AcDbEntity
  8
JJ
 62
   252
100
AcDbLine
 10
-727.4930704005237
 20
2248.150981984291
 30
0.0
 11
-727.493070401324
 21
2334.850981984288
 31
0.0
  0
LINE
  5
637
330
4E1
100
AcDbEntity
  8
JJ
 62
   252
100
AcDbLine
 10
-278.8203130402398
 20
1419.093817072644
 30
0.0
 11
-278.8203130442707
 21
1852.593817072644
 31
0.0
  0
LINE
  5
638
330
4E1
100
AcDbEntity
  8
JJ
 62
   252
100
AcDbLine
 10
-387.1953130402399
 20
1419.09381707164
 30
0.0
 11
-387.1953130442707
 21
1852.59381707164
 31
0.0
  0
ARC
  5
639
330
4E1
100
AcDbEntity
  8
JJ
 62
   252
100
AcDbCircle
 10
-387.1953130442707
 20
1852.59381707164
 30
0.0
 40
108.375
100
AcDbArc
 50
0.0000000005314948
 51
90.0000000005315
  0
ARC
  5
63A
330
4E1
100
AcDbEntity
  8
JJ
 62
   252
100
AcDbCircle
 10
-387.1953130402543
 20
1419.09381707164
 30
0.0
 40
108.375
100
AcDbArc
 50
270.0000000005315
 51
0.0000000005314948
  0
ENDBLK
  5
63B
330
4E1
100
AcDbEntity
  8
0
100
AcDbBlockEnd
  0
BLOCK
  5
258
330
257
100
AcDbEntity
  8
0
100
AcDbBlockBegin
  2
WP3
 70
     0
 10
0.0
 20
0.0
 30
0.0
  3
WP3
  1

  0
INSERT
  5
259
330
257
100
AcDbEntity
  8
JJ
 62
   252
100
AcDbBlockReference
  2
CM011
 10
220.0
 20
0.0
 30
0.0
  0
ENDBLK
  5
277
330
257
100
AcDbEntity
  8
0
100
AcDbBlockEnd
  0
BLOCK
  5
25B
330
25A
100
AcDbEntity
  8
0
100
AcDbBlockBegin
  2
CM011
 70
     0
 10
0.0
 20
0.0
 30
0.0
  3
CM011
  1

  0
LINE
  5
25C
330
25A
100
AcDbEntity
  8
0
100
AcDbLine
 10
-139.749898904527
 20
-270.3977986315294
 30
0.0
 11
0.0
 21
-270.3977986315294
 31
0.0
  0
LINE
  5
25D
330
25A
100
AcDbEntity
  8
0
100
AcDbLine
 10
-169.749898904527
 20
-210.0
 30
0.0
 11
-169.749898904527
 21
-406.3290257931511
 31
0.0
  0
ARC
  5
25E
330
25A
100
AcDbEntity
  8
0
100
AcDbCircle
 10
230.388578055281
 20
-423.363412212682
 30
0.0
 40
400.5009002042191
100
AcDbArc
 50
157.5463605909653
 51
208.023910554273
  0
ARC
  5
25F
330
25A
100
AcDbEntity
  8
0
100
AcDbCircle
 10
50.56047658625175
 20
-533.1239043397363
 30
0.0
 40
190.5913448242969
100
AcDbArc
 50
204.293328248562
 51
239.237120790116
  0
ARC
  5
260
330
25A
100
AcDbEntity
  8
0
100
AcDbCircle
 10
11.64367503486573
 20
-577.7238039107177
 30
0.0
 40
132.7876772150344
100
AcDbArc
 50
243.8281216160654
 51
264.969478009366
  0
LINE
  5
261
330
25A
100
AcDbEntity
  8
0
100
AcDbLine
 10
139.749898904527
 20
-270.3977986315294
 30
0.0
 11
0.0
 21
-270.3977986315294
 31
0.0
  0
LINE
  5
262
330
25A
100
AcDbEntity
  8
0
100
AcDbLine
 10
169.749898904527
 20
-210.3977986315294
 30
0.0
 11
169.749898904527
 21
-406.3290257948974
 31
0.0
  0
ARC
  5
263
330
25A
100
AcDbEntity
  8
0
100
AcDbCircle
 10
-230.3885780552955
 20
-423.363412212682
 30
0.0
 40
400.5009002042191
100
AcDbArc
 50
331.976089445727
 51
22.45363940903469
  0
ARC
  5
264
330
25A
100
AcDbEntity
  8
0
100
AcDbCircle
 10
-50.5604765862663
 20
-533.1239043397363
 30
0.0
 40
190.5913448242969
100
AcDbArc
 50
300.762879209884
 51
335.706671751438
  0
ARC
  5
265
330
25A
100
AcDbEntity
  8
0
100
AcDbCircle
 10
-11.64367503488029
 20
-577.7238039107177
 30
0.0
 40
132.7876772150344
100
AcDbArc
 50
275.0305219906341
 51
296.1718783839346
  0
ARC
  5
266
330
25A
100
AcDbEntity
  8
0
100
AcDbCircle
 10
220.0
 20
-180.0
 30
0.0
 40
30.0
100
AcDbArc
 50
270.0
 51
360.0
  0
ARC
  5
267
330
25A
100
AcDbEntity
  8
0
100
AcDbCircle
 10
-220.0
 20
-180.0
 30
0.0
 40
30.0
100
AcDbArc
 50
180.0
 51
270.0
  0
LINE
  5
268
330
25A
100
AcDbEntity
  8
0
100
AcDbLine
 10
-250.0
 20
-180.0
 30
0.0
 11
-250.0
 21
-30.0
 31
0.0
  0
LINE
  5
269
330
25A
100
AcDbEntity
  8
0
100
AcDbLine
 10
220.0
 20
-210.0
 30
0.0
 11
-220.0
 21
-210.0
 31
0.0
  0
LINE
  5
26A
330
25A
100
AcDbEntity
  8
0
100
AcDbLine
 10
250.0
 20
-30.0
 30
0.0
 11
250.0
 21
-180.0
 31
0.0
  0
LINE
  5
26B
330
25A
100
AcDbEntity
  8
0
100
AcDbLine
 10
220.0
 20
0.0
 30
0.0
 11
-220.0
 21
0.0
 31
0.0
  0
ARC
  5
26C
330
25A
100
AcDbEntity
  8
0
100
AcDbCircle
 10
-220.0
 20
-30.0
 30
0.0
 40
30.0
100
AcDbArc
 50
90.0
 51
180.0
  0
ARC
  5
26D
330
25A
100
AcDbEntity
  8
0
100
AcDbCircle
 10
220.0
 20
-30.0
 30
0.0
 40
30.0
100
AcDbArc
 50
0.0000000000000799
 51
90.0
  0
LINE
  5
26E
330
25A
100
AcDbEntity
  8
0
100
AcDbLine
 10
-111.9557941728688
 20
-310.3977986315294
 30
0.0
 11
0.0
 21
-310.3977986315294
 31
0.0
  0
LINE
  5
26F
330
25A
100
AcDbEntity
  8
0
100
AcDbLine
 10
111.9557941728544
 20
-310.3977986315294
 30
0.0
 11
0.0
 21
-310.3977986315294
 31
0.0
  0
ARC
  5
270
330
25A
100
AcDbEntity
  8
0
100
AcDbCircle
 10
-230.3885780552955
 20
-423.363412212682
 30
0.0
 40
360.5009002042191
100
AcDbArc
 50
331.976089445727
 51
18.26167810217218
  0
ARC
  5
271
330
25A
100
AcDbEntity
  8
0
100
AcDbCircle
 10
230.388578055281
 20
-423.363412212682
 30
0.0
 40
360.5009002042191
100
AcDbArc
 50
161.7383218978278
 51
208.023910554273
  0
ARC
  5
272
330
25A
100
AcDbEntity
  8
0
100
AcDbCircle
 10
50.56047658625175
 20
-533.1239043397363
 30
0.0
 40
150.591344824297
100
AcDbArc
 50
204.293328248562
 51
239.237120790116
  0
ARC
  5
273
330
25A
100
AcDbEntity
  8
0
100
AcDbCircle
 10
-50.5604765862663
 20
-533.1239043397363
 30
0.0
 40
150.591344824297
100
AcDbArc
 50
300.762879209884
 51
335.706671751438
  0
ARC
  5
274
330
25A
100
AcDbEntity
  8
0
100
AcDbCircle
 10
11.64367503486573
 20
-577.7238039107177
 30
0.0
 40
92.78767721503442
100
AcDbArc
 50
243.8281216160654
 51
264.969478009366
  0
ARC
  5
275
330
25A
100
AcDbEntity
  8
0
100
AcDbCircle
 10
-11.64367503488029
 20
-577.7238039107177
 30
0.0
 40
92.78767721503442
100
AcDbArc
 50
275.0305219906341
 51
296.1718783839346
  0
ENDBLK
  5
276
330
25A
100
AcDbEntity
  8
0
100
AcDbBlockEnd
  0
BLOCK
  5
27A
330
279
100
AcDbEntity
  8
0
100
AcDbBlockBegin
  2
YP2
 70
     0
 10
0.0
 20
0.0
 30
0.0
  3
YP2
  1

  0
LWPOLYLINE
  5
27B
330
279
100
AcDbEntity
  8
JJ
100
AcDbPolyline
 90
        5
 70
     1
 43
0.0
 10
-79.65807731810492
 20
-932.0018672058283
 10
-79.65807731903623
 20
-182.0018672058286
 10
-1579.658077319036
 20
-182.001867207653
 10
-1579.658077318105
 20
-932.001867207653
 10
-79.65807731810492
 20
-932.0018672058283
  0
LINE
  5
27C
330
279
100
AcDbEntity
  8
JJ
100
AcDbLine
 10
-1439.658077318687
 20
-417.1624834372723
 30
0.0
 11
-1439.658077318687
 21
-686.7407276187349
 31
0.0
  0
LINE
  5
27D
330
279
100
AcDbEntity
  8
JJ
100
AcDbLine
 10
-1509.658077318338
 20
-746.0710917307915
 30
0.0
 11
-1509.658077318338
 21
-353.6181069795111
 31
0.0
  0
LINE
  5
27E
330
279
100
AcDbEntity
  8
JJ
100
AcDbLine
 10
-1539.658077318803
 20
-337.415325305723
 30
0.0
 11
-1539.658077318803
 21
-766.5147203055822
 31
0.0
  0
LINE
  5
27F
330
279
100
AcDbEntity
  8
JJ
100
AcDbLine
 10
-1492.040644901804
 20
-287.4721238493821
 30
0.0
 11
-172.040644901921
 21
-224.5008060762357
 31
0.0
  0
LINE
  5
280
330
279
100
AcDbEntity
  8
JJ
100
AcDbLine
 10
-172.406160118524
 20
-889.0983564682592
 30
0.0
 11
-1492.40616011864
 21
-816.4391436566965
 31
0.0
  0
LINE
  5
281
330
279
100
AcDbEntity
  8
JJ
100
AcDbLine
 10
-191.9532221165718
 20
-859.5710253297658
 30
0.0
 11
-1471.953222116688
 21
-786.0051913244514
 31
0.0
  0
LINE
  5
282
330
279
100
AcDbEntity
  8
JJ
100
AcDbLine
 10
-149.6580773188034
 20
-294.0438655908238
 30
0.0
 11
-149.6580773182213
 21
-819.6369257359782
 31
0.0
  0
LINE
  5
283
330
279
100
AcDbEntity
  8
JJ
100
AcDbLine
 10
-119.6580773182213
 20
-839.1739331773697
 30
0.0
 11
-119.6580773189198
 21
-274.4440075326693
 31
0.0
  0
LINE
  5
284
330
279
100
AcDbEntity
  8
JJ
100
AcDbLine
 10
-191.6480182750383
 20
-254.0933945675533
 30
0.0
 11
-1471.648018274922
 21
-317.8504507083544
 31
0.0
  0
LINE
  5
285
330
279
100
AcDbEntity
  8
JJ
100
AcDbLine
 10
-1401.875706296181
 20
-377.2240042258526
 30
0.0
 11
-359.1990080211544
 21
-315.194089886576
 31
0.0
  0
LINE
  5
286
330
279
100
AcDbEntity
  8
JJ
100
AcDbLine
 10
-295.6358457864262
 20
-375.0881953968402
 30
0.0
 11
-295.6358457860769
 21
-738.3585879887887
 31
0.0
  0
LINE
  5
287
330
279
100
AcDbEntity
  8
JJ
100
AcDbLine
 10
-359.744786649826
 20
-798.2177276833972
 30
0.0
 11
-1402.215577914729
 21
-726.6588837801718
 31
0.0
  0
ARC
  5
288
330
279
100
AcDbEntity
  8
JJ
100
AcDbCircle
 10
-1397.594822221901
 20
-684.8054321330272
 30
0.0
 40
42.10775223110339
100
AcDbArc
 50
182.6342735795152
 51
263.6998760950577
  0
ARC
  5
289
330
279
100
AcDbEntity
  8
JJ
100
AcDbCircle
 10
-1468.607291731401
 20
-745.0789642305844
 30
0.0
 40
41.06277285183372
100
AcDbArc
 50
181.384471789669
 51
265.326168836257
  0
ARC
  5
28A
330
279
100
AcDbEntity
  8
JJ
100
AcDbCircle
 10
-1489.15454604011
 20
-766.0381436386923
 30
0.0
 40
50.50577983692647
100
AcDbArc
 50
180.5406557508054
 51
266.3086857221555
  0
ARC
  5
28B
330
279
100
AcDbEntity
  8
JJ
100
AcDbCircle
 10
-1471.856250951765
 20
-355.7095143606856
 30
0.0
 40
37.85963630938601
100
AcDbArc
 50
89.68486454559185
 51
183.1666929643708
  0
ARC
  5
28C
330
279
100
AcDbEntity
  8
JJ
100
AcDbCircle
 10
-1488.985043623601
 20
-338.0570169787134
 30
0.0
 40
50.67709652374752
100
AcDbArc
 50
93.45677483811787
 51
179.2744807873425
  0
ARC
  5
28D
330
279
100
AcDbEntity
  8
JJ
100
AcDbCircle
 10
-1400.664007228566
 20
-416.2108593937007
 30
0.0
 40
39.00568023389972
100
AcDbArc
 50
91.78016158434044
 51
181.3979874582011
  0
ARC
  5
28E
330
279
100
AcDbEntity
  8
JJ
100
AcDbCircle
 10
-350.6691314429045
 20
-369.8172247914099
 30
0.0
 40
55.28513056212172
100
AcDbArc
 50
354.5290209938561
 51
98.8755514573085
  0
ARC
  5
28F
330
279
100
AcDbEntity
  8
JJ
100
AcDbCircle
 10
-351.0335072679445
 20
-743.2876773374772
 30
0.0
 40
55.6165157077903
100
AcDbArc
 50
260.9885895376146
 51
5.08458752126165
  0
ARC
  5
290
330
279
100
AcDbEntity
  8
JJ
100
AcDbCircle
 10
-184.7828050892567
 20
-288.9197109108863
 30
0.0
 40
35.49652746582938
100
AcDbArc
 50
351.6999823401793
 51
101.1515751698723
  0
ARC
  5
291
330
279
100
AcDbEntity
  8
JJ
100
AcDbCircle
 10
-164.5988092742627
 20
-269.1376306376624
 30
0.0
 40
45.252922827524
100
AcDbArc
 50
353.265979943261
 51
99.46527568224489
  0
ARC
  5
292
330
279
100
AcDbEntity
  8
JJ
100
AcDbCircle
 10
-185.012622753391
 20
-824.5570360046112
 30
0.0
 40
35.69525693957409
100
AcDbArc
 50
258.7879659241183
 51
7.922674702021891
  0
ARC
  5
293
330
279
100
AcDbEntity
  8
JJ
100
AcDbCircle
 10
-164.9201102588558
 20
-844.179873402103
 30
0.0
 40
45.53801778147742
100
AcDbArc
 50
260.5381295252222
 51
6.311211947816877
  0
CIRCLE
  5
294
330
279
100
AcDbEntity
  8
JJ
100
AcDbCircle
 10
-1330.01683806756
 20
-562.0270270142155
 30
0.0
 40
27.49369421606447
  0
ENDBLK
  5
295
330
279
100
AcDbEntity
  8
0
100
AcDbBlockEnd
  0
BLOCK
  5
A87
330
A86
100
AcDbEntity
  8
0
100
AcDbBlockBegin
  2
DT
 70
     0
 10
0.0
 20
0.0
 30
0.0
  3
DT
  1

  0
LWPOLYLINE
  5
A88
330
A86
100
AcDbEntity
  8
PWINDOW
 62
     2
100
AcDbPolyline
 90
        4
 70
     1
 43
0.0
 10
-200.0
 20
-1400.0
 10
0.0
 20
-1400.0
 10
0.0
 20
0.0
 10
-200.0
 20
0.0
  0
LWPOLYLINE
  5
A89
330
A86
100
AcDbEntity
  8
PWINDOW
 62
     2
100
AcDbPolyline
 90
        4
 70
     1
 43
0.0
 10
-2145.503796180179
 20
-1600.0
 10
-345.5037961801792
 20
-1600.0
 10
-345.5037961801792
 20
200.0
 10
-2145.503796180179
 20
200.0
  0
LINE
  5
A8A
330
A86
100
AcDbEntity
  8
PWINDOW
 62
     2
100
AcDbLine
 10
-345.5037961801792
 20
200.0
 30
0.0
 11
-2145.503796180179
 21
-1600.0
 31
0.0
  0
LINE
  5
A8B
330
A86
100
AcDbEntity
  8
PWINDOW
 62
     2
100
AcDbLine
 10
-2145.503796180179
 20
200.0
 30
0.0
 11
-345.5037961801792
 21
-1600.0
 31
0.0
  0
ENDBLK
  5
A8C
330
A86
100
AcDbEntity
  8
0
100
AcDbBlockEnd
  0
BLOCK
  5
96A
330
969
100
AcDbEntity
  8
0
100
AcDbBlockBegin
  2
SHC
 70
     0
 10
0.0
 20
0.0
 30
0.0
  3
SHC
  1

  0
CIRCLE
  5
96B
330
969
100
AcDbEntity
  8
PWINDOW
100
AcDbCircle
 10
-2.776712377759395
 20
110.8366685278015
 30
0.0
 40
15.84067079727538
  0
CIRCLE
  5
96C
330
969
100
AcDbEntity
  8
PWINDOW
100
AcDbCircle
 10
72.08319232077338
 20
185.6965732263634
 30
0.0
 40
15.84067079727538
  0
CIRCLE
  5
96D
330
969
100
AcDbEntity
  8
PWINDOW
100
AcDbCircle
 10
123.7436867076612
 20
-123.7436867076903
 30
0.0
 40
28.0
  0
CIRCLE
  5
96E
330
969
100
AcDbEntity
  8
PWINDOW
100
AcDbCircle
 10
382.9695244501054
 20
135.4821510347537
 30
0.0
 40
28.0
  0
LWPOLYLINE
  5
96F
330
969
100
AcDbEntity
  8
PWINDOW
100
AcDbPolyline
 90
        8
 70
     1
 43
0.0
 10
159.0990257669764
 20
88.388347648317
 10
335.8757210636104
 20
-88.388347648317
 42
-0.4142135623730951
 10
335.8757210636104
 20
-159.0990257670637
 10
159.0990257669764
 20
-335.8757210636977
 42
-0.4142135623730951
 10
88.388347648317
 20
-335.8757210636977
 10
-88.388347648317
 20
-159.0990257670637
 42
-0.4142135623730951
 10
-88.388347648317
 20
-88.388347648317
 10
88.388347648317
 20
88.388347648317
 42
-0.4142135623730951
  0
CIRCLE
  5
970
330
969
100
AcDbEntity
  8
PWINDOW
100
AcDbCircle
 10
123.7436867076612
 20
-123.7436867076903
 30
0.0
 40
28.0
  0
LWPOLYLINE
  5
971
330
969
100
AcDbEntity
  8
PWINDOW
100
AcDbPolyline
 90
        8
 70
     1
 43
0.0
 10
159.0990257669764
 20
88.388347648317
 10
335.8757210636104
 20
-88.388347648317
 42
-0.4142135623730951
 10
335.8757210636104
 20
-159.0990257670637
 10
159.0990257669764
 20
-335.8757210636977
 42
-0.4142135623730951
 10
88.3883476483461
 20
-335.8757210636977
 10
-88.38834764828789
 20
-159.0990257670637
 42
-0.4142135623730951
 10
-88.38834764828789
 20
-88.388347648317
 10
88.3883476483461
 20
88.388347648317
 42
-0.4142135623730951
  0
LWPOLYLINE
  5
972
330
969
100
AcDbEntity
  8
PWINDOW
100
AcDbPolyline
 90
        4
 70
     1
 43
0.0
 10
-239.5432316006045
 20
-59.84528779436367
 10
114.0101589926635
 20
-413.3986783876316
 10
672.6245161300465
 20
145.2156787497224
 10
319.0711255367496
 20
498.7690693429903
  0
LWPOLYLINE
  5
973
330
969
100
AcDbEntity
  8
PWINDOW
100
AcDbPolyline
 90
        8
 70
     1
 43
0.0
 10
170.8374900941271
 20
100.1268119753804
 10
347.6141853907611
 20
-76.64988332125358
 42
0.4142135623730951
 10
418.3248635094203
 20
-76.64988332125358
 10
595.1015588060545
 20
100.1268119753804
 42
0.4142135623730951
 10
595.1015588060545
 20
170.8374900941271
 10
418.3248635094203
 20
347.6141853907611
 42
0.4142135623730951
 10
347.6141853907611
 20
347.6141853907611
 10
170.8374900941271
 20
170.8374900941271
 42
0.4142135623730951
  0
CIRCLE
  5
974
330
969
100
AcDbEntity
  8
PWINDOW
100
AcDbCircle
 10
147.8136802521476
 20
261.4270611576503
 30
0.0
 40
15.84067079727538
  0
LWPOLYLINE
  5
975
330
969
100
AcDbEntity
  8
PWINDOW
100
AcDbPolyline
 90
        8
 70
     1
 43
0.0
 10
170.8374900941562
 20
100.1268119753804
 10
347.6141853907902
 20
-76.64988332125358
 42
0.4142135623730951
 10
418.3248635094203
 20
-76.64988332125358
 10
595.1015588060545
 20
100.1268119753804
 42
0.4142135623730951
 10
595.1015588060545
 20
170.8374900941271
 10
418.3248635094203
 20
347.6141853907611
 42
0.4142135623730951
 10
347.6141853907902
 20
347.6141853907611
 10
170.8374900941562
 20
170.8374900941271
 42
0.4142135623730951
  0
LWPOLYLINE
  5
976
330
969
100
AcDbEntity
  8
PWINDOW
100
AcDbPolyline
 90
        4
 70
     1
 43
0.0
 10
-239.5432316006045
 20
-59.84528779436367
 10
114.0101589926635
 20
-413.3986783876316
 10
672.6245161300465
 20
145.2156787497224
 10
319.0711255367787
 20
498.7690693429903
  0
ENDBLK
  5
977
330
969
100
AcDbEntity
  8
0
100
AcDbBlockEnd
  0
BLOCK
  5
97F
330
97E
100
AcDbEntity
  8
0
100
AcDbBlockBegin
  2
2
 70
     0
 10
0.0
 20
0.0
 30
0.0
  3
2
  1

  0
LWPOLYLINE
  5
980
330
97E
100
AcDbEntity
  8
UTIL
 62
     2
100
AcDbPolyline
 90
        4
 70
     1
 43
0.0
 10
440.0
 20
-440.0
 10
440.0
 20
0.0
 10
0.0
 20
0.0
 10
0.0
 20
-440.0
  0
LINE
  5
984
330
97E
100
AcDbEntity
  8
DIM1
 62
     2
100
AcDbLine
 10
53.10212357947603
 20
-124.0
 30
0.0
 11
194.897876420524
 21
-124.0
 31
0.0
  0
LINE
  5
988
330
97E
100
AcDbEntity
  8
DIM1
 62
     2
100
AcDbLine
 10
53.10212357947603
 20
-316.0
 30
0.0
 11
194.897876420524
 21
-316.0
 31
0.0
  0
LINE
  5
989
330
97E
100
AcDbEntity
  8
DIM1
 62
     2
100
AcDbLine
 10
316.0
 20
-386.897876420524
 30
0.0
 11
316.0
 21
-245.102123579476
 31
0.0
  0
LINE
  5
98A
330
97E
100
AcDbEntity
  8
DIM1
 62
     2
100
AcDbLine
 10
124.0
 20
-386.897876420524
 30
0.0
 11
124.0
 21
-245.102123579476
 31
0.0
  0
CIRCLE
  5
98B
330
97E
100
AcDbEntity
  8
UTIL
 62
     2
100
AcDbCircle
 10
316.0
 20
-316.0
 30
0.0
 40
58.34210302115252
  0
CIRCLE
  5
98C
330
97E
100
AcDbEntity
  8
UTIL
 62
     2
100
AcDbCircle
 10
316.0
 20
-124.0
 30
0.0
 40
58.34210302115252
  0
LINE
  5
98D
330
97E
100
AcDbEntity
  8
DIM1
 62
     2
100
AcDbLine
 10
245.102123579476
 20
-124.0
 30
0.0
 11
386.897876420524
 21
-124.0
 31
0.0
  0
LINE
  5
98E
330
97E
100
AcDbEntity
  8
DIM1
 62
     2
100
AcDbLine
 10
245.102123579476
 20
-316.0
 30
0.0
 11
386.897876420524
 21
-316.0
 31
0.0
  0
CIRCLE
  5
98F
330
97E
100
AcDbEntity
  8
UTIL
 62
     2
100
AcDbCircle
 10
316.0
 20
-124.0
 30
0.0
 40
50.34210302115252
  0
CIRCLE
  5
990
330
97E
100
AcDbEntity
  8
UTIL
 62
     2
100
AcDbCircle
 10
316.0
 20
-316.0
 30
0.0
 40
50.34210302115252
  0
CIRCLE
  5
991
330
97E
100
AcDbEntity
  8
UTIL
 62
     2
100
AcDbCircle
 10
124.0
 20
-316.0
 30
0.0
 40
58.34210302115252
  0
CIRCLE
  5
992
330
97E
100
AcDbEntity
  8
UTIL
 62
     2
100
AcDbCircle
 10
124.0
 20
-124.0
 30
0.0
 40
58.34210302115252
  0
LINE
  5
993
330
97E
100
AcDbEntity
  8
DIM1
 62
     2
100
AcDbLine
 10
124.0
 20
-194.897876420524
 30
0.0
 11
124.0
 21
-53.10212357947603
 31
0.0
  0
LINE
  5
994
330
97E
100
AcDbEntity
  8
DIM1
 62
     2
100
AcDbLine
 10
316.0
 20
-194.897876420524
 30
0.0
 11
316.0
 21
-53.10212357947603
 31
0.0
  0
CIRCLE
  5
995
330
97E
100
AcDbEntity
  8
UTIL
 62
     2
100
AcDbCircle
 10
124.0
 20
-124.0
 30
0.0
 40
50.34210302115252
  0
CIRCLE
  5
996
330
97E
100
AcDbEntity
  8
UTIL
 62
     2
100
AcDbCircle
 10
124.0
 20
-316.0
 30
0.0
 40
50.34210302115252
  0
ENDBLK
  5
997
330
97E
100
AcDbEntity
  8
0
100
AcDbBlockEnd
  0
BLOCK
  5
703
330
702
100
AcDbEntity
  8
0
100
AcDbBlockBegin
  2
_F0LWN
 70
     2
 10
0.0
 20
0.0
 30
0.0
  3
_F0LWN
  1

  0
LINE
  5
704
330
702
100
AcDbEntity
  8
HA
100
AcDbLine
 10
492.4712915818671
 20
502.8809074863093
 30
0.0000000000657026
 11
-507.3779623490408
 21
502.8809074863093
 31
0.0000000000657026
  0
ARC
  5
705
330
702
100
AcDbEntity
  8
HA
100
AcDbCircle
 10
-0.0000000201398507
 20
-0.0000000084983185
 30
0.0
 40
250.3562383886964
100
AcDbArc
 50
9.203243223610867
 51
51.44210436205677
  0
POLYLINE
  5
706
330
702
100
AcDbEntity
  8
HA
100
AcDb2dPolyline
 66
     1
 10
0.0
 20
0.0
 30
0.0
 70
     4
 75
     6
  0
VERTEX
  5
707
330
706
100
AcDbEntity
  8
HA
100
AcDbVertex
100
AcDb2dVertex
 10
159.9341758602531
 20
-273.4460670249537
 30
0.0
 70
    16
  0
VERTEX
  5
708
330
706
100
AcDbEntity
  8
HA
100
AcDbVertex
100
AcDb2dVertex
 10
159.9341758590017
 20
-273.4460670249537
 30
0.0
 70
     8
  0
VERTEX
  5
709
330
706
100
AcDbEntity
  8
HA
100
AcDbVertex
100
AcDb2dVertex
 10
160.4011375000118
 20
-253.9280142359203
 30
0.0
 70
     8
  0
VERTEX
  5
70A
330
706
100
AcDbEntity
  8
HA
100
AcDbVertex
100
AcDb2dVertex
 10
160.4399511962256
 20
-236.8004238660215
 30
0.0
 70
     8
  0
VERTEX
  5
70B
330
706
100
AcDbEntity
  8
HA
100
AcDbVertex
100
AcDb2dVertex
 10
160.1150703056774
 20
-221.8527133882744
 30
0.0
 70
     8
  0
VERTEX
  5
70C
330
706
100
AcDbEntity
  8
HA
100
AcDbVertex
100
AcDb2dVertex
 10
159.4909481839277
 20
-208.8743002553238
 30
0.0
 70
     8
  0
VERTEX
  5
70D
330
706
100
AcDbEntity
  8
HA
100
AcDbVertex
100
AcDb2dVertex
 10
158.6320381883415
 20
-197.6546019300585
 30
0.0
 70
     8
  0
VERTEX
  5
70E
330
706
100
AcDbEntity
  8
HA
100
AcDbVertex
100
AcDb2dVertex
 10
157.6027936764003
 20
-187.9830358728068
 30
0.0
 70
     8
  0
VERTEX
  5
70F
330
706
100
AcDbEntity
  8
HA
100
AcDbVertex
100
AcDb2dVertex
 10
156.4676680029952
 20
-179.6490195463411
 30
0.0
 70
     8
  0
VERTEX
  5
710
330
706
100
AcDbEntity
  8
HA
100
AcDbVertex
100
AcDb2dVertex
 10
155.2911145230464
 20
-172.4419704108732
 30
0.0
 70
     8
  0
VERTEX
  5
711
330
706
100
AcDbEntity
  8
HA
100
AcDbVertex
100
AcDb2dVertex
 10
154.1228253840818
 20
-166.1669443942373
 30
0.0
 70
     8
  0
VERTEX
  5
712
330
706
100
AcDbEntity
  8
HA
100
AcDbVertex
100
AcDb2dVertex
 10
152.9534478797286
 20
-160.6915513094282
 30
0.0
 70
     8
  0
VERTEX
  5
713
330
706
100
AcDbEntity
  8
HA
100
AcDbVertex
100
AcDb2dVertex
 10
151.7588680925546
 20
-155.8990394276334
 30
0.0
 70
     8
  0
VERTEX
  5
714
330
706
100
AcDbEntity
  8
HA
100
AcDbVertex
100
AcDb2dVertex
 10
150.5149721038178
 20
-151.6726570295868
 30
0.0
 70
     8
  0
VERTEX
  5
715
330
706
100
AcDbEntity
  8
HA
100
AcDbVertex
100
AcDb2dVertex
 10
149.1976459947764
 20
-147.8956523906671
 30
0.0
 70
     8
  0
VERTEX
  5
716
330
706
100
AcDbEntity
  8
HA
100
AcDbVertex
100
AcDb2dVertex
 10
147.7827758504427
 20
-144.4512737843906
 30
0.0
 70
     8
  0
VERTEX
  5
717
330
706
100
AcDbEntity
  8
HA
100
AcDbVertex
100
AcDb2dVertex
 10
146.2462477514636
 20
-141.2227694939355
 30
0.0
 70
     8
  0
VERTEX
  5
718
330
706
100
AcDbEntity
  8
HA
100
AcDbVertex
100
AcDb2dVertex
 10
144.5639477772638
 20
-138.0933877901407
 30
0.0
 70
     8
  0
VERTEX
  5
719
330
706
100
AcDbEntity
  8
HA
100
AcDbVertex
100
AcDb2dVertex
 10
142.7123104976781
 20
-134.9606881856452
 30
0.0
 70
     8
  0
VERTEX
  5
71A
330
706
100
AcDbEntity
  8
HA
100
AcDbVertex
100
AcDb2dVertex
 10
140.6699644038162
 20
-131.7794751148904
 30
0.0
 70
     8
  0
VERTEX
  5
71B
330
706
100
AcDbEntity
  8
HA
100
AcDbVertex
100
AcDb2dVertex
 10
138.4160864772275
 20
-128.5188642517895
 30
0.0
 70
     8
  0
VERTEX
  5
71C
330
706
100
AcDbEntity
  8
HA
100
AcDbVertex
100
AcDb2dVertex
 10
135.9298536925635
 20
-125.1479712651344
 30
0.0
 70
     8
  0
VERTEX
  5
71D
330
706
100
AcDbEntity
  8
HA
100
AcDbVertex
100
AcDb2dVertex
 10
133.1904430301511
 20
-121.6359118266264
 30
0.0
 70
     8
  0
VERTEX
  5
71E
330
706
100
AcDbEntity
  8
HA
100
AcDbVertex
100
AcDb2dVertex
 10
130.1770314659224
 20
-117.9518016071524
 30
0.0
 70
     8
  0
VERTEX
  5
71F
330
706
100
AcDbEntity
  8
HA
100
AcDbVertex
100
AcDb2dVertex
 10
126.8687959764502
 20
-114.0647562759695
 30
0.0
 70
     8
  0
VERTEX
  5
720
330
706
100
AcDbEntity
  8
HA
100
AcDbVertex
100
AcDb2dVertex
 10
123.244913545117
 20
-109.9438915021019
 30
0.0
 70
     8
  0
VERTEX
  5
721
330
706
100
AcDbEntity
  8
HA
100
AcDbVertex
100
AcDb2dVertex
 10
119.1275459054741
 20
-105.4316562513122
 30
0.0
 70
     8
  0
VERTEX
  5
722
330
706
100
AcDbEntity
  8
HA
100
AcDbVertex
100
AcDb2dVertex
 10
113.7107938563276
 20
-99.86383266176563
 30
0.0
 70
     8
  0
VERTEX
  5
723
330
706
100
AcDbEntity
  8
HA
100
AcDbVertex
100
AcDb2dVertex
 10
106.0317429478164
 20
-92.44953616056593
 30
0.0
 70
     8
  0
VERTEX
  5
724
330
706
100
AcDbEntity
  8
HA
100
AcDbVertex
100
AcDb2dVertex
 10
95.1274787375878
 20
-82.3978821778437
 30
0.0
 70
     8
  0
VERTEX
  5
725
330
706
100
AcDbEntity
  8
HA
100
AcDbVertex
100
AcDb2dVertex
 10
80.03508678014624
 20
-68.91798614116851
 30
0.0
 70
     8
  0
VERTEX
  5
726
330
706
100
AcDbEntity
  8
HA
100
AcDbVertex
100
AcDb2dVertex
 10
59.79165263127652
 20
-51.21896348020527
 30
0.0
 70
     8
  0
VERTEX
  5
727
330
706
100
AcDbEntity
  8
HA
100
AcDbVertex
100
AcDb2dVertex
 10
33.43426184676355
 20
-28.50992962776217
 30
0.0
 70
     8
  0
VERTEX
  5
728
330
706
100
AcDbEntity
  8
HA
100
AcDbVertex
100
AcDb2dVertex
 10
-0.0000000201398507
 20
-0.0000000110594556
 30
0.0
 70
     8
  0
VERTEX
  5
729
330
706
100
AcDbEntity
  8
HA
100
AcDbVertex
100
AcDb2dVertex
 10
161.8075626977952
 20
-218.0234585403232
 30
0.0
 70
    16
  0
VERTEX
  5
72A
330
706
100
AcDbEntity
  8
HA
100
AcDbVertex
100
AcDb2dVertex
 10
155.0455086342117
 20
-162.6672007901361
 30
0.0
 70
    16
  0
VERTEX
  5
72B
330
706
100
AcDbEntity
  8
HA
100
AcDbVertex
100
AcDb2dVertex
 10
146.3760628745949
 20
-138.2814318898599
 30
0.0
 70
    16
  0
VERTEX
  5
72C
330
706
100
AcDbEntity
  8
HA
100
AcDbVertex
100
AcDb2dVertex
 10
126.8339265335234
 20
-112.7673983882414
 30
0.0
 70
    16
  0
VERTEX
  5
72D
330
706
100
AcDbEntity
  8
HA
100
AcDbVertex
100
AcDb2dVertex
 10
99.44978368238665
 20
-84.46401518478523
 30
0.0
 70
    16
  0
VERTEX
  5
72E
330
706
100
AcDbEntity
  8
HA
100
AcDbVertex
100
AcDb2dVertex
 10
-0.0000000201398507
 20
-0.0000000110594556
 30
0.0
 70
    16
  0
SEQEND
  5
72F
330
706
100
AcDbEntity
  8
HA
  0
POLYLINE
  5
730
330
702
100
AcDbEntity
  8
HA
100
AcDb2dPolyline
 66
     1
 10
0.0
 20
0.0
 30
0.0
 70
     4
 75
     6
  0
VERTEX
  5
731
330
730
100
AcDbEntity
  8
HA
100
AcDbVertex
100
AcDb2dVertex
 10
159.9341758602531
 20
-273.4460670249537
 30
0.0
 70
    16
  0
VERTEX
  5
732
330
730
100
AcDbEntity
  8
HA
100
AcDbVertex
100
AcDb2dVertex
 10
159.9341758602531
 20
-273.4460670249537
 30
0.0
 70
     8
  0
VERTEX
  5
733
330
730
100
AcDbEntity
  8
HA
100
AcDbVertex
100
AcDb2dVertex
 10
142.6932894600904
 20
-264.2850477619795
 30
0.0
 70
     8
  0
VERTEX
  5
734
330
730
100
AcDbEntity
  8
HA
100
AcDbVertex
100
AcDb2dVertex
 10
127.7458192024787
 20
-255.9226921630325
 30
0.0
 70
     8
  0
VERTEX
  5
735
330
730
100
AcDbEntity
  8
HA
100
AcDbVertex
100
AcDb2dVertex
 10
114.8766249709006
 20
-248.3119473868283
 30
0.0
 70
     8
  0
VERTEX
  5
736
330
730
100
AcDbEntity
  8
HA
100
AcDbVertex
100
AcDb2dVertex
 10
103.8705666450842
 20
-241.4057605925482
 30
0.0
 70
     8
  0
VERTEX
  5
737
330
730
100
AcDbEntity
  8
HA
100
AcDbVertex
100
AcDb2dVertex
 10
94.51250410726059
 20
-235.1570789391408
 30
0.0
 70
     8
  0
VERTEX
  5
738
330
730
100
AcDbEntity
  8
HA
100
AcDbVertex
100
AcDb2dVertex
 10
86.58729723718716
 20
-229.518849578104
 30
0.0
 70
     8
  0
VERTEX
  5
739
330
730
100
AcDbEntity
  8
HA
100
AcDbVertex
100
AcDb2dVertex
 10
79.87980591453379
 20
-224.4440196683863
 30
0.0
 70
     8
  0
VERTEX
  5
73A
330
730
100
AcDbEntity
  8
HA
100
AcDbVertex
100
AcDb2dVertex
 10
74.1748900253442
 20
-219.8855363664916
 30
0.0
 70
     8
  0
VERTEX
  5
73B
330
730
100
AcDbEntity
  8
HA
100
AcDbVertex
100
AcDb2dVertex
 10
69.27827612278633
 20
-215.7911471235566
 30
0.0
 70
     8
  0
VERTEX
  5
73C
330
730
100
AcDbEntity
  8
HA
100
AcDbVertex
100
AcDb2dVertex
 10
65.07915746784419
 20
-212.087800564128
 30
0.0
 70
     8
  0
VERTEX
  5
73D
330
730
100
AcDbEntity
  8
HA
100
AcDbVertex
100
AcDb2dVertex
 10
61.48759399994742
 20
-208.6972456173971
 30
0.0
 70
     8
  0
VERTEX
  5
73E
330
730
100
AcDbEntity
  8
HA
100
AcDbVertex
100
AcDb2dVertex
 10
58.41364565730327
 20
-205.5412312026601
 30
0.0
 70
     8
  0
VERTEX
  5
73F
330
730
100
AcDbEntity
  8
HA
100
AcDbVertex
100
AcDb2dVertex
 10
55.76737237555789
 20
-202.5415062390966
 30
0.0
 70
     8
  0
VERTEX
  5
740
330
730
100
AcDbEntity
  8
HA
100
AcDbVertex
100
AcDb2dVertex
 10
53.45883409542146
 20
-199.6198196510086
 30
0.0
 70
     8
  0
VERTEX
  5
741
330
730
100
AcDbEntity
  8
HA
100
AcDbVertex
100
AcDb2dVertex
 10
51.39809075259837
 20
-196.6979203649098
 30
0.0
 70
     8
  0
VERTEX
  5
742
330
730
100
AcDbEntity
  8
HA
100
AcDbVertex
100
AcDb2dVertex
 10
49.49520228776965
 20
-193.6975572978845
 30
0.0
 70
     8
  0
VERTEX
  5
743
330
730
100
AcDbEntity
  8
HA
100
AcDbVertex
100
AcDb2dVertex
 10
47.67243346010217
 20
-190.5479730007937
 30
0.0
 70
     8
  0
VERTEX
  5
744
330
730
100
AcDbEntity
  8
HA
100
AcDbVertex
100
AcDb2dVertex
 10
45.90086834016256
 20
-187.2083845281741
 30
0.0
 70
     8
  0
VERTEX
  5
745
330
730
100
AcDbEntity
  8
HA
100
AcDbVertex
100
AcDb2dVertex
 10
44.16379581953515
 20
-183.6455025536706
 30
0.0
 70
     8
  0
VERTEX
  5
746
330
730
100
AcDbEntity
  8
HA
100
AcDbVertex
100
AcDb2dVertex
 10
42.44450479163788
 20
-179.8260377561673
 30
0.0
 70
     8
  0
VERTEX
  5
747
330
730
100
AcDbEntity
  8
HA
100
AcDbVertex
100
AcDb2dVertex
 10
40.72628414741484
 20
-175.7167008119868
 30
0.0
 70
     8
  0
VERTEX
  5
748
330
730
100
AcDbEntity
  8
HA
100
AcDbVertex
100
AcDb2dVertex
 10
38.99242278153542
 20
-171.2842024075798
 30
0.0
 70
     8
  0
VERTEX
  5
749
330
730
100
AcDbEntity
  8
HA
100
AcDbVertex
100
AcDb2dVertex
 10
37.22620958683548
 20
-166.4952532114694
 30
0.0
 70
     8
  0
VERTEX
  5
74A
330
730
100
AcDbEntity
  8
HA
100
AcDbVertex
100
AcDb2dVertex
 10
35.41093345422996
 20
-161.316563902772
 30
0.0
 70
     8
  0
VERTEX
  5
74B
330
730
100
AcDbEntity
  8
HA
100
AcDbVertex
100
AcDb2dVertex
 10
33.49645139259519
 20
-155.5158965598093
 30
0.0
 70
     8
  0
VERTEX
  5
74C
330
730
100
AcDbEntity
  8
HA
100
AcDbVertex
100
AcDb2dVertex
 10
31.2988928607374
 20
-148.0652188163949
 30
0.0
 70
     8
  0
VERTEX
  5
74D
330
730
100
AcDbEntity
  8
HA
100
AcDbVertex
100
AcDb2dVertex
 10
28.60095543536591
 20
-137.7375497153261
 30
0.0
 70
     8
  0
VERTEX
  5
74E
330
730
100
AcDbEntity
  8
HA
100
AcDbVertex
100
AcDb2dVertex
 10
25.1853366875439
 20
-123.3059082826367
 30
0.0
 70
     8
  0
VERTEX
  5
74F
330
730
100
AcDbEntity
  8
HA
100
AcDbVertex
100
AcDb2dVertex
 10
20.83473419467919
 20
-103.5433135638013
 30
0.0
 70
     8
  0
VERTEX
  5
750
330
730
100
AcDbEntity
  8
HA
100
AcDbVertex
100
AcDb2dVertex
 10
15.33184553097817
 20
-77.22278458718212
 30
0.0
 70
     8
  0
VERTEX
  5
751
330
730
100
AcDbEntity
  8
HA
100
AcDbVertex
100
AcDb2dVertex
 10
8.45936826817342
 20
-43.11734039103611
 30
0.0
 70
     8
  0
VERTEX
  5
752
330
730
100
AcDbEntity
  8
HA
100
AcDbVertex
100
AcDb2dVertex
 10
-0.0000000157742761
 20
-0.0000000084983185
 30
0.0
 70
     8
  0
VERTEX
  5
753
330
730
100
AcDbEntity
  8
HA
100
AcDbVertex
100
AcDb2dVertex
 10
110.7093549353303
 20
-247.9099726757267
 30
0.0
 70
    16
  0
VERTEX
  5
754
330
730
100
AcDbEntity
  8
HA
100
AcDbVertex
100
AcDb2dVertex
 10
65.77558004116872
 20
-214.87973621313
 30
0.0
 70
    16
  0
VERTEX
  5
755
330
730
100
AcDbEntity
  8
HA
100
AcDbVertex
100
AcDb2dVertex
 10
48.77077760620159
 20
-195.369182435912
 30
0.0
 70
    16
  0
VERTEX
  5
756
330
730
100
AcDbEntity
  8
HA
100
AcDbVertex
100
AcDb2dVertex
 10
36.11252325563692
 20
-165.8288778479909
 30
0.0
 70
    16
  0
VERTEX
  5
757
330
730
100
AcDbEntity
  8
HA
100
AcDbVertex
100
AcDb2dVertex
 10
24.86732781759929
 20
-128.086085685878
 30
0.0
 70
    16
  0
VERTEX
  5
758
330
730
100
AcDbEntity
  8
HA
100
AcDbVertex
100
AcDb2dVertex
 10
-0.0000000157742761
 20
-0.0000000084983185
 30
0.0
 70
    16
  0
SEQEND
  5
759
330
730
100
AcDbEntity
  8
HA
  0
POLYLINE
  5
75A
330
702
100
AcDbEntity
  8
HA
100
AcDb2dPolyline
 66
     1
 10
0.0
 20
0.0
 30
0.0
 70
     4
 75
     6
  0
VERTEX
  5
75B
330
75A
100
AcDbEntity
  8
HA
100
AcDbVertex
100
AcDb2dVertex
 10
316.7783285211772
 20
1.784025729750283
 30
0.0
 70
    16
  0
VERTEX
  5
75C
330
75A
100
AcDbEntity
  8
HA
100
AcDbVertex
100
AcDb2dVertex
 10
316.7783285211772
 20
1.784025727189145
 30
0.0
 70
     8
  0
VERTEX
  5
75D
330
75A
100
AcDbEntity
  8
HA
100
AcDbVertex
100
AcDb2dVertex
 10
300.1086797924363
 20
11.94745276437606
 30
0.0
 70
     8
  0
VERTEX
  5
75E
330
75A
100
AcDbEntity
  8
HA
100
AcDbVertex
100
AcDb2dVertex
 10
285.2951582768292
 20
20.54486159502994
 30
0.0
 70
     8
  0
VERTEX
  5
75F
330
75A
100
AcDbEntity
  8
HA
100
AcDbVertex
100
AcDb2dVertex
 10
272.1876208272879
 20
27.73736172995996
 30
0.0
 70
     8
  0
VERTEX
  5
760
330
75A
100
AcDbEntity
  8
HA
100
AcDbVertex
100
AcDb2dVertex
 10
260.6359242929902
 20
33.68606268509757
 30
0.0
 70
     8
  0
VERTEX
  5
761
330
75A
100
AcDbEntity
  8
HA
100
AcDbVertex
100
AcDb2dVertex
 10
250.489925523143
 20
38.5520739738131
 30
0.0
 70
     8
  0
VERTEX
  5
762
330
75A
100
AcDbEntity
  8
HA
100
AcDbVertex
100
AcDb2dVertex
 10
241.5994813676225
 20
42.4965051045874
 30
0.0
 70
     8
  0
VERTEX
  5
763
330
75A
100
AcDbEntity
  8
HA
100
AcDbVertex
100
AcDb2dVertex
 10
233.8144486749079
 20
45.68046560056973
 30
0.0
 70
     8
  0
VERTEX
  5
764
330
75A
100
AcDbEntity
  8
HA
100
AcDbVertex
100
AcDb2dVertex
 10
226.984684296156
 20
48.26506496511864
 30
0.0
 70
     8
  0
VERTEX
  5
765
330
75A
100
AcDbEntity
  8
HA
100
AcDbVertex
100
AcDb2dVertex
 10
220.9662077902758
 20
50.3908099004766
 30
0.0
 70
     8
  0
VERTEX
  5
766
330
75A
100
AcDbEntity
  8
HA
100
AcDbVertex
100
AcDb2dVertex
 10
215.6396895296057
 20
52.11579581757542
 30
0.0
 70
     8
  0
VERTEX
  5
767
330
75A
100
AcDbEntity
  8
HA
100
AcDbVertex
100
AcDb2dVertex
 10
210.8919625987474
 20
53.47751531668472
 30
0.0
 70
     8
  0
VERTEX
  5
768
330
75A
100
AcDbEntity
  8
HA
100
AcDbVertex
100
AcDb2dVertex
 10
206.6098600804689
 20
54.51346098736394
 30
0.0
 70
     8
  0
VERTEX
  5
769
330
75A
100
AcDbEntity
  8
HA
100
AcDbVertex
100
AcDb2dVertex
 10
202.6802150580333
 20
55.26112543197815
 30
0.0
 70
     8
  0
VERTEX
  5
76A
330
75A
100
AcDbEntity
  8
HA
100
AcDbVertex
100
AcDb2dVertex
 10
198.9898606135975
 20
55.75800124823581
 30
0.0
 70
     8
  0
VERTEX
  5
76B
330
75A
100
AcDbEntity
  8
HA
100
AcDbVertex
100
AcDb2dVertex
 10
195.4256298311229
 20
56.04158102569637
 30
0.0
 70
     8
  0
VERTEX
  5
76C
330
75A
100
AcDbEntity
  8
HA
100
AcDbVertex
100
AcDb2dVertex
 10
191.8743557914276
 20
56.14935736183543
 30
0.0
 70
     8
  0
VERTEX
  5
76D
330
75A
100
AcDbEntity
  8
HA
100
AcDbVertex
100
AcDb2dVertex
 10
188.2355397110223
 20
56.1121422451688
 30
0.0
 70
     8
  0
VERTEX
  5
76E
330
75A
100
AcDbEntity
  8
HA
100
AcDbVertex
100
AcDb2dVertex
 10
184.4593553306476
 20
55.93402517924551
 30
0.0
 70
     8
  0
VERTEX
  5
76F
330
75A
100
AcDbEntity
  8
HA
100
AcDbVertex
100
AcDb2dVertex
 10
180.5086445285415
 20
55.61241506680381
 30
0.0
 70
     8
  0
VERTEX
  5
770
330
75A
100
AcDbEntity
  8
HA
100
AcDbVertex
100
AcDb2dVertex
 10
176.3462491767423
 20
55.1447208126774
 30
0.0
 70
     8
  0
VERTEX
  5
771
330
75A
100
AcDbEntity
  8
HA
100
AcDbVertex
100
AcDb2dVertex
 10
171.9350111515959
 20
54.5283513040049
 30
0.0
 70
     8
  0
VERTEX
  5
772
330
75A
100
AcDbEntity
  8
HA
100
AcDbVertex
100
AcDb2dVertex
 10
167.2377723282552
 20
53.76071544841398
 30
0.0
 70
     8
  0
VERTEX
  5
773
330
75A
100
AcDbEntity
  8
HA
100
AcDbVertex
100
AcDb2dVertex
 10
162.2173745812033
 20
52.83922213572077
 30
0.0
 70
     8
  0
VERTEX
  5
774
330
75A
100
AcDbEntity
  8
HA
100
AcDbVertex
100
AcDb2dVertex
 10
156.8366597862332
 20
51.761280278326
 30
0.0
 70
     8
  0
VERTEX
  5
775
330
75A
100
AcDbEntity
  8
HA
100
AcDbVertex
100
AcDb2dVertex
 10
150.8702656133682
 20
50.4516529313987
 30
0.0
 70
     8
  0
VERTEX
  5
776
330
75A
100
AcDbEntity
  8
HA
100
AcDbVertex
100
AcDb2dVertex
 10
143.340012915607
 20
48.54451984213665
 30
0.0
 70
     8
  0
VERTEX
  5
777
330
75A
100
AcDbEntity
  8
HA
100
AcDbVertex
100
AcDb2dVertex
 10
133.0795183395676
 20
45.60141493298579
 30
0.0
 70
     8
  0
VERTEX
  5
778
330
75A
100
AcDbEntity
  8
HA
100
AcDbVertex
100
AcDb2dVertex
 10
118.9223985356802
 20
41.18387210869696
 30
0.0
 70
     8
  0
VERTEX
  5
779
330
75A
100
AcDbEntity
  8
HA
100
AcDbVertex
100
AcDb2dVertex
 10
99.70227014750708
 20
34.85342528705952
 30
0.0
 70
     8
  0
VERTEX
  5
77A
330
75A
100
AcDbEntity
  8
HA
100
AcDbVertex
100
AcDb2dVertex
 10
74.25274982789415
 20
26.17160838528071
 30
0.0
 70
     8
  0
VERTEX
  5
77B
330
75A
100
AcDbEntity
  8
HA
100
AcDbVertex
100
AcDb2dVertex
 10
41.40745422354664
 20
14.69995531346649
 30
0.0
 70
     8
  0
VERTEX
  5
77C
330
75A
100
AcDbEntity
  8
HA
100
AcDbVertex
100
AcDb2dVertex
 10
-0.0000000189174898
 20
-0.0000000110594556
 30
0.0
 70
     8
  0
VERTEX
  5
77D
330
75A
100
AcDbEntity
  8
HA
100
AcDbVertex
100
AcDb2dVertex
 10
269.7176350459049
 20
31.11773056176025
 30
0.0
 70
    16
  0
VERTEX
  5
77E
330
75A
100
AcDbEntity
  8
HA
100
AcDbVertex
100
AcDb2dVertex
 10
218.3966825455427
 20
52.93974883772897
 30
0.0
 70
    16
  0
VERTEX
  5
77F
330
75A
100
AcDbEntity
  8
HA
100
AcDbVertex
100
AcDb2dVertex
 10
192.9432643064647
 20
57.62467302253934
 30
0.0
 70
    16
  0
VERTEX
  5
780
330
75A
100
AcDbEntity
  8
HA
100
AcDbVertex
100
AcDb2dVertex
 10
161.0763949710526
 20
53.45770326105411
 30
0.0
 70
    16
  0
VERTEX
  5
781
330
75A
100
AcDbEntity
  8
HA
100
AcDbVertex
100
AcDb2dVertex
 10
122.8728746781416
 20
43.89403149078134
 30
0.0
 70
    16
  0
VERTEX
  5
782
330
75A
100
AcDbEntity
  8
HA
100
AcDbVertex
100
AcDb2dVertex
 10
-0.0000000189174898
 20
-0.0000000110594556
 30
0.0
 70
    16
  0
SEQEND
  5
783
330
75A
100
AcDbEntity
  8
HA
  0
POLYLINE
  5
784
330
702
100
AcDbEntity
  8
HA
100
AcDb2dPolyline
 66
     1
 10
0.0
 20
0.0
 30
0.0
 70
     4
 75
     6
  0
VERTEX
  5
785
330
784
100
AcDbEntity
  8
HA
100
AcDbVertex
100
AcDb2dVertex
 10
316.7783285211772
 20
1.784025729750283
 30
0.0
 70
    16
  0
VERTEX
  5
786
330
784
100
AcDbEntity
  8
HA
100
AcDbVertex
100
AcDb2dVertex
 10
316.7783285211772
 20
1.784025729750283
 30
0.0
 70
     8
  0
VERTEX
  5
787
330
784
100
AcDbEntity
  8
HA
100
AcDbVertex
100
AcDb2dVertex
 10
300.224209911772
 20
-8.566510244854722
 30
0.0
 70
     8
  0
VERTEX
  5
788
330
784
100
AcDbEntity
  8
HA
100
AcDbVertex
100
AcDb2dVertex
 10
285.5084623983712
 20
-17.33022140921093
 30
0.0
 70
     8
  0
VERTEX
  5
789
330
784
100
AcDbEntity
  8
HA
100
AcDbVertex
100
AcDb2dVertex
 10
272.4827669670922
 20
-24.66989815537818
 30
0.0
 70
     8
  0
VERTEX
  5
78A
330
784
100
AcDbEntity
  8
HA
100
AcDbVertex
100
AcDb2dVertex
 10
260.9988045979408
 20
-30.7483308626106
 30
0.0
 70
     8
  0
VERTEX
  5
78B
330
784
100
AcDbEntity
  8
HA
100
AcDbVertex
100
AcDb2dVertex
 10
250.9082562764525
 20
-35.72830992250239
 30
0.0
 70
     8
  0
VERTEX
  5
78C
330
784
100
AcDbEntity
  8
HA
100
AcDbVertex
100
AcDb2dVertex
 10
242.0628029826039
 20
-39.7726257245522
 30
0.0
 70
     8
  0
VERTEX
  5
78D
330
784
100
AcDbEntity
  8
HA
100
AcDbVertex
100
AcDb2dVertex
 10
234.3141256988165
 20
-43.04406865045891
 30
0.0
 70
     8
  0
VERTEX
  5
78E
330
784
100
AcDbEntity
  8
HA
100
AcDbVertex
100
AcDb2dVertex
 10
227.5139054125757
 20
-45.7054290868109
 30
0.0
 70
     8
  0
VERTEX
  5
78F
330
784
100
AcDbEntity
  8
HA
100
AcDbVertex
100
AcDb2dVertex
 10
221.519753362867
 20
-47.89882649749052
 30
0.0
 70
     8
  0
VERTEX
  5
790
330
784
100
AcDbEntity
  8
HA
100
AcDbVertex
100
AcDb2dVertex
 10
216.2130018376338
 20
-49.68369664310012
 30
0.0
 70
     8
  0
VERTEX
  5
791
330
784
100
AcDbEntity
  8
HA
100
AcDbVertex
100
AcDb2dVertex
 10
211.4809133876406
 20
-51.0988043762045
 30
0.0
 70
     8
  0
VERTEX
  5
792
330
784
100
AcDbEntity
  8
HA
100
AcDbVertex
100
AcDb2dVertex
 10
207.2107505549502
 20
-52.18291451956609
 30
0.0
 70
     8
  0
VERTEX
  5
793
330
784
100
AcDbEntity
  8
HA
100
AcDbVertex
100
AcDb2dVertex
 10
203.289775892772
 20
-52.97479192551691
 30
0.0
 70
     8
  0
VERTEX
  5
794
330
784
100
AcDbEntity
  8
HA
100
AcDbVertex
100
AcDb2dVertex
 10
199.6052519468939
 20
-53.51320143183691
 30
0.0
 70
     8
  0
VERTEX
  5
795
330
784
100
AcDbEntity
  8
HA
100
AcDbVertex
100
AcDb2dVertex
 10
196.0444412668585
 20
-53.83690787351223
 30
0.0
 70
     8
  0
VERTEX
  5
796
330
784
100
AcDbEntity
  8
HA
100
AcDbVertex
100
AcDb2dVertex
 10
192.4946063971729
 20
-53.98467609065118
 30
0.0
 70
     8
  0
VERTEX
  5
797
330
784
100
AcDbEntity
  8
HA
100
AcDbVertex
100
AcDb2dVertex
 10
188.8556019715615
 20
-53.98844805301632
 30
0.0
 70
     8
  0
VERTEX
  5
798
330
784
100
AcDbEntity
  8
HA
100
AcDbVertex
100
AcDb2dVertex
 10
185.0776509526184
 20
-53.85287421348039
 30
0.0
 70
     8
  0
VERTEX
  5
799
330
784
100
AcDbEntity
  8
HA
100
AcDbVertex
100
AcDb2dVertex
 10
181.1235683927661
 20
-53.57578215736429
 30
0.0
 70
     8
  0
VERTEX
  5
79A
330
784
100
AcDbEntity
  8
HA
100
AcDbVertex
100
AcDb2dVertex
 10
176.9561693356663
 20
-53.15499946475028
 30
0.0
 70
     8
  0
VERTEX
  5
79B
330
784
100
AcDbEntity
  8
HA
100
AcDbVertex
100
AcDb2dVertex
 10
172.5382688294339
 20
-52.58835371828173
 30
0.0
 70
     8
  0
VERTEX
  5
79C
330
784
100
AcDbEntity
  8
HA
100
AcDbVertex
100
AcDb2dVertex
 10
167.8326819233189
 20
-51.87367250781972
 30
0.0
 70
     8
  0
VERTEX
  5
79D
330
784
100
AcDbEntity
  8
HA
100
AcDbVertex
100
AcDb2dVertex
 10
162.8022236647666
 20
-51.00878340390045
 30
0.0
 70
     8
  0
VERTEX
  5
79E
330
784
100
AcDbEntity
  8
HA
100
AcDbVertex
100
AcDb2dVertex
 10
157.4097091012227
 20
-49.99151399650145
 30
0.0
 70
     8
  0
VERTEX
  5
79F
330
784
100
AcDbEntity
  8
HA
100
AcDbVertex
100
AcDb2dVertex
 10
151.428942791419
 20
-48.74917042348535
 30
0.0
 70
     8
  0
VERTEX
  5
7A0
330
784
100
AcDbEntity
  8
HA
100
AcDbVertex
100
AcDb2dVertex
 10
143.8776873243041
 20
-46.92697306594346
 30
0.0
 70
     8
  0
VERTEX
  5
7A1
330
784
100
AcDbEntity
  8
HA
100
AcDbVertex
100
AcDb2dVertex
 10
133.5846948058461
 20
-44.09962086530867
 30
0.0
 70
     8
  0
VERTEX
  5
7A2
330
784
100
AcDbEntity
  8
HA
100
AcDbVertex
100
AcDb2dVertex
 10
119.3787173356395
 20
-39.84181275533046
 30
0.0
 70
     8
  0
VERTEX
  5
7A3
330
784
100
AcDbEntity
  8
HA
100
AcDbVertex
100
AcDb2dVertex
 10
100.0885070177901
 20
-33.72824767511338
 30
0.0
 70
     8
  0
VERTEX
  5
7A4
330
784
100
AcDbEntity
  8
HA
100
AcDbVertex
100
AcDb2dVertex
 10
74.54281595069916
 20
-25.33362456341274
 30
0.0
 70
     8
  0
VERTEX
  5
7A5
330
784
100
AcDbEntity
  8
HA
100
AcDbVertex
100
AcDb2dVertex
 10
41.57039623960735
 20
-14.232642361545
 30
0.0
 70
     8
  0
VERTEX
  5
7A6
330
784
100
AcDbEntity
  8
HA
100
AcDbVertex
100
AcDb2dVertex
 10
-0.0000000164145604
 20
-0.0000000059371814
 30
0.0
 70
     8
  0
VERTEX
  5
7A7
330
784
100
AcDbEntity
  8
HA
100
AcDbVertex
100
AcDb2dVertex
 10
270.0510116385412
 20
-28.07787251460832
 30
0.0
 70
    16
  0
VERTEX
  5
7A8
330
784
100
AcDbEntity
  8
HA
100
AcDbVertex
100
AcDb2dVertex
 10
218.979100322118
 20
-50.47654482990036
 30
0.0
 70
    16
  0
VERTEX
  5
7A9
330
784
100
AcDbEntity
  8
HA
100
AcDbVertex
100
AcDb2dVertex
 10
193.5800638895016
 20
-55.44785883219446
 30
0.0
 70
    16
  0
VERTEX
  5
7AA
330
784
100
AcDbEntity
  8
HA
100
AcDbVertex
100
AcDb2dVertex
 10
161.6682825059688
 20
-51.64007637568284
 30
0.0
 70
    16
  0
VERTEX
  5
7AB
330
784
100
AcDbEntity
  8
HA
100
AcDbVertex
100
AcDb2dVertex
 10
123.3594679654634
 20
-42.50730521662624
 30
0.0
 70
    16
  0
VERTEX
  5
7AC
330
784
100
AcDbEntity
  8
HA
100
AcDbVertex
100
AcDb2dVertex
 10
-0.0000000164145604
 20
-0.0000000059371814
 30
0.0
 70
    16
  0
SEQEND
  5
7AD
330
784
100
AcDbEntity
  8
HA
  0
POLYLINE
  5
7AE
330
702
100
AcDbEntity
  8
HA
100
AcDb2dPolyline
 66
     1
 10
0.0
 20
0.0
 30
0.0
 70
     4
 75
     6
  0
VERTEX
  5
7AF
330
7AE
100
AcDbEntity
  8
HA
100
AcDbVertex
100
AcDb2dVertex
 10
156.8441526407841
 20
275.2300927411998
 30
0.0
 70
    16
  0
VERTEX
  5
7B0
330
7AE
100
AcDbEntity
  8
HA
100
AcDbVertex
100
AcDb2dVertex
 10
156.8441526407841
 20
275.2300927386386
 30
0.0
 70
     8
  0
VERTEX
  5
7B1
330
7AE
100
AcDbEntity
  8
HA
100
AcDbVertex
100
AcDb2dVertex
 10
139.707542270422
 20
265.8754669892369
 30
0.0
 70
     8
  0
VERTEX
  5
7B2
330
7AE
100
AcDbEntity
  8
HA
100
AcDbVertex
100
AcDb2dVertex
 10
124.8552070610749
 20
257.3452854549978
 30
0.0
 70
     8
  0
VERTEX
  5
7B3
330
7AE
100
AcDbEntity
  8
HA
100
AcDbVertex
100
AcDb2dVertex
 10
112.0725505014416
 20
249.5900751071749
 30
0.0
 70
     8
  0
VERTEX
  5
7B4
330
7AE
100
AcDbEntity
  8
HA
100
AcDbVertex
100
AcDb2dVertex
 10
101.1449760882824
 20
242.5603629294783
 30
0.0
 70
     8
  0
VERTEX
  5
7B5
330
7AE
100
AcDbEntity
  8
HA
100
AcDbVertex
100
AcDb2dVertex
 10
91.85788731276987
 20
236.2066758904839
 30
0.0
 70
     8
  0
VERTEX
  5
7B6
330
7AE
100
AcDbEntity
  8
HA
100
AcDbVertex
100
AcDb2dVertex
 10
83.99668767041294
 20
230.4795409688959
 30
0.0
 70
     8
  0
VERTEX
  5
7B7
330
7AE
100
AcDbEntity
  8
HA
100
AcDbVertex
100
AcDb2dVertex
 10
77.34678065113256
 20
225.3294851359679
 30
0.0
 70
     8
  0
VERTEX
  5
7B8
330
7AE
100
AcDbEntity
  8
HA
100
AcDbVertex
100
AcDb2dVertex
 10
71.69356975296977
 20
220.7070353626041
 30
0.0
 70
     8
  0
VERTEX
  5
7B9
330
7AE
100
AcDbEntity
  8
HA
100
AcDbVertex
100
AcDb2dVertex
 10
66.84338238541386
 20
216.5577542862156
 30
0.0
 70
     8
  0
VERTEX
  5
7BA
330
7AE
100
AcDbEntity
  8
HA
100
AcDbVertex
100
AcDb2dVertex
 10
62.68624162848571
 20
212.8073471136158
 30
0.0
 70
     8
  0
VERTEX
  5
7BB
330
7AE
100
AcDbEntity
  8
HA
100
AcDbVertex
100
AcDb2dVertex
 10
59.1330944854126
 20
209.3765547332587
 30
0.0
 70
     8
  0
VERTEX
  5
7BC
330
7AE
100
AcDbEntity
  8
HA
100
AcDbVertex
100
AcDb2dVertex
 10
56.09488795587093
 20
206.1861180058913
 30
0.0
 70
     8
  0
VERTEX
  5
7BD
330
7AE
100
AcDbEntity
  8
HA
100
AcDbVertex
100
AcDb2dVertex
 10
53.48256904247683
 20
203.1567778115859
 30
0.0
 70
     8
  0
VERTEX
  5
7BE
330
7AE
100
AcDbEntity
  8
HA
100
AcDbVertex
100
AcDb2dVertex
 10
51.20708474362619
 20
200.209275021567
 30
0.0
 70
     8
  0
VERTEX
  5
7BF
330
7AE
100
AcDbEntity
  8
HA
100
AcDbVertex
100
AcDb2dVertex
 10
49.17938205887914
 20
197.2643505061278
 30
0.0
 70
     8
  0
VERTEX
  5
7C0
330
7AE
100
AcDbEntity
  8
HA
100
AcDbVertex
100
AcDb2dVertex
 10
47.31040799277252
 20
194.2427451409166
 30
0.0
 70
     8
  0
VERTEX
  5
7C1
330
7AE
100
AcDbEntity
  8
HA
100
AcDbVertex
100
AcDb2dVertex
 10
45.52322919195285
 20
191.0728304173099
 30
0.0
 70
     8
  0
VERTEX
  5
7C2
330
7AE
100
AcDbEntity
  8
HA
100
AcDbVertex
100
AcDb2dVertex
 10
43.78939090544007
 20
187.7135002807481
 30
0.0
 70
     8
  0
VERTEX
  5
7C3
330
7AE
100
AcDbEntity
  8
HA
100
AcDbVertex
100
AcDb2dVertex
 10
42.09255803056294
 20
184.1312793076504
 30
0.0
 70
     8
  0
VERTEX
  5
7C4
330
7AE
100
AcDbEntity
  8
HA
100
AcDbVertex
100
AcDb2dVertex
 10
40.41639546339864
 20
180.2926920643076
 30
0.0
 70
     8
  0
VERTEX
  5
7C5
330
7AE
100
AcDbEntity
  8
HA
100
AcDbVertex
100
AcDb2dVertex
 10
38.74456810066476
 20
176.1642631195718
 30
0.0
 70
     8
  0
VERTEX
  5
7C6
330
7AE
100
AcDbEntity
  8
HA
100
AcDbVertex
100
AcDb2dVertex
 10
37.0607408421929
 20
171.7125170420622
 30
0.0
 70
     8
  0
VERTEX
  5
7C7
330
7AE
100
AcDbEntity
  8
HA
100
AcDbVertex
100
AcDb2dVertex
 10
35.34857858461328
 20
166.9039784007473
 30
0.0
 70
     8
  0
VERTEX
  5
7C8
330
7AE
100
AcDbEntity
  8
HA
100
AcDbVertex
100
AcDb2dVertex
 10
33.59174622094724
 20
161.7051717693684
 30
0.0
 70
     8
  0
VERTEX
  5
7C9
330
7AE
100
AcDbEntity
  8
HA
100
AcDbVertex
100
AcDb2dVertex
 10
31.74271968647372
 20
155.8833091718843
 30
0.0
 70
     8
  0
VERTEX
  5
7CA
330
7AE
100
AcDbEntity
  8
HA
100
AcDbVertex
100
AcDb2dVertex
 10
29.62921903911047
 20
148.4083524954039
 30
0.0
 70
     8
  0
VERTEX
  5
7CB
330
7AE
100
AcDbEntity
  8
HA
100
AcDbVertex
100
AcDb2dVertex
 10
27.04777537097107
 20
138.0509510826086
 30
0.0
 70
     8
  0
VERTEX
  5
7CC
330
7AE
100
AcDbEntity
  8
HA
100
AcDbVertex
100
AcDb2dVertex
 10
23.79491977544967
 20
123.5817542731529
 30
0.0
 70
     8
  0
VERTEX
  5
7CD
330
7AE
100
AcDbEntity
  8
HA
100
AcDbVertex
100
AcDb2dVertex
 10
19.66718334658071
 20
103.7714114171685
 30
0.0
 70
     8
  0
VERTEX
  5
7CE
330
7AE
100
AcDbEntity
  8
HA
100
AcDbVertex
100
AcDb2dVertex
 10
14.46109717583749
 20
77.39057185454294
 30
0.0
 70
     8
  0
VERTEX
  5
7CF
330
7AE
100
AcDbEntity
  8
HA
100
AcDbVertex
100
AcDb2dVertex
 10
7.973192356643266
 20
43.20988493273033
 30
0.0
 70
     8
  0
VERTEX
  5
7D0
330
7AE
100
AcDbEntity
  8
HA
100
AcDbVertex
100
AcDb2dVertex
 10
-0.0000000201398507
 20
-0.0000000110594556
 30
0.0
 70
     8
  0
VERTEX
  5
7D1
330
7AE
100
AcDbEntity
  8
HA
100
AcDbVertex
100
AcDb2dVertex
 10
107.9100723279698
 20
249.1411890911404
 30
0.0
 70
    16
  0
VERTEX
  5
7D2
330
7AE
100
AcDbEntity
  8
HA
100
AcDbVertex
100
AcDb2dVertex
 10
63.35117389055085
 20
215.6069496144773
 30
0.0
 70
    16
  0
VERTEX
  5
7D3
330
7AE
100
AcDbEntity
  8
HA
100
AcDbVertex
100
AcDb2dVertex
 10
46.56720141234109
 20
195.9061048988951
 30
0.0
 70
    16
  0
VERTEX
  5
7D4
330
7AE
100
AcDbEntity
  8
HA
100
AcDbVertex
100
AcDb2dVertex
 10
34.24246841552668
 20
166.2251016333466
 30
0.0
 70
    16
  0
VERTEX
  5
7D5
330
7AE
100
AcDbEntity
  8
HA
100
AcDbVertex
100
AcDb2dVertex
 10
23.42309097436373
 20
128.3580466646235
 30
0.0
 70
    16
  0
VERTEX
  5
7D6
330
7AE
100
AcDbEntity
  8
HA
100
AcDbVertex
100
AcDb2dVertex
 10
-0.0000000201398507
 20
-0.0000000110594556
 30
0.0
 70
    16
  0
SEQEND
  5
7D7
330
7AE
100
AcDbEntity
  8
HA
  0
POLYLINE
  5
7D8
330
702
100
AcDbEntity
  8
HA
100
AcDb2dPolyline
 66
     1
 10
0.0
 20
0.0
 30
0.0
 70
     4
 75
     6
  0
VERTEX
  5
7D9
330
7D8
100
AcDbEntity
  8
HA
100
AcDbVertex
100
AcDb2dVertex
 10
156.8441526407841
 20
275.2300927411998
 30
0.0
 70
    16
  0
VERTEX
  5
7DA
330
7D8
100
AcDbEntity
  8
HA
100
AcDbVertex
100
AcDb2dVertex
 10
156.8441526407841
 20
275.2300927411998
 30
0.0
 70
     8
  0
VERTEX
  5
7DB
330
7D8
100
AcDbEntity
  8
HA
100
AcDbVertex
100
AcDb2dVertex
 10
157.5309204315417
 20
255.7185375011759
 30
0.0
 70
     8
  0
VERTEX
  5
7DC
330
7D8
100
AcDbEntity
  8
HA
100
AcDbVertex
100
AcDb2dVertex
 10
157.7626431757526
 20
238.5924707377562
 30
0.0
 70
     8
  0
VERTEX
  5
7DD
330
7D8
100
AcDbEntity
  8
HA
100
AcDbVertex
100
AcDb2dVertex
 10
157.6061419754405
 20
223.642049220507
 30
0.0
 70
     8
  0
VERTEX
  5
7DE
330
7D8
100
AcDbEntity
  8
HA
100
AcDbVertex
100
AcDb2dVertex
 10
157.1282379333279
 20
210.6574297165498
 30
0.0
 70
     8
  0
VERTEX
  5
7DF
330
7D8
100
AcDbEntity
  8
HA
100
AcDbVertex
100
AcDb2dVertex
 10
156.3957521478005
 20
199.4287690032506
 30
0.0
 70
     8
  0
VERTEX
  5
7E0
330
7D8
100
AcDbEntity
  8
HA
100
AcDbVertex
100
AcDb2dVertex
 10
155.4755057252769
 20
189.7462238400476
 30
0.0
 70
     8
  0
VERTEX
  5
7E1
330
7D8
100
AcDbEntity
  8
HA
100
AcDbVertex
100
AcDb2dVertex
 10
154.4343197641428
 20
181.3999510045396
 30
0.0
 70
     8
  0
VERTEX
  5
7E2
330
7D8
100
AcDbEntity
  8
HA
100
AcDbVertex
100
AcDb2dVertex
 10
153.3390153670916
 20
174.1801072662929
 30
0.0
 70
     8
  0
VERTEX
  5
7E3
330
7D8
100
AcDbEntity
  8
HA
100
AcDbVertex
100
AcDb2dVertex
 10
152.2414772199117
 20
167.8923206175677
 30
0.0
 70
     8
  0
VERTEX
  5
7E4
330
7D8
100
AcDbEntity
  8
HA
100
AcDbVertex
100
AcDb2dVertex
 10
151.1338443496206
 20
162.4041039075237
 30
0.0
 70
     8
  0
VERTEX
  5
7E5
330
7D8
100
AcDbEntity
  8
HA
100
AcDbVertex
100
AcDb2dVertex
 10
149.9933193663018
 20
157.5984412302496
 30
0.0
 70
     8
  0
VERTEX
  5
7E6
330
7D8
100
AcDbEntity
  8
HA
100
AcDbVertex
100
AcDb2dVertex
 10
148.7971048781182
 20
153.3583166672615
 30
0.0
 70
     8
  0
VERTEX
  5
7E7
330
7D8
100
AcDbEntity
  8
HA
100
AcDbVertex
100
AcDb2dVertex
 10
147.5224034964339
 20
149.5667142976308
 30
0.0
 70
     8
  0
VERTEX
  5
7E8
330
7D8
100
AcDbEntity
  8
HA
100
AcDbVertex
100
AcDb2dVertex
 10
146.1464178307215
 20
146.1066182082286
 30
0.0
 70
     8
  0
VERTEX
  5
7E9
330
7D8
100
AcDbEntity
  8
HA
100
AcDbVertex
100
AcDb2dVertex
 10
144.64635049348
 20
142.8610124830156
 30
0.0
 70
     8
  0
VERTEX
  5
7EA
330
7D8
100
AcDbEntity
  8
HA
100
AcDbVertex
100
AcDb2dVertex
 10
142.9994040886231
 20
139.7128811961738
 30
0.0
 70
     8
  0
VERTEX
  5
7EB
330
7D8
100
AcDbEntity
  8
HA
100
AcDbVertex
100
AcDb2dVertex
 10
141.1831684919307
 20
136.559524939279
 30
0.0
 70
     8
  0
VERTEX
  5
7EC
330
7D8
100
AcDbEntity
  8
HA
100
AcDbVertex
100
AcDb2dVertex
 10
139.1767825916758
 20
133.3555103036342
 30
0.0
 70
     8
  0
VERTEX
  5
7ED
330
7D8
100
AcDbEntity
  8
HA
100
AcDbVertex
100
AcDb2dVertex
 10
136.9597725524509
 20
130.0697203852469
 30
0.0
 70
     8
  0
VERTEX
  5
7EE
330
7D8
100
AcDbEntity
  8
HA
100
AcDbVertex
100
AcDb2dVertex
 10
134.5116645244998
 20
126.6710382780293
 30
0.0
 70
     8
  0
VERTEX
  5
7EF
330
7D8
100
AcDbEntity
  8
HA
100
AcDbVertex
100
AcDb2dVertex
 10
131.811984661239
 20
123.1283470828784
 30
0.0
 70
     8
  0
VERTEX
  5
7F0
330
7D8
100
AcDbEntity
  8
HA
100
AcDbVertex
100
AcDb2dVertex
 10
128.8402591210033
 20
119.4105298887007
 30
0.0
 70
     8
  0
VERTEX
  5
7F1
330
7D8
100
AcDbEntity
  8
HA
100
AcDbVertex
100
AcDb2dVertex
 10
125.5760140559287
 20
115.4864697940647
 30
0.0
 70
     8
  0
VERTEX
  5
7F2
330
7D8
100
AcDbEntity
  8
HA
100
AcDbVertex
100
AcDb2dVertex
 10
121.9987756268237
 20
111.3250498977722
 30
0.0
 70
     8
  0
VERTEX
  5
7F3
330
7D8
100
AcDbEntity
  8
HA
100
AcDbVertex
100
AcDb2dVertex
 10
117.9324913780438
 20
106.7667261204915
 30
0.0
 70
     8
  0
VERTEX
  5
7F4
330
7D8
100
AcDbEntity
  8
HA
100
AcDbVertex
100
AcDb2dVertex
 10
112.578794444038
 20
101.1382457345025
 30
0.0
 70
     8
  0
VERTEX
  5
7F5
330
7D8
100
AcDbEntity
  8
HA
100
AcDbVertex
100
AcDb2dVertex
 10
104.9837393515918
 20
93.63792883662972
 30
0.0
 70
     8
  0
VERTEX
  5
7F6
330
7D8
100
AcDbEntity
  8
HA
100
AcDbVertex
100
AcDb2dVertex
 10
94.19338062856695
 20
83.46409551368559
 30
0.0
 70
     8
  0
VERTEX
  5
7F7
330
7D8
100
AcDbEntity
  8
HA
100
AcDbVertex
100
AcDb2dVertex
 10
79.25377280171961
 20
69.81506587518379
 30
0.0
 70
     8
  0
VERTEX
  5
7F8
330
7D8
100
AcDbEntity
  8
HA
100
AcDbVertex
100
AcDb2dVertex
 10
59.21097040080349
 20
51.88916001282631
 30
0.0
 70
     8
  0
VERTEX
  5
7F9
330
7D8
100
AcDbEntity
  8
HA
100
AcDbVertex
100
AcDb2dVertex
 10
33.11102794879116
 20
28.88469801598694
 30
0.0
 70
     8
  0
VERTEX
  5
7FA
330
7D8
100
AcDbEntity
  8
HA
100
AcDbVertex
100
AcDb2dVertex
 10
-0.0000000226427801
 20
-0.0000000084983185
 30
0.0
 70
     8
  0
VERTEX
  5
7FB
330
7D8
100
AcDbEntity
  8
HA
100
AcDbVertex
100
AcDb2dVertex
 10
159.3416566812084
 20
219.832100150059
 30
0.0
 70
    16
  0
VERTEX
  5
7FC
330
7D8
100
AcDbEntity
  8
HA
100
AcDbVertex
100
AcDb2dVertex
 10
153.2035202601691
 20
164.4031913722865
 30
0.0
 70
    16
  0
VERTEX
  5
7FD
330
7D8
100
AcDbEntity
  8
HA
100
AcDbVertex
100
AcDb2dVertex
 10
144.8092862612684
 20
139.9213235877687
 30
0.0
 70
    16
  0
VERTEX
  5
7FE
330
7D8
100
AcDbEntity
  8
HA
100
AcDbVertex
100
AcDb2dVertex
 10
125.5557592295808
 20
114.1888014588039
 30
0.0
 70
    16
  0
VERTEX
  5
7FF
330
7D8
100
AcDbEntity
  8
HA
100
AcDbVertex
100
AcDb2dVertex
 10
98.49214012772428
 20
85.57878045830875
 30
0.0
 70
    16
  0
VERTEX
  5
800
330
7D8
100
AcDbEntity
  8
HA
100
AcDbVertex
100
AcDb2dVertex
 10
-0.0000000226427801
 20
-0.0000000084983185
 30
0.0
 70
    16
  0
SEQEND
  5
801
330
7D8
100
AcDbEntity
  8
HA
  0
POLYLINE
  5
802
330
702
100
AcDbEntity
  8
HA
100
AcDb2dPolyline
 66
     1
 10
0.0
 20
0.0
 30
0.0
 70
     4
 75
     6
  0
VERTEX
  5
803
330
802
100
AcDbEntity
  8
HA
100
AcDbVertex
100
AcDb2dVertex
 10
-159.9341759018134
 20
273.4460670029512
 30
0.0
 70
    16
  0
VERTEX
  5
804
330
802
100
AcDbEntity
  8
HA
100
AcDbVertex
100
AcDb2dVertex
 10
-159.934175900562
 20
273.4460670029512
 30
0.0
 70
     8
  0
VERTEX
  5
805
330
802
100
AcDbEntity
  8
HA
100
AcDbVertex
100
AcDb2dVertex
 10
-160.4011375409318
 20
253.9280142163625
 30
0.0
 70
     8
  0
VERTEX
  5
806
330
802
100
AcDbEntity
  8
HA
100
AcDbVertex
100
AcDb2dVertex
 10
-160.4399512371456
 20
236.8004238490248
 30
0.0
 70
     8
  0
VERTEX
  5
807
330
802
100
AcDbEntity
  8
HA
100
AcDbVertex
100
AcDb2dVertex
 10
-160.1150703465973
 20
221.8527133687167
 30
0.0
 70
     8
  0
VERTEX
  5
808
330
802
100
AcDbEntity
  8
HA
100
AcDbVertex
100
AcDb2dVertex
 10
-159.4909482254588
 20
208.8743002358824
 30
0.0
 70
     8
  0
VERTEX
  5
809
330
802
100
AcDbEntity
  8
HA
100
AcDbVertex
100
AcDb2dVertex
 10
-158.6320382292615
 20
197.6546019106172
 30
0.0
 70
     8
  0
VERTEX
  5
80A
330
802
100
AcDbEntity
  8
HA
100
AcDbVertex
100
AcDb2dVertex
 10
-157.6027937173203
 20
187.9830358533654
 30
0.0
 70
     8
  0
VERTEX
  5
80B
330
802
100
AcDbEntity
  8
HA
100
AcDbVertex
100
AcDb2dVertex
 10
-156.4676680439152
 20
179.6490195268998
 30
0.0
 70
     8
  0
VERTEX
  5
80C
330
802
100
AcDbEntity
  8
HA
100
AcDbVertex
100
AcDb2dVertex
 10
-155.2911145639664
 20
172.4419703915482
 30
0.0
 70
     8
  0
VERTEX
  5
80D
330
802
100
AcDbEntity
  8
HA
100
AcDbVertex
100
AcDb2dVertex
 10
-154.122825425613
 20
166.1669443772407
 30
0.0
 70
     8
  0
VERTEX
  5
80E
330
802
100
AcDbEntity
  8
HA
100
AcDbVertex
100
AcDb2dVertex
 10
-152.9534479200374
 20
160.6915512899868
 30
0.0
 70
     8
  0
VERTEX
  5
80F
330
802
100
AcDbEntity
  8
HA
100
AcDbVertex
100
AcDb2dVertex
 10
-151.7588681341149
 20
155.8990394107532
 30
0.0
 70
     8
  0
VERTEX
  5
810
330
802
100
AcDbEntity
  8
HA
100
AcDbVertex
100
AcDb2dVertex
 10
-150.5149721447378
 20
151.672657010029
 30
0.0
 70
     8
  0
VERTEX
  5
811
330
802
100
AcDbEntity
  8
HA
100
AcDbVertex
100
AcDb2dVertex
 10
-149.1976460356964
 20
147.8956523686647
 30
0.0
 70
     8
  0
VERTEX
  5
812
330
802
100
AcDbEntity
  8
HA
100
AcDbVertex
100
AcDb2dVertex
 10
-147.7827758913627
 20
144.451273767394
 30
0.0
 70
     8
  0
VERTEX
  5
813
330
802
100
AcDbEntity
  8
HA
100
AcDbVertex
100
AcDb2dVertex
 10
-146.2462477923836
 20
141.2227694719331
 30
0.0
 70
     8
  0
VERTEX
  5
814
330
802
100
AcDbEntity
  8
HA
100
AcDbVertex
100
AcDb2dVertex
 10
-144.5639478175726
 20
138.0933877680218
 30
0.0
 70
     8
  0
VERTEX
  5
815
330
802
100
AcDbEntity
  8
HA
100
AcDbVertex
100
AcDb2dVertex
 10
-142.7123105385981
 20
134.9606881636427
 30
0.0
 70
     8
  0
VERTEX
  5
816
330
802
100
AcDbEntity
  8
HA
100
AcDbVertex
100
AcDb2dVertex
 10
-140.6699644447362
 20
131.779475095449
 30
0.0
 70
     8
  0
VERTEX
  5
817
330
802
100
AcDbEntity
  8
HA
100
AcDbVertex
100
AcDb2dVertex
 10
-138.4160865187586
 20
128.5188642323483
 30
0.0
 70
     8
  0
VERTEX
  5
818
330
802
100
AcDbEntity
  8
HA
100
AcDbVertex
100
AcDb2dVertex
 10
-135.9298537334834
 20
125.1479712458094
 30
0.0
 70
     8
  0
VERTEX
  5
819
330
802
100
AcDbEntity
  8
HA
100
AcDbVertex
100
AcDb2dVertex
 10
-133.190443071071
 20
121.6359118070686
 30
0.0
 70
     8
  0
VERTEX
  5
81A
330
802
100
AcDbEntity
  8
HA
100
AcDbVertex
100
AcDb2dVertex
 10
-130.1770315068424
 20
117.9518015877111
 30
0.0
 70
     8
  0
VERTEX
  5
81B
330
802
100
AcDbEntity
  8
HA
100
AcDbVertex
100
AcDb2dVertex
 10
-126.8687960173702
 20
114.0647562566446
 30
0.0
 70
     8
  0
VERTEX
  5
81C
330
802
100
AcDbEntity
  8
HA
100
AcDbVertex
100
AcDb2dVertex
 10
-123.244913586037
 20
109.9438914825441
 30
0.0
 70
     8
  0
VERTEX
  5
81D
330
802
100
AcDbEntity
  8
HA
100
AcDbVertex
100
AcDb2dVertex
 10
-119.1275459470344
 20
105.431656234432
 30
0.0
 70
     8
  0
VERTEX
  5
81E
330
802
100
AcDbEntity
  8
HA
100
AcDbVertex
100
AcDb2dVertex
 10
-113.7107938972476
 20
99.863832644769
 30
0.0
 70
     8
  0
VERTEX
  5
81F
330
802
100
AcDbEntity
  8
HA
100
AcDbVertex
100
AcDb2dVertex
 10
-106.0317429887363
 20
92.44953614368569
 30
0.0
 70
     8
  0
VERTEX
  5
820
330
802
100
AcDbEntity
  8
HA
100
AcDbVertex
100
AcDb2dVertex
 10
-95.12747877911897
 20
82.39788215840235
 30
0.0
 70
     8
  0
VERTEX
  5
821
330
802
100
AcDbEntity
  8
HA
100
AcDbVertex
100
AcDb2dVertex
 10
-80.0350868210662
 20
68.91798612161075
 30
0.0
 70
     8
  0
VERTEX
  5
822
330
802
100
AcDbEntity
  8
HA
100
AcDbVertex
100
AcDb2dVertex
 10
-59.7916526721965
 20
51.2189634607639
 30
0.0
 70
     8
  0
VERTEX
  5
823
330
802
100
AcDbEntity
  8
HA
100
AcDbVertex
100
AcDb2dVertex
 10
-33.43426188768353
 20
28.5099296082044
 30
0.0
 70
     8
  0
VERTEX
  5
824
330
802
100
AcDbEntity
  8
HA
100
AcDbVertex
100
AcDb2dVertex
 10
-0.0000000213913154
 20
-0.0000000084983185
 30
0.0
 70
     8
  0
VERTEX
  5
825
330
802
100
AcDbEntity
  8
HA
100
AcDbVertex
100
AcDb2dVertex
 10
-161.8075627387151
 20
218.0234585208818
 30
0.0
 70
    16
  0
VERTEX
  5
826
330
802
100
AcDbEntity
  8
HA
100
AcDbVertex
100
AcDb2dVertex
 10
-155.0455086751608
 20
162.6672007705783
 30
0.0
 70
    16
  0
VERTEX
  5
827
330
802
100
AcDbEntity
  8
HA
100
AcDbVertex
100
AcDb2dVertex
 10
-146.3760629149037
 20
138.2814318704186
 30
0.0
 70
    16
  0
VERTEX
  5
828
330
802
100
AcDbEntity
  8
HA
100
AcDbVertex
100
AcDb2dVertex
 10
-126.8339265750546
 20
112.7673983663553
 30
0.0
 70
    16
  0
VERTEX
  5
829
330
802
100
AcDbEntity
  8
HA
100
AcDbVertex
100
AcDb2dVertex
 10
-99.44978372330659
 20
84.46401516278275
 30
0.0
 70
    16
  0
VERTEX
  5
82A
330
802
100
AcDbEntity
  8
HA
100
AcDbVertex
100
AcDb2dVertex
 10
-0.0000000213913154
 20
-0.0000000084983185
 30
0.0
 70
    16
  0
SEQEND
  5
82B
330
802
100
AcDbEntity
  8
HA
  0
POLYLINE
  5
82C
330
702
100
AcDbEntity
  8
HA
100
AcDb2dPolyline
 66
     1
 10
0.0
 20
0.0
 30
0.0
 70
     4
 75
     6
  0
VERTEX
  5
82D
330
82C
100
AcDbEntity
  8
HA
100
AcDbVertex
100
AcDb2dVertex
 10
-159.9341759018134
 20
273.4460670029512
 30
0.0
 70
    16
  0
VERTEX
  5
82E
330
82C
100
AcDbEntity
  8
HA
100
AcDbVertex
100
AcDb2dVertex
 10
-159.9341759018134
 20
273.4460670029512
 30
0.0
 70
     8
  0
VERTEX
  5
82F
330
82C
100
AcDbEntity
  8
HA
100
AcDbVertex
100
AcDb2dVertex
 10
-142.6932895016216
 20
264.2850477400934
 30
0.0
 70
     8
  0
VERTEX
  5
830
330
82C
100
AcDbEntity
  8
HA
100
AcDbVertex
100
AcDb2dVertex
 10
-127.7458192433987
 20
255.9226921409136
 30
0.0
 70
     8
  0
VERTEX
  5
831
330
82C
100
AcDbEntity
  8
HA
100
AcDbVertex
100
AcDb2dVertex
 10
-114.8766250118206
 20
248.3119473672705
 30
0.0
 70
     8
  0
VERTEX
  5
832
330
82C
100
AcDbEntity
  8
HA
100
AcDbVertex
100
AcDb2dVertex
 10
-103.8705666866153
 20
241.405760575668
 30
0.0
 70
     8
  0
VERTEX
  5
833
330
82C
100
AcDbEntity
  8
HA
100
AcDbVertex
100
AcDb2dVertex
 10
-94.5125041481806
 20
235.1570789196994
 30
0.0
 70
     8
  0
VERTEX
  5
834
330
82C
100
AcDbEntity
  8
HA
100
AcDbVertex
100
AcDb2dVertex
 10
-86.58729727810714
 20
229.5188495586626
 30
0.0
 70
     8
  0
VERTEX
  5
835
330
82C
100
AcDbEntity
  8
HA
100
AcDbVertex
100
AcDb2dVertex
 10
-79.87980595545376
 20
224.444019648945
 30
0.0
 70
     8
  0
VERTEX
  5
836
330
82C
100
AcDbEntity
  8
HA
100
AcDbVertex
100
AcDb2dVertex
 10
-74.1748900656239
 20
219.8855363446055
 30
0.0
 70
     8
  0
VERTEX
  5
837
330
82C
100
AcDbEntity
  8
HA
100
AcDbVertex
100
AcDb2dVertex
 10
-69.27827616370632
 20
215.7911471015541
 30
0.0
 70
     8
  0
VERTEX
  5
838
330
82C
100
AcDbEntity
  8
HA
100
AcDbVertex
100
AcDb2dVertex
 10
-65.07915750879329
 20
212.0878005445702
 30
0.0
 70
     8
  0
VERTEX
  5
839
330
82C
100
AcDbEntity
  8
HA
100
AcDbVertex
100
AcDb2dVertex
 10
-61.48759404086741
 20
208.6972456004005
 30
0.0
 70
     8
  0
VERTEX
  5
83A
330
82C
100
AcDbEntity
  8
HA
100
AcDbVertex
100
AcDb2dVertex
 10
-58.41364569822324
 20
205.5412311832188
 30
0.0
 70
     8
  0
VERTEX
  5
83B
330
82C
100
AcDbEntity
  8
HA
100
AcDbVertex
100
AcDb2dVertex
 10
-55.76737241647788
 20
202.5415062196553
 30
0.0
 70
     8
  0
VERTEX
  5
83C
330
82C
100
AcDbEntity
  8
HA
100
AcDbVertex
100
AcDb2dVertex
 10
-53.45883413695265
 20
199.6198196340119
 30
0.0
 70
     8
  0
VERTEX
  5
83D
330
82C
100
AcDbEntity
  8
HA
100
AcDbVertex
100
AcDb2dVertex
 10
-51.39809079415863
 20
196.6979203455848
 30
0.0
 70
     8
  0
VERTEX
  5
83E
330
82C
100
AcDbEntity
  8
HA
100
AcDbVertex
100
AcDb2dVertex
 10
-49.49520232868962
 20
193.6975572783267
 30
0.0
 70
     8
  0
VERTEX
  5
83F
330
82C
100
AcDbEntity
  8
HA
100
AcDbVertex
100
AcDb2dVertex
 10
-47.67243350163335
 20
190.5479729837971
 30
0.0
 70
     8
  0
VERTEX
  5
840
330
82C
100
AcDbEntity
  8
HA
100
AcDbVertex
100
AcDb2dVertex
 10
-45.90086838108255
 20
187.2083845086163
 30
0.0
 70
     8
  0
VERTEX
  5
841
330
82C
100
AcDbEntity
  8
HA
100
AcDbVertex
100
AcDb2dVertex
 10
-44.16379585984396
 20
183.6455025316682
 30
0.0
 70
     8
  0
VERTEX
  5
842
330
82C
100
AcDbEntity
  8
HA
100
AcDbVertex
100
AcDb2dVertex
 10
-42.44450483255786
 20
179.826037736726
 30
0.0
 70
     8
  0
VERTEX
  5
843
330
82C
100
AcDbEntity
  8
HA
100
AcDbVertex
100
AcDb2dVertex
 10
-40.72628418833483
 20
175.7167007926618
 30
0.0
 70
     8
  0
VERTEX
  5
844
330
82C
100
AcDbEntity
  8
HA
100
AcDbVertex
100
AcDb2dVertex
 10
-38.9924228230957
 20
171.2842023881385
 30
0.0
 70
     8
  0
VERTEX
  5
845
330
82C
100
AcDbEntity
  8
HA
100
AcDbVertex
100
AcDb2dVertex
 10
-37.22620962775545
 20
166.4952531895833
 30
0.0
 70
     8
  0
VERTEX
  5
846
330
82C
100
AcDbEntity
  8
HA
100
AcDbVertex
100
AcDb2dVertex
 10
-35.41093349514995
 20
161.3165638882201
 30
0.0
 70
     8
  0
VERTEX
  5
847
330
82C
100
AcDbEntity
  8
HA
100
AcDbVertex
100
AcDb2dVertex
 10
-33.49645143351518
 20
155.5158965403679
 30
0.0
 70
     8
  0
VERTEX
  5
848
330
82C
100
AcDbEntity
  8
HA
100
AcDbVertex
100
AcDb2dVertex
 10
-31.29889290165738
 20
148.0652187968371
 30
0.0
 70
     8
  0
VERTEX
  5
849
330
82C
100
AcDbEntity
  8
HA
100
AcDbVertex
100
AcDb2dVertex
 10
-28.60095547628589
 20
137.7375496934401
 30
0.0
 70
     8
  0
VERTEX
  5
84A
330
82C
100
AcDbEntity
  8
HA
100
AcDbVertex
100
AcDb2dVertex
 10
-25.18533672846388
 20
123.30590826564
 30
0.0
 70
     8
  0
VERTEX
  5
84B
330
82C
100
AcDbEntity
  8
HA
100
AcDbVertex
100
AcDb2dVertex
 10
-20.83473423559917
 20
103.5433135417988
 30
0.0
 70
     8
  0
VERTEX
  5
84C
330
82C
100
AcDbEntity
  8
HA
100
AcDbVertex
100
AcDb2dVertex
 10
-15.33184557128697
 20
77.22278457030189
 30
0.0
 70
     8
  0
VERTEX
  5
84D
330
82C
100
AcDbEntity
  8
HA
100
AcDbVertex
100
AcDb2dVertex
 10
-8.459368309093406
 20
43.11734037403947
 30
0.0
 70
     8
  0
VERTEX
  5
84E
330
82C
100
AcDbEntity
  8
HA
100
AcDbVertex
100
AcDb2dVertex
 10
-0.00000002575689
 20
-0.0000000084983185
 30
0.0
 70
     8
  0
VERTEX
  5
84F
330
82C
100
AcDbEntity
  8
HA
100
AcDbVertex
100
AcDb2dVertex
 10
-110.7093549768615
 20
247.9099726587301
 30
0.0
 70
    16
  0
VERTEX
  5
850
330
82C
100
AcDbEntity
  8
HA
100
AcDbVertex
100
AcDb2dVertex
 10
-65.77558008147753
 20
214.8797361911274
 30
0.0
 70
    16
  0
VERTEX
  5
851
330
82C
100
AcDbEntity
  8
HA
100
AcDbVertex
100
AcDb2dVertex
 10
-48.77077764712158
 20
195.3691824139096
 30
0.0
 70
    16
  0
VERTEX
  5
852
330
82C
100
AcDbEntity
  8
HA
100
AcDbVertex
100
AcDb2dVertex
 10
-36.1125232965569
 20
165.8288778284332
 30
0.0
 70
    16
  0
VERTEX
  5
853
330
82C
100
AcDbEntity
  8
HA
100
AcDbVertex
100
AcDb2dVertex
 10
-24.86732785851927
 20
128.0860856663203
 30
0.0
 70
    16
  0
VERTEX
  5
854
330
82C
100
AcDbEntity
  8
HA
100
AcDbVertex
100
AcDb2dVertex
 10
-0.00000002575689
 20
-0.0000000084983185
 30
0.0
 70
    16
  0
SEQEND
  5
855
330
82C
100
AcDbEntity
  8
HA
  0
POLYLINE
  5
856
330
702
100
AcDbEntity
  8
HA
100
AcDb2dPolyline
 66
     1
 10
0.0
 20
0.0
 30
0.0
 70
     4
 75
     6
  0
VERTEX
  5
857
330
856
100
AcDbEntity
  8
HA
100
AcDbVertex
100
AcDb2dVertex
 10
-316.7783285627375
 20
-1.784025749075224
 30
0.0
 70
    16
  0
VERTEX
  5
858
330
856
100
AcDbEntity
  8
HA
100
AcDbVertex
100
AcDb2dVertex
 10
-316.778328561486
 20
-1.784025749075224
 30
0.0
 70
     8
  0
VERTEX
  5
859
330
856
100
AcDbEntity
  8
HA
100
AcDbVertex
100
AcDb2dVertex
 10
-300.1086798333564
 20
-11.94745278381742
 30
0.0
 70
     8
  0
VERTEX
  5
85A
330
856
100
AcDbEntity
  8
HA
100
AcDbVertex
100
AcDb2dVertex
 10
-285.2951583183603
 20
-20.54486161691603
 30
0.0
 70
     8
  0
VERTEX
  5
85B
330
856
100
AcDbEntity
  8
HA
100
AcDbVertex
100
AcDb2dVertex
 10
-272.1876208675676
 20
-27.73736174940133
 30
0.0
 70
     8
  0
VERTEX
  5
85C
330
856
100
AcDbEntity
  8
HA
100
AcDbVertex
100
AcDb2dVertex
 10
-260.63592433327
 20
-33.68606270453894
 30
0.0
 70
     8
  0
VERTEX
  5
85D
330
856
100
AcDbEntity
  8
HA
100
AcDbVertex
100
AcDb2dVertex
 10
-250.4899255640921
 20
-38.55207399337087
 30
0.0
 70
     8
  0
VERTEX
  5
85E
330
856
100
AcDbEntity
  8
HA
100
AcDbVertex
100
AcDb2dVertex
 10
-241.599481407291
 20
-42.49650512647349
 30
0.0
 70
     8
  0
VERTEX
  5
85F
330
856
100
AcDbEntity
  8
HA
100
AcDbVertex
100
AcDb2dVertex
 10
-233.8144487164682
 20
-45.68046562001109
 30
0.0
 70
     8
  0
VERTEX
  5
860
330
856
100
AcDbEntity
  8
HA
100
AcDbVertex
100
AcDb2dVertex
 10
-226.9846843383275
 20
-48.26506498723755
 30
0.0
 70
     8
  0
VERTEX
  5
861
330
856
100
AcDbEntity
  8
HA
100
AcDbVertex
100
AcDb2dVertex
 10
-220.9662078324472
 20
-50.39080992236268
 30
0.0
 70
     8
  0
VERTEX
  5
862
330
856
100
AcDbEntity
  8
HA
100
AcDbVertex
100
AcDb2dVertex
 10
-215.6396895699145
 20
-52.11579583969433
 30
0.0
 70
     8
  0
VERTEX
  5
863
330
856
100
AcDbEntity
  8
HA
100
AcDbVertex
100
AcDb2dVertex
 10
-210.8919626390561
 20
-53.47751533600967
 30
0.0
 70
     8
  0
VERTEX
  5
864
330
856
100
AcDbEntity
  8
HA
100
AcDbVertex
100
AcDb2dVertex
 10
-206.6098601220001
 20
-54.51346100925002
 30
0.0
 70
     8
  0
VERTEX
  5
865
330
856
100
AcDbEntity
  8
HA
100
AcDbVertex
100
AcDb2dVertex
 10
-202.6802150989533
 20
-55.26112545141949
 30
0.0
 70
     8
  0
VERTEX
  5
866
330
856
100
AcDbEntity
  8
HA
100
AcDbVertex
100
AcDb2dVertex
 10
-198.9898606545175
 20
-55.75800126756075
 30
0.0
 70
     8
  0
VERTEX
  5
867
330
856
100
AcDbEntity
  8
HA
100
AcDbVertex
100
AcDb2dVertex
 10
-195.4256298720429
 20
-56.04158104513771
 30
0.0
 70
     8
  0
VERTEX
  5
868
330
856
100
AcDbEntity
  8
HA
100
AcDbVertex
100
AcDb2dVertex
 10
-191.8743558323476
 20
-56.14935738395434
 30
0.0
 70
     8
  0
VERTEX
  5
869
330
856
100
AcDbEntity
  8
HA
100
AcDbVertex
100
AcDb2dVertex
 10
-188.2355397519422
 20
-56.11214226449374
 30
0.0
 70
     8
  0
VERTEX
  5
86A
330
856
100
AcDbEntity
  8
HA
100
AcDbVertex
100
AcDb2dVertex
 10
-184.4593553715676
 20
-55.93402519868686
 30
0.0
 70
     8
  0
VERTEX
  5
86B
330
856
100
AcDbEntity
  8
HA
100
AcDbVertex
100
AcDb2dVertex
 10
-180.5086445694614
 20
-55.61241508868988
 30
0.0
 70
     8
  0
VERTEX
  5
86C
330
856
100
AcDbEntity
  8
HA
100
AcDbVertex
100
AcDb2dVertex
 10
-176.3462492170511
 20
-55.14472082955762
 30
0.0
 70
     8
  0
VERTEX
  5
86D
330
856
100
AcDbEntity
  8
HA
100
AcDbVertex
100
AcDb2dVertex
 10
-171.9350111925159
 20
-54.52835132356266
 30
0.0
 70
     8
  0
VERTEX
  5
86E
330
856
100
AcDbEntity
  8
HA
100
AcDbVertex
100
AcDb2dVertex
 10
-167.2377723691752
 20
-53.76071546785532
 30
0.0
 70
     8
  0
VERTEX
  5
86F
330
856
100
AcDbEntity
  8
HA
100
AcDbVertex
100
AcDb2dVertex
 10
-162.2173746221233
 20
-52.83922215772328
 30
0.0
 70
     8
  0
VERTEX
  5
870
330
856
100
AcDbEntity
  8
HA
100
AcDbVertex
100
AcDb2dVertex
 10
-156.8366598284046
 20
-51.76128029532264
 30
0.0
 70
     8
  0
VERTEX
  5
871
330
856
100
AcDbEntity
  8
HA
100
AcDbVertex
100
AcDb2dVertex
 10
-150.8702656548994
 20
-50.45165295328478
 30
0.0
 70
     8
  0
VERTEX
  5
872
330
856
100
AcDbEntity
  8
HA
100
AcDbVertex
100
AcDb2dVertex
 10
-143.3400129565271
 20
-48.54451986413915
 30
0.0
 70
     8
  0
VERTEX
  5
873
330
856
100
AcDbEntity
  8
HA
100
AcDbVertex
100
AcDb2dVertex
 10
-133.0795183804875
 20
-45.60141495231071
 30
0.0
 70
     8
  0
VERTEX
  5
874
330
856
100
AcDbEntity
  8
HA
100
AcDbVertex
100
AcDb2dVertex
 10
-118.9223985747376
 20
-41.18387213069945
 30
0.0
 70
     8
  0
VERTEX
  5
875
330
856
100
AcDbEntity
  8
HA
100
AcDbVertex
100
AcDb2dVertex
 10
-99.70227018967856
 20
-34.85342530650087
 30
0.0
 70
     8
  0
VERTEX
  5
876
330
856
100
AcDbEntity
  8
HA
100
AcDbVertex
100
AcDb2dVertex
 10
-74.25274987006559
 20
-26.17160840483848
 30
0.0
 70
     8
  0
VERTEX
  5
877
330
856
100
AcDbEntity
  8
HA
100
AcDbVertex
100
AcDb2dVertex
 10
-41.40745426446665
 20
-14.69995533546898
 30
0.0
 70
     8
  0
VERTEX
  5
878
330
856
100
AcDbEntity
  8
HA
100
AcDbVertex
100
AcDb2dVertex
 10
-0.0000000238942448
 20
-0.0000000084983185
 30
0.0
 70
     8
  0
VERTEX
  5
879
330
856
100
AcDbEntity
  8
HA
100
AcDbVertex
100
AcDb2dVertex
 10
-269.7176350862137
 20
-31.11773058364633
 30
0.0
 70
    16
  0
VERTEX
  5
87A
330
856
100
AcDbEntity
  8
HA
100
AcDbVertex
100
AcDb2dVertex
 10
-218.3966825864627
 20
-52.93974885472562
 30
0.0
 70
    16
  0
VERTEX
  5
87B
330
856
100
AcDbEntity
  8
HA
100
AcDbVertex
100
AcDb2dVertex
 10
-192.9432643473847
 20
-57.62467304209713
 30
0.0
 70
    16
  0
VERTEX
  5
87C
330
856
100
AcDbEntity
  8
HA
100
AcDbVertex
100
AcDb2dVertex
 10
-161.0763950119726
 20
-53.45770327793434
 30
0.0
 70
    16
  0
VERTEX
  5
87D
330
856
100
AcDbEntity
  8
HA
100
AcDbVertex
100
AcDb2dVertex
 10
-122.8728747190616
 20
-43.89403151033912
 30
0.0
 70
    16
  0
VERTEX
  5
87E
330
856
100
AcDbEntity
  8
HA
100
AcDbVertex
100
AcDb2dVertex
 10
-0.0000000226427801
 20
-0.0000000084983185
 30
0.0
 70
    16
  0
SEQEND
  5
87F
330
856
100
AcDbEntity
  8
HA
  0
POLYLINE
  5
880
330
702
100
AcDbEntity
  8
HA
100
AcDb2dPolyline
 66
     1
 10
0.0
 20
0.0
 30
0.0
 70
     4
 75
     6
  0
VERTEX
  5
881
330
880
100
AcDbEntity
  8
HA
100
AcDbVertex
100
AcDb2dVertex
 10
-316.7783285627375
 20
-1.784025749075224
 30
0.0
 70
    16
  0
VERTEX
  5
882
330
880
100
AcDbEntity
  8
HA
100
AcDbVertex
100
AcDb2dVertex
 10
-316.7783285627375
 20
-1.784025749075224
 30
0.0
 70
     8
  0
VERTEX
  5
883
330
880
100
AcDbEntity
  8
HA
100
AcDbVertex
100
AcDb2dVertex
 10
-300.2242099520809
 20
8.566510222735812
 30
0.0
 70
     8
  0
VERTEX
  5
884
330
880
100
AcDbEntity
  8
HA
100
AcDbVertex
100
AcDb2dVertex
 10
-285.5084624399024
 20
17.33022138976958
 30
0.0
 70
     8
  0
VERTEX
  5
885
330
880
100
AcDbEntity
  8
HA
100
AcDbVertex
100
AcDb2dVertex
 10
-272.4827670073719
 20
24.66989813337568
 30
0.0
 70
     8
  0
VERTEX
  5
886
330
880
100
AcDbEntity
  8
HA
100
AcDbVertex
100
AcDb2dVertex
 10
-260.9988046382205
 20
30.74833084305283
 30
0.0
 70
     8
  0
VERTEX
  5
887
330
880
100
AcDbEntity
  8
HA
100
AcDbVertex
100
AcDb2dVertex
 10
-250.9082563173724
 20
35.72830990550575
 30
0.0
 70
     8
  0
VERTEX
  5
888
330
880
100
AcDbEntity
  8
HA
100
AcDbVertex
100
AcDb2dVertex
 10
-242.062803024135
 20
39.7726257025497
 30
0.0
 70
     8
  0
VERTEX
  5
889
330
880
100
AcDbEntity
  8
HA
100
AcDbVertex
100
AcDb2dVertex
 10
-234.3141257391253
 20
43.04406863090114
 30
0.0
 70
     8
  0
VERTEX
  5
88A
330
880
100
AcDbEntity
  8
HA
100
AcDbVertex
100
AcDb2dVertex
 10
-227.5139054528554
 20
45.70542906492483
 30
0.0
 70
     8
  0
VERTEX
  5
88B
330
880
100
AcDbEntity
  8
HA
100
AcDbVertex
100
AcDb2dVertex
 10
-221.5197534050094
 20
47.89882647560443
 30
0.0
 70
     8
  0
VERTEX
  5
88C
330
880
100
AcDbEntity
  8
HA
100
AcDbVertex
100
AcDb2dVertex
 10
-216.2130018785538
 20
49.68369662610347
 30
0.0
 70
     8
  0
VERTEX
  5
88D
330
880
100
AcDbEntity
  8
HA
100
AcDbVertex
100
AcDb2dVertex
 10
-211.4809134279494
 20
51.09880435676315
 30
0.0
 70
     8
  0
VERTEX
  5
88E
330
880
100
AcDbEntity
  8
HA
100
AcDbVertex
100
AcDb2dVertex
 10
-207.2107505958701
 20
52.18291450256947
 30
0.0
 70
     8
  0
VERTEX
  5
88F
330
880
100
AcDbEntity
  8
HA
100
AcDbVertex
100
AcDb2dVertex
 10
-203.2897759349435
 20
52.97479190595914
 30
0.0
 70
     8
  0
VERTEX
  5
890
330
880
100
AcDbEntity
  8
HA
100
AcDbVertex
100
AcDb2dVertex
 10
-199.6052519884542
 20
53.51320141239558
 30
0.0
 70
     8
  0
VERTEX
  5
891
330
880
100
AcDbEntity
  8
HA
100
AcDbVertex
100
AcDb2dVertex
 10
-196.0444413077784
 20
53.83690785162617
 30
0.0
 70
     8
  0
VERTEX
  5
892
330
880
100
AcDbEntity
  8
HA
100
AcDbVertex
100
AcDb2dVertex
 10
-192.4946064374525
 20
53.98467607120983
 30
0.0
 70
     8
  0
VERTEX
  5
893
330
880
100
AcDbEntity
  8
HA
100
AcDbVertex
100
AcDb2dVertex
 10
-188.8556020130927
 20
53.98844803113025
 30
0.0
 70
     8
  0
VERTEX
  5
894
330
880
100
AcDbEntity
  8
HA
100
AcDbVertex
100
AcDb2dVertex
 10
-185.0776509947609
 20
53.85287419415544
 30
0.0
 70
     8
  0
VERTEX
  5
895
330
880
100
AcDbEntity
  8
HA
100
AcDbVertex
100
AcDb2dVertex
 10
-181.1235684336861
 20
53.57578213792294
 30
0.0
 70
     8
  0
VERTEX
  5
896
330
880
100
AcDbEntity
  8
HA
100
AcDbVertex
100
AcDb2dVertex
 10
-176.956169375975
 20
53.15499944530893
 30
0.0
 70
     8
  0
VERTEX
  5
897
330
880
100
AcDbEntity
  8
HA
100
AcDbVertex
100
AcDb2dVertex
 10
-172.5382688691024
 20
52.58835369872397
 30
0.0
 70
     8
  0
VERTEX
  5
898
330
880
100
AcDbEntity
  8
HA
100
AcDbVertex
100
AcDb2dVertex
 10
-167.8326819642389
 20
51.87367248593364
 30
0.0
 70
     8
  0
VERTEX
  5
899
330
880
100
AcDbEntity
  8
HA
100
AcDbVertex
100
AcDb2dVertex
 10
-162.8022237056866
 20
51.00878338201437
 30
0.0
 70
     8
  0
VERTEX
  5
89A
330
880
100
AcDbEntity
  8
HA
100
AcDbVertex
100
AcDb2dVertex
 10
-157.4097091427538
 20
49.99151397706008
 30
0.0
 70
     8
  0
VERTEX
  5
89B
330
880
100
AcDbEntity
  8
HA
100
AcDbVertex
100
AcDb2dVertex
 10
-151.4289428310876
 20
48.74917040404397
 30
0.0
 70
     8
  0
VERTEX
  5
89C
330
880
100
AcDbEntity
  8
HA
100
AcDbVertex
100
AcDb2dVertex
 10
-143.8776873652241
 20
46.92697305150796
 30
0.0
 70
     8
  0
VERTEX
  5
89D
330
880
100
AcDbEntity
  8
HA
100
AcDbVertex
100
AcDb2dVertex
 10
-133.5846948486287
 20
44.09962084575091
 30
0.0
 70
     8
  0
VERTEX
  5
89E
330
880
100
AcDbEntity
  8
HA
100
AcDbVertex
100
AcDb2dVertex
 10
-119.3787173784512
 20
39.84181273344439
 30
0.0
 70
     8
  0
VERTEX
  5
89F
330
880
100
AcDbEntity
  8
HA
100
AcDbVertex
100
AcDb2dVertex
 10
-100.0885070587101
 20
33.72824765311089
 30
0.0
 70
     8
  0
VERTEX
  5
8A0
330
880
100
AcDbEntity
  8
HA
100
AcDbVertex
100
AcDb2dVertex
 10
-74.54281599097884
 20
25.33362454397138
 30
0.0
 70
     8
  0
VERTEX
  5
8A1
330
880
100
AcDbEntity
  8
HA
100
AcDbVertex
100
AcDb2dVertex
 10
-41.57039628052735
 20
14.23264234454836
 30
0.0
 70
     8
  0
VERTEX
  5
8A2
330
880
100
AcDbEntity
  8
HA
100
AcDbVertex
100
AcDb2dVertex
 10
-0.0000000238942448
 20
-0.000000013387762
 30
0.0
 70
     8
  0
VERTEX
  5
8A3
330
880
100
AcDbEntity
  8
HA
100
AcDbVertex
100
AcDb2dVertex
 10
-270.0510116788209
 20
28.07787249272223
 30
0.0
 70
    16
  0
VERTEX
  5
8A4
330
880
100
AcDbEntity
  8
HA
100
AcDbVertex
100
AcDb2dVertex
 10
-218.9791003624268
 20
50.47654480789788
 30
0.0
 70
    16
  0
VERTEX
  5
8A5
330
880
100
AcDbEntity
  8
HA
100
AcDbVertex
100
AcDb2dVertex
 10
-193.5800639297813
 20
55.44785881519783
 30
0.0
 70
    16
  0
VERTEX
  5
8A6
330
880
100
AcDbEntity
  8
HA
100
AcDbVertex
100
AcDb2dVertex
 10
-161.6682825468888
 20
51.64007635612506
 30
0.0
 70
    16
  0
VERTEX
  5
8A7
330
880
100
AcDbEntity
  8
HA
100
AcDbVertex
100
AcDb2dVertex
 10
-123.3594680076348
 20
42.50730519706849
 30
0.0
 70
    16
  0
VERTEX
  5
8A8
330
880
100
AcDbEntity
  8
HA
100
AcDbVertex
100
AcDb2dVertex
 10
-0.0000000238942448
 20
-0.000000013387762
 30
0.0
 70
    16
  0
SEQEND
  5
8A9
330
880
100
AcDbEntity
  8
HA
  0
POLYLINE
  5
8AA
330
702
100
AcDbEntity
  8
HA
100
AcDb2dPolyline
 66
     1
 10
0.0
 20
0.0
 30
0.0
 70
     4
 75
     6
  0
VERTEX
  5
8AB
330
8AA
100
AcDbEntity
  8
HA
100
AcDbVertex
100
AcDb2dVertex
 10
-156.8441526804527
 20
-275.230092765647
 30
0.0
 70
    16
  0
VERTEX
  5
8AC
330
8AA
100
AcDbEntity
  8
HA
100
AcDbVertex
100
AcDb2dVertex
 10
-156.8441526817041
 20
-275.230092765647
 30
0.0
 70
     8
  0
VERTEX
  5
8AD
330
8AA
100
AcDbEntity
  8
HA
100
AcDbVertex
100
AcDb2dVertex
 10
-139.7075423119531
 20
-265.8754670136841
 30
0.0
 70
     8
  0
VERTEX
  5
8AE
330
8AA
100
AcDbEntity
  8
HA
100
AcDbVertex
100
AcDb2dVertex
 10
-124.8552071007434
 20
-257.3452854770003
 30
0.0
 70
     8
  0
VERTEX
  5
8AF
330
8AA
100
AcDbEntity
  8
HA
100
AcDbVertex
100
AcDb2dVertex
 10
-112.0725505417504
 20
-249.590075129061
 30
0.0
 70
     8
  0
VERTEX
  5
8B0
330
8AA
100
AcDbEntity
  8
HA
100
AcDbVertex
100
AcDb2dVertex
 10
-101.1449761285912
 20
-242.5603629539255
 30
0.0
 70
     8
  0
VERTEX
  5
8B1
330
8AA
100
AcDbEntity
  8
HA
100
AcDbVertex
100
AcDb2dVertex
 10
-91.85788735368987
 20
-236.2066759174922
 30
0.0
 70
     8
  0
VERTEX
  5
8B2
330
8AA
100
AcDbEntity
  8
HA
100
AcDbVertex
100
AcDb2dVertex
 10
-83.99668771011056
 20
-230.4795409933431
 30
0.0
 70
     8
  0
VERTEX
  5
8B3
330
8AA
100
AcDbEntity
  8
HA
100
AcDbVertex
100
AcDb2dVertex
 10
-77.34678069144137
 20
-225.3294851604151
 30
0.0
 70
     8
  0
VERTEX
  5
8B4
330
8AA
100
AcDbEntity
  8
HA
100
AcDbVertex
100
AcDb2dVertex
 10
-71.69356979514123
 20
-220.7070353896124
 30
0.0
 70
     8
  0
VERTEX
  5
8B5
330
8AA
100
AcDbEntity
  8
HA
100
AcDbVertex
100
AcDb2dVertex
 10
-66.84338242572265
 20
-216.5577543081017
 30
0.0
 70
     8
  0
VERTEX
  5
8B6
330
8AA
100
AcDbEntity
  8
HA
100
AcDbVertex
100
AcDb2dVertex
 10
-62.68624167001689
 20
-212.8073471380631
 30
0.0
 70
     8
  0
VERTEX
  5
8B7
330
8AA
100
AcDbEntity
  8
HA
100
AcDbVertex
100
AcDb2dVertex
 10
-59.13309452572139
 20
-209.3765547552612
 30
0.0
 70
     8
  0
VERTEX
  5
8B8
330
8AA
100
AcDbEntity
  8
HA
100
AcDbVertex
100
AcDb2dVertex
 10
-56.09488799553947
 20
-206.1861180326669
 30
0.0
 70
     8
  0
VERTEX
  5
8B9
330
8AA
100
AcDbEntity
  8
HA
100
AcDbVertex
100
AcDb2dVertex
 10
-53.48256908278564
 20
-203.1567778361496
 30
0.0
 70
     8
  0
VERTEX
  5
8BA
330
8AA
100
AcDbEntity
  8
HA
100
AcDbVertex
100
AcDb2dVertex
 10
-51.20708478454615
 20
-200.2092750460142
 30
0.0
 70
     8
  0
VERTEX
  5
8BB
330
8AA
100
AcDbEntity
  8
HA
100
AcDbVertex
100
AcDb2dVertex
 10
-49.17938209979912
 20
-197.264350530575
 30
0.0
 70
     8
  0
VERTEX
  5
8BC
330
8AA
100
AcDbEntity
  8
HA
100
AcDbVertex
100
AcDb2dVertex
 10
-47.31040803308133
 20
-194.242745167925
 30
0.0
 70
     8
  0
VERTEX
  5
8BD
330
8AA
100
AcDbEntity
  8
HA
100
AcDbVertex
100
AcDb2dVertex
 10
-45.52322923287285
 20
-191.0728304391959
 30
0.0
 70
     8
  0
VERTEX
  5
8BE
330
8AA
100
AcDbEntity
  8
HA
100
AcDbVertex
100
AcDb2dVertex
 10
-43.78939094571978
 20
-187.7135003077565
 30
0.0
 70
     8
  0
VERTEX
  5
8BF
330
8AA
100
AcDbEntity
  8
HA
100
AcDbVertex
100
AcDb2dVertex
 10
-42.09255807023146
 20
-184.1312793320976
 30
0.0
 70
     8
  0
VERTEX
  5
8C0
330
8AA
100
AcDbEntity
  8
HA
100
AcDbVertex
100
AcDb2dVertex
 10
-40.41639550245601
 20
-180.2926920887548
 30
0.0
 70
     8
  0
VERTEX
  5
8C1
330
8AA
100
AcDbEntity
  8
HA
100
AcDbVertex
100
AcDb2dVertex
 10
-38.74456814097357
 20
-176.164263144019
 30
0.0
 70
     8
  0
VERTEX
  5
8C2
330
8AA
100
AcDbEntity
  8
HA
100
AcDbVertex
100
AcDb2dVertex
 10
-37.06074088186142
 20
-171.7125170665094
 30
0.0
 70
     8
  0
VERTEX
  5
8C3
330
8AA
100
AcDbEntity
  8
HA
100
AcDbVertex
100
AcDb2dVertex
 10
-35.34857862431091
 20
-166.9039784277556
 30
0.0
 70
     8
  0
VERTEX
  5
8C4
330
8AA
100
AcDbEntity
  8
HA
100
AcDbVertex
100
AcDb2dVertex
 10
-33.59174626311869
 20
-161.7051717938157
 30
0.0
 70
     8
  0
VERTEX
  5
8C5
330
8AA
100
AcDbEntity
  8
HA
100
AcDbVertex
100
AcDb2dVertex
 10
-31.74271972803399
 20
-155.8833091937704
 30
0.0
 70
     8
  0
VERTEX
  5
8C6
330
8AA
100
AcDbEntity
  8
HA
100
AcDbVertex
100
AcDb2dVertex
 10
-29.62921907941927
 20
-148.4083525198512
 30
0.0
 70
     8
  0
VERTEX
  5
8C7
330
8AA
100
AcDbEntity
  8
HA
100
AcDbVertex
100
AcDb2dVertex
 10
-27.04777541063959
 20
-138.0509511044947
 30
0.0
 70
     8
  0
VERTEX
  5
8C8
330
8AA
100
AcDbEntity
  8
HA
100
AcDbVertex
100
AcDb2dVertex
 10
-23.79491981639876
 20
-123.5817542976001
 30
0.0
 70
     8
  0
VERTEX
  5
8C9
330
8AA
100
AcDbEntity
  8
HA
100
AcDbVertex
100
AcDb2dVertex
 10
-19.66718338686041
 20
-103.7714114416158
 30
0.0
 70
     8
  0
VERTEX
  5
8CA
330
8AA
100
AcDbEntity
  8
HA
100
AcDbVertex
100
AcDb2dVertex
 10
-14.46109721553512
 20
-77.39057187654544
 30
0.0
 70
     8
  0
VERTEX
  5
8CB
330
8AA
100
AcDbEntity
  8
HA
100
AcDbVertex
100
AcDb2dVertex
 10
-7.973192396922967
 20
-43.20988495217171
 30
0.0
 70
     8
  0
VERTEX
  5
8CC
330
8AA
100
AcDbEntity
  8
HA
100
AcDbVertex
100
AcDb2dVertex
 10
-0.0000000226427801
 20
-0.000000013387762
 30
0.0
 70
     8
  0
VERTEX
  5
8CD
330
8AA
100
AcDbEntity
  8
HA
100
AcDbVertex
100
AcDb2dVertex
 10
-107.9100723676383
 20
-249.141189115704
 30
0.0
 70
    16
  0
VERTEX
  5
8CE
330
8AA
100
AcDbEntity
  8
HA
100
AcDbVertex
100
AcDb2dVertex
 10
-63.35117393085965
 20
-215.6069496413693
 30
0.0
 70
    16
  0
VERTEX
  5
8CF
330
8AA
100
AcDbEntity
  8
HA
100
AcDbVertex
100
AcDb2dVertex
 10
-46.56720145200961
 20
-195.9061049259035
 30
0.0
 70
    16
  0
VERTEX
  5
8D0
330
8AA
100
AcDbEntity
  8
HA
100
AcDbVertex
100
AcDb2dVertex
 10
-34.24246845644666
 20
-166.2251016577938
 30
0.0
 70
    16
  0
VERTEX
  5
8D1
330
8AA
100
AcDbEntity
  8
HA
100
AcDbVertex
100
AcDb2dVertex
 10
-23.42309101528372
 20
-128.3580466840649
 30
0.0
 70
    16
  0
VERTEX
  5
8D2
330
8AA
100
AcDbEntity
  8
HA
100
AcDbVertex
100
AcDb2dVertex
 10
-0.0000000201398507
 20
-0.000000013387762
 30
0.0
 70
    16
  0
SEQEND
  5
8D3
330
8AA
100
AcDbEntity
  8
HA
  0
POLYLINE
  5
8D4
330
702
100
AcDbEntity
  8
HA
100
AcDb2dPolyline
 66
     1
 10
0.0
 20
0.0
 30
0.0
 70
     4
 75
     6
  0
VERTEX
  5
8D5
330
8D4
100
AcDbEntity
  8
HA
100
AcDbVertex
100
AcDb2dVertex
 10
-156.8441526804527
 20
-275.230092765647
 30
0.0
 70
    16
  0
VERTEX
  5
8D6
330
8D4
100
AcDbEntity
  8
HA
100
AcDbVertex
100
AcDb2dVertex
 10
-156.8441526804527
 20
-275.230092765647
 30
0.0
 70
     8
  0
VERTEX
  5
8D7
330
8D4
100
AcDbEntity
  8
HA
100
AcDbVertex
100
AcDb2dVertex
 10
-157.5309204705991
 20
-255.7185375256231
 30
0.0
 70
     8
  0
VERTEX
  5
8D8
330
8D4
100
AcDbEntity
  8
HA
100
AcDbVertex
100
AcDb2dVertex
 10
-157.7626432154211
 20
-238.5924707597587
 30
0.0
 70
     8
  0
VERTEX
  5
8D9
330
8D4
100
AcDbEntity
  8
HA
100
AcDbVertex
100
AcDb2dVertex
 10
-157.6061420157202
 20
-223.6420492423931
 30
0.0
 70
     8
  0
VERTEX
  5
8DA
330
8D4
100
AcDbEntity
  8
HA
100
AcDbVertex
100
AcDb2dVertex
 10
-157.1282379729964
 20
-210.657429740997
 30
0.0
 70
     8
  0
VERTEX
  5
8DB
330
8D4
100
AcDbEntity
  8
HA
100
AcDbVertex
100
AcDb2dVertex
 10
-156.3957521887205
 20
-199.4287690251367
 30
0.0
 70
     8
  0
VERTEX
  5
8DC
330
8D4
100
AcDbEntity
  8
HA
100
AcDbVertex
100
AcDb2dVertex
 10
-155.4755057655857
 20
-189.7462238644948
 30
0.0
 70
     8
  0
VERTEX
  5
8DD
330
8D4
100
AcDbEntity
  8
HA
100
AcDbVertex
100
AcDb2dVertex
 10
-154.4343198050628
 20
-181.3999510315479
 30
0.0
 70
     8
  0
VERTEX
  5
8DE
330
8D4
100
AcDbEntity
  8
HA
100
AcDbVertex
100
AcDb2dVertex
 10
-153.3390154061198
 20
-174.1801072906237
 30
0.0
 70
     8
  0
VERTEX
  5
8DF
330
8D4
100
AcDbEntity
  8
HA
100
AcDbVertex
100
AcDb2dVertex
 10
-152.2414772595803
 20
-167.892320637009
 30
0.0
 70
     8
  0
VERTEX
  5
8E0
330
8D4
100
AcDbEntity
  8
HA
100
AcDbVertex
100
AcDb2dVertex
 10
-151.1338443893182
 20
-162.4041039295262
 30
0.0
 70
     8
  0
VERTEX
  5
8E1
330
8D4
100
AcDbEntity
  8
HA
100
AcDbVertex
100
AcDb2dVertex
 10
-149.9933194072218
 20
-157.5984412571415
 30
0.0
 70
     8
  0
VERTEX
  5
8E2
330
8D4
100
AcDbEntity
  8
HA
100
AcDbVertex
100
AcDb2dVertex
 10
-148.7971049178159
 20
-153.3583166917086
 30
0.0
 70
     8
  0
VERTEX
  5
8E3
330
8D4
100
AcDbEntity
  8
HA
100
AcDbVertex
100
AcDb2dVertex
 10
-147.5224035367428
 20
-149.566714322078
 30
0.0
 70
     8
  0
VERTEX
  5
8E4
330
8D4
100
AcDbEntity
  8
HA
100
AcDbVertex
100
AcDb2dVertex
 10
-146.1464178716414
 20
-146.1066182351205
 30
0.0
 70
     8
  0
VERTEX
  5
8E5
330
8D4
100
AcDbEntity
  8
HA
100
AcDbVertex
100
AcDb2dVertex
 10
-144.6463505337888
 20
-142.8610125050181
 30
0.0
 70
     8
  0
VERTEX
  5
8E6
330
8D4
100
AcDbEntity
  8
HA
100
AcDbVertex
100
AcDb2dVertex
 10
-142.9994041295431
 20
-139.712881220621
 30
0.0
 70
     8
  0
VERTEX
  5
8E7
330
8D4
100
AcDbEntity
  8
HA
100
AcDbVertex
100
AcDb2dVertex
 10
-141.1831685315991
 20
-136.5595249637263
 30
0.0
 70
     8
  0
VERTEX
  5
8E8
330
8D4
100
AcDbEntity
  8
HA
100
AcDbVertex
100
AcDb2dVertex
 10
-139.1767826319556
 20
-133.3555103255203
 30
0.0
 70
     8
  0
VERTEX
  5
8E9
330
8D4
100
AcDbEntity
  8
HA
100
AcDbVertex
100
AcDb2dVertex
 10
-136.9597725927306
 20
-130.069720407133
 30
0.0
 70
     8
  0
VERTEX
  5
8EA
330
8D4
100
AcDbEntity
  8
HA
100
AcDbVertex
100
AcDb2dVertex
 10
-134.5116645635571
 20
-126.6710383049212
 30
0.0
 70
     8
  0
VERTEX
  5
8EB
330
8D4
100
AcDbEntity
  8
HA
100
AcDbVertex
100
AcDb2dVertex
 10
-131.8119847015478
 20
-123.1283471047645
 30
0.0
 70
     8
  0
VERTEX
  5
8EC
330
8D4
100
AcDbEntity
  8
HA
100
AcDbVertex
100
AcDb2dVertex
 10
-128.8402591613121
 20
-119.4105299130315
 30
0.0
 70
     8
  0
VERTEX
  5
8ED
330
8D4
100
AcDbEntity
  8
HA
100
AcDbVertex
100
AcDb2dVertex
 10
-125.5760140968486
 20
-115.486469818512
 30
0.0
 70
     8
  0
VERTEX
  5
8EE
330
8D4
100
AcDbEntity
  8
HA
100
AcDbVertex
100
AcDb2dVertex
 10
-121.998775668384
 20
-111.325049922103
 30
0.0
 70
     8
  0
VERTEX
  5
8EF
330
8D4
100
AcDbEntity
  8
HA
100
AcDbVertex
100
AcDb2dVertex
 10
-117.9324914183235
 20
-106.7667261473834
 30
0.0
 70
     8
  0
VERTEX
  5
8F0
330
8D4
100
AcDbEntity
  8
HA
100
AcDbVertex
100
AcDb2dVertex
 10
-112.578794484958
 20
-101.1382457613945
 30
0.0
 70
     8
  0
VERTEX
  5
8F1
330
8D4
100
AcDbEntity
  8
HA
100
AcDbVertex
100
AcDb2dVertex
 10
-104.9837393931229
 20
-93.63792886107694
 30
0.0
 70
     8
  0
VERTEX
  5
8F2
330
8D4
100
AcDbEntity
  8
HA
100
AcDbVertex
100
AcDb2dVertex
 10
-94.1933806676243
 20
-83.46409554069394
 30
0.0
 70
     8
  0
VERTEX
  5
8F3
330
8D4
100
AcDbEntity
  8
HA
100
AcDbVertex
100
AcDb2dVertex
 10
-79.25377284199931
 20
-69.81506590207573
 30
0.0
 70
     8
  0
VERTEX
  5
8F4
330
8D4
100
AcDbEntity
  8
HA
100
AcDbVertex
100
AcDb2dVertex
 10
-59.21097044047201
 20
-51.88916003715712
 30
0.0
 70
     8
  0
VERTEX
  5
8F5
330
8D4
100
AcDbEntity
  8
HA
100
AcDbVertex
100
AcDb2dVertex
 10
-33.11102798971115
 20
-28.8846980429953
 30
0.0
 70
     8
  0
VERTEX
  5
8F6
330
8D4
100
AcDbEntity
  8
HA
100
AcDbVertex
100
AcDb2dVertex
 10
-0.0000000182772055
 20
-0.0000000159488991
 30
0.0
 70
     8
  0
VERTEX
  5
8F7
330
8D4
100
AcDbEntity
  8
HA
100
AcDbVertex
100
AcDb2dVertex
 10
-159.3416567221284
 20
-219.8321001719451
 30
0.0
 70
    16
  0
VERTEX
  5
8F8
330
8D4
100
AcDbEntity
  8
HA
100
AcDbVertex
100
AcDb2dVertex
 10
-153.2035203011181
 20
-164.4031913967337
 30
0.0
 70
    16
  0
VERTEX
  5
8F9
330
8D4
100
AcDbEntity
  8
HA
100
AcDbVertex
100
AcDb2dVertex
 10
-144.8092863021884
 20
-139.9213236096548
 30
0.0
 70
    16
  0
VERTEX
  5
8FA
330
8D4
100
AcDbEntity
  8
HA
100
AcDbVertex
100
AcDb2dVertex
 10
-125.5557592692494
 20
-114.1888014808064
 30
0.0
 70
    16
  0
VERTEX
  5
8FB
330
8D4
100
AcDbEntity
  8
HA
100
AcDbVertex
100
AcDb2dVertex
 10
-98.4921401673928
 20
-85.57878048031126
 30
0.0
 70
    16
  0
VERTEX
  5
8FC
330
8D4
100
AcDbEntity
  8
HA
100
AcDbVertex
100
AcDb2dVertex
 10
-0.0000000182772055
 20
-0.0000000159488991
 30
0.0
 70
    16
  0
SEQEND
  5
8FD
330
8D4
100
AcDbEntity
  8
HA
  0
ARC
  5
8FE
330
702
100
AcDbEntity
  8
HA
100
AcDbCircle
 10
-0.0000000201398507
 20
-0.0000000084983185
 30
0.0
 40
250.3562383886964
100
AcDbArc
 50
309.2032432225395
 51
351.4421043616524
  0
ARC
  5
8FF
330
702
100
AcDbEntity
  8
HA
100
AcDbCircle
 10
-0.0000000201398507
 20
-0.0000000084983185
 30
0.0
 40
250.3562383886964
100
AcDbArc
 50
249.2032432240279
 51
291.4421043618623
  0
ARC
  5
900
330
702
100
AcDbEntity
  8
HA
100
AcDbCircle
 10
-0.0000000201398507
 20
-0.0000000084983185
 30
0.0
 40
250.3562383886964
100
AcDbArc
 50
189.2032432238084
 51
231.4421043617723
  0
ARC
  5
901
330
702
100
AcDbEntity
  8
HA
100
AcDbCircle
 10
-0.0000000201398507
 20
-0.0000000084983185
 30
0.0
 40
250.3562383886964
100
AcDbArc
 50
129.2032432239652
 51
171.4421043614283
  0
ARC
  5
902
330
702
100
AcDbEntity
  8
HA
100
AcDbCircle
 10
-0.0000000201398507
 20
-0.0000000084983185
 30
0.0
 40
250.3562383886964
100
AcDbArc
 50
69.20324322303208
 51
111.4421043616281
  0
LINE
  5
903
330
702
100
AcDbEntity
  8
HA
100
AcDbLine
 10
86.55294443343882
 20
242.0347567400895
 30
0.0
 11
126.9749082678754
 21
355.0698504016036
 31
0.0
  0
LINE
  5
904
330
702
100
AcDbEntity
  8
HA
100
AcDbLine
 10
-1.447599006409291
 20
257.0411253498169
 30
0.0
 11
-2.832114486780483
 21
502.8809074888703
 31
0.0
  0
LINE
  5
905
330
702
100
AcDbEntity
  8
HA
100
AcDbLine
 10
-89.27354064656539
 20
241.0445407072548
 30
0.0
 11
-130.9660775358788
 21
353.617183591472
 31
0.0
  0
LINE
  5
906
330
702
100
AcDbEntity
  8
HA
100
AcDbLine
 10
-166.3317757483455
 20
195.9744270244846
 30
0.0
 11
-243.7005949554441
 21
287.1314530976815
 31
0.0
  0
LINE
  5
907
330
702
100
AcDbEntity
  8
HA
100
AcDbLine
 10
-223.3279438959435
 20
127.2669051593402
 30
0.0
 11
-326.2230522266182
 21
185.9032843339955
 31
0.0
  0
LINE
  5
908
330
702
100
AcDbEntity
  8
HA
100
AcDbLine
 10
-253.3874660377332
 20
43.20911627449095
 30
0.0
 11
-371.724502974248
 21
63.38864161865785
 31
0.0
  0
LINE
  5
909
330
702
100
AcDbEntity
  8
HA
100
AcDbLine
 10
-252.8847201832105
 20
-46.06032973143737
 30
0.0
 11
-370.9869647026935
 21
-67.57142900722101
 31
0.0
  0
LINE
  5
90A
330
702
100
AcDbEntity
  8
HA
100
AcDbLine
 10
325.5029233251407
 20
190.3813880113885
 30
0.0
 11
221.8803448768449
 21
129.7742201398359
 31
0.0
  0
LINE
  5
90B
330
702
100
AcDbEntity
  8
HA
100
AcDbLine
 10
240.7584254817921
 20
290.2285419345135
 30
0.0
 11
164.113925407757
 21
197.835424391902
 31
0.0
  0
LINE
  5
90C
330
702
100
AcDbEntity
  8
HA
100
AcDbLine
 10
-86.55294446376501
 20
-242.0347567520803
 30
0.0
 11
-126.9749082932248
 21
-355.0698503961322
 31
0.0
  0
LINE
  5
90D
330
702
100
AcDbEntity
  8
HA
100
AcDbLine
 10
1.447598966100485
 20
-257.0411253568018
 30
0.0
 11
2.788555701001314
 21
-495.146452975343
 31
0.0
  0
LINE
  5
90E
330
702
100
AcDbEntity
  8
HA
100
AcDbLine
 10
89.27354059007484
 20
-241.0445407266962
 30
0.0
 11
130.9660774774966
 21
-353.6171836109133
 31
0.0
  0
LINE
  5
90F
330
702
100
AcDbEntity
  8
HA
100
AcDbLine
 10
166.3317756862379
 20
-195.9744270539377
 30
0.0
 11
244.0120563992823
 21
-287.4984214347787
 31
0.0
  0
LINE
  5
910
330
702
100
AcDbEntity
  8
HA
100
AcDbLine
 10
223.3279438394529
 20
-127.2669052011333
 30
0.0
 11
327.6265800850524
 21
-186.7031066074268
 31
0.0
  0
LINE
  5
911
330
702
100
AcDbEntity
  8
HA
100
AcDbLine
 10
253.3874659943395
 20
-43.20911632385104
 30
0.0
 11
371.7245029601035
 21
-63.38864167302381
 31
0.0
  0
LINE
  5
912
330
702
100
AcDbEntity
  8
HA
100
AcDbLine
 10
252.8847201528844
 20
46.06032968463842
 30
0.0
 11
370.9869647060113
 21
67.57142897031735
 31
0.0
  0
ARC
  5
913
330
702
100
AcDbEntity
  8
HA
100
AcDbCircle
 10
-0.0000000201398507
 20
-0.0000000084983185
 30
0.0
 40
210.2224591244822
100
AcDbArc
 50
255.2319657515516
 51
285.4133818341994
  0
ARC
  5
914
330
702
100
AcDbEntity
  8
HA
100
AcDbCircle
 10
-0.0000000201398507
 20
-0.0000000084983185
 30
0.0
 40
210.2224591244822
100
AcDbArc
 50
315.2319657508485
 51
345.4133818343395
  0
ARC
  5
915
330
702
100
AcDbEntity
  8
HA
100
AcDbCircle
 10
-0.0000000201398507
 20
-0.0000000084983185
 30
0.0
 40
210.2224591244822
100
AcDbArc
 50
15.23196575088688
 51
45.41338183443174
  0
ARC
  5
916
330
702
100
AcDbEntity
  8
HA
100
AcDbCircle
 10
-0.0000000201398507
 20
-0.0000000084983185
 30
0.0
 40
210.2224591244822
100
AcDbArc
 50
75.23196575073249
 51
105.4133818344794
  0
ARC
  5
917
330
702
100
AcDbEntity
  8
HA
100
AcDbCircle
 10
-0.0000000201398507
 20
-0.0000000084983185
 30
0.0
 40
210.2224591244822
100
AcDbArc
 50
135.2319657513251
 51
165.4133818342745
  0
ARC
  5
918
330
702
100
AcDbEntity
  8
HA
100
AcDbCircle
 10
-0.0000000201398507
 20
-0.0000000084983185
 30
0.0
 40
210.2224591244822
100
AcDbArc
 50
195.2319657513499
 51
225.4133818347662
  0
ARC
  5
919
330
702
100
AcDbEntity
  8
HA
100
AcDbCircle
 10
49.60430823618661
 20
99.83311326056721
 30
0.0
 40
82.04977536108804
100
AcDbArc
 50
307.6314614463785
 51
342.1585983521771
  0
ARC
  5
91A
330
702
100
AcDbEntity
  8
HA
100
AcDbCircle
 10
111.3314778732019
 20
-5.704378469730727
 30
0.0
 40
82.04977536108804
100
AcDbArc
 50
78.48674923642197
 51
113.0138861422205
  0
ARC
  5
91B
330
702
100
AcDbEntity
  8
HA
100
AcDbCircle
 10
-111.2601663483365
 20
-6.957965564564799
 30
0.0
 40
82.04977536108804
100
AcDbArc
 50
67.63146144637852
 51
102.1585983521771
  0
ARC
  5
91C
330
702
100
AcDbEntity
  8
HA
100
AcDbCircle
 10
-50.72560227656502
 20
99.26807731040753
 30
0.0
 40
82.04977536108804
100
AcDbArc
 50
198.4867492364219
 51
233.0138861422204
  0
ARC
  5
91D
330
702
100
AcDbEntity
  8
HA
100
AcDbCircle
 10
-49.60430824159994
 20
-99.83311326510738
 30
0.0
 40
82.04977536108804
100
AcDbArc
 50
127.6314614463786
 51
162.1585983521771
  0
ARC
  5
91E
330
702
100
AcDbEntity
  8
HA
100
AcDbCircle
 10
-111.3314778792264
 20
5.704378465306945
 30
0.0
 40
82.04977536108804
100
AcDbArc
 50
258.486749236422
 51
293.0138861422204
  0
ARC
  5
91F
330
702
100
AcDbEntity
  8
HA
100
AcDbCircle
 10
111.2601663416717
 20
6.957965557579883
 30
0.0
 40
82.04977536108804
100
AcDbArc
 50
247.6314614463785
 51
282.1585983521771
  0
ARC
  5
920
330
702
100
AcDbEntity
  8
HA
100
AcDbCircle
 10
50.72560226928907
 20
-99.26807731750887
 30
0.0
 40
82.04977536108804
100
AcDbArc
 50
18.48674923642194
 51
53.01388614222053
  0
CIRCLE
  5
921
330
702
100
AcDbEntity
  8
HA
100
AcDbCircle
 10
218.6128230283503
 20
-70.07150037633255
 30
0.0
 40
6.646508779230162
  0
CIRCLE
  5
922
330
702
100
AcDbEntity
  8
HA
100
AcDbCircle
 10
218.6128230283503
 20
-70.07150037633255
 30
0.0
 40
4.974267976554576
  0
CIRCLE
  5
923
330
702
100
AcDbEntity
  8
HA
100
AcDbCircle
 10
202.1316110811604
 20
-113.6338498840341
 30
0.0
 40
6.646508779230162
  0
CIRCLE
  5
924
330
702
100
AcDbEntity
  8
HA
100
AcDbCircle
 10
202.1316110811604
 20
-113.6338498840341
 30
0.0
 40
4.974267976554576
  0
CIRCLE
  5
925
330
702
100
AcDbEntity
  8
HA
100
AcDbCircle
 10
173.1038603020133
 20
-153.4673608400626
 30
0.0
 40
6.646508779230162
  0
CIRCLE
  5
926
330
702
100
AcDbEntity
  8
HA
100
AcDbCircle
 10
173.1038603020133
 20
-153.4673608400626
 30
0.0
 40
4.974267976554576
  0
CIRCLE
  5
927
330
702
100
AcDbEntity
  8
HA
100
AcDbCircle
 10
199.4756062378874
 20
118.2341851757373
 30
0.0
 40
6.646508779230162
  0
CIRCLE
  5
928
330
702
100
AcDbEntity
  8
HA
100
AcDbCircle
 10
199.4756062378874
 20
118.2341851757373
 30
0.0
 40
4.974267976554576
  0
CIRCLE
  5
929
330
702
100
AcDbEntity
  8
HA
100
AcDbCircle
 10
219.4585632611707
 20
73.17866010603029
 30
0.0
 40
6.646508779230162
  0
CIRCLE
  5
92A
330
702
100
AcDbEntity
  8
HA
100
AcDbCircle
 10
219.4585632611707
 20
73.17866010603029
 30
0.0
 40
4.974267976554576
  0
CIRCLE
  5
92B
330
702
100
AcDbEntity
  8
HA
100
AcDbCircle
 10
-48.62271215801593
 20
224.3600085118087
 30
0.0
 40
6.646508779230162
  0
CIRCLE
  5
92C
330
702
100
AcDbEntity
  8
HA
100
AcDbCircle
 10
-48.62271215801593
 20
224.3600085118087
 30
0.0
 40
4.974267976554576
  0
CIRCLE
  5
92D
330
702
100
AcDbEntity
  8
HA
100
AcDbCircle
 10
-2.656004865886643
 20
231.8680350313662
 30
0.0
 40
6.646508779230162
  0
CIRCLE
  5
92E
330
702
100
AcDbEntity
  8
HA
100
AcDbCircle
 10
-2.656004865886643
 20
231.8680350313662
 30
0.0
 40
4.974267976554576
  0
CIRCLE
  5
92F
330
702
100
AcDbEntity
  8
HA
100
AcDbCircle
 10
46.35470293654361
 20
226.6460209226934
 30
0.0
 40
6.646508779230162
  0
CIRCLE
  5
930
330
702
100
AcDbEntity
  8
HA
100
AcDbCircle
 10
46.35470293654361
 20
226.6460209226934
 30
0.0
 40
4.974267976554576
  0
CIRCLE
  5
931
330
702
100
AcDbEntity
  8
HA
100
AcDbCircle
 10
-218.6128230748873
 20
70.07150033442304
 30
0.0
 40
6.646508779230162
  0
CIRCLE
  5
932
330
702
100
AcDbEntity
  8
HA
100
AcDbCircle
 10
-218.6128230748873
 20
70.07150033442304
 30
0.0
 40
4.974267976554576
  0
CIRCLE
  5
933
330
702
100
AcDbEntity
  8
HA
100
AcDbCircle
 10
-202.1316111276974
 20
113.6338498395635
 30
0.0
 40
6.646508779230162
  0
CIRCLE
  5
934
330
702
100
AcDbEntity
  8
HA
100
AcDbCircle
 10
-202.1316111276974
 20
113.6338498395635
 30
0.0
 40
4.974267976554576
  0
CIRCLE
  5
935
330
702
100
AcDbEntity
  8
HA
100
AcDbCircle
 10
-173.1038603479101
 20
153.4673608007141
 30
0.0
 40
6.646508779230162
  0
CIRCLE
  5
936
330
702
100
AcDbEntity
  8
HA
100
AcDbCircle
 10
-173.1038603479101
 20
153.4673608007141
 30
0.0
 40
4.974267976554576
  0
CIRCLE
  5
937
330
702
100
AcDbEntity
  8
HA
100
AcDbCircle
 10
-169.9901109407656
 20
-154.2885081957793
 30
0.0
 40
6.646508779230162
  0
CIRCLE
  5
938
330
702
100
AcDbEntity
  8
HA
100
AcDbCircle
 10
-169.9901109407656
 20
-154.2885081957793
 30
0.0
 40
4.974267976554576
  0
CIRCLE
  5
939
330
702
100
AcDbEntity
  8
HA
100
AcDbCircle
 10
-199.4756062856759
 20
-118.2341852152021
 30
0.0
 40
6.646508779230162
  0
CIRCLE
  5
93A
330
702
100
AcDbEntity
  8
HA
100
AcDbCircle
 10
-199.4756062856759
 20
-118.2341852152021
 30
0.0
 40
4.974267976554576
  0
CIRCLE
  5
93B
330
702
100
AcDbEntity
  8
HA
100
AcDbCircle
 10
-219.4585633095703
 20
-73.17866014549508
 30
0.0
 40
6.646508779230162
  0
CIRCLE
  5
93C
330
702
100
AcDbEntity
  8
HA
100
AcDbCircle
 10
-219.4585633095703
 20
-73.17866014549508
 30
0.0
 40
4.974267976554576
  0
CIRCLE
  5
93D
330
702
100
AcDbEntity
  8
HA
100
AcDbCircle
 10
48.62271211334155
 20
-224.3600085537182
 30
0.0
 40
6.646508779230162
  0
CIRCLE
  5
93E
330
702
100
AcDbEntity
  8
HA
100
AcDbCircle
 10
48.62271211334155
 20
-224.3600085537182
 30
0.0
 40
4.974267976554576
  0
CIRCLE
  5
93F
330
702
100
AcDbEntity
  8
HA
100
AcDbCircle
 10
2.65600481937872
 20
-231.868035075604
 30
0.0
 40
6.646508779230162
  0
CIRCLE
  5
940
330
702
100
AcDbEntity
  8
HA
100
AcDbCircle
 10
2.65600481937872
 20
-231.868035075604
 30
0.0
 40
4.974267976554576
  0
CIRCLE
  5
941
330
702
100
AcDbEntity
  8
HA
100
AcDbCircle
 10
-46.35470298305153
 20
-226.6460209646029
 30
0.0
 40
6.646508779230162
  0
CIRCLE
  5
942
330
702
100
AcDbEntity
  8
HA
100
AcDbCircle
 10
-46.35470298305153
 20
-226.6460209646029
 30
0.0
 40
4.974267976554576
  0
ARC
  5
943
330
702
100
AcDbEntity
  8
HA
100
AcDbCircle
 10
-0.0000000201398507
 20
-0.0000000084983185
 30
0.0
 40
257.0452015993986
100
AcDbArc
 50
308.2015624351476
 51
352.443785149476
  0
ARC
  5
944
330
702
100
AcDbEntity
  8
HA
100
AcDbCircle
 10
-0.0000000151630957
 20
-0.0000000084983185
 30
0.0
 40
257.0452015993986
100
AcDbArc
 50
8.201562435147426
 51
52.44378514947599
  0
ARC
  5
945
330
702
100
AcDbEntity
  8
HA
100
AcDbCircle
 10
-0.0000000114378054
 20
-0.0000000059371814
 30
0.0
 40
257.0452015993986
100
AcDbArc
 50
68.20156243514745
 51
112.4437851494759
  0
ARC
  5
946
330
702
100
AcDbEntity
  8
HA
100
AcDbCircle
 10
-0.0000000176660251
 20
0.0000000015133992
 30
0.0
 40
257.0452015993986
100
AcDbArc
 50
128.2015624351475
 51
172.443785149476
  0
ARC
  5
947
330
702
100
AcDbEntity
  8
HA
100
AcDbCircle
 10
-0.0000000226427801
 20
-0.0000000034924597
 30
0.0
 40
257.0452015993986
100
AcDbArc
 50
188.2015624351474
 51
232.443785149476
  0
ARC
  5
948
330
702
100
AcDbEntity
  8
HA
100
AcDbCircle
 10
-0.0000000238942448
 20
-0.0000000059371814
 30
0.0
 40
257.0452015993986
100
AcDbArc
 50
248.2015624351475
 51
292.443785149476
  0
CIRCLE
  5
949
330
702
100
AcDbEntity
  8
HA
100
AcDbCircle
 10
-0.0000000020954758
 20
0.0000000015133992
 30
0.0
 40
377.0904745493539
  0
LINE
  5
94A
330
702
100
AcDbEntity
  8
HA
100
AcDbLine
 10
-221.880344892852
 20
-129.7742201916407
 30
0.0
 11
-325.5029233093665
 21
-190.381388045731
 31
0.0
  0
LINE
  5
94B
330
702
100
AcDbEntity
  8
HA
100
AcDbLine
 10
-164.1139254075824
 20
-197.8354244338115
 30
0.0
 11
-240.7584254629036
 21
-290.2285419563995
 31
0.0
  0
LINE
  5
94C
330
702
100
AcDbEntity
  8
HA
100
AcDbLine
 10
492.4712915849814
 20
-495.1464529779041
 30
0.0000000000657026
 11
-507.3779623515438
 21
-495.1464529829098
 31
0.0000000000657026
  0
LINE
  5
94D
330
702
100
AcDbEntity
  8
HA
100
AcDbLine
 10
492.4712915824783
 20
502.8809074863093
 30
0.0000000000657026
 11
492.4712915849814
 21
-495.146452975343
 31
0.0000000000657026
  0
LINE
  5
94E
330
702
100
AcDbEntity
  8
HA
100
AcDbLine
 10
-507.3779623490408
 20
502.8809074863093
 30
0.0000000000657026
 11
-507.3779623515438
 21
-495.146452975343
 31
0.0000000000657026
  0
LINE
  5
94F
330
702
100
AcDbEntity
  8
HA
100
AcDbLine
 10
492.4712915843411
 20
-444.9792288927127
 30
0.0000000000657026
 11
-507.3779623509033
 21
-444.9792288976023
 31
0.0000000000657026
  0
LINE
  5
950
330
702
100
AcDbEntity
  8
HA
100
AcDbLine
 10
-457.2107382687682
 20
502.8809074863093
 30
0.0000000000657026
 11
-457.2107382712711
 21
-495.146452975343
 31
0.0000000000657026
  0
LINE
  5
951
330
702
100
AcDbEntity
  8
HA
100
AcDbLine
 10
492.4712915830895
 20
452.7136834060073
 30
0.0000000000657026
 11
-507.3779623496521
 21
452.7136834060073
 31
0.0000000000657026
  0
LINE
  5
952
330
702
100
AcDbEntity
  8
HA
100
AcDbLine
 10
442.3040675022057
 20
502.8809074863093
 30
0.0000000000657026
 11
442.3040675047086
 21
-495.146452975343
 31
0.0000000000657026
  0
LINE
  5
953
330
702
100
AcDbEntity
  8
HA
100
AcDbLine
 10
-316.7783285627375
 20
-1.784025749075224
 30
0.0
 11
-507.3779623502923
 21
-1.784025749075224
 31
0.0000000000657026
  0
LINE
  5
954
330
702
100
AcDbEntity
  8
HA
100
AcDbLine
 10
316.7783285211772
 20
1.784025729750283
 30
0.0
 11
492.4712915837297
 21
1.784025729750283
 31
0.0000000000657026
  0
ARC
  5
955
330
702
100
AcDbEntity
  8
HA
100
AcDbCircle
 10
-7.453335375816093
 20
-1900.028061606106
 30
0.0000000000657026
 40
1522.973679032429
100
AcDbArc
 50
72.82355592780892
 51
107.1764440727839
  0
ARC
  5
956
330
702
100
AcDbEntity
  8
HA
100
AcDbCircle
 10
-7.453335380792847
 20
1806.344732252531
 30
0.0000000000657026
 40
1426.393612523738
100
AcDbArc
 50
251.6204185939319
 51
288.3795814060919
  0
ATTDEF
  5
957
330
702
100
AcDbEntity
  8
0
100
AcDbText
 10
0.0
 20
0.0
 30
0.0
 40
0.5
  1
500
 41
0.8
  7
DIM_FONT
100
AcDbAttributeDefinition
280
     0
  3
XSIZE
  2
XSIZE
 70
     9
280
     0
  0
ATTDEF
  5
958
330
702
100
AcDbEntity
  8
0
100
AcDbText
 10
0.0
 20
0.0
 30
0.0
 40
0.5
  1
500
 41
0.8
  7
DIM_FONT
100
AcDbAttributeDefinition
280
     0
  3
YSIZE
  2
YSIZE
 70
     9
280
     0
  0
ENDBLK
  5
959
330
702
100
AcDbEntity
  8
0
100
AcDbBlockEnd
  0
BLOCK
  5
133
330
132
100
AcDbEntity
  8
0
100
AcDbBlockBegin
  2
A$C02A60504
 70
     0
 10
0.0
 20
0.0
 30
0.0
  3
A$C02A60504
  1

  0
ARC
  5
134
330
132
100
AcDbEntity
  8
JJ
100
AcDbCircle
 10
833.4215440468396
 20
509.7724145917452
 30
-9267.023079868478
 40
493.5251388701971
100
AcDbArc
 50
52.56422330164943
 51
127.4357766983506
  0
ARC
  5
135
330
132
100
AcDbEntity
  8
JJ
100
AcDbCircle
 10
833.4215440468396
 20
493.5250865409614
 30
-9267.023079868478
 40
493.5251388701971
100
AcDbArc
 50
232.5642233016494
 51
307.4357766983506
  0
LINE
  5
136
330
132
100
AcDbEntity
  8
JJ
100
AcDbLine
 10
533.4215440468397
 20
101.6487505662953
 30
-9267.023079868478
 11
533.4215440468397
 21
901.6487505662952
 31
-9267.023079868478
  0
LINE
  5
137
330
132
100
AcDbEntity
  8
JJ
100
AcDbLine
 10
425.5447881692089
 20
674.6335837799122
 30
-9267.023079868478
 11
425.5447881692089
 21
834.6335837799124
 31
-9267.023079868478
  0
ARC
  5
138
330
132
100
AcDbEntity
  8
JJ
100
AcDbCircle
 10
195.5447881692089
 20
674.6335837799122
 30
-9267.023079868478
 40
120.0
100
AcDbArc
 50
180.0000000000004
 51
270.0000000000004
  0
ARC
  5
139
330
132
100
AcDbEntity
  8
JJ
100
AcDbCircle
 10
195.5447881692089
 20
834.6335837799124
 30
-9267.023079868478
 40
120.0
100
AcDbArc
 50
90.0000000000004
 51
180.0000000000004
  0
ARC
  5
13A
330
132
100
AcDbEntity
  8
JJ
100
AcDbCircle
 10
190.8214489540551
 20
357.2394309175434
 30
-9267.023079868478
 40
120.0
100
AcDbArc
 50
90.0000000000004
 51
180.0000000000004
  0
ARC
  5
13B
330
132
100
AcDbEntity
  8
JJ
100
AcDbCircle
 10
16.90498915640637
 20
464.2051649200729
 30
-9267.023079868478
 40
21.77371540086023
100
AcDbArc
 50
7.504764861614349
 51
140.9315141262025
  0
ARC
  5
13C
330
132
100
AcDbEntity
  8
JJ
100
AcDbCircle
 10
21.62832837179303
 20
566.8887887571472
 30
-9267.023079868478
 40
21.77371540086023
100
AcDbArc
 50
219.0684858737982
 51
352.4952351383864
  0
LINE
  5
13D
330
132
100
AcDbEntity
  8
JJ
100
AcDbLine
 10
74.72432590555398
 20
742.5023195217363
 30
-9267.023079868478
 11
17.92397315800189
 21
742.5023195217363
 31
-9267.023079868478
  0
LINE
  5
13E
330
132
100
AcDbEntity
  8
JJ
100
AcDbLine
 10
17.92397315800189
 20
767.1637151837349
 30
-9267.023079868478
 11
74.72432590555398
 21
767.1637151837349
 31
-9267.023079868478
  0
SOLID
  5
13F
330
132
100
AcDbEntity
  8
JJ
100
AcDbTrace
 10
17.92397315800189
 20
742.5023195216197
 30
-9267.023079868478
 11
17.92397315800189
 21
767.1637151837349
 31
-9267.023079868478
 12
74.72432590555398
 22
742.5023195216197
 32
-9267.023079868478
 13
74.72432590555398
 23
767.1637151837349
 33
-9267.023079868478
  0
ARC
  5
141
330
132
100
AcDbEntity
  8
JJ
100
AcDbCircle
 10
21.62832837179303
 20
941.5993177825583
 30
-9267.023079868478
 40
21.77371540086023
100
AcDbArc
 50
7.504764861614349
 51
140.9315141262025
  0
ARC
  5
142
330
132
100
AcDbEntity
  8
JJ
100
AcDbCircle
 10
716.1780386462343
 20
754.2440532699692
 30
-9267.023079868478
 40
699.3241275675726
100
AcDbArc
 50
164.2181394939088
 51
195.7818605060919
  0
LINE
  5
143
330
132
100
AcDbEntity
  8
JJ
100
AcDbLine
 10
17.92397315800189
 20
742.5023195217363
 30
-9267.023079868478
 11
17.92397315800189
 21
767.1637151837349
 31
-9267.023079868478
  0
ARC
  5
144
330
132
100
AcDbEntity
  8
JJ
100
AcDbCircle
 10
716.1780386462343
 20
754.2440532699692
 30
-9267.023079868478
 40
739.3241275675727
100
AcDbArc
 50
164.2181394939088
 51
195.7818605060919
  0
LINE
  5
145
330
132
100
AcDbEntity
  8
JJ
100
AcDbLine
 10
74.72432590555398
 20
767.1637151837349
 30
-9267.023079868478
 11
74.72432590555398
 21
742.5023195217363
 31
-9267.023079868478
  0
LINE
  5
146
330
132
100
AcDbEntity
  8
JJ
100
AcDbLine
 10
75.54478816920891
 20
834.6335837799124
 30
-9267.023079868478
 11
75.54478816920891
 21
674.6335837799122
 31
-9267.023079868478
  0
LINE
  5
147
330
132
100
AcDbEntity
  8
JJ
100
AcDbLine
 10
300.8214489540551
 20
477.2394309175433
 30
-9267.023079868478
 11
190.8214489540551
 21
477.2394309175433
 31
-9267.023079868478
  0
LINE
  5
148
330
132
100
AcDbEntity
  8
JJ
100
AcDbLine
 10
195.5447881692089
 20
554.6335837799123
 30
-9267.023079868478
 11
305.5447881692089
 21
554.6335837799123
 31
-9267.023079868478
  0
LINE
  5
149
330
132
100
AcDbEntity
  8
JJ
100
AcDbLine
 10
305.5447881692089
 20
954.6335837799125
 30
-9267.023079868478
 11
195.5447881692089
 21
954.6335837799125
 31
-9267.023079868478
  0
ARC
  5
14A
330
132
100
AcDbEntity
  8
JJ
100
AcDbCircle
 10
305.5447881692089
 20
834.6335837799124
 30
-9267.023079868478
 40
120.0
100
AcDbArc
 50
0.0000000000003817
 51
90.0000000000004
  0
ARC
  5
14B
330
132
100
AcDbEntity
  8
JJ
100
AcDbCircle
 10
305.5447881692089
 20
674.6335837799122
 30
-9267.023079868478
 40
120.0
100
AcDbArc
 50
270.0000000000004
 51
0.0000000000003817
  0
ARC
  5
14C
330
132
100
AcDbEntity
  8
JJ
100
AcDbCircle
 10
300.8214489540551
 20
357.2394309175434
 30
-9267.023079868478
 40
120.0
100
AcDbArc
 50
0.0000000000003817
 51
90.0000000000004
  0
ARC
  5
14D
330
132
100
AcDbEntity
  8
JJ
100
AcDbCircle
 10
190.8214489540551
 20
197.2394309175433
 30
-9267.023079868478
 40
120.0
100
AcDbArc
 50
180.0000000000004
 51
270.0000000000004
  0
LINE
  5
14E
330
132
100
AcDbEntity
  8
JJ
100
AcDbLine
 10
70.00098669016733
 20
289.7695623213658
 30
-9267.023079868478
 11
70.00098669016733
 21
265.1081666592509
 31
-9267.023079868478
  0
LINE
  5
14F
330
132
100
AcDbEntity
  8
JJ
100
AcDbLine
 10
13.20063394284807
 20
265.1081666592509
 30
-9267.023079868478
 11
13.20063394284807
 21
289.7695623213658
 31
-9267.023079868478
  0
SOLID
  5
150
330
132
100
AcDbEntity
  8
JJ
100
AcDbTrace
 10
13.20063394284807
 20
265.1081666592509
 30
-9267.023079868478
 11
13.20063394284807
 21
289.7695623213658
 31
-9267.023079868478
 12
70.00098669016733
 22
265.1081666592509
 32
-9267.023079868478
 13
70.00098669016733
 23
289.7695623213658
 33
-9267.023079868478
  0
LINE
  5
151
330
132
100
AcDbEntity
  8
JJ
100
AcDbLine
 10
13.20063394284807
 20
289.7695623213658
 30
-9267.023079868478
 11
70.00098669016733
 21
289.7695623213658
 31
-9267.023079868478
  0
LINE
  5
152
330
132
100
AcDbEntity
  8
JJ
100
AcDbLine
 10
70.00098669016733
 20
265.1081666592509
 30
-9267.023079868478
 11
13.20063394284807
 21
265.1081666592509
 31
-9267.023079868478
  0
ARC
  5
153
330
132
100
AcDbEntity
  8
JJ
100
AcDbCircle
 10
16.90498915640637
 20
89.4946358947782
 30
-9267.023079868478
 40
21.77371540086023
100
AcDbArc
 50
219.0684858737982
 51
352.4952351383864
  0
LINE
  5
154
330
132
100
AcDbEntity
  8
JJ
100
AcDbLine
 10
190.8214489540551
 20
77.23943091754335
 30
-9267.023079868478
 11
300.8214489540551
 21
77.23943091754335
 31
-9267.023079868478
  0
ARC
  5
155
330
132
100
AcDbEntity
  8
JJ
100
AcDbCircle
 10
300.8214489540551
 20
197.2394309175433
 30
-9267.023079868478
 40
120.0
100
AcDbArc
 50
270.0000000000004
 51
0.0000000000003817
  0
LINE
  5
156
330
132
100
AcDbEntity
  8
JJ
100
AcDbLine
 10
420.8214489540551
 20
197.2394309175433
 30
-9267.023079868478
 11
420.8214489540551
 21
357.2394309175434
 31
-9267.023079868478
  0
LINE
  5
157
330
132
100
AcDbEntity
  8
JJ
100
AcDbLine
 10
70.82144895405509
 20
357.2394309175434
 30
-9267.023079868478
 11
70.82144895405509
 21
197.2394309175433
 31
-9267.023079868478
  0
ARC
  5
158
330
132
100
AcDbEntity
  8
JJ
100
AcDbCircle
 10
711.4546994310804
 20
276.8499004074838
 30
-9267.023079868478
 40
739.3241275675727
100
AcDbArc
 50
164.2181394939088
 51
195.7818605060919
  0
ARC
  5
159
330
132
100
AcDbEntity
  8
JJ
100
AcDbCircle
 10
711.4546994310804
 20
276.8499004074838
 30
-9267.023079868478
 40
699.3241275675726
100
AcDbArc
 50
164.2181394939088
 51
195.7818605060919
  0
ARC
  5
15A
330
132
100
AcDbEntity
  8
JJ
100
AcDbCircle
 10
1332.82561706705
 20
357.2394309175434
 30
-9267.023079868478
 40
120.0
100
AcDbArc
 50
89.99999999999955
 51
179.9999999999996
  0
ARC
  5
15B
330
132
100
AcDbEntity
  8
JJ
100
AcDbCircle
 10
1328.102277851664
 20
674.6335837799122
 30
-9267.023079868478
 40
120.0
100
AcDbArc
 50
179.9999999999996
 51
269.9999999999996
  0
ARC
  5
15C
330
132
100
AcDbEntity
  8
JJ
100
AcDbCircle
 10
1328.102277851664
 20
834.6335837799124
 30
-9267.023079868478
 40
120.0
100
AcDbArc
 50
89.99999999999955
 51
179.9999999999996
  0
ARC
  5
15D
330
132
100
AcDbEntity
  8
JJ
100
AcDbCircle
 10
1332.82561706705
 20
197.2394309175433
 30
-9267.023079868478
 40
120.0
100
AcDbArc
 50
179.9999999999996
 51
269.9999999999996
  0
LINE
  5
15E
330
132
100
AcDbEntity
  8
JJ
100
AcDbLine
 10
1133.421544046839
 20
901.6487505662952
 30
-9267.023079868478
 11
1133.421544046839
 21
101.6487505662953
 31
-9267.023079868478
  0
LINE
  5
15F
330
132
100
AcDbEntity
  8
JJ
100
AcDbLine
 10
1208.102277851663
 20
674.6335837799122
 30
-9267.023079868478
 11
1208.102277851663
 21
834.6335837799124
 31
-9267.023079868478
  0
LINE
  5
160
330
132
100
AcDbEntity
  8
JJ
100
AcDbLine
 10
1212.82561706705
 20
197.2394309175433
 30
-9267.023079868478
 11
1212.82561706705
 21
357.2394309175434
 31
-9267.023079868478
  0
LINE
  5
161
330
132
100
AcDbEntity
  8
JJ
100
AcDbLine
 10
1328.102277851664
 20
954.6335837799125
 30
-9267.023079868478
 11
1438.102277851663
 21
954.6335837799125
 31
-9267.023079868478
  0
LINE
  5
162
330
132
100
AcDbEntity
  8
JJ
100
AcDbLine
 10
1438.102277851663
 20
554.6335837799123
 30
-9267.023079868478
 11
1328.102277851664
 21
554.6335837799123
 31
-9267.023079868478
  0
LINE
  5
163
330
132
100
AcDbEntity
  8
JJ
100
AcDbLine
 10
1332.82561706705
 20
477.2394309175433
 30
-9267.023079868478
 11
1442.82561706705
 21
477.2394309175433
 31
-9267.023079868478
  0
LINE
  5
164
330
132
100
AcDbEntity
  8
JJ
100
AcDbLine
 10
1558.102277851663
 20
834.6335837799124
 30
-9267.023079868478
 11
1558.102277851663
 21
674.6335837799122
 31
-9267.023079868478
  0
LINE
  5
165
330
132
100
AcDbEntity
  8
JJ
100
AcDbLine
 10
1558.922740115551
 20
767.1637151837349
 30
-9267.023079868478
 11
1558.922740115551
 21
742.5023195216197
 31
-9267.023079868478
  0
ARC
  5
166
330
132
100
AcDbEntity
  8
JJ
100
AcDbCircle
 10
917.4690273746382
 20
754.2440532699692
 30
-9267.023079868478
 40
739.3241275675727
100
AcDbArc
 50
344.218139493908
 51
15.78186050609113
  0
LINE
  5
167
330
132
100
AcDbEntity
  8
JJ
100
AcDbLine
 10
1615.723092862871
 20
742.5023195216197
 30
-9267.023079868478
 11
1615.723092862871
 21
767.1637151837349
 31
-9267.023079868478
  0
ARC
  5
168
330
132
100
AcDbEntity
  8
JJ
100
AcDbCircle
 10
917.4690273746382
 20
754.2440532699692
 30
-9267.023079868478
 40
699.3241275675726
100
AcDbArc
 50
344.218139493908
 51
15.78186050609113
  0
ARC
  5
169
330
132
100
AcDbEntity
  8
JJ
100
AcDbCircle
 10
1612.018737649312
 20
941.5993177825583
 30
-9267.023079868478
 40
21.77371540086023
100
AcDbArc
 50
39.06848587379744
 51
172.4952351383856
  0
SOLID
  5
16A
330
132
100
AcDbEntity
  8
JJ
100
AcDbTrace
 10
1615.723092862871
 20
742.5023195216197
 30
-9267.023079868478
 11
1615.723092862871
 21
767.1637151837349
 31
-9267.023079868478
 12
1558.922740115551
 22
742.5023195216197
 32
-9267.023079868478
 13
1558.922740115551
 23
767.1637151837349
 33
-9267.023079868478
  0
LINE
  5
16B
330
132
100
AcDbEntity
  8
JJ
100
AcDbLine
 10
1615.723092862871
 20
767.1637151837349
 30
-9267.023079868478
 11
1558.922740115551
 21
767.1637151837349
 31
-9267.023079868478
  0
LINE
  5
16C
330
132
100
AcDbEntity
  8
JJ
100
AcDbLine
 10
1558.922740115551
 20
742.5023195216197
 30
-9267.023079868478
 11
1615.723092862871
 21
742.5023195216197
 31
-9267.023079868478
  0
ARC
  5
16D
330
132
100
AcDbEntity
  8
JJ
100
AcDbCircle
 10
1612.018737649312
 20
566.8887887571472
 30
-9267.023079868478
 40
21.77371540086023
100
AcDbArc
 50
187.5047648616135
 51
320.9315141262018
  0
ARC
  5
16E
330
132
100
AcDbEntity
  8
JJ
100
AcDbCircle
 10
1616.742076864466
 20
464.2051649200729
 30
-9267.023079868478
 40
21.77371540086023
100
AcDbArc
 50
39.06848587379744
 51
172.4952351383856
  0
ARC
  5
16F
330
132
100
AcDbEntity
  8
JJ
100
AcDbCircle
 10
1442.82561706705
 20
357.2394309175434
 30
-9267.023079868478
 40
120.0
100
AcDbArc
 50
359.9999999999996
 51
89.99999999999955
  0
ARC
  5
170
330
132
100
AcDbEntity
  8
JJ
100
AcDbCircle
 10
1438.102277851663
 20
834.6335837799124
 30
-9267.023079868478
 40
120.0
100
AcDbArc
 50
359.9999999999996
 51
89.99999999999955
  0
ARC
  5
171
330
132
100
AcDbEntity
  8
JJ
100
AcDbCircle
 10
1438.102277851663
 20
674.6335837799122
 30
-9267.023079868478
 40
120.0
100
AcDbArc
 50
269.9999999999996
 51
359.9999999999996
  0
LINE
  5
172
330
132
100
AcDbEntity
  8
JJ
100
AcDbLine
 10
1442.82561706705
 20
77.23943091754335
 30
-9267.023079868478
 11
1332.82561706705
 21
77.23943091754335
 31
-9267.023079868478
  0
ARC
  5
173
330
132
100
AcDbEntity
  8
JJ
100
AcDbCircle
 10
1616.742076864466
 20
89.4946358947782
 30
-9267.023079868478
 40
21.77371540086023
100
AcDbArc
 50
187.5047648616135
 51
320.9315141262018
  0
LINE
  5
174
330
132
100
AcDbEntity
  8
JJ
100
AcDbLine
 10
1563.646079330705
 20
265.1081666592509
 30
-9267.023079868478
 11
1620.446432078257
 21
265.1081666592509
 31
-9267.023079868478
  0
LINE
  5
175
330
132
100
AcDbEntity
  8
JJ
100
AcDbLine
 10
1620.446432078257
 20
289.7695623213658
 30
-9267.023079868478
 11
1563.646079330705
 21
289.7695623213658
 31
-9267.023079868478
  0
SOLID
  5
176
330
132
100
AcDbEntity
  8
JJ
100
AcDbTrace
 10
1620.446432078257
 20
265.1081666592509
 30
-9267.023079868478
 11
1620.446432078257
 21
289.7695623213658
 31
-9267.023079868478
 12
1563.646079330705
 22
265.1081666592509
 32
-9267.023079868478
 13
1563.646079330705
 23
289.7695623213658
 33
-9267.023079868478
  0
LINE
  5
177
330
132
100
AcDbEntity
  8
JJ
100
AcDbLine
 10
1620.446432078257
 20
265.1081666592509
 30
-9267.023079868478
 11
1620.446432078257
 21
289.7695623213658
 31
-9267.023079868478
  0
LINE
  5
178
330
132
100
AcDbEntity
  8
JJ
100
AcDbLine
 10
1563.646079330705
 20
289.7695623213658
 30
-9267.023079868478
 11
1563.646079330705
 21
265.1081666592509
 31
-9267.023079868478
  0
ARC
  5
179
330
132
100
AcDbEntity
  8
JJ
100
AcDbCircle
 10
1442.82561706705
 20
197.2394309175433
 30
-9267.023079868478
 40
120.0
100
AcDbArc
 50
269.9999999999996
 51
359.9999999999996
  0
ARC
  5
17A
330
132
100
AcDbEntity
  8
JJ
100
AcDbCircle
 10
922.192366589792
 20
276.8499004074838
 30
-9267.023079868478
 40
699.3241275675726
100
AcDbArc
 50
344.218139493908
 51
15.78186050609113
  0
ARC
  5
17B
330
132
100
AcDbEntity
  8
JJ
100
AcDbCircle
 10
922.192366589792
 20
276.8499004074838
 30
-9267.023079868478
 40
739.3241275675727
100
AcDbArc
 50
344.218139493908
 51
15.78186050609113
  0
LINE
  5
17C
330
132
100
AcDbEntity
  8
JJ
100
AcDbLine
 10
1562.82561706705
 20
357.2394309175434
 30
-9267.023079868478
 11
1562.82561706705
 21
197.2394309175433
 31
-9267.023079868478
  0
ENDBLK
  5
17D
330
132
100
AcDbEntity
  8
0
100
AcDbBlockEnd
  0
BLOCK
  5
130
330
12F
100
AcDbEntity
  8
0
100
AcDbBlockBegin
  2
A$C431C2F8F
 70
     0
 10
0.0
 20
0.0
 30
0.0
  3
A$C431C2F8F
  1

  0
INSERT
  5
131
330
12F
100
AcDbEntity
  8
JJ
100
AcDbBlockReference
  2
A$C02A60504
 10
1003.297650453402
 20
0.0001593368360773
 30
-9267.023079868478
 50
90.0
  0
ENDBLK
  5
17E
330
12F
100
AcDbEntity
  8
0
100
AcDbBlockEnd
  0
BLOCK
  5
670
330
66F
100
AcDbEntity
  8
0
100
AcDbBlockBegin
  2
HUA
 70
     0
 10
0.0
 20
0.0
 30
0.0
  3
HUA
  1

  0
INSERT
  5
671
330
66F
100
AcDbEntity
  8
PUB_DIM
100
AcDbBlockReference
 66
     1
  2
M_C56KIS
 10
-229.8574591737124
 20
-43.9399520503357
 30
0.0
  0
ATTRIB
  5
698
330
671
100
AcDbEntity
  8
0
100
AcDbText
 10
-229.8574591737124
 20
-43.9399520503357
 30
0.0
 40
0.5
  1
685
 41
0.8
  7
DIM_FONT
100
AcDbAttribute
280
     0
  2
XSIZE
 70
     9
280
     0
  0
ATTRIB
  5
699
330
671
100
AcDbEntity
  8
0
100
AcDbText
 10
-229.8574591737124
 20
-43.9399520503357
 30
0.0
 40
0.5
  1
672
 41
0.8
  7
DIM_FONT
100
AcDbAttribute
280
     0
  2
YSIZE
 70
     9
280
     0
  0
SEQEND
  5
69A
330
671
100
AcDbEntity
  8
1
  0
ENDBLK
  5
69E
330
66F
100
AcDbEntity
  8
0
100
AcDbBlockEnd
  0
BLOCK
  5
E78
330
E77
100
AcDbEntity
  8
0
100
AcDbBlockBegin
  2
WW
 70
     2
 10
0.0
 20
0.0
 30
0.0
  3
WW
  1

  0
ATTDEF
  5
E79
330
E77
100
AcDbEntity
  8
JJ
100
AcDbText
 10
-281.4583775989158
 20
223.0648439645301
 30
0.0
 40
0.5
  1
500
 50
270.0
 41
0.7999999999992724
 51
-180.0
  7
DIM_FONT
 71
     4
100
AcDbAttributeDefinition
280
     0
  3
XSIZE
  2
XSIZE
 70
     9
280
     0
  0
ATTDEF
  5
E7A
330
E77
100
AcDbEntity
  8
JJ
100
AcDbText
 10
-281.4583775989158
 20
223.0648439645301
 30
0.0
 40
0.5
  1
500
 50
270.0
 41
0.7999999999992724
 51
-180.0
  7
DIM_FONT
 71
     4
100
AcDbAttributeDefinition
280
     0
  3
YSIZE
  2
YSIZE
 70
     9
280
     0
  0
ATTDEF
  5
E7B
330
E77
100
AcDbEntity
  8
JJ
100
AcDbText
 10
-8.573131208322593
 20
518.5180255592568
 30
0.0
 40
0.5
  1
644
 50
270.0
 41
0.7999999999992724
 51
-180.0
  7
DIM_FONT
 71
     4
100
AcDbAttributeDefinition
280
     0
  3
XSIZE
  2
XSIZE
 70
     9
280
     0
  0
INSERT
  5
E7C
330
E77
100
AcDbEntity
  8
JJ
100
AcDbBlockReference
 66
     1
  2
11PWSH03
 10
-339.5416224010842
 20
821.0648439645302
 30
0.0
 41
23.0
 42
23.0
 43
-23.0
 50
270.0
210
0.0
220
0.0
230
-1.0
1001
_KTI_ARCHT
1070
 12000
1000
NAV_BLK
1070
 10054
1000
^ /11
1070
 10055
1000
11pwsh03
1070
 10056
1000
^ /11(11pwsh03)
1070
 10050
1000
^ /11/11pwsh03
1070
 10051
1000
^ /11/11zwsh03
  0
ATTRIB
  5
E98
330
E7C
100
AcDbEntity
  8
0
 62
     0
100
AcDbText
 10
167.0416224010842
 20
614.0648439645302
 30
0.0
 40
276.0
  1
W
 50
270.0
 51
-180.0
  7
ATT
 71
     4
 72
     4
 11
29.04162240108417
 21
476.0648439645301
 31
0.0
100
AcDbAttribute
280
     0
  2
LABEL
 70
     8
280
     0
  0
ATTRIB
  5
E99
330
E7C
100
AcDbEntity
  8
0
 62
     0
100
AcDbText
 10
868.5416224010841
 20
867.0648439645301
 30
0.0
 40
138.0
  1

 50
270.0
 51
-180.0
  7
ATT
 71
     4
100
AcDbAttribute
280
     0
  2
ROOM_NUMBER
 70
     1
280
     0
  0
SEQEND
  5
E9A
330
E7C
100
AcDbEntity
  8
JJ
  0
ENDBLK
  5
E9B
330
E77
100
AcDbEntity
  8
0
100
AcDbBlockEnd
  0
BLOCK
  5
F2
330
F1
100
AcDbEntity
  8
0
100
AcDbBlockBegin
  2
*D31
 70
     1
 10
0.0
 20
0.0
 30
0.0
  3
*D31
  1

  0
LINE
  5
F3
330
F1
100
AcDbEntity
  8
PUB_DIM
 62
     3
440
 16777216
370
    -2
100
AcDbLine
 10
-367020.4781898817
 20
-519244.0312341233
 30
0.0
 11
-365068.1451200489
 21
-519244.0312341233
 31
0.0
  0
LINE
  5
F4
330
F1
100
AcDbEntity
  8
PUB_DIM
 62
     3
440
 16777216
370
    -2
100
AcDbLine
 10
-367020.4781898308
 20
-514744.0312341238
 30
0.0
 11
-365068.1451200489
 21
-514744.0312341238
 31
0.0
  0
LINE
  5
F5
330
F1
100
AcDbEntity
  8
PUB_DIM
 62
     3
440
 16777216
370
    -2
100
AcDbLine
 10
-365443.1451200489
 20
-519394.0312341233
 30
0.0
 11
-365443.1451200489
 21
-514594.0312341238
 31
0.0
  0
INSERT
  5
F6
330
F1
100
AcDbEntity
  8
PUB_DIM
 62
     3
440
 16777216
370
    -2
100
AcDbBlockReference
  2
_ARCHTICK
 10
-365443.1451200489
 20
-519244.0312341233
 30
0.0
 41
225.0
 42
225.0
 43
225.0
 50
270.0
  0
INSERT
  5
F7
330
F1
100
AcDbEntity
  8
PUB_DIM
 62
     3
440
 16777216
370
    -2
100
AcDbBlockReference
  2
_ARCHTICK
 10
-365443.1451200489
 20
-514744.0312341238
 30
0.0
 41
225.0
 42
225.0
 43
225.0
 50
90.0
  0
MTEXT
  5
F8
330
F1
100
AcDbEntity
  8
PUB_DIM
 62
     4
440
 16777216
100
AcDbMText
 10
-365893.1451200488
 20
-516994.0312341235
 30
0.0
 40
450.0
 41
0.0
 46
0.0
 71
     5
 72
     1
  1
\A1;4500
  7
DIM_FONT
 11
0.0000000000000001
 21
1.0
 31
0.0
 73
     1
 44
1.0
  0
POINT
  5
F9
330
F1
100
AcDbEntity
  8
Defpoints
 62
     0
440
 16777216
100
AcDbPoint
 10
-367020.4781898817
 20
-519244.0312341233
 30
0.0
  0
POINT
  5
FB
330
F1
100
AcDbEntity
  8
Defpoints
 62
     0
440
 16777216
100
AcDbPoint
 10
-367020.4781898308
 20
-514744.0312341238
 30
0.0
  0
POINT
  5
FC
330
F1
100
AcDbEntity
  8
Defpoints
 62
     0
440
 16777216
100
AcDbPoint
 10
-365443.1451200489
 20
-514744.0312341238
 30
0.0
  0
ENDBLK
  5
FD
330
F1
100
AcDbEntity
  8
0
100
AcDbBlockEnd
  0
BLOCK
  5
108
330
107
100
AcDbEntity
  8
0
100
AcDbBlockBegin
  2
*D32
 70
     1
 10
0.0
 20
0.0
 30
0.0
  3
*D32
  1

  0
LINE
  5
109
330
107
100
AcDbEntity
  8
PUB_DIM
 62
     3
440
 16777216
370
    -2
100
AcDbLine
 10
-366020.4781901528
 20
-542944.1437838116
 30
0.0
 11
-364068.1451200489
 21
-542944.1437838116
 31
0.0
  0
LINE
  5
10A
330
107
100
AcDbEntity
  8
PUB_DIM
 62
     3
440
 16777216
370
    -2
100
AcDbLine
 10
-366020.4781898308
 20
-514744.0312341238
 30
0.0
 11
-364068.1451200489
 21
-514744.0312341238
 31
0.0
  0
LINE
  5
10B
330
107
100
AcDbEntity
  8
PUB_DIM
 62
     3
440
 16777216
370
    -2
100
AcDbLine
 10
-364443.1451200489
 20
-543094.1437838116
 30
0.0
 11
-364443.1451200489
 21
-514594.0312341238
 31
0.0
  0
INSERT
  5
10C
330
107
100
AcDbEntity
  8
PUB_DIM
 62
     3
440
 16777216
370
    -2
100
AcDbBlockReference
  2
_ARCHTICK
 10
-364443.1451200489
 20
-542944.1437838116
 30
0.0
 41
225.0
 42
225.0
 43
225.0
 50
270.0
  0
INSERT
  5
10D
330
107
100
AcDbEntity
  8
PUB_DIM
 62
     3
440
 16777216
370
    -2
100
AcDbBlockReference
  2
_ARCHTICK
 10
-364443.1451200489
 20
-514744.0312341238
 30
0.0
 41
225.0
 42
225.0
 43
225.0
 50
90.0
  0
MTEXT
  5
10E
330
107
100
AcDbEntity
  8
PUB_DIM
 62
     4
440
 16777216
100
AcDbMText
 10
-364893.1451200489
 20
-528844.0875089677
 30
0.0
 40
450.0
 41
0.0
 46
0.0
 71
     5
 72
     1
  1
\A1;28200
  7
DIM_FONT
 11
0.0000000000000001
 21
1.0
 31
0.0
 73
     1
 44
1.0
  0
POINT
  5
10F
330
107
100
AcDbEntity
  8
Defpoints
 62
     0
440
 16777216
100
AcDbPoint
 10
-366020.4781901528
 20
-542944.1437838116
 30
0.0
  0
POINT
  5
110
330
107
100
AcDbEntity
  8
Defpoints
 62
     0
440
 16777216
100
AcDbPoint
 10
-366020.4781898308
 20
-514744.0312341238
 30
0.0
  0
POINT
  5
111
330
107
100
AcDbEntity
  8
Defpoints
 62
     0
440
 16777216
100
AcDbPoint
 10
-364443.1451200489
 20
-514744.0312341238
 30
0.0
  0
ENDBLK
  5
112
330
107
100
AcDbEntity
  8
0
100
AcDbBlockEnd
  0
BLOCK
  5
123
330
122
100
AcDbEntity
  8
0
100
AcDbBlockBegin
  2
*D33
 70
     1
 10
0.0
 20
0.0
 30
0.0
  3
*D33
  1

  0
LINE
  5
124
330
122
100
AcDbEntity
  8
PUB_DIM
 62
     3
440
 16777216
370
    -2
100
AcDbLine
 10
-406533.3475452935
 20
-519244.0312341233
 30
0.0
 11
-408485.6806151264
 21
-519244.0312341233
 31
0.0
  0
LINE
  5
125
330
122
100
AcDbEntity
  8
PUB_DIM
 62
     3
440
 16777216
370
    -2
100
AcDbLine
 10
-406533.3475453441
 20
-514744.0312341238
 30
0.0
 11
-408485.6806151264
 21
-514744.0312341238
 31
0.0
  0
LINE
  5
126
330
122
100
AcDbEntity
  8
PUB_DIM
 62
     3
440
 16777216
370
    -2
100
AcDbLine
 10
-408110.6806151264
 20
-519394.0312341233
 30
0.0
 11
-408110.6806151264
 21
-514594.0312341238
 31
0.0
  0
INSERT
  5
127
330
122
100
AcDbEntity
  8
PUB_DIM
 62
     3
440
 16777216
370
    -2
100
AcDbBlockReference
  2
_ARCHTICK
 10
-408110.6806151264
 20
-519244.0312341233
 30
0.0
 41
225.0
 42
225.0
 43
225.0
 50
270.0
  0
INSERT
  5
128
330
122
100
AcDbEntity
  8
PUB_DIM
 62
     3
440
 16777216
370
    -2
100
AcDbBlockReference
  2
_ARCHTICK
 10
-408110.6806151264
 20
-514744.0312341238
 30
0.0
 41
225.0
 42
225.0
 43
225.0
 50
90.0
  0
MTEXT
  5
129
330
122
100
AcDbEntity
  8
PUB_DIM
 62
     4
440
 16777216
100
AcDbMText
 10
-408560.6806151264
 20
-516994.0312341235
 30
0.0
 40
450.0
 41
0.0
 46
0.0
 71
     5
 72
     1
  1
\A1;4500
  7
DIM_FONT
 11
0.0000000000000001
 21
1.0
 31
0.0
 73
     1
 44
1.0
  0
POINT
  5
12A
330
122
100
AcDbEntity
  8
Defpoints
 62
     0
440
 16777216
100
AcDbPoint
 10
-406533.3475452935
 20
-519244.0312341233
 30
0.0
  0
POINT
  5
12B
330
122
100
AcDbEntity
  8
Defpoints
 62
     0
440
 16777216
100
AcDbPoint
 10
-406533.3475453441
 20
-514744.0312341238
 30
0.0
  0
POINT
  5
12C
330
122
100
AcDbEntity
  8
Defpoints
 62
     0
440
 16777216
100
AcDbPoint
 10
-408110.6806151264
 20
-514744.0312341238
 30
0.0
  0
ENDBLK
  5
12D
330
122
100
AcDbEntity
  8
0
100
AcDbBlockEnd
  0
BLOCK
  5
198
330
197
100
AcDbEntity
  8
0
100
AcDbBlockBegin
  2
*D34
 70
     1
 10
0.0
 20
0.0
 30
0.0
  3
*D34
  1

  0
LINE
  5
199
330
197
100
AcDbEntity
  8
PUB_DIM
 62
     3
440
 16777216
370
    -2
100
AcDbLine
 10
-400596.7435683728
 20
-545273.172279781
 30
0.0
 11
-400596.7435683444
 21
-547225.505349559
 31
0.0
  0
LINE
  5
19A
330
197
100
AcDbEntity
  8
PUB_DIM
 62
     3
440
 16777216
370
    -2
100
AcDbLine
 10
-404396.7435683765
 20
-545273.1722798359
 30
0.0
 11
-404396.7435683485
 21
-547225.505349614
 31
0.0
  0
LINE
  5
19B
330
197
100
AcDbEntity
  8
PUB_DIM
 62
     3
440
 16777216
370
    -2
100
AcDbLine
 10
-400446.74356835
 20
-546850.5053495569
 30
0.0
 11
-404546.7435683538
 21
-546850.5053496161
 31
0.0
  0
INSERT
  5
19C
330
197
100
AcDbEntity
  8
PUB_DIM
 62
     3
440
 16777216
370
    -2
100
AcDbBlockReference
  2
_ARCHTICK
 10
-400596.7435683499
 20
-546850.505349559
 30
0.0
 41
225.0
 42
225.0
 43
225.0
 50
0.0000000008284573
  0
INSERT
  5
19D
330
197
100
AcDbEntity
  8
PUB_DIM
 62
     3
440
 16777216
370
    -2
100
AcDbBlockReference
  2
_ARCHTICK
 10
-404396.7435683538
 20
-546850.505349614
 30
0.0
 41
225.0
 42
225.0
 43
225.0
 50
180.0000000008284
  0
MTEXT
  5
19E
330
197
100
AcDbEntity
  8
PUB_DIM
 62
     4
440
 16777216
100
AcDbMText
 10
-402496.7435683584
 20
-546400.5053495865
 30
0.0
 40
450.0
 41
0.0
 46
0.0
 71
     5
 72
     1
  1
\A1;3800
  7
DIM_FONT
 11
1.0
 21
0.0000000000144595
 31
0.0
 73
     1
 44
1.0
  0
POINT
  5
19F
330
197
100
AcDbEntity
  8
Defpoints
 62
     0
440
 16777216
100
AcDbPoint
 10
-400596.7435683728
 20
-545273.172279781
 30
0.0
  0
POINT
  5
1A0
330
197
100
AcDbEntity
  8
Defpoints
 62
     0
440
 16777216
100
AcDbPoint
 10
-404396.7435683765
 20
-545273.1722798359
 30
0.0
  0
POINT
  5
1A1
330
197
100
AcDbEntity
  8
Defpoints
 62
     0
440
 16777216
100
AcDbPoint
 10
-404396.7435683538
 20
-546850.505349614
 30
0.0
  0
ENDBLK
  5
1A2
330
197
100
AcDbEntity
  8
0
100
AcDbBlockEnd
  0
BLOCK
  5
1A5
330
1A4
100
AcDbEntity
  8
0
100
AcDbBlockBegin
  2
*D35
 70
     1
 10
0.0
 20
0.0
 30
0.0
  3
*D35
  1

  0
LINE
  5
1A6
330
1A4
100
AcDbEntity
  8
PUB_DIM
 62
     3
440
 16777216
370
    -2
100
AcDbLine
 10
-369896.7435686415
 20
-546273.1722793216
 30
0.0
 11
-369896.7435686123
 21
-548225.5053490877
 31
0.0
  0
LINE
  5
1A7
330
1A4
100
AcDbEntity
  8
PUB_DIM
 62
     3
440
 16777216
370
    -2
100
AcDbLine
 10
-404396.7435683765
 20
-546273.1722798359
 30
0.0
 11
-404396.7435683476
 21
-548225.5053496022
 31
0.0
  0
LINE
  5
1A8
330
1A4
100
AcDbEntity
  8
PUB_DIM
 62
     3
440
 16777216
370
    -2
100
AcDbLine
 10
-369746.7435686179
 20
-547850.5053490857
 30
0.0
 11
-404546.7435683531
 21
-547850.5053496043
 31
0.0
  0
INSERT
  5
1A9
330
1A4
100
AcDbEntity
  8
PUB_DIM
 62
     3
440
 16777216
370
    -2
100
AcDbBlockReference
  2
_ARCHTICK
 10
-369896.7435686178
 20
-547850.5053490877
 30
0.0
 41
225.0
 42
225.0
 43
225.0
 50
0.0000000008541967
  0
INSERT
  5
1AA
330
1A4
100
AcDbEntity
  8
PUB_DIM
 62
     3
440
 16777216
370
    -2
100
AcDbBlockReference
  2
_ARCHTICK
 10
-404396.7435683531
 20
-547850.5053496022
 30
0.0
 41
225.0
 42
225.0
 43
225.0
 50
180.0000000008541
  0
MTEXT
  5
1AB
330
1A4
100
AcDbEntity
  8
PUB_DIM
 62
     4
440
 16777216
100
AcDbMText
 10
-387146.7435684922
 20
-547400.5053493449
 30
0.0
 40
450.0
 41
0.0
 46
0.0
 71
     5
 72
     1
  1
\A1;34500
  7
DIM_FONT
 11
1.0
 21
0.0000000000149081
 31
0.0
 73
     1
 44
1.0
  0
POINT
  5
1AC
330
1A4
100
AcDbEntity
  8
Defpoints
 62
     0
440
 16777216
100
AcDbPoint
 10
-369896.7435686415
 20
-546273.1722793216
 30
0.0
  0
POINT
  5
1AD
330
1A4
100
AcDbEntity
  8
Defpoints
 62
     0
440
 16777216
100
AcDbPoint
 10
-404396.7435683765
 20
-546273.1722798359
 30
0.0
  0
POINT
  5
1AE
330
1A4
100
AcDbEntity
  8
Defpoints
 62
     0
440
 16777216
100
AcDbPoint
 10
-404396.7435683531
 20
-547850.5053496022
 30
0.0
  0
ENDBLK
  5
1AF
330
1A4
100
AcDbEntity
  8
0
100
AcDbBlockEnd
  0
BLOCK
  5
1B5
330
1B4
100
AcDbEntity
  8
0
100
AcDbBlockBegin
  2
*D36
 70
     1
 10
0.0
 20
0.0
 30
0.0
  3
*D36
  1

  0
LINE
  5
1B6
330
1B4
100
AcDbEntity
  8
PUB_DIM
 62
     3
440
 16777216
370
    -2
100
AcDbLine
 10
-406533.3475451917
 20
-531144.0312341232
 30
0.0
 11
-408485.6806150249
 21
-531144.0312341232
 31
0.0
  0
LINE
  5
1B7
330
1B4
100
AcDbEntity
  8
PUB_DIM
 62
     3
440
 16777216
370
    -2
100
AcDbLine
 10
-406533.3475452425
 20
-529344.0312341269
 30
0.0
 11
-408485.6806150249
 21
-529344.0312341269
 31
0.0
  0
LINE
  5
1B8
330
1B4
100
AcDbEntity
  8
PUB_DIM
 62
     3
440
 16777216
370
    -2
100
AcDbLine
 10
-408110.6806150248
 20
-531294.0312341232
 30
0.0
 11
-408110.6806150248
 21
-529194.0312341269
 31
0.0
  0
INSERT
  5
1B9
330
1B4
100
AcDbEntity
  8
PUB_DIM
 62
     3
440
 16777216
370
    -2
100
AcDbBlockReference
  2
_ARCHTICK
 10
-408110.6806150248
 20
-531144.0312341232
 30
0.0
 41
225.0
 42
225.0
 43
225.0
 50
270.0
  0
INSERT
  5
1BA
330
1B4
100
AcDbEntity
  8
PUB_DIM
 62
     3
440
 16777216
370
    -2
100
AcDbBlockReference
  2
_ARCHTICK
 10
-408110.6806150248
 20
-529344.0312341269
 30
0.0
 41
225.0
 42
225.0
 43
225.0
 50
90.0
  0
MTEXT
  5
1BB
330
1B4
100
AcDbEntity
  8
PUB_DIM
 62
     4
440
 16777216
100
AcDbMText
 10
-408560.6806150248
 20
-530244.0312341253
 30
0.0
 40
450.0
 41
0.0
 46
0.0
 71
     5
 72
     1
  1
\A1;1800
  7
DIM_FONT
 11
0.0000000000000001
 21
1.0
 31
0.0
 73
     1
 44
1.0
  0
POINT
  5
1BC
330
1B4
100
AcDbEntity
  8
Defpoints
 62
     0
440
 16777216
100
AcDbPoint
 10
-406533.3475451917
 20
-531144.0312341232
 30
0.0
  0
POINT
  5
1BD
330
1B4
100
AcDbEntity
  8
Defpoints
 62
     0
440
 16777216
100
AcDbPoint
 10
-406533.3475452425
 20
-529344.0312341269
 30
0.0
  0
POINT
  5
1BE
330
1B4
100
AcDbEntity
  8
Defpoints
 62
     0
440
 16777216
100
AcDbPoint
 10
-408110.6806150248
 20
-529344.0312341269
 30
0.0
  0
ENDBLK
  5
1BF
330
1B4
100
AcDbEntity
  8
0
100
AcDbBlockEnd
  0
BLOCK
  5
1C2
330
1C1
100
AcDbEntity
  8
0
100
AcDbBlockBegin
  2
*D37
 70
     1
 10
0.0
 20
0.0
 30
0.0
  3
*D37
  1

  0
LINE
  5
1C3
330
1C1
100
AcDbEntity
  8
PUB_DIM
 62
     3
440
 16777216
370
    -2
100
AcDbLine
 10
-406533.3475451917
 20
-535844.1437838043
 30
0.0
 11
-408485.6806150249
 21
-535844.1437838043
 31
0.0
  0
LINE
  5
1C4
330
1C1
100
AcDbEntity
  8
PUB_DIM
 62
     3
440
 16777216
370
    -2
100
AcDbLine
 10
-406533.3475452471
 20
-531144.0312341232
 30
0.0
 11
-408485.6806150249
 21
-531144.0312341232
 31
0.0
  0
LINE
  5
1C5
330
1C1
100
AcDbEntity
  8
PUB_DIM
 62
     3
440
 16777216
370
    -2
100
AcDbLine
 10
-408110.6806150248
 20
-535994.1437838043
 30
0.0
 11
-408110.6806150248
 21
-530994.0312341232
 31
0.0
  0
INSERT
  5
1C6
330
1C1
100
AcDbEntity
  8
PUB_DIM
 62
     3
440
 16777216
370
    -2
100
AcDbBlockReference
  2
_ARCHTICK
 10
-408110.6806150248
 20
-535844.1437838043
 30
0.0
 41
225.0
 42
225.0
 43
225.0
 50
270.0
  0
INSERT
  5
1C7
330
1C1
100
AcDbEntity
  8
PUB_DIM
 62
     3
440
 16777216
370
    -2
100
AcDbBlockReference
  2
_ARCHTICK
 10
-408110.6806150248
 20
-531144.0312341232
 30
0.0
 41
225.0
 42
225.0
 43
225.0
 50
90.0
  0
MTEXT
  5
1C8
330
1C1
100
AcDbEntity
  8
PUB_DIM
 62
     4
440
 16777216
100
AcDbMText
 10
-408560.6806150248
 20
-533494.0875089635
 30
0.0
 40
450.0
 41
0.0
 46
0.0
 71
     5
 72
     1
  1
\A1;4700
  7
DIM_FONT
 11
0.0000000000000001
 21
1.0
 31
0.0
 73
     1
 44
1.0
  0
POINT
  5
1C9
330
1C1
100
AcDbEntity
  8
Defpoints
 62
     0
440
 16777216
100
AcDbPoint
 10
-406533.3475451917
 20
-535844.1437838043
 30
0.0
  0
POINT
  5
1CA
330
1C1
100
AcDbEntity
  8
Defpoints
 62
     0
440
 16777216
100
AcDbPoint
 10
-406533.3475452471
 20
-531144.0312341232
 30
0.0
  0
POINT
  5
1CB
330
1C1
100
AcDbEntity
  8
Defpoints
 62
     0
440
 16777216
100
AcDbPoint
 10
-408110.6806150248
 20
-531144.0312341232
 30
0.0
  0
ENDBLK
  5
1CC
330
1C1
100
AcDbEntity
  8
0
100
AcDbBlockEnd
  0
BLOCK
  5
1CF
330
1CE
100
AcDbEntity
  8
0
100
AcDbBlockBegin
  2
*D38
 70
     1
 10
0.0
 20
0.0
 30
0.0
  3
*D38
  1

  0
LINE
  5
1D0
330
1CE
100
AcDbEntity
  8
PUB_DIM
 62
     3
440
 16777216
370
    -2
100
AcDbLine
 10
-406533.3475451917
 20
-538644.1437838112
 30
0.0
 11
-408485.6806150249
 21
-538644.1437838112
 31
0.0
  0
LINE
  5
1D1
330
1CE
100
AcDbEntity
  8
PUB_DIM
 62
     3
440
 16777216
370
    -2
100
AcDbLine
 10
-406533.3475452471
 20
-535844.1437838043
 30
0.0
 11
-408485.6806150249
 21
-535844.1437838043
 31
0.0
  0
LINE
  5
1D2
330
1CE
100
AcDbEntity
  8
PUB_DIM
 62
     3
440
 16777216
370
    -2
100
AcDbLine
 10
-408110.6806150248
 20
-538794.1437838112
 30
0.0
 11
-408110.6806150248
 21
-535694.1437838043
 31
0.0
  0
INSERT
  5
1D3
330
1CE
100
AcDbEntity
  8
PUB_DIM
 62
     3
440
 16777216
370
    -2
100
AcDbBlockReference
  2
_ARCHTICK
 10
-408110.6806150248
 20
-538644.1437838112
 30
0.0
 41
225.0
 42
225.0
 43
225.0
 50
270.0
  0
INSERT
  5
1D4
330
1CE
100
AcDbEntity
  8
PUB_DIM
 62
     3
440
 16777216
370
    -2
100
AcDbBlockReference
  2
_ARCHTICK
 10
-408110.6806150248
 20
-535844.1437838043
 30
0.0
 41
225.0
 42
225.0
 43
225.0
 50
90.0
  0
MTEXT
  5
1D5
330
1CE
100
AcDbEntity
  8
PUB_DIM
 62
     4
440
 16777216
100
AcDbMText
 10
-408560.6806150248
 20
-537244.1437838078
 30
0.0
 40
450.0
 41
0.0
 46
0.0
 71
     5
 72
     1
  1
\A1;2800
  7
DIM_FONT
 11
0.0000000000000001
 21
1.0
 31
0.0
 73
     1
 44
1.0
  0
POINT
  5
1D6
330
1CE
100
AcDbEntity
  8
Defpoints
 62
     0
440
 16777216
100
AcDbPoint
 10
-406533.3475451917
 20
-538644.1437838112
 30
0.0
  0
POINT
  5
1D7
330
1CE
100
AcDbEntity
  8
Defpoints
 62
     0
440
 16777216
100
AcDbPoint
 10
-406533.3475452471
 20
-535844.1437838043
 30
0.0
  0
POINT
  5
1D8
330
1CE
100
AcDbEntity
  8
Defpoints
 62
     0
440
 16777216
100
AcDbPoint
 10
-408110.6806150248
 20
-535844.1437838043
 30
0.0
  0
ENDBLK
  5
1D9
330
1CE
100
AcDbEntity
  8
0
100
AcDbBlockEnd
  0
BLOCK
  5
1DC
330
1DB
100
AcDbEntity
  8
0
100
AcDbBlockBegin
  2
*D39
 70
     1
 10
0.0
 20
0.0
 30
0.0
  3
*D39
  1

  0
LINE
  5
1DD
330
1DB
100
AcDbEntity
  8
PUB_DIM
 62
     3
440
 16777216
370
    -2
100
AcDbLine
 10
-406533.347545137
 20
-541644.1437838185
 30
0.0
 11
-408485.68061497
 21
-541644.1437838185
 31
0.0
  0
LINE
  5
1DE
330
1DB
100
AcDbEntity
  8
PUB_DIM
 62
     3
440
 16777216
370
    -2
100
AcDbLine
 10
-406533.3475451917
 20
-538644.1437838112
 30
0.0
 11
-408485.68061497
 21
-538644.1437838112
 31
0.0
  0
LINE
  5
1DF
330
1DB
100
AcDbEntity
  8
PUB_DIM
 62
     3
440
 16777216
370
    -2
100
AcDbLine
 10
-408110.68061497
 20
-541794.1437838185
 30
0.0
 11
-408110.68061497
 21
-538494.1437838111
 31
0.0
  0
INSERT
  5
1E0
330
1DB
100
AcDbEntity
  8
PUB_DIM
 62
     3
440
 16777216
370
    -2
100
AcDbBlockReference
  2
_ARCHTICK
 10
-408110.68061497
 20
-541644.1437838185
 30
0.0
 41
225.0
 42
225.0
 43
225.0
 50
270.0
  0
INSERT
  5
1E1
330
1DB
100
AcDbEntity
  8
PUB_DIM
 62
     3
440
 16777216
370
    -2
100
AcDbBlockReference
  2
_ARCHTICK
 10
-408110.68061497
 20
-538644.1437838112
 30
0.0
 41
225.0
 42
225.0
 43
225.0
 50
90.0
  0
MTEXT
  5
1E2
330
1DB
100
AcDbEntity
  8
PUB_DIM
 62
     4
440
 16777216
100
AcDbMText
 10
-408560.6806149699
 20
-540144.143783815
 30
0.0
 40
450.0
 41
0.0
 46
0.0
 71
     5
 72
     1
  1
\A1;3000
  7
DIM_FONT
 11
0.0000000000000001
 21
1.0
 31
0.0
 73
     1
 44
1.0
  0
POINT
  5
1E3
330
1DB
100
AcDbEntity
  8
Defpoints
 62
     0
440
 16777216
100
AcDbPoint
 10
-406533.347545137
 20
-541644.1437838185
 30
0.0
  0
POINT
  5
1E4
330
1DB
100
AcDbEntity
  8
Defpoints
 62
     0
440
 16777216
100
AcDbPoint
 10
-406533.3475451917
 20
-538644.1437838112
 30
0.0
  0
POINT
  5
1E5
330
1DB
100
AcDbEntity
  8
Defpoints
 62
     0
440
 16777216
100
AcDbPoint
 10
-408110.68061497
 20
-538644.1437838112
 30
0.0
  0
ENDBLK
  5
1E6
330
1DB
100
AcDbEntity
  8
0
100
AcDbBlockEnd
  0
BLOCK
  5
1E9
330
1E8
100
AcDbEntity
  8
0
100
AcDbBlockBegin
  2
*D40
 70
     1
 10
0.0
 20
0.0
 30
0.0
  3
*D40
  1

  0
LINE
  5
1EA
330
1E8
100
AcDbEntity
  8
PUB_DIM
 62
     3
440
 16777216
370
    -2
100
AcDbLine
 10
-406533.347545137
 20
-542944.1437838116
 30
0.0
 11
-408485.68061497
 21
-542944.1437838116
 31
0.0
  0
LINE
  5
1EB
330
1E8
100
AcDbEntity
  8
PUB_DIM
 62
     3
440
 16777216
370
    -2
100
AcDbLine
 10
-406533.3475451917
 20
-541644.1437838185
 30
0.0
 11
-408485.68061497
 21
-541644.1437838185
 31
0.0
  0
LINE
  5
1EC
330
1E8
100
AcDbEntity
  8
PUB_DIM
 62
     3
440
 16777216
370
    -2
100
AcDbLine
 10
-408110.68061497
 20
-542944.1437838116
 30
0.0
 11
-408110.68061497
 21
-543169.1437838116
 31
0.0
  0
LINE
  5
1ED
330
1E8
100
AcDbEntity
  8
PUB_DIM
 62
     3
440
 16777216
370
    -2
100
AcDbLine
 10
-408110.68061497
 20
-541644.1437838185
 30
0.0
 11
-408110.68061497
 21
-541419.1437838185
 31
0.0
  0
LINE
  5
1EE
330
1E8
100
AcDbEntity
  8
PUB_DIM
 62
     3
440
 16777216
370
    -2
100
AcDbLine
 10
-408110.68061497
 20
-542944.1437838116
 30
0.0
 11
-408110.68061497
 21
-541644.1437838185
 31
0.0
  0
INSERT
  5
1EF
330
1E8
100
AcDbEntity
  8
PUB_DIM
 62
     3
440
 16777216
370
    -2
100
AcDbBlockReference
  2
_ARCHTICK
 10
-408110.68061497
 20
-542944.1437838116
 30
0.0
 41
225.0
 42
225.0
 43
225.0
 50
90.0
  0
INSERT
  5
1F0
330
1E8
100
AcDbEntity
  8
PUB_DIM
 62
     3
440
 16777216
370
    -2
100
AcDbBlockReference
  2
_ARCHTICK
 10
-408110.68061497
 20
-541644.1437838185
 30
0.0
 41
225.0
 42
225.0
 43
225.0
 50
270.0
  0
MTEXT
  5
1F1
330
1E8
100
AcDbEntity
  8
PUB_DIM
 62
     4
440
 16777216
100
AcDbMText
 10
-408560.6806149699
 20
-542294.1437838152
 30
0.0
 40
450.0
 41
0.0
 46
0.0
 71
     5
 72
     1
  1
\A1;1300
  7
DIM_FONT
 11
0.0000000000000001
 21
1.0
 31
0.0
 73
     1
 44
1.0
  0
POINT
  5
1F2
330
1E8
100
AcDbEntity
  8
Defpoints
 62
     0
440
 16777216
100
AcDbPoint
 10
-406533.347545137
 20
-542944.1437838116
 30
0.0
  0
POINT
  5
1F3
330
1E8
100
AcDbEntity
  8
Defpoints
 62
     0
440
 16777216
100
AcDbPoint
 10
-406533.3475451917
 20
-541644.1437838185
 30
0.0
  0
POINT
  5
1F4
330
1E8
100
AcDbEntity
  8
Defpoints
 62
     0
440
 16777216
100
AcDbPoint
 10
-408110.68061497
 20
-541644.1437838185
 30
0.0
  0
ENDBLK
  5
1F5
330
1E8
100
AcDbEntity
  8
0
100
AcDbBlockEnd
  0
BLOCK
  5
22D
330
22C
100
AcDbEntity
  8
0
100
AcDbBlockBegin
  2
*D41
 70
     1
 10
0.0
 20
0.0
 30
0.0
  3
*D41
  1

  0
LINE
  5
22E
330
22C
100
AcDbEntity
  8
PUB_DIM
 62
     3
440
 16777216
370
    -2
100
AcDbLine
 10
-406533.3475451917
 20
-525644.0312341191
 30
0.0
 11
-408485.6806150249
 21
-525644.0312341191
 31
0.0
  0
LINE
  5
22F
330
22C
100
AcDbEntity
  8
PUB_DIM
 62
     3
440
 16777216
370
    -2
100
AcDbLine
 10
-406533.3475452425
 20
-524044.0312341227
 30
0.0
 11
-408485.6806150249
 21
-524044.0312341227
 31
0.0
  0
LINE
  5
230
330
22C
100
AcDbEntity
  8
PUB_DIM
 62
     3
440
 16777216
370
    -2
100
AcDbLine
 10
-408110.6806150248
 20
-525794.0312341191
 30
0.0
 11
-408110.6806150248
 21
-523894.0312341227
 31
0.0
  0
INSERT
  5
231
330
22C
100
AcDbEntity
  8
PUB_DIM
 62
     3
440
 16777216
370
    -2
100
AcDbBlockReference
  2
_ARCHTICK
 10
-408110.6806150248
 20
-525644.0312341191
 30
0.0
 41
225.0
 42
225.0
 43
225.0
 50
270.0
  0
INSERT
  5
232
330
22C
100
AcDbEntity
  8
PUB_DIM
 62
     3
440
 16777216
370
    -2
100
AcDbBlockReference
  2
_ARCHTICK
 10
-408110.6806150248
 20
-524044.0312341227
 30
0.0
 41
225.0
 42
225.0
 43
225.0
 50
90.0
  0
MTEXT
  5
233
330
22C
100
AcDbEntity
  8
PUB_DIM
 62
     4
440
 16777216
100
AcDbMText
 10
-408560.6806150248
 20
-524844.0312341211
 30
0.0
 40
450.0
 41
0.0
 46
0.0
 71
     5
 72
     1
  1
\A1;1600
  7
DIM_FONT
 11
0.0000000000000001
 21
1.0
 31
0.0
 73
     1
 44
1.0
  0
POINT
  5
234
330
22C
100
AcDbEntity
  8
Defpoints
 62
     0
440
 16777216
100
AcDbPoint
 10
-406533.3475451917
 20
-525644.0312341191
 30
0.0
  0
POINT
  5
235
330
22C
100
AcDbEntity
  8
Defpoints
 62
     0
440
 16777216
100
AcDbPoint
 10
-406533.3475452425
 20
-524044.0312341227
 30
0.0
  0
POINT
  5
236
330
22C
100
AcDbEntity
  8
Defpoints
 62
     0
440
 16777216
100
AcDbPoint
 10
-408110.6806150248
 20
-524044.0312341227
 30
0.0
  0
ENDBLK
  5
237
330
22C
100
AcDbEntity
  8
0
100
AcDbBlockEnd
  0
BLOCK
  5
23D
330
23C
100
AcDbEntity
  8
0
100
AcDbBlockBegin
  2
*D42
 70
     1
 10
0.0
 20
0.0
 30
0.0
  3
*D42
  1

  0
LINE
  5
23E
330
23C
100
AcDbEntity
  8
PUB_DIM
 62
     3
440
 16777216
370
    -2
100
AcDbLine
 10
-406533.3475451917
 20
-529344.0312341269
 30
0.0
 11
-408485.6806150249
 21
-529344.0312341269
 31
0.0
  0
LINE
  5
23F
330
23C
100
AcDbEntity
  8
PUB_DIM
 62
     3
440
 16777216
370
    -2
100
AcDbLine
 10
-406533.3475452425
 20
-525644.0312341192
 30
0.0
 11
-408485.6806150249
 21
-525644.0312341192
 31
0.0
  0
LINE
  5
240
330
23C
100
AcDbEntity
  8
PUB_DIM
 62
     3
440
 16777216
370
    -2
100
AcDbLine
 10
-408110.6806150248
 20
-529494.0312341269
 30
0.0
 11
-408110.6806150248
 21
-525494.0312341192
 31
0.0
  0
INSERT
  5
241
330
23C
100
AcDbEntity
  8
PUB_DIM
 62
     3
440
 16777216
370
    -2
100
AcDbBlockReference
  2
_ARCHTICK
 10
-408110.6806150248
 20
-529344.0312341269
 30
0.0
 41
225.0
 42
225.0
 43
225.0
 50
270.0
  0
INSERT
  5
242
330
23C
100
AcDbEntity
  8
PUB_DIM
 62
     3
440
 16777216
370
    -2
100
AcDbBlockReference
  2
_ARCHTICK
 10
-408110.6806150248
 20
-525644.0312341192
 30
0.0
 41
225.0
 42
225.0
 43
225.0
 50
90.0
  0
MTEXT
  5
243
330
23C
100
AcDbEntity
  8
PUB_DIM
 62
     4
440
 16777216
100
AcDbMText
 10
-408560.6806150248
 20
-527494.0312341232
 30
0.0
 40
450.0
 41
0.0
 46
0.0
 71
     5
 72
     1
  1
\A1;3700
  7
DIM_FONT
 11
0.0000000000000001
 21
1.0
 31
0.0
 73
     1
 44
1.0
  0
POINT
  5
244
330
23C
100
AcDbEntity
  8
Defpoints
 62
     0
440
 16777216
100
AcDbPoint
 10
-406533.3475451917
 20
-529344.0312341269
 30
0.0
  0
POINT
  5
245
330
23C
100
AcDbEntity
  8
Defpoints
 62
     0
440
 16777216
100
AcDbPoint
 10
-406533.3475452425
 20
-525644.0312341192
 30
0.0
  0
POINT
  5
246
330
23C
100
AcDbEntity
  8
Defpoints
 62
     0
440
 16777216
100
AcDbPoint
 10
-408110.6806150248
 20
-525644.0312341192
 30
0.0
  0
ENDBLK
  5
247
330
23C
100
AcDbEntity
  8
0
100
AcDbBlockEnd
  0
BLOCK
  5
2A9
330
2A8
100
AcDbEntity
  8
0
100
AcDbBlockBegin
  2
*D43
 70
     1
 10
0.0
 20
0.0
 30
0.0
  3
*D43
  1

  0
LINE
  5
2AA
330
2A8
100
AcDbEntity
  8
PUB_DIM
 62
     3
440
 16777216
370
    -2
100
AcDbLine
 10
-406533.3475452425
 20
-524044.0312341227
 30
0.0
 11
-408485.6806150756
 21
-524044.0312341227
 31
0.0
  0
LINE
  5
2AB
330
2A8
100
AcDbEntity
  8
PUB_DIM
 62
     3
440
 16777216
370
    -2
100
AcDbLine
 10
-406533.3475452935
 20
-519244.0312341233
 30
0.0
 11
-408485.6806150756
 21
-519244.0312341233
 31
0.0
  0
LINE
  5
2AC
330
2A8
100
AcDbEntity
  8
PUB_DIM
 62
     3
440
 16777216
370
    -2
100
AcDbLine
 10
-408110.6806150756
 20
-524194.0312341228
 30
0.0
 11
-408110.6806150756
 21
-519094.0312341233
 31
0.0
  0
INSERT
  5
2AD
330
2A8
100
AcDbEntity
  8
PUB_DIM
 62
     3
440
 16777216
370
    -2
100
AcDbBlockReference
  2
_ARCHTICK
 10
-408110.6806150756
 20
-524044.0312341227
 30
0.0
 41
225.0
 42
225.0
 43
225.0
 50
270.0
  0
INSERT
  5
2AE
330
2A8
100
AcDbEntity
  8
PUB_DIM
 62
     3
440
 16777216
370
    -2
100
AcDbBlockReference
  2
_ARCHTICK
 10
-408110.6806150756
 20
-519244.0312341233
 30
0.0
 41
225.0
 42
225.0
 43
225.0
 50
90.0
  0
MTEXT
  5
2AF
330
2A8
100
AcDbEntity
  8
PUB_DIM
 62
     4
440
 16777216
100
AcDbMText
 10
-408560.6806150756
 20
-521644.0312341231
 30
0.0
 40
450.0
 41
0.0
 46
0.0
 71
     5
 72
     1
  1
\A1;4800
  7
DIM_FONT
 11
0.0000000000000001
 21
1.0
 31
0.0
 73
     1
 44
1.0
  0
POINT
  5
2B0
330
2A8
100
AcDbEntity
  8
Defpoints
 62
     0
440
 16777216
100
AcDbPoint
 10
-406533.3475452425
 20
-524044.0312341227
 30
0.0
  0
POINT
  5
2B1
330
2A8
100
AcDbEntity
  8
Defpoints
 62
     0
440
 16777216
100
AcDbPoint
 10
-406533.3475452935
 20
-519244.0312341233
 30
0.0
  0
POINT
  5
2B2
330
2A8
100
AcDbEntity
  8
Defpoints
 62
     0
440
 16777216
100
AcDbPoint
 10
-408110.6806150756
 20
-519244.0312341233
 30
0.0
  0
ENDBLK
  5
2B3
330
2A8
100
AcDbEntity
  8
0
100
AcDbBlockEnd
  0
BLOCK
  5
2BB
330
2BA
100
AcDbEntity
  8
0
100
AcDbBlockBegin
  2
*D44
 70
     1
 10
0.0
 20
0.0
 30
0.0
  3
*D44
  1

  0
LINE
  5
2BC
330
2BA
100
AcDbEntity
  8
PUB_DIM
 62
     3
440
 16777216
370
    -2
100
AcDbLine
 10
-385896.7435685089
 20
-545273.1722798023
 30
0.0
 11
-385896.7435685089
 21
-547225.5053496219
 31
0.0
  0
LINE
  5
2BD
330
2BA
100
AcDbEntity
  8
PUB_DIM
 62
     3
440
 16777216
370
    -2
100
AcDbLine
 10
-384696.7435686571
 20
-545273.1722796897
 30
0.0
 11
-384696.7435686571
 21
-547225.5053496219
 31
0.0
  0
LINE
  5
2BE
330
2BA
100
AcDbEntity
  8
PUB_DIM
 62
     3
440
 16777216
370
    -2
100
AcDbLine
 10
-385896.7435685089
 20
-546850.5053496219
 30
0.0
 11
-386121.743568509
 21
-546850.5053496219
 31
0.0
  0
LINE
  5
2BF
330
2BA
100
AcDbEntity
  8
PUB_DIM
 62
     3
440
 16777216
370
    -2
100
AcDbLine
 10
-384696.7435686571
 20
-546850.5053496219
 30
0.0
 11
-384471.7435686571
 21
-546850.5053496219
 31
0.0
  0
LINE
  5
2C0
330
2BA
100
AcDbEntity
  8
PUB_DIM
 62
     3
440
 16777216
370
    -2
100
AcDbLine
 10
-385896.7435685089
 20
-546850.5053496219
 30
0.0
 11
-384696.7435686571
 21
-546850.5053496219
 31
0.0
  0
INSERT
  5
2C1
330
2BA
100
AcDbEntity
  8
PUB_DIM
 62
     3
440
 16777216
370
    -2
100
AcDbBlockReference
  2
_ARCHTICK
 10
-385896.7435685089
 20
-546850.5053496219
 30
0.0
 41
225.0
 42
225.0
 43
225.0
  0
INSERT
  5
2C2
330
2BA
100
AcDbEntity
  8
PUB_DIM
 62
     3
440
 16777216
370
    -2
100
AcDbBlockReference
  2
_ARCHTICK
 10
-384696.7435686571
 20
-546850.5053496219
 30
0.0
 41
225.0
 42
225.0
 43
225.0
 50
180.0
  0
MTEXT
  5
2C3
330
2BA
100
AcDbEntity
  8
PUB_DIM
 62
     4
440
 16777216
100
AcDbMText
 10
-385296.743568583
 20
-546400.5053496219
 30
0.0
 40
450.0
 41
0.0
 46
0.0
 71
     5
 72
     1
  1
\A1;1200
  7
DIM_FONT
 73
     1
 44
1.0
  0
POINT
  5
2C4
330
2BA
100
AcDbEntity
  8
Defpoints
 62
     0
440
 16777216
100
AcDbPoint
 10
-385896.7435685089
 20
-545273.1722798023
 30
0.0
  0
POINT
  5
2C5
330
2BA
100
AcDbEntity
  8
Defpoints
 62
     0
440
 16777216
100
AcDbPoint
 10
-384696.7435686571
 20
-545273.1722796897
 30
0.0
  0
POINT
  5
2C6
330
2BA
100
AcDbEntity
  8
Defpoints
 62
     0
440
 16777216
100
AcDbPoint
 10
-384696.7435686571
 20
-546850.5053496219
 30
0.0
  0
ENDBLK
  5
2C7
330
2BA
100
AcDbEntity
  8
0
100
AcDbBlockEnd
  0
BLOCK
  5
2CC
330
2CB
100
AcDbEntity
  8
0
100
AcDbBlockBegin
  2
*D45
 70
     1
 10
0.0
 20
0.0
 30
0.0
  3
*D45
  1

  0
LINE
  5
2CD
330
2CB
100
AcDbEntity
  8
PUB_DIM
 62
     3
440
 16777216
370
    -2
100
AcDbLine
 10
-393396.743568365
 20
-545273.1722797258
 30
0.0
 11
-393396.743568548
 21
-547225.5053497235
 31
0.0
  0
LINE
  5
2CE
330
2CB
100
AcDbEntity
  8
PUB_DIM
 62
     3
440
 16777216
370
    -2
100
AcDbLine
 10
-395796.743568365
 20
-545273.172279501
 30
0.0
 11
-395796.743568548
 21
-547225.5053494986
 31
0.0
  0
LINE
  5
2CF
330
2CB
100
AcDbEntity
  8
PUB_DIM
 62
     3
440
 16777216
370
    -2
100
AcDbLine
 10
-393246.7435685129
 20
-546850.5053497374
 30
0.0
 11
-395946.7435685129
 21
-546850.5053494845
 31
0.0
  0
INSERT
  5
2D0
330
2CB
100
AcDbEntity
  8
PUB_DIM
 62
     3
440
 16777216
370
    -2
100
AcDbBlockReference
  2
_ARCHTICK
 10
-393396.7435685128
 20
-546850.5053497235
 30
0.0
 41
225.0
 42
225.0
 43
225.0
 50
359.9999999946307
  0
INSERT
  5
2D1
330
2CB
100
AcDbEntity
  8
PUB_DIM
 62
     3
440
 16777216
370
    -2
100
AcDbBlockReference
  2
_ARCHTICK
 10
-395796.7435685129
 20
-546850.5053494986
 30
0.0
 41
225.0
 42
225.0
 43
225.0
 50
179.9999999946305
  0
MTEXT
  5
2D2
330
2CB
100
AcDbEntity
  8
PUB_DIM
 62
     4
440
 16777216
100
AcDbMText
 10
-394596.7435684707
 20
-546400.505349611
 30
0.0
 40
450.0
 41
0.0
 46
0.0
 71
     5
 72
     1
  1
\A1;2400
  7
DIM_FONT
 11
1.0
 21
-0.0000000000937144
 31
0.0
 73
     1
 44
1.0
  0
POINT
  5
2D3
330
2CB
100
AcDbEntity
  8
Defpoints
 62
     0
440
 16777216
100
AcDbPoint
 10
-393396.743568365
 20
-545273.1722797258
 30
0.0
  0
POINT
  5
2D4
330
2CB
100
AcDbEntity
  8
Defpoints
 62
     0
440
 16777216
100
AcDbPoint
 10
-395796.743568365
 20
-545273.172279501
 30
0.0
  0
POINT
  5
2D5
330
2CB
100
AcDbEntity
  8
Defpoints
 62
     0
440
 16777216
100
AcDbPoint
 10
-395796.7435685129
 20
-546850.5053494986
 30
0.0
  0
ENDBLK
  5
2D6
330
2CB
100
AcDbEntity
  8
0
100
AcDbBlockEnd
  0
BLOCK
  5
2D9
330
2D8
100
AcDbEntity
  8
0
100
AcDbBlockBegin
  2
*D46
 70
     1
 10
0.0
 20
0.0
 30
0.0
  3
*D46
  1

  0
LINE
  5
2DA
330
2D8
100
AcDbEntity
  8
PUB_DIM
 62
     3
440
 16777216
370
    -2
100
AcDbLine
 10
-395796.743568369
 20
-545273.1722794714
 30
0.0
 11
-395796.7435683579
 21
-547225.505349248
 31
0.0
  0
LINE
  5
2DB
330
2D8
100
AcDbEntity
  8
PUB_DIM
 62
     3
440
 16777216
370
    -2
100
AcDbLine
 10
-400596.743568369
 20
-545273.1722794988
 30
0.0
 11
-400596.7435683579
 21
-547225.5053492753
 31
0.0
  0
LINE
  5
2DC
330
2D8
100
AcDbEntity
  8
PUB_DIM
 62
     3
440
 16777216
370
    -2
100
AcDbLine
 10
-395646.74356836
 20
-546850.5053492471
 30
0.0
 11
-400746.74356836
 21
-546850.5053492761
 31
0.0
  0
INSERT
  5
2DD
330
2D8
100
AcDbEntity
  8
PUB_DIM
 62
     3
440
 16777216
370
    -2
100
AcDbBlockReference
  2
_ARCHTICK
 10
-395796.74356836
 20
-546850.505349248
 30
0.0
 41
225.0
 42
225.0
 43
225.0
 50
0.0000000003265388
  0
INSERT
  5
2DE
330
2D8
100
AcDbEntity
  8
PUB_DIM
 62
     3
440
 16777216
370
    -2
100
AcDbBlockReference
  2
_ARCHTICK
 10
-400596.74356836
 20
-546850.5053492753
 30
0.0
 41
225.0
 42
225.0
 43
225.0
 50
180.0000000003265
  0
MTEXT
  5
2DF
330
2D8
100
AcDbEntity
  8
PUB_DIM
 62
     4
440
 16777216
100
AcDbMText
 10
-398196.7435683626
 20
-546400.5053492616
 30
0.0
 40
450.0
 41
0.0
 46
0.0
 71
     5
 72
     1
  1
\A1;4800
  7
DIM_FONT
 11
1.0
 21
0.0000000000056994
 31
0.0
 73
     1
 44
1.0
  0
POINT
  5
2E0
330
2D8
100
AcDbEntity
  8
Defpoints
 62
     0
440
 16777216
100
AcDbPoint
 10
-395796.743568369
 20
-545273.1722794714
 30
0.0
  0
POINT
  5
2E1
330
2D8
100
AcDbEntity
  8
Defpoints
 62
     0
440
 16777216
100
AcDbPoint
 10
-400596.743568369
 20
-545273.1722794988
 30
0.0
  0
POINT
  5
2E2
330
2D8
100
AcDbEntity
  8
Defpoints
 62
     0
440
 16777216
100
AcDbPoint
 10
-400596.74356836
 20
-546850.5053492753
 30
0.0
  0
ENDBLK
  5
2E3
330
2D8
100
AcDbEntity
  8
0
100
AcDbBlockEnd
  0
BLOCK
  5
2E6
330
2E5
100
AcDbEntity
  8
0
100
AcDbBlockBegin
  2
*D47
 70
     1
 10
0.0
 20
0.0
 30
0.0
  3
*D47
  1

  0
LINE
  5
2E7
330
2E5
100
AcDbEntity
  8
PUB_DIM
 62
     3
440
 16777216
370
    -2
100
AcDbLine
 10
-387096.7435683612
 20
-545273.1722796897
 30
0.0
 11
-387096.7435683553
 21
-547225.5053495818
 31
0.0
  0
LINE
  5
2E8
330
2E5
100
AcDbEntity
  8
PUB_DIM
 62
     3
440
 16777216
370
    -2
100
AcDbLine
 10
-390696.7435683572
 20
-545273.1722797005
 30
0.0
 11
-390696.7435683512
 21
-547225.5053495928
 31
0.0
  0
LINE
  5
2E9
330
2E5
100
AcDbEntity
  8
PUB_DIM
 62
     3
440
 16777216
370
    -2
100
AcDbLine
 10
-386946.7435683564
 20
-546850.5053495814
 30
0.0
 11
-390846.7435683523
 21
-546850.5053495931
 31
0.0
  0
INSERT
  5
2EA
330
2E5
100
AcDbEntity
  8
PUB_DIM
 62
     3
440
 16777216
370
    -2
100
AcDbBlockReference
  2
_ARCHTICK
 10
-387096.7435683564
 20
-546850.5053495818
 30
0.0
 41
225.0
 42
225.0
 43
225.0
 50
0.0000000001723421
  0
INSERT
  5
2EB
330
2E5
100
AcDbEntity
  8
PUB_DIM
 62
     3
440
 16777216
370
    -2
100
AcDbBlockReference
  2
_ARCHTICK
 10
-390696.7435683525
 20
-546850.5053495928
 30
0.0
 41
225.0
 42
225.0
 43
225.0
 50
180.0000000001723
  0
MTEXT
  5
2EC
330
2E5
100
AcDbEntity
  8
PUB_DIM
 62
     4
440
 16777216
100
AcDbMText
 10
-388896.7435683559
 20
-546400.5053495871
 30
0.0
 40
450.0
 41
0.0
 46
0.0
 71
     5
 72
     1
  1
\A1;3600
  7
DIM_FONT
 11
1.0
 21
0.0000000000030074
 31
0.0
 73
     1
 44
1.0
  0
POINT
  5
2ED
330
2E5
100
AcDbEntity
  8
Defpoints
 62
     0
440
 16777216
100
AcDbPoint
 10
-387096.7435683612
 20
-545273.1722796897
 30
0.0
  0
POINT
  5
2EE
330
2E5
100
AcDbEntity
  8
Defpoints
 62
     0
440
 16777216
100
AcDbPoint
 10
-390696.7435683572
 20
-545273.1722797005
 30
0.0
  0
POINT
  5
2EF
330
2E5
100
AcDbEntity
  8
Defpoints
 62
     0
440
 16777216
100
AcDbPoint
 10
-390696.7435683525
 20
-546850.5053495928
 30
0.0
  0
ENDBLK
  5
2F0
330
2E5
100
AcDbEntity
  8
0
100
AcDbBlockEnd
  0
BLOCK
  5
2F3
330
2F2
100
AcDbEntity
  8
0
100
AcDbBlockBegin
  2
*D48
 70
     1
 10
0.0
 20
0.0
 30
0.0
  3
*D48
  1

  0
LINE
  5
2F4
330
2F2
100
AcDbEntity
  8
PUB_DIM
 62
     3
440
 16777216
370
    -2
100
AcDbLine
 10
-390696.743568361
 20
-545273.1722796709
 30
0.0
 11
-390696.7435683214
 21
-547225.5053494464
 31
0.0
  0
LINE
  5
2F5
330
2F2
100
AcDbEntity
  8
PUB_DIM
 62
     3
440
 16777216
370
    -2
100
AcDbLine
 10
-393396.743568365
 20
-545273.1722797258
 30
0.0
 11
-393396.7435683253
 21
-547225.5053495015
 31
0.0
  0
LINE
  5
2F6
330
2F2
100
AcDbEntity
  8
PUB_DIM
 62
     3
440
 16777216
370
    -2
100
AcDbLine
 10
-390546.7435683289
 20
-546850.5053494432
 30
0.0
 11
-393546.7435683328
 21
-546850.5053495043
 31
0.0
  0
INSERT
  5
2F7
330
2F2
100
AcDbEntity
  8
PUB_DIM
 62
     3
440
 16777216
370
    -2
100
AcDbBlockReference
  2
_ARCHTICK
 10
-390696.7435683289
 20
-546850.5053494464
 30
0.0
 41
225.0
 42
225.0
 43
225.0
 50
0.0000000011661072
  0
INSERT
  5
2F8
330
2F2
100
AcDbEntity
  8
PUB_DIM
 62
     3
440
 16777216
370
    -2
100
AcDbBlockReference
  2
_ARCHTICK
 10
-393396.7435683328
 20
-546850.5053495015
 30
0.0
 41
225.0
 42
225.0
 43
225.0
 50
180.000000001166
  0
MTEXT
  5
2F9
330
2F2
100
AcDbEntity
  8
PUB_DIM
 62
     4
440
 16777216
100
AcDbMText
 10
-392046.7435683401
 20
-546400.5053494738
 30
0.0
 40
450.0
 41
0.0
 46
0.0
 71
     5
 72
     1
  1
\A1;2700
  7
DIM_FONT
 11
1.0
 21
0.0000000000203517
 31
0.0
 73
     1
 44
1.0
  0
POINT
  5
2FA
330
2F2
100
AcDbEntity
  8
Defpoints
 62
     0
440
 16777216
100
AcDbPoint
 10
-390696.743568361
 20
-545273.1722796709
 30
0.0
  0
POINT
  5
2FB
330
2F2
100
AcDbEntity
  8
Defpoints
 62
     0
440
 16777216
100
AcDbPoint
 10
-393396.743568365
 20
-545273.1722797258
 30
0.0
  0
POINT
  5
2FC
330
2F2
100
AcDbEntity
  8
Defpoints
 62
     0
440
 16777216
100
AcDbPoint
 10
-393396.7435683328
 20
-546850.5053495015
 30
0.0
  0
ENDBLK
  5
2FD
330
2F2
100
AcDbEntity
  8
0
100
AcDbBlockEnd
  0
BLOCK
  5
300
330
2FF
100
AcDbEntity
  8
0
100
AcDbBlockBegin
  2
*D49
 70
     1
 10
0.0
 20
0.0
 30
0.0
  3
*D49
  1

  0
LINE
  5
301
330
2FF
100
AcDbEntity
  8
PUB_DIM
 62
     3
440
 16777216
370
    -2
100
AcDbLine
 10
-385896.7435685089
 20
-545273.1722798023
 30
0.0
 11
-385896.7435686922
 21
-547225.5053497345
 31
0.0
  0
LINE
  5
302
330
2FF
100
AcDbEntity
  8
PUB_DIM
 62
     3
440
 16777216
370
    -2
100
AcDbLine
 10
-387096.7435683612
 20
-545273.1722796897
 30
0.0
 11
-387096.7435685443
 21
-547225.5053496219
 31
0.0
  0
LINE
  5
303
330
2FF
100
AcDbEntity
  8
PUB_DIM
 62
     3
440
 16777216
370
    -2
100
AcDbLine
 10
-385896.7435686569
 20
-546850.5053497345
 30
0.0
 11
-385671.7435686569
 21
-546850.5053497555
 31
0.0
  0
LINE
  5
304
330
2FF
100
AcDbEntity
  8
PUB_DIM
 62
     3
440
 16777216
370
    -2
100
AcDbLine
 10
-387096.7435685091
 20
-546850.5053496219
 30
0.0
 11
-387321.7435685091
 21
-546850.5053496008
 31
0.0
  0
LINE
  5
305
330
2FF
100
AcDbEntity
  8
PUB_DIM
 62
     3
440
 16777216
370
    -2
100
AcDbLine
 10
-385896.7435686569
 20
-546850.5053497345
 30
0.0
 11
-387096.7435685091
 21
-546850.5053496219
 31
0.0
  0
INSERT
  5
306
330
2FF
100
AcDbEntity
  8
PUB_DIM
 62
     3
440
 16777216
370
    -2
100
AcDbBlockReference
  2
_ARCHTICK
 10
-385896.7435686569
 20
-546850.5053497345
 30
0.0
 41
225.0
 42
225.0
 43
225.0
 50
179.999999994625
  0
INSERT
  5
307
330
2FF
100
AcDbEntity
  8
PUB_DIM
 62
     3
440
 16777216
370
    -2
100
AcDbBlockReference
  2
_ARCHTICK
 10
-387096.7435685091
 20
-546850.5053496219
 30
0.0
 41
225.0
 42
225.0
 43
225.0
 50
359.999999994625
  0
MTEXT
  5
308
330
2FF
100
AcDbEntity
  8
PUB_DIM
 62
     4
440
 16777216
100
AcDbMText
 10
-386496.7435685408
 20
-546400.5053496784
 30
0.0
 40
450.0
 41
0.0
 46
0.0
 71
     5
 72
     1
  1
\A1;1200
  7
DIM_FONT
 11
1.0
 21
-0.0000000000938112
 31
0.0
 73
     1
 44
1.0
  0
POINT
  5
309
330
2FF
100
AcDbEntity
  8
Defpoints
 62
     0
440
 16777216
100
AcDbPoint
 10
-385896.7435685089
 20
-545273.1722798023
 30
0.0
  0
POINT
  5
30A
330
2FF
100
AcDbEntity
  8
Defpoints
 62
     0
440
 16777216
100
AcDbPoint
 10
-387096.7435683612
 20
-545273.1722796897
 30
0.0
  0
POINT
  5
30B
330
2FF
100
AcDbEntity
  8
Defpoints
 62
     0
440
 16777216
100
AcDbPoint
 10
-387096.7435685091
 20
-546850.5053496219
 30
0.0
  0
ENDBLK
  5
30C
330
2FF
100
AcDbEntity
  8
0
100
AcDbBlockEnd
  0
BLOCK
  5
312
330
311
100
AcDbEntity
  8
0
100
AcDbBlockBegin
  2
*D50
 70
     1
 10
0.0
 20
0.0
 30
0.0
  3
*D50
  1

  0
LINE
  5
313
330
311
100
AcDbEntity
  8
PUB_DIM
 62
     3
440
 16777216
370
    -2
100
AcDbLine
 10
-378396.743568653
 20
-545273.1722797258
 30
0.0
 11
-378396.743568653
 21
-547225.5053494986
 31
0.0
  0
LINE
  5
314
330
311
100
AcDbEntity
  8
PUB_DIM
 62
     3
440
 16777216
370
    -2
100
AcDbLine
 10
-375996.743568653
 20
-545273.172279501
 30
0.0
 11
-375996.743568653
 21
-547225.5053494986
 31
0.0
  0
LINE
  5
315
330
311
100
AcDbEntity
  8
PUB_DIM
 62
     3
440
 16777216
370
    -2
100
AcDbLine
 10
-378546.743568653
 20
-546850.5053494986
 30
0.0
 11
-375846.743568653
 21
-546850.5053494986
 31
0.0
  0
INSERT
  5
316
330
311
100
AcDbEntity
  8
PUB_DIM
 62
     3
440
 16777216
370
    -2
100
AcDbBlockReference
  2
_ARCHTICK
 10
-378396.743568653
 20
-546850.5053494986
 30
0.0
 41
225.0
 42
225.0
 43
225.0
 50
180.0
  0
INSERT
  5
317
330
311
100
AcDbEntity
  8
PUB_DIM
 62
     3
440
 16777216
370
    -2
100
AcDbBlockReference
  2
_ARCHTICK
 10
-375996.743568653
 20
-546850.5053494986
 30
0.0
 41
225.0
 42
225.0
 43
225.0
  0
MTEXT
  5
318
330
311
100
AcDbEntity
  8
PUB_DIM
 62
     4
440
 16777216
100
AcDbMText
 10
-377196.743568653
 20
-546400.5053494986
 30
0.0
 40
450.0
 41
0.0
 46
0.0
 71
     5
 72
     1
  1
\A1;2400
  7
DIM_FONT
 73
     1
 44
1.0
  0
POINT
  5
319
330
311
100
AcDbEntity
  8
Defpoints
 62
     0
440
 16777216
100
AcDbPoint
 10
-378396.743568653
 20
-545273.1722797258
 30
0.0
  0
POINT
  5
31A
330
311
100
AcDbEntity
  8
Defpoints
 62
     0
440
 16777216
100
AcDbPoint
 10
-375996.743568653
 20
-545273.172279501
 30
0.0
  0
POINT
  5
31B
330
311
100
AcDbEntity
  8
Defpoints
 62
     0
440
 16777216
100
AcDbPoint
 10
-375996.743568653
 20
-546850.5053494986
 30
0.0
  0
ENDBLK
  5
31C
330
311
100
AcDbEntity
  8
0
100
AcDbBlockEnd
  0
BLOCK
  5
31F
330
31E
100
AcDbEntity
  8
0
100
AcDbBlockBegin
  2
*D51
 70
     1
 10
0.0
 20
0.0
 30
0.0
  3
*D51
  1

  0
LINE
  5
320
330
31E
100
AcDbEntity
  8
PUB_DIM
 62
     3
440
 16777216
370
    -2
100
AcDbLine
 10
-381096.7435686571
 20
-545273.1722796709
 30
0.0
 11
-381096.7435686571
 21
-547225.5053494993
 31
0.0
  0
LINE
  5
321
330
31E
100
AcDbEntity
  8
PUB_DIM
 62
     3
440
 16777216
370
    -2
100
AcDbLine
 10
-378396.743568653
 20
-545273.1722797258
 30
0.0
 11
-378396.743568653
 21
-547225.5053494993
 31
0.0
  0
LINE
  5
322
330
31E
100
AcDbEntity
  8
PUB_DIM
 62
     3
440
 16777216
370
    -2
100
AcDbLine
 10
-381246.7435686571
 20
-546850.5053494993
 30
0.0
 11
-378246.7435686529
 21
-546850.5053494993
 31
0.0
  0
INSERT
  5
323
330
31E
100
AcDbEntity
  8
PUB_DIM
 62
     3
440
 16777216
370
    -2
100
AcDbBlockReference
  2
_ARCHTICK
 10
-381096.7435686571
 20
-546850.5053494993
 30
0.0
 41
225.0
 42
225.0
 43
225.0
 50
180.0
  0
INSERT
  5
324
330
31E
100
AcDbEntity
  8
PUB_DIM
 62
     3
440
 16777216
370
    -2
100
AcDbBlockReference
  2
_ARCHTICK
 10
-378396.743568653
 20
-546850.5053494993
 30
0.0
 41
225.0
 42
225.0
 43
225.0
  0
MTEXT
  5
325
330
31E
100
AcDbEntity
  8
PUB_DIM
 62
     4
440
 16777216
100
AcDbMText
 10
-379746.7435686551
 20
-546400.5053494993
 30
0.0
 40
450.0
 41
0.0
 46
0.0
 71
     5
 72
     1
  1
\A1;2700
  7
DIM_FONT
 73
     1
 44
1.0
  0
POINT
  5
326
330
31E
100
AcDbEntity
  8
Defpoints
 62
     0
440
 16777216
100
AcDbPoint
 10
-381096.7435686571
 20
-545273.1722796709
 30
0.0
  0
POINT
  5
327
330
31E
100
AcDbEntity
  8
Defpoints
 62
     0
440
 16777216
100
AcDbPoint
 10
-378396.743568653
 20
-545273.1722797258
 30
0.0
  0
POINT
  5
328
330
31E
100
AcDbEntity
  8
Defpoints
 62
     0
440
 16777216
100
AcDbPoint
 10
-378396.743568653
 20
-546850.5053494993
 30
0.0
  0
ENDBLK
  5
329
330
31E
100
AcDbEntity
  8
0
100
AcDbBlockEnd
  0
BLOCK
  5
32C
330
32B
100
AcDbEntity
  8
0
100
AcDbBlockBegin
  2
*D52
 70
     1
 10
0.0
 20
0.0
 30
0.0
  3
*D52
  1

  0
LINE
  5
32D
330
32B
100
AcDbEntity
  8
PUB_DIM
 62
     3
440
 16777216
370
    -2
100
AcDbLine
 10
-384696.7435686571
 20
-545273.1722796897
 30
0.0
 11
-384696.7435686571
 21
-547225.5053495928
 31
0.0
  0
LINE
  5
32E
330
32B
100
AcDbEntity
  8
PUB_DIM
 62
     3
440
 16777216
370
    -2
100
AcDbLine
 10
-381096.7435686611
 20
-545273.1722797005
 30
0.0
 11
-381096.7435686611
 21
-547225.5053495928
 31
0.0
  0
LINE
  5
32F
330
32B
100
AcDbEntity
  8
PUB_DIM
 62
     3
440
 16777216
370
    -2
100
AcDbLine
 10
-384846.7435686571
 20
-546850.5053495928
 30
0.0
 11
-380946.7435686611
 21
-546850.5053495928
 31
0.0
  0
INSERT
  5
330
330
32B
100
AcDbEntity
  8
PUB_DIM
 62
     3
440
 16777216
370
    -2
100
AcDbBlockReference
  2
_ARCHTICK
 10
-384696.7435686571
 20
-546850.5053495928
 30
0.0
 41
225.0
 42
225.0
 43
225.0
 50
180.0
  0
INSERT
  5
331
330
32B
100
AcDbEntity
  8
PUB_DIM
 62
     3
440
 16777216
370
    -2
100
AcDbBlockReference
  2
_ARCHTICK
 10
-381096.7435686611
 20
-546850.5053495928
 30
0.0
 41
225.0
 42
225.0
 43
225.0
  0
MTEXT
  5
332
330
32B
100
AcDbEntity
  8
PUB_DIM
 62
     4
440
 16777216
100
AcDbMText
 10
-382896.743568659
 20
-546400.5053495927
 30
0.0
 40
450.0
 41
0.0
 46
0.0
 71
     5
 72
     1
  1
\A1;3600
  7
DIM_FONT
 73
     1
 44
1.0
  0
POINT
  5
333
330
32B
100
AcDbEntity
  8
Defpoints
 62
     0
440
 16777216
100
AcDbPoint
 10
-384696.7435686571
 20
-545273.1722796897
 30
0.0
  0
POINT
  5
334
330
32B
100
AcDbEntity
  8
Defpoints
 62
     0
440
 16777216
100
AcDbPoint
 10
-381096.7435686611
 20
-545273.1722797005
 30
0.0
  0
POINT
  5
335
330
32B
100
AcDbEntity
  8
Defpoints
 62
     0
440
 16777216
100
AcDbPoint
 10
-381096.7435686611
 20
-546850.5053495928
 30
0.0
  0
ENDBLK
  5
336
330
32B
100
AcDbEntity
  8
0
100
AcDbBlockEnd
  0
BLOCK
  5
339
330
338
100
AcDbEntity
  8
0
100
AcDbBlockBegin
  2
*D53
 70
     1
 10
0.0
 20
0.0
 30
0.0
  3
*D53
  1

  0
LINE
  5
33A
330
338
100
AcDbEntity
  8
PUB_DIM
 62
     3
440
 16777216
370
    -2
100
AcDbLine
 10
-375996.7435686491
 20
-545273.1722794714
 30
0.0
 11
-375996.7435686491
 21
-547225.5053492737
 31
0.0
  0
LINE
  5
33B
330
338
100
AcDbEntity
  8
PUB_DIM
 62
     3
440
 16777216
370
    -2
100
AcDbLine
 10
-373496.7435686492
 20
-545273.1722794988
 30
0.0
 11
-373496.7435686492
 21
-547225.5053492737
 31
0.0
  0
LINE
  5
33C
330
338
100
AcDbEntity
  8
PUB_DIM
 62
     3
440
 16777216
370
    -2
100
AcDbLine
 10
-376146.7435686491
 20
-546850.5053492738
 30
0.0
 11
-373346.7435686492
 21
-546850.5053492738
 31
0.0
  0
INSERT
  5
33D
330
338
100
AcDbEntity
  8
PUB_DIM
 62
     3
440
 16777216
370
    -2
100
AcDbBlockReference
  2
_ARCHTICK
 10
-375996.7435686491
 20
-546850.5053492738
 30
0.0
 41
225.0
 42
225.0
 43
225.0
 50
180.0
  0
INSERT
  5
33E
330
338
100
AcDbEntity
  8
PUB_DIM
 62
     3
440
 16777216
370
    -2
100
AcDbBlockReference
  2
_ARCHTICK
 10
-373496.7435686492
 20
-546850.5053492738
 30
0.0
 41
225.0
 42
225.0
 43
225.0
  0
MTEXT
  5
33F
330
338
100
AcDbEntity
  8
PUB_DIM
 62
     4
440
 16777216
100
AcDbMText
 10
-374746.7435686491
 20
-546400.5053492738
 30
0.0
 40
450.0
 41
0.0
 46
0.0
 71
     5
 72
     1
  1
\A1;2500
  7
DIM_FONT
 73
     1
 44
1.0
  0
POINT
  5
340
330
338
100
AcDbEntity
  8
Defpoints
 62
     0
440
 16777216
100
AcDbPoint
 10
-375996.7435686491
 20
-545273.1722794714
 30
0.0
  0
POINT
  5
341
330
338
100
AcDbEntity
  8
Defpoints
 62
     0
440
 16777216
100
AcDbPoint
 10
-373496.7435686492
 20
-545273.1722794988
 30
0.0
  0
POINT
  5
342
330
338
100
AcDbEntity
  8
Defpoints
 62
     0
440
 16777216
100
AcDbPoint
 10
-373496.7435686492
 20
-546850.5053492738
 30
0.0
  0
ENDBLK
  5
343
330
338
100
AcDbEntity
  8
0
100
AcDbBlockEnd
  0
BLOCK
  5
346
330
345
100
AcDbEntity
  8
0
100
AcDbBlockBegin
  2
*D54
 70
     1
 10
0.0
 20
0.0
 30
0.0
  3
*D54
  1

  0
LINE
  5
347
330
345
100
AcDbEntity
  8
PUB_DIM
 62
     3
440
 16777216
370
    -2
100
AcDbLine
 10
-373496.7435686453
 20
-545273.172279781
 30
0.0
 11
-373496.7435686453
 21
-547225.505349614
 31
0.0
  0
LINE
  5
348
330
345
100
AcDbEntity
  8
PUB_DIM
 62
     3
440
 16777216
370
    -2
100
AcDbLine
 10
-369896.7435686415
 20
-545273.1722798359
 30
0.0
 11
-369896.7435686415
 21
-547225.505349614
 31
0.0
  0
LINE
  5
349
330
345
100
AcDbEntity
  8
PUB_DIM
 62
     3
440
 16777216
370
    -2
100
AcDbLine
 10
-373646.7435686452
 20
-546850.505349614
 30
0.0
 11
-369746.7435686415
 21
-546850.505349614
 31
0.0
  0
INSERT
  5
34A
330
345
100
AcDbEntity
  8
PUB_DIM
 62
     3
440
 16777216
370
    -2
100
AcDbBlockReference
  2
_ARCHTICK
 10
-373496.7435686453
 20
-546850.505349614
 30
0.0
 41
225.0
 42
225.0
 43
225.0
 50
180.0
  0
INSERT
  5
34B
330
345
100
AcDbEntity
  8
PUB_DIM
 62
     3
440
 16777216
370
    -2
100
AcDbBlockReference
  2
_ARCHTICK
 10
-369896.7435686415
 20
-546850.505349614
 30
0.0
 41
225.0
 42
225.0
 43
225.0
  0
MTEXT
  5
34C
330
345
100
AcDbEntity
  8
PUB_DIM
 62
     4
440
 16777216
100
AcDbMText
 10
-371696.7435686433
 20
-546400.505349614
 30
0.0
 40
450.0
 41
0.0
 46
0.0
 71
     5
 72
     1
  1
\A1;3600
  7
DIM_FONT
 73
     1
 44
1.0
  0
POINT
  5
34D
330
345
100
AcDbEntity
  8
Defpoints
 62
     0
440
 16777216
100
AcDbPoint
 10
-373496.7435686453
 20
-545273.172279781
 30
0.0
  0
POINT
  5
34E
330
345
100
AcDbEntity
  8
Defpoints
 62
     0
440
 16777216
100
AcDbPoint
 10
-369896.7435686415
 20
-545273.1722798359
 30
0.0
  0
POINT
  5
34F
330
345
100
AcDbEntity
  8
Defpoints
 62
     0
440
 16777216
100
AcDbPoint
 10
-369896.7435686415
 20
-546850.505349614
 30
0.0
  0
ENDBLK
  5
350
330
345
100
AcDbEntity
  8
0
100
AcDbBlockEnd
  0
BLOCK
  5
C63
330
C62
100
AcDbEntity
  8
0
100
AcDbBlockBegin
  2
*D55
 70
     1
 10
0.0
 20
0.0
 30
0.0
  3
*D55
  1

  0
LINE
  5
C64
330
C62
100
AcDbEntity
  8
PUB_DIM
 62
     3
440
 16777216
370
    -2
100
AcDbLine
 10
-367020.4781899832
 20
-531444.0312341228
 30
0.0
 11
-365068.1451201504
 21
-531444.0312341228
 31
0.0
  0
LINE
  5
C65
330
C62
100
AcDbEntity
  8
PUB_DIM
 62
     3
440
 16777216
370
    -2
100
AcDbLine
 10
-367020.4781899327
 20
-529844.0312341266
 30
0.0
 11
-365068.1451201504
 21
-529844.0312341266
 31
0.0
  0
LINE
  5
C66
330
C62
100
AcDbEntity
  8
PUB_DIM
 62
     3
440
 16777216
370
    -2
100
AcDbLine
 10
-365443.1451201504
 20
-531594.0312341228
 30
0.0
 11
-365443.1451201504
 21
-529694.0312341265
 31
0.0
  0
INSERT
  5
C67
330
C62
100
AcDbEntity
  8
PUB_DIM
 62
     3
440
 16777216
370
    -2
100
AcDbBlockReference
  2
_ARCHTICK
 10
-365443.1451201504
 20
-531444.0312341228
 30
0.0
 41
225.0
 42
225.0
 43
225.0
 50
270.0
  0
INSERT
  5
C68
330
C62
100
AcDbEntity
  8
PUB_DIM
 62
     3
440
 16777216
370
    -2
100
AcDbBlockReference
  2
_ARCHTICK
 10
-365443.1451201504
 20
-529844.0312341266
 30
0.0
 41
225.0
 42
225.0
 43
225.0
 50
90.0
  0
MTEXT
  5
C69
330
C62
100
AcDbEntity
  8
PUB_DIM
 62
     4
440
 16777216
100
AcDbMText
 10
-365893.1451201504
 20
-530644.0312341248
 30
0.0
 40
450.0
 41
0.0
 46
0.0
 71
     5
 72
     1
  1
\A1;1600
  7
DIM_FONT
 11
0.0000000000000001
 21
1.0
 31
0.0
 73
     1
 44
1.0
  0
POINT
  5
C6A
330
C62
100
AcDbEntity
  8
Defpoints
 62
     0
440
 16777216
100
AcDbPoint
 10
-367020.4781899832
 20
-531444.0312341228
 30
0.0
  0
POINT
  5
C6B
330
C62
100
AcDbEntity
  8
Defpoints
 62
     0
440
 16777216
100
AcDbPoint
 10
-367020.4781899327
 20
-529844.0312341266
 30
0.0
  0
POINT
  5
C6C
330
C62
100
AcDbEntity
  8
Defpoints
 62
     0
440
 16777216
100
AcDbPoint
 10
-365443.1451201504
 20
-529844.0312341266
 30
0.0
  0
ENDBLK
  5
C6D
330
C62
100
AcDbEntity
  8
0
100
AcDbBlockEnd
  0
BLOCK
  5
C70
330
C6F
100
AcDbEntity
  8
0
100
AcDbBlockBegin
  2
*D56
 70
     1
 10
0.0
 20
0.0
 30
0.0
  3
*D56
  1

  0
LINE
  5
C71
330
C6F
100
AcDbEntity
  8
PUB_DIM
 62
     3
440
 16777216
370
    -2
100
AcDbLine
 10
-367020.4781899836
 20
-538644.1437838112
 30
0.0
 11
-365068.1451201504
 21
-538644.1437838112
 31
0.0
  0
LINE
  5
C72
330
C6F
100
AcDbEntity
  8
PUB_DIM
 62
     3
440
 16777216
370
    -2
100
AcDbLine
 10
-367020.4781899283
 20
-535844.1437838043
 30
0.0
 11
-365068.1451201504
 21
-535844.1437838043
 31
0.0
  0
LINE
  5
C73
330
C6F
100
AcDbEntity
  8
PUB_DIM
 62
     3
440
 16777216
370
    -2
100
AcDbLine
 10
-365443.1451201504
 20
-538794.1437838112
 30
0.0
 11
-365443.1451201504
 21
-535694.1437838043
 31
0.0
  0
INSERT
  5
C74
330
C6F
100
AcDbEntity
  8
PUB_DIM
 62
     3
440
 16777216
370
    -2
100
AcDbBlockReference
  2
_ARCHTICK
 10
-365443.1451201504
 20
-538644.1437838112
 30
0.0
 41
225.0
 42
225.0
 43
225.0
 50
270.0
  0
INSERT
  5
C75
330
C6F
100
AcDbEntity
  8
PUB_DIM
 62
     3
440
 16777216
370
    -2
100
AcDbBlockReference
  2
_ARCHTICK
 10
-365443.1451201504
 20
-535844.1437838043
 30
0.0
 41
225.0
 42
225.0
 43
225.0
 50
90.0
  0
MTEXT
  5
C76
330
C6F
100
AcDbEntity
  8
PUB_DIM
 62
     4
440
 16777216
100
AcDbMText
 10
-365893.1451201504
 20
-537244.1437838078
 30
0.0
 40
450.0
 41
0.0
 46
0.0
 71
     5
 72
     1
  1
\A1;2800
  7
DIM_FONT
 11
0.0000000000000001
 21
1.0
 31
0.0
 73
     1
 44
1.0
  0
POINT
  5
C77
330
C6F
100
AcDbEntity
  8
Defpoints
 62
     0
440
 16777216
100
AcDbPoint
 10
-367020.4781899836
 20
-538644.1437838112
 30
0.0
  0
POINT
  5
C78
330
C6F
100
AcDbEntity
  8
Defpoints
 62
     0
440
 16777216
100
AcDbPoint
 10
-367020.4781899283
 20
-535844.1437838043
 30
0.0
  0
POINT
  5
C79
330
C6F
100
AcDbEntity
  8
Defpoints
 62
     0
440
 16777216
100
AcDbPoint
 10
-365443.1451201504
 20
-535844.1437838043
 30
0.0
  0
ENDBLK
  5
C7A
330
C6F
100
AcDbEntity
  8
0
100
AcDbBlockEnd
  0
BLOCK
  5
C7D
330
C7C
100
AcDbEntity
  8
0
100
AcDbBlockBegin
  2
*D57
 70
     1
 10
0.0
 20
0.0
 30
0.0
  3
*D57
  1

  0
LINE
  5
C7E
330
C7C
100
AcDbEntity
  8
PUB_DIM
 62
     3
440
 16777216
370
    -2
100
AcDbLine
 10
-367020.4781900384
 20
-541644.1437838185
 30
0.0
 11
-365068.1451202054
 21
-541644.1437838185
 31
0.0
  0
LINE
  5
C7F
330
C7C
100
AcDbEntity
  8
PUB_DIM
 62
     3
440
 16777216
370
    -2
100
AcDbLine
 10
-367020.4781899836
 20
-538644.1437838112
 30
0.0
 11
-365068.1451202054
 21
-538644.1437838112
 31
0.0
  0
LINE
  5
C80
330
C7C
100
AcDbEntity
  8
PUB_DIM
 62
     3
440
 16777216
370
    -2
100
AcDbLine
 10
-365443.1451202054
 20
-541794.1437838185
 30
0.0
 11
-365443.1451202054
 21
-538494.1437838111
 31
0.0
  0
INSERT
  5
C81
330
C7C
100
AcDbEntity
  8
PUB_DIM
 62
     3
440
 16777216
370
    -2
100
AcDbBlockReference
  2
_ARCHTICK
 10
-365443.1451202054
 20
-541644.1437838185
 30
0.0
 41
225.0
 42
225.0
 43
225.0
 50
270.0
  0
INSERT
  5
C82
330
C7C
100
AcDbEntity
  8
PUB_DIM
 62
     3
440
 16777216
370
    -2
100
AcDbBlockReference
  2
_ARCHTICK
 10
-365443.1451202054
 20
-538644.1437838112
 30
0.0
 41
225.0
 42
225.0
 43
225.0
 50
90.0
  0
MTEXT
  5
C83
330
C7C
100
AcDbEntity
  8
PUB_DIM
 62
     4
440
 16777216
100
AcDbMText
 10
-365893.1451202053
 20
-540144.143783815
 30
0.0
 40
450.0
 41
0.0
 46
0.0
 71
     5
 72
     1
  1
\A1;3000
  7
DIM_FONT
 11
0.0000000000000001
 21
1.0
 31
0.0
 73
     1
 44
1.0
  0
POINT
  5
C84
330
C7C
100
AcDbEntity
  8
Defpoints
 62
     0
440
 16777216
100
AcDbPoint
 10
-367020.4781900384
 20
-541644.1437838185
 30
0.0
  0
POINT
  5
C85
330
C7C
100
AcDbEntity
  8
Defpoints
 62
     0
440
 16777216
100
AcDbPoint
 10
-367020.4781899836
 20
-538644.1437838112
 30
0.0
  0
POINT
  5
C86
330
C7C
100
AcDbEntity
  8
Defpoints
 62
     0
440
 16777216
100
AcDbPoint
 10
-365443.1451202054
 20
-538644.1437838112
 30
0.0
  0
ENDBLK
  5
C87
330
C7C
100
AcDbEntity
  8
0
100
AcDbBlockEnd
  0
BLOCK
  5
C8A
330
C89
100
AcDbEntity
  8
0
100
AcDbBlockBegin
  2
*D58
 70
     1
 10
0.0
 20
0.0
 30
0.0
  3
*D58
  1

  0
LINE
  5
C8B
330
C89
100
AcDbEntity
  8
PUB_DIM
 62
     3
440
 16777216
370
    -2
100
AcDbLine
 10
-367020.4781900384
 20
-542944.1437838116
 30
0.0
 11
-365068.1451202054
 21
-542944.1437838116
 31
0.0
  0
LINE
  5
C8C
330
C89
100
AcDbEntity
  8
PUB_DIM
 62
     3
440
 16777216
370
    -2
100
AcDbLine
 10
-367020.4781899836
 20
-541644.1437838185
 30
0.0
 11
-365068.1451202054
 21
-541644.1437838185
 31
0.0
  0
LINE
  5
C8D
330
C89
100
AcDbEntity
  8
PUB_DIM
 62
     3
440
 16777216
370
    -2
100
AcDbLine
 10
-365443.1451202054
 20
-542944.1437838116
 30
0.0
 11
-365443.1451202054
 21
-543169.1437838116
 31
0.0
  0
LINE
  5
C8E
330
C89
100
AcDbEntity
  8
PUB_DIM
 62
     3
440
 16777216
370
    -2
100
AcDbLine
 10
-365443.1451202054
 20
-541644.1437838185
 30
0.0
 11
-365443.1451202054
 21
-541419.1437838185
 31
0.0
  0
LINE
  5
C8F
330
C89
100
AcDbEntity
  8
PUB_DIM
 62
     3
440
 16777216
370
    -2
100
AcDbLine
 10
-365443.1451202054
 20
-542944.1437838116
 30
0.0
 11
-365443.1451202054
 21
-541644.1437838185
 31
0.0
  0
INSERT
  5
C90
330
C89
100
AcDbEntity
  8
PUB_DIM
 62
     3
440
 16777216
370
    -2
100
AcDbBlockReference
  2
_ARCHTICK
 10
-365443.1451202054
 20
-542944.1437838116
 30
0.0
 41
225.0
 42
225.0
 43
225.0
 50
90.0
  0
INSERT
  5
C91
330
C89
100
AcDbEntity
  8
PUB_DIM
 62
     3
440
 16777216
370
    -2
100
AcDbBlockReference
  2
_ARCHTICK
 10
-365443.1451202054
 20
-541644.1437838185
 30
0.0
 41
225.0
 42
225.0
 43
225.0
 50
270.0
  0
MTEXT
  5
C92
330
C89
100
AcDbEntity
  8
PUB_DIM
 62
     4
440
 16777216
100
AcDbMText
 10
-365893.1451202053
 20
-542294.1437838152
 30
0.0
 40
450.0
 41
0.0
 46
0.0
 71
     5
 72
     1
  1
\A1;1300
  7
DIM_FONT
 11
0.0000000000000001
 21
1.0
 31
0.0
 73
     1
 44
1.0
  0
POINT
  5
C93
330
C89
100
AcDbEntity
  8
Defpoints
 62
     0
440
 16777216
100
AcDbPoint
 10
-367020.4781900384
 20
-542944.1437838116
 30
0.0
  0
POINT
  5
C94
330
C89
100
AcDbEntity
  8
Defpoints
 62
     0
440
 16777216
100
AcDbPoint
 10
-367020.4781899836
 20
-541644.1437838185
 30
0.0
  0
POINT
  5
C95
330
C89
100
AcDbEntity
  8
Defpoints
 62
     0
440
 16777216
100
AcDbPoint
 10
-365443.1451202054
 20
-541644.1437838185
 30
0.0
  0
ENDBLK
  5
C96
330
C89
100
AcDbEntity
  8
0
100
AcDbBlockEnd
  0
BLOCK
  5
C99
330
C98
100
AcDbEntity
  8
0
100
AcDbBlockBegin
  2
*D59
 70
     1
 10
0.0
 20
0.0
 30
0.0
  3
*D59
  1

  0
LINE
  5
C9A
330
C98
100
AcDbEntity
  8
PUB_DIM
 62
     3
440
 16777216
370
    -2
100
AcDbLine
 10
-367020.4781899772
 20
-535344.0312341266
 30
0.0
 11
-365068.1451201504
 21
-535344.0312341266
 31
0.0
  0
LINE
  5
C9B
330
C98
100
AcDbEntity
  8
PUB_DIM
 62
     3
440
 16777216
370
    -2
100
AcDbLine
 10
-367020.4781899283
 20
-531444.0312341228
 30
0.0
 11
-365068.1451201504
 21
-531444.0312341228
 31
0.0
  0
LINE
  5
C9C
330
C98
100
AcDbEntity
  8
PUB_DIM
 62
     3
440
 16777216
370
    -2
100
AcDbLine
 10
-365443.1451201504
 20
-535494.0312341266
 30
0.0
 11
-365443.1451201504
 21
-531294.0312341228
 31
0.0
  0
INSERT
  5
C9D
330
C98
100
AcDbEntity
  8
PUB_DIM
 62
     3
440
 16777216
370
    -2
100
AcDbBlockReference
  2
_ARCHTICK
 10
-365443.1451201504
 20
-535344.0312341266
 30
0.0
 41
225.0
 42
225.0
 43
225.0
 50
270.0
  0
INSERT
  5
C9E
330
C98
100
AcDbEntity
  8
PUB_DIM
 62
     3
440
 16777216
370
    -2
100
AcDbBlockReference
  2
_ARCHTICK
 10
-365443.1451201504
 20
-531444.0312341228
 30
0.0
 41
225.0
 42
225.0
 43
225.0
 50
90.0
  0
MTEXT
  5
C9F
330
C98
100
AcDbEntity
  8
PUB_DIM
 62
     4
440
 16777216
100
AcDbMText
 10
-365893.1451201504
 20
-533394.0312341248
 30
0.0
 40
450.0
 41
0.0
 46
0.0
 71
     5
 72
     1
  1
\A1;3900
  7
DIM_FONT
 11
0.0000000000000001
 21
1.0
 31
0.0
 73
     1
 44
1.0
  0
POINT
  5
CA0
330
C98
100
AcDbEntity
  8
Defpoints
 62
     0
440
 16777216
100
AcDbPoint
 10
-367020.4781899772
 20
-535344.0312341266
 30
0.0
  0
POINT
  5
CA1
330
C98
100
AcDbEntity
  8
Defpoints
 62
     0
440
 16777216
100
AcDbPoint
 10
-367020.4781899283
 20
-531444.0312341228
 30
0.0
  0
POINT
  5
CA2
330
C98
100
AcDbEntity
  8
Defpoints
 62
     0
440
 16777216
100
AcDbPoint
 10
-365443.1451201504
 20
-531444.0312341228
 30
0.0
  0
ENDBLK
  5
CA3
330
C98
100
AcDbEntity
  8
0
100
AcDbBlockEnd
  0
BLOCK
  5
CA6
330
CA5
100
AcDbEntity
  8
0
100
AcDbBlockBegin
  2
*D60
 70
     1
 10
0.0
 20
0.0
 30
0.0
  3
*D60
  1

  0
LINE
  5
CA7
330
CA5
100
AcDbEntity
  8
PUB_DIM
 62
     3
440
 16777216
370
    -2
100
AcDbLine
 10
-367020.4781899772
 20
-535844.0312341265
 30
0.0
 11
-365068.1451201504
 21
-535844.0312341265
 31
0.0
  0
LINE
  5
CA8
330
CA5
100
AcDbEntity
  8
PUB_DIM
 62
     3
440
 16777216
370
    -2
100
AcDbLine
 10
-367020.4781899709
 20
-535344.0312341268
 30
0.0
 11
-365068.1451201504
 21
-535344.0312341268
 31
0.0
  0
LINE
  5
CA9
330
CA5
100
AcDbEntity
  8
PUB_DIM
 62
     3
440
 16777216
370
    -2
100
AcDbLine
 10
-365443.1451201504
 20
-535994.0312341265
 30
0.0
 11
-365443.1451201504
 21
-535194.0312341268
 31
0.0
  0
MTEXT
  5
CAA
330
CA5
100
AcDbEntity
  8
PUB_DIM
 62
     4
440
 16777216
100
AcDbMText
 10
-366550.3587445577
 20
-535594.0312341266
 30
0.0
 40
450.0
 41
0.0
 46
0.0
 71
     5
 72
     1
  1
\A1;500
  7
DIM_FONT
 11
0.0000000000000001
 21
1.0
 31
0.0
 73
     1
 44
1.0
  0
INSERT
  5
CAB
330
CA5
100
AcDbEntity
  8
PUB_DIM
 62
     3
440
 16777216
370
    -2
100
AcDbBlockReference
  2
_ARCHTICK
 10
-365443.1451201504
 20
-535844.0312341265
 30
0.0
 41
225.0
 42
225.0
 43
225.0
 50
270.0
  0
INSERT
  5
CAC
330
CA5
100
AcDbEntity
  8
PUB_DIM
 62
     3
440
 16777216
370
    -2
100
AcDbBlockReference
  2
_ARCHTICK
 10
-365443.1451201504
 20
-535344.0312341268
 30
0.0
 41
225.0
 42
225.0
 43
225.0
 50
90.0
  0
POINT
  5
CAD
330
CA5
100
AcDbEntity
  8
Defpoints
 62
     0
440
 16777216
100
AcDbPoint
 10
-367020.4781899772
 20
-535844.0312341265
 30
0.0
  0
POINT
  5
CAE
330
CA5
100
AcDbEntity
  8
Defpoints
 62
     0
440
 16777216
100
AcDbPoint
 10
-367020.4781899709
 20
-535344.0312341268
 30
0.0
  0
POINT
  5
CAF
330
CA5
100
AcDbEntity
  8
Defpoints
 62
     0
440
 16777216
100
AcDbPoint
 10
-365443.1451201504
 20
-535344.0312341268
 30
0.0
  0
ENDBLK
  5
CB0
330
CA5
100
AcDbEntity
  8
0
100
AcDbBlockEnd
  0
BLOCK
  5
CB3
330
CB2
100
AcDbEntity
  8
0
100
AcDbBlockBegin
  2
*D61
 70
     1
 10
0.0
 20
0.0
 30
0.0
  3
*D61
  1

  0
LINE
  5
CB4
330
CB2
100
AcDbEntity
  8
PUB_DIM
 62
     3
440
 16777216
370
    -2
100
AcDbLine
 10
-367020.4781899832
 20
-525644.0312341265
 30
0.0
 11
-365068.1451201504
 21
-525644.0312341265
 31
0.0
  0
LINE
  5
CB5
330
CB2
100
AcDbEntity
  8
PUB_DIM
 62
     3
440
 16777216
370
    -2
100
AcDbLine
 10
-367020.4781899327
 20
-524044.0312341192
 30
0.0
 11
-365068.1451201504
 21
-524044.0312341192
 31
0.0
  0
LINE
  5
CB6
330
CB2
100
AcDbEntity
  8
PUB_DIM
 62
     3
440
 16777216
370
    -2
100
AcDbLine
 10
-365443.1451201504
 20
-525794.0312341265
 30
0.0
 11
-365443.1451201504
 21
-523894.0312341192
 31
0.0
  0
INSERT
  5
CB7
330
CB2
100
AcDbEntity
  8
PUB_DIM
 62
     3
440
 16777216
370
    -2
100
AcDbBlockReference
  2
_ARCHTICK
 10
-365443.1451201504
 20
-525644.0312341265
 30
0.0
 41
225.0
 42
225.0
 43
225.0
 50
270.0
  0
INSERT
  5
CB8
330
CB2
100
AcDbEntity
  8
PUB_DIM
 62
     3
440
 16777216
370
    -2
100
AcDbBlockReference
  2
_ARCHTICK
 10
-365443.1451201504
 20
-524044.0312341192
 30
0.0
 41
225.0
 42
225.0
 43
225.0
 50
90.0
  0
MTEXT
  5
CB9
330
CB2
100
AcDbEntity
  8
PUB_DIM
 62
     4
440
 16777216
100
AcDbMText
 10
-365893.1451201504
 20
-524844.0312341229
 30
0.0
 40
450.0
 41
0.0
 46
0.0
 71
     5
 72
     1
  1
\A1;1600
  7
DIM_FONT
 11
0.0000000000000001
 21
1.0
 31
0.0
 73
     1
 44
1.0
  0
POINT
  5
CBA
330
CB2
100
AcDbEntity
  8
Defpoints
 62
     0
440
 16777216
100
AcDbPoint
 10
-367020.4781899832
 20
-525644.0312341265
 30
0.0
  0
POINT
  5
CBB
330
CB2
100
AcDbEntity
  8
Defpoints
 62
     0
440
 16777216
100
AcDbPoint
 10
-367020.4781899327
 20
-524044.0312341192
 30
0.0
  0
POINT
  5
CBC
330
CB2
100
AcDbEntity
  8
Defpoints
 62
     0
440
 16777216
100
AcDbPoint
 10
-365443.1451201504
 20
-524044.0312341192
 30
0.0
  0
ENDBLK
  5
CBD
330
CB2
100
AcDbEntity
  8
0
100
AcDbBlockEnd
  0
BLOCK
  5
CC0
330
CBF
100
AcDbEntity
  8
0
100
AcDbBlockBegin
  2
*D62
 70
     1
 10
0.0
 20
0.0
 30
0.0
  3
*D62
  1

  0
LINE
  5
CC1
330
CBF
100
AcDbEntity
  8
PUB_DIM
 62
     3
440
 16777216
370
    -2
100
AcDbLine
 10
-367020.4781899832
 20
-529844.0312341266
 30
0.0
 11
-365068.1451201504
 21
-529844.0312341266
 31
0.0
  0
LINE
  5
CC2
330
CBF
100
AcDbEntity
  8
PUB_DIM
 62
     3
440
 16777216
370
    -2
100
AcDbLine
 10
-367020.4781899327
 20
-525644.0312341192
 30
0.0
 11
-365068.1451201504
 21
-525644.0312341192
 31
0.0
  0
LINE
  5
CC3
330
CBF
100
AcDbEntity
  8
PUB_DIM
 62
     3
440
 16777216
370
    -2
100
AcDbLine
 10
-365443.1451201504
 20
-529994.0312341266
 30
0.0
 11
-365443.1451201504
 21
-525494.0312341192
 31
0.0
  0
INSERT
  5
CC4
330
CBF
100
AcDbEntity
  8
PUB_DIM
 62
     3
440
 16777216
370
    -2
100
AcDbBlockReference
  2
_ARCHTICK
 10
-365443.1451201504
 20
-529844.0312341266
 30
0.0
 41
225.0
 42
225.0
 43
225.0
 50
270.0
  0
INSERT
  5
CC5
330
CBF
100
AcDbEntity
  8
PUB_DIM
 62
     3
440
 16777216
370
    -2
100
AcDbBlockReference
  2
_ARCHTICK
 10
-365443.1451201504
 20
-525644.0312341192
 30
0.0
 41
225.0
 42
225.0
 43
225.0
 50
90.0
  0
MTEXT
  5
CC6
330
CBF
100
AcDbEntity
  8
PUB_DIM
 62
     4
440
 16777216
100
AcDbMText
 10
-365893.1451201504
 20
-527744.031234123
 30
0.0
 40
450.0
 41
0.0
 46
0.0
 71
     5
 72
     1
  1
\A1;4200
  7
DIM_FONT
 11
0.0000000000000001
 21
1.0
 31
0.0
 73
     1
 44
1.0
  0
POINT
  5
CC7
330
CBF
100
AcDbEntity
  8
Defpoints
 62
     0
440
 16777216
100
AcDbPoint
 10
-367020.4781899832
 20
-529844.0312341266
 30
0.0
  0
POINT
  5
CC8
330
CBF
100
AcDbEntity
  8
Defpoints
 62
     0
440
 16777216
100
AcDbPoint
 10
-367020.4781899327
 20
-525644.0312341192
 30
0.0
  0
POINT
  5
CC9
330
CBF
100
AcDbEntity
  8
Defpoints
 62
     0
440
 16777216
100
AcDbPoint
 10
-365443.1451201504
 20
-525644.0312341192
 30
0.0
  0
ENDBLK
  5
CCA
330
CBF
100
AcDbEntity
  8
0
100
AcDbBlockEnd
  0
BLOCK
  5
CCD
330
CCC
100
AcDbEntity
  8
0
100
AcDbBlockBegin
  2
*D63
 70
     1
 10
0.0
 20
0.0
 30
0.0
  3
*D63
  1

  0
LINE
  5
CCE
330
CCC
100
AcDbEntity
  8
PUB_DIM
 62
     3
440
 16777216
370
    -2
100
AcDbLine
 10
-367020.4781899832
 20
-524044.0312341266
 30
0.0
 11
-365068.1451201504
 21
-524044.0312341266
 31
0.0
  0
LINE
  5
CCF
330
CCC
100
AcDbEntity
  8
PUB_DIM
 62
     3
440
 16777216
370
    -2
100
AcDbLine
 10
-367020.4781898313
 20
-519244.0312341233
 30
0.0
 11
-365068.1451201504
 21
-519244.0312341233
 31
0.0
  0
LINE
  5
CD0
330
CCC
100
AcDbEntity
  8
PUB_DIM
 62
     3
440
 16777216
370
    -2
100
AcDbLine
 10
-365443.1451201504
 20
-524194.0312341266
 30
0.0
 11
-365443.1451201504
 21
-519094.0312341233
 31
0.0
  0
INSERT
  5
CD1
330
CCC
100
AcDbEntity
  8
PUB_DIM
 62
     3
440
 16777216
370
    -2
100
AcDbBlockReference
  2
_ARCHTICK
 10
-365443.1451201504
 20
-524044.0312341266
 30
0.0
 41
225.0
 42
225.0
 43
225.0
 50
270.0
  0
INSERT
  5
CD2
330
CCC
100
AcDbEntity
  8
PUB_DIM
 62
     3
440
 16777216
370
    -2
100
AcDbBlockReference
  2
_ARCHTICK
 10
-365443.1451201504
 20
-519244.0312341233
 30
0.0
 41
225.0
 42
225.0
 43
225.0
 50
90.0
  0
MTEXT
  5
CD3
330
CCC
100
AcDbEntity
  8
PUB_DIM
 62
     4
440
 16777216
100
AcDbMText
 10
-365893.1451201504
 20
-521644.0312341251
 30
0.0
 40
450.0
 41
0.0
 46
0.0
 71
     5
 72
     1
  1
\A1;4800
  7
DIM_FONT
 11
0.0000000000000001
 21
1.0
 31
0.0
 73
     1
 44
1.0
  0
POINT
  5
CD4
330
CCC
100
AcDbEntity
  8
Defpoints
 62
     0
440
 16777216
100
AcDbPoint
 10
-367020.4781899832
 20
-524044.0312341266
 30
0.0
  0
POINT
  5
CD5
330
CCC
100
AcDbEntity
  8
Defpoints
 62
     0
440
 16777216
100
AcDbPoint
 10
-367020.4781898313
 20
-519244.0312341233
 30
0.0
  0
POINT
  5
CD6
330
CCC
100
AcDbEntity
  8
Defpoints
 62
     0
440
 16777216
100
AcDbPoint
 10
-365443.1451201504
 20
-519244.0312341233
 30
0.0
  0
ENDBLK
  5
CD7
330
CCC
100
AcDbEntity
  8
0
100
AcDbBlockEnd
  0
BLOCK
  5
CDA
330
CD9
100
AcDbEntity
  8
0
100
AcDbBlockBegin
  2
*D64
 70
     1
 10
0.0
 20
0.0
 30
0.0
  3
*D64
  1

  0
LINE
  5
CDB
330
CD9
100
AcDbEntity
  8
PUB_DIM
 62
     3
440
 16777216
370
    -2
100
AcDbLine
 10
-401696.3372193218
 20
-513100.666143406
 30
0.0
 11
-401696.3372192821
 21
-511148.3330736281
 31
0.0
  0
LINE
  5
CDC
330
CD9
100
AcDbEntity
  8
PUB_DIM
 62
     3
440
 16777216
370
    -2
100
AcDbLine
 10
-404396.3372193577
 20
-513100.6661433511
 30
0.0
 11
-404396.337219318
 21
-511148.3330735732
 31
0.0
  0
LINE
  5
CDD
330
CD9
100
AcDbEntity
  8
PUB_DIM
 62
     3
440
 16777216
370
    -2
100
AcDbLine
 10
-401546.33721929
 20
-511523.3330736312
 30
0.0
 11
-404546.3372193256
 21
-511523.3330735701
 31
0.0
  0
INSERT
  5
CDE
330
CD9
100
AcDbEntity
  8
PUB_DIM
 62
     3
440
 16777216
370
    -2
100
AcDbBlockReference
  2
_ARCHTICK
 10
-401696.33721929
 20
-511523.3330736281
 30
0.0
 41
225.0
 42
225.0
 43
225.0
 50
359.9999999988339
  0
INSERT
  5
CDF
330
CD9
100
AcDbEntity
  8
PUB_DIM
 62
     3
440
 16777216
370
    -2
100
AcDbBlockReference
  2
_ARCHTICK
 10
-404396.3372193256
 20
-511523.3330735732
 30
0.0
 41
225.0
 42
225.0
 43
225.0
 50
179.9999999988339
  0
MTEXT
  5
CE0
330
CD9
100
AcDbEntity
  8
PUB_DIM
 62
     4
440
 16777216
100
AcDbMText
 10
-403046.3372192985
 20
-511073.3330736007
 30
0.0
 40
450.0
 41
0.0
 46
0.0
 71
     5
 72
     1
  1
\A1;2700
  7
DIM_FONT
 11
1.0
 21
-0.0000000000203517
 31
0.0
 73
     1
 44
1.0
  0
POINT
  5
CE1
330
CD9
100
AcDbEntity
  8
Defpoints
 62
     0
440
 16777216
100
AcDbPoint
 10
-401696.3372193218
 20
-513100.666143406
 30
0.0
  0
POINT
  5
CE2
330
CD9
100
AcDbEntity
  8
Defpoints
 62
     0
440
 16777216
100
AcDbPoint
 10
-404396.3372193577
 20
-513100.6661433511
 30
0.0
  0
POINT
  5
CE3
330
CD9
100
AcDbEntity
  8
Defpoints
 62
     0
440
 16777216
100
AcDbPoint
 10
-404396.3372193256
 20
-511523.3330735732
 30
0.0
  0
ENDBLK
  5
CE4
330
CD9
100
AcDbEntity
  8
0
100
AcDbBlockEnd
  0
BLOCK
  5
CE7
330
CE6
100
AcDbEntity
  8
0
100
AcDbBlockBegin
  2
*D65
 70
     1
 10
0.0
 20
0.0
 30
0.0
  3
*D65
  1

  0
LINE
  5
CE8
330
CE6
100
AcDbEntity
  8
PUB_DIM
 62
     3
440
 16777216
370
    -2
100
AcDbLine
 10
-369896.7435686415
 20
-512100.6661439791
 30
0.0
 11
-369896.7435686058
 21
-510148.3330742044
 31
0.0
  0
LINE
  5
CE9
330
CE6
100
AcDbEntity
  8
PUB_DIM
 62
     3
440
 16777216
370
    -2
100
AcDbLine
 10
-404396.3372193577
 20
-512100.6661433511
 30
0.0
 11
-404396.337219322
 21
-510148.3330735764
 31
0.0
  0
LINE
  5
CEA
330
CE6
100
AcDbEntity
  8
PUB_DIM
 62
     3
440
 16777216
370
    -2
100
AcDbLine
 10
-369746.7435686127
 20
-510523.3330742072
 30
0.0
 11
-404546.337219329
 21
-510523.3330735739
 31
0.0
  0
INSERT
  5
CEB
330
CE6
100
AcDbEntity
  8
PUB_DIM
 62
     3
440
 16777216
370
    -2
100
AcDbBlockReference
  2
_ARCHTICK
 10
-369896.7435686127
 20
-510523.3330742043
 30
0.0
 41
225.0
 42
225.0
 43
225.0
 50
359.9999999989573
  0
INSERT
  5
CEC
330
CE6
100
AcDbEntity
  8
PUB_DIM
 62
     3
440
 16777216
370
    -2
100
AcDbBlockReference
  2
_ARCHTICK
 10
-404396.337219329
 20
-510523.3330735765
 30
0.0
 41
225.0
 42
225.0
 43
225.0
 50
179.9999999989573
  0
MTEXT
  5
CED
330
CE6
100
AcDbEntity
  8
PUB_DIM
 62
     4
440
 16777216
100
AcDbMText
 10
-387146.5403939628
 20
-510073.3330738904
 30
0.0
 40
450.0
 41
0.0
 46
0.0
 71
     5
 72
     1
  1
\A1;34500
  7
DIM_FONT
 11
1.0
 21
-0.0000000000181988
 31
0.0
 73
     1
 44
1.0
  0
POINT
  5
CEE
330
CE6
100
AcDbEntity
  8
Defpoints
 62
     0
440
 16777216
100
AcDbPoint
 10
-369896.7435686415
 20
-512100.6661439791
 30
0.0
  0
POINT
  5
CEF
330
CE6
100
AcDbEntity
  8
Defpoints
 62
     0
440
 16777216
100
AcDbPoint
 10
-404396.3372193577
 20
-512100.6661433511
 30
0.0
  0
POINT
  5
CF0
330
CE6
100
AcDbEntity
  8
Defpoints
 62
     0
440
 16777216
100
AcDbPoint
 10
-404396.337219329
 20
-510523.3330735765
 30
0.0
  0
ENDBLK
  5
CF1
330
CE6
100
AcDbEntity
  8
0
100
AcDbBlockEnd
  0
BLOCK
  5
CFE
330
CFD
100
AcDbEntity
  8
0
100
AcDbBlockBegin
  2
*D66
 70
     1
 10
0.0
 20
0.0
 30
0.0
  3
*D66
  1

  0
LINE
  5
CFF
330
CFD
100
AcDbEntity
  8
PUB_DIM
 62
     3
440
 16777216
370
    -2
100
AcDbLine
 10
-384696.7435683611
 20
-513100.6661435852
 30
0.0
 11
-384696.743568544
 21
-511148.3330736345
 31
0.0
  0
LINE
  5
D00
330
CFD
100
AcDbEntity
  8
PUB_DIM
 62
     3
440
 16777216
370
    -2
100
AcDbLine
 10
-387096.7435683612
 20
-513100.6661438101
 30
0.0
 11
-387096.7435685442
 21
-511148.3330738595
 31
0.0
  0
LINE
  5
D01
330
CFD
100
AcDbEntity
  8
PUB_DIM
 62
     3
440
 16777216
370
    -2
100
AcDbLine
 10
-384546.7435685089
 20
-511523.3330736205
 30
0.0
 11
-387246.743568509
 21
-511523.3330738735
 31
0.0
  0
INSERT
  5
D02
330
CFD
100
AcDbEntity
  8
PUB_DIM
 62
     3
440
 16777216
370
    -2
100
AcDbBlockReference
  2
_ARCHTICK
 10
-384696.7435685089
 20
-511523.3330736345
 30
0.0
 41
225.0
 42
225.0
 43
225.0
 50
0.0000000053694649
  0
INSERT
  5
D03
330
CFD
100
AcDbEntity
  8
PUB_DIM
 62
     3
440
 16777216
370
    -2
100
AcDbBlockReference
  2
_ARCHTICK
 10
-387096.743568509
 20
-511523.3330738594
 30
0.0
 41
225.0
 42
225.0
 43
225.0
 50
180.0000000053694
  0
MTEXT
  5
D04
330
CFD
100
AcDbEntity
  8
PUB_DIM
 62
     4
440
 16777216
100
AcDbMText
 10
-385896.7435685512
 20
-511073.333073747
 30
0.0
 40
450.0
 41
0.0
 46
0.0
 71
     5
 72
     1
  1
\A1;2400
  7
DIM_FONT
 11
1.0
 21
0.0000000000937144
 31
0.0
 73
     1
 44
1.0
  0
POINT
  5
D05
330
CFD
100
AcDbEntity
  8
Defpoints
 62
     0
440
 16777216
100
AcDbPoint
 10
-384696.7435683611
 20
-513100.6661435852
 30
0.0
  0
POINT
  5
D06
330
CFD
100
AcDbEntity
  8
Defpoints
 62
     0
440
 16777216
100
AcDbPoint
 10
-387096.7435683612
 20
-513100.6661438101
 30
0.0
  0
POINT
  5
D07
330
CFD
100
AcDbEntity
  8
Defpoints
 62
     0
440
 16777216
100
AcDbPoint
 10
-387096.743568509
 20
-511523.3330738594
 30
0.0
  0
ENDBLK
  5
D08
330
CFD
100
AcDbEntity
  8
0
100
AcDbBlockEnd
  0
BLOCK
  5
D0B
330
D0A
100
AcDbEntity
  8
0
100
AcDbBlockBegin
  2
*D67
 70
     1
 10
0.0
 20
0.0
 30
0.0
  3
*D67
  1

  0
LINE
  5
D0C
330
D0A
100
AcDbEntity
  8
PUB_DIM
 62
     3
440
 16777216
370
    -2
100
AcDbLine
 10
-387096.7435683612
 20
-513100.6661438101
 30
0.0
 11
-387096.7435683555
 21
-511148.333073919
 31
0.0
  0
LINE
  5
D0D
330
D0A
100
AcDbEntity
  8
PUB_DIM
 62
     3
440
 16777216
370
    -2
100
AcDbLine
 10
-390696.7435683572
 20
-513100.6661437996
 30
0.0
 11
-390696.7435683514
 21
-511148.3330739084
 31
0.0
  0
LINE
  5
D0E
330
D0A
100
AcDbEntity
  8
PUB_DIM
 62
     3
440
 16777216
370
    -2
100
AcDbLine
 10
-386946.7435683566
 20
-511523.3330739195
 30
0.0
 11
-390846.7435683525
 21
-511523.333073908
 31
0.0
  0
INSERT
  5
D0F
330
D0A
100
AcDbEntity
  8
PUB_DIM
 62
     3
440
 16777216
370
    -2
100
AcDbBlockReference
  2
_ARCHTICK
 10
-387096.7435683566
 20
-511523.333073919
 30
0.0
 41
225.0
 42
225.0
 43
225.0
 50
359.9999999998314
  0
INSERT
  5
D10
330
D0A
100
AcDbEntity
  8
PUB_DIM
 62
     3
440
 16777216
370
    -2
100
AcDbBlockReference
  2
_ARCHTICK
 10
-390696.7435683525
 20
-511523.3330739084
 30
0.0
 41
225.0
 42
225.0
 43
225.0
 50
179.9999999998314
  0
MTEXT
  5
D11
330
D0A
100
AcDbEntity
  8
PUB_DIM
 62
     4
440
 16777216
100
AcDbMText
 10
-388896.7435683532
 20
-511073.3330739138
 30
0.0
 40
450.0
 41
0.0
 46
0.0
 71
     5
 72
     1
  1
\A1;3600
  7
DIM_FONT
 11
1.0
 21
-0.0000000000029425
 31
0.0
 73
     1
 44
1.0
  0
POINT
  5
D12
330
D0A
100
AcDbEntity
  8
Defpoints
 62
     0
440
 16777216
100
AcDbPoint
 10
-387096.7435683612
 20
-513100.6661438101
 30
0.0
  0
POINT
  5
D13
330
D0A
100
AcDbEntity
  8
Defpoints
 62
     0
440
 16777216
100
AcDbPoint
 10
-390696.7435683572
 20
-513100.6661437996
 30
0.0
  0
POINT
  5
D14
330
D0A
100
AcDbEntity
  8
Defpoints
 62
     0
440
 16777216
100
AcDbPoint
 10
-390696.7435683525
 20
-511523.3330739084
 30
0.0
  0
ENDBLK
  5
D15
330
D0A
100
AcDbEntity
  8
0
100
AcDbBlockEnd
  0
BLOCK
  5
D18
330
D17
100
AcDbEntity
  8
0
100
AcDbBlockBegin
  2
*D68
 70
     1
 10
0.0
 20
0.0
 30
0.0
  3
*D68
  1

  0
LINE
  5
D19
330
D17
100
AcDbEntity
  8
PUB_DIM
 62
     3
440
 16777216
370
    -2
100
AcDbLine
 10
-390696.743568361
 20
-513100.6661438291
 30
0.0
 11
-390696.7435683295
 21
-511148.333074059
 31
0.0
  0
LINE
  5
D1A
330
D17
100
AcDbEntity
  8
PUB_DIM
 62
     3
440
 16777216
370
    -2
100
AcDbLine
 10
-394096.743568365
 20
-513100.6661437741
 30
0.0
 11
-394096.7435683333
 21
-511148.3330740038
 31
0.0
  0
LINE
  5
D1B
330
D17
100
AcDbEntity
  8
PUB_DIM
 62
     3
440
 16777216
370
    -2
100
AcDbLine
 10
-390546.7435683356
 20
-511523.3330740613
 30
0.0
 11
-394246.7435683394
 21
-511523.3330740014
 31
0.0
  0
INSERT
  5
D1C
330
D17
100
AcDbEntity
  8
PUB_DIM
 62
     3
440
 16777216
370
    -2
100
AcDbBlockReference
  2
_ARCHTICK
 10
-390696.7435683356
 20
-511523.333074059
 30
0.0
 41
225.0
 42
225.0
 43
225.0
 50
359.9999999990721
  0
INSERT
  5
D1D
330
D17
100
AcDbEntity
  8
PUB_DIM
 62
     3
440
 16777216
370
    -2
100
AcDbBlockReference
  2
_ARCHTICK
 10
-394096.7435683394
 20
-511523.3330740038
 30
0.0
 41
225.0
 42
225.0
 43
225.0
 50
179.9999999990721
  0
MTEXT
  5
D1E
330
D17
100
AcDbEntity
  8
PUB_DIM
 62
     4
440
 16777216
100
AcDbMText
 10
-392396.7435683303
 20
-511073.3330740313
 30
0.0
 40
450.0
 41
0.0
 46
0.0
 71
     5
 72
     1
  1
\A1;3400
  7
DIM_FONT
 11
1.0
 21
-0.000000000016195
 31
0.0
 73
     1
 44
1.0
  0
POINT
  5
D1F
330
D17
100
AcDbEntity
  8
Defpoints
 62
     0
440
 16777216
100
AcDbPoint
 10
-390696.743568361
 20
-513100.6661438291
 30
0.0
  0
POINT
  5
D20
330
D17
100
AcDbEntity
  8
Defpoints
 62
     0
440
 16777216
100
AcDbPoint
 10
-394096.743568365
 20
-513100.6661437741
 30
0.0
  0
POINT
  5
D21
330
D17
100
AcDbEntity
  8
Defpoints
 62
     0
440
 16777216
100
AcDbPoint
 10
-394096.7435683394
 20
-511523.3330740038
 30
0.0
  0
ENDBLK
  5
D22
330
D17
100
AcDbEntity
  8
0
100
AcDbBlockEnd
  0
BLOCK
  5
D25
330
D24
100
AcDbEntity
  8
0
100
AcDbBlockBegin
  2
*D69
 70
     1
 10
0.0
 20
0.0
 30
0.0
  3
*D69
  1

  0
LINE
  5
D26
330
D24
100
AcDbEntity
  8
PUB_DIM
 62
     3
440
 16777216
370
    -2
100
AcDbLine
 10
-397596.4497690501
 20
-513100.6661440287
 30
0.0
 11
-397596.4497690286
 21
-511148.3330742384
 31
0.0
  0
LINE
  5
D27
330
D24
100
AcDbEntity
  8
PUB_DIM
 62
     3
440
 16777216
370
    -2
100
AcDbLine
 10
-400096.4497690461
 20
-513100.6661440011
 30
0.0
 11
-400096.4497690246
 21
-511148.3330742108
 31
0.0
  0
LINE
  5
D28
330
D24
100
AcDbEntity
  8
PUB_DIM
 62
     3
440
 16777216
370
    -2
100
AcDbLine
 10
-397446.4497690327
 20
-511523.3330742401
 30
0.0
 11
-400246.4497690287
 21
-511523.3330742093
 31
0.0
  0
INSERT
  5
D29
330
D24
100
AcDbEntity
  8
PUB_DIM
 62
     3
440
 16777216
370
    -2
100
AcDbBlockReference
  2
_ARCHTICK
 10
-397596.4497690327
 20
-511523.3330742384
 30
0.0
 41
225.0
 42
225.0
 43
225.0
 50
359.9999999993677
  0
INSERT
  5
D2A
330
D24
100
AcDbEntity
  8
PUB_DIM
 62
     3
440
 16777216
370
    -2
100
AcDbBlockReference
  2
_ARCHTICK
 10
-400096.4497690286
 20
-511523.3330742108
 30
0.0
 41
225.0
 42
225.0
 43
225.0
 50
179.9999999993676
  0
MTEXT
  5
D2B
330
D24
100
AcDbEntity
  8
PUB_DIM
 62
     4
440
 16777216
100
AcDbMText
 10
-398846.4497690257
 20
-511073.3330742245
 30
0.0
 40
450.0
 41
0.0
 46
0.0
 71
     5
 72
     1
  1
\A1;2500
  7
DIM_FONT
 11
1.0
 21
-0.0000000000110365
 31
0.0
 73
     1
 44
1.0
  0
POINT
  5
D2C
330
D24
100
AcDbEntity
  8
Defpoints
 62
     0
440
 16777216
100
AcDbPoint
 10
-397596.4497690501
 20
-513100.6661440287
 30
0.0
  0
POINT
  5
D2D
330
D24
100
AcDbEntity
  8
Defpoints
 62
     0
440
 16777216
100
AcDbPoint
 10
-400096.4497690461
 20
-513100.6661440011
 30
0.0
  0
POINT
  5
D2E
330
D24
100
AcDbEntity
  8
Defpoints
 62
     0
440
 16777216
100
AcDbPoint
 10
-400096.4497690286
 20
-511523.3330742108
 30
0.0
  0
ENDBLK
  5
D2F
330
D24
100
AcDbEntity
  8
0
100
AcDbBlockEnd
  0
BLOCK
  5
D32
330
D31
100
AcDbEntity
  8
0
100
AcDbBlockBegin
  2
*D70
 70
     1
 10
0.0
 20
0.0
 30
0.0
  3
*D70
  1

  0
LINE
  5
D33
330
D31
100
AcDbEntity
  8
PUB_DIM
 62
     3
440
 16777216
370
    -2
100
AcDbLine
 10
-400096.44976905
 20
-513100.6661437186
 30
0.0
 11
-400096.4497689832
 21
-511148.3330739527
 31
0.0
  0
LINE
  5
D34
330
D31
100
AcDbEntity
  8
PUB_DIM
 62
     3
440
 16777216
370
    -2
100
AcDbLine
 10
-401696.3372193577
 20
-513100.6661436639
 30
0.0
 11
-401696.3372192908
 21
-511148.3330738979
 31
0.0
  0
LINE
  5
D35
330
D31
100
AcDbEntity
  8
PUB_DIM
 62
     3
440
 16777216
370
    -2
100
AcDbLine
 10
-399946.4497689962
 20
-511523.3330739578
 30
0.0
 11
-401846.3372193036
 21
-511523.3330738927
 31
0.0
  0
INSERT
  5
D36
330
D31
100
AcDbEntity
  8
PUB_DIM
 62
     3
440
 16777216
370
    -2
100
AcDbBlockReference
  2
_ARCHTICK
 10
-400096.449768996
 20
-511523.3330739528
 30
0.0
 41
225.0
 42
225.0
 43
225.0
 50
359.9999999980363
  0
INSERT
  5
D37
330
D31
100
AcDbEntity
  8
PUB_DIM
 62
     3
440
 16777216
370
    -2
100
AcDbBlockReference
  2
_ARCHTICK
 10
-401696.3372193036
 20
-511523.3330738979
 30
0.0
 41
225.0
 42
225.0
 43
225.0
 50
179.9999999980363
  0
MTEXT
  5
D38
330
D31
100
AcDbEntity
  8
PUB_DIM
 62
     4
440
 16777216
100
AcDbMText
 10
-400896.3934941344
 20
-511073.3330739253
 30
0.0
 40
450.0
 41
0.0
 46
0.0
 71
     5
 72
     1
  1
\A1;1600
  7
DIM_FONT
 11
1.0
 21
-0.0000000000342721
 31
0.0
 73
     1
 44
1.0
  0
POINT
  5
D39
330
D31
100
AcDbEntity
  8
Defpoints
 62
     0
440
 16777216
100
AcDbPoint
 10
-400096.44976905
 20
-513100.6661437186
 30
0.0
  0
POINT
  5
D3A
330
D31
100
AcDbEntity
  8
Defpoints
 62
     0
440
 16777216
100
AcDbPoint
 10
-401696.3372193577
 20
-513100.6661436639
 30
0.0
  0
POINT
  5
D3B
330
D31
100
AcDbEntity
  8
Defpoints
 62
     0
440
 16777216
100
AcDbPoint
 10
-401696.3372193036
 20
-511523.3330738979
 30
0.0
  0
ENDBLK
  5
D3C
330
D31
100
AcDbEntity
  8
0
100
AcDbBlockEnd
  0
BLOCK
  5
D3F
330
D3E
100
AcDbEntity
  8
0
100
AcDbBlockBegin
  2
*D71
 70
     1
 10
0.0
 20
0.0
 30
0.0
  3
*D71
  1

  0
LINE
  5
D40
330
D3E
100
AcDbEntity
  8
PUB_DIM
 62
     3
440
 16777216
370
    -2
100
AcDbLine
 10
-396196.7435684906
 20
-513100.6661439091
 30
0.0
 11
-396196.7435686164
 21
-511148.3330739837
 31
0.0
  0
LINE
  5
D41
330
D3E
100
AcDbEntity
  8
PUB_DIM
 62
     3
440
 16777216
370
    -2
100
AcDbLine
 10
-397596.4497690462
 20
-513100.6661439992
 30
0.0
 11
-397596.449769172
 21
-511148.3330740739
 31
0.0
  0
LINE
  5
D42
330
D3E
100
AcDbEntity
  8
PUB_DIM
 62
     3
440
 16777216
370
    -2
100
AcDbLine
 10
-396196.7435685922
 20
-511523.3330739837
 30
0.0
 11
-395971.7435685922
 21
-511523.3330739692
 31
0.0
  0
LINE
  5
D43
330
D3E
100
AcDbEntity
  8
PUB_DIM
 62
     3
440
 16777216
370
    -2
100
AcDbLine
 10
-397596.4497691478
 20
-511523.3330740739
 30
0.0
 11
-397821.4497691477
 21
-511523.3330740882
 31
0.0
  0
LINE
  5
D44
330
D3E
100
AcDbEntity
  8
PUB_DIM
 62
     3
440
 16777216
370
    -2
100
AcDbLine
 10
-396196.7435685922
 20
-511523.3330739837
 30
0.0
 11
-397596.4497691478
 21
-511523.3330740739
 31
0.0
  0
INSERT
  5
D45
330
D3E
100
AcDbEntity
  8
PUB_DIM
 62
     3
440
 16777216
370
    -2
100
AcDbBlockReference
  2
_ARCHTICK
 10
-396196.7435685922
 20
-511523.3330739837
 30
0.0
 41
225.0
 42
225.0
 43
225.0
 50
180.0000000036884
  0
INSERT
  5
D46
330
D3E
100
AcDbEntity
  8
PUB_DIM
 62
     3
440
 16777216
370
    -2
100
AcDbBlockReference
  2
_ARCHTICK
 10
-397596.4497691478
 20
-511523.3330740739
 30
0.0
 41
225.0
 42
225.0
 43
225.0
 50
0.0000000036884257
  0
MTEXT
  5
D47
330
D3E
100
AcDbEntity
  8
PUB_DIM
 62
     4
440
 16777216
100
AcDbMText
 10
-396896.5966688989
 20
-511073.3330740289
 30
0.0
 40
450.0
 41
0.0
 46
0.0
 71
     5
 72
     1
  1
\A1;1400
  7
DIM_FONT
 11
1.0
 21
0.0000000000643752
 31
0.0
 73
     1
 44
1.0
  0
POINT
  5
D48
330
D3E
100
AcDbEntity
  8
Defpoints
 62
     0
440
 16777216
100
AcDbPoint
 10
-396196.7435684906
 20
-513100.6661439091
 30
0.0
  0
POINT
  5
D49
330
D3E
100
AcDbEntity
  8
Defpoints
 62
     0
440
 16777216
100
AcDbPoint
 10
-397596.4497690462
 20
-513100.6661439992
 30
0.0
  0
POINT
  5
D4A
330
D3E
100
AcDbEntity
  8
Defpoints
 62
     0
440
 16777216
100
AcDbPoint
 10
-397596.4497691478
 20
-511523.3330740739
 30
0.0
  0
ENDBLK
  5
D4B
330
D3E
100
AcDbEntity
  8
0
100
AcDbBlockEnd
  0
BLOCK
  5
DA6
330
DA5
100
AcDbEntity
  8
0
100
AcDbBlockBegin
  2
*D72
 70
     1
 10
0.0
 20
0.0
 30
0.0
  3
*D72
  1

  0
LINE
  5
DA7
330
DA5
100
AcDbEntity
  8
PUB_DIM
 62
     3
440
 16777216
370
    -2
100
AcDbLine
 10
-371096.7435686415
 20
-513100.6661436779
 30
0.0
 11
-371096.7435686415
 21
-511148.3330738888
 31
0.0
  0
LINE
  5
DA8
330
DA5
100
AcDbEntity
  8
PUB_DIM
 62
     3
440
 16777216
370
    -2
100
AcDbLine
 10
-369896.7435686415
 20
-513100.6661436639
 30
0.0
 11
-369896.7435686415
 21
-511148.3330738888
 31
0.0
  0
LINE
  5
DA9
330
DA5
100
AcDbEntity
  8
PUB_DIM
 62
     3
440
 16777216
370
    -2
100
AcDbLine
 10
-371096.7435686415
 20
-511523.3330738888
 30
0.0
 11
-371321.7435686414
 21
-511523.3330738888
 31
0.0
  0
LINE
  5
DAA
330
DA5
100
AcDbEntity
  8
PUB_DIM
 62
     3
440
 16777216
370
    -2
100
AcDbLine
 10
-369896.7435686415
 20
-511523.3330738888
 30
0.0
 11
-369671.7435686414
 21
-511523.3330738888
 31
0.0
  0
LINE
  5
DAB
330
DA5
100
AcDbEntity
  8
PUB_DIM
 62
     3
440
 16777216
370
    -2
100
AcDbLine
 10
-371096.7435686415
 20
-511523.3330738888
 30
0.0
 11
-369896.7435686415
 21
-511523.3330738888
 31
0.0
  0
INSERT
  5
DAC
330
DA5
100
AcDbEntity
  8
PUB_DIM
 62
     3
440
 16777216
370
    -2
100
AcDbBlockReference
  2
_ARCHTICK
 10
-371096.7435686415
 20
-511523.3330738888
 30
0.0
 41
225.0
 42
225.0
 43
225.0
  0
INSERT
  5
DAD
330
DA5
100
AcDbEntity
  8
PUB_DIM
 62
     3
440
 16777216
370
    -2
100
AcDbBlockReference
  2
_ARCHTICK
 10
-369896.7435686415
 20
-511523.3330738888
 30
0.0
 41
225.0
 42
225.0
 43
225.0
 50
180.0
  0
MTEXT
  5
DAE
330
DA5
100
AcDbEntity
  8
PUB_DIM
 62
     4
440
 16777216
100
AcDbMText
 10
-370496.7435686415
 20
-511073.3330738888
 30
0.0
 40
450.0
 41
0.0
 46
0.0
 71
     5
 72
     1
  1
\A1;1200
  7
DIM_FONT
 73
     1
 44
1.0
  0
POINT
  5
DAF
330
DA5
100
AcDbEntity
  8
Defpoints
 62
     0
440
 16777216
100
AcDbPoint
 10
-371096.7435686415
 20
-513100.6661436779
 30
0.0
  0
POINT
  5
DB0
330
DA5
100
AcDbEntity
  8
Defpoints
 62
     0
440
 16777216
100
AcDbPoint
 10
-369896.7435686415
 20
-513100.6661436639
 30
0.0
  0
POINT
  5
DB1
330
DA5
100
AcDbEntity
  8
Defpoints
 62
     0
440
 16777216
100
AcDbPoint
 10
-369896.7435686415
 20
-511523.3330738888
 30
0.0
  0
ENDBLK
  5
DB2
330
DA5
100
AcDbEntity
  8
0
100
AcDbBlockEnd
  0
BLOCK
  5
DB5
330
DB4
100
AcDbEntity
  8
0
100
AcDbBlockBegin
  2
*D73
 70
     1
 10
0.0
 20
0.0
 30
0.0
  3
*D73
  1

  0
LINE
  5
DB6
330
DB4
100
AcDbEntity
  8
PUB_DIM
 62
     3
440
 16777216
370
    -2
100
AcDbLine
 10
-375096.7435686203
 20
-513100.666143719
 30
0.0
 11
-375096.7435686203
 21
-511148.3330738888
 31
0.0
  0
LINE
  5
DB7
330
DB4
100
AcDbEntity
  8
PUB_DIM
 62
     3
440
 16777216
370
    -2
100
AcDbLine
 10
-371096.7435686415
 20
-513100.6661436639
 30
0.0
 11
-371096.7435686415
 21
-511148.3330738888
 31
0.0
  0
LINE
  5
DB8
330
DB4
100
AcDbEntity
  8
PUB_DIM
 62
     3
440
 16777216
370
    -2
100
AcDbLine
 10
-375246.7435686203
 20
-511523.3330738888
 30
0.0
 11
-370946.7435686415
 21
-511523.3330738888
 31
0.0
  0
INSERT
  5
DB9
330
DB4
100
AcDbEntity
  8
PUB_DIM
 62
     3
440
 16777216
370
    -2
100
AcDbBlockReference
  2
_ARCHTICK
 10
-375096.7435686203
 20
-511523.3330738888
 30
0.0
 41
225.0
 42
225.0
 43
225.0
 50
180.0
  0
INSERT
  5
DBA
330
DB4
100
AcDbEntity
  8
PUB_DIM
 62
     3
440
 16777216
370
    -2
100
AcDbBlockReference
  2
_ARCHTICK
 10
-371096.7435686415
 20
-511523.3330738888
 30
0.0
 41
225.0
 42
225.0
 43
225.0
  0
MTEXT
  5
DBB
330
DB4
100
AcDbEntity
  8
PUB_DIM
 62
     4
440
 16777216
100
AcDbMText
 10
-373096.7435686308
 20
-511073.3330738888
 30
0.0
 40
450.0
 41
0.0
 46
0.0
 71
     5
 72
     1
  1
\A1;4000
  7
DIM_FONT
 73
     1
 44
1.0
  0
POINT
  5
DBC
330
DB4
100
AcDbEntity
  8
Defpoints
 62
     0
440
 16777216
100
AcDbPoint
 10
-375096.7435686203
 20
-513100.666143719
 30
0.0
  0
POINT
  5
DBD
330
DB4
100
AcDbEntity
  8
Defpoints
 62
     0
440
 16777216
100
AcDbPoint
 10
-371096.7435686415
 20
-513100.6661436639
 30
0.0
  0
POINT
  5
DBE
330
DB4
100
AcDbEntity
  8
Defpoints
 62
     0
440
 16777216
100
AcDbPoint
 10
-371096.7435686415
 20
-511523.3330738888
 30
0.0
  0
ENDBLK
  5
DBF
330
DB4
100
AcDbEntity
  8
0
100
AcDbBlockEnd
  0
BLOCK
  5
DC2
330
DC1
100
AcDbEntity
  8
0
100
AcDbBlockBegin
  2
*D74
 70
     1
 10
0.0
 20
0.0
 30
0.0
  3
*D74
  1

  0
LINE
  5
DC3
330
DC1
100
AcDbEntity
  8
PUB_DIM
 62
     3
440
 16777216
370
    -2
100
AcDbLine
 10
-381096.7435686244
 20
-513100.6661438291
 30
0.0
 11
-381096.7435686244
 21
-511148.3330740008
 31
0.0
  0
LINE
  5
DC4
330
DC1
100
AcDbEntity
  8
PUB_DIM
 62
     3
440
 16777216
370
    -2
100
AcDbLine
 10
-377696.7435686203
 20
-513100.6661437741
 30
0.0
 11
-377696.7435686203
 21
-511148.3330740008
 31
0.0
  0
LINE
  5
DC5
330
DC1
100
AcDbEntity
  8
PUB_DIM
 62
     3
440
 16777216
370
    -2
100
AcDbLine
 10
-381246.7435686244
 20
-511523.3330740007
 30
0.0
 11
-377546.7435686203
 21
-511523.3330740007
 31
0.0
  0
INSERT
  5
DC6
330
DC1
100
AcDbEntity
  8
PUB_DIM
 62
     3
440
 16777216
370
    -2
100
AcDbBlockReference
  2
_ARCHTICK
 10
-381096.7435686244
 20
-511523.3330740007
 30
0.0
 41
225.0
 42
225.0
 43
225.0
 50
180.0
  0
INSERT
  5
DC7
330
DC1
100
AcDbEntity
  8
PUB_DIM
 62
     3
440
 16777216
370
    -2
100
AcDbBlockReference
  2
_ARCHTICK
 10
-377696.7435686203
 20
-511523.3330740007
 30
0.0
 41
225.0
 42
225.0
 43
225.0
  0
MTEXT
  5
DC8
330
DC1
100
AcDbEntity
  8
PUB_DIM
 62
     4
440
 16777216
100
AcDbMText
 10
-379396.7435686222
 20
-511073.3330740008
 30
0.0
 40
450.0
 41
0.0
 46
0.0
 71
     5
 72
     1
  1
\A1;3400
  7
DIM_FONT
 73
     1
 44
1.0
  0
POINT
  5
DC9
330
DC1
100
AcDbEntity
  8
Defpoints
 62
     0
440
 16777216
100
AcDbPoint
 10
-381096.7435686244
 20
-513100.6661438291
 30
0.0
  0
POINT
  5
DCA
330
DC1
100
AcDbEntity
  8
Defpoints
 62
     0
440
 16777216
100
AcDbPoint
 10
-377696.7435686203
 20
-513100.6661437741
 30
0.0
  0
POINT
  5
DCB
330
DC1
100
AcDbEntity
  8
Defpoints
 62
     0
440
 16777216
100
AcDbPoint
 10
-377696.7435686203
 20
-511523.3330740007
 30
0.0
  0
ENDBLK
  5
DCC
330
DC1
100
AcDbEntity
  8
0
100
AcDbBlockEnd
  0
BLOCK
  5
DCF
330
DCE
100
AcDbEntity
  8
0
100
AcDbBlockBegin
  2
*D75
 70
     1
 10
0.0
 20
0.0
 30
0.0
  3
*D75
  1

  0
LINE
  5
DD0
330
DCE
100
AcDbEntity
  8
PUB_DIM
 62
     3
440
 16777216
370
    -2
100
AcDbLine
 10
-384696.7435686241
 20
-513100.6661438101
 30
0.0
 11
-384696.7435686241
 21
-511148.3330739079
 31
0.0
  0
LINE
  5
DD1
330
DCE
100
AcDbEntity
  8
PUB_DIM
 62
     3
440
 16777216
370
    -2
100
AcDbLine
 10
-381096.7435686279
 20
-513100.6661437996
 30
0.0
 11
-381096.7435686279
 21
-511148.3330739079
 31
0.0
  0
LINE
  5
DD2
330
DCE
100
AcDbEntity
  8
PUB_DIM
 62
     3
440
 16777216
370
    -2
100
AcDbLine
 10
-384846.7435686242
 20
-511523.3330739079
 30
0.0
 11
-380946.7435686279
 21
-511523.3330739079
 31
0.0
  0
INSERT
  5
DD3
330
DCE
100
AcDbEntity
  8
PUB_DIM
 62
     3
440
 16777216
370
    -2
100
AcDbBlockReference
  2
_ARCHTICK
 10
-384696.7435686241
 20
-511523.3330739079
 30
0.0
 41
225.0
 42
225.0
 43
225.0
 50
180.0
  0
INSERT
  5
DD4
330
DCE
100
AcDbEntity
  8
PUB_DIM
 62
     3
440
 16777216
370
    -2
100
AcDbBlockReference
  2
_ARCHTICK
 10
-381096.7435686279
 20
-511523.3330739079
 30
0.0
 41
225.0
 42
225.0
 43
225.0
  0
MTEXT
  5
DD5
330
DCE
100
AcDbEntity
  8
PUB_DIM
 62
     4
440
 16777216
100
AcDbMText
 10
-382896.7435686261
 20
-511073.3330739079
 30
0.0
 40
450.0
 41
0.0
 46
0.0
 71
     5
 72
     1
  1
\A1;3600
  7
DIM_FONT
 73
     1
 44
1.0
  0
POINT
  5
DD6
330
DCE
100
AcDbEntity
  8
Defpoints
 62
     0
440
 16777216
100
AcDbPoint
 10
-384696.7435686241
 20
-513100.6661438101
 30
0.0
  0
POINT
  5
DD7
330
DCE
100
AcDbEntity
  8
Defpoints
 62
     0
440
 16777216
100
AcDbPoint
 10
-381096.7435686279
 20
-513100.6661437996
 30
0.0
  0
POINT
  5
DD8
330
DCE
100
AcDbEntity
  8
Defpoints
 62
     0
440
 16777216
100
AcDbPoint
 10
-381096.7435686279
 20
-511523.3330739079
 30
0.0
  0
ENDBLK
  5
DD9
330
DCE
100
AcDbEntity
  8
0
100
AcDbBlockEnd
  0
BLOCK
  5
DDC
330
DDB
100
AcDbEntity
  8
0
100
AcDbBlockBegin
  2
*D76
 70
     1
 10
0.0
 20
0.0
 30
0.0
  3
*D76
  1

  0
LINE
  5
DDD
330
DDB
100
AcDbEntity
  8
PUB_DIM
 62
     3
440
 16777216
370
    -2
100
AcDbLine
 10
-377696.7435686203
 20
-513100.6661437741
 30
0.0
 11
-377696.7435686203
 21
-511148.3330740012
 31
0.0
  0
LINE
  5
DDE
330
DDB
100
AcDbEntity
  8
PUB_DIM
 62
     3
440
 16777216
370
    -2
100
AcDbLine
 10
-375096.7435686203
 20
-513100.6661440634
 30
0.0
 11
-375096.7435686203
 21
-511148.3330740012
 31
0.0
  0
LINE
  5
DDF
330
DDB
100
AcDbEntity
  8
PUB_DIM
 62
     3
440
 16777216
370
    -2
100
AcDbLine
 10
-377846.7435686203
 20
-511523.3330740011
 30
0.0
 11
-374946.7435686203
 21
-511523.3330740011
 31
0.0
  0
INSERT
  5
DE0
330
DDB
100
AcDbEntity
  8
PUB_DIM
 62
     3
440
 16777216
370
    -2
100
AcDbBlockReference
  2
_ARCHTICK
 10
-377696.7435686203
 20
-511523.3330740011
 30
0.0
 41
225.0
 42
225.0
 43
225.0
 50
180.0
  0
INSERT
  5
DE1
330
DDB
100
AcDbEntity
  8
PUB_DIM
 62
     3
440
 16777216
370
    -2
100
AcDbBlockReference
  2
_ARCHTICK
 10
-375096.7435686203
 20
-511523.3330740011
 30
0.0
 41
225.0
 42
225.0
 43
225.0
  0
MTEXT
  5
DE2
330
DDB
100
AcDbEntity
  8
PUB_DIM
 62
     4
440
 16777216
100
AcDbMText
 10
-376396.7435686203
 20
-511073.3330740012
 30
0.0
 40
450.0
 41
0.0
 46
0.0
 71
     5
 72
     1
  1
\A1;2600
  7
DIM_FONT
 73
     1
 44
1.0
  0
POINT
  5
DE3
330
DDB
100
AcDbEntity
  8
Defpoints
 62
     0
440
 16777216
100
AcDbPoint
 10
-377696.7435686203
 20
-513100.6661437741
 30
0.0
  0
POINT
  5
DE4
330
DDB
100
AcDbEntity
  8
Defpoints
 62
     0
440
 16777216
100
AcDbPoint
 10
-375096.7435686203
 20
-513100.6661440634
 30
0.0
  0
POINT
  5
DE5
330
DDB
100
AcDbEntity
  8
Defpoints
 62
     0
440
 16777216
100
AcDbPoint
 10
-375096.7435686203
 20
-511523.3330740011
 30
0.0
  0
ENDBLK
  5
DE6
330
DDB
100
AcDbEntity
  8
0
100
AcDbBlockEnd
  0
BLOCK
  5
E5D
330
E5C
100
AcDbEntity
  8
0
100
AcDbBlockBegin
  2
*D77
 70
     1
 10
0.0
 20
0.0
 30
0.0
  3
*D77
  1

  0
LINE
  5
E5E
330
E5C
100
AcDbEntity
  8
PUB_DIM
 62
     3
440
 16777216
370
    -2
100
AcDbLine
 10
-396196.7435684906
 20
-513100.6661439091
 30
0.0
 11
-396196.7435684906
 21
-511148.3330740739
 31
0.0
  0
LINE
  5
E5F
330
E5C
100
AcDbEntity
  8
PUB_DIM
 62
     3
440
 16777216
370
    -2
100
AcDbLine
 10
-394096.743568365
 20
-513100.6661440443
 30
0.0
 11
-394096.743568365
 21
-511148.3330740739
 31
0.0
  0
LINE
  5
E60
330
E5C
100
AcDbEntity
  8
PUB_DIM
 62
     3
440
 16777216
370
    -2
100
AcDbLine
 10
-396346.7435684906
 20
-511523.3330740739
 30
0.0
 11
-393946.743568365
 21
-511523.3330740739
 31
0.0
  0
INSERT
  5
E61
330
E5C
100
AcDbEntity
  8
PUB_DIM
 62
     3
440
 16777216
370
    -2
100
AcDbBlockReference
  2
_ARCHTICK
 10
-396196.7435684906
 20
-511523.3330740739
 30
0.0
 41
225.0
 42
225.0
 43
225.0
 50
180.0
  0
INSERT
  5
E62
330
E5C
100
AcDbEntity
  8
PUB_DIM
 62
     3
440
 16777216
370
    -2
100
AcDbBlockReference
  2
_ARCHTICK
 10
-394096.743568365
 20
-511523.3330740739
 30
0.0
 41
225.0
 42
225.0
 43
225.0
  0
MTEXT
  5
E63
330
E5C
100
AcDbEntity
  8
PUB_DIM
 62
     4
440
 16777216
100
AcDbMText
 10
-395146.7435684278
 20
-511073.3330740739
 30
0.0
 40
450.0
 41
0.0
 46
0.0
 71
     5
 72
     1
  1
\A1;2100
  7
DIM_FONT
 73
     1
 44
1.0
  0
POINT
  5
E64
330
E5C
100
AcDbEntity
  8
Defpoints
 62
     0
440
 16777216
100
AcDbPoint
 10
-396196.7435684906
 20
-513100.6661439091
 30
0.0
  0
POINT
  5
E65
330
E5C
100
AcDbEntity
  8
Defpoints
 62
     0
440
 16777216
100
AcDbPoint
 10
-394096.743568365
 20
-513100.6661440443
 30
0.0
  0
POINT
  5
E66
330
E5C
100
AcDbEntity
  8
Defpoints
 62
     0
440
 16777216
100
AcDbPoint
 10
-394096.743568365
 20
-511523.3330740739
 30
0.0
  0
ENDBLK
  5
E67
330
E5C
100
AcDbEntity
  8
0
100
AcDbBlockEnd
  0
ENDSEC
  0
SECTION
  2
ENTITIES
  0
LINE
  5
85
330
2
100
AcDbEntity
  8
HI
100
AcDbLine
 10
-386996.7435683614
 20
-514804.1437838195
 30
0.0
 11
-384796.7435686419
 21
-523924.03123413
 31
0.0
  0
LINE
  5
8A
330
2
100
AcDbEntity
  8
HI
100
AcDbLine
 10
-384796.7435686569
 20
-514804.1437838195
 30
0.0
 11
-386996.7435683761
 21
-523924.0312341269
 31
0.0
  0
LINE
  5
8B
330
2
100
AcDbEntity
  8
WALL
100
AcDbLine
 10
-382096.7435686497
 20
-517504.0312341231
 30
0.0
 11
-382096.7435686519
 21
-518304.0312341233
 31
0.0
  0
LINE
  5
8C
330
2
100
AcDbEntity
  8
WALL
100
AcDbLine
 10
-382196.7435686497
 20
-517504.0312341231
 30
0.0
 11
-382196.743568652
 21
-518304.0312341232
 31
0.0
  0
INSERT
  5
8D
330
2
100
AcDbEntity
  8
WINDOW
100
AcDbBlockReference
 66
     1
  2
_DBLK
 10
-381046.7435686432
 20
-518554.0312341231
 30
0.0
 41
-900.0
 42
-900.0
 43
900.0
 50
270.0
1001
WTHICK
1040
99.99999999980721
  0
ATTRIB
  5
9D
330
8D
100
AcDbEntity
  8
0
100
AcDbText
 10
-380696.7435686433
 20
-518554.0312341233
 30
0.0
 40
300.0
  1

 50
90.00000000000005
 41
0.8
  7
_SIMPLEX
 72
     4
 11
-380696.7435686433
 21
-518554.0312341233
 31
0.0
100
AcDbAttribute
280
     0
  2
A
 70
     9
280
     0
  0
SEQEND
  5
9F
330
8D
100
AcDbEntity
  8
WINDOW
  0
LINE
  5
A1
330
2
100
AcDbEntity
  8
WALL
100
AcDbLine
 10
-377596.7435686436
 20
-516204.1437838194
 30
0.0
 11
-377596.743568646
 21
-519304.031234123
 31
0.0
  0
LINE
  5
A2
330
2
100
AcDbEntity
  8
WALL
100
AcDbLine
 10
-377796.7435686458
 20
-519104.0312341232
 30
0.0
 11
-377796.7435686433
 21
-516204.1437838194
 31
0.0
  0
INSERT
  5
A3
330
2
100
AcDbEntity
  8
WINDOW
100
AcDbBlockReference
 66
     1
  2
_DBLK
 10
-382146.7435686529
 20
-518654.0312341232
 30
0.0
 41
-700.0
 42
700.0
 43
700.0
 50
270.0
1001
WTHICK
1040
99.99999999999271
  0
ATTRIB
  5
A4
330
A3
100
AcDbEntity
  8
0
100
AcDbText
 10
-381796.7435686528
 20
-518654.031234124
 30
0.0
 40
300.0
  1

 50
90.00000000000005
 41
0.8
  7
_SIMPLEX
 72
     4
 11
-381796.7435686528
 21
-518654.031234124
 31
0.0
100
AcDbAttribute
280
     0
  2
A
 70
     9
280
     0
  0
SEQEND
  5
A5
330
A3
100
AcDbEntity
  8
WINDOW
  0
LINE
  5
A6
330
2
100
AcDbEntity
  8
WIN
100
AcDbLine
 10
-384746.7435686521
 20
-517991.6289727806
 30
0.0
 11
-384746.7435686521
 21
-518591.6289727805
 31
0.0
  0
LINE
  5
AA
330
2
100
AcDbEntity
  8
WIN
100
AcDbLine
 10
-384796.7435686522
 20
-517991.6289727806
 30
0.0
 11
-384796.7435686522
 21
-518591.6289727805
 31
0.0
  0
LINE
  5
AB
330
2
100
AcDbEntity
  8
WIN
100
AcDbLine
 10
-384686.7435686522
 20
-517991.6289727806
 30
0.0
 11
-384686.7435686522
 21
-518591.6289727805
 31
0.0
  0
LINE
  5
AC
330
2
100
AcDbEntity
  8
WIN
100
AcDbLine
 10
-384596.7435686521
 20
-517991.6289727806
 30
0.0
 11
-384596.7435686521
 21
-518591.6289727805
 31
0.0
  0
LINE
  5
AD
330
2
100
AcDbEntity
  8
PWINDOW
100
AcDbLine
 10
-377096.7435686443
 20
-519184.0312341231
 30
0.0
 11
-377096.7435686443
 21
-518104.0312341231
 31
0.0
  0
LINE
  5
B1
330
2
100
AcDbEntity
  8
ARCH
100
AcDbLine
 10
-383846.743568642
 20
-517554.0312341232
 30
0.0
 11
-384546.7435686398
 21
-519054.031234123
 31
0.0
  0
LINE
  5
B5
330
2
100
AcDbEntity
  8
ARCH
100
AcDbLine
 10
-384546.7435686422
 20
-517554.031234108
 30
0.0
 11
-383846.7435686398
 21
-519054.031234123
 31
0.0
  0
LWPOLYLINE
  5
B6
330
2
100
AcDbEntity
  8
ARCH
100
AcDbPolyline
 90
        4
 70
     1
 43
0.0
 10
-384546.7435686422
 20
-517554.031234108
 10
-384546.7435686398
 20
-519054.031234123
 10
-383846.7435686398
 20
-519054.031234123
 10
-383846.743568642
 20
-517554.0312341232
  0
LWPOLYLINE
  5
B7
330
2
100
AcDbEntity
  8
ARCH
100
AcDbPolyline
 90
        4
 70
     1
 43
0.0
 10
-384596.7435686422
 20
-517504.0312341231
 10
-384596.7435686398
 20
-519104.0312341232
 10
-383796.7435686397
 20
-519104.0312341232
 10
-383796.7435686419
 20
-517504.0312341232
  0
HATCH
  5
B8
330
2
100
AcDbEntity
  8
HA
100
AcDbHatch
 10
0.0
 20
0.0
 30
0.0
210
0.0
220
0.0
230
1.0
  2
ANSI37
 70
     0
 71
     0
 91
        1
 92
        1
 93
       18
 72
     1
 10
-382196.7435686508
 20
-517996.7980873499
 11
-382196.743568652
 21
-518305.9135975007
 72
     2
 10
-382146.7435686529
 20
-518969.031234123
 40
664.9999999999967
 50
94.31202268325892
 51
180.0000000000003
 73
     1
 72
     1
 10
-382811.7435686529
 20
-518969.031234123
 11
-382196.7435686538
 21
-518969.031234123
 72
     1
 10
-382196.7435686538
 20
-518969.031234123
 11
-382196.743568654
 21
-519104.0312341232
 72
     1
 10
-382196.743568654
 20
-519104.0312341232
 11
-383796.7435686395
 21
-519104.0312341232
 72
     1
 10
-383796.7435686397
 20
-519104.0312341232
 11
-383796.7435686422
 21
-517504.0312341232
 72
     1
 10
-383796.7435686419
 20
-517504.0312341232
 11
-383654.977319412
 21
-517504.0312341232
 72
     1
 10
-383654.977319412
 20
-517504.0312341232
 11
-383654.977319412
 21
-517684.031234123
 72
     1
 10
-383654.977319412
 20
-517684.031234123
 11
-383624.9773194122
 21
-517714.0312341228
 72
     1
 10
-383624.9773194122
 20
-517714.0312341228
 11
-383574.7272183166
 21
-517714.4290327544
 72
     1
 10
-383574.7272183166
 20
-517714.4290327544
 11
-383574.7272183166
 21
-517910.360259918
 72
     2
 10
-383179.0747812025
 20
-517927.4082486049
 40
396.0195511749075
 50
177.5327487302166
 51
216.7044586695519
 73
     1
 72
     2
 10
-383404.9773194122
 20
-518095.8181590476
 40
114.2503997317986
 50
216.7044586695528
 51
323.2955413304472
 73
     1
 72
     2
 10
-383618.4609228791
 20
-517931.2332262473
 40
383.8015086775099
 50
322.6452352902859
 51
363.11755731012
 73
     1
 72
     1
 10
-383235.2274205078
 20
-517910.3602599166
 11
-383235.2274205078
 21
-517714.0312341228
 72
     1
 10
-383235.2274205078
 20
-517714.0312341228
 11
-383184.9773194122
 21
-517714.0312341228
 72
     1
 10
-383184.9773194122
 20
-517714.0312341228
 11
-382941.1244918804
 21
-517996.7980873495
 72
     1
 10
-382941.1244918804
 20
-517996.7980873498
 11
-382196.7435686508
 21
-517996.7980873502
 97
        0
 75
     0
 76
     1
 52
45.0
 41
1000.0
 77
     0
 78
     2
 53
90.0
 43
-376245.816251736
 44
-542655.5003997567
 45
125.0
 46
0.0000000000000213
 79
     0
 53
0.000000000000007
 43
-376245.816251736
 44
-542655.5003997567
 45
0.0000000000000213
 46
-125.0
 79
     0
 98
        1
 10
-376245.816251736
 20
-542655.5003997567
  0
INSERT
  5
BC
330
2
100
AcDbEntity
  8
JJ
100
AcDbBlockReference
  2
RC31
 10
-380132.5355754368
 20
-518834.6662125877
 30
0.0
 50
270.0
  0
INSERT
  5
E6
330
2
100
AcDbEntity
  8
JJ
100
AcDbBlockReference
  2
RC31
 10
-391660.9515615812
 20
-518834.6662125877
 30
0.0
 41
-1.0
 50
90.0
  0
HATCH
  5
E7
330
2
100
AcDbEntity
  8
HA
100
AcDbHatch
 10
0.0
 20
0.0
 30
0.0
210
0.0
220
0.0
230
1.0
  2
ANSI37
 70
     0
 71
     0
 91
        1
 92
        1
 93
       18
 72
     1
 10
-389596.7435683671
 20
-518611.264380896
 11
-389596.7435683664
 21
-518302.1488707456
 72
     2
 10
-389646.743568365
 20
-517639.0312341228
 40
664.9999999999967
 50
274.3120226832589
 51
360.0000000000003
 73
     1
 72
     1
 10
-388981.7435683653
 20
-517639.0312341228
 11
-389596.7435683643
 21
-517639.0312341228
 72
     1
 10
-389596.7435683643
 20
-517639.0312341228
 11
-389596.743568364
 21
-517504.0312341231
 72
     1
 10
-389596.7435683639
 20
-517504.0312341232
 11
-387996.7435683783
 21
-517504.0312341232
 72
     1
 10
-387996.7435683783
 20
-517504.0312341231
 11
-387996.743568376
 21
-519104.0312341232
 72
     1
 10
-387996.743568376
 20
-519104.0312341232
 11
-388138.5098176056
 21
-519104.0312341232
 72
     1
 10
-388138.5098176056
 20
-519104.0312341232
 11
-388138.5098176056
 21
-518924.0312341233
 72
     1
 10
-388138.5098176056
 20
-518924.0312341232
 11
-388168.5098176056
 21
-518894.031234123
 72
     1
 10
-388168.5098176056
 20
-518894.031234123
 11
-388218.7599187012
 21
-518893.6334354917
 72
     1
 10
-388218.7599187012
 20
-518893.6334354917
 11
-388218.7599187012
 21
-518697.7022083283
 72
     2
 10
-388614.4123558157
 20
-518680.6542196412
 40
396.0195511749075
 50
357.5327487302167
 51
396.7044586695519
 73
     1
 72
     2
 10
-388388.5098176057
 20
-518512.2443091985
 40
114.2503997317986
 50
36.70445866955279
 51
143.2955413304472
 73
     1
 72
     2
 10
-388175.0262141393
 20
-518676.8292419986
 40
383.8015086775099
 50
142.645235290286
 51
183.11755731012
 73
     1
 72
     1
 10
-388558.2597165103
 20
-518697.7022083297
 11
-388558.2597165103
 21
-518894.031234123
 72
     1
 10
-388558.2597165103
 20
-518894.031234123
 11
-388608.509817606
 21
-518894.031234123
 72
     1
 10
-388608.5098176057
 20
-518894.031234123
 11
-388852.3626451375
 21
-518611.2643808964
 72
     1
 10
-388852.3626451375
 20
-518611.2643808964
 11
-389596.7435683671
 21
-518611.264380896
 97
        0
 75
     0
 76
     1
 52
45.0
 41
1000.0
 77
     0
 78
     2
 53
270.0
 43
-395547.6708852821
 44
-493952.5620684893
 45
-125.0
 46
-0.0000000000000213
 79
     0
 53
180.0
 43
-395547.6708852821
 44
-493952.5620684893
 45
-0.0000000000000213
 46
125.0
 79
     0
 98
        1
 10
-395547.6708852821
 20
-493952.5620684893
  0
LWPOLYLINE
  5
E8
330
2
100
AcDbEntity
  8
ARCH
100
AcDbPolyline
 90
        4
 70
     1
 43
0.0
 10
-387196.7435683759
 20
-519104.0312341232
 10
-387196.7435683783
 20
-517504.0312341232
 10
-387996.7435683783
 20
-517504.0312341231
 10
-387996.743568376
 20
-519104.0312341232
  0
LWPOLYLINE
  5
E9
330
2
100
AcDbEntity
  8
ARCH
100
AcDbPolyline
 90
        4
 70
     1
 43
0.0
 10
-387246.7435683758
 20
-519054.0312341379
 10
-387246.7435683783
 20
-517554.0312341232
 10
-387946.7435683783
 20
-517554.031234123
 10
-387946.7435683761
 20
-519054.031234123
  0
LINE
  5
EA
330
2
100
AcDbEntity
  8
ARCH
100
AcDbLine
 10
-387946.7435683761
 20
-519054.031234123
 30
0.0
 11
-387246.7435683783
 21
-517554.0312341232
 31
0.0
  0
LINE
  5
EB
330
2
100
AcDbEntity
  8
ARCH
100
AcDbLine
 10
-387246.7435683758
 20
-519054.0312341379
 30
0.0
 11
-387946.7435683783
 21
-517554.031234123
 31
0.0
  0
LINE
  5
EC
330
2
100
AcDbEntity
  8
PWINDOW
100
AcDbLine
 10
-394696.7435683737
 20
-519084.0312341229
 30
0.0
 11
-394696.7435683737
 21
-518104.0312341231
 31
0.0
  0
DIMENSION
  5
ED
330
2
100
AcDbEntity
  8
PUB_DIM
100
AcDbDimension
280
     0
  2
*D31
 10
-365443.1451200489
 20
-514744.0312341238
 30
0.0
 11
-365893.1451200488
 21
-516994.0312341235
 31
0.0
 70
     1
 71
     5
 42
4499.999999999534
 73
     0
 74
     0
 75
     0
  3
AXIS150
100
AcDbAlignedDimension
 13
-367020.4781898817
 23
-519244.0312341233
 33
0.0
 14
-367020.4781898308
 24
-514744.0312341238
 34
0.0
  0
DIMENSION
  5
106
330
2
100
AcDbEntity
  8
PUB_DIM
100
AcDbDimension
280
     0
  2
*D32
 10
-364443.1451200489
 20
-514744.0312341238
 30
0.0
 11
-364893.1451200489
 21
-528844.0875089677
 31
0.0
 70
     1
 71
     5
 42
28200.11254968791
 73
     0
 74
     0
 75
     0
  3
AXIS150
100
AcDbAlignedDimension
 13
-366020.4781901528
 23
-542944.1437838116
 33
0.0
 14
-366020.4781898308
 24
-514744.0312341238
 34
0.0
  0
LINE
  5
113
330
2
100
AcDbEntity
  8
WIN
100
AcDbLine
 10
-387196.7435683661
 20
-517991.6289727806
 30
0.0
 11
-387196.7435683661
 21
-518591.6289727805
 31
0.0
  0
LINE
  5
114
330
2
100
AcDbEntity
  8
WIN
100
AcDbLine
 10
-387106.7435683659
 20
-517991.6289727806
 30
0.0
 11
-387106.7435683659
 21
-518591.6289727805
 31
0.0
  0
LINE
  5
115
330
2
100
AcDbEntity
  8
WIN
100
AcDbLine
 10
-386996.7435683657
 20
-517991.6289727806
 30
0.0
 11
-386996.7435683657
 21
-518591.6289727805
 31
0.0
  0
LINE
  5
116
330
2
100
AcDbEntity
  8
WIN
100
AcDbLine
 10
-387046.7435683661
 20
-517991.6289727806
 30
0.0
 11
-387046.7435683661
 21
-518591.6289727805
 31
0.0
  0
LINE
  5
117
330
2
100
AcDbEntity
  8
WALL
100
AcDbLine
 10
-389596.7435683685
 20
-517504.0312341231
 30
0.0
 11
-389596.7435683682
 21
-517604.0312341231
 31
0.0
  0
LINE
  5
118
330
2
100
AcDbEntity
  8
WALL
100
AcDbLine
 10
-389696.7435683685
 20
-517504.0312341231
 30
0.0
 11
-389696.7435683682
 21
-517604.0312341228
 31
0.0
  0
INSERT
  5
119
330
2
100
AcDbEntity
  8
WINDOW
100
AcDbBlockReference
 66
     1
  2
_DBLK
 10
-389646.7435683653
 20
-517954.0312341228
 30
0.0
 41
-700.0
 42
700.0
 43
700.0
 50
90.0
1001
WTHICK
1040
99.99999999999271
  0
ATTRIB
  5
11A
330
119
100
AcDbEntity
  8
0
100
AcDbText
 10
-389996.7435683652
 20
-517954.0312341219
 30
0.0
 40
300.0
  1

 50
90.0
 41
0.8
  7
_SIMPLEX
 72
     4
 11
-389996.7435683652
 21
-517954.0312341219
 31
0.0
100
AcDbAttribute
280
     0
  2
A
 70
     9
280
     0
  0
SEQEND
  5
11B
330
119
100
AcDbEntity
  8
WINDOW
  0
LINE
  5
11C
330
2
100
AcDbEntity
  8
WALL
100
AcDbLine
 10
-393996.7435683721
 20
-519104.0312341232
 30
0.0
 11
-393996.7435683747
 21
-516204.1437838194
 31
0.0
  0
LINE
  5
11D
330
2
100
AcDbEntity
  8
WALL
100
AcDbLine
 10
-394196.7435683745
 20
-516204.1437838194
 30
0.0
 11
-394196.7435683721
 21
-519204.031234123
 31
0.0
  0
INSERT
  5
11E
330
2
100
AcDbEntity
  8
WINDOW
100
AcDbBlockReference
 66
     1
  2
_DBLK
 10
-390746.7435683745
 20
-518554.0312341231
 30
0.0
 41
900.0
 42
-900.0
 43
900.0
 50
90.0
1001
WTHICK
1040
99.99999999980721
  0
ATTRIB
  5
11F
330
11E
100
AcDbEntity
  8
0
100
AcDbText
 10
-391096.7435683746
 20
-518554.0312341233
 30
0.0
 40
300.0
  1

 50
89.99999999999998
 41
0.8
  7
_SIMPLEX
 72
     4
 11
-391096.7435683746
 21
-518554.0312341233
 31
0.0
100
AcDbAttribute
280
     0
  2
A
 70
     9
280
     0
  0
SEQEND
  5
120
330
11E
100
AcDbEntity
  8
WINDOW
  0
DIMENSION
  5
121
330
2
100
AcDbEntity
  8
PUB_DIM
100
AcDbDimension
280
     0
  2
*D33
 10
-408110.6806151264
 20
-514744.0312341238
 30
0.0
 11
-408560.6806151264
 21
-516994.0312341235
 31
0.0
 70
     1
 71
     5
 42
4499.999999999534
 73
     0
 74
     0
 75
     0
  3
AXIS150
100
AcDbAlignedDimension
 13
-406533.3475452935
 23
-519244.0312341233
 33
0.0
 14
-406533.3475453441
 24
-514744.0312341238
 34
0.0
  0
INSERT
  5
12E
330
2
100
AcDbEntity
  8
JJ
100
AcDbBlockReference
  2
A$C431C2F8F
 10
-389600.3138875782
 20
-521538.0679032315
 30
0.0
  0
INSERT
  5
17F
330
2
100
AcDbEntity
  8
JJ
100
AcDbBlockReference
  2
A$C431C2F8F
 10
-382193.1732494397
 20
-521538.0679032315
 30
0.0
 41
-1.0
  0
TEXT
  5
180
330
2
100
AcDbEntity
  8
CTEXT
100
AcDbText
 10
-403460.6339090731
 20
-528428.6368651599
 30
0.0
 40
500.0
  1
卧室
 50
359.9999999999995
 41
0.8
  7
_FSD
100
AcDbText
  0
LINE
  5
185
330
2
100
AcDbEntity
  8
JJ
100
AcDbLine
 10
-404702.3372193577
 20
-528704.0312341232
 30
0.0
 11
-403036.2138998381
 21
-528704.0312341232
 31
0.0
  0
LINE
  5
186
330
2
100
AcDbEntity
  8
JJ
100
AcDbLine
 10
-404702.3372193567
 20
-528954.0312341233
 30
0.0
 11
-403036.2138998381
 21
-528954.0312341232
 31
0.0
  0
LWPOLYLINE
  5
187
330
2
100
AcDbEntity
  8
JJ
 62
   252
100
AcDbPolyline
 90
       16
 70
     1
 43
0.0
 10
-402502.4058265107
 20
-529681.5672942496
 10
-402518.788689496
 20
-529627.1821212602
 10
-402562.5478666444
 20
-529579.3660581913
 10
-402622.8964249212
 20
-529550.7145530528
 10
-402696.530834796
 20
-529542.8505863977
 10
-402768.9109395165
 20
-529558.5027023387
 10
-402825.8693254014
 20
-529593.4111470301
 10
-402864.2938489336
 20
-529645.6107395982
 10
-402874.7986047286
 20
-529701.4300494025
 10
-402858.4157417435
 20
-529755.8152223919
 10
-402814.6565645953
 20
-529803.6312854608
 10
-402754.3080063479
 20
-529832.2827905958
 10
-402680.6735964434
 20
-529840.1467572544
 10
-402608.2934917229
 20
-529824.4946413134
 10
-402551.335105868
 20
-529789.5861966219
 10
-402512.9105823356
 20
-529737.386604054
  0
LWPOLYLINE
  5
188
330
2
100
AcDbEntity
  8
JJ
 62
   252
100
AcDbPolyline
 90
       16
 70
     1
 43
0.0
 10
-402466.1079864522
 20
-529678.2234491428
 10
-402486.3370269557
 20
-529748.6738422719
 10
-402538.8081932384
 20
-529809.4402448741
 10
-402611.9972554167
 20
-529846.5285773818
 10
-402699.9515117426
 20
-529856.8031237925
 10
-402786.3137927968
 20
-529837.2308495362
 10
-402855.1423714477
 20
-529792.5675537682
 10
-402900.8518781085
 20
-529726.5643721651
 10
-402913.4720715005
 20
-529654.361860523
 10
-402893.2430309672
 20
-529583.9114674161
 10
-402840.771864714
 20
-529523.1450647914
 10
-402767.5828025359
 20
-529486.0567322802
 10
-402679.62854621
 20
-529475.7821858954
 10
-402593.2662651557
 20
-529495.3544601519
 10
-402524.4376865049
 20
-529540.0177558978
 10
-402478.7281798442
 20
-529606.0209374969
  0
LINE
  5
189
330
2
100
AcDbEntity
  8
JJ
100
AcDbLine
 10
-402102.3372193577
 20
-529924.0312341228
 30
0.0
 11
-403167.5836507147
 21
-529924.0312341228
 31
0.0
  0
TEXT
  5
18A
330
2
100
AcDbEntity
  8
CTEXT
100
AcDbText
 10
-403125.818010475
 20
-534830.7333420495
 30
0.0
 40
500.0
  1
主卧室
 41
0.8
  7
_FSD
100
AcDbText
  0
INSERT
  5
18B
330
2
100
AcDbEntity
  8
JJ
100
AcDbBlockReference
  2
RC31
 10
-402366.5452125643
 20
-531541.8416598078
 30
0.0
 50
90.0
  0
LINE
  5
18C
330
2
100
AcDbEntity
  8
WIN
100
AcDbLine
 10
-405402.3372193579
 20
-525144.0312341192
 30
0.0
 11
-402702.2245710083
 21
-525144.0312341192
 31
0.0
  0
LINE
  5
18D
330
2
100
AcDbEntity
  8
WIN
100
AcDbLine
 10
-405282.3372193578
 20
-525264.0312341192
 30
0.0
 11
-402822.2245710082
 21
-525264.0312341192
 31
0.0
  0
LINE
  5
18E
330
2
100
AcDbEntity
  8
WIN
100
AcDbLine
 10
-405342.3372193577
 20
-525204.0312341192
 30
0.0
 11
-402762.2245710083
 21
-525204.0312341191
 31
0.0
  0
LINE
  5
18F
330
2
100
AcDbEntity
  8
PWINDOW
100
AcDbLine
 10
-404702.3372193577
 20
-525744.0312341195
 30
0.0
 11
-402822.2245710082
 21
-525744.0312341195
 31
0.0
  0
LINE
  5
190
330
2
100
AcDbEntity
  8
WALL
100
AcDbLine
 10
-404702.3372193577
 20
-529424.031234123
 30
0.0
 11
-402102.3372193577
 21
-529424.031234123
 31
0.0
  0
LINE
  5
191
330
2
100
AcDbEntity
  8
WALL
100
AcDbLine
 10
-404702.3372193577
 20
-529204.0312341232
 30
0.0
 11
-402102.3372193577
 21
-529204.0312341232
 31
0.0
  0
LINE
  5
192
330
2
100
AcDbEntity
  8
WIN
100
AcDbLine
 10
-402282.3372193577
 20
-536429.1437838044
 30
0.0
 11
-405402.3372193579
 21
-536429.1437838041
 31
0.0
  0
LINE
  5
193
330
2
100
AcDbEntity
  8
PWINDOW
100
AcDbLine
 10
-402402.3372193577
 20
-535729.1437838044
 30
0.0
 11
-404702.3372193577
 21
-535729.1437838043
 31
0.0
  0
LINE
  5
194
330
2
100
AcDbEntity
  8
WIN
100
AcDbLine
 10
-402402.3372193577
 20
-536309.1437838043
 30
0.0
 11
-405282.3372193578
 21
-536309.1437838043
 31
0.0
  0
LINE
  5
195
330
2
100
AcDbEntity
  8
WIN
100
AcDbLine
 10
-402342.3372193577
 20
-536369.1437838043
 30
0.0
 11
-405342.3372193577
 21
-536369.1437838043
 31
0.0
  0
DIMENSION
  5
196
330
2
100
AcDbEntity
  8
PUB_DIM
100
AcDbDimension
280
     0
  2
*D34
 10
-404396.7435683538
 20
-546850.505349614
 30
0.0
 11
-402496.7435683584
 21
-546400.5053495865
 31
0.0
 70
     1
 71
     5
 42
3800.000000003842
 73
     0
 74
     0
 75
     0
  3
AXIS150
100
AcDbAlignedDimension
 13
-400596.7435683728
 23
-545273.172279781
 33
0.0
 14
-404396.7435683765
 24
-545273.1722798359
 34
0.0
  0
DIMENSION
  5
1A3
330
2
100
AcDbEntity
  8
PUB_DIM
100
AcDbDimension
280
     0
  2
*D35
 10
-404396.7435683531
 20
-547850.5053496022
 30
0.0
 11
-387146.7435684922
 21
-547400.5053493449
 31
0.0
 70
     1
 71
     5
 42
34499.99999973527
 73
     0
 74
     0
 75
     0
  3
AXIS150
100
AcDbAlignedDimension
 13
-369896.7435686415
 23
-546273.1722793216
 33
0.0
 14
-404396.7435683765
 24
-546273.1722798359
 34
0.0
  0
LINE
  5
1B0
330
2
100
AcDbEntity
  8
JJ
100
AcDbLine
 10
-403952.3372193595
 20
-530924.0312341241
 30
0.0
 11
-403952.337219357
 21
-531124.0312341232
 31
0.0
  0
LINE
  5
1B1
330
2
100
AcDbEntity
  8
WALL
100
AcDbLine
 10
-404702.3372193577
 20
-531124.0312341229
 30
0.0
 11
-404702.3372193577
 21
-530224.0312341232
 31
0.0
  0
LINE
  5
1B2
330
2
100
AcDbEntity
  8
WALL
100
AcDbLine
 10
-404902.3372193577
 20
-530224.0312341232
 30
0.0
 11
-404902.3372193577
 21
-533999.143783804
 31
0.0
  0
DIMENSION
  5
1B3
330
2
100
AcDbEntity
  8
PUB_DIM
100
AcDbDimension
280
     0
  2
*D36
 10
-408110.6806150248
 20
-529344.0312341269
 30
0.0
 11
-408560.6806150248
 21
-530244.0312341253
 31
0.0
 70
     1
 71
     5
 42
1799.999999996158
 73
     0
 74
     0
 75
     0
  3
AXIS150
100
AcDbAlignedDimension
 13
-406533.3475451917
 23
-531144.0312341232
 33
0.0
 14
-406533.3475452425
 24
-529344.0312341269
 34
0.0
  0
DIMENSION
  5
1C0
330
2
100
AcDbEntity
  8
PUB_DIM
100
AcDbDimension
280
     0
  2
*D37
 10
-408110.6806150248
 20
-531144.0312341232
 30
0.0
 11
-408560.6806150248
 21
-533494.0875089635
 31
0.0
 70
     1
 71
     5
 42
4700.1125496811
 73
     0
 74
     0
 75
     0
  3
AXIS150
100
AcDbAlignedDimension
 13
-406533.3475451917
 23
-535844.1437838043
 33
0.0
 14
-406533.3475452471
 24
-531144.0312341232
 34
0.0
  0
DIMENSION
  5
1CD
330
2
100
AcDbEntity
  8
PUB_DIM
100
AcDbDimension
280
     0
  2
*D38
 10
-408110.6806150248
 20
-535844.1437838043
 30
0.0
 11
-408560.6806150248
 21
-537244.1437838078
 31
0.0
 70
     1
 71
     5
 42
2800.000000007102
 73
     0
 74
     0
 75
     0
  3
AXIS150
100
AcDbAlignedDimension
 13
-406533.3475451917
 23
-538644.1437838112
 33
0.0
 14
-406533.3475452471
 24
-535844.1437838043
 34
0.0
  0
DIMENSION
  5
1DA
330
2
100
AcDbEntity
  8
PUB_DIM
100
AcDbDimension
280
     0
  2
*D39
 10
-408110.68061497
 20
-538644.1437838112
 30
0.0
 11
-408560.6806149699
 21
-540144.143783815
 31
0.0
 70
     1
 71
     5
 42
3000.000000007219
 73
     0
 74
     0
 75
     0
  3
AXIS150
100
AcDbAlignedDimension
 13
-406533.347545137
 23
-541644.1437838185
 33
0.0
 14
-406533.3475451917
 24
-538644.1437838112
 34
0.0
  0
DIMENSION
  5
1E7
330
2
100
AcDbEntity
  8
PUB_DIM
100
AcDbDimension
280
     0
  2
*D40
 10
-408110.68061497
 20
-541644.1437838185
 30
0.0
 11
-408560.6806149699
 21
-542294.1437838152
 31
0.0
 70
     1
 71
     5
 42
1299.999999993131
 73
     0
 74
     0
 75
     0
  3
AXIS150
100
AcDbAlignedDimension
 13
-406533.347545137
 23
-542944.1437838116
 33
0.0
 14
-406533.3475451917
 24
-541644.1437838185
 34
0.0
  0
LINE
  5
1F6
330
2
100
AcDbEntity
  8
WIN
100
AcDbLine
 10
-405402.3372193579
 20
-533879.143783804
 30
0.0
 11
-405402.3372193579
 21
-536429.1437838041
 31
0.0
  0
LINE
  5
1F7
330
2
100
AcDbEntity
  8
PWINDOW
100
AcDbLine
 10
-404702.3372193577
 20
-533999.143783804
 30
0.0
 11
-404702.3372193577
 21
-535729.1437838043
 31
0.0
  0
LINE
  5
1F8
330
2
100
AcDbEntity
  8
WIN
100
AcDbLine
 10
-405282.3372193578
 20
-533999.143783804
 30
0.0
 11
-405282.3372193578
 21
-536309.1437838043
 31
0.0
  0
LINE
  5
1F9
330
2
100
AcDbEntity
  8
WIN
100
AcDbLine
 10
-405342.3372193577
 20
-533939.1437838043
 30
0.0
 11
-405342.3372193577
 21
-536369.1437838043
 31
0.0
  0
LINE
  5
1FA
330
2
100
AcDbEntity
  8
JJ
100
AcDbLine
 10
-404252.3372193577
 20
-534344.0312341268
 30
0.0
 11
-404252.3372193577
 21
-534929.1437838043
 31
0.0
  0
INSERT
  5
1FB
330
2
100
AcDbEntity
  8
JJ
100
AcDbBlockReference
  2
SZ2
 10
-404746.2565267957
 20
-535764.6072479197
 30
0.0
 41
0.7999999999883585
 42
0.7999999999883585
 43
0.8
 50
270.0
  0
LINE
  5
218
330
2
100
AcDbEntity
  8
JJ
100
AcDbLine
 10
-404557.8660898383
 20
-531639.2370027141
 30
0.0
 11
-404472.6543963965
 21
-531308.8254655315
 31
0.0
  0
LINE
  5
219
330
2
100
AcDbEntity
  8
JJ
100
AcDbLine
 10
-404275.4853602164
 20
-531639.2370027143
 30
0.0
 11
-404275.4853602168
 21
-531308.8254655315
 31
0.0
  0
LINE
  5
21A
330
2
100
AcDbEntity
  8
JJ
100
AcDbLine
 10
-404222.6612028446
 20
-531308.8254655315
 30
0.0
 11
-404222.6612028446
 21
-531639.2370027143
 31
0.0
  0
LINE
  5
21B
330
2
100
AcDbEntity
  8
JJ
100
AcDbLine
 10
-404428.8420951962
 20
-531308.8254655315
 30
0.0
 11
-404398.4786229553
 21
-531639.2370027141
 31
0.0
  0
LINE
  5
21C
330
2
100
AcDbEntity
  8
JJ
100
AcDbLine
 10
-403217.4637232574
 20
-531724.0312341231
 30
0.0
 11
-403217.4637232574
 21
-531224.0312341232
 31
0.0
  0
LINE
  5
21D
330
2
100
AcDbEntity
  8
JJ
100
AcDbLine
 10
-403423.1286034429
 20
-531296.4587851111
 30
0.0
 11
-403392.7651312017
 21
-531626.8703222938
 31
0.0
  0
LINE
  5
21E
330
2
100
AcDbEntity
  8
JJ
100
AcDbLine
 10
-403781.5768883222
 20
-531296.4587851111
 30
0.0
 11
-403751.2134160811
 21
-531626.8703222938
 31
0.0
  0
LINE
  5
21F
330
2
100
AcDbEntity
  8
JJ
100
AcDbLine
 10
-403924.8129713072
 20
-531639.2370027143
 30
0.0
 11
-403924.8129713075
 21
-531308.8254655315
 31
0.0
  0
LINE
  5
220
330
2
100
AcDbEntity
  8
JJ
100
AcDbLine
 10
-403871.9888139353
 20
-531308.8254655315
 30
0.0
 11
-403871.9888139353
 21
-531639.2370027143
 31
0.0
  0
LINE
  5
221
330
2
100
AcDbEntity
  8
JJ
100
AcDbLine
 10
-404070.3938103169
 20
-531308.8254655315
 30
0.0
 11
-404040.0303380756
 21
-531639.2370027141
 31
0.0
  0
LINE
  5
222
330
2
100
AcDbEntity
  8
JJ
100
AcDbLine
 10
-403628.2201533428
 20
-531626.8703222938
 30
0.0
 11
-403628.2201533428
 21
-531296.4587851111
 31
0.0
  0
LINE
  5
223
330
2
100
AcDbEntity
  8
JJ
100
AcDbLine
 10
-403575.3959959706
 20
-531296.4587851111
 30
0.0
 11
-403575.3959959706
 21
-531626.8703222938
 31
0.0
  0
LINE
  5
224
330
2
100
AcDbEntity
  8
JJ
100
AcDbLine
 10
-404702.3372193446
 20
-531724.0312341228
 30
0.0
 11
-403217.4637232574
 21
-531724.0312341231
 31
0.0
  0
LINE
  5
225
330
2
100
AcDbEntity
  8
JJ
100
AcDbLine
 10
-404702.3372193438
 20
-531474.0312341232
 30
0.0
 11
-403217.4637232574
 21
-531474.0312341232
 31
0.0
  0
LINE
  5
226
330
2
100
AcDbEntity
  8
WALL
100
AcDbLine
 10
-404902.3372193577
 20
-533999.143783804
 30
0.0
 11
-404702.3372193577
 21
-533999.143783804
 31
0.0
  0
LINE
  5
227
330
2
100
AcDbEntity
  8
WIN
100
AcDbLine
 10
-405402.3372193579
 20
-533879.143783804
 30
0.0
 11
-404902.3372193577
 21
-533879.143783804
 31
0.0
  0
LINE
  5
228
330
2
100
AcDbEntity
  8
WIN
100
AcDbLine
 10
-405282.3372193578
 20
-533999.143783804
 30
0.0
 11
-404902.3372193577
 21
-533999.143783804
 31
0.0
  0
LINE
  5
229
330
2
100
AcDbEntity
  8
WIN
100
AcDbLine
 10
-405342.3372193577
 20
-533939.1437838043
 30
0.0
 11
-404902.3372193577
 21
-533939.1437838043
 31
0.0
  0
LINE
  5
22A
330
2
100
AcDbEntity
  8
WALL
100
AcDbLine
 10
-404702.3372193577
 20
-531224.0312341232
 30
0.0
 11
-404702.3372193577
 21
-533999.143783804
 31
0.0
  0
DIMENSION
  5
22B
330
2
100
AcDbEntity
  8
PUB_DIM
100
AcDbDimension
280
     0
  2
*D41
 10
-408110.6806150248
 20
-524044.0312341227
 30
0.0
 11
-408560.6806150248
 21
-524844.0312341211
 31
0.0
 70
     1
 71
     5
 42
1599.999999996391
 73
     0
 74
     0
 75
     0
  3
AXIS150
100
AcDbAlignedDimension
 13
-406533.3475451917
 23
-525644.0312341191
 33
0.0
 14
-406533.3475452425
 24
-524044.0312341227
 34
0.0
  0
LINE
  5
238
330
2
100
AcDbEntity
  8
WALL
100
AcDbLine
 10
-404702.3372193577
 20
-527244.0312341191
 30
0.0
 11
-404702.3372193577
 21
-529204.0312341232
 31
0.0
  0
LINE
  5
239
330
2
100
AcDbEntity
  8
WALL
100
AcDbLine
 10
-404902.3372193577
 20
-527244.0312341191
 30
0.0
 11
-404902.3372193577
 21
-529424.031234123
 31
0.0
  0
LINE
  5
23A
330
2
100
AcDbEntity
  8
PWINDOW
100
AcDbLine
 10
-405402.3372193579
 20
-527364.0312341191
 30
0.0
 11
-405402.3372193579
 21
-530344.031234123
 31
0.0
  0
DIMENSION
  5
23B
330
2
100
AcDbEntity
  8
PUB_DIM
100
AcDbDimension
280
     0
  2
*D42
 10
-408110.6806150248
 20
-525644.0312341192
 30
0.0
 11
-408560.6806150248
 21
-527494.0312341232
 31
0.0
 70
     1
 71
     5
 42
3700.000000007684
 73
     0
 74
     0
 75
     0
  3
AXIS150
100
AcDbAlignedDimension
 13
-406533.3475451917
 23
-529344.0312341269
 33
0.0
 14
-406533.3475452425
 24
-525644.0312341192
 34
0.0
  0
LINE
  5
248
330
2
100
AcDbEntity
  8
JJ
100
AcDbLine
 10
-403300.6837778716
 20
-529119.2370027147
 30
0.0
 11
-403300.6837778716
 21
-528788.8254655319
 31
0.0
  0
LINE
  5
249
330
2
100
AcDbEntity
  8
JJ
100
AcDbLine
 10
-403353.5079352435
 20
-528788.8254655319
 30
0.0
 11
-403353.5079352435
 21
-529119.2370027147
 31
0.0
  0
LINE
  5
24A
330
2
100
AcDbEntity
  8
JJ
100
AcDbLine
 10
-403210.2718522582
 20
-529131.6036831349
 30
0.0
 11
-403179.9083800175
 21
-528801.1921459524
 31
0.0
  0
LINE
  5
24B
330
2
100
AcDbEntity
  8
JJ
100
AcDbLine
 10
-404702.3372193577
 20
-528704.0312341232
 30
0.0
 11
-404702.3372193577
 21
-529204.0312341232
 31
0.0
  0
LINE
  5
24C
330
2
100
AcDbEntity
  8
JJ
100
AcDbLine
 10
-404070.3938103299
 20
-529119.2370027147
 30
0.0
 11
-404040.0303380887
 21
-528788.8254655319
 31
0.0
  0
LINE
  5
24D
330
2
100
AcDbEntity
  8
JJ
100
AcDbLine
 10
-403871.9888139485
 20
-529119.2370027147
 30
0.0
 11
-403871.9888139485
 21
-528788.8254655319
 31
0.0
  0
LINE
  5
24E
330
2
100
AcDbEntity
  8
JJ
100
AcDbLine
 10
-403924.8129713203
 20
-528788.8254655319
 30
0.0
 11
-403924.8129713203
 21
-529119.2370027147
 31
0.0
  0
LINE
  5
24F
330
2
100
AcDbEntity
  8
JJ
100
AcDbLine
 10
-403781.576888335
 20
-529131.6036831349
 30
0.0
 11
-403751.2134160942
 21
-528801.1921459524
 31
0.0
  0
LINE
  5
250
330
2
100
AcDbEntity
  8
JJ
100
AcDbLine
 10
-404428.8420952093
 20
-529119.2370027147
 30
0.0
 11
-404398.4786229682
 21
-528788.8254655319
 31
0.0
  0
LINE
  5
251
330
2
100
AcDbEntity
  8
JJ
100
AcDbLine
 10
-404222.6612028577
 20
-529119.2370027147
 30
0.0
 11
-404222.6612028577
 21
-528788.8254655319
 31
0.0
  0
LINE
  5
252
330
2
100
AcDbEntity
  8
JJ
100
AcDbLine
 10
-404275.4853602295
 20
-528788.8254655319
 30
0.0
 11
-404275.4853602295
 21
-529119.2370027147
 31
0.0
  0
LINE
  5
253
330
2
100
AcDbEntity
  8
JJ
100
AcDbLine
 10
-404557.866089851
 20
-528788.8254655319
 30
0.0
 11
-404472.6543964093
 21
-529119.2370027147
 31
0.0
  0
LINE
  5
254
330
2
100
AcDbEntity
  8
JJ
100
AcDbLine
 10
-403628.2201533556
 20
-528801.1921459522
 30
0.0
 11
-403628.2201533556
 21
-529131.6036831349
 31
0.0
  0
LINE
  5
255
330
2
100
AcDbEntity
  8
JJ
100
AcDbLine
 10
-403385.6033754464
 20
-529634.031234123
 30
0.0
 11
-403167.5836507147
 21
-529924.0312341228
 31
0.0
  0
INSERT
  5
256
330
2
100
AcDbEntity
  8
JJ
100
AcDbBlockReference
  2
WP3
 10
-403385.6033754464
 20
-529424.0312341228
 30
0.0
 41
-1.0
  0
INSERT
  5
278
330
2
100
AcDbEntity
  8
JJ
100
AcDbBlockReference
  2
YP2
 10
-404884.3390865655
 20
-531003.6893114421
 30
0.0
 41
-1.0
 50
90.0
  0
LINE
  5
296
330
2
100
AcDbEntity
  8
WIN
100
AcDbLine
 10
-404772.3372193577
 20
-530224.0312341232
 30
0.0
 11
-404772.3372193577
 21
-529424.031234123
 31
0.0
  0
LINE
  5
297
330
2
100
AcDbEntity
  8
WIN
100
AcDbLine
 10
-404832.3372193578
 20
-530224.0312341232
 30
0.0
 11
-404832.3372193578
 21
-529424.031234123
 31
0.0
  0
LINE
  5
298
330
2
100
AcDbEntity
  8
WIN
100
AcDbLine
 10
-404902.3372193577
 20
-530224.0312341232
 30
0.0
 11
-404902.3372193577
 21
-529424.031234123
 31
0.0
  0
LINE
  5
299
330
2
100
AcDbEntity
  8
WIN
100
AcDbLine
 10
-404702.3372193577
 20
-530224.0312341232
 30
0.0
 11
-404702.3372193577
 21
-529424.031234123
 31
0.0
  0
LINE
  5
29A
330
2
100
AcDbEntity
  8
WALL
100
AcDbLine
 10
-404702.3372193577
 20
-529424.031234123
 30
0.0
 11
-404902.3372193577
 21
-529424.031234123
 31
0.0
  0
LINE
  5
29B
330
2
100
AcDbEntity
  8
WALL
100
AcDbLine
 10
-404702.3372193577
 20
-530224.0312341232
 30
0.0
 11
-404902.3372193577
 21
-530224.0312341232
 31
0.0
  0
LINE
  5
29C
330
2
100
AcDbEntity
  8
WALL
100
AcDbLine
 10
-404702.3372193577
 20
-529424.031234123
 30
0.0
 11
-404702.3372193577
 21
-529424.031234123
 31
0.0
  0
LINE
  5
29D
330
2
100
AcDbEntity
  8
PWINDOW
100
AcDbLine
 10
-404902.3372193577
 20
-530344.031234123
 30
0.0
 11
-405402.3372193579
 21
-530344.031234123
 31
0.0
  0
INSERT
  5
29E
330
2
100
AcDbEntity
  8
JJ
100
AcDbBlockReference
  2
SZ2
 10
-403866.8737552423
 20
-525700.1119266814
 30
0.0
 41
-0.8000000000465661
 42
0.7999999999883585
 43
0.8
 50
180.0
  0
LINE
  5
29F
330
2
100
AcDbEntity
  8
WALL
100
AcDbLine
 10
-404702.3372193577
 20
-527244.0312341191
 30
0.0
 11
-404902.3372193577
 21
-527244.0312341191
 31
0.0
  0
LINE
  5
2A0
330
2
100
AcDbEntity
  8
WIN
100
AcDbLine
 10
-404902.3372193577
 20
-527244.0312341191
 30
0.0
 11
-405282.3372193578
 21
-527244.0312341191
 31
0.0
  0
LINE
  5
2A1
330
2
100
AcDbEntity
  8
WIN
100
AcDbLine
 10
-404902.3372193577
 20
-527304.0312341192
 30
0.0
 11
-405342.3372193577
 21
-527304.0312341192
 31
0.0
  0
LINE
  5
2A2
330
2
100
AcDbEntity
  8
WIN
100
AcDbLine
 10
-404902.3372193577
 20
-527364.0312341191
 30
0.0
 11
-405402.3372193579
 21
-527364.0312341191
 31
0.0
  0
LINE
  5
2A3
330
2
100
AcDbEntity
  8
PWINDOW
100
AcDbLine
 10
-404702.3372193577
 20
-527244.0312341191
 30
0.0
 11
-404702.3372193577
 21
-525744.0312341195
 31
0.0
  0
LINE
  5
2A4
330
2
100
AcDbEntity
  8
WIN
100
AcDbLine
 10
-405282.3372193578
 20
-527244.0312341191
 30
0.0
 11
-405282.3372193578
 21
-525264.0312341192
 31
0.0
  0
LINE
  5
2A5
330
2
100
AcDbEntity
  8
WIN
100
AcDbLine
 10
-405342.3372193577
 20
-527304.0312341192
 30
0.0
 11
-405342.3372193577
 21
-525204.0312341192
 31
0.0
  0
LINE
  5
2A6
330
2
100
AcDbEntity
  8
WIN
100
AcDbLine
 10
-405402.3372193579
 20
-527364.0312341191
 30
0.0
 11
-405402.3372193579
 21
-525144.0312341192
 31
0.0
  0
DIMENSION
  5
2A7
330
2
100
AcDbEntity
  8
PUB_DIM
100
AcDbDimension
280
     0
  2
*D43
 10
-408110.6806150756
 20
-519244.0312341233
 30
0.0
 11
-408560.6806150756
 21
-521644.0312341231
 31
0.0
 70
     1
 71
     5
 42
4799.999999999418
 73
     0
 74
     0
 75
     0
  3
AXIS150
100
AcDbAlignedDimension
 13
-406533.3475452425
 23
-524044.0312341227
 33
0.0
 14
-406533.3475452935
 24
-519244.0312341233
 34
0.0
  0
LINE
  5
2B4
330
2
100
AcDbEntity
  8
WIN
100
AcDbLine
 10
-387992.4497692965
 20
-543589.1437838153
 30
0.0
 11
-387992.4497692965
 21
-543089.1437838116
 31
0.0
  0
LINE
  5
2B5
330
2
100
AcDbEntity
  8
PWINDOW
100
AcDbLine
 10
-386962.4497690503
 20
-543089.1437838116
 30
0.0
 11
-386962.4497690503
 21
-543589.1437838153
 31
0.0
  0
LINE
  5
2B6
330
2
100
AcDbEntity
  8
WIN
100
AcDbLine
 10
-390202.4497690503
 20
-543589.1437838153
 30
0.0
 11
-390202.4497690503
 21
-543089.1437838116
 31
0.0
  0
LINE
  5
2B7
330
2
100
AcDbEntity
  8
PWINDOW
100
AcDbLine
 10
-390702.4497690502
 20
-543089.1437838116
 30
0.0
 11
-390702.4497690502
 21
-543589.1437838153
 31
0.0
  0
LINE
  5
2B8
330
2
100
AcDbEntity
  8
PWINDOW
100
AcDbLine
 10
-394102.4497690373
 20
-541589.1437838189
 30
0.0
 11
-394102.4497690373
 21
-543589.1437838153
 31
0.0
  0
DIMENSION
  5
2B9
330
2
100
AcDbEntity
  8
PUB_DIM
100
AcDbDimension
280
     0
  2
*D44
 10
-384696.7435686571
 20
-546850.5053496219
 30
0.0
 11
-385296.743568583
 21
-546400.5053496219
 31
0.0
 70
     1
 71
     5
 42
1199.999999851803
 73
     0
 74
     0
 75
     0
  3
AXIS150
100
AcDbAlignedDimension
 13
-385896.7435685089
 23
-545273.1722798023
 33
0.0
 14
-384696.7435686571
 24
-545273.1722796897
 34
0.0
  0
LINE
  5
2C8
330
2
100
AcDbEntity
  8
WIN
100
AcDbLine
 10
-386962.4497690503
 20
-543589.1437838153
 30
0.0
 11
-384802.4497690651
 21
-543589.1437838153
 31
0.0
  0
LINE
  5
2C9
330
2
100
AcDbEntity
  8
PWINDOW
100
AcDbLine
 10
-394102.4497690373
 20
-543589.1437838153
 30
0.0
 11
-390702.4497690502
 21
-543589.1437838153
 31
0.0
  0
DIMENSION
  5
2CA
330
2
100
AcDbEntity
  8
PUB_DIM
100
AcDbDimension
280
     0
  2
*D45
 10
-395796.7435685129
 20
-546850.5053494986
 30
0.0
 11
-394596.7435684707
 21
-546400.505349611
 31
0.0
 70
     1
 71
     5
 42
2400.0
 73
     0
 74
     0
 75
     0
  3
AXIS150
100
AcDbAlignedDimension
 13
-393396.743568365
 23
-545273.1722797258
 33
0.0
 14
-395796.743568365
 24
-545273.172279501
 34
0.0
  0
DIMENSION
  5
2D7
330
2
100
AcDbEntity
  8
PUB_DIM
100
AcDbDimension
280
     0
  2
*D46
 10
-400596.74356836
 20
-546850.5053492753
 30
0.0
 11
-398196.7435683626
 21
-546400.5053492616
 31
0.0
 70
     1
 71
     5
 42
4800.0
 73
     0
 74
     0
 75
     0
  3
AXIS150
100
AcDbAlignedDimension
 13
-395796.743568369
 23
-545273.1722794714
 33
0.0
 14
-400596.743568369
 24
-545273.1722794988
 34
0.0
  0
DIMENSION
  5
2E4
330
2
100
AcDbEntity
  8
PUB_DIM
100
AcDbDimension
280
     0
  2
*D47
 10
-390696.7435683525
 20
-546850.5053495928
 30
0.0
 11
-388896.7435683559
 21
-546400.5053495871
 31
0.0
 70
     1
 71
     5
 42
3599.999999995926
 73
     0
 74
     0
 75
     0
  3
AXIS150
100
AcDbAlignedDimension
 13
-387096.7435683612
 23
-545273.1722796897
 33
0.0
 14
-390696.7435683572
 24
-545273.1722797005
 34
0.0
  0
DIMENSION
  5
2F1
330
2
100
AcDbEntity
  8
PUB_DIM
100
AcDbDimension
280
     0
  2
*D48
 10
-393396.7435683328
 20
-546850.5053495015
 30
0.0
 11
-392046.7435683401
 21
-546400.5053494738
 31
0.0
 70
     1
 71
     5
 42
2700.000000003958
 73
     0
 74
     0
 75
     0
  3
AXIS150
100
AcDbAlignedDimension
 13
-390696.743568361
 23
-545273.1722796709
 33
0.0
 14
-393396.743568365
 24
-545273.1722797258
 34
0.0
  0
DIMENSION
  5
2FE
330
2
100
AcDbEntity
  8
PUB_DIM
100
AcDbDimension
280
     0
  2
*D49
 10
-387096.7435685091
 20
-546850.5053496219
 30
0.0
 11
-386496.7435685408
 21
-546400.5053496784
 31
0.0
 70
     1
 71
     5
 42
1199.999999852269
 73
     0
 74
     0
 75
     0
  3
AXIS150
100
AcDbAlignedDimension
 13
-385896.7435685089
 23
-545273.1722798023
 33
0.0
 14
-387096.7435683612
 24
-545273.1722796897
 34
0.0
  0
LINE
  5
30D
330
2
100
AcDbEntity
  8
WIN
100
AcDbLine
 10
-390202.4497690503
 20
-543589.1437838153
 30
0.0
 11
-387992.4497692965
 21
-543589.1437838153
 31
0.0
  0
LINE
  5
30E
330
2
100
AcDbEntity
  8
PWINDOW
100
AcDbLine
 10
-390202.4497690503
 20
-543589.1437838153
 30
0.0
 11
-390702.4497690502
 21
-543589.1437838153
 31
0.0
  0
LINE
  5
30F
330
2
100
AcDbEntity
  8
PWINDOW
100
AcDbLine
 10
-387992.4497692965
 20
-543589.1437838153
 30
0.0
 11
-386962.4497690503
 21
-543589.1437838153
 31
0.0
  0
DIMENSION
  5
310
330
2
100
AcDbEntity
  8
PUB_DIM
100
AcDbDimension
280
     0
  2
*D50
 10
-375996.743568653
 20
-546850.5053494986
 30
0.0
 11
-377196.743568653
 21
-546400.5053494986
 31
0.0
 70
     1
 71
     5
 42
2400.0
 73
     0
 74
     0
 75
     0
  3
AXIS150
100
AcDbAlignedDimension
 13
-378396.743568653
 23
-545273.1722797258
 33
0.0
 14
-375996.743568653
 24
-545273.172279501
 34
0.0
  0
DIMENSION
  5
31D
330
2
100
AcDbEntity
  8
PUB_DIM
100
AcDbDimension
280
     0
  2
*D51
 10
-378396.743568653
 20
-546850.5053494993
 30
0.0
 11
-379746.7435686551
 21
-546400.5053494993
 31
0.0
 70
     1
 71
     5
 42
2700.000000004075
 73
     0
 74
     0
 75
     0
  3
AXIS150
100
AcDbAlignedDimension
 13
-381096.7435686571
 23
-545273.1722796709
 33
0.0
 14
-378396.743568653
 24
-545273.1722797258
 34
0.0
  0
DIMENSION
  5
32A
330
2
100
AcDbEntity
  8
PUB_DIM
100
AcDbDimension
280
     0
  2
*D52
 10
-381096.7435686611
 20
-546850.5053495928
 30
0.0
 11
-382896.743568659
 21
-546400.5053495927
 31
0.0
 70
     1
 71
     5
 42
3599.999999996158
 73
     0
 74
     0
 75
     0
  3
AXIS150
100
AcDbAlignedDimension
 13
-384696.7435686571
 23
-545273.1722796897
 33
0.0
 14
-381096.7435686611
 24
-545273.1722797005
 34
0.0
  0
DIMENSION
  5
337
330
2
100
AcDbEntity
  8
PUB_DIM
100
AcDbDimension
280
     0
  2
*D53
 10
-373496.7435686492
 20
-546850.5053492738
 30
0.0
 11
-374746.7435686491
 21
-546400.5053492738
 31
0.0
 70
     1
 71
     5
 42
2499.999999999884
 73
     0
 74
     0
 75
     0
  3
AXIS150
100
AcDbAlignedDimension
 13
-375996.7435686491
 23
-545273.1722794714
 33
0.0
 14
-373496.7435686492
 24
-545273.1722794988
 34
0.0
  0
DIMENSION
  5
344
330
2
100
AcDbEntity
  8
PUB_DIM
100
AcDbDimension
280
     0
  2
*D54
 10
-369896.7435686415
 20
-546850.505349614
 30
0.0
 11
-371696.7435686433
 21
-546400.505349614
 31
0.0
 70
     1
 71
     5
 42
3600.000000003842
 73
     0
 74
     0
 75
     0
  3
AXIS150
100
AcDbAlignedDimension
 13
-373496.7435686453
 23
-545273.172279781
 33
0.0
 14
-369896.7435686415
 24
-545273.1722798359
 34
0.0
  0
INSERT
  5
351
330
2
100
AcDbEntity
  8
JJ
 62
   252
100
AcDbBlockReference
 66
     1
  2
_C38
 10
-373396.7435686448
 20
-533942.2771025244
 30
0.0
 41
-1.0
 50
180.0
  0
ATTRIB
  5
364
330
351
100
AcDbEntity
  8
0
100
AcDbText
 10
-373395.4102353165
 20
-533942.2771025244
 30
0.0
 40
0.5
  1
783
 50
179.9999999999992
100
AcDbAttribute
280
     0
  2
XSIZE
 70
     9
280
     0
  0
ATTRIB
  5
365
330
351
100
AcDbEntity
  8
0
100
AcDbText
 10
-373395.493568645
 20
-533942.2771025244
 30
0.0
 40
0.5
  1
908
 50
179.9999999999992
100
AcDbAttribute
280
     0
  2
YSIZE
 70
     9
280
     0
  0
SEQEND
  5
366
330
351
100
AcDbEntity
  8
JJ
 62
   252
  0
INSERT
  5
367
330
2
100
AcDbEntity
  8
JJ
100
AcDbBlockReference
  2
RC31
 10
-372332.5355754349
 20
-532017.5896992093
 30
0.0
 41
-1.0
 50
270.0
  0
INSERT
  5
368
330
2
100
AcDbEntity
  8
JJ
 62
   252
100
AcDbBlockReference
 66
     1
  2
_C38
 10
-401002.3372193582
 20
-533553.2427979265
 30
0.0
 50
180.0
  0
ATTRIB
  5
369
330
368
100
AcDbEntity
  8
0
100
AcDbText
 10
-401002.3372193531
 20
-533553.2427979265
 30
0.0
 40
0.5
  1
783
 50
180.0000000000008
100
AcDbAttribute
280
     0
  2
XSIZE
 70
     9
280
     0
  0
ATTRIB
  5
36A
330
368
100
AcDbEntity
  8
0
100
AcDbText
 10
-401002.3372193582
 20
-533553.2427979265
 30
0.0
 40
0.5
  1
908
 50
180.0000000000008
100
AcDbAttribute
280
     0
  2
YSIZE
 70
     9
280
     0
  0
SEQEND
  5
36B
330
368
100
AcDbEntity
  8
JJ
 62
   252
  0
INSERT
  5
36C
330
2
100
AcDbEntity
  8
JJ
 62
   252
100
AcDbBlockReference
 66
     1
  2
_C38
 10
-390602.44976905
 20
-541387.3896522169
 30
0.0
 41
-1.0
 50
180.0
  0
ATTRIB
  5
36D
330
36C
100
AcDbEntity
  8
0
100
AcDbText
 10
-390601.1164357216
 20
-541387.3896522169
 30
0.0
 40
0.5
  1
783
 50
179.9999999999992
100
AcDbAttribute
280
     0
  2
XSIZE
 70
     9
280
     0
  0
ATTRIB
  5
36E
330
36C
100
AcDbEntity
  8
0
100
AcDbText
 10
-390601.1997690499
 20
-541387.3896522169
 30
0.0
 40
0.5
  1
908
 50
179.9999999999992
100
AcDbAttribute
280
     0
  2
YSIZE
 70
     9
280
     0
  0
SEQEND
  5
36F
330
36C
100
AcDbEntity
  8
JJ
 62
   252
  0
INSERT
  5
370
330
2
100
AcDbEntity
  8
JJ
100
AcDbBlockReference
  2
RC31
 10
-389498.2417758287
 20
-539586.9542095002
 30
0.0
 41
-1.0
 50
270.0
  0
HATCH
  5
371
330
2
100
AcDbEntity
  8
HA
100
AcDbHatch
 10
0.0
 20
0.0
 30
0.0
210
0.0
220
0.0
230
1.0
  2
ANSI37
 70
     0
 71
     0
 91
        1
 92
        1
 93
       18
 72
     1
 10
-373396.7435686452
 20
-530654.0312341265
 11
-373396.7435686452
 21
-530336.7980873535
 72
     1
 10
-373396.7435686452
 20
-530336.7980873535
 11
-372794.436327636
 21
-530336.7980873535
 72
     1
 10
-372794.436327636
 20
-530336.7980873535
 11
-372550.5835001044
 21
-530054.0312341264
 72
     1
 10
-372550.5835001044
 20
-530054.0312341264
 11
-372500.3333990089
 21
-530054.0312341264
 72
     1
 10
-372500.3333990089
 20
-530054.0312341264
 11
-372500.2227413707
 21
-530286.8552432762
 72
     2
 10
-372182.5101835775
 20
-530290.0750382122
 40
317.728872561178
 50
179.4193671576704
 51
232.1407700694948
 73
     1
 72
     2
 10
-372334.7121491729
 20
-530485.8743458139
 40
69.73127743479067
 50
232.1407700694953
 51
293.8513439772683
 73
     1
 72
     2
 10
-372458.1421523391
 20
-530290.7440388821
 40
300.038704476301
 50
300.3551056947701
 51
367.7352147606655
 73
     1
 72
     1
 10
-372160.8336012
 20
-530250.3602599205
 11
-372160.8336012
 21
-530054.4290327581
 72
     1
 10
-372160.8336012
 20
-530054.4290327581
 11
-372110.5835001043
 21
-530054.0312341264
 72
     1
 10
-372110.5835001043
 20
-530054.0312341264
 11
-372080.5835001043
 21
-530024.0312341264
 72
     1
 10
-372080.5835001043
 20
-530024.0312341264
 11
-372080.5835001043
 21
-529844.0312341266
 72
     1
 10
-372080.5835001043
 20
-529844.0312341266
 11
-371996.7435686414
 21
-529844.0312341266
 72
     1
 10
-371996.7435686414
 20
-529844.0312341266
 11
-371996.7435686414
 21
-531504.0312341266
 72
     1
 10
-371996.7435686414
 20
-531504.0312341268
 11
-373396.7435686454
 21
-531504.0312341268
 72
     1
 10
-373396.7435686452
 20
-531504.0312341268
 11
-373396.7435686452
 21
-531404.0312341268
 72
     1
 10
-373396.7435686452
 20
-531404.0312341268
 11
-372646.743568645
 21
-531404.0312341268
 72
     2
 10
-373396.7435686454
 20
-531404.0312341268
 40
750.0000000000072
 50
0.0000000000005558
 51
89.99999999999944
 73
     1
 97
        0
 75
     0
 76
     1
 52
45.0
 41
1000.0
 77
     0
 78
     2
 53
90.0
 43
-395847.6708852821
 44
-542655.5003997567
 45
-125.0
 46
0.0000000000000213
 79
     0
 53
180.0
 43
-395847.6708852821
 44
-542655.5003997567
 45
-0.0000000000000213
 46
-125.0
 79
     0
 98
        1
 10
-395847.6708852821
 20
-542655.5003997567
  0
LINE
  5
372
330
2
100
AcDbEntity
  8
ARCH
100
AcDbLine
 10
-371246.7435686415
 20
-529894.0312341116
 30
0.0
 11
-371946.7435686438
 21
-531454.0312341265
 31
0.0
  0
LINE
  5
373
330
2
100
AcDbEntity
  8
ARCH
100
AcDbLine
 10
-371946.7435686414
 20
-529894.0312341268
 30
0.0
 11
-371246.7435686436
 21
-531454.0312341265
 31
0.0
  0
LWPOLYLINE
  5
374
330
2
100
AcDbEntity
  8
ARCH
100
AcDbPolyline
 90
        4
 70
     1
 43
0.0
 10
-371246.7435686415
 20
-529894.0312341116
 10
-371246.7435686436
 20
-531454.0312341265
 10
-371946.7435686438
 20
-531454.0312341265
 10
-371946.7435686414
 20
-529894.0312341268
  0
LWPOLYLINE
  5
375
330
2
100
AcDbEntity
  8
ARCH
100
AcDbPolyline
 90
        4
 70
     1
 43
0.0
 10
-371196.7435686414
 20
-529844.0312341266
 10
-371196.7435686435
 20
-531504.0312341266
 10
-371996.7435686438
 20
-531504.0312341268
 10
-371996.7435686414
 20
-529844.0312341266
  0
LINE
  5
376
330
2
100
AcDbEntity
  8
WALL
100
AcDbLine
 10
-374596.7435686452
 20
-530904.0312341269
 30
0.0
 11
-374596.7435686452
 21
-531254.0312341268
 31
0.0
  0
LINE
  5
377
330
2
100
AcDbEntity
  8
WALL
100
AcDbLine
 10
-374696.7435686452
 20
-531004.0312341268
 30
0.0
 11
-374696.7435686452
 21
-531254.0312341268
 31
0.0
  0
LINE
  5
378
330
2
100
AcDbEntity
  8
PWINDOW
100
AcDbLine
 10
-369796.7435686415
 20
-531404.0312341266
 30
0.0
 11
-369796.7435686415
 21
-530804.0312341265
 31
0.0
  0
LWPOLYLINE
  5
379
330
2
100
AcDbEntity
  8
DOOR
100
AcDbPolyline
 90
        3
 70
     0
 43
0.0
 10
-373396.7435686452
 20
-531404.0312341268
 10
-372646.743568645
 20
-531404.0312341268
 42
0.4142135623730951
 10
-373396.7435686452
 20
-530654.0312341265
  0
LINE
  5
37D
330
2
100
AcDbEntity
  8
WALL
100
AcDbLine
 10
-375862.3372193579
 20
-531004.0312341268
 30
0.0
 11
-375862.3372193579
 21
-532104.0312341265
 31
0.0
  0
LINE
  5
37E
330
2
100
AcDbEntity
  8
PWINDOW
100
AcDbLine
 10
-373396.7435686452
 20
-530654.0312341265
 30
0.0
 11
-373396.7435686452
 21
-531404.0312341268
 31
0.0
  0
LINE
  5
37F
330
2
100
AcDbEntity
  8
WALL
100
AcDbLine
 10
-371196.7435686414
 20
-530804.0312341265
 30
0.0
 11
-371196.7435686414
 21
-531504.0312341266
 31
0.0
  0
LINE
  5
380
330
2
100
AcDbEntity
  8
WALL
100
AcDbLine
 10
-370996.7435686414
 20
-531404.0312341268
 30
0.0
 11
-370996.7435686414
 21
-530804.0312341265
 31
0.0
  0
LINE
  5
381
330
2
100
AcDbEntity
  8
WALL
100
AcDbLine
 10
-391282.4497690503
 20
-531104.0312341265
 30
0.0
 11
-391282.4497690503
 21
-530904.0312341266
 31
0.0
  0
INSERT
  5
382
330
2
100
AcDbEntity
  8
WINDOW
100
AcDbBlockReference
 66
     1
  2
M_A17ORW
 10
-390732.4497690503
 20
-531004.0312341265
 30
0.0
 41
-1100.0
 42
-1100.0
 43
1100.0
 50
180.0
1001
WTHICK
1040
200.0
  0
ATTRIB
  5
38A
330
382
100
AcDbEntity
  8
WINDOW_TEXT
100
AcDbText
 10
-390732.4497690503
 20
-531404.0312341266
 30
0.0
 40
300.0
  1

 41
0.8
  7
SIMPLEX
 72
     4
 11
-390732.4497690503
 21
-531404.0312341266
 31
0.0
100
AcDbAttribute
280
     0
  2
A
 70
     9
280
     0
  0
SEQEND
  5
38B
330
382
100
AcDbEntity
  8
WINDOW
  0
LINE
  5
38C
330
2
100
AcDbEntity
  8
WALL
100
AcDbLine
 10
-395902.5623187574
 20
-530904.0312341231
 30
0.0
 11
-395902.5623187574
 21
-535729.1437838044
 31
0.0
  0
LINE
  5
38D
330
2
100
AcDbEntity
  8
HI
100
AcDbLine
 10
-386959.1923049057
 20
-536489.0751817927
 30
0.0
 11
-384802.4497690651
 21
-542889.1437838153
 31
0.0
  0
LINE
  5
38E
330
2
100
AcDbEntity
  8
HI
100
AcDbLine
 10
-386962.4497690503
 20
-542889.1437838153
 30
0.0
 11
-384813.1141750329
 21
-536489.0751817927
 31
0.0
  0
LINE
  5
38F
330
2
100
AcDbEntity
  8
WIN
100
AcDbLine
 10
-386962.4497690503
 20
-542889.1437838153
 30
0.0
 11
-384802.4497690651
 21
-542889.1437838153
 31
0.0
  0
LINE
  5
390
330
2
100
AcDbEntity
  8
JJ
100
AcDbLine
 10
-392866.6686402666
 20
-537253.6688701639
 30
0.0
 11
-392866.6686402666
 21
-537809.1437838116
 31
0.0
  0
LINE
  5
391
330
2
100
AcDbEntity
  8
WALL
100
AcDbLine
 10
-386962.4497690503
 20
-537779.1437838153
 30
0.0
 11
-386962.4497690503
 21
-537288.9206933716
 31
0.0
  0
LINE
  5
392
330
2
100
AcDbEntity
  8
WALL
100
AcDbLine
 10
-389602.44976905
 20
-537332.9482727537
 30
0.0
 11
-389602.44976905
 21
-539609.1437838118
 31
0.0
  0
LINE
  5
393
330
2
100
AcDbEntity
  8
WALL
100
AcDbLine
 10
-390602.4497690501
 20
-535829.1437838116
 30
0.0
 11
-390602.4497690501
 21
-537609.1437838117
 31
0.0
  0
LINE
  5
394
330
2
100
AcDbEntity
  8
WALL
100
AcDbLine
 10
-390722.4497690503
 20
-537609.1437838117
 30
0.0
 11
-390722.4497690503
 21
-535929.1437838044
 31
0.0
  0
LINE
  5
395
330
2
100
AcDbEntity
  8
WIN
100
AcDbLine
 10
-393502.4497690501
 20
-537949.1437838116
 30
0.0
 11
-393502.4497690501
 21
-536709.143783808
 31
0.0
  0
LINE
  5
396
330
2
100
AcDbEntity
  8
WIN
100
AcDbLine
 10
-393432.4497690504
 20
-537949.1437838116
 30
0.0
 11
-393432.4497690504
 21
-536709.143783808
 31
0.0
  0
LINE
  5
397
330
2
100
AcDbEntity
  8
WIN
100
AcDbLine
 10
-393372.4497690501
 20
-537949.1437838116
 30
0.0
 11
-393372.4497690501
 21
-536709.143783808
 31
0.0
  0
LINE
  5
398
330
2
100
AcDbEntity
  8
WIN
100
AcDbLine
 10
-393302.4497690503
 20
-537949.1437838116
 30
0.0
 11
-393302.4497690503
 21
-536709.143783808
 31
0.0
  0
INSERT
  5
399
330
2
100
AcDbEntity
  8
WINDOW
100
AcDbBlockReference
 66
     1
  2
_DBLK
 10
-390662.4497690503
 20
-538059.1437838117
 30
0.0
 41
-900.0
 42
900.0
 43
900.0
 50
270.0
1001
WTHICK
1040
120.0
  0
ATTRIB
  5
39A
330
399
100
AcDbEntity
  8
0
100
AcDbText
 10
-390302.4497690501
 20
-538059.1437838117
 30
0.0
 40
300.0
  1

 50
89.99999999999998
 41
0.8
  7
_SIMPLEX
 72
     4
 11
-390302.4497690501
 21
-538059.1437838117
 31
0.0
100
AcDbAttribute
280
     0
  2
A
 70
     9
280
     0
  0
SEQEND
  5
39B
330
399
100
AcDbEntity
  8
WINDOW
  0
TEXT
  5
39C
330
2
100
AcDbEntity
  8
CTEXT
100
AcDbText
 10
-392305.7817429754
 20
-537874.5970885294
 30
0.0
 40
500.0
  1
卧室
 50
359.9999999999995
 41
0.8
  7
_FSD
100
AcDbText
  0
LINE
  5
39D
330
2
100
AcDbEntity
  8
WALL
100
AcDbLine
 10
-396502.5623187575
 20
-535929.1437838044
 30
0.0
 11
-396502.5623187575
 21
-537529.1437838043
 31
0.0
  0
LINE
  5
39E
330
2
100
AcDbEntity
  8
WALL
100
AcDbLine
 10
-396702.5623187574
 20
-535729.1437838044
 30
0.0
 11
-396702.5623187574
 21
-537529.1437838043
 31
0.0
  0
HATCH
  5
39F
330
2
100
AcDbEntity
  8
HA
100
AcDbHatch
 10
0.0
 20
0.0
 30
0.0
210
0.0
220
0.0
230
1.0
  2
LINE
 70
     0
 71
     0
 91
        1
 92
        1
 93
        9
 72
     1
 10
-394002.4497690372
 20
-541689.1437838191
 11
-394002.4497690372
 21
-543489.1437838153
 72
     1
 10
-394002.4497690372
 20
-543489.1437838153
 11
-390802.4497690499
 21
-543489.1437838153
 72
     1
 10
-390802.4497690501
 20
-543489.1437838153
 11
-390802.4497690501
 21
-542789.1437838191
 72
     2
 10
-390689.976194448
 20
-541928.9770600477
 40
867.4889611214396
 50
97.44960947775265
 51
179.6587469933137
 73
     0
 72
     1
 10
-391557.4497690503
 20
-541934.1437838191
 11
-390802.4497690501
 21
-541934.1437838191
 72
     1
 10
-390802.4497690501
 20
-541934.1437838191
 11
-390802.4497690501
 21
-541789.1437838189
 72
     1
 10
-390802.4497690501
 20
-541789.1437838189
 11
-393502.4497690373
 21
-541789.1437838303
 72
     1
 10
-393502.4497690372
 20
-541789.1437838303
 11
-393502.4497690378
 21
-541689.1437838191
 72
     1
 10
-393502.4497690378
 20
-541689.1437838191
 11
-394002.4497690372
 21
-541689.1437838191
 97
        0
 75
     0
 76
     1
 52
90.0
 41
1000.0
 77
     0
 78
     1
 53
90.0
 43
-395547.6708852821
 44
-542355.500399757
 45
-125.0
 46
0.0000000000000077
 79
     0
 98
        1
 10
-395547.6708852821
 20
-542355.500399757
  0
LINE
  5
3A0
330
2
100
AcDbEntity
  8
PWINDOW
100
AcDbLine
 10
-393502.4497690515
 20
-538609.1437838116
 30
0.0
 11
-394102.4497690371
 21
-538609.1437838116
 31
0.0
  0
LINE
  5
3A1
330
2
100
AcDbEntity
  8
PWINDOW
100
AcDbLine
 10
-393502.4497690372
 20
-541689.1437838191
 30
0.0
 11
-394002.4497690372
 21
-541689.1437838191
 31
0.0
  0
LINE
  5
3A2
330
2
100
AcDbEntity
  8
PWINDOW
100
AcDbLine
 10
-393502.4497690372
 20
-541589.1437838189
 30
0.0
 11
-394102.4497690373
 21
-541589.1437838189
 31
0.0
  0
LINE
  5
3A3
330
2
100
AcDbEntity
  8
PWINDOW
100
AcDbLine
 10
-394002.4497690372
 20
-543489.1437838153
 30
0.0
 11
-390802.4497690501
 21
-543489.1437838153
 31
0.0
  0
LINE
  5
3A4
330
2
100
AcDbEntity
  8
PWINDOW
100
AcDbLine
 10
-394102.4497690373
 20
-541589.1437838189
 30
0.0
 11
-394102.4497690371
 21
-538609.1437838116
 31
0.0
  0
LINE
  5
3A5
330
2
100
AcDbEntity
  8
PWINDOW
100
AcDbLine
 10
-394002.4497690372
 20
-541689.1437838191
 30
0.0
 11
-394002.4497690372
 21
-543489.1437838153
 31
0.0
  0
LINE
  5
3A6
330
2
100
AcDbEntity
  8
WALL
100
AcDbLine
 10
-396502.5623187575
 20
-537529.1437838043
 30
0.0
 11
-396702.5623187574
 21
-537529.1437838043
 31
0.0
  0
INSERT
  5
3A7
330
2
100
AcDbEntity
  8
JJ
 62
     8
100
AcDbBlockReference
  2
RDC1
 10
-391712.4111123781
 20
-539397.0408790361
 30
0.0
 50
90.0
  0
LINE
  5
3E7
330
2
100
AcDbEntity
  8
WALL
100
AcDbLine
 10
-387162.4497690353
 20
-542889.1437838191
 30
0.0
 11
-387162.44976905
 21
-539269.1437838156
 31
0.0
  0
LINE
  5
3E8
330
2
100
AcDbEntity
  8
WALL
100
AcDbLine
 10
-390602.4497690501
 20
-539729.1437838156
 30
0.0
 11
-390602.4497690501
 21
-541889.1437838193
 31
0.0
  0
LINE
  5
3E9
330
2
100
AcDbEntity
  8
WALL
100
AcDbLine
 10
-390722.4497690503
 20
-539609.1437838118
 30
0.0
 11
-390722.4497690503
 21
-541589.1437838189
 31
0.0
  0
INSERT
  5
3EA
330
2
100
AcDbEntity
  8
WINDOW
100
AcDbBlockReference
 66
     1
  2
_DBLK
 10
-390052.4497690501
 20
-539669.1437838135
 30
0.0
 41
-900.0
 42
-900.0
 43
900.0
 50
180.0
1001
WTHICK
1040
120.0000000037544
  0
ATTRIB
  5
3EB
330
3EA
100
AcDbEntity
  8
0
100
AcDbText
 10
-390052.4497690501
 20
-540029.1437838153
 30
0.0
 40
300.0
  1

 41
0.8
  7
_SIMPLEX
 72
     4
 11
-390052.4497690501
 21
-540029.1437838153
 31
0.0
100
AcDbAttribute
280
     0
  2
A
 70
     9
280
     0
  0
SEQEND
  5
3EC
330
3EA
100
AcDbEntity
  8
WINDOW
  0
LINE
  5
3ED
330
2
100
AcDbEntity
  8
WALL
100
AcDbLine
 10
-393302.4497690381
 20
-541589.1437838189
 30
0.0
 11
-393302.4497690523
 21
-538709.1437838116
 31
0.0
  0
LINE
  5
3EE
330
2
100
AcDbEntity
  8
WALL
100
AcDbLine
 10
-393502.4497690546
 20
-537949.1437838116
 30
0.0
 11
-393502.4497690372
 21
-541789.1437838189
 31
0.0
  0
TEXT
  5
3EF
330
2
100
AcDbEntity
  8
CTEXT
100
AcDbText
 10
-391861.024010281
 20
-540649.3700849241
 30
0.0
 40
500.0
  1
卧室
 50
359.9999999999995
 41
0.8
  7
_FSD
100
AcDbText
  0
LINE
  5
3F0
330
2
100
AcDbEntity
  8
WALL
100
AcDbLine
 10
-386962.4497690503
 20
-543089.1437838116
 30
0.0
 11
-386962.4497690503
 21
-538479.1437838153
 31
0.0
  0
TEXT
  5
3F1
330
2
100
AcDbEntity
  8
CTEXT
100
AcDbText
 10
-389521.0042678954
 20
-542521.8490826844
 30
0.0
 40
500.0
  1
主卧室
 50
359.9999999999995
 41
0.8
  7
_FSD
100
AcDbText
  0
LINE
  5
3F2
330
2
100
AcDbEntity
  8
PWINDOW
100
AcDbLine
 10
-388112.4497692816
 20
-542889.1437838191
 30
0.0
 11
-390082.4497690504
 21
-542889.1437838191
 31
0.0
  0
LINE
  5
3F3
330
2
100
AcDbEntity
  8
WIN
100
AcDbLine
 10
-390082.4497690504
 20
-543469.1437838152
 30
0.0
 11
-388112.4497692965
 21
-543469.1437838152
 31
0.0
  0
LINE
  5
3F4
330
2
100
AcDbEntity
  8
WIN
100
AcDbLine
 10
-390142.4497690504
 20
-543529.1437838152
 30
0.0
 11
-388052.4497692965
 21
-543529.1437838152
 31
0.0
  0
INSERT
  5
3F5
330
2
100
AcDbEntity
  8
JJ
100
AcDbBlockReference
  2
SZ2
 10
-391537.9132331518
 20
-541633.0630912566
 30
0.0
 41
-0.8000000000465661
 42
0.7999999999883585
 43
0.8
  0
LINE
  5
3F6
330
2
100
AcDbEntity
  8
JJ
100
AcDbLine
 10
-391977.9246826788
 20
-541153.3626550355
 30
0.0
 11
-391502.4497690362
 21
-541153.3626550355
 31
0.0
  0
ARC
  5
3F7
330
2
100
AcDbEntity
  8
JJ
100
AcDbCircle
 10
-392467.4888128337
 20
-541239.1437838184
 30
0.0
 40
2457.232069024168
100
AcDbArc
 50
344.6612532514917
 51
17.77148895025083
  0
LINE
  5
3F8
330
2
100
AcDbEntity
  8
JJ
100
AcDbLine
 10
-390602.4497690501
 20
-541889.1437838193
 30
0.0
 11
-390097.7864177973
 21
-541889.143783819
 31
0.0
  0
LINE
  5
3F9
330
2
100
AcDbEntity
  8
JJ
100
AcDbLine
 10
-390602.44976905
 20
-540489.1437838185
 30
0.0
 11
-390127.5124366621
 21
-540489.1437838185
 31
0.0
  0
LINE
  5
3FA
330
2
100
AcDbEntity
  8
PWINDOW
100
AcDbLine
 10
-390802.4497690501
 20
-541889.1437838193
 30
0.0
 11
-390802.4497690501
 21
-542789.1437838191
 31
0.0
  0
LINE
  5
3FB
330
2
100
AcDbEntity
  8
WALL
100
AcDbLine
 10
-390802.4497690501
 20
-542789.1437838191
 30
0.0
 11
-390602.4497690501
 21
-542789.1437838191
 31
0.0
  0
LINE
  5
3FC
330
2
100
AcDbEntity
  8
WALL
100
AcDbLine
 10
-390802.4497690501
 20
-541889.1437838193
 30
0.0
 11
-390602.4497690501
 21
-541889.1437838193
 31
0.0
  0
LINE
  5
3FD
330
2
100
AcDbEntity
  8
WALL
100
AcDbLine
 10
-390802.4497690501
 20
-541889.1437838193
 30
0.0
 11
-390802.4497690501
 21
-541789.1437838189
 31
0.0
  0
LINE
  5
3FE
330
2
100
AcDbEntity
  8
WALL
100
AcDbLine
 10
-391312.4497690441
 20
-541589.1437838189
 30
0.0
 11
-391312.4497690441
 21
-541789.1437838189
 31
0.0
  0
LINE
  5
3FF
330
2
100
AcDbEntity
  8
WALL
100
AcDbLine
 10
-390722.4497690503
 20
-541589.1437838189
 30
0.0
 11
-391312.4497690441
 21
-541589.1437838189
 31
0.0
  0
LINE
  5
400
330
2
100
AcDbEntity
  8
WALL
100
AcDbLine
 10
-390802.4497690501
 20
-541789.1437838189
 30
0.0
 11
-391312.4497690441
 21
-541789.1437838189
 31
0.0
  0
LINE
  5
401
330
2
100
AcDbEntity
  8
WALL
100
AcDbLine
 10
-390602.4497690501
 20
-542889.1437838117
 30
0.0
 11
-390602.4497690501
 21
-542789.1437838191
 31
0.0
  0
LINE
  5
402
330
2
100
AcDbEntity
  8
WALL
100
AcDbLine
 10
-390602.4497690501
 20
-542889.1437838117
 30
0.0
 11
-390082.4497690504
 21
-542889.1437838117
 31
0.0
  0
LINE
  5
403
330
2
100
AcDbEntity
  8
WALL
100
AcDbLine
 10
-393112.4497690443
 20
-541789.1437838189
 30
0.0
 11
-393502.4497690372
 21
-541789.1437838189
 31
0.0
  0
LINE
  5
404
330
2
100
AcDbEntity
  8
WALL
100
AcDbLine
 10
-393112.4497690443
 20
-541589.1437838189
 30
0.0
 11
-393112.4497690443
 21
-541789.1437838189
 31
0.0
  0
LINE
  5
405
330
2
100
AcDbEntity
  8
WALL
100
AcDbLine
 10
-393112.4497690443
 20
-541589.1437838189
 30
0.0
 11
-393302.4497690381
 21
-541589.1437838189
 31
0.0
  0
INSERT
  5
406
330
2
100
AcDbEntity
  8
WINDOW
100
AcDbBlockReference
 66
     1
  2
_DBLK
 10
-390702.4497690502
 20
-542339.1437838191
 30
0.0
 41
-900.0
 42
-900.0
 43
900.0
 50
90.0
1001
WTHICK
1040
200.0000000000036
  0
ATTRIB
  5
407
330
406
100
AcDbEntity
  8
WINDOW_TEXT
100
AcDbText
 10
-391102.4497690501
 20
-542339.1437838191
 30
0.0
 40
300.0
  1

 50
89.99999999999998
 41
0.8
  7
SIMPLEX
 72
     4
 11
-391102.4497690501
 21
-542339.1437838191
 31
0.0
100
AcDbAttribute
280
     0
  2
A
 70
     9
280
     0
  0
SEQEND
  5
408
330
406
100
AcDbEntity
  8
WINDOW
  0
INSERT
  5
409
330
2
100
AcDbEntity
  8
WIN
100
AcDbBlockReference
 66
     1
  2
_WBLK
 10
-392212.4497690443
 20
-541689.1437838191
 30
0.0
 41
1800.0
 42
200.0
 43
1800.0
 50
180.0
1001
WTHICK
1040
200.0000000000291
  0
ATTRIB
  5
414
330
409
100
AcDbEntity
  8
0
100
AcDbText
 10
-392212.4497690443
 20
-542089.1437838189
 30
0.0
 40
300.0
  1

 41
0.8
  7
_SIMPLEX
 72
     4
 11
-392212.4497690443
 21
-542089.1437838189
 31
0.0
100
AcDbAttribute
280
     0
  2
A
 70
     9
280
     0
  0
SEQEND
  5
415
330
409
100
AcDbEntity
  8
WIN
  0
LINE
  5
416
330
2
100
AcDbEntity
  8
WALL
100
AcDbLine
 10
-390802.4497690501
 20
-543089.1437838116
 30
0.0
 11
-390082.4497690504
 21
-543089.1437838116
 31
0.0
  0
LINE
  5
417
330
2
100
AcDbEntity
  8
PWINDOW
100
AcDbLine
 10
-390802.4497690501
 20
-543089.1437838116
 30
0.0
 11
-390802.4497690501
 21
-543489.1437838153
 31
0.0
  0
LINE
  5
418
330
2
100
AcDbEntity
  8
WIN
100
AcDbLine
 10
-390082.4497690504
 20
-543469.1437838152
 30
0.0
 11
-390082.4497690504
 21
-543089.1437838116
 31
0.0
  0
LINE
  5
419
330
2
100
AcDbEntity
  8
WIN
100
AcDbLine
 10
-390142.4497690504
 20
-543529.1437838152
 30
0.0
 11
-390142.4497690504
 21
-543089.1437838116
 31
0.0
  0
LINE
  5
41A
330
2
100
AcDbEntity
  8
WALL
100
AcDbLine
 10
-390802.4497690501
 20
-543089.1437838116
 30
0.0
 11
-390802.4497690501
 21
-542789.1437838191
 31
0.0
  0
LINE
  5
41B
330
2
100
AcDbEntity
  8
WALL
100
AcDbLine
 10
-390082.4497690504
 20
-543089.1437838116
 30
0.0
 11
-390082.4497690504
 21
-542889.1437838117
 31
0.0
  0
INSERT
  5
41C
330
2
100
AcDbEntity
  8
JJ
100
AcDbBlockReference
  2
SZ2
 10
-387118.5304615972
 20
-542924.6072479347
 30
0.0
 41
-0.7999999999883585
 42
0.7999999999883585
 43
0.8
 50
90.0
  0
LINE
  5
41D
330
2
100
AcDbEntity
  8
WALL
100
AcDbLine
 10
-387162.4497690353
 20
-542889.1437838191
 30
0.0
 11
-388112.4497692816
 21
-542889.1437838191
 31
0.0
  0
LINE
  5
41E
330
2
100
AcDbEntity
  8
WALL
100
AcDbLine
 10
-388112.4497692965
 20
-543089.1437838116
 30
0.0
 11
-386962.4497690503
 21
-543089.1437838116
 31
0.0
  0
LINE
  5
41F
330
2
100
AcDbEntity
  8
WIN
100
AcDbLine
 10
-388112.4497692965
 20
-543469.1437838152
 30
0.0
 11
-388112.4497692965
 21
-543089.1437838116
 31
0.0
  0
LINE
  5
420
330
2
100
AcDbEntity
  8
WIN
100
AcDbLine
 10
-388052.4497692965
 20
-543529.1437838152
 30
0.0
 11
-388052.4497692965
 21
-543089.1437838116
 31
0.0
  0
LINE
  5
421
330
2
100
AcDbEntity
  8
WALL
100
AcDbLine
 10
-388112.4497692816
 20
-542889.1437838191
 30
0.0
 11
-388112.4497692965
 21
-543089.1437838116
 31
0.0
  0
HATCH
  5
422
330
2
100
AcDbEntity
  8
HA
100
AcDbHatch
 10
0.0
 20
0.0
 30
0.0
210
0.0
220
0.0
230
1.0
  2
ANSI37
 70
     0
 71
     0
 91
        1
 92
        1
 93
       18
 72
     1
 10
-389482.4497690502
 20
-538009.1437838152
 11
-388751.5383720508
 21
-538009.1437838152
 72
     1
 10
-388751.5383720508
 20
-538009.1437838152
 11
-388533.5186473193
 21
-537719.1437838153
 72
     1
 10
-388533.5186473193
 20
-537719.1437838156
 11
-388483.2685462237
 21
-537719.1437838156
 72
     1
 10
-388483.2685462237
 20
-537719.1437838156
 11
-388483.1578885854
 21
-537951.967792965
 72
     2
 10
-388172.8978761213
 20
-537951.8203311963
 40
310.2600475072478
 50
180.0272317927278
 51
237.9398270258365
 73
     1
 72
     2
 10
-388296.572243315
 20
-538149.278938102
 40
77.26809369385512
 50
237.9398270258362
 51
345.0465495293092
 73
     1
 72
     2
 10
-388524.8152404182
 20
-537937.7676263832
 40
381.2004126893094
 50
322.6156638265745
 51
357.8651704675991
 73
     1
 72
     1
 10
-388143.8794060528
 20
-537951.967792965
 11
-388143.7687484146
 21
-537719.5415824469
 72
     1
 10
-388143.7687484146
 20
-537719.5415824469
 11
-388093.5186473191
 21
-537719.1437838153
 72
     1
 10
-388093.5186473191
 20
-537719.1437838156
 11
-388063.5186473192
 21
-537689.1437838157
 72
     1
 10
-388063.5186473192
 20
-537689.1437838157
 11
-388063.5186473192
 21
-537509.1437838154
 72
     1
 10
-388063.5186473192
 20
-537509.1437838154
 11
-387912.4497690352
 21
-537509.1437838152
 72
     1
 10
-387912.4497690352
 20
-537509.1437838152
 11
-387912.4497690352
 21
-539149.1437838153
 72
     1
 10
-387912.4497690352
 20
-539149.1437838153
 11
-388647.3232651357
 21
-539149.1437838153
 72
     2
 10
-389364.0665036111
 20
-539155.1401624866
 40
716.7683213266988
 50
0.4793336810498007
 51
92.65937592844815
 73
     1
 72
     1
 10
-389397.3232651357
 20
-538439.1437838152
 11
-389418.9083262833
 21
-539149.1437838116
 72
     1
 10
-389418.9083262833
 20
-539149.1437838116
 11
-389482.4497690502
 21
-539149.1437838116
 72
     1
 10
-389482.4497690502
 20
-539149.1437838116
 11
-389482.4497690502
 21
-538009.1437838152
 97
        0
 75
     0
 76
     1
 52
45.0
 41
1000.0
 77
     0
 78
     2
 53
90.0
 43
-395547.6708852821
 44
-542655.5003997567
 45
-125.0
 46
0.0000000000000213
 79
     0
 53
180.0
 43
-395547.6708852821
 44
-542655.5003997567
 45
-0.0000000000000213
 46
-125.0
 79
     0
 98
        1
 10
-395547.6708852821
 20
-542655.5003997567
  0
LINE
  5
423
330
2
100
AcDbEntity
  8
JJ
100
AcDbLine
 10
-389482.4497690502
 20
-538009.1437838152
 30
0.0
 11
-388751.5383720508
 21
-538009.1437838152
 31
0.0
  0
LINE
  5
424
330
2
100
AcDbEntity
  8
WALL
100
AcDbLine
 10
-387162.4497690353
 20
-537509.1437838154
 30
0.0
 11
-389482.4497690502
 21
-537509.1437838154
 31
0.0
  0
LINE
  5
425
330
2
100
AcDbEntity
  8
DXZ
 62
     2
100
AcDbLine
 10
-389418.9083262833
 20
-539149.1437838116
 30
0.0
 11
-388647.3232651357
 21
-539149.1437838153
 31
0.0
  0
INSERT
  5
429
330
2
100
AcDbEntity
  8
JJ
100
AcDbBlockReference
  2
SZ2
 10
-393346.3690764881
 20
-537773.6803196963
 30
0.0
 41
-0.7999999999883585
 42
0.7999999999883585
 43
0.8
 50
270.0
  0
LINE
  5
42A
330
2
100
AcDbEntity
  8
JJ
100
AcDbLine
 10
-392887.244000461
 20
-538853.614913318
 30
0.0
 11
-393217.6555376439
 21
-538938.8266067601
 31
0.0
  0
LINE
  5
42B
330
2
100
AcDbEntity
  8
JJ
100
AcDbLine
 10
-392887.244000461
 20
-539135.9956429396
 30
0.0
 11
-393217.6555376439
 21
-539135.9956429396
 31
0.0
  0
LINE
  5
42C
330
2
100
AcDbEntity
  8
JJ
100
AcDbLine
 10
-393217.6555376439
 20
-539188.8198003117
 30
0.0
 11
-392887.244000461
 21
-539188.8198003117
 31
0.0
  0
LINE
  5
42D
330
2
100
AcDbEntity
  8
JJ
100
AcDbLine
 10
-393217.6555376439
 20
-538982.6389079601
 30
0.0
 11
-392887.244000461
 21
-539013.0023802012
 31
0.0
  0
LINE
  5
42E
330
2
100
AcDbEntity
  8
JJ
100
AcDbLine
 10
-392887.244000461
 20
-539486.6680318489
 30
0.0
 11
-393217.6555376439
 21
-539486.6680318489
 31
0.0
  0
LINE
  5
42F
330
2
100
AcDbEntity
  8
JJ
100
AcDbLine
 10
-393217.6555376439
 20
-539539.492189221
 30
0.0
 11
-392887.244000461
 21
-539539.492189221
 31
0.0
  0
LINE
  5
430
330
2
100
AcDbEntity
  8
JJ
100
AcDbLine
 10
-393217.6555376439
 20
-539341.0871928396
 30
0.0
 11
-392887.244000461
 21
-539371.4506650804
 31
0.0
  0
LINE
  5
431
330
2
100
AcDbEntity
  8
JJ
100
AcDbLine
 10
-392802.4497690524
 20
-538709.1437838116
 30
0.0
 11
-392802.4497690521
 21
-539653.1922699409
 31
0.0
  0
LINE
  5
432
330
2
100
AcDbEntity
  8
JJ
100
AcDbLine
 10
-393052.4497690526
 20
-538709.1437838126
 30
0.0
 11
-393052.4497690522
 21
-539653.1922699409
 31
0.0
  0
LINE
  5
433
330
2
100
AcDbEntity
  8
WALL
100
AcDbLine
 10
-390722.4497690503
 20
-537609.1437838117
 30
0.0
 11
-390602.4497690501
 21
-537609.1437838117
 31
0.0
  0
LINE
  5
434
330
2
100
AcDbEntity
  8
WALL
100
AcDbLine
 10
-389417.1260887386
 20
-539269.1437838156
 30
0.0
 11
-389482.4497690502
 21
-539269.1437838152
 31
0.0
  0
LINE
  5
435
330
2
100
AcDbEntity
  8
WALL
100
AcDbLine
 10
-389417.1260887386
 20
-539149.1437838116
 30
0.0
 11
-389417.1260887386
 21
-539269.1437838156
 31
0.0
  0
LINE
  5
436
330
2
100
AcDbEntity
  8
WALL
100
AcDbLine
 10
-389417.1260887386
 20
-539149.1437838116
 30
0.0
 11
-389482.4497690502
 21
-539149.1437838116
 31
0.0
  0
LINE
  5
437
330
2
100
AcDbEntity
  8
WALL
100
AcDbLine
 10
-389482.4497690502
 20
-539729.1437838156
 30
0.0
 11
-389602.44976905
 21
-539729.1437838156
 31
0.0
  0
LINE
  5
438
330
2
100
AcDbEntity
  8
WALL
100
AcDbLine
 10
-389602.44976905
 20
-539729.1437838156
 30
0.0
 11
-389602.44976905
 21
-539609.1437838118
 31
0.0
  0
LINE
  5
439
330
2
100
AcDbEntity
  8
WALL
100
AcDbLine
 10
-389482.4497690502
 20
-539269.1437838152
 30
0.0
 11
-389482.4497690502
 21
-539729.1437838156
 31
0.0
  0
LINE
  5
43A
330
2
100
AcDbEntity
  8
WALL
100
AcDbLine
 10
-390502.4497690501
 20
-539609.1437838115
 30
0.0
 11
-390602.4497690501
 21
-539609.1437838115
 31
0.0
  0
LINE
  5
43B
330
2
100
AcDbEntity
  8
WALL
100
AcDbLine
 10
-390502.4497690501
 20
-539729.1437838156
 30
0.0
 11
-390602.4497690501
 21
-539729.1437838156
 31
0.0
  0
LINE
  5
43C
330
2
100
AcDbEntity
  8
WALL
100
AcDbLine
 10
-390502.4497690501
 20
-539729.1437838153
 30
0.0
 11
-390502.4497690501
 21
-539609.1437838115
 31
0.0
  0
LINE
  5
43D
330
2
100
AcDbEntity
  8
WALL
100
AcDbLine
 10
-390602.4497690501
 20
-538509.1437838121
 30
0.0
 11
-390602.4497690501
 21
-538709.1437838117
 31
0.0
  0
LINE
  5
43E
330
2
100
AcDbEntity
  8
WALL
100
AcDbLine
 10
-390722.4497690503
 20
-538709.1437838117
 30
0.0
 11
-390602.4497690501
 21
-538709.1437838117
 31
0.0
  0
LINE
  5
43F
330
2
100
AcDbEntity
  8
WALL
100
AcDbLine
 10
-390722.4497690503
 20
-538509.1437838121
 30
0.0
 11
-390602.4497690501
 21
-538509.1437838121
 31
0.0
  0
LINE
  5
440
330
2
100
AcDbEntity
  8
WALL
100
AcDbLine
 10
-390722.4497690503
 20
-538609.1437838116
 30
0.0
 11
-390722.4497690503
 21
-538509.1437838121
 31
0.0
  0
LINE
  5
441
330
2
100
AcDbEntity
  8
WALL
100
AcDbLine
 10
-390722.4497690503
 20
-539609.1437838118
 30
0.0
 11
-390602.4497690501
 21
-539609.1437838115
 31
0.0
  0
LINE
  5
442
330
2
100
AcDbEntity
  8
WALL
100
AcDbLine
 10
-389482.4497690502
 20
-539149.1437838116
 30
0.0
 11
-389482.4497690502
 21
-537509.1437838154
 31
0.0
  0
LINE
  5
443
330
2
100
AcDbEntity
  8
WALL
100
AcDbLine
 10
-393502.4497690546
 20
-537949.1437838116
 30
0.0
 11
-393302.449769055
 21
-537949.1437838116
 31
0.0
  0
LINE
  5
444
330
2
100
AcDbEntity
  8
WALL
100
AcDbLine
 10
-393302.4497690531
 20
-538609.1437838116
 30
0.0
 11
-393302.449769055
 21
-537949.1437838116
 31
0.0
  0
INSERT
  5
445
330
2
100
AcDbEntity
  8
WINDOW
100
AcDbBlockReference
 66
     1
  2
_DBLK
 10
-390662.4497690503
 20
-539159.1437838116
 30
0.0
 41
-900.0
 42
-900.0
 43
900.0
 50
90.0
1001
WTHICK
1040
119.9999999999854
  0
ATTRIB
  5
446
330
445
100
AcDbEntity
  8
0
100
AcDbText
 10
-391022.4497690503
 20
-539159.1437838116
 30
0.0
 40
300.0
  1

 50
89.99999999999998
 41
0.8
  7
_SIMPLEX
 72
     4
 11
-391022.4497690503
 21
-539159.1437838116
 31
0.0
100
AcDbAttribute
280
     0
  2
A
 70
     9
280
     0
  0
SEQEND
  5
447
330
445
100
AcDbEntity
  8
WINDOW
  0
LINE
  5
448
330
2
100
AcDbEntity
  8
WALL
100
AcDbLine
 10
-390722.4497690503
 20
-538709.1437838117
 30
0.0
 11
-393302.4497690542
 21
-538709.1437838116
 31
0.0
  0
LINE
  5
449
330
2
100
AcDbEntity
  8
WALL
100
AcDbLine
 10
-390722.4497690503
 20
-538609.1437838116
 30
0.0
 11
-393302.4497690503
 21
-538609.1437838116
 31
0.0
  0
LINE
  5
44A
330
2
100
AcDbEntity
  8
JJ
100
AcDbLine
 10
-387306.9208985547
 20
-539684.3495524066
 30
0.0
 11
-387392.1325919967
 21
-539353.9380152236
 31
0.0
  0
LINE
  5
44B
330
2
100
AcDbEntity
  8
JJ
100
AcDbLine
 10
-388647.3232651357
 20
-539769.1437838155
 30
0.0
 11
-388647.3232651357
 21
-539269.1437838156
 31
0.0
  0
LINE
  5
44C
330
2
100
AcDbEntity
  8
JJ
100
AcDbLine
 10
-388236.5668350504
 20
-539671.9828719863
 30
0.0
 11
-388236.5668350504
 21
-539341.5713348034
 31
0.0
  0
LINE
  5
44D
330
2
100
AcDbEntity
  8
JJ
100
AcDbLine
 10
-388289.3909924225
 20
-539341.5713348036
 30
0.0
 11
-388289.3909924225
 21
-539671.9828719863
 31
0.0
  0
LINE
  5
44E
330
2
100
AcDbEntity
  8
JJ
100
AcDbLine
 10
-388441.6583849503
 20
-539341.5713348036
 30
0.0
 11
-388472.0218571914
 21
-539671.9828719861
 31
0.0
  0
LINE
  5
44F
330
2
100
AcDbEntity
  8
JJ
100
AcDbLine
 10
-388083.2101000708
 20
-539341.5713348036
 30
0.0
 11
-388113.5735723118
 21
-539671.9828719861
 31
0.0
  0
LINE
  5
450
330
2
100
AcDbEntity
  8
JJ
100
AcDbLine
 10
-387939.9740170857
 20
-539684.3495524066
 30
0.0
 11
-387939.9740170857
 21
-539353.9380152236
 31
0.0
  0
LINE
  5
451
330
2
100
AcDbEntity
  8
JJ
100
AcDbLine
 10
-387992.7981744575
 20
-539353.9380152236
 30
0.0
 11
-387992.7981744575
 21
-539684.3495524066
 31
0.0
  0
LINE
  5
452
330
2
100
AcDbEntity
  8
JJ
100
AcDbLine
 10
-387589.3016281763
 20
-539684.3495524066
 30
0.0
 11
-387589.3016281761
 21
-539353.9380152236
 31
0.0
  0
LINE
  5
453
330
2
100
AcDbEntity
  8
JJ
100
AcDbLine
 10
-387642.1257855483
 20
-539353.9380152236
 30
0.0
 11
-387642.1257855483
 21
-539684.3495524066
 31
0.0
  0
LINE
  5
454
330
2
100
AcDbEntity
  8
JJ
100
AcDbLine
 10
-387794.3931780762
 20
-539353.9380152236
 30
0.0
 11
-387824.7566503173
 21
-539684.3495524066
 31
0.0
  0
LINE
  5
455
330
2
100
AcDbEntity
  8
JJ
100
AcDbLine
 10
-387435.9448931967
 20
-539353.9380152236
 30
0.0
 11
-387466.3083654377
 21
-539684.3495524066
 31
0.0
  0
LINE
  5
456
330
2
100
AcDbEntity
  8
JJ
100
AcDbLine
 10
-387162.4497690483
 20
-539769.1437838152
 30
0.0
 11
-388647.3232651357
 21
-539769.1437838155
 31
0.0
  0
LINE
  5
457
330
2
100
AcDbEntity
  8
JJ
100
AcDbLine
 10
-387162.4497690492
 20
-539519.1437838152
 30
0.0
 11
-388647.3232651357
 21
-539519.1437838153
 31
0.0
  0
LINE
  5
458
330
2
100
AcDbEntity
  8
JJ
100
AcDbLine
 10
-387912.4497690334
 20
-539009.1437838164
 30
0.0
 11
-387912.4497690352
 21
-539149.1437838153
 31
0.0
  0
LINE
  5
459
330
2
100
AcDbEntity
  8
JJ
100
AcDbLine
 10
-388533.5186473193
 20
-537719.1437838156
 30
0.0
 11
-388751.5383720508
 21
-538009.1437838152
 31
0.0
  0
LWPOLYLINE
  5
45A
330
2
100
AcDbEntity
  8
JJ
 62
   252
100
AcDbPolyline
 90
       16
 70
     1
 43
0.0
 10
-389305.2019667454
 20
-537763.3359988349
 10
-389284.9729262419
 20
-537833.7863919639
 10
-389232.501759959
 20
-537894.5527945663
 10
-389159.3126977808
 20
-537931.6411270743
 10
-389071.3584414547
 20
-537941.9156734851
 10
-388984.9961604007
 20
-537922.3433992284
 10
-388916.1675817496
 20
-537877.6801034602
 10
-388870.4580750889
 20
-537811.6769218574
 10
-388857.8378816968
 20
-537739.4744102154
 10
-388878.0669222303
 20
-537669.0240171086
 10
-388930.5380884833
 20
-537608.2576144841
 10
-389003.7271506614
 20
-537571.1692819727
 10
-389091.6814069875
 20
-537560.8947355878
 10
-389178.0436880416
 20
-537580.4670098442
 10
-389246.8722666926
 20
-537625.13030559
 10
-389292.5817733533
 20
-537691.1334871893
  0
LWPOLYLINE
  5
45B
330
2
100
AcDbEntity
  8
JJ
 62
   252
100
AcDbPolyline
 90
       16
 70
     1
 43
0.0
 10
-389268.9041266866
 20
-537766.6798439416
 10
-389252.5212637015
 20
-537712.2946709525
 10
-389208.7620865531
 20
-537664.4786078838
 10
-389148.4135282764
 20
-537635.827102745
 10
-389074.7791184015
 20
-537627.9631360901
 10
-389002.399013681
 20
-537643.6152520311
 10
-388945.4406277962
 20
-537678.5236967222
 10
-388907.0161042639
 20
-537730.7232892905
 10
-388896.5113484689
 20
-537786.542599095
 10
-388912.8942114537
 20
-537840.9277720844
 10
-388956.6533886021
 20
-537888.7438351532
 10
-389017.0019468493
 20
-537917.3953402882
 10
-389090.6363567538
 20
-537925.259306947
 10
-389163.0164614745
 20
-537909.6071910058
 10
-389219.9748473294
 20
-537874.6987463144
 10
-389258.3993708618
 20
-537822.4991537464
  0
INSERT
  5
45C
330
2
100
AcDbEntity
  8
JJ
100
AcDbBlockReference
  2
YP2
 10
-386980.4479018276
 20
-539088.8018611343
 30
0.0
 50
270.0
  0
INSERT
  5
45D
330
2
100
AcDbEntity
  8
JJ
100
AcDbBlockReference
  2
WP3
 10
-388533.5186473193
 20
-537509.1437838154
 30
0.0
  0
LINE
  5
45E
330
2
100
AcDbEntity
  8
WALL
100
AcDbLine
 10
-387162.4497690353
 20
-537779.1437838153
 30
0.0
 11
-386962.4497690503
 21
-537779.1437838153
 31
0.0
  0
LINE
  5
45F
330
2
100
AcDbEntity
  8
WALL
100
AcDbLine
 10
-387162.4497690353
 20
-537509.1437838154
 30
0.0
 11
-387162.4497690353
 21
-537779.1437838153
 31
0.0
  0
LINE
  5
460
330
2
100
AcDbEntity
  8
WALL
100
AcDbLine
 10
-387162.4497690353
 20
-538479.1437838153
 30
0.0
 11
-386962.4497690503
 21
-538479.1437838153
 31
0.0
  0
LINE
  5
461
330
2
100
AcDbEntity
  8
WALL
100
AcDbLine
 10
-387162.44976905
 20
-539269.1437838156
 30
0.0
 11
-388647.3232651357
 21
-539269.1437838156
 31
0.0
  0
LINE
  5
462
330
2
100
AcDbEntity
  8
WALL
100
AcDbLine
 10
-387162.4497690353
 20
-539149.1437838153
 30
0.0
 11
-388647.3232651357
 21
-539149.1437838153
 31
0.0
  0
LINE
  5
463
330
2
100
AcDbEntity
  8
WALL
100
AcDbLine
 10
-388647.3232651357
 20
-539149.1437838153
 30
0.0
 11
-388647.3232651357
 21
-539269.1437838156
 31
0.0
  0
LINE
  5
464
330
2
100
AcDbEntity
  8
WALL
100
AcDbLine
 10
-387162.4497690353
 20
-538479.1437838153
 30
0.0
 11
-387162.4497690353
 21
-539149.1437838153
 31
0.0
  0
LINE
  5
465
330
2
100
AcDbEntity
  8
WIN
100
AcDbLine
 10
-387092.4497690352
 20
-537779.1437838153
 30
0.0
 11
-387092.4497690352
 21
-538479.1437838153
 31
0.0
  0
LINE
  5
466
330
2
100
AcDbEntity
  8
WIN
100
AcDbLine
 10
-387162.4497690353
 20
-537779.1437838153
 30
0.0
 11
-387162.4497690353
 21
-538479.1437838153
 31
0.0
  0
LINE
  5
467
330
2
100
AcDbEntity
  8
WIN
100
AcDbLine
 10
-387032.4497690504
 20
-537779.1437838153
 30
0.0
 11
-387032.4497690504
 21
-538479.1437838153
 31
0.0
  0
LINE
  5
468
330
2
100
AcDbEntity
  8
WIN
100
AcDbLine
 10
-386962.4497690503
 20
-537779.1437838153
 30
0.0
 11
-386962.4497690503
 21
-538479.1437838153
 31
0.0
  0
LWPOLYLINE
  5
469
330
2
100
AcDbEntity
  8
DOOR
100
AcDbPolyline
 90
        3
 70
     0
 43
0.0
 10
-389397.3232651357
 20
-539149.1437838153
 10
-389397.3232651357
 20
-538439.1437838152
 42
-0.4254022535333445
 10
-388647.3232651357
 20
-539149.1437838153
  0
INSERT
  5
46A
330
2
100
AcDbEntity
  8
JJ
100
AcDbBlockReference
 66
     1
  2
DZY1
 10
-389655.2162178997
 20
-535705.5231687949
 30
-1200.0
 41
-1.0
  0
ATTRIB
  5
4D8
330
46A
100
AcDbEntity
  8
JJ
 62
   252
100
AcDbText
 10
-388062.9132819937
 20
-534158.3583417162
 30
-1200.0
 40
0.5
  1
2686
 41
0.8
  7
_SIMPLEX
100
AcDbAttribute
280
     0
  2
YSIZE
 70
     9
280
     0
  0
ATTRIB
  5
4D9
330
46A
100
AcDbEntity
  8
JJ
 62
   252
100
AcDbText
 10
-388062.9132819937
 20
-534158.3583417162
 30
-1200.0
 40
0.5
  1
2586
 41
0.8
  7
DIM_FONT
100
AcDbAttribute
280
     0
  2
XSIZE
 70
     9
280
     0
  0
SEQEND
  5
4DA
330
46A
100
AcDbEntity
  8
JJ
  0
HATCH
  5
4DB
330
2
100
AcDbEntity
  8
HA
100
AcDbHatch
 10
0.0
 20
0.0
 30
0.0
210
0.0
220
0.0
230
1.0
  2
LINE
 70
     0
 71
     0
 91
        1
 92
        1
 93
        4
 72
     1
 10
-396502.5623187575
 20
-535929.1437838044
 11
-396502.5623187575
 21
-537229.1437838043
 72
     1
 10
-396502.5623187575
 20
-537229.143783804
 11
-393502.4497690501
 21
-537229.143783804
 72
     1
 10
-393502.4497690501
 20
-537229.143783804
 11
-393502.4497690501
 21
-535929.1437838044
 72
     1
 10
-393502.4497690501
 20
-535929.1437838044
 11
-396502.5623187575
 21
-535929.1437838044
 97
        0
 75
     0
 76
     1
 52
90.0
 41
1000.0
 77
     0
 78
     1
 53
90.0
 43
-395547.6708852821
 44
-542655.5003997567
 45
-125.0
 46
0.0000000000000077
 79
     0
 98
        1
 10
-395547.6708852821
 20
-542655.5003997567
  0
LWPOLYLINE
  5
4DC
330
2
100
AcDbEntity
  8
HA
100
AcDbPolyline
 90
        4
 70
     1
 43
0.0
 10
-396502.5623187575
 20
-535929.1437838044
 10
-396502.5623187575
 20
-537229.143783804
 10
-393502.4497690501
 20
-537229.143783804
 10
-393502.4497690501
 20
-535929.1437838044
  0
LINE
  5
4DD
330
2
100
AcDbEntity
  8
WIN
100
AcDbLine
 10
-393502.4497690501
 20
-535849.1437838117
 30
0.0
 11
-394462.4497690501
 21
-535849.1437838117
 31
0.0
  0
LINE
  5
4DE
330
2
100
AcDbEntity
  8
WIN
100
AcDbLine
 10
-393502.4497690501
 20
-535789.1437838117
 30
0.0
 11
-395702.5623187576
 21
-535789.1437838117
 31
0.0
  0
LINE
  5
4DF
330
2
100
AcDbEntity
  8
PWINDOW
100
AcDbLine
 10
-395702.5623187576
 20
-535929.1437838044
 30
0.0
 11
-393502.4497690501
 21
-535929.1437838044
 31
0.0
  0
INSERT
  5
4E0
330
2
100
AcDbEntity
  8
JJ
100
AcDbBlockReference
  2
SFJ15
 10
-392024.5161823898
 20
-534748.4264718404
 30
0.0
 41
-1.0
 50
90.0
  0
LINE
  5
63C
330
2
100
AcDbEntity
  8
WALL
100
AcDbLine
 10
-391792.4497690503
 20
-531104.0312341268
 30
0.0
 11
-395702.5623187576
 21
-531104.031234123
 31
0.0
  0
LINE
  5
63D
330
2
100
AcDbEntity
  8
PWINDOW
100
AcDbLine
 10
-393502.4497690501
 20
-537229.143783804
 30
0.0
 11
-396502.5623187575
 21
-537229.143783804
 31
0.0
  0
LINE
  5
63E
330
2
100
AcDbEntity
  8
PWINDOW
100
AcDbLine
 10
-393502.4497690501
 20
-537329.1437838041
 30
0.0
 11
-396502.5623187575
 21
-537329.1437838041
 31
0.0
  0
INSERT
  5
63F
330
2
100
AcDbEntity
  8
JJ
100
AcDbBlockReference
  2
SFJ15
 10
-401014.8484267967
 20
-534960.1899981422
 30
0.0
 50
270.0
  0
INSERT
  5
640
330
2
100
AcDbEntity
  8
JJ
100
AcDbBlockReference
  2
TV22
 10
-395308.6890976596
 20
-534877.9276364299
 30
-200.0
 41
-1.0
 50
90.0
  0
LINE
  5
658
330
2
100
AcDbEntity
  8
WALL
100
AcDbLine
 10
-395702.5623187576
 20
-531104.031234123
 30
0.0
 11
-395702.5623187576
 21
-535929.1437838044
 31
0.0
  0
LINE
  5
659
330
2
100
AcDbEntity
  8
WALL
100
AcDbLine
 10
-401002.3372193577
 20
-535729.1437838044
 30
0.0
 11
-401002.3372193577
 21
-530524.0312341229
 31
0.0
  0
LWPOLYLINE
  5
65A
330
2
100
AcDbEntity
  8
HA
100
AcDbPolyline
 90
        4
 70
     1
 43
0.0
 10
-401002.3372193577
 20
-537229.1437838043
 10
-396702.5623187574
 20
-537229.1437838043
 10
-396702.5623187574
 20
-535929.1437838042
 10
-401002.3372193577
 20
-535929.1437838042
  0
LINE
  5
65B
330
2
100
AcDbEntity
  8
WIN
100
AcDbLine
 10
-396702.5623187574
 20
-535849.1437838043
 30
0.0
 11
-399112.4497690576
 21
-535849.1437838043
 31
0.0
  0
LINE
  5
65C
330
2
100
AcDbEntity
  8
WIN
100
AcDbLine
 10
-396702.5623187574
 20
-535789.1437838043
 30
0.0
 11
-400902.3372193577
 21
-535789.1437838044
 31
0.0
  0
LINE
  5
65D
330
2
100
AcDbEntity
  8
PWINDOW
100
AcDbLine
 10
-396702.5623187574
 20
-537229.1437838043
 30
0.0
 11
-401002.3372193577
 21
-537229.1437838043
 31
0.0
  0
LINE
  5
65E
330
2
100
AcDbEntity
  8
PWINDOW
100
AcDbLine
 10
-396702.5623187574
 20
-535929.1437838042
 30
0.0
 11
-400902.3372193577
 21
-535929.1437838044
 31
0.0
  0
LINE
  5
65F
330
2
100
AcDbEntity
  8
PWINDOW
100
AcDbLine
 10
-396702.5623187574
 20
-537329.1437838041
 30
0.0
 11
-401102.3372193577
 21
-537329.1437838044
 31
0.0
  0
LINE
  5
660
330
2
100
AcDbEntity
  8
WIN
100
AcDbLine
 10
-398992.4497690578
 20
-535729.1437838043
 30
0.0
 11
-400902.3372193577
 21
-535729.1437838044
 31
0.0
  0
LINE
  5
661
330
2
100
AcDbEntity
  8
WIN
100
AcDbLine
 10
-399952.4497690576
 20
-535849.1437838043
 30
0.0
 11
-400902.3372193577
 21
-535849.1437838043
 31
0.0
  0
LINE
  5
662
330
2
100
AcDbEntity
  8
WIN
100
AcDbLine
 10
-399952.4497690576
 20
-535849.1437838043
 30
0.0
 11
-399952.4497690576
 21
-535729.1437838044
 31
0.0
  0
LINE
  5
663
330
2
100
AcDbEntity
  8
WIN
100
AcDbLine
 10
-398992.4497690578
 20
-535789.1437838043
 30
0.0
 11
-398992.4497690578
 21
-535729.1437838043
 31
0.0
  0
LINE
  5
664
330
2
100
AcDbEntity
  8
WIN
100
AcDbLine
 10
-399112.4497690576
 20
-535849.1437838043
 30
0.0
 11
-399112.4497690576
 21
-535789.1437838043
 31
0.0
  0
LINE
  5
665
330
2
100
AcDbEntity
  8
PWINDOW
100
AcDbLine
 10
-401002.3372193577
 20
-535929.1437838042
 30
0.0
 11
-401002.3372193577
 21
-537229.1437838043
 31
0.0
  0
LINE
  5
666
330
2
100
AcDbEntity
  8
WALL
100
AcDbLine
 10
-402402.3372193577
 20
-535729.1437838044
 30
0.0
 11
-401002.3372193577
 21
-535729.1437838044
 31
0.0
  0
LINE
  5
667
330
2
100
AcDbEntity
  8
PWINDOW
100
AcDbLine
 10
-401102.3372193577
 20
-535929.1437838044
 30
0.0
 11
-401102.3372193577
 21
-537329.1437838044
 31
0.0
  0
LINE
  5
668
330
2
100
AcDbEntity
  8
PWINDOW
100
AcDbLine
 10
-402282.3372193577
 20
-536429.1437838044
 30
0.0
 11
-401102.3372193577
 21
-536429.1437838041
 31
0.0
  0
LINE
  5
669
330
2
100
AcDbEntity
  8
WIN
100
AcDbLine
 10
-402402.3372193577
 20
-535929.1437838044
 30
0.0
 11
-402402.3372193577
 21
-536309.1437838043
 31
0.0
  0
LINE
  5
66A
330
2
100
AcDbEntity
  8
WIN
100
AcDbLine
 10
-402282.3372193577
 20
-535929.1437838044
 30
0.0
 11
-402282.3372193577
 21
-536429.1437838044
 31
0.0
  0
LINE
  5
66B
330
2
100
AcDbEntity
  8
WIN
100
AcDbLine
 10
-402342.3372193577
 20
-535929.1437838044
 30
0.0
 11
-402342.3372193577
 21
-536369.1437838043
 31
0.0
  0
LINE
  5
66C
330
2
100
AcDbEntity
  8
WALL
100
AcDbLine
 10
-402402.3372193577
 20
-535929.1437838044
 30
0.0
 11
-402402.3372193577
 21
-535729.1437838044
 31
0.0
  0
LINE
  5
66D
330
2
100
AcDbEntity
  8
WALL
100
AcDbLine
 10
-402402.3372193577
 20
-535929.1437838044
 30
0.0
 11
-400902.3372193577
 21
-535929.1437838042
 31
0.0
  0
INSERT
  5
66E
330
2
100
AcDbEntity
  8
HA
100
AcDbBlockReference
  2
HUA
 10
-396026.6706189111
 20
-535221.2234853852
 30
0.0
 41
0.8000000000465661
 42
0.7999999999883585
 43
0.8
  0
INSERT
  5
69F
330
2
100
AcDbEntity
  8
HA
100
AcDbBlockReference
  2
HUA
 10
-395649.8589627653
 20
-535267.0127428265
 30
0.0
 41
-0.8000000000465661
 42
0.7999999999883585
 43
0.8
  0
INSERT
  5
6A0
330
2
100
AcDbEntity
  8
HA
100
AcDbBlockReference
  2
HUA
 10
-395649.8589627653
 20
-534622.5444643653
 30
0.0
 41
-0.8000000000465661
 42
0.7999999999883585
 43
0.8
  0
LINE
  5
6A1
330
2
100
AcDbEntity
  8
WIN
100
AcDbLine
 10
-394342.4497690503
 20
-535729.1437838117
 30
0.0
 11
-395702.5623187576
 21
-535729.1437838117
 31
0.0
  0
LINE
  5
6A2
330
2
100
AcDbEntity
  8
WIN
100
AcDbLine
 10
-395002.4497690503
 20
-535849.1437838117
 30
0.0
 11
-395702.5623187576
 21
-535849.1437838117
 31
0.0
  0
LINE
  5
6A3
330
2
100
AcDbEntity
  8
WIN
100
AcDbLine
 10
-394342.4497690503
 20
-535729.1437838117
 30
0.0
 11
-394342.4497690503
 21
-535789.1437838117
 31
0.0
  0
LINE
  5
6A4
330
2
100
AcDbEntity
  8
WIN
100
AcDbLine
 10
-394462.4497690501
 20
-535789.1437838117
 30
0.0
 11
-394462.4497690501
 21
-535849.1437838117
 31
0.0
  0
LINE
  5
6A5
330
2
100
AcDbEntity
  8
WIN
100
AcDbLine
 10
-395002.4497690503
 20
-535729.1437838117
 30
0.0
 11
-395002.4497690503
 21
-535849.1437838117
 31
0.0
  0
LINE
  5
6A6
330
2
100
AcDbEntity
  8
WIN
100
AcDbLine
 10
-398152.4497690576
 20
-535849.1437838043
 30
0.0
 11
-398152.4497690576
 21
-535729.1437838043
 31
0.0
  0
LINE
  5
6A7
330
2
100
AcDbEntity
  8
WALL
100
AcDbLine
 10
-395902.5623187574
 20
-535729.1437838044
 30
0.0
 11
-396702.5623187574
 21
-535729.1437838044
 31
0.0
  0
LINE
  5
6A8
330
2
100
AcDbEntity
  8
WIN
100
AcDbLine
 10
-396702.5623187574
 20
-535729.1437838043
 30
0.0
 11
-398152.4497690576
 21
-535729.1437838043
 31
0.0
  0
LINE
  5
6A9
330
2
100
AcDbEntity
  8
WALL
100
AcDbLine
 10
-395702.5623187576
 20
-535929.1437838044
 30
0.0
 11
-396502.5623187575
 21
-535929.1437838044
 31
0.0
  0
INSERT
  5
6AA
330
2
100
AcDbEntity
  8
JJ
100
AcDbBlockReference
  2
TV22
 10
-396296.4355398573
 20
-534468.9575883012
 30
-200.0
 50
270.0
  0
LINE
  5
6AB
330
2
100
AcDbEntity
  8
JJ
100
AcDbLine
 10
-401002.3372193577
 20
-534054.9969295288
 30
0.0
 11
-401507.0005706102
 21
-534054.9969295288
 31
0.0
  0
LINE
  5
6AC
330
2
100
AcDbEntity
  8
JJ
100
AcDbLine
 10
-401002.3372193582
 20
-532654.9969295282
 30
0.0
 11
-401477.2745517459
 21
-532654.9969295282
 31
0.0
  0
ARC
  5
6AD
330
2
100
AcDbEntity
  8
JJ
100
AcDbCircle
 10
-399137.2981755743
 20
-533404.9969295282
 30
0.0
 40
2457.232069024168
100
AcDbArc
 50
162.2285110497491
 51
195.3387467485083
  0
TEXT
  5
6AE
330
2
100
AcDbEntity
  8
CTEXT
100
AcDbText
 10
-398527.1558654279
 20
-533315.39207549
 30
0.0
 40
500.0
  1
客厅
 41
0.8
  7
_FSD
100
AcDbText
  0
TEXT
  5
6AF
330
2
100
AcDbEntity
  8
CTEXT
100
AcDbText
 10
-393428.6957901385
 20
-535335.1125197738
 30
0.0
 40
500.0
  1
客厅
 50
359.9999999999995
 41
0.8
  7
_FSD
100
AcDbText
  0
LINE
  5
6B0
330
2
100
AcDbEntity
  8
WALL
100
AcDbLine
 10
-385996.7435685089
 20
-536089.0751817929
 30
0.0
 11
-385996.7435684643
 21
-531104.0312341268
 31
0.0
  0
LINE
  5
6B1
330
2
100
AcDbEntity
  8
WIN
100
AcDbLine
 10
-387042.4497690353
 20
-533984.0312341266
 30
0.0
 11
-387042.4497690353
 21
-534944.0312341268
 31
0.0
  0
LINE
  5
6B2
330
2
100
AcDbEntity
  8
WIN
100
AcDbLine
 10
-387102.4497690353
 20
-533144.0312341265
 30
0.0
 11
-387102.4497690353
 21
-534944.0312341268
 31
0.0
  0
LINE
  5
6B3
330
2
100
AcDbEntity
  8
PWINDOW
100
AcDbLine
 10
-386962.4497690761
 20
-533144.0312341265
 30
0.0
 11
-386962.4497690761
 21
-534944.0312341268
 31
0.0
  0
HATCH
  5
6B4
330
2
100
AcDbEntity
  8
HA
100
AcDbHatch
 10
0.0
 20
0.0
 30
0.0
210
0.0
220
0.0
230
1.0
  2
ANSI37
 70
     0
 71
     0
 91
        1
 92
        1
 93
       18
 72
     1
 10
-389482.4497690502
 20
-536379.6150622488
 11
-388835.5881799287
 21
-536379.6150622488
 72
     1
 10
-388835.5881799287
 20
-536379.6150622488
 11
-388591.7353523971
 21
-536139.1437838079
 72
     1
 10
-388591.7353523972
 20
-536139.1437838078
 11
-388541.4852513017
 21
-536139.1437838078
 72
     1
 10
-388541.4852513017
 20
-536139.1437838078
 11
-388541.4852513017
 21
-536335.4728096008
 72
     2
 10
-388217.671701665
 20
-536369.8381497737
 40
325.6319878841844
 50
173.9420499262774
 51
231.8862682169346
 73
     1
 72
     2
 10
-388371.7353523972
 20
-536566.2258562196
 40
76.02481707412251
 50
231.8862682169345
 51
308.1137317830768
 73
     1
 72
     2
 10
-388519.8086689243
 20
-536375.1875878936
 40
317.7288725613242
 50
307.8592299305359
 51
360.5806328423188
 73
     1
 72
     1
 10
-388202.0961111307
 20
-536371.9677929576
 11
-388201.9854534925
 21
-536139.5415824392
 72
     1
 10
-388201.9854534925
 20
-536139.5415824392
 11
-388121.7353523971
 21
-536139.5415824392
 72
     1
 10
-388121.7353523971
 20
-536139.5415824392
 11
-388121.7353523971
 21
-536109.1437838076
 72
     1
 10
-388121.7353523971
 20
-536109.1437838076
 11
-388121.7353523971
 21
-535929.1437838079
 72
     1
 10
-388121.7353523971
 20
-535929.1437838079
 11
-387962.4497690354
 21
-535929.1437838081
 72
     1
 10
-387962.4497690354
 20
-535929.1437838081
 11
-387962.4497690377
 21
-537389.1437838175
 72
     1
 10
-387962.4497690377
 20
-537389.1437838175
 11
-389482.4497690502
 21
-537389.1437838153
 72
     1
 10
-389482.4497690502
 20
-537389.1437838153
 11
-389482.4497690502
 21
-537336.0430790262
 72
     1
 10
-389482.4497690502
 20
-537336.0430790262
 11
-388772.4497690501
 21
-537336.0430790262
 72
     2
 10
-389488.4461477214
 20
-537302.7863175016
 40
716.7683213266911
 50
357.3406240715513
 51
449.5206663189508
 73
     1
 72
     1
 10
-389482.4497690502
 20
-536586.0430790262
 11
-389482.4497690502
 21
-536379.6150622488
 97
        0
 75
     0
 76
     1
 52
45.0
 41
1000.0
 77
     0
 78
     2
 53
90.0
 43
-395547.6708852821
 44
-542655.5003997567
 45
-125.0
 46
0.0000000000000213
 79
     0
 53
180.0
 43
-395547.6708852821
 44
-542655.5003997567
 45
-0.0000000000000213
 46
-125.0
 79
     0
 98
        1
 10
-395547.6708852821
 20
-542655.5003997567
  0
LINE
  5
6B5
330
2
100
AcDbEntity
  8
JJ
100
AcDbLine
 10
-388835.5881799287
 20
-536379.6150622488
 30
0.0
 11
-389482.4497690502
 21
-536379.6150622488
 31
0.0
  0
LINE
  5
6B6
330
2
100
AcDbEntity
  8
WALL
100
AcDbLine
 10
-387162.4497690353
 20
-535929.1437838079
 30
0.0
 11
-389482.4497690502
 21
-535929.1437838079
 31
0.0
  0
LINE
  5
6B7
330
2
100
AcDbEntity
  8
WALL
100
AcDbLine
 10
-387162.4497690353
 20
-535729.1437838116
 30
0.0
 11
-389602.4497690206
 21
-535729.1437838116
 31
0.0
  0
LINE
  5
6B8
330
2
100
AcDbEntity
  8
WALL
100
AcDbLine
 10
-387162.4497690353
 20
-537389.1437838191
 30
0.0
 11
-389482.4497690502
 21
-537389.1437838153
 31
0.0
  0
LWPOLYLINE
  5
6B9
330
2
100
AcDbEntity
  8
DOOR
100
AcDbPolyline
 90
        3
 70
     0
 43
0.0
 10
-389482.4497690502
 20
-537336.0430790262
 10
-388772.4497690501
 20
-537336.0430790262
 42
0.4254022535333493
 10
-389482.4497690502
 20
-536586.0430790262
  0
INSERT
  5
6BA
330
2
100
AcDbEntity
  8
JJ
 62
     8
100
AcDbBlockReference
  2
RDC1
 10
-391110.3468642671
 20
-537519.1824404645
 30
0.0
  0
LINE
  5
6BB
330
2
100
AcDbEntity
  8
WALL
100
AcDbLine
 10
-389602.4497690206
 20
-535729.1437838116
 30
0.0
 11
-389602.4497690353
 21
-536582.9482727536
 31
0.0
  0
LINE
  5
6BC
330
2
100
AcDbEntity
  8
WALL
100
AcDbLine
 10
-389482.4497690502
 20
-536582.9482727536
 30
0.0
 11
-389602.4497690353
 21
-536582.9482727536
 31
0.0
  0
LINE
  5
6BD
330
2
100
AcDbEntity
  8
WALL
100
AcDbLine
 10
-389482.4497690502
 20
-535929.1437838079
 30
0.0
 11
-389482.4497690502
 21
-536582.9482727536
 31
0.0
  0
LINE
  5
6BE
330
2
100
AcDbEntity
  8
WALL
100
AcDbLine
 10
-389482.4497690502
 20
-537332.9482727537
 30
0.0
 11
-389482.4497690502
 21
-537389.1437838153
 31
0.0
  0
LINE
  5
6BF
330
2
100
AcDbEntity
  8
WALL
100
AcDbLine
 10
-389482.4497690502
 20
-537332.9482727537
 30
0.0
 11
-389602.4497690353
 21
-537332.9482727537
 31
0.0
  0
LINE
  5
6C0
330
2
100
AcDbEntity
  8
PWINDOW
100
AcDbLine
 10
-389482.4497690502
 20
-537332.9482727537
 30
0.0
 11
-389482.4497690502
 21
-536582.9482727536
 31
0.0
  0
LINE
  5
6C1
330
2
100
AcDbEntity
  8
WALL
100
AcDbLine
 10
-393502.4497690501
 20
-536709.143783808
 30
0.0
 11
-393302.4497690503
 21
-536709.143783808
 31
0.0
  0
LINE
  5
6C2
330
2
100
AcDbEntity
  8
WALL
100
AcDbLine
 10
-393502.4497690501
 20
-535729.1437838117
 30
0.0
 11
-393502.4497690501
 21
-536709.143783808
 31
0.0
  0
LINE
  5
6C3
330
2
100
AcDbEntity
  8
WALL
100
AcDbLine
 10
-393302.4497690503
 20
-536709.143783808
 30
0.0
 11
-393302.4497690503
 21
-535929.1437838044
 31
0.0
  0
LINE
  5
6C4
330
2
100
AcDbEntity
  8
WALL
100
AcDbLine
 10
-393502.4497690501
 20
-535729.1437838117
 30
0.0
 11
-390602.4497690501
 21
-535729.1437838117
 31
0.0
  0
LINE
  5
6C5
330
2
100
AcDbEntity
  8
WALL
100
AcDbLine
 10
-393302.4497690503
 20
-535929.1437838044
 30
0.0
 11
-390722.4497690503
 21
-535929.1437838044
 31
0.0
  0
LINE
  5
6C6
330
2
100
AcDbEntity
  8
WALL
100
AcDbLine
 10
-385996.7435685089
 20
-536089.0751817929
 30
0.0
 11
-385796.7435685089
 21
-536089.0751817929
 31
0.0
  0
CIRCLE
  5
6C7
330
2
100
AcDbEntity
  8
ARCH
100
AcDbCircle
 10
-387550.9017711582
 20
-536152.7084671257
 30
0.0
 40
22.45107156783342
  0
LINE
  5
6C8
330
2
100
AcDbEntity
  8
ARCH
100
AcDbLine
 10
-387562.4497690354
 20
-536152.7084671184
 30
0.0
 11
-387539.3537732814
 21
-536152.7084671184
 31
0.0
  0
LINE
  5
6C9
330
2
100
AcDbEntity
  8
ARCH
100
AcDbLine
 10
-387539.3537732814
 20
-536152.7084671184
 30
0.0
 11
-387539.3537732814
 21
-535979.1437838001
 31
0.0
  0
LINE
  5
6CA
330
2
100
AcDbEntity
  8
ARCH
100
AcDbLine
 10
-387562.4497690354
 20
-535979.1437838001
 30
0.0
 11
-387562.4497690354
 21
-536152.7084671184
 31
0.0
  0
LWPOLYLINE
  5
6CB
330
2
100
AcDbEntity
  8
ARCH
100
AcDbPolyline
 90
        4
 70
     1
 43
0.0
 10
-387212.4497690354
 20
-535979.143783793
 10
-387212.4497690375
 20
-537339.1437838179
 10
-387912.4497690378
 20
-537339.1437838179
 10
-387912.4497690352
 20
-535979.1437838079
  0
LINE
  5
6CC
330
2
100
AcDbEntity
  8
ARCH
100
AcDbLine
 10
-387212.4497690354
 20
-535979.143783793
 30
0.0
 11
-387912.4497690378
 21
-537339.1437838179
 31
0.0
  0
LINE
  5
6CD
330
2
100
AcDbEntity
  8
ARCH
100
AcDbLine
 10
-387912.4497690352
 20
-535979.1437838079
 30
0.0
 11
-387212.4497690375
 21
-537339.1437838179
 31
0.0
  0
LWPOLYLINE
  5
6CE
330
2
100
AcDbEntity
  8
ARCH
100
AcDbPolyline
 90
        4
 70
     1
 43
0.0
 10
-387162.4497690353
 20
-535929.1437838079
 10
-387162.4497690376
 20
-537389.1437838175
 10
-387962.4497690377
 20
-537389.1437838175
 10
-387962.4497690354
 20
-535929.1437838081
  0
LWPOLYLINE
  5
6CF
330
2
100
AcDbEntity
  8
JJ
 62
   252
100
AcDbPolyline
 90
       16
 70
     1
 43
0.0
 10
-388940.2797011528
 20
-536182.5604647332
 10
-388960.5087416563
 20
-536253.0108578622
 10
-389012.9799079392
 20
-536313.7772604644
 10
-389086.1689701174
 20
-536350.8655929723
 10
-389174.1232264433
 20
-536361.1401393829
 10
-389260.4855074978
 20
-536341.5678651265
 10
-389329.3140861486
 20
-536296.9045693583
 10
-389375.0235928091
 20
-536230.9013877555
 10
-389387.6437862014
 20
-536158.6988761136
 10
-389367.414745668
 20
-536088.2484830066
 10
-389314.943579415
 20
-536027.4820803822
 10
-389241.7545172368
 20
-535990.3937478705
 10
-389153.8002609108
 20
-535980.1192014858
 10
-389067.4379798564
 20
-535999.6914757423
 10
-388998.6094012055
 20
-536044.3547714881
 10
-388952.899894545
 20
-536110.3579530873
  0
LWPOLYLINE
  5
6D0
330
2
100
AcDbEntity
  8
JJ
 62
   252
100
AcDbPolyline
 90
       16
 70
     1
 43
0.0
 10
-388976.5775412115
 20
-536185.9043098397
 10
-388992.9604041969
 20
-536131.5191368505
 10
-389036.7195813452
 20
-536083.7030737818
 10
-389097.0681396221
 20
-536055.051568643
 10
-389170.7025494968
 20
-536047.187601988
 10
-389243.0826542173
 20
-536062.8397179293
 10
-389300.041040102
 20
-536097.7481626203
 10
-389338.4655636346
 20
-536149.9477551884
 10
-389348.9703194294
 20
-536205.7670649932
 10
-389332.5874564443
 20
-536260.1522379822
 10
-389288.8282792958
 20
-536307.9683010512
 10
-389228.4797210489
 20
-536336.6198061862
 10
-389154.8453111444
 20
-536344.4837728447
 10
-389082.4652064239
 20
-536328.8316569037
 10
-389025.5068205688
 20
-536293.9232122124
 10
-388987.0822970364
 20
-536241.7236196443
  0
LINE
  5
6D1
330
2
100
AcDbEntity
  8
JJ
100
AcDbLine
 10
-388591.7353523972
 20
-536139.1437838078
 30
0.0
 11
-388835.5881799287
 21
-536379.6150622488
 31
0.0
  0
INSERT
  5
6D2
330
2
100
AcDbEntity
  8
JJ
100
AcDbBlockReference
  2
WP3
 10
-388591.7353523972
 20
-535929.1437838079
 30
0.0
  0
LINE
  5
6D3
330
2
100
AcDbEntity
  8
WALL
100
AcDbLine
 10
-387162.4497690353
 20
-534944.0312341268
 30
0.0
 11
-386962.4497690761
 21
-534944.0312341268
 31
0.0
  0
LINE
  5
6D4
330
2
100
AcDbEntity
  8
WALL
100
AcDbLine
 10
-386962.4497690503
 20
-536489.2222120428
 30
0.0
 11
-386962.4497690761
 21
-534944.0312341268
 31
0.0
  0
LINE
  5
6D5
330
2
100
AcDbEntity
  8
WALL
100
AcDbLine
 10
-387162.4497690353
 20
-534944.0312341268
 30
0.0
 11
-387162.4497690353
 21
-535729.1437838116
 31
0.0
  0
LINE
  5
6D6
330
2
100
AcDbEntity
  8
WALL
100
AcDbLine
 10
-387162.4497690353
 20
-536489.2222120428
 30
0.0
 11
-386962.4497690503
 21
-536489.2222120428
 31
0.0
  0
LINE
  5
6D7
330
2
100
AcDbEntity
  8
WALL
100
AcDbLine
 10
-387162.4497690353
 20
-535929.1437838079
 30
0.0
 11
-387162.4497690353
 21
-536489.2222120428
 31
0.0
  0
LINE
  5
6D8
330
2
100
AcDbEntity
  8
WALL
100
AcDbLine
 10
-387162.4497690353
 20
-537288.9206933716
 30
0.0
 11
-386962.4497690503
 21
-537288.9206933716
 31
0.0
  0
LINE
  5
6D9
330
2
100
AcDbEntity
  8
WALL
100
AcDbLine
 10
-387162.4497690353
 20
-537288.9206933716
 30
0.0
 11
-387162.4497690353
 21
-537389.1437838191
 31
0.0
  0
LINE
  5
6DA
330
2
100
AcDbEntity
  8
WIN
100
AcDbLine
 10
-387162.4497690353
 20
-536489.2222120428
 30
0.0
 11
-387162.4497690353
 21
-537288.9206933716
 31
0.0
  0
LINE
  5
6DB
330
2
100
AcDbEntity
  8
WIN
100
AcDbLine
 10
-387092.4497690352
 20
-536489.2222120428
 30
0.0
 11
-387092.4497690352
 21
-537288.9206933716
 31
0.0
  0
LINE
  5
6DC
330
2
100
AcDbEntity
  8
WIN
100
AcDbLine
 10
-387032.4497690504
 20
-536489.2222120428
 30
0.0
 11
-387032.4497690504
 21
-537288.9206933716
 31
0.0
  0
LINE
  5
6DD
330
2
100
AcDbEntity
  8
WIN
100
AcDbLine
 10
-386962.4497690503
 20
-536489.2222120428
 30
0.0
 11
-386962.4497690503
 21
-537288.9206933716
 31
0.0
  0
LINE
  5
6DE
330
2
100
AcDbEntity
  8
PWINDOW
100
AcDbLine
 10
-385996.7435685089
 20
-535889.143783808
 30
0.0
 11
-386962.4497690607
 21
-535889.143783808
 31
0.0
  0
LINE
  5
6DF
330
2
100
AcDbEntity
  8
PWINDOW
100
AcDbLine
 10
-385996.7435685089
 20
-535789.143783808
 30
0.0
 11
-386962.4497690607
 21
-535789.143783808
 31
0.0
  0
INSERT
  5
6E0
330
2
100
AcDbEntity
  8
0
100
AcDbBlockReference
  2
DBX1
 10
-388626.5738781903
 20
-531083.7876734488
 30
0.0
 41
-1.0
 50
180.0
  0
LINE
  5
6FA
330
2
100
AcDbEntity
  8
WALL
100
AcDbLine
 10
-389362.6386721584
 20
-531104.0312341268
 30
0.0
 11
-385996.7435684643
 21
-531104.0312341268
 31
0.0
  0
LINE
  5
6FB
330
2
100
AcDbEntity
  8
PWINDOW
100
AcDbLine
 10
-388462.6386721296
 20
-532964.0312341266
 30
0.0
 11
-389262.6386721295
 21
-532964.0312341266
 31
0.0
  0
TEXT
  5
6FC
330
2
100
AcDbEntity
  8
CTEXT
100
AcDbText
 10
-390043.0433067228
 20
-534101.7802089098
 30
0.0
 40
500.0
  1
餐厅
 50
359.9999999999995
 41
0.8
  7
_FSD
100
AcDbText
  0
LWPOLYLINE
  5
6FD
330
2
100
AcDbEntity
  8
DOOR
100
AcDbPolyline
 90
        3
 70
     0
 43
0.0
 10
-389262.6386721295
 20
-532964.0312341266
 10
-389262.6386721295
 20
-532164.0312341266
 42
-0.4142135623730951
 10
-388462.6386721296
 20
-532964.0312341266
  0
INSERT
  5
6FE
330
2
100
AcDbEntity
  8
STAIR
100
AcDbBlockReference
 66
     1
  2
_F0LWN
 10
-390793.7336178136
 20
-532246.8563854354
 30
-0.0000000000657026
 50
270.0
  0
ATTRIB
  5
95A
330
6FE
100
AcDbEntity
  8
0
100
AcDbText
 10
-390793.7336178136
 20
-532246.8563854354
 30
0.0
 40
0.5
  1
500
 50
270.0
 41
0.8
  7
DIM_FONT
100
AcDbAttribute
280
     0
  2
XSIZE
 70
     9
280
     0
  0
ATTRIB
  5
95B
330
6FE
100
AcDbEntity
  8
0
100
AcDbText
 10
-390793.7336178136
 20
-532246.8563854354
 30
0.0
 40
0.5
  1
500
 50
270.0
 41
0.8
  7
DIM_FONT
100
AcDbAttribute
280
     0
  2
YSIZE
 70
     9
280
     0
  0
SEQEND
  5
95C
330
6FE
100
AcDbEntity
  8
STAIR
  0
LINE
  5
95D
330
2
100
AcDbEntity
  8
WALL
100
AcDbLine
 10
-390182.4497690515
 20
-531104.0312341265
 30
0.0
 11
-389462.6386721586
 21
-531104.0312341268
 31
0.0
  0
LINE
  5
95E
330
2
100
AcDbEntity
  8
WALL
100
AcDbLine
 10
-391792.4497690503
 20
-531104.0312341268
 30
0.0
 11
-391282.4497690503
 21
-531104.0312341265
 31
0.0
  0
LINE
  5
95F
330
2
100
AcDbEntity
  8
WALL
100
AcDbLine
 10
-389362.6386721297
 20
-532964.0312341266
 30
0.0
 11
-389262.6386721295
 21
-532964.0312341266
 31
0.0
  0
LINE
  5
960
330
2
100
AcDbEntity
  8
WALL
100
AcDbLine
 10
-389262.6386721295
 20
-532964.0312341266
 30
0.0
 11
-389262.6386721295
 21
-533144.0312341265
 31
0.0
  0
LINE
  5
961
330
2
100
AcDbEntity
  8
WALL
100
AcDbLine
 10
-389362.6386721584
 20
-531104.0312341268
 30
0.0
 11
-389362.6386721297
 21
-532964.0312341266
 31
0.0
  0
LINE
  5
962
330
2
100
AcDbEntity
  8
WIN
100
AcDbLine
 10
-387162.4497690353
 20
-534104.0312341266
 30
0.0
 11
-387102.4497690353
 21
-534104.0312341266
 31
0.0
  0
LINE
  5
963
330
2
100
AcDbEntity
  8
WIN
100
AcDbLine
 10
-387102.4497690353
 20
-533984.0312341266
 30
0.0
 11
-387042.4497690353
 21
-533984.0312341266
 31
0.0
  0
LINE
  5
964
330
2
100
AcDbEntity
  8
WIN
100
AcDbLine
 10
-387162.4497690353
 20
-533144.0312341265
 30
0.0
 11
-387162.4497690353
 21
-534104.0312341266
 31
0.0
  0
INSERT
  5
965
330
2
100
AcDbEntity
  8
DIM
100
AcDbBlockReference
  2
SHC
 10
-386124.2812765159
 20
-532288.7869338504
 30
0.0
 41
-1.0
 50
315.0000000000048
  0
LINE
  5
978
330
2
100
AcDbEntity
  8
PWINDOW
100
AcDbLine
 10
-386497.2156418851
 20
-532964.0312341266
 30
0.0
 11
-386497.2156418851
 21
-531604.4865861238
 31
0.0
  0
LINE
  5
979
330
2
100
AcDbEntity
  8
WALL
100
AcDbLine
 10
-388462.6386721296
 20
-532964.0312341266
 30
0.0
 11
-388462.6386721296
 21
-533144.0312341265
 31
0.0
  0
LINE
  5
97A
330
2
100
AcDbEntity
  8
WALL
100
AcDbLine
 10
-388462.6386721296
 20
-532964.0312341266
 30
0.0
 11
-386962.4497690799
 21
-532964.0312341266
 31
0.0
  0
LINE
  5
97B
330
2
100
AcDbEntity
  8
WALL
100
AcDbLine
 10
-388462.6386721296
 20
-533144.0312341265
 30
0.0
 11
-386962.4497690799
 21
-533144.0312341265
 31
0.0
  0
LINE
  5
97C
330
2
100
AcDbEntity
  8
PWINDOW
100
AcDbLine
 10
-388672.6386721584
 20
-531604.4865861238
 30
0.0
 11
-386497.2156418851
 21
-531604.4865861238
 31
0.0
  0
INSERT
  5
97D
330
2
100
AcDbEntity
  8
WINDOW
100
AcDbBlockReference
  2
2
 10
-387662.9497292693
 20
-531164.4865861238
 30
0.0
  0
LINE
  5
998
330
2
100
AcDbEntity
  8
WIN
100
AcDbLine
 10
-385996.7435685089
 20
-533144.0312341265
 30
0.0
 11
-386962.4497690799
 21
-533144.0312341265
 31
0.0
  0
INSERT
  5
999
330
2
100
AcDbEntity
  8
HA
100
AcDbBlockReference
  2
HUA
 10
-376143.6281742528
 20
-534622.5444643653
 30
0.0
 41
0.8000000000465661
 42
0.7999999999883585
 43
0.8
  0
INSERT
  5
99A
330
2
100
AcDbEntity
  8
HA
100
AcDbBlockReference
  2
HUA
 10
-376143.6281742528
 20
-535267.0127428265
 30
0.0
 41
0.8000000000465661
 42
0.7999999999883585
 43
0.8
  0
LINE
  5
99B
330
2
100
AcDbEntity
  8
PWINDOW
100
AcDbLine
 10
-376062.3372193579
 20
-535929.1437838044
 30
0.0
 11
-378262.449769065
 21
-535929.1437838044
 31
0.0
  0
LINE
  5
99C
330
2
100
AcDbEntity
  8
WIN
100
AcDbLine
 10
-378262.449769065
 20
-535789.1437838117
 30
0.0
 11
-376062.3372193579
 21
-535789.1437838117
 31
0.0
  0
LINE
  5
99D
330
2
100
AcDbEntity
  8
WIN
100
AcDbLine
 10
-376762.449769065
 20
-535849.1437838117
 30
0.0
 11
-376062.3372193579
 21
-535849.1437838117
 31
0.0
  0
LINE
  5
99E
330
2
100
AcDbEntity
  8
WIN
100
AcDbLine
 10
-377422.4497690652
 20
-535729.1437838117
 30
0.0
 11
-376062.3372193579
 21
-535729.1437838117
 31
0.0
  0
INSERT
  5
99F
330
2
100
AcDbEntity
  8
JJ
100
AcDbBlockReference
  2
TV22
 10
-375468.4639982579
 20
-534615.4715112191
 30
-200.0
 41
-1.0
 50
90.0
  0
LINE
  5
9A0
330
2
100
AcDbEntity
  8
PWINDOW
100
AcDbLine
 10
-378262.449769065
 20
-537329.1437838041
 30
0.0
 11
-375862.3372193579
 21
-537329.1437838041
 31
0.0
  0
LINE
  5
9A1
330
2
100
AcDbEntity
  8
PWINDOW
100
AcDbLine
 10
-378262.449769065
 20
-537229.143783804
 30
0.0
 11
-375962.3372193579
 21
-537229.143783804
 31
0.0
  0
LINE
  5
9A2
330
2
100
AcDbEntity
  8
WALL
100
AcDbLine
 10
-380072.4497690651
 20
-531104.0312341268
 30
0.0
 11
-376062.3372193579
 21
-531104.031234123
 31
0.0
  0
LINE
  5
9A3
330
2
100
AcDbEntity
  8
WIN
100
AcDbLine
 10
-378262.449769065
 20
-535849.1437838117
 30
0.0
 11
-377302.4497690651
 21
-535849.1437838117
 31
0.0
  0
LINE
  5
9A4
330
2
100
AcDbEntity
  8
WIN
100
AcDbLine
 10
-376762.449769065
 20
-535729.1437838117
 30
0.0
 11
-376762.449769065
 21
-535849.1437838117
 31
0.0
  0
LINE
  5
9A5
330
2
100
AcDbEntity
  8
WIN
100
AcDbLine
 10
-377302.4497690651
 20
-535789.1437838117
 30
0.0
 11
-377302.4497690651
 21
-535849.1437838117
 31
0.0
  0
LINE
  5
9A6
330
2
100
AcDbEntity
  8
WIN
100
AcDbLine
 10
-377422.4497690652
 20
-535729.1437838117
 30
0.0
 11
-377422.4497690652
 21
-535789.1437838117
 31
0.0
  0
TEXT
  5
9A7
330
2
100
AcDbEntity
  8
CTEXT
100
AcDbText
 10
-377244.1652223287
 20
-533315.39207549
 30
0.0
 40
500.0
  1
客厅
 41
0.8
  7
_FSD
100
AcDbText
  0
ARC
  5
9A8
330
2
100
AcDbEntity
  8
JJ
100
AcDbCircle
 10
-375261.7826124286
 20
-533794.031234126
 30
0.0
 40
2457.232069024168
100
AcDbArc
 50
344.6612532514917
 51
17.77148895025083
  0
INSERT
  5
9A9
330
2
100
AcDbEntity
  8
JJ
 62
     8
100
AcDbBlockReference
  2
RDC1
 10
-374272.2985626975
 20
-533051.9283293437
 30
0.0
 50
90.0
  0
LINE
  5
9AA
330
2
100
AcDbEntity
  8
WALL
100
AcDbLine
 10
-369996.7435686415
 20
-535244.0312341268
 30
0.0
 11
-369996.7435686415
 21
-531604.0312341265
 31
0.0
  0
LINE
  5
9AB
330
2
100
AcDbEntity
  8
WALL
100
AcDbLine
 10
-369796.7435686415
 20
-535444.0312341266
 30
0.0
 11
-369796.7435686415
 21
-531404.0312341266
 31
0.0
  0
LINE
  5
9AC
330
2
100
AcDbEntity
  8
WALL
100
AcDbLine
 10
-373496.7435686453
 20
-535929.1437838042
 30
0.0
 11
-373496.7435686453
 21
-532704.0312341265
 31
0.0
  0
LINE
  5
9AD
330
2
100
AcDbEntity
  8
WALL
100
AcDbLine
 10
-373396.7435686452
 20
-532604.0312341268
 30
0.0
 11
-373396.7435686452
 21
-535929.1437838044
 31
0.0
  0
LINE
  5
9AE
330
2
100
AcDbEntity
  8
WALL
100
AcDbLine
 10
-375862.3372193579
 20
-532204.0312341266
 30
0.0
 11
-375862.3372193579
 21
-535244.0312341268
 31
0.0
  0
LINE
  5
9AF
330
2
100
AcDbEntity
  8
WALL
100
AcDbLine
 10
-376062.3372193579
 20
-531104.031234123
 30
0.0
 11
-376062.3372193579
 21
-535929.1437838042
 31
0.0
  0
LINE
  5
9B0
330
2
100
AcDbEntity
  8
WIN
100
AcDbLine
 10
-373396.7435686452
 20
-535929.1437838042
 30
0.0
 11
-370876.7435686453
 21
-535929.1437838042
 31
0.0
  0
LINE
  5
9B1
330
2
100
AcDbEntity
  8
PWINDOW
100
AcDbLine
 10
-370996.7435686453
 20
-535244.0312341268
 30
0.0
 11
-373396.7435686452
 21
-535244.0312341268
 31
0.0
  0
LINE
  5
9B2
330
2
100
AcDbEntity
  8
WIN
100
AcDbLine
 10
-373396.7435686452
 20
-535869.1437838043
 30
0.0
 11
-370936.7435686452
 21
-535869.1437838043
 31
0.0
  0
LINE
  5
9B3
330
2
100
AcDbEntity
  8
WIN
100
AcDbLine
 10
-373396.7435686452
 20
-535809.1437838043
 30
0.0
 11
-370996.7435686453
 21
-535809.1437838039
 31
0.0
  0
INSERT
  5
9B4
330
2
100
AcDbEntity
  8
JJ
100
AcDbBlockReference
  2
SZ2
 10
-373440.6628760832
 20
-535279.4946982422
 30
0.0
 41
0.7999999999883585
 42
0.7999999999883585
 43
0.8
 50
270.0
  0
LINE
  5
9B5
330
2
100
AcDbEntity
  8
JJ
100
AcDbLine
 10
-373396.7435686454
 20
-534444.0312341268
 30
0.0
 11
-372892.0802173924
 21
-534444.0312341266
 31
0.0
  0
LINE
  5
9B6
330
2
100
AcDbEntity
  8
JJ
100
AcDbLine
 10
-374537.8121329981
 20
-534808.2501053429
 30
0.0
 11
-374296.7435686452
 21
-534808.2501053429
 31
0.0
  0
INSERT
  5
9B7
330
2
100
AcDbEntity
  8
JJ
100
AcDbBlockReference
  2
SZ2
 10
-374332.207032761
 20
-535287.9505415643
 30
0.0
 41
-0.8000000000465661
 42
0.7999999999883585
 43
0.8
  0
LINE
  5
9B8
330
2
100
AcDbEntity
  8
WIN
100
AcDbLine
 10
-374816.743568645
 20
-535929.1437838042
 30
0.0
 11
-373496.7435686453
 21
-535929.1437838042
 31
0.0
  0
LINE
  5
9B9
330
2
100
AcDbEntity
  8
PWINDOW
100
AcDbLine
 10
-374696.7435686452
 20
-535244.0312341268
 30
0.0
 11
-373496.7435686453
 21
-535244.0312341268
 31
0.0
  0
LINE
  5
9BA
330
2
100
AcDbEntity
  8
WIN
100
AcDbLine
 10
-374756.7435686452
 20
-535869.1437838043
 30
0.0
 11
-373496.7435686453
 21
-535869.1437838043
 31
0.0
  0
LINE
  5
9BB
330
2
100
AcDbEntity
  8
WIN
100
AcDbLine
 10
-374696.7435686452
 20
-535809.1437838043
 30
0.0
 11
-373496.7435686453
 21
-535809.1437838043
 31
0.0
  0
LINE
  5
9BC
330
2
100
AcDbEntity
  8
WALL
100
AcDbLine
 10
-374696.7435686452
 20
-535444.0312341269
 30
0.0
 11
-374696.7435686452
 21
-535244.0312341268
 31
0.0
  0
LINE
  5
9BD
330
2
100
AcDbEntity
  8
WIN
100
AcDbLine
 10
-374816.743568645
 20
-535929.1437838042
 30
0.0
 11
-374816.743568645
 21
-535444.0312341269
 31
0.0
  0
LINE
  5
9BE
330
2
100
AcDbEntity
  8
WIN
100
AcDbLine
 10
-374756.7435686452
 20
-535869.1437838043
 30
0.0
 11
-374756.7435686452
 21
-535444.0312341269
 31
0.0
  0
LINE
  5
9BF
330
2
100
AcDbEntity
  8
WIN
100
AcDbLine
 10
-374696.7435686452
 20
-535809.1437838043
 30
0.0
 11
-374696.7435686452
 21
-535444.0312341269
 31
0.0
  0
LINE
  5
9C0
330
2
100
AcDbEntity
  8
WALL
100
AcDbLine
 10
-373496.7435686453
 20
-535929.1437838042
 30
0.0
 11
-373396.7435686452
 21
-535929.1437838044
 31
0.0
  0
LINE
  5
9C1
330
2
100
AcDbEntity
  8
WALL
100
AcDbLine
 10
-375862.3372193579
 20
-535929.1437838042
 30
0.0
 11
-376062.3372193579
 21
-535929.1437838042
 31
0.0
  0
LINE
  5
9C2
330
2
100
AcDbEntity
  8
PWINDOW
100
AcDbLine
 10
-375862.3372193579
 20
-535929.1437838042
 30
0.0
 11
-375862.3372193579
 21
-537329.1437838041
 31
0.0
  0
LINE
  5
9C3
330
2
100
AcDbEntity
  8
PWINDOW
100
AcDbLine
 10
-375962.3372193579
 20
-535929.1437838042
 30
0.0
 11
-375962.3372193579
 21
-537229.143783804
 31
0.0
  0
LINE
  5
9C4
330
2
100
AcDbEntity
  8
WALL
100
AcDbLine
 10
-375862.3372193579
 20
-535444.0312341266
 30
0.0
 11
-375862.3372193579
 21
-535929.1437838042
 31
0.0
  0
LINE
  5
9C5
330
2
100
AcDbEntity
  8
WALL
100
AcDbLine
 10
-375862.3372193579
 20
-535244.0312341268
 30
0.0
 11
-374696.7435686452
 21
-535244.0312341268
 31
0.0
  0
LINE
  5
9C6
330
2
100
AcDbEntity
  8
WALL
100
AcDbLine
 10
-375862.3372193579
 20
-535444.0312341266
 30
0.0
 11
-374696.7435686452
 21
-535444.0312341269
 31
0.0
  0
LINE
  5
9C7
330
2
100
AcDbEntity
  8
PWINDOW
100
AcDbLine
 10
-375862.3372193579
 20
-535929.1437838042
 30
0.0
 11
-374816.743568645
 21
-535929.1437838044
 31
0.0
  0
LINE
  5
9C8
330
2
100
AcDbEntity
  8
WALL
100
AcDbLine
 10
-370996.7435686453
 20
-535444.0312341266
 30
0.0
 11
-370996.7435686453
 21
-535244.0312341268
 31
0.0
  0
LINE
  5
9C9
330
2
100
AcDbEntity
  8
WIN
100
AcDbLine
 10
-370876.7435686453
 20
-535929.1437838042
 30
0.0
 11
-370876.7435686453
 21
-535444.0312341266
 31
0.0
  0
LINE
  5
9CA
330
2
100
AcDbEntity
  8
WIN
100
AcDbLine
 10
-370936.7435686452
 20
-535869.1437838043
 30
0.0
 11
-370936.7435686452
 21
-535444.0312341266
 31
0.0
  0
LINE
  5
9CB
330
2
100
AcDbEntity
  8
WIN
100
AcDbLine
 10
-370996.7435686453
 20
-535809.1437838039
 30
0.0
 11
-370996.7435686453
 21
-535444.0312341266
 31
0.0
  0
LINE
  5
9CC
330
2
100
AcDbEntity
  8
WALL
100
AcDbLine
 10
-370996.7435686453
 20
-535244.0312341268
 30
0.0
 11
-369996.7435686415
 21
-535244.0312341268
 31
0.0
  0
LINE
  5
9CD
330
2
100
AcDbEntity
  8
WALL
100
AcDbLine
 10
-370996.7435686453
 20
-535444.0312341266
 30
0.0
 11
-369796.7435686415
 21
-535444.0312341266
 31
0.0
  0
TEXT
  5
9CE
330
2
100
AcDbEntity
  8
CTEXT
100
AcDbText
 10
-372678.4015715953
 20
-532777.4987716098
 30
0.0
 40
500.0
  1
主卧室
 41
0.8
  7
_FSD
100
AcDbText
  0
LINE
  5
9CF
330
2
100
AcDbEntity
  8
WALL
100
AcDbLine
 10
-373396.7435686452
 20
-531604.0312341265
 30
0.0
 11
-369996.7435686415
 21
-531604.0312341265
 31
0.0
  0
LINE
  5
9D0
330
2
100
AcDbEntity
  8
WALL
100
AcDbLine
 10
-373396.7435686452
 20
-531504.0312341268
 30
0.0
 11
-371196.7435686414
 21
-531504.0312341268
 31
0.0
  0
TEXT
  5
9D1
330
2
100
AcDbEntity
  8
CTEXT
100
AcDbText
 10
-374851.538766444
 20
-534154.8043431549
 30
0.0
 40
500.0
  1
卧室
 41
0.8
  7
_FSD
100
AcDbText
  0
LINE
  5
9D2
330
2
100
AcDbEntity
  8
JJ
100
AcDbLine
 10
-372921.8062362572
 20
-533044.0312341261
 30
0.0
 11
-373396.7435686452
 21
-533044.0312341261
 31
0.0
  0
TEXT
  5
9D3
330
2
100
AcDbEntity
  8
CTEXT
100
AcDbText
 10
-375713.8435326945
 20
-531808.3830060928
 30
0.0
 40
500.0
  1
贮存
 41
0.8
  7
_FSD
100
AcDbText
  0
LINE
  5
9D4
330
2
100
AcDbEntity
  8
JJ
100
AcDbLine
 10
-374866.6749887725
 20
-532606.8703222972
 30
0.0
 11
-374866.6749887725
 21
-532276.4587851146
 31
0.0
  0
LINE
  5
9D5
330
2
100
AcDbEntity
  8
JJ
100
AcDbLine
 10
-375513.9401956465
 20
-532619.2370027177
 30
0.0
 11
-375513.9401956465
 21
-532288.8254655353
 31
0.0
  0
LINE
  5
9D6
330
2
100
AcDbEntity
  8
JJ
100
AcDbLine
 10
-375461.1160382746
 20
-532288.8254655353
 30
0.0
 11
-375461.1160382746
 21
-532619.2370027177
 31
0.0
  0
LINE
  5
9D7
330
2
100
AcDbEntity
  8
JJ
100
AcDbLine
 10
-375667.2969306262
 20
-532288.8254655353
 30
0.0
 11
-375636.933458385
 21
-532619.2370027177
 31
0.0
  0
LINE
  5
9D8
330
2
100
AcDbEntity
  8
JJ
100
AcDbLine
 10
-375020.0317237521
 20
-532276.4587851147
 30
0.0
 11
-374989.6682515109
 21
-532606.8703222972
 31
0.0
  0
LINE
  5
9D9
330
2
100
AcDbEntity
  8
JJ
100
AcDbLine
 10
-375163.2678067372
 20
-532619.2370027177
 30
0.0
 11
-375163.2678067372
 21
-532288.8254655353
 31
0.0
  0
LINE
  5
9DA
330
2
100
AcDbEntity
  8
JJ
100
AcDbLine
 10
-375110.443649365
 20
-532288.8254655353
 30
0.0
 11
-375110.443649365
 21
-532619.2370027177
 31
0.0
  0
LINE
  5
9DB
330
2
100
AcDbEntity
  8
JJ
100
AcDbLine
 10
-375308.8486457469
 20
-532288.8254655353
 30
0.0
 11
-375278.4851735056
 21
-532619.2370027177
 31
0.0
  0
LINE
  5
9DC
330
2
100
AcDbEntity
  8
JJ
100
AcDbLine
 10
-375862.3372193579
 20
-532454.0312341266
 30
0.0
 11
-374696.7435686452
 21
-532454.0312341266
 31
0.0
  0
LINE
  5
9DD
330
2
100
AcDbEntity
  8
JJ
100
AcDbLine
 10
-375796.3209252679
 20
-532619.2370027177
 30
0.0
 11
-375711.1092318261
 21
-532288.8254655353
 31
0.0
  0
LINE
  5
9DE
330
2
100
AcDbEntity
  8
PWINDOW
100
AcDbLine
 10
-374596.7435686452
 20
-531854.0312341268
 30
0.0
 11
-374596.7435686452
 21
-531254.0312341268
 31
0.0
  0
LINE
  5
9DF
330
2
100
AcDbEntity
  8
PWINDOW
100
AcDbLine
 10
-374696.7435686452
 20
-531854.0312341268
 30
0.0
 11
-374696.7435686452
 21
-531254.0312341268
 31
0.0
  0
LWPOLYLINE
  5
9E0
330
2
100
AcDbEntity
  8
DOOR
100
AcDbPolyline
 90
        3
 70
     0
 43
0.0
 10
-374596.7435686452
 20
-531254.0312341268
 10
-374296.7435686452
 20
-531773.6464763974
 42
-0.1316524975873976
 10
-374596.7435686452
 20
-531854.0312341268
  0
LINE
  5
9E1
330
2
100
AcDbEntity
  8
WALL
100
AcDbLine
 10
-374696.7435686452
 20
-531854.0312341268
 30
0.0
 11
-374596.7435686452
 21
-531854.0312341268
 31
0.0
  0
LINE
  5
9E2
330
2
100
AcDbEntity
  8
WALL
100
AcDbLine
 10
-374696.7435686452
 20
-531254.0312341268
 30
0.0
 11
-374596.7435686452
 21
-531254.0312341268
 31
0.0
  0
LINE
  5
9E3
330
2
100
AcDbEntity
  8
WALL
100
AcDbLine
 10
-374596.7435686452
 20
-531854.0312341268
 30
0.0
 11
-374596.7435686452
 21
-532704.0312341265
 31
0.0
  0
LINE
  5
9E4
330
2
100
AcDbEntity
  8
WALL
100
AcDbLine
 10
-374696.7435686452
 20
-531854.0312341268
 30
0.0
 11
-374696.7435686452
 21
-532104.0312341265
 31
0.0
  0
LINE
  5
9E5
330
2
100
AcDbEntity
  8
WALL
100
AcDbLine
 10
-374696.7435686452
 20
-532204.0312341266
 30
0.0
 11
-375862.3372193579
 21
-532204.0312341266
 31
0.0
  0
LINE
  5
9E6
330
2
100
AcDbEntity
  8
WALL
100
AcDbLine
 10
-374696.7435686452
 20
-532104.0312341265
 30
0.0
 11
-375862.3372193579
 21
-532104.0312341265
 31
0.0
  0
LINE
  5
9E7
330
2
100
AcDbEntity
  8
WALL
100
AcDbLine
 10
-374696.7435686452
 20
-532704.0312341265
 30
0.0
 11
-374696.7435686452
 21
-532204.0312341266
 31
0.0
  0
LINE
  5
9E8
330
2
100
AcDbEntity
  8
WALL
100
AcDbLine
 10
-373396.7435686452
 20
-531604.0312341265
 30
0.0
 11
-373396.7435686452
 21
-531704.0312341268
 31
0.0
  0
LINE
  5
9E9
330
2
100
AcDbEntity
  8
WALL
100
AcDbLine
 10
-373496.7435686453
 20
-531404.0312341268
 30
0.0
 11
-373496.7435686453
 21
-531704.0312341268
 31
0.0
  0
LWPOLYLINE
  5
9EA
330
2
100
AcDbEntity
  8
DOOR
100
AcDbPolyline
 90
        3
 70
     0
 43
0.0
 10
-373696.7435686452
 20
-532704.0312341265
 10
-373696.7435686452
 20
-533604.0312341266
 42
-0.4142135623731141
 10
-374596.7435686452
 20
-532704.0312341265
  0
LINE
  5
9EB
330
2
100
AcDbEntity
  8
WALL
100
AcDbLine
 10
-373396.7435686452
 20
-531704.0312341268
 30
0.0
 11
-373496.7435686453
 21
-531704.0312341268
 31
0.0
  0
LINE
  5
9EC
330
2
100
AcDbEntity
  8
WALL
100
AcDbLine
 10
-373696.7435686452
 20
-532704.0312341265
 30
0.0
 11
-373496.7435686453
 21
-532704.0312341265
 31
0.0
  0
LINE
  5
9ED
330
2
100
AcDbEntity
  8
WALL
100
AcDbLine
 10
-373696.7435686452
 20
-532604.0312341268
 30
0.0
 11
-373496.7435686453
 21
-532604.0312341268
 31
0.0
  0
LINE
  5
9EE
330
2
100
AcDbEntity
  8
WALL
100
AcDbLine
 10
-373696.7435686452
 20
-532704.0312341265
 30
0.0
 11
-373696.7435686452
 21
-532604.0312341268
 31
0.0
  0
LINE
  5
9EF
330
2
100
AcDbEntity
  8
WALL
100
AcDbLine
 10
-373496.7435686453
 20
-532604.0312341268
 30
0.0
 11
-373496.7435686453
 21
-532604.0312341268
 31
0.0
  0
LINE
  5
9F0
330
2
100
AcDbEntity
  8
WALL
100
AcDbLine
 10
-373396.7435686452
 20
-532604.0312341268
 30
0.0
 11
-373496.7435686453
 21
-532604.0312341268
 31
0.0
  0
LINE
  5
9F1
330
2
100
AcDbEntity
  8
WALL
100
AcDbLine
 10
-373396.7435686452
 20
-531504.0312341268
 30
0.0
 11
-373396.7435686452
 21
-531404.0312341268
 31
0.0
  0
LINE
  5
9F2
330
2
100
AcDbEntity
  8
WALL
100
AcDbLine
 10
-373396.7435686452
 20
-531404.0312341268
 30
0.0
 11
-373496.7435686453
 21
-531404.0312341268
 31
0.0
  0
LINE
  5
9F3
330
2
100
AcDbEntity
  8
WALL
100
AcDbLine
 10
-374596.7435686452
 20
-532704.0312341265
 30
0.0
 11
-374696.7435686452
 21
-532704.0312341265
 31
0.0
  0
LINE
  5
9F4
330
2
100
AcDbEntity
  8
PWINDOW
100
AcDbLine
 10
-374696.7435686452
 20
-532704.0312341265
 30
0.0
 11
-375862.3372193579
 21
-532704.0312341265
 31
0.0
  0
LWPOLYLINE
  5
9F5
330
2
100
AcDbEntity
  8
DOOR
100
AcDbPolyline
 90
        3
 70
     0
 43
0.0
 10
-373396.7435686452
 20
-531704.0312341268
 10
-372496.743568645
 20
-531704.0312341268
 42
-0.4142135623730959
 10
-373396.7435686452
 20
-532604.0312341268
  0
LINE
  5
9F6
330
2
100
AcDbEntity
  8
JJ
100
AcDbLine
 10
-371457.1618404352
 20
-532019.2370027177
 30
0.0
 11
-371457.1618404352
 21
-531688.825465535
 31
0.0
  0
LINE
  5
9F7
330
2
100
AcDbEntity
  8
JJ
100
AcDbLine
 10
-371806.5788157718
 20
-531676.458785115
 30
0.0
 11
-371806.5788157718
 21
-532006.8703222974
 31
0.0
  0
LINE
  5
9F8
330
2
100
AcDbEntity
  8
JJ
100
AcDbLine
 10
-371753.7546583999
 20
-532006.8703222974
 30
0.0
 11
-371753.7546583996
 21
-531676.4587851147
 31
0.0
  0
LINE
  5
9F9
330
2
100
AcDbEntity
  8
JJ
100
AcDbLine
 10
-371509.9859978074
 20
-531688.825465535
 30
0.0
 11
-371509.9859978074
 21
-532019.2370027177
 31
0.0
  0
LINE
  5
9FA
330
2
100
AcDbEntity
  8
JJ
100
AcDbLine
 10
-371600.3979234203
 20
-531676.458785115
 30
0.0
 11
-371630.7613956612
 21
-532006.8703222974
 31
0.0
  0
LINE
  5
9FB
330
2
100
AcDbEntity
  8
JJ
100
AcDbLine
 10
-370628.6869776692
 20
-531688.825465535
 30
0.0
 11
-370659.0504499104
 21
-532019.2370027177
 31
0.0
  0
LINE
  5
9FC
330
2
100
AcDbEntity
  8
JJ
100
AcDbLine
 10
-370270.2386927898
 20
-531688.825465535
 30
0.0
 11
-370300.6021650308
 21
-532019.2370027177
 31
0.0
  0
LINE
  5
9FD
330
2
100
AcDbEntity
  8
JJ
100
AcDbLine
 10
-370476.4195851414
 20
-531688.825465535
 30
0.0
 11
-370476.4195851414
 21
-532019.2370027177
 31
0.0
  0
LINE
  5
9FE
330
2
100
AcDbEntity
  8
JJ
100
AcDbLine
 10
-370423.5954277696
 20
-532019.2370027177
 30
0.0
 11
-370423.5954277694
 21
-531688.825465535
 31
0.0
  0
LINE
  5
9FF
330
2
100
AcDbEntity
  8
JJ
100
AcDbLine
 10
-370141.2146981479
 20
-532019.2370027177
 30
0.0
 11
-370226.4263915897
 21
-531688.825465535
 31
0.0
  0
LINE
  5
A00
330
2
100
AcDbEntity
  8
JJ
100
AcDbLine
 10
-371275.9521845433
 20
-531676.458785115
 30
0.0
 11
-371306.3156567842
 21
-532006.8703222974
 31
0.0
  0
LINE
  5
A01
330
2
100
AcDbEntity
  8
JJ
100
AcDbLine
 10
-371976.7435686411
 20
-532104.0312341265
 30
0.0
 11
-371976.7435686411
 21
-531604.0312341265
 31
0.0
  0
LINE
  5
A02
330
2
100
AcDbEntity
  8
JJ
100
AcDbLine
 10
-371123.6847920154
 20
-531676.458785115
 30
0.0
 11
-371123.6847920154
 21
-532006.8703222974
 31
0.0
  0
LINE
  5
A03
330
2
100
AcDbEntity
  8
JJ
100
AcDbLine
 10
-371070.8606346435
 20
-532006.8703222974
 30
0.0
 11
-371070.8606346435
 21
-531676.4587851147
 31
0.0
  0
LINE
  5
A04
330
2
100
AcDbEntity
  8
JJ
100
AcDbLine
 10
-370827.0919740507
 20
-531688.825465535
 30
0.0
 11
-370827.0919740507
 21
-532019.2370027177
 31
0.0
  0
LINE
  5
A05
330
2
100
AcDbEntity
  8
JJ
100
AcDbLine
 10
-370774.267816679
 20
-532019.2370027177
 30
0.0
 11
-370774.2678166787
 21
-531688.825465535
 31
0.0
  0
LINE
  5
A06
330
2
100
AcDbEntity
  8
JJ
100
AcDbLine
 10
-370917.5038996639
 20
-531676.458785115
 30
0.0
 11
-370947.8673719049
 21
-532006.8703222974
 31
0.0
  0
LINE
  5
A07
330
2
100
AcDbEntity
  8
JJ
100
AcDbLine
 10
-369996.7435686415
 20
-532104.0312341265
 30
0.0
 11
-371976.7435686411
 21
-532104.0312341265
 31
0.0
  0
LINE
  5
A08
330
2
100
AcDbEntity
  8
JJ
100
AcDbLine
 10
-369996.7435686424
 20
-531854.0312341266
 30
0.0
 11
-371976.7435686411
 21
-531854.0312341266
 31
0.0
  0
LINE
  5
A09
330
2
100
AcDbEntity
  8
WALL
100
AcDbLine
 10
-370996.7435686414
 20
-531404.0312341268
 30
0.0
 11
-369796.7435686415
 21
-531404.0312341266
 31
0.0
  0
SOLID
  5
A0A
330
2
100
AcDbEntity
  8
STAIR
100
AcDbTrace
 10
-384467.1686021523
 20
-530274.7828007422
 30
0.0
 11
-384467.1686021523
 21
-530383.2796675038
 31
0.0
 12
-384953.7275606639
 22
-530329.0312341229
 32
0.0
 13
-384953.7275606639
 23
-530329.0312341229
 33
0.0
  0
LINE
  5
A0B
330
2
100
AcDbEntity
  8
STAIR
100
AcDbLine
 10
-383607.4497690797
 20
-530329.0312341229
 30
0.0
 11
-384857.4497690726
 21
-530329.0312341229
 31
0.0
  0
LINE
  5
A0C
330
2
100
AcDbEntity
  8
STAIR
100
AcDbLine
 10
-383607.4497690653
 20
-528979.0312341231
 30
0.0
 11
-385357.4497690651
 21
-528979.0312341231
 31
0.0
  0
LINE
  5
A0D
330
2
100
AcDbEntity
  8
WALL
100
AcDbLine
 10
-384282.0719628933
 20
-526204.0312341268
 30
0.0
 11
-383882.0719628933
 21
-526204.0312341268
 31
0.0
  0
LINE
  5
A0E
330
2
100
AcDbEntity
  8
WALL
100
AcDbLine
 10
-383682.0719628934
 20
-526004.0312341265
 30
0.0
 11
-384282.0719628933
 21
-526004.0312341265
 31
0.0
  0
LINE
  5
A0F
330
2
100
AcDbEntity
  8
WALL
100
AcDbLine
 10
-381782.4497689557
 20
-528404.0312341265
 30
0.0
 11
-388082.0719628797
 21
-528404.0312341265
 31
0.0
  0
LINE
  5
A10
330
2
100
AcDbEntity
  8
WIN
100
AcDbLine
 10
-386996.7435683761
 20
-524104.0312341231
 30
0.0
 11
-384796.7435686419
 21
-524104.0312341231
 31
0.0
  0
LINE
  5
A11
330
2
100
AcDbEntity
  8
WIN
100
AcDbLine
 10
-386996.7435683761
 20
-523924.0312341269
 30
0.0
 11
-384796.7435686419
 21
-523924.03123413
 31
0.0
  0
LINE
  5
A12
330
2
100
AcDbEntity
  8
WIN
100
AcDbLine
 10
-386996.7435683761
 20
-524034.0312341231
 30
0.0
 11
-384796.7435686419
 21
-524034.0312341231
 31
0.0
  0
LINE
  5
A13
330
2
100
AcDbEntity
  8
WIN
100
AcDbLine
 10
-386996.7435683761
 20
-523994.0312341269
 30
0.0
 11
-384796.7435686419
 21
-523994.03123413
 31
0.0
  0
LINE
  5
A14
330
2
100
AcDbEntity
  8
WALL
100
AcDbLine
 10
-383607.4497690503
 20
-529554.0312341266
 30
0.0
 11
-387357.449769065
 21
-529554.0312341266
 31
0.0
  0
LINE
  5
A15
330
2
100
AcDbEntity
  8
WALL
100
AcDbLine
 10
-383607.4497690204
 20
-529754.0312341265
 30
0.0
 11
-387357.44976908
 21
-529754.0312341265
 31
0.0
  0
LINE
  5
A16
330
2
100
AcDbEntity
  8
WALL
100
AcDbLine
 10
-383882.0719628933
 20
-528204.0312341266
 30
0.0
 11
-385782.0719628931
 21
-528204.0312341266
 31
0.0
  0
LINE
  5
A17
330
2
100
AcDbEntity
  8
WIN
100
AcDbLine
 10
-391792.4497690503
 20
-525544.0312341387
 30
0.0
 11
-391792.4497690503
 21
-524104.0312341231
 31
0.0
  0
LINE
  5
A18
330
2
100
AcDbEntity
  8
WIN
100
AcDbLine
 10
-391862.44976905
 20
-525544.0312341387
 30
0.0
 11
-391862.44976905
 21
-524104.0312341231
 31
0.0
  0
LINE
  5
A19
330
2
100
AcDbEntity
  8
WIN
100
AcDbLine
 10
-391922.4497690502
 20
-525544.0312341387
 30
0.0
 11
-391922.4497690502
 21
-524104.0312341231
 31
0.0
  0
LINE
  5
A1A
330
2
100
AcDbEntity
  8
WIN
100
AcDbLine
 10
-391992.4497690503
 20
-525544.0312341387
 30
0.0
 11
-391992.4497690503
 21
-524104.0312341231
 31
0.0
  0
INSERT
  5
A1B
330
2
100
AcDbEntity
  8
JJ
100
AcDbBlockReference
 66
     1
  2
DZY1
 10
-397242.5544776552
 20
-529434.8643792321
 30
-4800.000000000005
 41
-1.0
  0
ATTRIB
  5
A1C
330
A1B
100
AcDbEntity
  8
JJ
 62
   252
100
AcDbText
 10
-395650.2515417493
 20
-527887.6995521533
 30
-4800.000000000005
 40
0.5
  1
2686
 41
0.8
  7
_SIMPLEX
100
AcDbAttribute
280
     0
  2
YSIZE
 70
     9
280
     0
  0
ATTRIB
  5
A1D
330
A1B
100
AcDbEntity
  8
JJ
 62
   252
100
AcDbText
 10
-395650.2515417493
 20
-527887.6995521533
 30
-4800.000000000005
 40
0.5
  1
2586
 41
0.8
  7
DIM_FONT
100
AcDbAttribute
280
     0
  2
XSIZE
 70
     9
280
     0
  0
SEQEND
  5
A1E
330
A1B
100
AcDbEntity
  8
JJ
  0
LINE
  5
A1F
330
2
100
AcDbEntity
  8
PWINDOW
100
AcDbLine
 10
-393986.8561180535
 20
-526214.6149853469
 30
0.0
 11
-392472.4497690501
 21
-526214.6149853469
 31
0.0
  0
LWPOLYLINE
  5
A20
330
2
100
AcDbEntity
  8
DOOR
100
AcDbPolyline
 90
        3
 70
     0
 43
0.0
 10
-393886.8561180536
 20
-529204.0312341296
 10
-393886.8561180561
 20
-528404.0312341296
 42
-0.4142135623730738
 10
-393086.8561180535
 20
-529204.0312341269
 42
-0.4142135623730738
  0
LINE
  5
A21
330
2
100
AcDbEntity
  8
PWINDOW
100
AcDbLine
 10
-393086.8561180535
 20
-529204.0312341269
 30
0.0
 11
-393886.8561180536
 21
-529204.0312341296
 31
0.0
  0
LINE
  5
A22
330
2
100
AcDbEntity
  8
WALL
100
AcDbLine
 10
-394086.8561180685
 20
-525544.0312341257
 30
0.0
 11
-393986.8561180693
 21
-525544.0312341265
 31
0.0
  0
LINE
  5
A23
330
2
100
AcDbEntity
  8
WALL
100
AcDbLine
 10
-396286.8561180675
 20
-525744.0312341266
 30
0.0
 11
-395287.1424958112
 21
-525744.0312341266
 31
0.0
  0
LINE
  5
A24
330
2
100
AcDbEntity
  8
WALL
100
AcDbLine
 10
-395902.5623187574
 20
-530904.0312341231
 30
0.0
 11
-391972.4497690501
 21
-530904.0312341231
 31
0.0
  0
TEXT
  5
A25
330
2
100
AcDbEntity
  8
CTEXT
100
AcDbText
 10
-399839.6344047787
 20
-528120.213413851
 30
0.0
 40
500.0
  1
卧室
 50
359.9999999999995
 41
0.8
  7
_FSD
100
AcDbText
  0
HATCH
  5
A26
330
2
100
AcDbEntity
  8
HA
100
AcDbHatch
 10
0.0
 20
0.0
 30
0.0
210
0.0
220
0.0
230
1.0
  2
ANSI37
 70
     0
 71
     0
 91
        1
 92
        1
 93
       17
 72
     1
 10
-400952.8084977985
 20
-528104.0312341232
 11
-401202.3372193577
 21
-528104.0312341232
 72
     2
 10
-401963.6473660582
 20
-528157.194208056
 40
763.1640985177932
 50
3.994531444729208
 51
89.90163856830296
 73
     1
 72
     1
 10
-401962.3372193577
 20
-527394.0312341231
 11
-402002.3372193577
 21
-527394.0312341231
 72
     1
 10
-402002.3372193577
 20
-527394.0312341231
 11
-402002.337219359
 21
-526544.0312341215
 72
     1
 10
-402002.3372193588
 20
-526544.0312341215
 11
-400502.3372193577
 21
-526544.0312341218
 72
     1
 10
-400502.3372193577
 20
-526544.0312341218
 11
-400502.3372193577
 21
-526703.3168174809
 72
     1
 10
-400502.3372193577
 20
-526703.3168174809
 11
-400682.3372193575
 21
-526703.3168174809
 72
     1
 10
-400682.3372193577
 20
-526703.3168174809
 11
-400712.3372193578
 21
-526733.3168174811
 72
     1
 10
-400712.3372193578
 20
-526733.3168174811
 11
-400712.7350179893
 21
-526783.5669185767
 72
     1
 10
-400712.735017989
 20
-526783.5669185767
 11
-400908.6662451525
 21
-526783.5669185767
 72
     2
 10
-400943.0315853239
 20
-527107.3804682128
 40
325.6319878836995
 50
83.94204992651737
 51
141.8862682169468
 73
     1
 72
     2
 10
-401139.419291769
 20
-526953.316817481
 40
76.02481707414383
 50
141.8862682169462
 51
218.1137317830634
 73
     1
 72
     2
 10
-400943.0315853236
 20
-526799.253166749
 40
325.6319878842541
 50
218.1137317830726
 51
276.0579500737145
 73
     1
 72
     2
 10
-400810.5017322542
 20
-528048.0393547915
 40
930.1670029581805
 50
263.9420499262856
 51
276.0579500737144
 73
     0
 72
     1
 10
-400712.3372193578
 20
-527123.0667163856
 11
-400712.3372193578
 21
-527173.3168174811
 72
     1
 10
-400712.3372193578
 20
-527173.3168174811
 11
-400952.8084977989
 21
-527417.1696450127
 72
     1
 10
-400952.8084977985
 20
-527417.1696450127
 11
-400952.8084977985
 21
-528104.0312341232
 97
        0
 75
     0
 76
     1
 52
45.0
 41
1000.0
 77
     0
 78
     2
 53
90.0
 43
-406057.0035534335
 44
-542655.5003997567
 45
125.0
 46
0.0000000000000213
 79
     0
 53
0.000000000000007
 43
-406057.0035534335
 44
-542655.5003997567
 45
0.0000000000000213
 46
-125.0
 79
     0
 98
        1
 10
-406057.0035534335
 20
-542655.5003997567
  0
LINE
  5
A27
330
2
100
AcDbEntity
  8
JJ
100
AcDbLine
 10
-398502.4497690362
 20
-529204.0312341232
 30
0.0
 11
-398502.4497690362
 21
-527679.9827479974
 31
0.0
  0
LINE
  5
A28
330
2
100
AcDbEntity
  8
JJ
100
AcDbLine
 10
-398252.4497690362
 20
-529204.0312341232
 30
0.0
 11
-398252.4497690362
 21
-527679.9827479974
 31
0.0
  0
LWPOLYLINE
  5
A29
330
2
100
AcDbEntity
  8
JJ
 62
   252
100
AcDbPolyline
 90
       16
 70
     1
 43
0.0
 10
-400759.0977453896
 20
-527558.1590062955
 10
-400704.7125724002
 20
-527574.5418692805
 10
-400656.8965093314
 20
-527618.301046429
 10
-400628.2450041926
 20
-527678.6496047059
 10
-400620.3810375377
 20
-527752.2840145806
 10
-400636.0331534788
 20
-527824.6641193014
 10
-400670.9415981703
 20
-527881.622505186
 10
-400723.1411907382
 20
-527920.0470287182
 10
-400778.9605005426
 20
-527930.5517845133
 10
-400833.3456735321
 20
-527914.1689215282
 10
-400881.1617366005
 20
-527870.4097443799
 10
-400909.8132417356
 20
-527810.0611861328
 10
-400917.6772083946
 20
-527736.4267762282
 10
-400902.0250924534
 20
-527664.0466715075
 10
-400867.116647762
 20
-527607.0882856527
 10
-400814.917055194
 20
-527568.6637621203
  0
LWPOLYLINE
  5
A2A
330
2
100
AcDbEntity
  8
JJ
 62
   252
100
AcDbPolyline
 90
       16
 70
     1
 43
0.0
 10
-400755.7539002827
 20
-527521.8611662368
 10
-400826.2042934119
 20
-527542.0902067402
 10
-400886.970696014
 20
-527594.5613730232
 10
-400924.0590285219
 20
-527667.7504352013
 10
-400934.3335749327
 20
-527755.7046915272
 10
-400914.7613006764
 20
-527842.0669725814
 10
-400870.0980049082
 20
-527910.8955512324
 10
-400804.0948233054
 20
-527956.6050578932
 10
-400731.8923116631
 20
-527969.225251285
 10
-400661.4419185563
 20
-527948.9962107518
 10
-400600.6755159318
 20
-527896.5250444986
 10
-400563.5871834203
 20
-527823.3359823206
 10
-400553.3126370356
 20
-527735.3817259945
 10
-400572.8849112919
 20
-527649.0194449404
 10
-400617.5482070378
 20
-527580.1908662895
 10
-400683.5513886371
 20
-527534.4813596287
  0
LINE
  5
A2B
330
2
100
AcDbEntity
  8
JJ
100
AcDbLine
 10
-400952.8084977985
 20
-527417.1696450127
 30
0.0
 11
-400952.8084977985
 21
-528104.0312341232
 31
0.0
  0
LINE
  5
A2C
330
2
100
AcDbEntity
  8
WALL
100
AcDbLine
 10
-394086.8561180535
 20
-529284.0312341228
 30
0.0
 11
-394086.8561180608
 21
-527244.0312341172
 31
0.0
  0
LINE
  5
A2D
330
2
100
AcDbEntity
  8
WALL
100
AcDbLine
 10
-393986.8561180535
 20
-529204.0312341303
 30
0.0
 11
-393986.8561180693
 21
-525544.0312341265
 31
0.0
  0
LINE
  5
A2E
330
2
100
AcDbEntity
  8
WALL
100
AcDbLine
 10
-397902.4497690502
 20
-525544.0312341175
 30
0.0
 11
-397902.4497690179
 21
-529424.0312341228
 31
0.0
  0
LINE
  5
A2F
330
2
100
AcDbEntity
  8
WALL
100
AcDbLine
 10
-398002.4497690503
 20
-525744.0312341255
 30
0.0
 11
-398002.4497690503
 21
-529204.0312341232
 31
0.0
  0
LINE
  5
A30
330
2
100
AcDbEntity
  8
WALL
100
AcDbLine
 10
-400402.3372193578
 20
-528204.0312341228
 30
0.0
 11
-400402.3372193578
 21
-525744.0312341195
 31
0.0
  0
LINE
  5
A31
330
2
100
AcDbEntity
  8
WALL
100
AcDbLine
 10
-400502.3372193577
 20
-528104.0312341232
 30
0.0
 11
-400502.3372193577
 21
-525744.0312341195
 31
0.0
  0
INSERT
  5
A32
330
2
100
AcDbEntity
  8
WINDOW
100
AcDbBlockReference
 66
     1
  2
_DBLK
 10
-401602.3372193577
 20
-528154.0312341231
 30
0.0
 41
-800.0
 42
800.0
 43
800.0
 50
180.0
1001
WTHICK
1040
100.0000000000291
  0
ATTRIB
  5
A33
330
A32
100
AcDbEntity
  8
0
100
AcDbText
 10
-401602.3372193577
 20
-528504.0312341229
 30
0.0
 40
300.0
  1

 41
0.8
  7
_SIMPLEX
 72
     4
 11
-401602.3372193577
 21
-528504.0312341229
 31
0.0
100
AcDbAttribute
280
     0
  2
A
 70
     9
280
     0
  0
SEQEND
  5
A34
330
A32
100
AcDbEntity
  8
WINDOW
  0
LINE
  5
A35
330
2
100
AcDbEntity
  8
WALL
100
AcDbLine
 10
-402102.3372193577
 20
-528204.0312341228
 30
0.0
 11
-402102.3372193577
 21
-525744.0312341195
 31
0.0
  0
LINE
  5
A36
330
2
100
AcDbEntity
  8
WALL
100
AcDbLine
 10
-402002.3372193577
 20
-528204.0312341228
 30
0.0
 11
-402002.3372193577
 21
-525744.0312341195
 31
0.0
  0
LINE
  5
A37
330
2
100
AcDbEntity
  8
WALL
100
AcDbLine
 10
-400902.3372193577
 20
-529204.0312341232
 30
0.0
 11
-398002.4497690503
 21
-529204.0312341232
 31
0.0
  0
LINE
  5
A38
330
2
100
AcDbEntity
  8
WALL
100
AcDbLine
 10
-400902.3372193577
 20
-529424.031234123
 30
0.0
 11
-397902.4497690179
 21
-529424.0312341228
 31
0.0
  0
LINE
  5
A39
330
2
100
AcDbEntity
  8
JJ
100
AcDbLine
 10
-403036.2138998381
 20
-528704.0312341232
 30
0.0
 11
-403036.2138998381
 21
-529204.0312341232
 31
0.0
  0
INSERT
  5
A3A
330
2
100
AcDbEntity
  8
WINDOW
100
AcDbBlockReference
 66
     1
  2
_DBLK
 10
-401002.3372193577
 20
-528654.0312341229
 30
0.0
 41
-900.0
 42
-900.0
 43
900.0
 50
270.0
1001
WTHICK
1040
200.0
  0
ATTRIB
  5
A3B
330
A3A
100
AcDbEntity
  8
0
100
AcDbText
 10
-400602.3372193578
 20
-528654.0312341229
 30
0.0
 40
300.0
  1

 50
89.99999999999998
 41
0.8
  7
_SIMPLEX
 72
     4
 11
-400602.3372193578
 21
-528654.0312341229
 31
0.0
100
AcDbAttribute
280
     0
  2
A
 70
     9
280
     0
  0
SEQEND
  5
A3C
330
A3A
100
AcDbEntity
  8
WINDOW
  0
LINE
  5
A3D
330
2
100
AcDbEntity
  8
WALL
100
AcDbLine
 10
-400502.3372193577
 20
-528104.0312341229
 30
0.0
 11
-400502.3372193577
 21
-528104.0312341232
 31
0.0
  0
LINE
  5
A3E
330
2
100
AcDbEntity
  8
WALL
100
AcDbLine
 10
-400402.3372193578
 20
-528204.0312341228
 30
0.0
 11
-400502.3372193577
 21
-528204.0312341228
 31
0.0
  0
LINE
  5
A3F
330
2
100
AcDbEntity
  8
WALL
100
AcDbLine
 10
-400502.3372193577
 20
-528204.0312341228
 30
0.0
 11
-400502.3372193577
 21
-528204.0312341228
 31
0.0
  0
LINE
  5
A40
330
2
100
AcDbEntity
  8
WALL
100
AcDbLine
 10
-400902.3372193577
 20
-529204.0312341232
 30
0.0
 11
-400902.3372193577
 21
-529104.0312341229
 31
0.0
  0
LINE
  5
A41
330
2
100
AcDbEntity
  8
WALL
100
AcDbLine
 10
-400902.3372193577
 20
-529104.0312341229
 30
0.0
 11
-401002.3372193577
 21
-529104.0312341229
 31
0.0
  0
LINE
  5
A42
330
2
100
AcDbEntity
  8
WALL
100
AcDbLine
 10
-402002.3372193577
 20
-529204.0312341232
 30
0.0
 11
-402002.3372193577
 21
-529204.0312341232
 31
0.0
  0
LINE
  5
A43
330
2
100
AcDbEntity
  8
WALL
100
AcDbLine
 10
-402002.3372193577
 20
-529204.0312341232
 30
0.0
 11
-402002.3372193577
 21
-529104.0312341229
 31
0.0
  0
LINE
  5
A44
330
2
100
AcDbEntity
  8
WALL
100
AcDbLine
 10
-401202.3372193577
 20
-528104.0312341232
 30
0.0
 11
-401202.3372193577
 21
-528204.0312341228
 31
0.0
  0
LINE
  5
A45
330
2
100
AcDbEntity
  8
PWINDOW
100
AcDbLine
 10
-401202.3372193577
 20
-528104.0312341232
 30
0.0
 11
-402002.3372193577
 21
-528104.0312341232
 31
0.0
  0
LINE
  5
A46
330
2
100
AcDbEntity
  8
WALL
100
AcDbLine
 10
-401942.3372193577
 20
-529424.031234123
 30
0.0
 11
-401942.3372193577
 21
-529424.031234123
 31
0.0
  0
LINE
  5
A47
330
2
100
AcDbEntity
  8
WALL
100
AcDbLine
 10
-402102.3372193577
 20
-529424.031234123
 30
0.0
 11
-402102.3372193577
 21
-531124.0312341232
 31
0.0
  0
LINE
  5
A48
330
2
100
AcDbEntity
  8
WALL
100
AcDbLine
 10
-402102.3372193577
 20
-529204.0312341232
 30
0.0
 11
-402102.3372193577
 21
-529104.0312341229
 31
0.0
  0
LINE
  5
A49
330
2
100
AcDbEntity
  8
WALL
100
AcDbLine
 10
-400502.3372193577
 20
-528104.0312341232
 30
0.0
 11
-401202.3372193577
 21
-528104.0312341232
 31
0.0
  0
LINE
  5
A4A
330
2
100
AcDbEntity
  8
WALL
100
AcDbLine
 10
-400402.3372193578
 20
-528204.0312341228
 30
0.0
 11
-401202.3372193577
 21
-528204.0312341228
 31
0.0
  0
LINE
  5
A4B
330
2
100
AcDbEntity
  8
WALL
100
AcDbLine
 10
-402102.3372193577
 20
-529104.0312341229
 30
0.0
 11
-402002.3372193577
 21
-529104.0312341229
 31
0.0
  0
INSERT
  5
A4C
330
2
100
AcDbEntity
  8
WINDOW
100
AcDbBlockReference
 66
     1
  2
_DBLK
 10
-402052.3372193578
 20
-528654.0312341229
 30
0.0
 41
900.0
 42
-900.0
 43
900.0
 50
90.0
1001
WTHICK
1040
100.0
  0
ATTRIB
  5
A4D
330
A4C
100
AcDbEntity
  8
0
100
AcDbText
 10
-402402.3372193577
 20
-528654.0312341229
 30
0.0
 40
300.0
  1

 50
89.99999999999998
 41
0.8
  7
_SIMPLEX
 72
     4
 11
-402402.3372193577
 21
-528654.0312341229
 31
0.0
100
AcDbAttribute
280
     0
  2
A
 70
     9
280
     0
  0
SEQEND
  5
A4E
330
A4C
100
AcDbEntity
  8
WINDOW
  0
LINE
  5
A4F
330
2
100
AcDbEntity
  8
JJ
100
AcDbLine
 10
-398405.2888572072
 20
-527970.9189871677
 30
0.0
 11
-398074.8773200243
 21
-527970.9189871677
 31
0.0
  0
LINE
  5
A50
330
2
100
AcDbEntity
  8
JJ
100
AcDbLine
 10
-398087.2440004445
 20
-528485.5210971107
 30
0.0
 11
-398417.6555376276
 21
-528455.1576248694
 31
0.0
  0
LINE
  5
A51
330
2
100
AcDbEntity
  8
JJ
100
AcDbLine
 10
-398087.2440004445
 20
-528204.2158663426
 30
0.0
 11
-398417.6555376276
 21
-528204.2158663426
 31
0.0
  0
LINE
  5
A52
330
2
100
AcDbEntity
  8
JJ
100
AcDbLine
 10
-398417.6555376276
 20
-528257.0400237147
 30
0.0
 11
-398087.2440004445
 21
-528257.0400237147
 31
0.0
  0
LINE
  5
A53
330
2
100
AcDbEntity
  8
JJ
100
AcDbLine
 10
-398074.8773200247
 20
-528113.8039407294
 30
0.0
 11
-398405.2888572069
 21
-528083.4404684885
 31
0.0
  0
LINE
  5
A54
330
2
100
AcDbEntity
  8
JJ
100
AcDbLine
 10
-398087.2440004445
 20
-528843.9693819899
 30
0.0
 11
-398417.6555376276
 21
-528813.6059097489
 31
0.0
  0
LINE
  5
A55
330
2
100
AcDbEntity
  8
JJ
100
AcDbLine
 10
-398087.2440004445
 20
-528637.7884896385
 30
0.0
 11
-398417.6555376276
 21
-528637.7884896385
 31
0.0
  0
LINE
  5
A56
330
2
100
AcDbEntity
  8
JJ
100
AcDbLine
 10
-398417.6555376276
 20
-528690.6126470103
 30
0.0
 11
-398087.2440004445
 21
-528690.6126470103
 31
0.0
  0
LINE
  5
A57
330
2
100
AcDbEntity
  8
JJ
100
AcDbLine
 10
-398417.6555376276
 20
-528972.9933766319
 30
0.0
 11
-398087.2440004445
 21
-528887.7816831899
 31
0.0
  0
LINE
  5
A58
330
2
100
AcDbEntity
  8
JJ
100
AcDbLine
 10
-398405.2888572072
 20
-527849.9141681247
 30
0.0
 11
-398074.8773200243
 21
-527849.9141681247
 31
0.0
  0
TEXT
  5
A59
330
2
100
AcDbEntity
  8
CTEXT
100
AcDbText
 10
-395161.3131939224
 20
-529277.7107344121
 30
0.0
 40
500.0
  1
餐厅
 50
359.9999999999995
 41
0.8
  7
_FSD
100
AcDbText
  0
LINE
  5
A5A
330
2
100
AcDbEntity
  8
WALL
100
AcDbLine
 10
-393986.8561180535
 20
-529204.0312341303
 30
0.0
 11
-393886.8561180536
 21
-529204.0312341296
 31
0.0
  0
LINE
  5
A5B
330
2
100
AcDbEntity
  8
WALL
100
AcDbLine
 10
-393886.8561180532
 20
-529284.0312341228
 30
0.0
 11
-394086.8561180535
 21
-529284.0312341228
 31
0.0
  0
LINE
  5
A5C
330
2
100
AcDbEntity
  8
WALL
100
AcDbLine
 10
-393886.8561180536
 20
-529204.0312341296
 30
0.0
 11
-393886.8561180532
 21
-529284.0312341228
 31
0.0
  0
INSERT
  5
A5D
330
2
100
AcDbEntity
  8
JJ
 62
     8
100
AcDbBlockReference
  2
RDC1
 10
-399592.4884257107
 20
-527936.1341389022
 30
0.0
 50
270.0
  0
LINE
  5
A5E
330
2
100
AcDbEntity
  8
WIN
100
AcDbLine
 10
-400052.44976905
 20
-525544.031234121
 30
0.0
 11
-398802.4497690491
 21
-525544.0312341175
 31
0.0
  0
LINE
  5
A5F
330
2
100
AcDbEntity
  8
WIN
100
AcDbLine
 10
-398802.4497690485
 20
-525744.0312341255
 30
0.0
 11
-400052.44976905
 21
-525744.0312341206
 31
0.0
  0
LINE
  5
A60
330
2
100
AcDbEntity
  8
WIN
100
AcDbLine
 10
-400052.4497690499
 20
-525614.0312341213
 30
0.0
 11
-398802.4497690489
 21
-525614.0312341172
 31
0.0
  0
LINE
  5
A61
330
2
100
AcDbEntity
  8
WIN
100
AcDbLine
 10
-398802.4497690489
 20
-525674.0312341265
 30
0.0
 11
-400052.4497690498
 21
-525674.0312341204
 31
0.0
  0
INSERT
  5
A62
330
2
100
AcDbEntity
  8
JJ
100
AcDbBlockReference
  2
SZ2
 10
-399566.986304937
 20
-525700.1119266817
 30
0.0
 41
-0.8000000000465661
 42
0.7999999999883585
 43
0.8
 50
180.0
  0
LINE
  5
A63
330
2
100
AcDbEntity
  8
ARCH
100
AcDbLine
 10
-400552.3372193496
 20
-526144.0312341191
 30
0.0
 11
-400725.9019026681
 21
-526144.0312341191
 31
0.0
  0
LINE
  5
A64
330
2
100
AcDbEntity
  8
ARCH
100
AcDbLine
 10
-400725.9019026681
 20
-526120.9352383652
 30
0.0
 11
-400552.3372193496
 21
-526120.9352383652
 31
0.0
  0
LINE
  5
A65
330
2
100
AcDbEntity
  8
ARCH
100
AcDbLine
 10
-400725.9019026681
 20
-526144.0312341191
 30
0.0
 11
-400725.9019026681
 21
-526120.9352383652
 31
0.0
  0
CIRCLE
  5
A66
330
2
100
AcDbEntity
  8
ARCH
100
AcDbCircle
 10
-400725.9019026753
 20
-526132.4832362422
 30
0.0
 40
22.45107156783342
  0
LINE
  5
A67
330
2
100
AcDbEntity
  8
JJ
100
AcDbLine
 10
-400712.3372193578
 20
-527173.3168174811
 30
0.0
 11
-400952.8084977985
 21
-527417.1696450127
 31
0.0
  0
LINE
  5
A68
330
2
100
AcDbEntity
  8
ARCH
100
AcDbLine
 10
-400552.3372193577
 20
-526494.0312341193
 30
0.0
 11
-401952.3372193577
 21
-525794.0312341214
 31
0.0
  0
LINE
  5
A69
330
2
100
AcDbEntity
  8
ARCH
100
AcDbLine
 10
-400552.3372193429
 20
-525794.0312341192
 30
0.0
 11
-401952.3372193577
 21
-526494.0312341217
 31
0.0
  0
LWPOLYLINE
  5
A6A
330
2
100
AcDbEntity
  8
ARCH
100
AcDbPolyline
 90
        4
 70
     1
 43
0.0
 10
-400552.3372193429
 20
-525794.0312341192
 10
-401952.3372193577
 20
-525794.0312341214
 10
-401952.3372193577
 20
-526494.0312341217
 10
-400552.3372193577
 20
-526494.0312341193
  0
INSERT
  5
A6B
330
2
100
AcDbEntity
  8
JJ
100
AcDbBlockReference
  2
WP3
 10
-400502.3372193577
 20
-527173.3168174811
 30
0.0
 41
-1.0
 50
270.0
  0
LWPOLYLINE
  5
A6C
330
2
100
AcDbEntity
  8
ARCH
100
AcDbPolyline
 90
        4
 70
     1
 43
0.0
 10
-400502.3372193577
 20
-525744.0312341195
 10
-402002.3372193577
 20
-525744.0312341215
 10
-402002.3372193577
 20
-526544.0312341215
 10
-400502.3372193577
 20
-526544.0312341193
  0
LINE
  5
A6D
330
2
100
AcDbEntity
  8
WALL
100
AcDbLine
 10
-401027.3371700292
 20
-525544.0312341265
 30
0.0
 11
-401027.3371700292
 21
-525744.031234123
 31
0.0
  0
LINE
  5
A6E
330
2
100
AcDbEntity
  8
WALL
100
AcDbLine
 10
-401027.3371700292
 20
-525744.0312341195
 30
0.0
 11
-400502.3372193577
 21
-525744.0312341195
 31
0.0
  0
LINE
  5
A6F
330
2
100
AcDbEntity
  8
WALL
100
AcDbLine
 10
-401027.3371700292
 20
-525544.0312341191
 30
0.0
 11
-400052.44976905
 21
-525544.0312341205
 31
0.0
  0
LINE
  5
A70
330
2
100
AcDbEntity
  8
WALL
100
AcDbLine
 10
-400402.3372193578
 20
-525744.0312341195
 30
0.0
 11
-400052.44976905
 21
-525744.0312341195
 31
0.0
  0
LINE
  5
A71
330
2
100
AcDbEntity
  8
WALL
100
AcDbLine
 10
-400052.44976905
 20
-525744.0312341206
 30
0.0
 11
-400052.44976905
 21
-525544.031234121
 31
0.0
  0
LINE
  5
A72
330
2
100
AcDbEntity
  8
WALL
100
AcDbLine
 10
-402822.2245710082
 20
-525544.0312341191
 30
0.0
 11
-401827.3371700291
 21
-525544.0312341191
 31
0.0
  0
LINE
  5
A73
330
2
100
AcDbEntity
  8
WALL
100
AcDbLine
 10
-402002.3372193577
 20
-525744.0312341195
 30
0.0
 11
-401827.3371700291
 21
-525744.0312341195
 31
0.0
  0
LINE
  5
A74
330
2
100
AcDbEntity
  8
WALL
100
AcDbLine
 10
-402822.2245710082
 20
-525744.0312341195
 30
0.0
 11
-402102.3372193577
 21
-525744.0312341195
 31
0.0
  0
LINE
  5
A75
330
2
100
AcDbEntity
  8
WALL
100
AcDbLine
 10
-402822.2245710082
 20
-525744.0312341195
 30
0.0
 11
-402822.2245710082
 21
-525744.0312341195
 31
0.0
  0
LINE
  5
A76
330
2
100
AcDbEntity
  8
WALL
100
AcDbLine
 10
-402722.2245710084
 20
-525744.0312341195
 30
0.0
 11
-402722.2245710084
 21
-525744.0312341195
 31
0.0
  0
LINE
  5
A77
330
2
100
AcDbEntity
  8
WALL
100
AcDbLine
 10
-402822.2245710082
 20
-525744.0312341195
 30
0.0
 11
-402822.2245710082
 21
-525544.0312341191
 31
0.0
  0
LINE
  5
A78
330
2
100
AcDbEntity
  8
WALL
100
AcDbLine
 10
-401827.3371700291
 20
-525544.0312341191
 30
0.0
 11
-401827.3371700291
 21
-525744.031234123
 31
0.0
  0
LINE
  5
A79
330
2
100
AcDbEntity
  8
WIN
100
AcDbLine
 10
-402702.2245710083
 20
-525144.0312341192
 30
0.0
 11
-402702.2245710083
 21
-525544.0312341191
 31
0.0
  0
LINE
  5
A7A
330
2
100
AcDbEntity
  8
WIN
100
AcDbLine
 10
-402822.2245710082
 20
-525264.0312341192
 30
0.0
 11
-402822.2245710082
 21
-525544.0312341191
 31
0.0
  0
LINE
  5
A7B
330
2
100
AcDbEntity
  8
WIN
100
AcDbLine
 10
-402762.2245710083
 20
-525204.0312341191
 30
0.0
 11
-402762.2245710083
 21
-525544.0312341191
 31
0.0
  0
LINE
  5
A7C
330
2
100
AcDbEntity
  8
WIN
100
AcDbLine
 10
-401827.3371700291
 20
-525544.0312341265
 30
0.0
 11
-401027.3371700292
 21
-525544.0312341265
 31
0.0
  0
LINE
  5
A7D
330
2
100
AcDbEntity
  8
WIN
100
AcDbLine
 10
-401827.3371700291
 20
-525744.031234123
 30
0.0
 11
-401027.3371700292
 21
-525744.031234123
 31
0.0
  0
LINE
  5
A7E
330
2
100
AcDbEntity
  8
WIN
100
AcDbLine
 10
-401827.3371700291
 20
-525594.0312341266
 30
0.0
 11
-401027.3371700292
 21
-525594.0312341266
 31
0.0
  0
LINE
  5
A7F
330
2
100
AcDbEntity
  8
WIN
100
AcDbLine
 10
-401827.3371700291
 20
-525654.0312341232
 30
0.0
 11
-401027.3371700292
 21
-525654.0312341232
 31
0.0
  0
LINE
  5
A80
330
2
100
AcDbEntity
  8
JJ
100
AcDbLine
 10
-398502.4497690362
 20
-527679.9827479974
 30
0.0
 11
-398002.4497690364
 21
-527679.9827479974
 31
0.0
  0
LINE
  5
A81
330
2
100
AcDbEntity
  8
WALL
100
AcDbLine
 10
-398802.4497690485
 20
-525744.0312341255
 30
0.0
 11
-398802.4497690491
 21
-525544.0312341232
 31
0.0
  0
LINE
  5
A82
330
2
100
AcDbEntity
  8
PWINDOW
100
AcDbLine
 10
-396286.8561180679
 20
-525644.0312341172
 30
0.0
 11
-397902.449769049
 21
-525644.0312341172
 31
0.0
  0
LINE
  5
A83
330
2
100
AcDbEntity
  8
PWINDOW
100
AcDbLine
 10
-396286.8561180684
 20
-525544.0312341172
 30
0.0
 11
-397902.449769049
 21
-525544.0312341175
 31
0.0
  0
LINE
  5
A84
330
2
100
AcDbEntity
  8
WALL
100
AcDbLine
 10
-394086.8561180618
 20
-527044.0312341172
 30
0.0
 11
-396086.8561180621
 21
-527044.0312341172
 31
0.0
  0
INSERT
  5
A85
330
2
100
AcDbEntity
  8
STAIR
100
AcDbBlockReference
  2
DT
 10
-384393.8830598296
 20
-528011.0042248029
 30
0.0
 41
0.7199999999720605
 42
0.7199999999720605
 43
0.7200000000000001
 50
270.0
  0
INSERT
  5
A8D
330
2
100
AcDbEntity
  8
STAIR
100
AcDbBlockReference
  2
DT
 10
-386493.8830598298
 20
-528011.0042248029
 30
0.0
 41
0.7199999999720605
 42
0.7199999999720605
 43
0.7200000000000001
 50
270.0
  0
LINE
  5
A8E
330
2
100
AcDbEntity
  8
WALL
100
AcDbLine
 10
-385982.0719628933
 20
-528204.0312341266
 30
0.0
 11
-385982.0719628933
 21
-526204.0312341268
 31
0.0
  0
LINE
  5
A8F
330
2
100
AcDbEntity
  8
WALL
100
AcDbLine
 10
-385982.0719628933
 20
-528204.0312341266
 30
0.0
 11
-385982.0719628933
 21
-526204.0312341268
 31
0.0
  0
LINE
  5
A90
330
2
100
AcDbEntity
  8
WALL
100
AcDbLine
 10
-385782.0719628931
 20
-528204.0312341266
 30
0.0
 11
-385782.0719628931
 21
-526204.0312341268
 31
0.0
  0
LINE
  5
A91
330
2
100
AcDbEntity
  8
WALL
100
AcDbLine
 10
-387882.0719628933
 20
-528204.0312341266
 30
0.0
 11
-387882.0719628933
 21
-526204.0312341268
 31
0.0
  0
LINE
  5
A92
330
2
100
AcDbEntity
  8
WALL
100
AcDbLine
 10
-388082.0719628797
 20
-528404.0312341265
 30
0.0
 11
-388082.0719628633
 21
-526204.0312341268
 31
0.0
  0
LINE
  5
A93
330
2
100
AcDbEntity
  8
WALL
100
AcDbLine
 10
-391792.4497690503
 20
-525544.0312341265
 30
0.0
 11
-391792.4497690503
 21
-529384.0312341232
 31
0.0
  0
LINE
  5
A94
330
2
100
AcDbEntity
  8
WALL
100
AcDbLine
 10
-391972.4497690501
 20
-529204.0312341228
 30
0.0
 11
-391972.4497690501
 21
-525744.0312341266
 31
0.0
  0
LINE
  5
A95
330
2
100
AcDbEntity
  8
PWINDOW
100
AcDbLine
 10
-392472.4497690501
 20
-528514.0312341228
 30
0.0
 11
-392472.4497690501
 21
-526214.6149853469
 31
0.0
  0
LINE
  5
A96
330
2
100
AcDbEntity
  8
WALL
100
AcDbLine
 10
-389982.4497690286
 20
-529954.0312341232
 30
0.0
 11
-389382.071962889
 21
-529954.031234126
 31
0.0
  0
LINE
  5
A97
330
2
100
AcDbEntity
  8
WALL
100
AcDbLine
 10
-389982.4497690278
 20
-530054.031234123
 30
0.0
 11
-389382.0719628897
 21
-530054.0312341265
 31
0.0
  0
INSERT
  5
A98
330
2
100
AcDbEntity
  8
STAIR
100
AcDbBlockReference
 66
     1
  2
_F0LWN
 10
-392535.2411785688
 20
-529961.3794099023
 30
-0.0000000000657026
 50
270.0
  0
ATTRIB
  5
A99
330
A98
100
AcDbEntity
  8
0
100
AcDbText
 10
-392535.2411785688
 20
-529961.3794099023
 30
0.0
 40
0.5
  1
500
 50
270.0
 41
0.8
  7
DIM_FONT
100
AcDbAttribute
280
     0
  2
XSIZE
 70
     9
280
     0
  0
ATTRIB
  5
A9A
330
A98
100
AcDbEntity
  8
0
100
AcDbText
 10
-392535.2411785688
 20
-529961.3794099023
 30
0.0
 40
0.5
  1
500
 50
270.0
 41
0.8
  7
DIM_FONT
100
AcDbAttribute
280
     0
  2
YSIZE
 70
     9
280
     0
  0
SEQEND
  5
A9B
330
A98
100
AcDbEntity
  8
STAIR
  0
INSERT
  5
A9C
330
2
100
AcDbEntity
  8
0
100
AcDbBlockReference
  2
DBX1
 10
-392708.5145630183
 20
-528493.7876734447
 30
0.0
 50
180.0
  0
LINE
  5
A9D
330
2
100
AcDbEntity
  8
WALL
100
AcDbLine
 10
-389982.4497690217
 20
-529604.0312341247
 30
0.0
 11
-390182.449769048
 21
-529604.0312341263
 31
0.0
  0
LINE
  5
A9E
330
2
100
AcDbEntity
  8
WALL
100
AcDbLine
 10
-389982.4497690263
 20
-529004.0312341247
 30
0.0
 11
-390182.4497690441
 21
-529004.0312341261
 31
0.0
  0
LWPOLYLINE
  5
A9F
330
2
100
AcDbEntity
  8
DOOR
100
AcDbPolyline
 90
        3
 70
     0
 43
0.0
 10
-390182.4497690253
 20
-529004.0312341177
 10
-390482.4497690291
 20
-529523.6464763863
 42
0.1316524975911409
 10
-390182.4497690208
 20
-529604.0312341178
  0
LINE
  5
AA0
330
2
100
AcDbEntity
  8
PWINDOW
100
AcDbLine
 10
-390182.4497690208
 20
-529604.0312341263
 30
0.0
 11
-390182.4497690253
 21
-529004.0312341177
 31
0.0
  0
LINE
  5
AA1
330
2
100
AcDbEntity
  8
PWINDOW
100
AcDbLine
 10
-389982.4497690217
 20
-529604.0312341247
 30
0.0
 11
-389982.4497690263
 21
-529004.0312341247
 31
0.0
  0
LINE
  5
AA2
330
2
100
AcDbEntity
  8
WALL
100
AcDbLine
 10
-390182.4497690515
 20
-531104.0312341265
 30
0.0
 11
-390182.4497690487
 21
-529604.0312341263
 31
0.0
  0
LINE
  5
AA3
330
2
100
AcDbEntity
  8
WALL
100
AcDbLine
 10
-389982.4497690279
 20
-530054.031234123
 30
0.0
 11
-389982.4497690204
 21
-530904.0312341266
 31
0.0
  0
LINE
  5
AA4
330
2
100
AcDbEntity
  8
WALL
100
AcDbLine
 10
-391792.4497690503
 20
-530484.0312341229
 30
0.0
 11
-391792.4497690503
 21
-530904.0312341269
 31
0.0
  0
LINE
  5
AA5
330
2
100
AcDbEntity
  8
WALL
100
AcDbLine
 10
-391972.4497690501
 20
-530484.0312341229
 30
0.0
 11
-391972.4497690501
 21
-530904.0312341231
 31
0.0
  0
LINE
  5
AA6
330
2
100
AcDbEntity
  8
WALL
100
AcDbLine
 10
-391792.4497690503
 20
-530904.0312341269
 30
0.0
 11
-391282.4497690503
 21
-530904.0312341267
 31
0.0
  0
LINE
  5
AA7
330
2
100
AcDbEntity
  8
WALL
100
AcDbLine
 10
-391972.4497690501
 20
-529284.0312341228
 30
0.0
 11
-391972.4497690501
 21
-529384.0312341232
 31
0.0
  0
LINE
  5
AA8
330
2
100
AcDbEntity
  8
WALL
100
AcDbLine
 10
-393086.8561180535
 20
-529204.0312341269
 30
0.0
 11
-393086.8561180533
 21
-529284.03123412
 31
0.0
  0
LINE
  5
AA9
330
2
100
AcDbEntity
  8
WALL
100
AcDbLine
 10
-393086.8561180535
 20
-529204.0312341269
 30
0.0
 11
-391972.4497690501
 21
-529204.0312341228
 31
0.0
  0
LINE
  5
AAA
330
2
100
AcDbEntity
  8
WALL
100
AcDbLine
 10
-391972.4497690501
 20
-529284.0312341228
 30
0.0
 11
-393086.8561180533
 21
-529284.03123412
 31
0.0
  0
LINE
  5
AAB
330
2
100
AcDbEntity
  8
WALL
100
AcDbLine
 10
-391972.4497690501
 20
-530484.0312341229
 30
0.0
 11
-391792.4497690503
 21
-530484.0312341229
 31
0.0
  0
LINE
  5
AAC
330
2
100
AcDbEntity
  8
WALL
100
AcDbLine
 10
-391972.4497690501
 20
-529384.0312341232
 30
0.0
 11
-391792.4497690503
 21
-529384.0312341232
 31
0.0
  0
INSERT
  5
AAD
330
2
100
AcDbEntity
  8
WINDOW
100
AcDbBlockReference
 66
     1
  2
M_A17ORW
 10
-391882.4497690503
 20
-529934.0312341232
 30
0.0
 41
-1100.0
 42
1100.0
 43
1100.0
 50
270.0
1001
WTHICK
1040
180.0
  0
ATTRIB
  5
AAE
330
AAD
100
AcDbEntity
  8
WINDOW_TEXT
100
AcDbText
 10
-391492.4497690503
 20
-529934.0312341232
 30
0.0
 40
300.0
  1

 50
89.99999999999998
 41
0.8
  7
SIMPLEX
 72
     4
 11
-391492.4497690503
 21
-529934.0312341232
 31
0.0
100
AcDbAttribute
280
     0
  2
A
 70
     9
280
     0
  0
SEQEND
  5
AAF
330
AAD
100
AcDbEntity
  8
WINDOW
  0
TEXT
  5
AB0
330
2
100
AcDbEntity
  8
CTEXT
100
AcDbText
 10
-388118.7804092943
 20
-530535.7168414311
 30
0.0
 40
500.0
  1
下
 50
359.9999999999995
 41
0.8
  7
_FSD
100
AcDbText
  0
TEXT
  5
AB1
330
2
100
AcDbEntity
  8
CTEXT
100
AcDbText
 10
-388047.6653847181
 20
-529162.4426306531
 30
0.0
 40
500.0
  1
上
 50
359.9999999999995
 41
0.8
  7
_FSD
100
AcDbText
  0
SOLID
  5
AB2
330
2
100
AcDbEntity
  8
STAIR
100
AcDbTrace
 10
-385971.8287826277
 20
-530274.7828007422
 30
0.0
 11
-385971.8287826277
 21
-530383.2796675038
 31
0.0
 12
-385485.2698241156
 22
-530329.0312341229
 32
0.0
 13
-385485.2698241156
 23
-530329.0312341229
 33
0.0
  0
SOLID
  5
AB3
330
2
100
AcDbEntity
  8
STAIR
100
AcDbTrace
 10
-385054.9412287914
 20
-528924.7828007422
 30
0.0
 11
-385054.9412287914
 21
-529033.2796675037
 31
0.0
 12
-385541.5001873033
 22
-528979.0312341231
 32
0.0
 13
-385541.5001873033
 23
-528979.0312341231
 33
0.0
  0
SOLID
  5
AB4
330
2
100
AcDbEntity
  8
STAIR
100
AcDbTrace
 10
-386521.9436579214
 20
-528924.7828007422
 30
0.0
 11
-386521.9436579214
 21
-529033.2796675037
 31
0.0
 12
-386035.3846994097
 22
-528979.0312341231
 32
0.0
 13
-386035.3846994097
 23
-528979.0312341231
 33
0.0
  0
LINE
  5
AB5
330
2
100
AcDbEntity
  8
STAIR
100
AcDbLine
 10
-385170.7215583164
 20
-530457.0274436592
 30
0.0
 11
-385240.7215583164
 21
-530457.0274436592
 31
0.0
  0
LINE
  5
AB6
330
2
100
AcDbEntity
  8
STAIR
100
AcDbLine
 10
-385240.7215583164
 20
-530457.0274436592
 30
0.0
 11
-385177.9687154661
 21
-530251.0350245941
 31
0.0
  0
LINE
  5
AB7
330
2
100
AcDbEntity
  8
STAIR
100
AcDbLine
 10
-385177.9687154661
 20
-530251.0350245941
 30
0.0
 11
-385247.9687154661
 21
-530251.0350245941
 31
0.0
  0
LINE
  5
AB8
330
2
100
AcDbEntity
  8
STAIR
100
AcDbLine
 10
-385247.9687154661
 20
-530251.0350245941
 30
0.0
 11
-385434.3451368912
 21
-529754.0312341265
 31
0.0
  0
LINE
  5
AB9
330
2
100
AcDbEntity
  8
STAIR
100
AcDbLine
 10
-385280.7215583164
 20
-530457.0274436592
 30
0.0
 11
-385350.7215583164
 21
-530457.0274436592
 31
0.0
  0
LINE
  5
ABA
330
2
100
AcDbEntity
  8
STAIR
100
AcDbLine
 10
-385350.7215583164
 20
-530457.0274436592
 30
0.0
 11
-385287.9687154658
 21
-530251.0350245941
 31
0.0
  0
LINE
  5
ABB
330
2
100
AcDbEntity
  8
STAIR
100
AcDbLine
 10
-385287.9687154658
 20
-530251.0350245941
 30
0.0
 11
-385357.9687154661
 21
-530251.0350245941
 31
0.0
  0
LINE
  5
ABC
330
2
100
AcDbEntity
  8
STAIR
100
AcDbLine
 10
-385357.9687154661
 20
-530251.0350245941
 30
0.0
 11
-385544.3451368912
 21
-529754.0312341265
 31
0.0
  0
LINE
  5
ABD
330
2
100
AcDbEntity
  8
STAIR
100
AcDbLine
 10
-385003.0951368939
 20
-530904.0312341191
 30
0.0
 11
-385170.7215583164
 21
-530457.0274436592
 31
0.0
  0
LINE
  5
ABE
330
2
100
AcDbEntity
  8
STAIR
100
AcDbLine
 10
-385113.0951368939
 20
-530904.0312341191
 30
0.0
 11
-385280.7215583164
 21
-530457.0274436592
 31
0.0
  0
LINE
  5
ABF
330
2
100
AcDbEntity
  8
STAIR
100
AcDbLine
 10
-387357.44976908
 20
-530329.0312341229
 30
0.0
 11
-385607.4497690725
 21
-530329.0312341229
 31
0.0
  0
LINE
  5
AC0
330
2
100
AcDbEntity
  8
STAIR
100
AcDbLine
 10
-387357.449769065
 20
-528979.0312341231
 30
0.0
 11
-386107.449769065
 21
-528979.0312341231
 31
0.0
  0
LINE
  5
AC1
330
2
100
AcDbEntity
  8
STAIR
100
AcDbLine
 10
-385873.5937154675
 20
-528876.0350245905
 30
0.0
 11
-386050.5951368914
 21
-528404.0312341265
 31
0.0
  0
LINE
  5
AC2
330
2
100
AcDbEntity
  8
STAIR
100
AcDbLine
 10
-385803.5937154675
 20
-528876.0350245905
 30
0.0
 11
-385873.5937154675
 21
-528876.0350245905
 31
0.0
  0
LINE
  5
AC3
330
2
100
AcDbEntity
  8
STAIR
100
AcDbLine
 10
-385866.3465583179
 20
-529082.0274436555
 30
0.0
 11
-385803.5937154675
 21
-528876.0350245905
 31
0.0
  0
LINE
  5
AC4
330
2
100
AcDbEntity
  8
STAIR
100
AcDbLine
 10
-385796.3465583178
 20
-529082.0274436555
 30
0.0
 11
-385866.3465583179
 21
-529082.0274436555
 31
0.0
  0
LINE
  5
AC5
330
2
100
AcDbEntity
  8
STAIR
100
AcDbLine
 10
-385544.3451368912
 20
-529754.0312341265
 30
0.0
 11
-385796.3465583178
 21
-529082.0274436555
 31
0.0
  0
LINE
  5
AC6
330
2
100
AcDbEntity
  8
STAIR
100
AcDbLine
 10
-385763.5937154673
 20
-528876.0350245905
 30
0.0
 11
-385940.5951368911
 21
-528404.0312341265
 31
0.0
  0
LINE
  5
AC7
330
2
100
AcDbEntity
  8
STAIR
100
AcDbLine
 10
-385693.5937154672
 20
-528876.0350245905
 30
0.0
 11
-385763.5937154673
 21
-528876.0350245905
 31
0.0
  0
LINE
  5
AC8
330
2
100
AcDbEntity
  8
STAIR
100
AcDbLine
 10
-385756.3465583178
 20
-529082.0274436555
 30
0.0
 11
-385693.5937154672
 21
-528876.0350245905
 31
0.0
  0
LINE
  5
AC9
330
2
100
AcDbEntity
  8
STAIR
100
AcDbLine
 10
-385686.3465583179
 20
-529082.0274436555
 30
0.0
 11
-385756.3465583178
 21
-529082.0274436555
 31
0.0
  0
LINE
  5
ACA
330
2
100
AcDbEntity
  8
STAIR
100
AcDbLine
 10
-385434.3451368912
 20
-529754.0312341265
 30
0.0
 11
-385686.3465583179
 21
-529082.0274436555
 31
0.0
  0
LINE
  5
ACB
330
2
100
AcDbEntity
  8
STAIR
100
AcDbLine
 10
-384857.4497690652
 20
-529754.0312341265
 30
0.0
 11
-384857.4497690798
 21
-530904.0312341191
 31
0.0
  0
LINE
  5
ACC
330
2
100
AcDbEntity
  8
STAIR
100
AcDbLine
 10
-385107.449769065
 20
-529754.0312341265
 30
0.0
 11
-385107.4497690799
 21
-530904.0312341191
 31
0.0
  0
LINE
  5
ACD
330
2
100
AcDbEntity
  8
STAIR
100
AcDbLine
 10
-385357.4497690799
 20
-529754.0312341265
 30
0.0
 11
-385357.4497690799
 21
-530904.0312341191
 31
0.0
  0
LINE
  5
ACE
330
2
100
AcDbEntity
  8
STAIR
100
AcDbLine
 10
-385607.4497690651
 20
-529754.0312341265
 30
0.0
 11
-385607.4497690799
 21
-530904.0312341191
 31
0.0
  0
LINE
  5
ACF
330
2
100
AcDbEntity
  8
STAIR
100
AcDbLine
 10
-385857.449769065
 20
-529754.0312341265
 30
0.0
 11
-385857.4497690799
 21
-530904.0312341191
 31
0.0
  0
LINE
  5
AD0
330
2
100
AcDbEntity
  8
STAIR
100
AcDbLine
 10
-386107.449769065
 20
-529754.0312341265
 30
0.0
 11
-386107.44976908
 21
-530904.0312341191
 31
0.0
  0
LINE
  5
AD1
330
2
100
AcDbEntity
  8
STAIR
100
AcDbLine
 10
-384857.4497690652
 20
-528404.0312341192
 30
0.0
 11
-384857.4497690652
 21
-529554.0312341266
 31
0.0
  0
LINE
  5
AD2
330
2
100
AcDbEntity
  8
STAIR
100
AcDbLine
 10
-385107.449769065
 20
-528404.0312341192
 30
0.0
 11
-385107.449769065
 21
-529554.0312341266
 31
0.0
  0
LINE
  5
AD3
330
2
100
AcDbEntity
  8
STAIR
100
AcDbLine
 10
-385357.4497690651
 20
-528404.0312341192
 30
0.0
 11
-385357.4497690651
 21
-529554.0312341266
 31
0.0
  0
LINE
  5
AD4
330
2
100
AcDbEntity
  8
STAIR
100
AcDbLine
 10
-385607.4497690651
 20
-528404.0312341192
 30
0.0
 11
-385607.4497690799
 21
-529554.0312341266
 31
0.0
  0
LINE
  5
AD5
330
2
100
AcDbEntity
  8
STAIR
100
AcDbLine
 10
-385857.449769065
 20
-528404.0312341192
 30
0.0
 11
-385857.449769065
 21
-529554.0312341266
 31
0.0
  0
LINE
  5
AD6
330
2
100
AcDbEntity
  8
STAIR
100
AcDbLine
 10
-386107.449769065
 20
-528404.0312341192
 30
0.0
 11
-386107.449769065
 21
-529554.0312341266
 31
0.0
  0
LINE
  5
AD7
330
2
100
AcDbEntity
  8
STAIR
100
AcDbLine
 10
-387357.449769065
 20
-529754.0312341265
 30
0.0
 11
-387357.44976908
 21
-530904.0312341191
 31
0.0
  0
LINE
  5
AD8
330
2
100
AcDbEntity
  8
WALL
100
AcDbLine
 10
-387357.449769065
 20
-529554.0312341266
 30
0.0
 11
-387357.44976908
 21
-529754.0312341265
 31
0.0
  0
LINE
  5
AD9
330
2
100
AcDbEntity
  8
STAIR
100
AcDbLine
 10
-387357.449769065
 20
-528404.0312341192
 30
0.0
 11
-387357.449769065
 21
-529554.0312341266
 31
0.0
  0
LINE
  5
ADA
330
2
100
AcDbEntity
  8
STAIR
100
AcDbLine
 10
-387107.4497690651
 20
-529754.0312341265
 30
0.0
 11
-387107.44976908
 21
-530904.0312341191
 31
0.0
  0
LINE
  5
ADB
330
2
100
AcDbEntity
  8
STAIR
100
AcDbLine
 10
-386857.4497690651
 20
-529754.0312341265
 30
0.0
 11
-386857.4497690799
 21
-530904.0312341191
 31
0.0
  0
LINE
  5
ADC
330
2
100
AcDbEntity
  8
STAIR
100
AcDbLine
 10
-387107.4497690651
 20
-528404.0312341192
 30
0.0
 11
-387107.4497690651
 21
-529554.0312341266
 31
0.0
  0
LINE
  5
ADD
330
2
100
AcDbEntity
  8
STAIR
100
AcDbLine
 10
-386857.4497690651
 20
-528404.0312341192
 30
0.0
 11
-386857.4497690651
 21
-529554.0312341266
 31
0.0
  0
LINE
  5
ADE
330
2
100
AcDbEntity
  8
STAIR
100
AcDbLine
 10
-386607.4497690651
 20
-529754.0312341265
 30
0.0
 11
-386607.4497690799
 21
-530904.0312341191
 31
0.0
  0
LINE
  5
ADF
330
2
100
AcDbEntity
  8
STAIR
100
AcDbLine
 10
-386357.449769065
 20
-529754.0312341265
 30
0.0
 11
-386357.44976908
 21
-530904.0312341191
 31
0.0
  0
LINE
  5
AE0
330
2
100
AcDbEntity
  8
STAIR
100
AcDbLine
 10
-386607.4497690651
 20
-528404.0312341192
 30
0.0
 11
-386607.4497690651
 21
-529554.0312341266
 31
0.0
  0
LINE
  5
AE1
330
2
100
AcDbEntity
  8
STAIR
100
AcDbLine
 10
-386357.449769065
 20
-528404.0312341192
 30
0.0
 11
-386357.449769065
 21
-529554.0312341266
 31
0.0
  0
LINE
  5
AE2
330
2
100
AcDbEntity
  8
WALL
100
AcDbLine
 10
-387882.0719628933
 20
-528204.0312341228
 30
0.0
 11
-385982.0719628933
 21
-528204.0312341266
 31
0.0
  0
LINE
  5
AE3
330
2
100
AcDbEntity
  8
PWINDOW
100
AcDbLine
 10
-389982.4497690435
 20
-527104.0312341265
 30
0.0
 11
-389982.4497690478
 21
-526504.0312341268
 31
0.0
  0
LINE
  5
AE4
330
2
100
AcDbEntity
  8
PWINDOW
100
AcDbLine
 10
-390182.4497690427
 20
-527104.0312341283
 30
0.0
 11
-390182.4497690469
 21
-526504.0312341197
 31
0.0
  0
LWPOLYLINE
  5
AE5
330
2
100
AcDbEntity
  8
DOOR
100
AcDbPolyline
 90
        3
 70
     0
 43
0.0
 10
-390182.4497690469
 20
-526504.0312341197
 10
-390482.4497690507
 20
-527023.6464763883
 42
0.1316524975911409
 10
-390182.4497690427
 20
-527104.0312341197
  0
LINE
  5
AE6
330
2
100
AcDbEntity
  8
WALL
100
AcDbLine
 10
-389982.4497690435
 20
-527104.0312341265
 30
0.0
 11
-390182.449769046
 21
-527104.0312341283
 31
0.0
  0
LINE
  5
AE7
330
2
100
AcDbEntity
  8
WALL
100
AcDbLine
 10
-389982.4497690478
 20
-526504.0312341268
 30
0.0
 11
-390182.4497690503
 21
-526504.0312341282
 31
0.0
  0
LINE
  5
AE8
330
2
100
AcDbEntity
  8
WALL
100
AcDbLine
 10
-389982.44976905
 20
-526204.0312341268
 30
0.0
 11
-389982.4497690478
 21
-526504.0312341268
 31
0.0
  0
LINE
  5
AE9
330
2
100
AcDbEntity
  8
WIN
100
AcDbLine
 10
-393986.8561180683
 20
-525544.0312341305
 30
0.0
 11
-392786.5697403254
 21
-525544.0312341342
 31
0.0
  0
LINE
  5
AEA
330
2
100
AcDbEntity
  8
WIN
100
AcDbLine
 10
-393986.8561180683
 20
-525654.0312341268
 30
0.0
 11
-392786.5697403254
 21
-525654.0312341268
 31
0.0
  0
LINE
  5
AEB
330
2
100
AcDbEntity
  8
WIN
100
AcDbLine
 10
-393986.8561180683
 20
-525594.0312341342
 30
0.0
 11
-392786.5697403254
 21
-525594.0312341342
 31
0.0
  0
LINE
  5
AEC
330
2
100
AcDbEntity
  8
WIN
100
AcDbLine
 10
-393986.8561180683
 20
-525744.0312341266
 30
0.0
 11
-392786.5697403254
 21
-525744.0312341305
 31
0.0
  0
INSERT
  5
AED
330
2
100
AcDbEntity
  8
WINDOW
100
AcDbBlockReference
  2
2
 10
-393499.6529435518
 20
-525774.614985347
 30
0.0
  0
LINE
  5
AEE
330
2
100
AcDbEntity
  8
WALL
100
AcDbLine
 10
-392786.5697403254
 20
-525544.0312341342
 30
0.0
 11
-392786.5697403254
 21
-525744.0312341305
 31
0.0
  0
LINE
  5
AEF
330
2
100
AcDbEntity
  8
WALL
100
AcDbLine
 10
-392786.5697403254
 20
-525744.0312341266
 30
0.0
 11
-391972.4497690501
 21
-525744.0312341266
 31
0.0
  0
LINE
  5
AF0
330
2
100
AcDbEntity
  8
WALL
100
AcDbLine
 10
-392786.5697403254
 20
-525544.0312341265
 30
0.0
 11
-391792.4497690503
 21
-525544.0312341265
 31
0.0
  0
INSERT
  5
AF1
330
2
100
AcDbEntity
  8
DIM
100
AcDbBlockReference
  2
SHC
 10
-392099.5154036808
 20
-526892.9153330734
 30
0.0
 41
-1.0
 50
315.0000000000048
  0
TEXT
  5
AF2
330
2
100
AcDbEntity
  8
CTEXT
100
AcDbText
 10
-386345.9884146629
 20
-525264.3510955944
 30
0.0
 40
500.0
  1
电梯厅
 50
359.9999999999995
 41
0.8
  7
_FSD
100
AcDbText
  0
LINE
  5
AF3
330
2
100
AcDbEntity
  8
WALL
100
AcDbLine
 10
-384282.0719628933
 20
-526204.0312341268
 30
0.0
 11
-384282.0719628933
 21
-526004.0312341265
 31
0.0
  0
LINE
  5
AF4
330
2
100
AcDbEntity
  8
WALL
100
AcDbLine
 10
-385382.0719628934
 20
-526204.0312341268
 30
0.0
 11
-385382.0719628934
 21
-526004.0312341265
 31
0.0
  0
LINE
  5
AF5
330
2
100
AcDbEntity
  8
STAIR
100
AcDbLine
 10
-385382.0719628934
 20
-526204.0312341268
 30
0.0
 11
-384282.0719628933
 21
-526204.0312341268
 31
0.0
  0
LINE
  5
AF6
330
2
100
AcDbEntity
  8
STAIR
100
AcDbLine
 10
-386382.0719628933
 20
-526204.0312341268
 30
0.0
 11
-387482.0719628933
 21
-526204.0312341268
 31
0.0
  0
LINE
  5
AF7
330
2
100
AcDbEntity
  8
WALL
100
AcDbLine
 10
-387482.0719628933
 20
-526204.0312341268
 30
0.0
 11
-387482.0719628933
 21
-526004.0312341265
 31
0.0
  0
LINE
  5
AF8
330
2
100
AcDbEntity
  8
WALL
100
AcDbLine
 10
-385982.0719628933
 20
-526204.0312341268
 30
0.0
 11
-386382.0719628933
 21
-526204.0312341268
 31
0.0
  0
LINE
  5
AF9
330
2
100
AcDbEntity
  8
WALL
100
AcDbLine
 10
-386382.0719628933
 20
-526204.0312341268
 30
0.0
 11
-386382.0719628637
 21
-526004.0312341265
 31
0.0
  0
LINE
  5
AFA
330
2
100
AcDbEntity
  8
WALL
100
AcDbLine
 10
-387482.0719628933
 20
-526204.0312341268
 30
0.0
 11
-387882.0719628933
 21
-526204.0312341268
 31
0.0
  0
LINE
  5
AFB
330
2
100
AcDbEntity
  8
WALL
100
AcDbLine
 10
-385382.0719628934
 20
-526004.0312341265
 30
0.0
 11
-386382.0719628637
 21
-526004.0312341265
 31
0.0
  0
LINE
  5
AFC
330
2
100
AcDbEntity
  8
WALL
100
AcDbLine
 10
-385782.0719628931
 20
-526204.0312341268
 30
0.0
 11
-385382.0719628934
 21
-526204.0312341268
 31
0.0
  0
LINE
  5
AFD
330
2
100
AcDbEntity
  8
JJ
100
AcDbLine
 10
-393996.7435683608
 20
-518854.0312341233
 30
0.0
 11
-392511.8700722742
 21
-518854.0312341231
 31
0.0
  0
LINE
  5
AFE
330
2
100
AcDbEntity
  8
JJ
100
AcDbLine
 10
-393996.7435683619
 20
-518604.0312341233
 30
0.0
 11
-392511.8700722742
 21
-518604.0312341233
 31
0.0
  0
INSERT
  5
AFF
330
2
100
AcDbEntity
  8
HA
100
AcDbBlockReference
  2
HUA
 10
-393467.129841251
 20
-521917.0540840904
 30
0.0
 41
0.8000000000465661
 42
0.7999999999883585
 43
0.8
  0
INSERT
  5
B00
330
2
100
AcDbEntity
  8
HA
100
AcDbBlockReference
  2
HUA
 10
-393467.129841251
 20
-522521.5307034705
 30
0.0
 41
0.8000000000465661
 42
0.7999999999883585
 43
0.8
  0
INSERT
  5
B01
330
2
100
AcDbEntity
  8
JJ
100
AcDbBlockReference
  2
TV22
 10
-394457.2449489804
 20
-524497.9044552247
 30
-200.0
 41
-1.0
  0
INSERT
  5
B02
330
2
100
AcDbEntity
  8
JJ
100
AcDbBlockReference
  2
SFJ15
 10
-390608.0131098194
 20
-519091.5200266839
 30
0.0
 41
-1.0
 50
180.0
  0
LINE
  5
B03
330
2
100
AcDbEntity
  8
WALL
100
AcDbLine
 10
-393996.7435683721
 20
-519104.0312341232
 30
0.0
 11
-390796.7435683743
 21
-519104.0312341232
 31
0.0
  0
LINE
  5
B04
330
2
100
AcDbEntity
  8
WALL
100
AcDbLine
 10
-391426.743568376
 20
-524104.0312341231
 30
0.0
 11
-394186.8561180682
 21
-524104.0312341231
 31
0.0
  0
LINE
  5
B05
330
2
100
AcDbEntity
  8
WALL
100
AcDbLine
 10
-391426.743568376
 20
-523904.0312341231
 30
0.0
 11
-394006.8561180685
 21
-523904.0312341231
 31
0.0
  0
LINE
  5
B06
330
2
100
AcDbEntity
  8
WIN
100
AcDbLine
 10
-394696.743568376
 20
-522124.143783834
 30
0.0
 11
-394696.7435683737
 21
-519084.0312341229
 31
0.0
  0
LINE
  5
B07
330
2
100
AcDbEntity
  8
WIN
100
AcDbLine
 10
-394636.743568376
 20
-522064.1437838341
 30
0.0
 11
-394636.743568374
 21
-519144.0312341232
 31
0.0
  0
LINE
  5
B08
330
2
100
AcDbEntity
  8
WIN
100
AcDbLine
 10
-394576.7435683759
 20
-522004.1437838339
 30
0.0
 11
-394576.743568374
 21
-519204.031234123
 31
0.0
  0
LINE
  5
B09
330
2
100
AcDbEntity
  8
PWINDOW
100
AcDbLine
 10
-393996.7435683742
 20
-522004.1437838339
 30
0.0
 11
-393996.7435683742
 21
-519204.031234123
 31
0.0
  0
LINE
  5
B0A
330
2
100
AcDbEntity
  8
WIN
100
AcDbLine
 10
-394186.8561180682
 20
-522124.143783834
 30
0.0
 11
-394696.743568376
 21
-522124.143783834
 31
0.0
  0
LINE
  5
B0B
330
2
100
AcDbEntity
  8
WIN
100
AcDbLine
 10
-394186.8561180682
 20
-522064.1437838341
 30
0.0
 11
-394636.743568376
 21
-522064.1437838341
 31
0.0
  0
LINE
  5
B0C
330
2
100
AcDbEntity
  8
WIN
100
AcDbLine
 10
-394186.8561180682
 20
-522004.1437838339
 30
0.0
 11
-394576.7435683759
 21
-522004.1437838339
 31
0.0
  0
LINE
  5
B0D
330
2
100
AcDbEntity
  8
WALL
100
AcDbLine
 10
-394006.8561180685
 20
-522004.1437838339
 30
0.0
 11
-394006.8561180685
 21
-523904.0312341231
 31
0.0
  0
LINE
  5
B0E
330
2
100
AcDbEntity
  8
WALL
100
AcDbLine
 10
-394186.8561180682
 20
-522004.1437838339
 30
0.0
 11
-394006.8561180685
 21
-522004.1437838339
 31
0.0
  0
LINE
  5
B0F
330
2
100
AcDbEntity
  8
WALL
100
AcDbLine
 10
-394186.8561180682
 20
-524104.0312341231
 30
0.0
 11
-394186.8561180682
 21
-522004.1437838339
 31
0.0
  0
LINE
  5
B10
330
2
100
AcDbEntity
  8
JJ
100
AcDbLine
 10
-393852.2724388553
 20
-518688.825465532
 30
0.0
 11
-393767.0607454132
 21
-519019.2370027148
 31
0.0
  0
LINE
  5
B11
330
2
100
AcDbEntity
  8
WIN
100
AcDbLine
 10
-394196.7435683742
 20
-519084.0312341229
 30
0.0
 11
-394696.7435683737
 21
-519084.0312341229
 31
0.0
  0
LINE
  5
B12
330
2
100
AcDbEntity
  8
WIN
100
AcDbLine
 10
-394196.7435683742
 20
-519144.0312341232
 30
0.0
 11
-394636.743568374
 21
-519144.0312341232
 31
0.0
  0
LINE
  5
B13
330
2
100
AcDbEntity
  8
WIN
100
AcDbLine
 10
-394196.7435683742
 20
-519204.031234123
 30
0.0
 11
-394576.743568374
 21
-519204.031234123
 31
0.0
  0
LINE
  5
B14
330
2
100
AcDbEntity
  8
WALL
100
AcDbLine
 10
-394196.7435683742
 20
-519098.8061347496
 30
0.0
 11
-394196.7435683742
 21
-519098.8061347496
 31
0.0
  0
LINE
  5
B15
330
2
100
AcDbEntity
  8
WALL
100
AcDbLine
 10
-393996.7435683742
 20
-518898.8061347497
 30
0.0
 11
-393996.7435683742
 21
-518898.8061347497
 31
0.0
  0
LINE
  5
B16
330
2
100
AcDbEntity
  8
WIN
100
AcDbLine
 10
-388276.743568376
 20
-520544.0312341231
 30
0.0
 11
-388276.743568376
 21
-521654.031234123
 31
0.0
  0
LINE
  5
B17
330
2
100
AcDbEntity
  8
WIN
100
AcDbLine
 10
-388336.7435683761
 20
-519554.0312341233
 30
0.0
 11
-388336.7435683761
 21
-521654.031234123
 31
0.0
  0
LINE
  5
B18
330
2
100
AcDbEntity
  8
PWINDOW
100
AcDbLine
 10
-388196.7435683747
 20
-521654.031234123
 30
0.0
 11
-388196.7435683762
 21
-519554.0312341233
 31
0.0
  0
LINE
  5
B19
330
2
100
AcDbEntity
  8
PWINDOW
100
AcDbLine
 10
-387096.7435683661
 20
-519304.0312341228
 30
0.0
 11
-387096.7435683661
 21
-521904.0312341231
 31
0.0
  0
LINE
  5
B1A
330
2
100
AcDbEntity
  8
PWINDOW
100
AcDbLine
 10
-386996.7435683657
 20
-519304.0312341228
 30
0.0
 11
-386996.7435683657
 21
-521904.0312341231
 31
0.0
  0
HATCH
  5
B1B
330
2
100
AcDbEntity
  8
HA
100
AcDbHatch
 10
0.0
 20
0.0
 30
0.0
210
0.0
220
0.0
230
1.0
  2
ANSI37
 70
     0
 71
     0
 91
        1
 92
        1
 93
        9
 72
     1
 10
-387696.7435683758
 20
-522104.031234123
 11
-390046.743568376
 21
-522104.031234123
 72
     1
 10
-390046.743568376
 20
-522104.031234123
 11
-390046.743568376
 21
-522239.031234123
 72
     1
 10
-390046.743568376
 20
-522239.031234123
 11
-389421.743568376
 21
-522239.031234123
 72
     2
 10
-390089.0322384397
 20
-522238.0832359426
 40
667.2893434605047
 50
0.0813984420913261
 51
86.36651305119629
 73
     0
 72
     1
 10
-390046.743568376
 20
-522904.031234123
 11
-390046.743568376
 21
-523214.0312341231
 72
     1
 10
-390046.743568376
 20
-523214.0312341231
 11
-389356.7435683762
 21
-523214.0312341231
 72
     1
 10
-389356.7435683762
 20
-523214.0312341231
 11
-389356.7435683762
 21
-523404.0312341228
 72
     1
 10
-389356.7435683762
 20
-523404.0312341228
 11
-387696.7435683758
 21
-523404.0312341228
 72
     1
 10
-387696.7435683758
 20
-523404.0312341228
 11
-387696.7435683758
 21
-522104.031234123
 97
        0
 75
     0
 76
     1
 52
45.0
 41
1000.0
 77
     0
 78
     2
 53
90.0
 43
-395547.6708852821
 44
-542655.5003997567
 45
-125.0
 46
0.0000000000000213
 79
     0
 53
180.0
 43
-395547.6708852821
 44
-542655.5003997567
 45
-0.0000000000000213
 46
-125.0
 79
     0
 98
        1
 10
-395547.6708852821
 20
-542655.5003997567
  0
INSERT
  5
B1C
330
2
100
AcDbEntity
  8
0
100
AcDbBlockReference
  2
DBX1
 10
-389310.678774408
 20
-523193.7876734451
 30
0.0
 41
-1.0
 50
180.0
  0
INSERT
  5
B1D
330
2
100
AcDbEntity
  8
WINDOW
100
AcDbBlockReference
 66
     1
  2
_DBLK
 10
-390086.7435683762
 20
-522554.031234123
 30
0.0
 41
-700.0
 42
700.0
 43
700.0
 50
90.0
1001
WTHICK
1040
79.99999999999272
  0
ATTRIB
  5
B1E
330
B1D
100
AcDbEntity
  8
0
100
AcDbText
 10
-390426.7435683762
 20
-522554.031234123
 30
0.0
 40
300.0
  1

 50
89.99999999999998
 41
0.8
  7
_SIMPLEX
 72
     4
 11
-390426.7435683762
 21
-522554.031234123
 31
0.0
100
AcDbAttribute
280
     0
  2
A
 70
     9
280
     0
  0
SEQEND
  5
B1F
330
B1D
100
AcDbEntity
  8
WINDOW
  0
LINE
  5
B20
330
2
100
AcDbEntity
  8
WALL
100
AcDbLine
 10
-386996.7435683761
 20
-524104.0312341231
 30
0.0
 11
-389982.44976905
 21
-524104.0312341231
 31
0.0
  0
LINE
  5
B21
330
2
100
AcDbEntity
  8
WALL
100
AcDbLine
 10
-390046.743568376
 20
-523904.0312341231
 30
0.0
 11
-387196.7435683759
 21
-523904.0312341231
 31
0.0
  0
LINE
  5
B22
330
2
100
AcDbEntity
  8
WALL
100
AcDbLine
 10
-387196.7435683759
 20
-522104.031234123
 30
0.0
 11
-390046.743568376
 21
-522104.031234123
 31
0.0
  0
LINE
  5
B23
330
2
100
AcDbEntity
  8
WALL
100
AcDbLine
 10
-388396.7435683761
 20
-522004.0312341232
 30
0.0
 11
-390126.7435683759
 21
-522004.0312341229
 31
0.0
  0
INSERT
  5
B24
330
2
100
AcDbEntity
  8
STAIR
100
AcDbBlockReference
 66
     1
  2
_F0LWN
 10
-390873.6362035079
 20
-523354.5467957426
 30
0.0
 50
270.0
  0
ATTRIB
  5
B25
330
B24
100
AcDbEntity
  8
0
100
AcDbText
 10
-390873.6362035079
 20
-523354.5467957426
 30
0.0
 40
0.5
  1
500
 50
270.0
 41
0.8
  7
DIM_FONT
100
AcDbAttribute
280
     0
  2
XSIZE
 70
     9
280
     0
  0
ATTRIB
  5
B26
330
B24
100
AcDbEntity
  8
0
100
AcDbText
 10
-390873.6362035079
 20
-523354.5467957426
 30
0.0
 40
0.5
  1
500
 50
270.0
 41
0.8
  7
DIM_FONT
100
AcDbAttribute
280
     0
  2
YSIZE
 70
     9
280
     0
  0
SEQEND
  5
B27
330
B24
100
AcDbEntity
  8
STAIR
  0
LINE
  5
B28
330
2
100
AcDbEntity
  8
PWINDOW
100
AcDbLine
 10
-390046.743568376
 20
-522904.031234123
 30
0.0
 11
-390046.743568376
 21
-522204.031234123
 31
0.0
  0
INSERT
  5
B29
330
2
100
AcDbEntity
  8
WINDOW
100
AcDbBlockReference
 66
     1
  2
M_A17ORW
 10
-390876.743568376
 20
-524004.0312341231
 30
0.0
 41
-1100.0
 42
1100.0
 43
1100.0
 50
180.0
1001
WTHICK
1040
199.9999999999709
  0
ATTRIB
  5
B2A
330
B29
100
AcDbEntity
  8
WINDOW_TEXT
100
AcDbText
 10
-390876.743568376
 20
-524404.0312341232
 30
0.0
 40
300.0
  1

 41
0.8
  7
SIMPLEX
 72
     4
 11
-390876.743568376
 21
-524404.0312341232
 31
0.0
100
AcDbAttribute
280
     0
  2
A
 70
     9
280
     0
  0
SEQEND
  5
B2B
330
B29
100
AcDbEntity
  8
WINDOW
  0
LINE
  5
B2C
330
2
100
AcDbEntity
  8
WALL
100
AcDbLine
 10
-391426.743568376
 20
-523904.0312341231
 30
0.0
 11
-391426.743568376
 21
-524104.0312341231
 31
0.0
  0
LINE
  5
B2D
330
2
100
AcDbEntity
  8
WALL
100
AcDbLine
 10
-390326.7435683761
 20
-523904.0312341231
 30
0.0
 11
-390326.7435683761
 21
-524104.0312341231
 31
0.0
  0
LINE
  5
B2E
330
2
100
AcDbEntity
  8
WALL
100
AcDbLine
 10
-390126.7435683759
 20
-523904.0312341231
 30
0.0
 11
-390326.7435683761
 21
-523904.0312341231
 31
0.0
  0
LINE
  5
B2F
330
2
100
AcDbEntity
  8
WALL
100
AcDbLine
 10
-390046.743568376
 20
-522904.031234123
 30
0.0
 11
-390046.743568376
 21
-523904.0312341231
 31
0.0
  0
LINE
  5
B30
330
2
100
AcDbEntity
  8
WALL
100
AcDbLine
 10
-390126.7435683759
 20
-522904.031234123
 30
0.0
 11
-390126.7435683759
 21
-523904.0312341231
 31
0.0
  0
LINE
  5
B31
330
2
100
AcDbEntity
  8
WALL
100
AcDbLine
 10
-390046.743568376
 20
-522904.031234123
 30
0.0
 11
-390126.7435683759
 21
-522904.031234123
 31
0.0
  0
LINE
  5
B32
330
2
100
AcDbEntity
  8
WALL
100
AcDbLine
 10
-390126.7435683759
 20
-522004.0312341229
 30
0.0
 11
-390126.7435683759
 21
-522204.031234123
 31
0.0
  0
LINE
  5
B33
330
2
100
AcDbEntity
  8
WALL
100
AcDbLine
 10
-390046.743568376
 20
-522104.031234123
 30
0.0
 11
-390046.743568376
 21
-522204.031234123
 31
0.0
  0
LINE
  5
B34
330
2
100
AcDbEntity
  8
WALL
100
AcDbLine
 10
-390046.743568376
 20
-522204.031234123
 30
0.0
 11
-390126.7435683759
 21
-522204.031234123
 31
0.0
  0
TEXT
  5
B35
330
2
100
AcDbEntity
  8
CTEXT
100
AcDbText
 10
-392432.8544498474
 20
-522373.7493967071
 30
0.0
 40
500.0
  1
客厅
 50
359.9999999999995
 41
0.8
  7
_FSD
100
AcDbText
  0
LINE
  5
B36
330
2
100
AcDbEntity
  8
PWINDOW
100
AcDbLine
 10
-389356.7435683762
 20
-523404.0312341228
 30
0.0
 11
-387696.7435683758
 21
-523404.0312341228
 31
0.0
  0
LINE
  5
B37
330
2
100
AcDbEntity
  8
PWINDOW
100
AcDbLine
 10
-387696.7435683758
 20
-522104.031234123
 30
0.0
 11
-387696.7435683758
 21
-523404.0312341228
 31
0.0
  0
LINE
  5
B38
330
2
100
AcDbEntity
  8
WIN
100
AcDbLine
 10
-387066.743568376
 20
-522294.1036194788
 30
0.0
 11
-387066.743568376
 21
-523494.3899972218
 31
0.0
  0
LINE
  5
B39
330
2
100
AcDbEntity
  8
WIN
100
AcDbLine
 10
-387126.7435683758
 20
-522294.1036194788
 30
0.0
 11
-387126.7435683758
 21
-523494.3899972218
 31
0.0
  0
LINE
  5
B3A
330
2
100
AcDbEntity
  8
WALL
100
AcDbLine
 10
-386996.7435683761
 20
-521904.0312341231
 30
0.0
 11
-388196.7435683762
 21
-521904.0312341231
 31
0.0
  0
LINE
  5
B3B
330
2
100
AcDbEntity
  8
WALL
100
AcDbLine
 10
-386996.7435683761
 20
-523494.3899972218
 30
0.0
 11
-387196.7435683759
 21
-523494.3899972218
 31
0.0
  0
LINE
  5
B3C
330
2
100
AcDbEntity
  8
WALL
100
AcDbLine
 10
-386996.7435683761
 20
-522294.1036194788
 30
0.0
 11
-387196.7435683759
 21
-522294.1036194788
 31
0.0
  0
INSERT
  5
B3D
330
2
100
AcDbEntity
  8
DIM
100
AcDbBlockReference
  2
SHC
 10
-387323.8092030068
 20
-523192.3315818495
 30
0.0
 41
-1.0
 50
315.0000000000048
  0
LINE
  5
B3E
330
2
100
AcDbEntity
  8
WALL
100
AcDbLine
 10
-388196.7435683762
 20
-521654.0312341228
 30
0.0
 11
-388396.7435683761
 21
-521654.031234123
 31
0.0
  0
LINE
  5
B3F
330
2
100
AcDbEntity
  8
WALL
100
AcDbLine
 10
-388196.7435683762
 20
-521654.0312341228
 30
0.0
 11
-388196.7435683762
 21
-521904.0312341231
 31
0.0
  0
LINE
  5
B40
330
2
100
AcDbEntity
  8
WALL
100
AcDbLine
 10
-388396.7435683761
 20
-521654.031234123
 30
0.0
 11
-388396.7435683761
 21
-522004.0312341232
 31
0.0
  0
LINE
  5
B41
330
2
100
AcDbEntity
  8
WIN
100
AcDbLine
 10
-387196.7435683759
 20
-522294.1036194788
 30
0.0
 11
-387196.7435683759
 21
-523494.3899972218
 31
0.0
  0
INSERT
  5
B42
330
2
100
AcDbEntity
  8
WINDOW
100
AcDbBlockReference
  2
2
 10
-388393.7905788044
 20
-523404.0312341228
 30
0.0
 50
270.0
  0
LINE
  5
B43
330
2
100
AcDbEntity
  8
WALL
100
AcDbLine
 10
-387196.7435683759
 20
-523494.3899972218
 30
0.0
 11
-387196.7435683759
 21
-523904.0312341231
 31
0.0
  0
LINE
  5
B44
330
2
100
AcDbEntity
  8
WALL
100
AcDbLine
 10
-387196.7435683759
 20
-522104.031234123
 30
0.0
 11
-387196.7435683759
 21
-522294.1036194788
 31
0.0
  0
LINE
  5
B45
330
2
100
AcDbEntity
  8
WIN
100
AcDbLine
 10
-386996.7435683761
 20
-522294.1036194788
 30
0.0
 11
-386996.7435683761
 21
-523494.3899972218
 31
0.0
  0
LINE
  5
B46
330
2
100
AcDbEntity
  8
WALL
100
AcDbLine
 10
-386996.7435683761
 20
-523494.3899972218
 30
0.0
 11
-386996.7435683761
 21
-524104.0312341231
 31
0.0
  0
LINE
  5
B47
330
2
100
AcDbEntity
  8
WALL
100
AcDbLine
 10
-386996.7435683761
 20
-521904.0312341231
 30
0.0
 11
-386996.7435683761
 21
-522294.1036194788
 31
0.0
  0
LINE
  5
B48
330
2
100
AcDbEntity
  8
WALL
100
AcDbLine
 10
-387196.7435683661
 20
-519104.0312341232
 30
0.0
 11
-389596.7435683639
 21
-519104.0312341232
 31
0.0
  0
LINE
  5
B49
330
2
100
AcDbEntity
  8
JJ
100
AcDbLine
 10
-392869.8023449878
 20
-519031.603683135
 30
0.0
 11
-392869.8023449878
 21
-518701.1921459522
 31
0.0
  0
LINE
  5
B4A
330
2
100
AcDbEntity
  8
JJ
100
AcDbLine
 10
-392922.6265023596
 20
-518701.1921459522
 30
0.0
 11
-392922.6265023597
 21
-519031.603683135
 31
0.0
  0
LINE
  5
B4B
330
2
100
AcDbEntity
  8
JJ
100
AcDbLine
 10
-393364.800159334
 20
-519019.2370027148
 30
0.0
 11
-393334.4366870929
 21
-518688.825465532
 31
0.0
  0
LINE
  5
B4C
330
2
100
AcDbEntity
  8
JJ
100
AcDbLine
 10
-393166.3951629523
 20
-519019.2370027148
 30
0.0
 11
-393166.3951629523
 21
-518688.8254655319
 31
0.0
  0
LINE
  5
B4D
330
2
100
AcDbEntity
  8
JJ
100
AcDbLine
 10
-393219.2193203244
 20
-518688.8254655319
 30
0.0
 11
-393219.2193203244
 21
-519019.2370027149
 31
0.0
  0
LINE
  5
B4E
330
2
100
AcDbEntity
  8
JJ
100
AcDbLine
 10
-393075.9832373393
 20
-519031.603683135
 30
0.0
 11
-393045.6197650983
 21
-518701.1921459522
 31
0.0
  0
LINE
  5
B4F
330
2
100
AcDbEntity
  8
JJ
100
AcDbLine
 10
-392717.5349524599
 20
-519031.603683135
 30
0.0
 11
-392687.1714802189
 21
-518701.1921459522
 31
0.0
  0
LINE
  5
B50
330
2
100
AcDbEntity
  8
JJ
100
AcDbLine
 10
-392511.8700722742
 20
-518604.0312341233
 30
0.0
 11
-392511.8700722742
 21
-519104.0312341232
 31
0.0
  0
LINE
  5
B51
330
2
100
AcDbEntity
  8
JJ
100
AcDbLine
 10
-393723.2484442132
 20
-519019.2370027148
 30
0.0
 11
-393692.8849719721
 21
-518688.825465532
 31
0.0
  0
LINE
  5
B52
330
2
100
AcDbEntity
  8
JJ
100
AcDbLine
 10
-393517.0675518615
 20
-519019.2370027148
 30
0.0
 11
-393517.0675518615
 21
-518688.8254655319
 31
0.0
  0
LINE
  5
B53
330
2
100
AcDbEntity
  8
JJ
100
AcDbLine
 10
-393569.8917092337
 20
-518688.8254655319
 30
0.0
 11
-393569.8917092337
 21
-519019.2370027149
 31
0.0
  0
LINE
  5
B54
330
2
100
AcDbEntity
  8
PWINDOW
100
AcDbLine
 10
-389596.7435683664
 20
-518304.0312341232
 30
0.0
 11
-389596.743568364
 21
-517604.0312341231
 31
0.0
  0
LINE
  5
B55
330
2
100
AcDbEntity
  8
WALL
100
AcDbLine
 10
-389596.7435683664
 20
-518304.0312341232
 30
0.0
 11
-389596.7435683639
 21
-519104.0312341232
 31
0.0
  0
LINE
  5
B56
330
2
100
AcDbEntity
  8
WALL
100
AcDbLine
 10
-389696.7435683662
 20
-518304.0312341227
 30
0.0
 11
-389696.7435683638
 21
-519104.0312341232
 31
0.0
  0
LINE
  5
B57
330
2
100
AcDbEntity
  8
WALL
100
AcDbLine
 10
-390696.7435683743
 20
-519204.031234123
 30
0.0
 11
-390696.7435683745
 21
-519004.0312341231
 31
0.0
  0
LINE
  5
B58
330
2
100
AcDbEntity
  8
WALL
100
AcDbLine
 10
-390796.7435683743
 20
-519004.0312341231
 30
0.0
 11
-390796.7435683743
 21
-519104.0312341232
 31
0.0
  0
LINE
  5
B59
330
2
100
AcDbEntity
  8
WALL
100
AcDbLine
 10
-390796.7435683743
 20
-519004.0312341231
 30
0.0
 11
-390696.7435683745
 21
-519004.0312341231
 31
0.0
  0
LINE
  5
B5A
330
2
100
AcDbEntity
  8
WALL
100
AcDbLine
 10
-389596.7435683643
 20
-517604.0312341231
 30
0.0
 11
-389696.7435683643
 21
-517604.0312341228
 31
0.0
  0
LINE
  5
B5B
330
2
100
AcDbEntity
  8
WALL
100
AcDbLine
 10
-389596.7435683664
 20
-518304.0312341232
 30
0.0
 11
-389696.7435683662
 21
-518304.0312341227
 31
0.0
  0
TEXT
  5
B5C
330
2
100
AcDbEntity
  8
CTEXT
100
AcDbText
 10
-390490.0539792711
 20
-521025.9022851241
 30
0.0
 40
500.0
  1
餐厅
 50
359.9999999999995
 41
0.8
  7
_FSD
100
AcDbText
  0
LINE
  5
B5D
330
2
100
AcDbEntity
  8
WIN
100
AcDbLine
 10
-388336.7435683761
 20
-520664.0312341232
 30
0.0
 11
-388396.7435683761
 21
-520664.0312341232
 31
0.0
  0
LINE
  5
B5E
330
2
100
AcDbEntity
  8
WIN
100
AcDbLine
 10
-388276.743568376
 20
-520544.0312341231
 30
0.0
 11
-388336.7435683761
 21
-520544.0312341231
 31
0.0
  0
LINE
  5
B5F
330
2
100
AcDbEntity
  8
WIN
100
AcDbLine
 10
-388276.743568376
 20
-520544.0312341231
 30
0.0
 11
-388336.7435683761
 21
-520544.0312341231
 31
0.0
  0
LINE
  5
B60
330
2
100
AcDbEntity
  8
WIN
100
AcDbLine
 10
-388396.7435683761
 20
-519554.0312341233
 30
0.0
 11
-388396.7435683761
 21
-520664.0312341232
 31
0.0
  0
LINE
  5
B61
330
2
100
AcDbEntity
  8
WALL
100
AcDbLine
 10
-386996.7435683657
 20
-518591.6289727805
 30
0.0
 11
-387196.7435683661
 21
-518591.6289727805
 31
0.0
  0
LINE
  5
B62
330
2
100
AcDbEntity
  8
WALL
100
AcDbLine
 10
-386996.7435683657
 20
-519304.0312341228
 30
0.0
 11
-388196.7435683762
 21
-519304.031234123
 31
0.0
  0
LINE
  5
B63
330
2
100
AcDbEntity
  8
WALL
100
AcDbLine
 10
-387196.7435683661
 20
-518591.6289727805
 30
0.0
 11
-387196.7435683661
 21
-519104.0312341232
 31
0.0
  0
LINE
  5
B64
330
2
100
AcDbEntity
  8
WALL
100
AcDbLine
 10
-386996.7435683657
 20
-518591.6289727805
 30
0.0
 11
-386996.7435683657
 21
-519304.0312341228
 31
0.0
  0
LINE
  5
B65
330
2
100
AcDbEntity
  8
WALL
100
AcDbLine
 10
-388196.7435683762
 20
-519554.0312341233
 30
0.0
 11
-388396.7435683761
 21
-519554.0312341233
 31
0.0
  0
LINE
  5
B66
330
2
100
AcDbEntity
  8
WALL
100
AcDbLine
 10
-388196.7435683762
 20
-519304.031234123
 30
0.0
 11
-388196.7435683762
 21
-519554.0312341233
 31
0.0
  0
LINE
  5
B67
330
2
100
AcDbEntity
  8
WALL
100
AcDbLine
 10
-388396.7435683761
 20
-519204.031234123
 30
0.0
 11
-388396.7435683761
 21
-519554.0312341233
 31
0.0
  0
LINE
  5
B68
330
2
100
AcDbEntity
  8
WIN
100
AcDbLine
 10
-379745.4888339939
 20
-525544.0312341387
 30
0.0
 11
-379745.4888339939
 21
-524104.0312341231
 31
0.0
  0
LINE
  5
B69
330
2
100
AcDbEntity
  8
WIN
100
AcDbLine
 10
-379945.4888339941
 20
-525544.0312341387
 30
0.0
 11
-379945.4888339941
 21
-524104.0312341231
 31
0.0
  0
LINE
  5
B6A
330
2
100
AcDbEntity
  8
WIN
100
AcDbLine
 10
-379815.4888339939
 20
-525544.0312341387
 30
0.0
 11
-379815.4888339939
 21
-524104.0312341231
 31
0.0
  0
LINE
  5
B6B
330
2
100
AcDbEntity
  8
WIN
100
AcDbLine
 10
-379875.4888339939
 20
-525544.0312341387
 30
0.0
 11
-379875.4888339939
 21
-524104.0312341231
 31
0.0
  0
INSERT
  5
B6C
330
2
100
AcDbEntity
  8
JJ
100
AcDbBlockReference
 66
     1
  2
DZY1
 10
-377552.6704336272
 20
-529450.0386452607
 30
-1200.0
 41
-1.0
  0
ATTRIB
  5
B6D
330
B6C
100
AcDbEntity
  8
JJ
 62
   252
100
AcDbText
 10
-375960.3674977213
 20
-527902.873818182
 30
-1200.0
 40
0.5
  1
2686
 41
0.8
  7
_SIMPLEX
100
AcDbAttribute
280
     0
  2
YSIZE
 70
     9
280
     0
  0
ATTRIB
  5
B6E
330
B6C
100
AcDbEntity
  8
JJ
 62
   252
100
AcDbText
 10
-375960.3674977213
 20
-527902.873818182
 30
-1200.0
 40
0.5
  1
2586
 41
0.8
  7
DIM_FONT
100
AcDbAttribute
280
     0
  2
XSIZE
 70
     9
280
     0
  0
SEQEND
  5
B6F
330
B6C
100
AcDbEntity
  8
JJ
  0
LINE
  5
B70
330
2
100
AcDbEntity
  8
WIN
100
AcDbLine
 10
-377237.393494336
 20
-527104.0312341265
 30
0.0
 11
-375537.393494336
 21
-527104.0312341265
 31
0.0
  0
LINE
  5
B71
330
2
100
AcDbEntity
  8
WIN
100
AcDbLine
 10
-377237.393494336
 20
-527304.0312341268
 30
0.0
 11
-375537.393494336
 21
-527304.0312341268
 31
0.0
  0
LINE
  5
B72
330
2
100
AcDbEntity
  8
WALL
100
AcDbLine
 10
-379765.488833994
 20
-530904.0312341269
 30
0.0
 11
-374596.7435686452
 21
-530904.0312341269
 31
0.0
  0
LINE
  5
B73
330
2
100
AcDbEntity
  8
PWINDOW
100
AcDbLine
 10
-377578.0434200469
 20
-525544.0312341232
 30
0.0
 11
-375196.7435686204
 21
-525544.0312341232
 31
0.0
  0
LINE
  5
B74
330
2
100
AcDbEntity
  8
PWINDOW
100
AcDbLine
 10
-377578.0434200469
 20
-525644.0312341229
 30
0.0
 11
-375196.7435686204
 21
-525644.0312341229
 31
0.0
  0
HATCH
  5
B75
330
2
100
AcDbEntity
  8
HA
100
AcDbHatch
 10
0.0
 20
0.0
 30
0.0
210
0.0
220
0.0
230
1.0
  2
ANSI37
 70
     0
 71
     0
 91
        1
 92
        1
 93
        9
 72
     1
 10
-377778.0434200617
 20
-529204.0312341303
 11
-377778.0434200617
 21
-526243.6149853471
 72
     1
 10
-377778.0434200617
 20
-526243.6149853471
 11
-379265.4497690651
 21
-526243.6149853471
 72
     1
 10
-379265.4497690651
 20
-526243.6149853471
 11
-379265.4497690651
 21
-528514.0312341228
 72
     1
 10
-379265.4497690651
 20
-528514.0312341228
 11
-379075.488833994
 21
-528514.0312341228
 72
     1
 10
-379075.488833994
 20
-528514.0312341228
 11
-379075.4888339965
 21
-529204.0312341255
 72
     1
 10
-379075.4888339965
 20
-529204.0312341255
 11
-378678.0434200617
 21
-529204.0312341269
 72
     2
 10
-377878.0434200617
 20
-529204.0312341299
 40
800.0000000000728
 50
180.0000000002092
 51
270.0000000002033
 73
     0
 72
     1
 10
-377878.0434200589
 20
-528404.0312341296
 11
-377878.0434200618
 21
-529204.0312341296
 72
     1
 10
-377878.0434200617
 20
-529204.0312341296
 11
-377778.0434200617
 21
-529204.0312341303
 97
        0
 75
     0
 76
     1
 52
45.0
 41
1000.0
 77
     0
 78
     2
 53
90.0
 43
-395547.6708852821
 44
-542655.5003997567
 45
-125.0
 46
0.0000000000000213
 79
     0
 53
180.0
 43
-395547.6708852821
 44
-542655.5003997567
 45
-0.0000000000000213
 46
-125.0
 79
     0
 98
        1
 10
-395547.6708852821
 20
-542655.5003997567
  0
LINE
  5
B76
330
2
100
AcDbEntity
  8
WALL
100
AcDbLine
 10
-379765.488833994
 20
-529204.0312341232
 30
0.0
 11
-379765.488833994
 21
-525744.0312341384
 31
0.0
  0
LINE
  5
B77
330
2
100
AcDbEntity
  8
WALL
100
AcDbLine
 10
-381582.4497690503
 20
-526004.0312341265
 30
0.0
 11
-381582.4497690503
 21
-528604.0312341365
 31
0.0
  0
LINE
  5
B78
330
2
100
AcDbEntity
  8
WALL
100
AcDbLine
 10
-377578.0434200618
 20
-529284.0312341228
 30
0.0
 11
-377578.0434200525
 21
-527304.0312341268
 31
0.0
  0
LINE
  5
B79
330
2
100
AcDbEntity
  8
PWINDOW
100
AcDbLine
 10
-379265.4497690651
 20
-528514.0312341228
 30
0.0
 11
-379265.4497690651
 21
-526243.6149853471
 31
0.0
  0
LINE
  5
B7A
330
2
100
AcDbEntity
  8
WALL
100
AcDbLine
 10
-379945.4888339941
 20
-525544.0312341387
 30
0.0
 11
-379945.4888339941
 21
-529284.0312341233
 31
0.0
  0
INSERT
  5
B7B
330
2
100
AcDbEntity
  8
STAIR
100
AcDbBlockReference
  2
DT
 10
-382325.8830598296
 20
-528011.0042248029
 30
0.0
 41
0.7199999999720605
 42
0.7199999999720605
 43
0.7200000000000001
 50
270.0
  0
LINE
  5
B7C
330
2
100
AcDbEntity
  8
WALL
100
AcDbLine
 10
-381782.4497690203
 20
-528204.0312341266
 30
0.0
 11
-381782.4497690203
 21
-526204.0312341268
 31
0.0
  0
LINE
  5
B7D
330
2
100
AcDbEntity
  8
WALL
100
AcDbLine
 10
-383882.0719628933
 20
-528204.0312341266
 30
0.0
 11
-383882.0719628933
 21
-526204.0312341268
 31
0.0
  0
LINE
  5
B7E
330
2
100
AcDbEntity
  8
WALL
100
AcDbLine
 10
-383682.0719628934
 20
-528204.0312341266
 30
0.0
 11
-383682.0719628934
 21
-526204.0312341268
 31
0.0
  0
TEXT
  5
B7F
330
2
100
AcDbEntity
  8
CTEXT
100
AcDbText
 10
-383496.0026820385
 20
-529137.5874172336
 30
0.0
 40
500.0
  1
下
 50
359.9999999999995
 41
0.8
  7
_FSD
100
AcDbText
  0
TEXT
  5
B80
330
2
100
AcDbEntity
  8
CTEXT
100
AcDbText
 10
-383496.0026820385
 20
-530479.7457685502
 30
0.0
 40
500.0
  1
上
 50
359.9999999999995
 41
0.8
  7
_FSD
100
AcDbText
  0
LINE
  5
B81
330
2
100
AcDbEntity
  8
WALL
100
AcDbLine
 10
-381582.4497690424
 20
-531104.0312341265
 30
0.0
 11
-381582.4497690997
 21
-529604.0312341219
 31
0.0
  0
LWPOLYLINE
  5
B82
330
2
100
AcDbEntity
  8
DOOR
100
AcDbPolyline
 90
        3
 70
     0
 43
0.0
 10
-381782.4497689656
 20
-528604.0312341266
 10
-382782.4497689658
 20
-528604.0312340776
 42
0.4142135623732589
 10
-381782.4497690155
 20
-529604.0312341265
 42
0.4142135623732589
  0
LINE
  5
B83
330
2
100
AcDbEntity
  8
WALL
100
AcDbLine
 10
-381782.4497689656
 20
-528604.0312341266
 30
0.0
 11
-381582.4497690503
 21
-528604.0312341365
 31
0.0
  0
LINE
  5
B84
330
2
100
AcDbEntity
  8
WALL
100
AcDbLine
 10
-381782.4497690178
 20
-529604.0312341229
 30
0.0
 11
-381782.4497690503
 21
-530904.0312341306
 31
0.0
  0
LINE
  5
B85
330
2
100
AcDbEntity
  8
WALL
100
AcDbLine
 10
-381782.4497689557
 20
-528404.0312341265
 30
0.0
 11
-381782.4497689656
 21
-528604.0312341266
 31
0.0
  0
LINE
  5
B86
330
2
100
AcDbEntity
  8
STAIR
100
AcDbLine
 10
-383857.4497690649
 20
-529754.0312341265
 30
0.0
 11
-383857.44976908
 21
-530904.0312341191
 31
0.0
  0
LINE
  5
B87
330
2
100
AcDbEntity
  8
STAIR
100
AcDbLine
 10
-383857.4497690649
 20
-528404.0312341192
 30
0.0
 11
-383857.4497690649
 21
-529554.0312341266
 31
0.0
  0
LINE
  5
B88
330
2
100
AcDbEntity
  8
STAIR
100
AcDbLine
 10
-383607.4497690797
 20
-529754.0312341265
 30
0.0
 11
-383607.4497690797
 21
-530904.0312341191
 31
0.0
  0
LINE
  5
B89
330
2
100
AcDbEntity
  8
WALL
100
AcDbLine
 10
-383607.4497690353
 20
-529554.0312341266
 30
0.0
 11
-383607.4497690204
 21
-529754.0312341265
 31
0.0
  0
LINE
  5
B8A
330
2
100
AcDbEntity
  8
STAIR
100
AcDbLine
 10
-383607.4497690653
 20
-528404.0312341192
 30
0.0
 11
-383607.4497690653
 21
-529554.0312341266
 31
0.0
  0
LINE
  5
B8B
330
2
100
AcDbEntity
  8
STAIR
100
AcDbLine
 10
-384107.4497690653
 20
-529754.0312341265
 30
0.0
 11
-384107.4497690801
 21
-530904.0312341191
 31
0.0
  0
LINE
  5
B8C
330
2
100
AcDbEntity
  8
STAIR
100
AcDbLine
 10
-384357.4497690649
 20
-529754.0312341265
 30
0.0
 11
-384357.4497690799
 21
-530904.0312341191
 31
0.0
  0
LINE
  5
B8D
330
2
100
AcDbEntity
  8
STAIR
100
AcDbLine
 10
-384607.4497690651
 20
-529754.0312341265
 30
0.0
 11
-384607.44976908
 21
-530904.0312341191
 31
0.0
  0
LINE
  5
B8E
330
2
100
AcDbEntity
  8
STAIR
100
AcDbLine
 10
-384107.4497690653
 20
-528404.0312341192
 30
0.0
 11
-384107.4497690653
 21
-529554.0312341266
 31
0.0
  0
LINE
  5
B8F
330
2
100
AcDbEntity
  8
STAIR
100
AcDbLine
 10
-384357.4497690649
 20
-528404.0312341192
 30
0.0
 11
-384357.4497690649
 21
-529554.0312341266
 31
0.0
  0
LINE
  5
B90
330
2
100
AcDbEntity
  8
STAIR
100
AcDbLine
 10
-384607.4497690651
 20
-528404.0312341192
 30
0.0
 11
-384607.4497690651
 21
-529554.0312341266
 31
0.0
  0
LINE
  5
B91
330
2
100
AcDbEntity
  8
WALL
100
AcDbLine
 10
-381782.4497690203
 20
-528204.0312341266
 30
0.0
 11
-383682.0719628934
 21
-528204.0312341266
 31
0.0
  0
LINE
  5
B92
330
2
100
AcDbEntity
  8
WALL
100
AcDbLine
 10
-381582.4497690997
 20
-529604.0312341219
 30
0.0
 11
-381782.4497690178
 21
-529604.0312341229
 31
0.0
  0
INSERT
  5
B93
330
2
100
AcDbEntity
  8
STAIR
100
AcDbBlockReference
 66
     1
  2
_F0LWN
 10
-379044.0297302252
 20
-529952.6675821338
 30
0.0
 41
-1.0
 50
90.0
  0
ATTRIB
  5
B94
330
B93
100
AcDbEntity
  8
0
100
AcDbText
 10
-379044.5297302252
 20
-529952.6675821338
 30
0.0
 40
0.5
  1
500
 50
270.0
 41
0.8
  7
DIM_FONT
100
AcDbAttribute
280
     0
  2
XSIZE
 70
     9
280
     0
  0
ATTRIB
  5
B95
330
B93
100
AcDbEntity
  8
0
100
AcDbText
 10
-379044.5297302252
 20
-529952.6675821338
 30
0.0
 40
0.5
  1
500
 50
270.0
 41
0.8
  7
DIM_FONT
100
AcDbAttribute
280
     0
  2
YSIZE
 70
     9
280
     0
  0
SEQEND
  5
B96
330
B93
100
AcDbEntity
  8
STAIR
  0
INSERT
  5
B97
330
2
100
AcDbEntity
  8
0
100
AcDbBlockReference
  2
DBX1
 10
-379029.4240400258
 20
-528493.7876734447
 30
0.0
 41
-1.0
 50
180.0
  0
LINE
  5
B98
330
2
100
AcDbEntity
  8
WALL
100
AcDbLine
 10
-377878.0434200617
 20
-529204.0312341296
 30
0.0
 11
-377878.0434200618
 21
-529284.0312341228
 31
0.0
  0
LINE
  5
B99
330
2
100
AcDbEntity
  8
WALL
100
AcDbLine
 10
-377878.0434200618
 20
-529284.0312341228
 30
0.0
 11
-377578.0434200618
 21
-529284.0312341228
 31
0.0
  0
LINE
  5
B9A
330
2
100
AcDbEntity
  8
WALL
100
AcDbLine
 10
-377778.0434200617
 20
-529204.0312341303
 30
0.0
 11
-377878.0434200617
 21
-529204.0312341296
 31
0.0
  0
LINE
  5
B9B
330
2
100
AcDbEntity
  8
WALL
100
AcDbLine
 10
-378678.0434200617
 20
-529204.0312341269
 30
0.0
 11
-378678.0434200618
 21
-529284.03123412
 31
0.0
  0
LINE
  5
B9C
330
2
100
AcDbEntity
  8
PWINDOW
100
AcDbLine
 10
-378678.0434200617
 20
-529204.0312341269
 30
0.0
 11
-377878.0434200617
 21
-529204.0312341296
 31
0.0
  0
LWPOLYLINE
  5
B9D
330
2
100
AcDbEntity
  8
DOOR
100
AcDbPolyline
 90
        3
 70
     0
 43
0.0
 10
-377878.0434200617
 20
-529204.0312341296
 10
-377878.0434200589
 20
-528404.0312341296
 42
0.4142135623730738
 10
-378678.0434200617
 20
-529204.0312341269
 42
0.4142135623730738
  0
LINE
  5
B9E
330
2
100
AcDbEntity
  8
WALL
100
AcDbLine
 10
-379765.488833994
 20
-530384.0312341227
 30
0.0
 11
-379945.4888339941
 21
-530384.0312341227
 31
0.0
  0
LINE
  5
B9F
330
2
100
AcDbEntity
  8
WALL
100
AcDbLine
 10
-379945.4888339941
 20
-530384.0312341227
 30
0.0
 11
-379945.4888339941
 21
-530904.0312341269
 31
0.0
  0
LINE
  5
BA0
330
2
100
AcDbEntity
  8
WALL
100
AcDbLine
 10
-379765.488833994
 20
-530904.0312341269
 30
0.0
 11
-379765.488833994
 21
-530384.0312341227
 31
0.0
  0
INSERT
  5
BA1
330
2
100
AcDbEntity
  8
WINDOW
100
AcDbBlockReference
 66
     1
  2
M_A17ORW
 10
-379855.4888339943
 20
-529813.0937341859
 30
0.0
 41
1100.0
 42
1100.0
 43
1100.0
 50
90.0
1001
WTHICK
1040
180.0
  0
ATTRIB
  5
BA2
330
BA1
100
AcDbEntity
  8
WINDOW_TEXT
100
AcDbText
 10
-380245.4888339942
 20
-529813.0937341859
 30
0.0
 40
300.0
  1

 50
90.0
 41
0.8
  7
SIMPLEX
 72
     4
 11
-380245.4888339942
 21
-529813.0937341859
 31
0.0
100
AcDbAttribute
280
     0
  2
A
 70
     9
280
     0
  0
SEQEND
  5
BA3
330
BA1
100
AcDbEntity
  8
WINDOW
  0
LINE
  5
BA4
330
2
100
AcDbEntity
  8
WALL
100
AcDbLine
 10
-379945.4888339941
 20
-529284.0312341233
 30
0.0
 11
-378678.0434200618
 21
-529284.03123412
 31
0.0
  0
LINE
  5
BA5
330
2
100
AcDbEntity
  8
WALL
100
AcDbLine
 10
-378678.0434200617
 20
-529204.0312341269
 30
0.0
 11
-379765.488833994
 21
-529204.0312341232
 31
0.0
  0
LINE
  5
BA6
330
2
100
AcDbEntity
  8
STAIR
100
AcDbLine
 10
-383314.0719628934
 20
-526204.0312341268
 30
0.0
 11
-382214.0719628933
 21
-526204.0312341268
 31
0.0
  0
LINE
  5
BA7
330
2
100
AcDbEntity
  8
WALL
100
AcDbLine
 10
-383314.0719628934
 20
-526204.0312341268
 30
0.0
 11
-383314.0719628934
 21
-526004.0312341265
 31
0.0
  0
LINE
  5
BA8
330
2
100
AcDbEntity
  8
WALL
100
AcDbLine
 10
-382214.0719628933
 20
-526204.0312341268
 30
0.0
 11
-382214.0719628933
 21
-526004.0312341265
 31
0.0
  0
LINE
  5
BA9
330
2
100
AcDbEntity
  8
WALL
100
AcDbLine
 10
-382214.0719628933
 20
-526204.0312341268
 30
0.0
 11
-381782.4497690203
 21
-526204.0312341268
 31
0.0
  0
LINE
  5
BAA
330
2
100
AcDbEntity
  8
WALL
100
AcDbLine
 10
-383682.0719628934
 20
-526204.0312341268
 30
0.0
 11
-383314.0719628934
 21
-526204.0312341268
 31
0.0
  0
LINE
  5
BAB
330
2
100
AcDbEntity
  8
WALL
100
AcDbLine
 10
-383314.0719628934
 20
-526004.0312341265
 30
0.0
 11
-383914.0719628933
 21
-526004.0312341265
 31
0.0
  0
LINE
  5
BAC
330
2
100
AcDbEntity
  8
WALL
100
AcDbLine
 10
-381582.4497690503
 20
-526004.0312341265
 30
0.0
 11
-382214.0719628933
 21
-526004.0312341265
 31
0.0
  0
LINE
  5
BAD
330
2
100
AcDbEntity
  8
WALL
100
AcDbLine
 10
-377237.393494336
 20
-527104.0312341265
 30
0.0
 11
-377237.393494336
 21
-527304.0312341268
 31
0.0
  0
LINE
  5
BAE
330
2
100
AcDbEntity
  8
WALL
100
AcDbLine
 10
-377578.0434200469
 20
-527304.0312341265
 30
0.0
 11
-377578.0434200469
 21
-527812.8494623958
 31
0.0
  0
LINE
  5
BAF
330
2
100
AcDbEntity
  8
WALL
100
AcDbLine
 10
-378078.522154421
 20
-525544.0312341305
 30
0.0
 11
-378078.522154421
 21
-525744.0312341266
 31
0.0
  0
LINE
  5
BB0
330
2
100
AcDbEntity
  8
WALL
100
AcDbLine
 10
-378078.522154421
 20
-525544.0312341387
 30
0.0
 11
-377578.0434200469
 21
-525544.0312341387
 31
0.0
  0
LINE
  5
BB1
330
2
100
AcDbEntity
  8
WALL
100
AcDbLine
 10
-379278.8085321639
 20
-525544.0312341342
 30
0.0
 11
-379278.8085321639
 21
-525744.0312341305
 31
0.0
  0
INSERT
  5
BB2
330
2
100
AcDbEntity
  8
WINDOW
100
AcDbBlockReference
  2
2
 10
-378265.2465945633
 20
-525803.6149853469
 30
0.0
 41
-1.0
  0
LINE
  5
BB3
330
2
100
AcDbEntity
  8
WIN
100
AcDbLine
 10
-378078.522154421
 20
-525744.0312341266
 30
0.0
 11
-379278.8085321639
 21
-525744.0312341305
 31
0.0
  0
LINE
  5
BB4
330
2
100
AcDbEntity
  8
WIN
100
AcDbLine
 10
-378078.522154421
 20
-525654.0312341268
 30
0.0
 11
-379278.8085321639
 21
-525654.0312341268
 31
0.0
  0
LINE
  5
BB5
330
2
100
AcDbEntity
  8
WIN
100
AcDbLine
 10
-378078.522154421
 20
-525594.0312341342
 30
0.0
 11
-379278.8085321639
 21
-525594.0312341342
 31
0.0
  0
LINE
  5
BB6
330
2
100
AcDbEntity
  8
WIN
100
AcDbLine
 10
-378078.522154421
 20
-525544.0312341305
 30
0.0
 11
-379278.8085321639
 21
-525544.0312341342
 31
0.0
  0
LINE
  5
BB7
330
2
100
AcDbEntity
  8
PWINDOW
100
AcDbLine
 10
-377778.0434200617
 20
-526243.6149853471
 30
0.0
 11
-379265.4497690651
 21
-526243.6149853471
 31
0.0
  0
LINE
  5
BB8
330
2
100
AcDbEntity
  8
WALL
100
AcDbLine
 10
-377578.043420049
 20
-526304.0312341265
 30
0.0
 11
-377578.0434200469
 21
-525544.0312341232
 31
0.0
  0
LINE
  5
BB9
330
2
100
AcDbEntity
  8
WALL
100
AcDbLine
 10
-379945.4888339941
 20
-525544.0312341387
 30
0.0
 11
-379278.8085321639
 21
-525544.0312341387
 31
0.0
  0
LINE
  5
BBA
330
2
100
AcDbEntity
  8
WALL
100
AcDbLine
 10
-379765.488833994
 20
-525744.0312341384
 30
0.0
 11
-377778.0434200468
 21
-525744.0312341389
 31
0.0
  0
INSERT
  5
BBB
330
2
100
AcDbEntity
  8
DIM
100
AcDbBlockReference
  2
SHC
 10
-379638.3841344346
 20
-526892.9153330734
 30
0.0
 50
44.99999999999515
  0
LINE
  5
BBC
330
2
100
AcDbEntity
  8
WALL
100
AcDbLine
 10
-377778.0434200526
 20
-527104.0312341265
 30
0.0
 11
-377237.393494336
 21
-527104.0312341265
 31
0.0
  0
LINE
  5
BBD
330
2
100
AcDbEntity
  8
WALL
100
AcDbLine
 10
-377578.0434200525
 20
-527304.0312341268
 30
0.0
 11
-377237.393494336
 21
-527304.0312341268
 31
0.0
  0
INSERT
  5
BBE
330
2
100
AcDbEntity
  8
JJ
100
AcDbBlockReference
  2
SFJ15
 10
-371084.2323611963
 20
-526179.9784662739
 30
0.0
 50
90.0
  0
LINE
  5
BBF
330
2
100
AcDbEntity
  8
WALL
100
AcDbLine
 10
-371196.7435686414
 20
-529744.0312341268
 30
0.0
 11
-371196.7435686414
 21
-525744.0312341228
 31
0.0
  0
LINE
  5
BC0
330
2
100
AcDbEntity
  8
WALL
100
AcDbLine
 10
-370996.7435686414
 20
-530004.0312341265
 30
0.0
 11
-370996.7435686414
 21
-525544.0312341228
 31
0.0
  0
INSERT
  5
BC1
330
2
100
AcDbEntity
  8
JJ
100
AcDbBlockReference
  2
TV22
 10
-375590.6167897182
 20
-528613.4391718333
 30
-200.0
 50
270.0
  0
LINE
  5
BC2
330
2
100
AcDbEntity
  8
WALL
100
AcDbLine
 10
-373396.7435686452
 20
-529844.0312341266
 30
0.0
 11
-371196.7435686414
 21
-529844.0312341266
 31
0.0
  0
LINE
  5
BC3
330
2
100
AcDbEntity
  8
WALL
100
AcDbLine
 10
-373496.7435686453
 20
-529744.0312341268
 30
0.0
 11
-371196.7435686414
 21
-529744.0312341268
 31
0.0
  0
LINE
  5
BC4
330
2
100
AcDbEntity
  8
JJ
100
AcDbLine
 10
-372794.436327636
 20
-530336.7980873535
 30
0.0
 11
-373396.7435686452
 21
-530336.7980873535
 31
0.0
  0
LINE
  5
BC5
330
2
100
AcDbEntity
  8
JJ
100
AcDbLine
 10
-372550.5835001044
 20
-530054.0312341264
 30
0.0
 11
-372794.436327636
 21
-530336.7980873535
 31
0.0
  0
LWPOLYLINE
  5
BC6
330
2
100
AcDbEntity
  8
JJ
 62
   252
100
AcDbPolyline
 90
       16
 70
     1
 43
0.0
 10
-372825.0576098218
 20
-530097.4479150521
 10
-372845.2866503253
 20
-530167.898308181
 10
-372897.7578166082
 20
-530228.6647107833
 10
-372970.9468787863
 20
-530265.7530432909
 10
-373058.9011351122
 20
-530276.0275897018
 10
-373145.2634161664
 20
-530256.4553154452
 10
-373214.0919948174
 20
-530211.7920196772
 10
-373259.8015014782
 20
-530145.7888380745
 10
-373272.4216948702
 20
-530073.5863264321
 10
-373252.1926543368
 20
-530003.1359333254
 10
-373199.7214880838
 20
-529942.369530701
 10
-373126.5324259056
 20
-529905.2811981894
 10
-373038.5781695797
 20
-529895.0066518047
 10
-372952.2158885254
 20
-529914.5789260612
 10
-372883.3873098746
 20
-529959.2422218069
 10
-372837.6778032137
 20
-530025.245403406
  0
LWPOLYLINE
  5
BC7
330
2
100
AcDbEntity
  8
JJ
 62
   252
100
AcDbPolyline
 90
       16
 70
     1
 43
0.0
 10
-372861.3554498807
 20
-530100.7917601585
 10
-372877.7383128657
 20
-530046.4065871693
 10
-372921.497490014
 20
-529998.5905241005
 10
-372981.846048291
 20
-529969.9390189619
 10
-373055.4804581655
 20
-529962.0750523068
 10
-373127.8605628862
 20
-529977.7271682478
 10
-373184.818948771
 20
-530012.6356129393
 10
-373223.2434723033
 20
-530064.8352055072
 10
-373233.7482280982
 20
-530120.6545153121
 10
-373217.3653651133
 20
-530175.0396883011
 10
-373173.6061879647
 20
-530222.85575137
 10
-373113.2576297178
 20
-530251.5072565047
 10
-373039.6232198132
 20
-530259.3712231636
 10
-372967.2431150927
 20
-530243.7191072225
 10
-372910.2847292378
 20
-530208.8106625309
 10
-372871.8602057054
 20
-530156.611069963
  0
INSERT
  5
BC8
330
2
100
AcDbEntity
  8
JJ
100
AcDbBlockReference
  2
WP3
 10
-372550.5835001044
 20
-529844.0312341266
 30
0.0
  0
TEXT
  5
BC9
330
2
100
AcDbEntity
  8
CTEXT
100
AcDbText
 10
-374231.4438174219
 20
-528569.2128497824
 30
0.0
 40
500.0
  1
客厅
 50
359.9999999999995
 41
0.8
  7
_FSD
100
AcDbText
  0
LINE
  5
BCA
330
2
100
AcDbEntity
  8
WALL
100
AcDbLine
 10
-373396.7435686452
 20
-530654.0312341265
 30
0.0
 11
-373396.7435686452
 21
-529844.0312341266
 31
0.0
  0
LINE
  5
BCB
330
2
100
AcDbEntity
  8
WALL
100
AcDbLine
 10
-373496.7435686453
 20
-529744.0312341268
 30
0.0
 11
-373496.7435686453
 21
-530654.0312341265
 31
0.0
  0
LINE
  5
BCC
330
2
100
AcDbEntity
  8
WALL
100
AcDbLine
 10
-373396.7435686452
 20
-530654.0312341265
 30
0.0
 11
-373496.7435686453
 21
-530654.0312341265
 31
0.0
  0
LINE
  5
BCD
330
2
100
AcDbEntity
  8
WALL
100
AcDbLine
 10
-375862.3372193579
 20
-531004.0312341268
 30
0.0
 11
-374696.7435686452
 21
-531004.0312341268
 31
0.0
  0
TEXT
  5
BCE
330
2
100
AcDbEntity
  8
CTEXT
100
AcDbText
 10
-376550.3961278829
 20
-529863.6104162253
 30
0.0
 40
500.0
  1
餐厅
 50
359.9999999999995
 41
0.8
  7
_FSD
100
AcDbText
  0
CIRCLE
  5
BCF
330
2
100
AcDbEntity
  8
ARCH
100
AcDbCircle
 10
-371585.1955707645
 20
-530067.5959174443
 30
0.0
 40
22.45107156783342
  0
LINE
  5
BD0
330
2
100
AcDbEntity
  8
ARCH
100
AcDbLine
 10
-371596.7435686414
 20
-530067.5959174369
 30
0.0
 11
-371573.6475728875
 21
-530067.5959174369
 31
0.0
  0
LINE
  5
BD1
330
2
100
AcDbEntity
  8
ARCH
100
AcDbLine
 10
-371573.6475728875
 20
-530067.5959174369
 30
0.0
 11
-371573.6475728875
 21
-529894.0312341186
 31
0.0
  0
LINE
  5
BD2
330
2
100
AcDbEntity
  8
ARCH
100
AcDbLine
 10
-371596.7435686414
 20
-529894.0312341186
 30
0.0
 11
-371596.7435686414
 21
-530067.5959174369
 31
0.0
  0
LINE
  5
BD3
330
2
100
AcDbEntity
  8
PWINDOW
100
AcDbLine
 10
-370996.7435686414
 20
-530804.0312341265
 30
0.0
 11
-369796.7435686415
 21
-530804.0312341265
 31
0.0
  0
LINE
  5
BD4
330
2
100
AcDbEntity
  8
WIN
100
AcDbLine
 10
-371196.7435686414
 20
-530004.0312341265
 30
0.0
 11
-371196.7435686414
 21
-530804.0312341265
 31
0.0
  0
LINE
  5
BD5
330
2
100
AcDbEntity
  8
WIN
100
AcDbLine
 10
-370996.7435686414
 20
-530004.0312341265
 30
0.0
 11
-370996.7435686414
 21
-530804.0312341265
 31
0.0
  0
LINE
  5
BD6
330
2
100
AcDbEntity
  8
WIN
100
AcDbLine
 10
-371126.7435686415
 20
-530004.0312341265
 30
0.0
 11
-371126.7435686415
 21
-530804.0312341265
 31
0.0
  0
LINE
  5
BD7
330
2
100
AcDbEntity
  8
WIN
100
AcDbLine
 10
-371066.7435686415
 20
-530004.0312341265
 30
0.0
 11
-371066.7435686415
 21
-530804.0312341265
 31
0.0
  0
LINE
  5
BD8
330
2
100
AcDbEntity
  8
WALL
100
AcDbLine
 10
-371196.7435686414
 20
-530804.0312341265
 30
0.0
 11
-370996.7435686414
 21
-530804.0312341265
 31
0.0
  0
LINE
  5
BD9
330
2
100
AcDbEntity
  8
WALL
100
AcDbLine
 10
-371196.7435686414
 20
-529844.0312341266
 30
0.0
 11
-371196.7435686414
 21
-530004.0312341265
 31
0.0
  0
LINE
  5
BDA
330
2
100
AcDbEntity
  8
WALL
100
AcDbLine
 10
-371196.7435686414
 20
-530004.0312341265
 30
0.0
 11
-370996.7435686414
 21
-530004.0312341265
 31
0.0
  0
LINE
  5
BDB
330
2
100
AcDbEntity
  8
PWINDOW
100
AcDbLine
 10
-372146.7435688878
 20
-525044.0312341232
 30
0.0
 11
-370996.7435686414
 21
-525044.0312341228
 31
0.0
  0
LINE
  5
BDC
330
2
100
AcDbEntity
  8
WALL
100
AcDbLine
 10
-372266.7435688878
 20
-525744.0312341222
 30
0.0
 11
-371196.7435686414
 21
-525744.0312341228
 31
0.0
  0
LINE
  5
BDD
330
2
100
AcDbEntity
  8
WALL
100
AcDbLine
 10
-372266.7435688878
 20
-525544.0312341223
 30
0.0
 11
-370996.7435686414
 21
-525544.0312341228
 31
0.0
  0
INSERT
  5
BDE
330
2
100
AcDbEntity
  8
HA
100
AcDbBlockReference
  2
HUA
 10
-374531.4294754765
 20
-528463.2439172744
 30
0.0
 41
0.8000000000465661
 42
0.7999999999883585
 43
0.8
  0
LINE
  5
BDF
330
2
100
AcDbEntity
  8
WALL
100
AcDbLine
 10
-372266.7435688878
 20
-525744.0312341226
 30
0.0
 11
-372266.7435688878
 21
-525544.0312341223
 31
0.0
  0
LINE
  5
BE0
330
2
100
AcDbEntity
  8
WIN
100
AcDbLine
 10
-372206.7435688878
 20
-525544.0312341223
 30
0.0
 11
-372206.7435688878
 21
-525104.0312341231
 31
0.0
  0
LINE
  5
BE1
330
2
100
AcDbEntity
  8
WIN
100
AcDbLine
 10
-372146.7435688878
 20
-525544.0312341224
 30
0.0
 11
-372146.7435688878
 21
-525044.0312341232
 31
0.0
  0
LINE
  5
BE2
330
2
100
AcDbEntity
  8
WIN
100
AcDbLine
 10
-372266.7435688878
 20
-525544.0312341223
 30
0.0
 11
-372266.7435688878
 21
-525164.0312341228
 31
0.0
  0
LINE
  5
BE3
330
2
100
AcDbEntity
  8
WALL
100
AcDbLine
 10
-374996.7435686202
 20
-525744.0312341228
 30
0.0
 11
-374526.7435688878
 21
-525744.0312341228
 31
0.0
  0
LINE
  5
BE4
330
2
100
AcDbEntity
  8
WALL
100
AcDbLine
 10
-374996.7435686202
 20
-525744.0312341228
 30
0.0
 11
-374996.7435686202
 21
-527304.0312341268
 31
0.0
  0
LINE
  5
BE5
330
2
100
AcDbEntity
  8
WALL
100
AcDbLine
 10
-374526.7435688878
 20
-525744.0312341228
 30
0.0
 11
-374526.7435688878
 21
-525544.0312341232
 31
0.0
  0
LINE
  5
BE6
330
2
100
AcDbEntity
  8
WALL
100
AcDbLine
 10
-375537.393494336
 20
-527104.0312341265
 30
0.0
 11
-375196.7435686204
 21
-527104.0312341265
 31
0.0
  0
LINE
  5
BE7
330
2
100
AcDbEntity
  8
WALL
100
AcDbLine
 10
-375537.393494336
 20
-527104.0312341265
 30
0.0
 11
-375537.393494336
 21
-527304.0312341268
 31
0.0
  0
LINE
  5
BE8
330
2
100
AcDbEntity
  8
WALL
100
AcDbLine
 10
-375196.7435686204
 20
-525544.0312341232
 30
0.0
 11
-375196.7435686204
 21
-527104.0312341265
 31
0.0
  0
LINE
  5
BE9
330
2
100
AcDbEntity
  8
WALL
100
AcDbLine
 10
-375196.7435686204
 20
-525544.0312341232
 30
0.0
 11
-374526.7435688878
 21
-525544.0312341232
 31
0.0
  0
LINE
  5
BEA
330
2
100
AcDbEntity
  8
WALL
100
AcDbLine
 10
-375537.393494336
 20
-527304.0312341268
 30
0.0
 11
-374996.7435686202
 21
-527304.0312341268
 31
0.0
  0
LINE
  5
BEB
330
2
100
AcDbEntity
  8
WIN
100
AcDbLine
 10
-374646.7435688878
 20
-525544.0312341232
 30
0.0
 11
-374646.7435688878
 21
-525044.0312341228
 31
0.0
  0
LINE
  5
BEC
330
2
100
AcDbEntity
  8
WIN
100
AcDbLine
 10
-374586.7435688878
 20
-525544.0312341232
 30
0.0
 11
-374586.7435688878
 21
-525104.0312341231
 31
0.0
  0
LINE
  5
BED
330
2
100
AcDbEntity
  8
WIN
100
AcDbLine
 10
-374526.7435688878
 20
-525544.0312341232
 30
0.0
 11
-374526.7435688878
 21
-525164.0312341228
 31
0.0
  0
LINE
  5
BEE
330
2
100
AcDbEntity
  8
WIN
100
AcDbLine
 10
-374646.7435688878
 20
-525044.0312341228
 30
0.0
 11
-372146.7435688878
 21
-525044.0312341228
 31
0.0
  0
LINE
  5
BEF
330
2
100
AcDbEntity
  8
WIN
100
AcDbLine
 10
-374586.7435688878
 20
-525104.0312341231
 30
0.0
 11
-372206.7435688878
 21
-525104.0312341231
 31
0.0
  0
LINE
  5
BF0
330
2
100
AcDbEntity
  8
PWINDOW
100
AcDbLine
 10
-374526.7435688878
 20
-525744.0312341228
 30
0.0
 11
-372266.7435688878
 21
-525744.0312341226
 31
0.0
  0
LINE
  5
BF1
330
2
100
AcDbEntity
  8
WIN
100
AcDbLine
 10
-374526.7435688878
 20
-525164.0312341228
 30
0.0
 11
-372266.7435688878
 21
-525164.0312341228
 31
0.0
  0
LINE
  5
BF2
330
2
100
AcDbEntity
  8
PWINDOW
100
AcDbLine
 10
-370996.7435686414
 20
-525544.0312341228
 30
0.0
 11
-370996.7435686414
 21
-525044.0312341228
 31
0.0
  0
LINE
  5
BF3
330
2
100
AcDbEntity
  8
PWINDOW
100
AcDbLine
 10
-384696.7435686521
 20
-519304.0312341228
 30
0.0
 11
-384696.7435686521
 21
-521904.0312341231
 31
0.0
  0
LINE
  5
BF4
330
2
100
AcDbEntity
  8
PWINDOW
100
AcDbLine
 10
-384796.7435686522
 20
-519304.0312341228
 30
0.0
 11
-384796.7435686522
 21
-521904.0312341231
 31
0.0
  0
LINE
  5
BF5
330
2
100
AcDbEntity
  8
PWINDOW
100
AcDbLine
 10
-377796.7435686441
 20
-522004.1437838339
 30
0.0
 11
-377796.7435686441
 21
-519304.031234123
 31
0.0
  0
LINE
  5
BF6
330
2
100
AcDbEntity
  8
WIN
100
AcDbLine
 10
-377216.7435686422
 20
-522004.1437838339
 30
0.0
 11
-377216.743568644
 21
-519304.031234123
 31
0.0
  0
LINE
  5
BF7
330
2
100
AcDbEntity
  8
WIN
100
AcDbLine
 10
-377156.7435686419
 20
-522064.1437838341
 30
0.0
 11
-377156.7435686443
 21
-519244.031234123
 31
0.0
  0
LINE
  5
BF8
330
2
100
AcDbEntity
  8
WIN
100
AcDbLine
 10
-377096.7435686419
 20
-522124.143783834
 30
0.0
 11
-377096.7435686443
 21
-519184.0312341231
 31
0.0
  0
LINE
  5
BF9
330
2
100
AcDbEntity
  8
PWINDOW
100
AcDbLine
 10
-383596.7435686436
 20
-521654.031234123
 30
0.0
 11
-383596.7435686422
 21
-519554.0312341233
 31
0.0
  0
INSERT
  5
BFA
330
2
100
AcDbEntity
  8
JJ
100
AcDbBlockReference
  2
SFJ15
 10
-381185.4740271989
 20
-519191.5200266841
 30
0.0
 50
180.0
  0
LINE
  5
BFB
330
2
100
AcDbEntity
  8
WIN
100
AcDbLine
 10
-383456.7435686422
 20
-519554.0312341233
 30
0.0
 11
-383456.7435686422
 21
-521654.031234123
 31
0.0
  0
LINE
  5
BFC
330
2
100
AcDbEntity
  8
WIN
100
AcDbLine
 10
-383516.7435686422
 20
-520544.0312341231
 30
0.0
 11
-383516.7435686422
 21
-521654.031234123
 31
0.0
  0
LWPOLYLINE
  5
BFD
330
2
100
AcDbEntity
  8
HA
100
AcDbPolyline
 90
        4
 70
     1
 43
0.0
 10
-383596.7435686422
 20
-519304.031234123
 10
-384696.7435686521
 20
-519304.031234123
 10
-384696.7435686521
 20
-521904.0312341231
 10
-383596.7435686422
 20
-521904.0312341231
  0
INSERT
  5
BFE
330
2
100
AcDbEntity
  8
JJ
100
AcDbBlockReference
  2
TV22
 10
-377336.2421880378
 20
-524497.9044552247
 30
-200.0
  0
INSERT
  5
BFF
330
2
100
AcDbEntity
  8
STAIR
100
AcDbBlockReference
 66
     1
  2
_F0LWN
 10
-381019.8509334956
 20
-523354.5467957426
 30
0.0
 41
-1.0
 50
90.0
  0
ATTRIB
  5
C00
330
BFF
100
AcDbEntity
  8
0
100
AcDbText
 10
-381020.3509334956
 20
-523354.5467957426
 30
0.0
 40
0.5
  1
500
 50
270.0
 41
0.8
  7
DIM_FONT
100
AcDbAttribute
280
     0
  2
XSIZE
 70
     9
280
     0
  0
ATTRIB
  5
C01
330
BFF
100
AcDbEntity
  8
0
100
AcDbText
 10
-381020.3509334956
 20
-523354.5467957426
 30
0.0
 40
0.5
  1
500
 50
270.0
 41
0.8
  7
DIM_FONT
100
AcDbAttribute
280
     0
  2
YSIZE
 70
     9
280
     0
  0
SEQEND
  5
C02
330
BFF
100
AcDbEntity
  8
STAIR
  0
INSERT
  5
C03
330
2
100
AcDbEntity
  8
WINDOW
100
AcDbBlockReference
 66
     1
  2
M_A17ORW
 10
-381016.7435686422
 20
-524004.0312341231
 30
0.0
 41
1100.0
 42
1100.0
 43
1100.0
 50
180.0
1001
WTHICK
1040
199.9999999999709
  0
ATTRIB
  5
C04
330
C03
100
AcDbEntity
  8
WINDOW_TEXT
100
AcDbText
 10
-381016.7435686422
 20
-524404.0312341232
 30
0.0
 40
300.0
  1

 41
0.8
  7
SIMPLEX
 72
     4
 11
-381016.7435686422
 21
-524404.0312341232
 31
0.0
100
AcDbAttribute
280
     0
  2
A
 70
     9
280
     0
  0
SEQEND
  5
C05
330
C03
100
AcDbEntity
  8
WINDOW
  0
LINE
  5
C06
330
2
100
AcDbEntity
  8
WALL
100
AcDbLine
 10
-384796.7435686419
 20
-521904.0312341231
 30
0.0
 11
-384796.7435686419
 21
-522294.1036194788
 31
0.0
  0
LINE
  5
C07
330
2
100
AcDbEntity
  8
WALL
100
AcDbLine
 10
-384596.7435686422
 20
-522104.031234123
 30
0.0
 11
-384596.7435686422
 21
-522294.1036194788
 31
0.0
  0
LINE
  5
C08
330
2
100
AcDbEntity
  8
WALL
100
AcDbLine
 10
-384796.7435686419
 20
-522294.1036194788
 30
0.0
 11
-384596.7435686422
 21
-522294.1036194788
 31
0.0
  0
LINE
  5
C09
330
2
100
AcDbEntity
  8
WALL
100
AcDbLine
 10
-383396.7435686421
 20
-522004.0312341232
 30
0.0
 11
-381666.7435686422
 21
-522004.0312341229
 31
0.0
  0
LINE
  5
C0A
330
2
100
AcDbEntity
  8
WALL
100
AcDbLine
 10
-381746.7435686422
 20
-522104.031234123
 30
0.0
 11
-381746.7435686422
 21
-522204.031234123
 31
0.0
  0
LINE
  5
C0B
330
2
100
AcDbEntity
  8
WALL
100
AcDbLine
 10
-381666.7435686422
 20
-522004.0312341229
 30
0.0
 11
-381666.7435686422
 21
-522204.031234123
 31
0.0
  0
LINE
  5
C0C
330
2
100
AcDbEntity
  8
WALL
100
AcDbLine
 10
-383396.7435686421
 20
-521654.031234123
 30
0.0
 11
-383396.7435686421
 21
-522004.0312341232
 31
0.0
  0
LINE
  5
C0D
330
2
100
AcDbEntity
  8
WALL
100
AcDbLine
 10
-383596.7435686422
 20
-521654.0312341228
 30
0.0
 11
-383596.7435686422
 21
-521904.0312341231
 31
0.0
  0
LINE
  5
C0E
330
2
100
AcDbEntity
  8
WALL
100
AcDbLine
 10
-383596.7435686422
 20
-521654.0312341228
 30
0.0
 11
-383396.7435686421
 21
-521654.031234123
 31
0.0
  0
LINE
  5
C0F
330
2
100
AcDbEntity
  8
WALL
100
AcDbLine
 10
-381746.7435686422
 20
-522204.031234123
 30
0.0
 11
-381666.7435686422
 21
-522204.031234123
 31
0.0
  0
LINE
  5
C10
330
2
100
AcDbEntity
  8
WALL
100
AcDbLine
 10
-384596.7435686422
 20
-522104.031234123
 30
0.0
 11
-381746.7435686422
 21
-522104.031234123
 31
0.0
  0
LINE
  5
C11
330
2
100
AcDbEntity
  8
WALL
100
AcDbLine
 10
-384796.7435686419
 20
-521904.0312341231
 30
0.0
 11
-383596.7435686422
 21
-521904.0312341231
 31
0.0
  0
LINE
  5
C12
330
2
100
AcDbEntity
  8
WALL
100
AcDbLine
 10
-384796.7435686419
 20
-523494.3899972218
 30
0.0
 11
-384796.7435686419
 21
-524104.0312341231
 31
0.0
  0
LINE
  5
C13
330
2
100
AcDbEntity
  8
WALL
100
AcDbLine
 10
-384596.7435686422
 20
-523494.3899972218
 30
0.0
 11
-384596.7435686422
 21
-523904.0312341231
 31
0.0
  0
LINE
  5
C14
330
2
100
AcDbEntity
  8
WALL
100
AcDbLine
 10
-384796.7435686419
 20
-523494.3899972218
 30
0.0
 11
-384596.7435686422
 21
-523494.3899972218
 31
0.0
  0
LINE
  5
C15
330
2
100
AcDbEntity
  8
WALL
100
AcDbLine
 10
-381746.7435686422
 20
-522904.031234123
 30
0.0
 11
-381666.7435686422
 21
-522904.031234123
 31
0.0
  0
LINE
  5
C16
330
2
100
AcDbEntity
  8
WALL
100
AcDbLine
 10
-381666.7435686422
 20
-522904.031234123
 30
0.0
 11
-381666.7435686422
 21
-523904.0312341231
 31
0.0
  0
LINE
  5
C17
330
2
100
AcDbEntity
  8
WALL
100
AcDbLine
 10
-381746.7435686422
 20
-522904.031234123
 30
0.0
 11
-381746.7435686422
 21
-523904.0312341231
 31
0.0
  0
LINE
  5
C18
330
2
100
AcDbEntity
  8
WALL
100
AcDbLine
 10
-381666.7435686422
 20
-523904.0312341231
 30
0.0
 11
-381566.7435686421
 21
-523904.0312341231
 31
0.0
  0
LINE
  5
C19
330
2
100
AcDbEntity
  8
WALL
100
AcDbLine
 10
-381566.7435686421
 20
-523904.0312341231
 30
0.0
 11
-381566.7435686421
 21
-524104.0312341231
 31
0.0
  0
INSERT
  5
C1A
330
2
100
AcDbEntity
  8
WINDOW
100
AcDbBlockReference
  2
2
 10
-383399.6965582139
 20
-523404.0312341228
 30
0.0
 41
-1.0
 50
90.0
  0
INSERT
  5
C1B
330
2
100
AcDbEntity
  8
0
100
AcDbBlockReference
  2
DBX1
 10
-382482.80836261
 20
-523193.7876734451
 30
0.0
 50
180.0
  0
LINE
  5
C1C
330
2
100
AcDbEntity
  8
PWINDOW
100
AcDbLine
 10
-382436.7435686422
 20
-523404.0312341228
 30
0.0
 11
-384096.7435686422
 21
-523404.0312341228
 31
0.0
  0
LINE
  5
C1D
330
2
100
AcDbEntity
  8
WALL
100
AcDbLine
 10
-381746.7435686422
 20
-523904.0312341231
 30
0.0
 11
-384596.7435686422
 21
-523904.0312341231
 31
0.0
  0
LINE
  5
C1E
330
2
100
AcDbEntity
  8
WALL
100
AcDbLine
 10
-384796.7435686419
 20
-524104.0312341231
 30
0.0
 11
-381566.7435686421
 21
-524104.0312341231
 31
0.0
  0
INSERT
  5
C1F
330
2
100
AcDbEntity
  8
WINDOW
100
AcDbBlockReference
 66
     1
  2
_DBLK
 10
-381706.7435686421
 20
-522554.031234123
 30
0.0
 41
700.0
 42
700.0
 43
700.0
 50
270.0
1001
WTHICK
1040
79.99999999999272
  0
ATTRIB
  5
C20
330
C1F
100
AcDbEntity
  8
0
100
AcDbText
 10
-381366.7435686422
 20
-522554.031234123
 30
0.0
 40
300.0
  1

 50
90.00000000000005
 41
0.8
  7
_SIMPLEX
 72
     4
 11
-381366.7435686422
 21
-522554.031234123
 31
0.0
100
AcDbAttribute
280
     0
  2
A
 70
     9
280
     0
  0
SEQEND
  5
C21
330
C1F
100
AcDbEntity
  8
WINDOW
  0
LINE
  5
C22
330
2
100
AcDbEntity
  8
WIN
100
AcDbLine
 10
-384796.7435686419
 20
-522294.1036194788
 30
0.0
 11
-384796.7435686419
 21
-523494.3899972218
 31
0.0
  0
LINE
  5
C23
330
2
100
AcDbEntity
  8
WIN
100
AcDbLine
 10
-384596.7435686422
 20
-522294.1036194788
 30
0.0
 11
-384596.7435686422
 21
-523494.3899972218
 31
0.0
  0
LINE
  5
C24
330
2
100
AcDbEntity
  8
WIN
100
AcDbLine
 10
-384666.7435686422
 20
-522294.1036194788
 30
0.0
 11
-384666.7435686422
 21
-523494.3899972218
 31
0.0
  0
LINE
  5
C25
330
2
100
AcDbEntity
  8
WIN
100
AcDbLine
 10
-384726.7435686422
 20
-522294.1036194788
 30
0.0
 11
-384726.7435686422
 21
-523494.3899972218
 31
0.0
  0
LINE
  5
C26
330
2
100
AcDbEntity
  8
PWINDOW
100
AcDbLine
 10
-384096.7435686422
 20
-522104.031234123
 30
0.0
 11
-384096.7435686422
 21
-523404.0312341228
 31
0.0
  0
INSERT
  5
C27
330
2
100
AcDbEntity
  8
DIM
100
AcDbBlockReference
  2
SHC
 10
-384469.6779340115
 20
-523192.3315818495
 30
0.0
 50
44.99999999999515
  0
LINE
  5
C28
330
2
100
AcDbEntity
  8
PWINDOW
100
AcDbLine
 10
-381746.7435686422
 20
-522904.031234123
 30
0.0
 11
-381746.7435686422
 21
-522204.031234123
 31
0.0
  0
HATCH
  5
C29
330
2
100
AcDbEntity
  8
HA
100
AcDbHatch
 10
0.0
 20
0.0
 30
0.0
210
0.0
220
0.0
230
1.0
  2
ANSI37
 70
     0
 71
     0
 91
        1
 92
        1
 93
        9
 72
     1
 10
-384096.7435686422
 20
-522104.031234123
 11
-381746.7435686422
 21
-522104.031234123
 72
     1
 10
-381746.7435686422
 20
-522104.031234123
 11
-381746.7435686422
 21
-522239.031234123
 72
     1
 10
-381746.7435686422
 20
-522239.031234123
 11
-382371.7435686422
 21
-522239.031234123
 72
     2
 10
-381704.4548985785
 20
-522238.0832359426
 40
667.2893434605047
 50
180.0813984420913
 51
266.3665130511963
 73
     1
 72
     1
 10
-381746.7435686422
 20
-522904.031234123
 11
-381746.7435686422
 21
-523214.0312341231
 72
     1
 10
-381746.7435686422
 20
-523214.0312341231
 11
-382436.7435686422
 21
-523214.0312341231
 72
     1
 10
-382436.7435686422
 20
-523214.0312341231
 11
-382436.7435686422
 21
-523404.0312341228
 72
     1
 10
-382436.7435686422
 20
-523404.0312341228
 11
-384096.7435686422
 21
-523404.0312341228
 72
     1
 10
-384096.7435686422
 20
-523404.0312341228
 11
-384096.7435686422
 21
-522104.031234123
 97
        0
 75
     0
 76
     1
 52
45.0
 41
1000.0
 77
     0
 78
     2
 53
90.0
 43
-376245.816251736
 44
-542655.5003997567
 45
125.0
 46
0.0000000000000213
 79
     0
 53
0.000000000000007
 43
-376245.816251736
 44
-542655.5003997567
 45
0.0000000000000213
 46
-125.0
 79
     0
 98
        1
 10
-376245.816251736
 20
-542655.5003997567
  0
LINE
  5
C2A
330
2
100
AcDbEntity
  8
WALL
100
AcDbLine
 10
-377606.6310189497
 20
-522004.1437838339
 30
0.0
 11
-377786.6310189497
 21
-522004.1437838339
 31
0.0
  0
LINE
  5
C2B
330
2
100
AcDbEntity
  8
WIN
100
AcDbLine
 10
-377606.6310189497
 20
-522004.1437838339
 30
0.0
 11
-377216.7435686422
 21
-522004.1437838339
 31
0.0
  0
LINE
  5
C2C
330
2
100
AcDbEntity
  8
WIN
100
AcDbLine
 10
-377606.6310189497
 20
-522064.1437838341
 30
0.0
 11
-377156.7435686419
 21
-522064.1437838341
 31
0.0
  0
LINE
  5
C2D
330
2
100
AcDbEntity
  8
WIN
100
AcDbLine
 10
-377606.6310189497
 20
-522124.143783834
 30
0.0
 11
-377096.7435686419
 21
-522124.143783834
 31
0.0
  0
INSERT
  5
C2E
330
2
100
AcDbEntity
  8
HA
100
AcDbBlockReference
  2
HUA
 10
-378326.3572957672
 20
-521917.0540840904
 30
0.0
 41
-0.8000000000465661
 42
0.7999999999883585
 43
0.8
  0
TEXT
  5
C2F
330
2
100
AcDbEntity
  8
CTEXT
100
AcDbText
 10
-380088.6326871708
 20
-522373.7493967071
 30
0.0
 40
500.0
  1
客厅
 41
0.8
  7
_FSD
100
AcDbText
  0
LINE
  5
C30
330
2
100
AcDbEntity
  8
WALL
100
AcDbLine
 10
-380466.7435686422
 20
-523904.0312341231
 30
0.0
 11
-380466.7435686422
 21
-524104.0312341231
 31
0.0
  0
LINE
  5
C31
330
2
100
AcDbEntity
  8
WALL
100
AcDbLine
 10
-380466.7435686422
 20
-523904.0312341231
 30
0.0
 11
-377786.6310189497
 21
-523904.0312341231
 31
0.0
  0
LINE
  5
C32
330
2
100
AcDbEntity
  8
WALL
100
AcDbLine
 10
-380466.7435686422
 20
-524104.0312341231
 30
0.0
 11
-377606.6310189497
 21
-524104.0312341231
 31
0.0
  0
LINE
  5
C33
330
2
100
AcDbEntity
  8
WALL
100
AcDbLine
 10
-377606.6310189497
 20
-524104.0312341231
 30
0.0
 11
-377606.6310189497
 21
-522004.1437838339
 31
0.0
  0
LINE
  5
C34
330
2
100
AcDbEntity
  8
WALL
100
AcDbLine
 10
-377786.6310189497
 20
-522004.1437838339
 30
0.0
 11
-377786.6310189497
 21
-523904.0312341231
 31
0.0
  0
INSERT
  5
C35
330
2
100
AcDbEntity
  8
HA
100
AcDbBlockReference
  2
HUA
 10
-378326.3572957672
 20
-522521.5307034705
 30
0.0
 41
-0.8000000000465661
 42
0.7999999999883585
 43
0.8
  0
LINE
  5
C36
330
2
100
AcDbEntity
  8
WALL
100
AcDbLine
 10
-377596.743568646
 20
-519304.031234123
 30
0.0
 11
-381096.7435686436
 21
-519304.031234123
 31
0.0
  0
LINE
  5
C37
330
2
100
AcDbEntity
  8
WALL
100
AcDbLine
 10
-377796.7435686458
 20
-519104.0312341232
 30
0.0
 11
-380996.7435686438
 21
-519104.0312341232
 31
0.0
  0
LINE
  5
C38
330
2
100
AcDbEntity
  8
WALL
100
AcDbLine
 10
-382196.743568652
 20
-518304.0312341232
 30
0.0
 11
-382096.7435686519
 21
-518304.0312341233
 31
0.0
  0
LINE
  5
C39
330
2
100
AcDbEntity
  8
WALL
100
AcDbLine
 10
-384796.7435686522
 20
-518591.6289727805
 30
0.0
 11
-384796.7435686522
 21
-519304.0312341228
 31
0.0
  0
LINE
  5
C3A
330
2
100
AcDbEntity
  8
WALL
100
AcDbLine
 10
-384596.7435686521
 20
-518591.6289727805
 30
0.0
 11
-384596.7435686521
 21
-519104.0312341232
 31
0.0
  0
LINE
  5
C3B
330
2
100
AcDbEntity
  8
WALL
100
AcDbLine
 10
-384796.7435686522
 20
-518591.6289727805
 30
0.0
 11
-384596.7435686521
 21
-518591.6289727805
 31
0.0
  0
LINE
  5
C3C
330
2
100
AcDbEntity
  8
WALL
100
AcDbLine
 10
-383396.7435686421
 20
-519204.031234123
 30
0.0
 11
-383396.7435686421
 21
-519554.0312341233
 31
0.0
  0
LINE
  5
C3D
330
2
100
AcDbEntity
  8
WALL
100
AcDbLine
 10
-383596.7435686422
 20
-519304.031234123
 30
0.0
 11
-383596.7435686422
 21
-519554.0312341233
 31
0.0
  0
LINE
  5
C3E
330
2
100
AcDbEntity
  8
WALL
100
AcDbLine
 10
-383596.7435686422
 20
-519554.0312341233
 30
0.0
 11
-383396.7435686421
 21
-519554.0312341233
 31
0.0
  0
LINE
  5
C3F
330
2
100
AcDbEntity
  8
WALL
100
AcDbLine
 10
-383396.7435686421
 20
-519204.031234123
 30
0.0
 11
-382096.7435686546
 21
-519204.031234123
 31
0.0
  0
LINE
  5
C40
330
2
100
AcDbEntity
  8
WALL
100
AcDbLine
 10
-382196.7435686538
 20
-519004.0312341231
 30
0.0
 11
-382096.7435686539
 21
-519004.0312341233
 31
0.0
  0
LINE
  5
C41
330
2
100
AcDbEntity
  8
WALL
100
AcDbLine
 10
-380996.7435686438
 20
-519004.0312341231
 30
0.0
 11
-381096.7435686436
 21
-519004.0312341231
 31
0.0
  0
LINE
  5
C42
330
2
100
AcDbEntity
  8
WALL
100
AcDbLine
 10
-380996.7435686438
 20
-519004.0312341231
 30
0.0
 11
-380996.7435686438
 21
-519104.0312341232
 31
0.0
  0
LINE
  5
C43
330
2
100
AcDbEntity
  8
WALL
100
AcDbLine
 10
-381096.7435686436
 20
-519304.031234123
 30
0.0
 11
-381096.7435686436
 21
-519004.0312341231
 31
0.0
  0
LINE
  5
C44
330
2
100
AcDbEntity
  8
WALL
100
AcDbLine
 10
-382096.7435686539
 20
-519004.0312341233
 30
0.0
 11
-382096.7435686546
 21
-519204.031234123
 31
0.0
  0
LINE
  5
C45
330
2
100
AcDbEntity
  8
WALL
100
AcDbLine
 10
-382196.7435686538
 20
-519004.0312341231
 30
0.0
 11
-382196.743568654
 21
-519104.0312341232
 31
0.0
  0
LINE
  5
C46
330
2
100
AcDbEntity
  8
WIN
100
AcDbLine
 10
-383516.7435686422
 20
-520544.0312341231
 30
0.0
 11
-383456.7435686422
 21
-520544.0312341231
 31
0.0
  0
LINE
  5
C47
330
2
100
AcDbEntity
  8
WIN
100
AcDbLine
 10
-383516.7435686422
 20
-520544.0312341231
 30
0.0
 11
-383456.7435686422
 21
-520544.0312341231
 31
0.0
  0
LINE
  5
C48
330
2
100
AcDbEntity
  8
WIN
100
AcDbLine
 10
-383456.7435686422
 20
-520664.0312341232
 30
0.0
 11
-383396.7435686421
 21
-520664.0312341232
 31
0.0
  0
TEXT
  5
C49
330
2
100
AcDbEntity
  8
CTEXT
100
AcDbText
 10
-382039.4331577468
 20
-521025.9022851241
 30
0.0
 40
500.0
  1
餐厅
 41
0.8
  7
_FSD
100
AcDbText
  0
LINE
  5
C4A
330
2
100
AcDbEntity
  8
WIN
100
AcDbLine
 10
-383396.7435686421
 20
-519554.0312341233
 30
0.0
 11
-383396.7435686421
 21
-520664.0312341232
 31
0.0
  0
LINE
  5
C4B
330
2
100
AcDbEntity
  8
WALL
100
AcDbLine
 10
-384596.7435686521
 20
-519104.0312341232
 30
0.0
 11
-382196.743568654
 21
-519104.0312341232
 31
0.0
  0
LINE
  5
C4C
330
2
100
AcDbEntity
  8
WALL
100
AcDbLine
 10
-384796.7435686522
 20
-519304.0312341228
 30
0.0
 11
-383596.7435686422
 21
-519304.031234123
 31
0.0
  0
LINE
  5
C4D
330
2
100
AcDbEntity
  8
PWINDOW
100
AcDbLine
 10
-382196.743568652
 20
-518304.0312341232
 30
0.0
 11
-382196.743568654
 21
-519004.0312341231
 31
0.0
  0
LINE
  5
C4E
330
2
100
AcDbEntity
  8
WIN
100
AcDbLine
 10
-377596.7435686438
 20
-519304.031234123
 30
0.0
 11
-377216.743568644
 21
-519304.031234123
 31
0.0
  0
LINE
  5
C4F
330
2
100
AcDbEntity
  8
WIN
100
AcDbLine
 10
-377596.7435686438
 20
-519244.031234123
 30
0.0
 11
-377156.7435686443
 21
-519244.031234123
 31
0.0
  0
LINE
  5
C50
330
2
100
AcDbEntity
  8
WIN
100
AcDbLine
 10
-377596.7435686438
 20
-519184.0312341231
 30
0.0
 11
-377096.7435686443
 21
-519184.0312341231
 31
0.0
  0
LINE
  5
C51
330
2
100
AcDbEntity
  8
JJ
100
AcDbLine
 10
-377941.214698163
 20
-518688.825465532
 30
0.0
 11
-378026.4263916048
 21
-519019.2370027148
 31
0.0
  0
LINE
  5
C52
330
2
100
AcDbEntity
  8
JJ
100
AcDbLine
 10
-378223.5954277844
 20
-518688.8254655319
 30
0.0
 11
-378223.5954277844
 21
-519019.2370027149
 31
0.0
  0
LINE
  5
C53
330
2
100
AcDbEntity
  8
JJ
100
AcDbLine
 10
-378276.4195851561
 20
-519019.2370027148
 30
0.0
 11
-378276.4195851561
 21
-518688.8254655319
 31
0.0
  0
LINE
  5
C54
330
2
100
AcDbEntity
  8
JJ
100
AcDbLine
 10
-378070.2386928047
 20
-519019.2370027148
 30
0.0
 11
-378100.6021650458
 21
-518688.825465532
 31
0.0
  0
LINE
  5
C55
330
2
100
AcDbEntity
  8
JJ
100
AcDbLine
 10
-379281.6170647436
 20
-518604.0312341233
 30
0.0
 11
-379281.6170647436
 21
-519104.0312341232
 31
0.0
  0
LINE
  5
C56
330
2
100
AcDbEntity
  8
JJ
100
AcDbLine
 10
-379075.9521845583
 20
-519031.603683135
 30
0.0
 11
-379106.3156567993
 21
-518701.1921459522
 31
0.0
  0
LINE
  5
C57
330
2
100
AcDbEntity
  8
JJ
100
AcDbLine
 10
-378717.5038996789
 20
-519031.603683135
 30
0.0
 11
-378747.8673719197
 21
-518701.1921459522
 31
0.0
  0
LINE
  5
C58
330
2
100
AcDbEntity
  8
JJ
100
AcDbLine
 10
-378574.267816694
 20
-518688.8254655319
 30
0.0
 11
-378574.267816694
 21
-519019.2370027149
 31
0.0
  0
LINE
  5
C59
330
2
100
AcDbEntity
  8
JJ
100
AcDbLine
 10
-378627.0919740657
 20
-519019.2370027148
 30
0.0
 11
-378627.0919740657
 21
-518688.8254655319
 31
0.0
  0
LINE
  5
C5A
330
2
100
AcDbEntity
  8
JJ
100
AcDbLine
 10
-378428.6869776841
 20
-519019.2370027148
 30
0.0
 11
-378459.0504499254
 21
-518688.825465532
 31
0.0
  0
LINE
  5
C5B
330
2
100
AcDbEntity
  8
JJ
100
AcDbLine
 10
-378870.8606346583
 20
-518701.1921459522
 30
0.0
 11
-378870.8606346583
 21
-519031.603683135
 31
0.0
  0
LINE
  5
C5C
330
2
100
AcDbEntity
  8
JJ
100
AcDbLine
 10
-378923.6847920304
 20
-519031.603683135
 30
0.0
 11
-378923.6847920304
 21
-518701.1921459522
 31
0.0
  0
LINE
  5
C5D
330
2
100
AcDbEntity
  8
JJ
100
AcDbLine
 10
-377796.7435686564
 20
-518604.0312341233
 30
0.0
 11
-379281.6170647436
 21
-518604.0312341233
 31
0.0
  0
LINE
  5
C5E
330
2
100
AcDbEntity
  8
JJ
100
AcDbLine
 10
-377796.7435686572
 20
-518854.0312341233
 30
0.0
 11
-379281.6170647436
 21
-518854.0312341231
 31
0.0
  0
LINE
  5
C5F
330
2
100
AcDbEntity
  8
WALL
100
AcDbLine
 10
-377596.7435686438
 20
-519098.8061347496
 30
0.0
 11
-377596.7435686438
 21
-519098.8061347496
 31
0.0
  0
LINE
  5
C60
330
2
100
AcDbEntity
  8
WALL
100
AcDbLine
 10
-377796.7435686441
 20
-518898.8061347497
 30
0.0
 11
-377796.7435686441
 21
-518898.8061347497
 31
0.0
  0
DIMENSION
  5
C61
330
2
100
AcDbEntity
  8
PUB_DIM
100
AcDbDimension
280
     0
  2
*D55
 10
-365443.1451201504
 20
-529844.0312341266
 30
0.0
 11
-365893.1451201504
 21
-530644.0312341248
 31
0.0
 70
     1
 71
     5
 42
1599.999999996275
 73
     0
 74
     0
 75
     0
  3
AXIS150
100
AcDbAlignedDimension
 13
-367020.4781899832
 23
-531444.0312341228
 33
0.0
 14
-367020.4781899327
 24
-529844.0312341266
 34
0.0
  0
DIMENSION
  5
C6E
330
2
100
AcDbEntity
  8
PUB_DIM
100
AcDbDimension
280
     0
  2
*D56
 10
-365443.1451201504
 20
-535844.1437838043
 30
0.0
 11
-365893.1451201504
 21
-537244.1437838078
 31
0.0
 70
     1
 71
     5
 42
2800.000000007102
 73
     0
 74
     0
 75
     0
  3
AXIS150
100
AcDbAlignedDimension
 13
-367020.4781899836
 23
-538644.1437838112
 33
0.0
 14
-367020.4781899283
 24
-535844.1437838043
 34
0.0
  0
DIMENSION
  5
C7B
330
2
100
AcDbEntity
  8
PUB_DIM
100
AcDbDimension
280
     0
  2
*D57
 10
-365443.1451202054
 20
-538644.1437838112
 30
0.0
 11
-365893.1451202053
 21
-540144.143783815
 31
0.0
 70
     1
 71
     5
 42
3000.000000007219
 73
     0
 74
     0
 75
     0
  3
AXIS150
100
AcDbAlignedDimension
 13
-367020.4781900384
 23
-541644.1437838185
 33
0.0
 14
-367020.4781899836
 24
-538644.1437838112
 34
0.0
  0
DIMENSION
  5
C88
330
2
100
AcDbEntity
  8
PUB_DIM
100
AcDbDimension
280
     0
  2
*D58
 10
-365443.1451202054
 20
-541644.1437838185
 30
0.0
 11
-365893.1451202053
 21
-542294.1437838152
 31
0.0
 70
     1
 71
     5
 42
1299.999999993131
 73
     0
 74
     0
 75
     0
  3
AXIS150
100
AcDbAlignedDimension
 13
-367020.4781900384
 23
-542944.1437838116
 33
0.0
 14
-367020.4781899836
 24
-541644.1437838185
 34
0.0
  0
DIMENSION
  5
C97
330
2
100
AcDbEntity
  8
PUB_DIM
100
AcDbDimension
280
     0
  2
*D59
 10
-365443.1451201504
 20
-531444.0312341228
 30
0.0
 11
-365893.1451201504
 21
-533394.0312341248
 31
0.0
 70
     1
 71
     5
 42
3900.000000003725
 73
     0
 74
     0
 75
     0
  3
AXIS150
100
AcDbAlignedDimension
 13
-367020.4781899772
 23
-535344.0312341266
 33
0.0
 14
-367020.4781899283
 24
-531444.0312341228
 34
0.0
  0
DIMENSION
  5
CA4
330
2
100
AcDbEntity
  8
PUB_DIM
100
AcDbDimension
280
     0
  2
*D60
 10
-365443.1451201504
 20
-535344.0312341268
 30
0.0
 11
-366550.3587445577
 21
-535594.0312341266
 31
0.0
 70
   129
 71
     5
 42
499.9999999997672
 73
     0
 74
     0
 75
     0
  3
AXIS150
100
AcDbAlignedDimension
 13
-367020.4781899772
 23
-535844.0312341265
 33
0.0
 14
-367020.4781899709
 24
-535344.0312341268
 34
0.0
  0
DIMENSION
  5
CB1
330
2
100
AcDbEntity
  8
PUB_DIM
100
AcDbDimension
280
     0
  2
*D61
 10
-365443.1451201504
 20
-524044.0312341192
 30
0.0
 11
-365893.1451201504
 21
-524844.0312341229
 31
0.0
 70
     1
 71
     5
 42
1600.000000007392
 73
     0
 74
     0
 75
     0
  3
AXIS150
100
AcDbAlignedDimension
 13
-367020.4781899832
 23
-525644.0312341265
 33
0.0
 14
-367020.4781899327
 24
-524044.0312341192
 34
0.0
  0
DIMENSION
  5
CBE
330
2
100
AcDbEntity
  8
PUB_DIM
100
AcDbDimension
280
     0
  2
*D62
 10
-365443.1451201504
 20
-525644.0312341192
 30
0.0
 11
-365893.1451201504
 21
-527744.031234123
 31
0.0
 70
     1
 71
     5
 42
4200.000000007334
 73
     0
 74
     0
 75
     0
  3
AXIS150
100
AcDbAlignedDimension
 13
-367020.4781899832
 23
-529844.0312341266
 33
0.0
 14
-367020.4781899327
 24
-525644.0312341192
 34
0.0
  0
DIMENSION
  5
CCB
330
2
100
AcDbEntity
  8
PUB_DIM
100
AcDbDimension
280
     0
  2
*D63
 10
-365443.1451201504
 20
-519244.0312341233
 30
0.0
 11
-365893.1451201504
 21
-521644.0312341251
 31
0.0
 70
     1
 71
     5
 42
4800.00000000326
 73
     0
 74
     0
 75
     0
  3
AXIS150
100
AcDbAlignedDimension
 13
-367020.4781899832
 23
-524044.0312341266
 33
0.0
 14
-367020.4781898313
 24
-519244.0312341233
 34
0.0
  0
DIMENSION
  5
CD8
330
2
100
AcDbEntity
  8
PUB_DIM
100
AcDbDimension
280
     0
  2
*D64
 10
-404396.3372193256
 20
-511523.3330735732
 30
0.0
 11
-403046.3372192985
 21
-511073.3330736007
 31
0.0
 70
     1
 71
     5
 42
2700.00000003574
 73
     0
 74
     0
 75
     0
  3
AXIS150
100
AcDbAlignedDimension
 13
-401696.3372193218
 23
-513100.666143406
 33
0.0
 14
-404396.3372193577
 24
-513100.6661433511
 34
0.0
  0
DIMENSION
  5
CE5
330
2
100
AcDbEntity
  8
PUB_DIM
100
AcDbDimension
280
     0
  2
*D65
 10
-404396.337219329
 20
-510523.3330735765
 30
0.0
 11
-387146.5403939628
 21
-510073.3330738904
 31
0.0
 70
     1
 71
     5
 42
34499.59365071637
 73
     0
 74
     0
 75
     0
  3
AXIS150
100
AcDbAlignedDimension
 13
-369896.7435686415
 23
-512100.6661439791
 33
0.0
 14
-404396.3372193577
 24
-512100.6661433511
 34
0.0
  0
INSERT
  5
CF2
330
2
100
AcDbEntity
  8
JJ
 62
   252
100
AcDbBlockReference
 66
     1
  2
_C38
 10
-380996.7435686431
 20
-516980.0447696932
 30
0.0
  0
ATTRIB
  5
CF3
330
CF2
100
AcDbEntity
  8
0
100
AcDbText
 10
-380995.4102353147
 20
-516979.5447696932
 30
0.0
 40
0.5
  1
783
 50
180.0000000000008
100
AcDbAttribute
280
     0
  2
XSIZE
 70
     9
280
     0
  0
ATTRIB
  5
CF4
330
CF2
100
AcDbEntity
  8
0
100
AcDbText
 10
-380995.4935686429
 20
-516979.5447696932
 30
0.0
 40
0.5
  1
908
 50
180.0000000000008
100
AcDbAttribute
280
     0
  2
YSIZE
 70
     9
280
     0
  0
SEQEND
  5
CF5
330
CF2
100
AcDbEntity
  8
JJ
 62
   252
  0
INSERT
  5
CF6
330
2
100
AcDbEntity
  8
JJ
 62
   252
100
AcDbBlockReference
 66
     1
  2
_C38
 10
-390796.7435683747
 20
-516980.0447696932
 30
0.0
 41
-1.0
  0
ATTRIB
  5
CF7
330
CF6
100
AcDbEntity
  8
0
100
AcDbText
 10
-390796.74356837
 20
-516979.5447696932
 30
0.0
 40
0.5
  1
783
 50
179.9999999999992
100
AcDbAttribute
280
     0
  2
XSIZE
 70
     9
280
     0
  0
ATTRIB
  5
CF8
330
CF6
100
AcDbEntity
  8
0
100
AcDbText
 10
-390796.7435683747
 20
-516979.5447696932
 30
0.0
 40
0.5
  1
908
 50
179.9999999999992
100
AcDbAttribute
280
     0
  2
YSIZE
 70
     9
280
     0
  0
SEQEND
  5
CF9
330
CF6
100
AcDbEntity
  8
JJ
 62
   252
  0
LINE
  5
CFA
330
2
100
AcDbEntity
  8
WIN
100
AcDbLine
 10
-384796.7435686569
 20
-514804.1437838195
 30
0.0
 11
-386996.7435683614
 21
-514804.1437838195
 31
0.0
  0
LINE
  5
CFB
330
2
100
AcDbEntity
  8
WIN
100
AcDbLine
 10
-384796.7435686552
 20
-514104.1437838194
 30
0.0
 11
-386996.7435683629
 21
-514104.1437838194
 31
0.0
  0
DIMENSION
  5
CFC
330
2
100
AcDbEntity
  8
PUB_DIM
100
AcDbDimension
280
     0
  2
*D66
 10
-387096.743568509
 20
-511523.3330738594
 30
0.0
 11
-385896.7435685512
 21
-511073.333073747
 31
0.0
 70
     1
 71
     5
 42
2400.000000000117
 73
     0
 74
     0
 75
     0
  3
AXIS150
100
AcDbAlignedDimension
 13
-384696.7435683611
 23
-513100.6661435852
 33
0.0
 14
-387096.7435683612
 24
-513100.6661438101
 34
0.0
  0
DIMENSION
  5
D09
330
2
100
AcDbEntity
  8
PUB_DIM
100
AcDbDimension
280
     0
  2
*D67
 10
-390696.7435683525
 20
-511523.3330739084
 30
0.0
 11
-388896.7435683532
 21
-511073.3330739138
 31
0.0
 70
     1
 71
     5
 42
3599.999999995926
 73
     0
 74
     0
 75
     0
  3
AXIS150
100
AcDbAlignedDimension
 13
-387096.7435683612
 23
-513100.6661438101
 33
0.0
 14
-390696.7435683572
 24
-513100.6661437996
 34
0.0
  0
DIMENSION
  5
D16
330
2
100
AcDbEntity
  8
PUB_DIM
100
AcDbDimension
280
     0
  2
*D68
 10
-394096.7435683394
 20
-511523.3330740038
 30
0.0
 11
-392396.7435683303
 21
-511073.3330740313
 31
0.0
 70
     1
 71
     5
 42
3400.000000003842
 73
     0
 74
     0
 75
     0
  3
AXIS150
100
AcDbAlignedDimension
 13
-390696.743568361
 23
-513100.6661438291
 33
0.0
 14
-394096.743568365
 24
-513100.6661437741
 34
0.0
  0
DIMENSION
  5
D23
330
2
100
AcDbEntity
  8
PUB_DIM
100
AcDbDimension
280
     0
  2
*D69
 10
-400096.4497690286
 20
-511523.3330742108
 30
0.0
 11
-398846.4497690257
 21
-511073.3330742245
 31
0.0
 70
     1
 71
     5
 42
2499.999999996042
 73
     0
 74
     0
 75
     0
  3
AXIS150
100
AcDbAlignedDimension
 13
-397596.4497690501
 23
-513100.6661440287
 33
0.0
 14
-400096.4497690461
 24
-513100.6661440011
 34
0.0
  0
DIMENSION
  5
D30
330
2
100
AcDbEntity
  8
PUB_DIM
100
AcDbDimension
280
     0
  2
*D70
 10
-401696.3372193036
 20
-511523.3330738979
 30
0.0
 11
-400896.3934941344
 21
-511073.3330739253
 31
0.0
 70
     1
 71
     5
 42
1599.887450307608
 73
     0
 74
     0
 75
     0
  3
AXIS150
100
AcDbAlignedDimension
 13
-400096.44976905
 23
-513100.6661437186
 33
0.0
 14
-401696.3372193577
 24
-513100.6661436639
 34
0.0
  0
DIMENSION
  5
D3D
330
2
100
AcDbEntity
  8
PUB_DIM
100
AcDbDimension
280
     0
  2
*D71
 10
-397596.4497691478
 20
-511523.3330740739
 30
0.0
 11
-396896.5966688989
 21
-511073.3330740289
 31
0.0
 70
     1
 71
     5
 42
1399.706200555549
 73
     0
 74
     0
 75
     0
  3
AXIS150
100
AcDbAlignedDimension
 13
-396196.7435684906
 23
-513100.6661439091
 33
0.0
 14
-397596.4497690462
 24
-513100.6661439992
 34
0.0
  0
INSERT
  5
D4C
330
2
100
AcDbEntity
  8
JJ
100
AcDbBlockReference
  2
SZ2
 10
-394040.6628758124
 20
-514768.6803196999
 30
0.0
 41
-0.7999999999883585
 42
0.7999999999883585
 43
0.8
 50
270.0
  0
LINE
  5
D4D
330
2
100
AcDbEntity
  8
WIN
100
AcDbLine
 10
-394696.7435683742
 20
-514104.1437838194
 30
0.0
 11
-392076.7435683742
 21
-514104.1437838194
 31
0.0
  0
LINE
  5
D4E
330
2
100
AcDbEntity
  8
WIN
100
AcDbLine
 10
-394636.7435683742
 20
-514164.1437838194
 30
0.0
 11
-392136.743568374
 21
-514164.1437838194
 31
0.0
  0
LINE
  5
D4F
330
2
100
AcDbEntity
  8
WIN
100
AcDbLine
 10
-394576.743568374
 20
-514224.1437838194
 30
0.0
 11
-392196.743568374
 21
-514224.1437838194
 31
0.0
  0
LINE
  5
D50
330
2
100
AcDbEntity
  8
PWINDOW
100
AcDbLine
 10
-392196.7435683742
 20
-514804.1437838156
 30
0.0
 11
-393996.7435683747
 21
-514804.1437838156
 31
0.0
  0
LINE
  5
D51
330
2
100
AcDbEntity
  8
WIN
100
AcDbLine
 10
-394696.7435683742
 20
-516324.1437838195
 30
0.0
 11
-394696.7435683742
 21
-514104.1437838194
 31
0.0
  0
LINE
  5
D52
330
2
100
AcDbEntity
  8
WIN
100
AcDbLine
 10
-394636.7435683742
 20
-516264.1437838194
 30
0.0
 11
-394636.7435683742
 21
-514164.1437838194
 31
0.0
  0
LINE
  5
D53
330
2
100
AcDbEntity
  8
WIN
100
AcDbLine
 10
-394576.743568374
 20
-516204.1437838194
 30
0.0
 11
-394576.743568374
 21
-514224.1437838194
 31
0.0
  0
LINE
  5
D54
330
2
100
AcDbEntity
  8
PWINDOW
100
AcDbLine
 10
-393996.7435683747
 20
-516204.1437838194
 30
0.0
 11
-393996.7435683747
 21
-514804.1437838156
 31
0.0
  0
LINE
  5
D55
330
2
100
AcDbEntity
  8
WIN
100
AcDbLine
 10
-394196.7435683745
 20
-516264.1437838194
 30
0.0
 11
-394636.7435683742
 21
-516264.1437838194
 31
0.0
  0
LINE
  5
D56
330
2
100
AcDbEntity
  8
WIN
100
AcDbLine
 10
-394196.7435683745
 20
-516204.1437838194
 30
0.0
 11
-394576.743568374
 21
-516204.1437838194
 31
0.0
  0
LINE
  5
D57
330
2
100
AcDbEntity
  8
WIN
100
AcDbLine
 10
-394196.7435683745
 20
-516324.1437838195
 30
0.0
 11
-394696.7435683742
 21
-516324.1437838195
 31
0.0
  0
LINE
  5
D58
330
2
100
AcDbEntity
  8
WALL
100
AcDbLine
 10
-393996.7435683742
 20
-517003.8741263077
 30
0.0
 11
-393996.7435683742
 21
-517003.8741263077
 31
0.0
  0
LINE
  5
D59
330
2
100
AcDbEntity
  8
WALL
100
AcDbLine
 10
-394196.7435683745
 20
-516204.1437838194
 30
0.0
 11
-393996.7435683747
 21
-516204.1437838194
 31
0.0
  0
LINE
  5
D5A
330
2
100
AcDbEntity
  8
PWINDOW
100
AcDbLine
 10
-394196.7435683742
 20
-518104.0312341231
 30
0.0
 11
-394696.7435683737
 21
-518104.0312341231
 31
0.0
  0
LINE
  5
D5B
330
2
100
AcDbEntity
  8
JJ
100
AcDbLine
 10
-390446.7435683671
 20
-514804.1437838117
 30
0.0
 11
-390446.7435683667
 21
-516328.1922699375
 31
0.0
  0
LINE
  5
D5C
330
2
100
AcDbEntity
  8
JJ
100
AcDbLine
 10
-390196.7435683669
 20
-514804.1437838117
 30
0.0
 11
-390196.7435683668
 21
-516328.1922699375
 31
0.0
  0
INSERT
  5
D5D
330
2
100
AcDbEntity
  8
JJ
100
AcDbBlockReference
  2
SZ2
 10
-387152.8242609311
 20
-515639.4946982364
 30
0.0
 41
-0.7999999999883585
 42
0.7999999999883585
 43
0.8
 50
90.0
  0
LINE
  5
D5E
330
2
100
AcDbEntity
  8
WALL
100
AcDbLine
 10
-387196.7435683759
 20
-514804.1437838156
 30
0.0
 11
-387196.7435683688
 21
-517404.0312341232
 31
0.0
  0
LINE
  5
D5F
330
2
100
AcDbEntity
  8
WALL
100
AcDbLine
 10
-386996.7435683611
 20
-514604.1437838153
 30
0.0
 11
-386996.7435683657
 21
-517991.6289727806
 31
0.0
  0
LINE
  5
D60
330
2
100
AcDbEntity
  8
WALL
100
AcDbLine
 10
-390696.7435683762
 20
-514804.1437838156
 30
0.0
 11
-390696.7435683576
 21
-517404.0312341229
 31
0.0
  0
LINE
  5
D61
330
2
100
AcDbEntity
  8
WALL
100
AcDbLine
 10
-390796.743568376
 20
-514804.1437838156
 30
0.0
 11
-390796.7435683747
 21
-518104.0312341231
 31
0.0
  0
LINE
  5
D62
330
2
100
AcDbEntity
  8
JJ
100
AcDbLine
 10
-388852.3626451375
 20
-518611.2643808964
 30
0.0
 11
-389596.7435683671
 21
-518611.264380896
 31
0.0
  0
LINE
  5
D63
330
2
100
AcDbEntity
  8
WALL
100
AcDbLine
 10
-387196.7435683759
 20
-517504.0312341231
 30
0.0
 11
-389596.7435683685
 21
-517504.0312341228
 31
0.0
  0
LINE
  5
D64
330
2
100
AcDbEntity
  8
WALL
100
AcDbLine
 10
-387196.7435683688
 20
-517404.0312341232
 30
0.0
 11
-389696.7435683578
 21
-517404.0312341229
 31
0.0
  0
LINE
  5
D65
330
2
100
AcDbEntity
  8
JJ
100
AcDbLine
 10
-390796.7435683747
 20
-517878.2906380916
 30
0.0
 11
-391271.6809007626
 21
-517878.2906380916
 31
0.0
  0
LINE
  5
D66
330
2
100
AcDbEntity
  8
JJ
100
AcDbLine
 10
-390796.7435683747
 20
-516478.290638091
 30
0.0
 11
-391301.4069196274
 21
-516478.290638091
 31
0.0
  0
ARC
  5
D67
330
2
100
AcDbEntity
  8
JJ
100
AcDbCircle
 10
-388931.7045245911
 20
-517128.2906380916
 30
0.0
 40
2457.232069024168
100
AcDbArc
 50
164.6612532514916
 51
197.7714889502508
  0
LINE
  5
D68
330
2
100
AcDbEntity
  8
JJ
100
AcDbLine
 10
-393546.743568375
 20
-516189.2563334927
 30
0.0
 11
-393546.743568375
 21
-515604.1437838154
 31
0.0
  0
TEXT
  5
D69
330
2
100
AcDbEntity
  8
CTEXT
100
AcDbText
 10
-392898.9111127711
 20
-515917.5484155317
 30
0.0
 40
500.0
  1
主卧室
 50
359.9999999999996
 41
0.8
  7
_FSD
100
AcDbText
  0
LINE
  5
D6A
330
2
100
AcDbEntity
  8
JJ
100
AcDbLine
 10
-390196.7435683668
 20
-516328.1922699375
 30
0.0
 11
-390696.7435683668
 21
-516328.1922699375
 31
0.0
  0
LINE
  5
D6B
330
2
100
AcDbEntity
  8
JJ
100
AcDbLine
 10
-390293.9044801961
 20
-516158.2608498102
 30
0.0
 11
-390624.3160173787
 21
-516158.2608498102
 31
0.0
  0
LINE
  5
D6C
330
2
100
AcDbEntity
  8
JJ
100
AcDbLine
 10
-390281.5377997757
 20
-515035.1816413029
 30
0.0
 11
-390611.9493369585
 21
-515120.3933347449
 31
0.0
  0
LINE
  5
D6D
330
2
100
AcDbEntity
  8
JJ
100
AcDbLine
 10
-390281.5377997757
 20
-515317.5623709245
 30
0.0
 11
-390611.9493369585
 21
-515317.5623709245
 31
0.0
  0
LINE
  5
D6E
330
2
100
AcDbEntity
  8
JJ
100
AcDbLine
 10
-390611.9493369585
 20
-515370.3865282963
 30
0.0
 11
-390281.5377997757
 21
-515370.3865282963
 31
0.0
  0
LINE
  5
D6F
330
2
100
AcDbEntity
  8
JJ
100
AcDbLine
 10
-390611.9493369585
 20
-515164.2056359447
 30
0.0
 11
-390281.5377997757
 21
-515194.5691081859
 31
0.0
  0
LINE
  5
D70
330
2
100
AcDbEntity
  8
JJ
100
AcDbLine
 10
-390624.3160173787
 20
-515894.3710772053
 30
0.0
 11
-390293.9044801961
 21
-515924.7345494463
 31
0.0
  0
LINE
  5
D71
330
2
100
AcDbEntity
  8
JJ
100
AcDbLine
 10
-390281.5377997757
 20
-515751.1349942202
 30
0.0
 11
-390611.9493369585
 21
-515751.1349942202
 31
0.0
  0
LINE
  5
D72
330
2
100
AcDbEntity
  8
JJ
100
AcDbLine
 10
-390611.9493369585
 20
-515803.9591515922
 30
0.0
 11
-390281.5377997757
 21
-515803.9591515922
 31
0.0
  0
LINE
  5
D73
330
2
100
AcDbEntity
  8
JJ
100
AcDbLine
 10
-390611.9493369585
 20
-515522.6539208241
 30
0.0
 11
-390281.5377997757
 21
-515553.0173930651
 31
0.0
  0
LINE
  5
D74
330
2
100
AcDbEntity
  8
JJ
100
AcDbLine
 10
-390293.9044801961
 20
-516037.2560307674
 30
0.0
 11
-390624.3160173787
 21
-516037.2560307674
 31
0.0
  0
LINE
  5
D75
330
2
100
AcDbEntity
  8
WALL
100
AcDbLine
 10
-389696.7435683578
 20
-517404.0312341229
 30
0.0
 11
-389696.7435683685
 21
-517504.0312341231
 31
0.0
  0
LINE
  5
D76
330
2
100
AcDbEntity
  8
WALL
100
AcDbLine
 10
-390596.7435683574
 20
-517504.0312341231
 30
0.0
 11
-390696.7435683755
 21
-517504.0312341231
 31
0.0
  0
LINE
  5
D77
330
2
100
AcDbEntity
  8
WALL
100
AcDbLine
 10
-390596.7435683574
 20
-517404.0312341229
 30
0.0
 11
-390696.7435683576
 21
-517404.0312341229
 31
0.0
  0
LINE
  5
D78
330
2
100
AcDbEntity
  8
WALL
100
AcDbLine
 10
-390596.7435683574
 20
-517404.0312341229
 30
0.0
 11
-390596.7435683574
 21
-517504.0312341231
 31
0.0
  0
LINE
  5
D79
330
2
100
AcDbEntity
  8
WALL
100
AcDbLine
 10
-390696.7435683752
 20
-518104.0312341231
 30
0.0
 11
-390696.7435683755
 21
-517504.0312341231
 31
0.0
  0
INSERT
  5
D7A
330
2
100
AcDbEntity
  8
WINDOW
100
AcDbBlockReference
 66
     1
  2
_DBLK
 10
-390146.7435683628
 20
-517454.0312341232
 30
0.0
 41
900.0
 42
-900.0
 43
900.0
1001
WTHICK
1040
100.0000000000582
  0
ATTRIB
  5
D7B
330
D7A
100
AcDbEntity
  8
0
100
AcDbText
 10
-390146.7435683628
 20
-517104.0312341228
 30
0.0
 40
300.0
  1

 41
0.8
  7
_SIMPLEX
 72
     4
 11
-390146.7435683628
 21
-517104.0312341228
 31
0.0
100
AcDbAttribute
280
     0
  2
A
 70
     9
280
     0
  0
SEQEND
  5
D7C
330
D7A
100
AcDbEntity
  8
WINDOW
  0
LINE
  5
D7D
330
2
100
AcDbEntity
  8
WALL
100
AcDbLine
 10
-390796.7435683747
 20
-518104.0312341231
 30
0.0
 11
-390696.7435683752
 21
-518104.0312341231
 31
0.0
  0
CIRCLE
  5
D7E
330
2
100
AcDbEntity
  8
ARCH
100
AcDbCircle
 10
-387585.1955704991
 20
-518880.4665508055
 30
0.0
 40
22.45107156783342
  0
LINE
  5
D7F
330
2
100
AcDbEntity
  8
ARCH
100
AcDbLine
 10
-387596.7435683762
 20
-518880.4665508128
 30
0.0
 11
-387573.6475726221
 21
-518880.4665508128
 31
0.0
  0
LINE
  5
D80
330
2
100
AcDbEntity
  8
ARCH
100
AcDbLine
 10
-387573.6475726221
 20
-518880.4665508128
 30
0.0
 11
-387573.6475726221
 21
-519054.031234131
 31
0.0
  0
LINE
  5
D81
330
2
100
AcDbEntity
  8
ARCH
100
AcDbLine
 10
-387596.7435683762
 20
-519054.031234131
 30
0.0
 11
-387596.7435683762
 21
-518880.4665508128
 31
0.0
  0
INSERT
  5
D82
330
2
100
AcDbEntity
  8
JJ
100
AcDbBlockReference
  2
WP3
 10
-388608.5098176057
 20
-519104.0312341232
 30
0.0
 41
-1.0
 50
180.0
  0
LWPOLYLINE
  5
D83
330
2
100
AcDbEntity
  8
JJ
 62
   252
100
AcDbPolyline
 90
       16
 70
     1
 43
0.0
 10
-388882.983927323
 20
-518850.6145531979
 10
-388903.2129678265
 20
-518780.1641600687
 10
-388955.6841341097
 20
-518719.3977574668
 10
-389028.8731962876
 20
-518682.3094249588
 10
-389116.8274526135
 20
-518672.0348785479
 10
-389203.1897336679
 20
-518691.6071528044
 10
-389272.0183123188
 20
-518736.2704485728
 10
-389317.7278189794
 20
-518802.2736301754
 10
-389330.3480123716
 20
-518874.4761418175
 10
-389310.1189718383
 20
-518944.9265349244
 10
-389257.6478055851
 20
-519005.692937549
 10
-389184.4587434071
 20
-519042.7812700605
 10
-389096.504487081
 20
-519053.0558164453
 10
-389010.1422060268
 20
-519033.4835421887
 10
-388941.3136273758
 20
-518988.8202464428
 10
-388895.6041207151
 20
-518922.8170648436
  0
LWPOLYLINE
  5
D84
330
2
100
AcDbEntity
  8
JJ
 62
   252
100
AcDbPolyline
 90
       16
 70
     1
 43
0.0
 10
-388919.2817673818
 20
-518847.2707080913
 10
-388935.6646303671
 20
-518901.6558810806
 10
-388979.4238075153
 20
-518949.4719441494
 10
-389039.7723657923
 20
-518978.123449288
 10
-389113.406775667
 20
-518985.987415943
 10
-389185.7868803876
 20
-518970.335300002
 10
-389242.7452662722
 20
-518935.4268553103
 10
-389281.1697898046
 20
-518883.2272627426
 10
-389291.6745455997
 20
-518827.4079529379
 10
-389275.2916826146
 20
-518773.0227799487
 10
-389231.5325054662
 20
-518725.2067168798
 10
-389171.183947219
 20
-518696.5552117448
 10
-389097.5495373147
 20
-518688.6912450862
 10
-389025.169432594
 20
-518704.3433610272
 10
-388968.2110467389
 20
-518739.2518057185
 10
-388929.7865232065
 20
-518791.4513982867
  0
LINE
  5
D85
330
2
100
AcDbEntity
  8
JJ
100
AcDbLine
 10
-388608.5098176057
 20
-518894.031234123
 30
0.0
 11
-388852.3626451375
 21
-518611.2643808964
 31
0.0
  0
LINE
  5
D86
330
2
100
AcDbEntity
  8
JJ
100
AcDbLine
 10
-387632.5246971521
 20
-516079.5061477635
 30
0.0
 11
-387632.5246971521
 21
-515604.0312341207
 31
0.0
  0
INSERT
  5
D87
330
2
100
AcDbEntity
  8
JJ
 62
     8
100
AcDbBlockReference
  2
RDC1
 10
-389388.8464731515
 20
-515813.9925774626
 30
0.0
 50
180.0
  0
LINE
  5
D88
330
2
100
AcDbEntity
  8
WALL
100
AcDbLine
 10
-387196.7435683512
 20
-517991.6289727806
 30
0.0
 11
-387196.7435683512
 21
-517504.0312341231
 31
0.0
  0
LINE
  5
D89
330
2
100
AcDbEntity
  8
WALL
100
AcDbLine
 10
-386996.7435683657
 20
-517991.6289727806
 30
0.0
 11
-387196.7435683661
 21
-517991.6289727806
 31
0.0
  0
TEXT
  5
D8A
330
2
100
AcDbEntity
  8
CTEXT
100
AcDbText
 10
-389299.4039203887
 20
-515951.5819910378
 30
0.0
 40
500.0
  1
卧室
 50
359.9999999999995
 41
0.8
  7
_FSD
100
AcDbText
  0
LINE
  5
D8B
330
2
100
AcDbEntity
  8
WIN
100
AcDbLine
 10
-388026.7435686075
 20
-514104.1437838194
 30
0.0
 11
-390306.7435683612
 21
-514104.1437838194
 31
0.0
  0
LINE
  5
D8C
330
2
100
AcDbEntity
  8
WIN
100
AcDbLine
 10
-388146.7435686075
 20
-514224.1437838194
 30
0.0
 11
-390186.7435683612
 21
-514224.1437838194
 31
0.0
  0
LINE
  5
D8D
330
2
100
AcDbEntity
  8
WIN
100
AcDbLine
 10
-388086.7435686075
 20
-514164.1437838194
 30
0.0
 11
-390246.7435683611
 21
-514164.1437838194
 31
0.0
  0
LINE
  5
D8E
330
2
100
AcDbEntity
  8
PWINDOW
100
AcDbLine
 10
-388146.7435686075
 20
-514804.1437838117
 30
0.0
 11
-390186.7435683612
 21
-514804.1437838117
 31
0.0
  0
LINE
  5
D8F
330
2
100
AcDbEntity
  8
WIN
100
AcDbLine
 10
-390306.7435683612
 20
-514604.143783819
 30
0.0
 11
-390306.7435683612
 21
-514104.1437838194
 31
0.0
  0
LINE
  5
D90
330
2
100
AcDbEntity
  8
WALL
100
AcDbLine
 10
-390186.7435683612
 20
-514804.1437838156
 30
0.0
 11
-390696.7435683762
 21
-514804.1437838156
 31
0.0
  0
LINE
  5
D91
330
2
100
AcDbEntity
  8
WALL
100
AcDbLine
 10
-390186.7435683612
 20
-514604.143783819
 30
0.0
 11
-390186.7435683612
 21
-514804.1437838156
 31
0.0
  0
LINE
  5
D92
330
2
100
AcDbEntity
  8
WIN
100
AcDbLine
 10
-390186.7435683612
 20
-514604.143783819
 30
0.0
 11
-390186.7435683612
 21
-514224.1437838194
 31
0.0
  0
LINE
  5
D93
330
2
100
AcDbEntity
  8
WIN
100
AcDbLine
 10
-390246.7435683611
 20
-514604.143783819
 30
0.0
 11
-390246.7435683611
 21
-514164.1437838194
 31
0.0
  0
LINE
  5
D94
330
2
100
AcDbEntity
  8
WIN
100
AcDbLine
 10
-392076.7435683742
 20
-514604.143783819
 30
0.0
 11
-392076.7435683742
 21
-514104.1437838194
 31
0.0
  0
LINE
  5
D95
330
2
100
AcDbEntity
  8
WALL
100
AcDbLine
 10
-392196.7435683742
 20
-514804.1437838156
 30
0.0
 11
-392196.7435683742
 21
-514604.1437838172
 31
0.0
  0
LINE
  5
D96
330
2
100
AcDbEntity
  8
WIN
100
AcDbLine
 10
-392196.7435683742
 20
-514604.143783819
 30
0.0
 11
-392196.743568374
 21
-514224.1437838194
 31
0.0
  0
LINE
  5
D97
330
2
100
AcDbEntity
  8
WIN
100
AcDbLine
 10
-392136.743568374
 20
-514604.143783819
 30
0.0
 11
-392136.743568374
 21
-514164.1437838194
 31
0.0
  0
LINE
  5
D98
330
2
100
AcDbEntity
  8
WALL
100
AcDbLine
 10
-390186.7435683612
 20
-514604.143783819
 30
0.0
 11
-392196.7435683742
 21
-514604.1437838172
 31
0.0
  0
LINE
  5
D99
330
2
100
AcDbEntity
  8
WALL
100
AcDbLine
 10
-390186.7435683612
 20
-514604.143783819
 30
0.0
 11
-392196.7435683742
 21
-514604.1437838172
 31
0.0
  0
LINE
  5
D9A
330
2
100
AcDbEntity
  8
WALL
100
AcDbLine
 10
-390796.743568376
 20
-514804.1437838156
 30
0.0
 11
-392196.7435683742
 21
-514804.1437838156
 31
0.0
  0
LINE
  5
D9B
330
2
100
AcDbEntity
  8
PWINDOW
100
AcDbLine
 10
-388026.7435686075
 20
-514104.1437838194
 30
0.0
 11
-386996.7435683629
 21
-514104.1437838194
 31
0.0
  0
LINE
  5
D9C
330
2
100
AcDbEntity
  8
WALL
100
AcDbLine
 10
-386996.7435683611
 20
-514604.1437838153
 30
0.0
 11
-388061.9984289856
 21
-514604.143783819
 31
0.0
  0
LINE
  5
D9D
330
2
100
AcDbEntity
  8
WALL
100
AcDbLine
 10
-386996.7435683611
 20
-514604.1437838153
 30
0.0
 11
-388146.7435686075
 21
-514604.1437838194
 31
0.0
  0
LINE
  5
D9E
330
2
100
AcDbEntity
  8
WIN
100
AcDbLine
 10
-388026.7435686075
 20
-514604.1437838194
 30
0.0
 11
-388026.7435686075
 21
-514104.1437838194
 31
0.0
  0
LINE
  5
D9F
330
2
100
AcDbEntity
  8
WALL
100
AcDbLine
 10
-387196.7435683759
 20
-514804.1437838156
 30
0.0
 11
-388146.7435686075
 21
-514804.1437838117
 31
0.0
  0
LINE
  5
DA0
330
2
100
AcDbEntity
  8
WALL
100
AcDbLine
 10
-388146.7435686075
 20
-514604.1437838194
 30
0.0
 11
-388146.7435686075
 21
-514804.1437838117
 31
0.0
  0
LINE
  5
DA1
330
2
100
AcDbEntity
  8
WIN
100
AcDbLine
 10
-388146.7435686075
 20
-514604.1437838194
 30
0.0
 11
-388146.7435686075
 21
-514224.1437838194
 31
0.0
  0
LINE
  5
DA2
330
2
100
AcDbEntity
  8
WIN
100
AcDbLine
 10
-388086.7435686075
 20
-514604.1437838194
 30
0.0
 11
-388086.7435686075
 21
-514164.1437838194
 31
0.0
  0
LINE
  5
DA3
330
2
100
AcDbEntity
  8
PWINDOW
100
AcDbLine
 10
-386996.7435683611
 20
-514604.1437838153
 30
0.0
 11
-386996.7435683629
 21
-514104.1437838194
 31
0.0
  0
DIMENSION
  5
DA4
330
2
100
AcDbEntity
  8
PUB_DIM
100
AcDbDimension
280
     0
  2
*D72
 10
-369896.7435686415
 20
-511523.3330738888
 30
0.0
 11
-370496.7435686415
 21
-511073.3330738888
 31
0.0
 70
     1
 71
     5
 42
1200.0
 73
     0
 74
     0
 75
     0
  3
AXIS150
100
AcDbAlignedDimension
 13
-371096.7435686415
 23
-513100.6661436779
 33
0.0
 14
-369896.7435686415
 24
-513100.6661436639
 34
0.0
  0
DIMENSION
  5
DB3
330
2
100
AcDbEntity
  8
PUB_DIM
100
AcDbDimension
280
     0
  2
*D73
 10
-371096.7435686415
 20
-511523.3330738888
 30
0.0
 11
-373096.7435686308
 21
-511073.3330738888
 31
0.0
 70
     1
 71
     5
 42
3999.999999978813
 73
     0
 74
     0
 75
     0
  3
AXIS150
100
AcDbAlignedDimension
 13
-375096.7435686203
 23
-513100.666143719
 33
0.0
 14
-371096.7435686415
 24
-513100.6661436639
 34
0.0
  0
DIMENSION
  5
DC0
330
2
100
AcDbEntity
  8
PUB_DIM
100
AcDbDimension
280
     0
  2
*D74
 10
-377696.7435686203
 20
-511523.3330740007
 30
0.0
 11
-379396.7435686222
 21
-511073.3330740008
 31
0.0
 70
     1
 71
     5
 42
3400.000000004074
 73
     0
 74
     0
 75
     0
  3
AXIS150
100
AcDbAlignedDimension
 13
-381096.7435686244
 23
-513100.6661438291
 33
0.0
 14
-377696.7435686203
 24
-513100.6661437741
 34
0.0
  0
DIMENSION
  5
DCD
330
2
100
AcDbEntity
  8
PUB_DIM
100
AcDbDimension
280
     0
  2
*D75
 10
-381096.7435686279
 20
-511523.3330739079
 30
0.0
 11
-382896.7435686261
 21
-511073.3330739079
 31
0.0
 70
     1
 71
     5
 42
3599.999999996275
 73
     0
 74
     0
 75
     0
  3
AXIS150
100
AcDbAlignedDimension
 13
-384696.7435686241
 23
-513100.6661438101
 33
0.0
 14
-381096.7435686279
 24
-513100.6661437996
 34
0.0
  0
DIMENSION
  5
DDA
330
2
100
AcDbEntity
  8
PUB_DIM
100
AcDbDimension
280
     0
  2
*D76
 10
-375096.7435686203
 20
-511523.3330740011
 30
0.0
 11
-376396.7435686203
 21
-511073.3330740012
 31
0.0
 70
     1
 71
     5
 42
2600.0
 73
     0
 74
     0
 75
     0
  3
AXIS150
100
AcDbAlignedDimension
 13
-377696.7435686203
 23
-513100.6661437741
 33
0.0
 14
-375096.7435686203
 24
-513100.6661440634
 34
0.0
  0
LINE
  5
DE7
330
2
100
AcDbEntity
  8
WALL
100
AcDbLine
 10
-384796.7435686571
 20
-514604.1437838153
 30
0.0
 11
-384796.7435686522
 21
-517991.6289727806
 31
0.0
  0
LINE
  5
DE8
330
2
100
AcDbEntity
  8
WALL
100
AcDbLine
 10
-384596.7435686422
 20
-514804.1437838156
 30
0.0
 11
-384596.7435686493
 21
-517404.0312341232
 31
0.0
  0
LINE
  5
DE9
330
2
100
AcDbEntity
  8
PWINDOW
100
AcDbLine
 10
-377796.7435686433
 20
-516204.1437838194
 30
0.0
 11
-377796.7435686433
 21
-514804.1437838156
 31
0.0
  0
LINE
  5
DEA
330
2
100
AcDbEntity
  8
WIN
100
AcDbLine
 10
-377216.743568644
 20
-516204.1437838194
 30
0.0
 11
-377216.743568644
 21
-514224.1437838194
 31
0.0
  0
LINE
  5
DEB
330
2
100
AcDbEntity
  8
WIN
100
AcDbLine
 10
-377156.743568644
 20
-516264.1437838194
 30
0.0
 11
-377156.743568644
 21
-514164.1437838194
 31
0.0
  0
INSERT
  5
DEC
330
2
100
AcDbEntity
  8
JJ
100
AcDbBlockReference
  2
SZ2
 10
-377752.8242612053
 20
-514768.6803196999
 30
0.0
 41
0.7999999999883585
 42
0.7999999999883585
 43
0.8
 50
90.0
  0
LINE
  5
DED
330
2
100
AcDbEntity
  8
WIN
100
AcDbLine
 10
-377096.743568644
 20
-516324.1437838195
 30
0.0
 11
-377096.743568644
 21
-514104.1437838194
 31
0.0
  0
LINE
  5
DEE
330
2
100
AcDbEntity
  8
WALL
100
AcDbLine
 10
-380996.743568642
 20
-514804.1437838156
 30
0.0
 11
-380996.7435686433
 21
-518104.0312341231
 31
0.0
  0
LINE
  5
DEF
330
2
100
AcDbEntity
  8
WALL
100
AcDbLine
 10
-381096.7435686421
 20
-514804.1437838156
 30
0.0
 11
-381096.7435686605
 21
-517404.0312341229
 31
0.0
  0
LINE
  5
DF0
330
2
100
AcDbEntity
  8
JJ
100
AcDbLine
 10
-381596.7435686513
 20
-514804.1437838117
 30
0.0
 11
-381596.7435686513
 21
-516328.1922699375
 31
0.0
  0
LINE
  5
DF1
330
2
100
AcDbEntity
  8
JJ
100
AcDbLine
 10
-381346.7435686512
 20
-514804.1437838117
 30
0.0
 11
-381346.7435686512
 21
-516328.1922699375
 31
0.0
  0
INSERT
  5
DF2
330
2
100
AcDbEntity
  8
JJ
100
AcDbBlockReference
  2
SZ2
 10
-384640.6628760868
 20
-515639.4946982364
 30
0.0
 41
0.7999999999883585
 42
0.7999999999883585
 43
0.8
 50
270.0
  0
LINE
  5
DF3
330
2
100
AcDbEntity
  8
JJ
100
AcDbLine
 10
-380996.7435686433
 20
-517878.2906380916
 30
0.0
 11
-380521.8062362557
 21
-517878.2906380916
 31
0.0
  0
LINE
  5
DF4
330
2
100
AcDbEntity
  8
JJ
100
AcDbLine
 10
-380996.7435686436
 20
-516478.290638091
 30
0.0
 11
-380492.0802173908
 21
-516478.290638091
 31
0.0
  0
LINE
  5
DF5
330
2
100
AcDbEntity
  8
JJ
100
AcDbLine
 10
-384160.9624398658
 20
-516079.5061477635
 30
0.0
 11
-384160.9624398658
 21
-515604.0312341207
 31
0.0
  0
LINE
  5
DF6
330
2
100
AcDbEntity
  8
WALL
100
AcDbLine
 10
-384796.7435686522
 20
-517991.6289727806
 30
0.0
 11
-384596.7435686521
 21
-517991.6289727806
 31
0.0
  0
LINE
  5
DF7
330
2
100
AcDbEntity
  8
WALL
100
AcDbLine
 10
-384596.7435686671
 20
-517991.6289727806
 30
0.0
 11
-384596.7435686671
 21
-517504.0312341231
 31
0.0
  0
CIRCLE
  5
DF8
330
2
100
AcDbEntity
  8
ARCH
100
AcDbCircle
 10
-384208.2915665193
 20
-517727.5959174409
 30
0.0
 40
22.45107156783342
  0
LINE
  5
DF9
330
2
100
AcDbEntity
  8
ARCH
100
AcDbLine
 10
-384196.7435686422
 20
-517727.5959174333
 30
0.0
 11
-384219.8395643961
 21
-517727.5959174333
 31
0.0
  0
LINE
  5
DFA
330
2
100
AcDbEntity
  8
ARCH
100
AcDbLine
 10
-384219.8395643961
 20
-517727.5959174333
 30
0.0
 11
-384219.8395643961
 21
-517554.0312341151
 31
0.0
  0
LINE
  5
DFB
330
2
100
AcDbEntity
  8
ARCH
100
AcDbLine
 10
-384196.7435686422
 20
-517554.0312341151
 30
0.0
 11
-384196.7435686422
 21
-517727.5959174333
 31
0.0
  0
LINE
  5
DFC
330
2
100
AcDbEntity
  8
JJ
100
AcDbLine
 10
-381499.5826568221
 20
-516037.2560307674
 30
0.0
 11
-381169.1711196393
 21
-516037.2560307674
 31
0.0
  0
LINE
  5
DFD
330
2
100
AcDbEntity
  8
JJ
100
AcDbLine
 10
-381181.5378000598
 20
-515522.6539208241
 30
0.0
 11
-381511.9493372424
 21
-515553.0173930651
 31
0.0
  0
LINE
  5
DFE
330
2
100
AcDbEntity
  8
JJ
100
AcDbLine
 10
-381181.5378000598
 20
-515803.9591515922
 30
0.0
 11
-381511.9493372424
 21
-515803.9591515922
 31
0.0
  0
LINE
  5
DFF
330
2
100
AcDbEntity
  8
JJ
100
AcDbLine
 10
-381511.9493372424
 20
-515751.1349942202
 30
0.0
 11
-381181.5378000598
 21
-515751.1349942202
 31
0.0
  0
LINE
  5
E00
330
2
100
AcDbEntity
  8
JJ
100
AcDbLine
 10
-381169.1711196394
 20
-515894.3710772053
 30
0.0
 11
-381499.5826568221
 21
-515924.7345494463
 31
0.0
  0
LINE
  5
E01
330
2
100
AcDbEntity
  8
JJ
100
AcDbLine
 10
-381181.5378000598
 20
-515164.2056359447
 30
0.0
 11
-381511.9493372424
 21
-515194.5691081859
 31
0.0
  0
LINE
  5
E02
330
2
100
AcDbEntity
  8
JJ
100
AcDbLine
 10
-381181.5378000598
 20
-515370.3865282963
 30
0.0
 11
-381511.9493372424
 21
-515370.3865282963
 31
0.0
  0
LINE
  5
E03
330
2
100
AcDbEntity
  8
JJ
100
AcDbLine
 10
-381511.9493372424
 20
-515317.5623709245
 30
0.0
 11
-381181.5378000598
 21
-515317.5623709245
 31
0.0
  0
LINE
  5
E04
330
2
100
AcDbEntity
  8
JJ
100
AcDbLine
 10
-381511.9493372424
 20
-515035.1816413029
 30
0.0
 11
-381181.5378000598
 21
-515120.3933347449
 31
0.0
  0
LINE
  5
E05
330
2
100
AcDbEntity
  8
JJ
100
AcDbLine
 10
-381499.5826568221
 20
-516158.2608498102
 30
0.0
 11
-381169.1711196393
 21
-516158.2608498102
 31
0.0
  0
TEXT
  5
E06
330
2
100
AcDbEntity
  8
CTEXT
100
AcDbText
 10
-383202.0832166293
 20
-515951.5819910378
 30
0.0
 40
500.0
  1
卧室
 41
0.8
  7
_FSD
100
AcDbText
  0
LINE
  5
E07
330
2
100
AcDbEntity
  8
WALL
100
AcDbLine
 10
-380996.7435686433
 20
-518104.0312341231
 30
0.0
 11
-381096.7435686429
 21
-518104.0312341231
 31
0.0
  0
INSERT
  5
E08
330
2
100
AcDbEntity
  8
WINDOW
100
AcDbBlockReference
 66
     1
  2
_DBLK
 10
-381646.7435686553
 20
-517454.0312341232
 30
0.0
 41
-900.0
 42
-900.0
 43
900.0
1001
WTHICK
1040
100.0000000000582
  0
ATTRIB
  5
E09
330
E08
100
AcDbEntity
  8
0
100
AcDbText
 10
-381646.7435686553
 20
-517104.0312341228
 30
0.0
 40
300.0
  1

 41
0.8
  7
_SIMPLEX
 72
     4
 11
-381646.7435686553
 21
-517104.0312341228
 31
0.0
100
AcDbAttribute
280
     0
  2
A
 70
     9
280
     0
  0
SEQEND
  5
E0A
330
E08
100
AcDbEntity
  8
WINDOW
  0
LINE
  5
E0B
330
2
100
AcDbEntity
  8
WALL
100
AcDbLine
 10
-381096.7435686429
 20
-518104.0312341231
 30
0.0
 11
-381096.7435686425
 21
-517504.0312341231
 31
0.0
  0
LINE
  5
E0C
330
2
100
AcDbEntity
  8
WALL
100
AcDbLine
 10
-381196.7435686606
 20
-517404.0312341229
 30
0.0
 11
-381196.7435686606
 21
-517504.0312341231
 31
0.0
  0
LINE
  5
E0D
330
2
100
AcDbEntity
  8
WALL
100
AcDbLine
 10
-381196.7435686606
 20
-517404.0312341229
 30
0.0
 11
-381096.7435686605
 21
-517404.0312341229
 31
0.0
  0
LINE
  5
E0E
330
2
100
AcDbEntity
  8
WALL
100
AcDbLine
 10
-381196.7435686606
 20
-517504.0312341231
 30
0.0
 11
-381096.7435686425
 21
-517504.0312341231
 31
0.0
  0
LINE
  5
E0F
330
2
100
AcDbEntity
  8
WALL
100
AcDbLine
 10
-382096.7435686607
 20
-517404.0312341229
 30
0.0
 11
-382096.7435686497
 21
-517504.0312341231
 31
0.0
  0
LINE
  5
E10
330
2
100
AcDbEntity
  8
JJ
100
AcDbLine
 10
-381596.7435686513
 20
-516328.1922699375
 30
0.0
 11
-381096.7435686514
 21
-516328.1922699375
 31
0.0
  0
LINE
  5
E11
330
2
100
AcDbEntity
  8
JJ
100
AcDbLine
 10
-383184.9773194122
 20
-517714.0312341228
 30
0.0
 11
-382941.1244918804
 21
-517996.7980873498
 31
0.0
  0
LWPOLYLINE
  5
E12
330
2
100
AcDbEntity
  8
JJ
 62
   252
100
AcDbPolyline
 90
       16
 70
     1
 43
0.0
 10
-382874.2053696363
 20
-517760.7917601548
 10
-382857.8225066511
 20
-517706.4065871658
 10
-382814.0633295028
 20
-517658.5905240967
 10
-382753.7147712258
 20
-517629.939018958
 10
-382680.0803613514
 20
-517622.0750523031
 10
-382607.7002566307
 20
-517637.7271682441
 10
-382550.7418707458
 20
-517672.6356129354
 10
-382512.3173472135
 20
-517724.8352055035
 10
-382501.8125914186
 20
-517780.654515308
 10
-382518.1954544034
 20
-517835.0396882975
 10
-382561.9546315519
 20
-517882.8557513661
 10
-382622.303189799
 20
-517911.5072565011
 10
-382695.9375997033
 20
-517919.3712231597
 10
-382768.3177044241
 20
-517903.7191072189
 10
-382825.276090279
 20
-517868.8106625274
 10
-382863.7006138114
 20
-517816.6110699594
  0
LWPOLYLINE
  5
E13
330
2
100
AcDbEntity
  8
JJ
 62
   252
100
AcDbPolyline
 90
       16
 70
     1
 43
0.0
 10
-382910.5032096951
 20
-517757.4479150481
 10
-382890.2741691915
 20
-517827.8983081773
 10
-382837.8030029087
 20
-517888.6647107796
 10
-382764.6139407305
 20
-517925.7530432872
 10
-382676.6596844045
 20
-517936.0275896982
 10
-382590.2974033502
 20
-517916.4553154415
 10
-382521.4688246993
 20
-517871.7920196732
 10
-382475.7593180386
 20
-517805.7888380705
 10
-382463.1391246466
 20
-517733.5863264286
 10
-382483.3681651798
 20
-517663.1359333217
 10
-382535.8393314331
 20
-517602.3695306973
 10
-382609.0283936111
 20
-517565.2811981859
 10
-382696.9826499372
 20
-517555.006651801
 10
-382783.3449309914
 20
-517574.5789260572
 10
-382852.1735096423
 20
-517619.2422218033
 10
-382897.8830163032
 20
-517685.2454034023
  0
INSERT
  5
E14
330
2
100
AcDbEntity
  8
JJ
100
AcDbBlockReference
  2
WP3
 10
-383184.9773194122
 20
-517504.0312341228
 30
0.0
 41
-1.0
  0
LINE
  5
E15
330
2
100
AcDbEntity
  8
JJ
100
AcDbLine
 10
-382941.1244918804
 20
-517996.7980873498
 30
0.0
 11
-382196.7435686508
 21
-517996.7980873499
 31
0.0
  0
LINE
  5
E16
330
2
100
AcDbEntity
  8
WALL
100
AcDbLine
 10
-384596.7435686493
 20
-517404.0312341232
 30
0.0
 11
-382096.7435686607
 21
-517404.0312341229
 31
0.0
  0
LINE
  5
E17
330
2
100
AcDbEntity
  8
WALL
100
AcDbLine
 10
-384596.7435686422
 20
-517504.0312341231
 30
0.0
 11
-382196.7435686497
 21
-517504.0312341228
 31
0.0
  0
INSERT
  5
E18
330
2
100
AcDbEntity
  8
JJ
 62
     8
100
AcDbBlockReference
  2
RDC1
 10
-382404.6406638661
 20
-515813.9925774626
 30
0.0
 41
-1.0
 50
180.0
  0
LINE
  5
E19
330
2
100
AcDbEntity
  8
WALL
100
AcDbLine
 10
-377596.7435686436
 20
-516204.1437838194
 30
0.0
 11
-377796.7435686433
 21
-516204.1437838194
 31
0.0
  0
LINE
  5
E1A
330
2
100
AcDbEntity
  8
WIN
100
AcDbLine
 10
-377596.7435686436
 20
-516204.1437838194
 30
0.0
 11
-377216.743568644
 21
-516204.1437838194
 31
0.0
  0
LINE
  5
E1B
330
2
100
AcDbEntity
  8
WIN
100
AcDbLine
 10
-377596.7435686436
 20
-516264.1437838194
 30
0.0
 11
-377156.743568644
 21
-516264.1437838194
 31
0.0
  0
LINE
  5
E1C
330
2
100
AcDbEntity
  8
JJ
100
AcDbLine
 10
-378246.7435686435
 20
-516189.2563334927
 30
0.0
 11
-378246.7435686435
 21
-515604.1437838154
 31
0.0
  0
TEXT
  5
E1D
330
2
100
AcDbEntity
  8
CTEXT
100
AcDbText
 10
-380034.5760242468
 20
-515917.5484155317
 30
0.0
 40
500.0
  1
主卧室
 41
0.8
  7
_FSD
100
AcDbText
  0
ARC
  5
E1E
330
2
100
AcDbEntity
  8
JJ
100
AcDbCircle
 10
-382861.7826124268
 20
-517128.2906380916
 30
0.0
 40
2457.232069024168
100
AcDbArc
 50
342.2285110497492
 51
15.33874674850831
  0
LINE
  5
E1F
330
2
100
AcDbEntity
  8
WALL
100
AcDbLine
 10
-377796.7435686441
 20
-517003.8741263077
 30
0.0
 11
-377796.7435686441
 21
-517003.8741263077
 31
0.0
  0
LINE
  5
E20
330
2
100
AcDbEntity
  8
WIN
100
AcDbLine
 10
-377596.7435686436
 20
-516324.1437838195
 30
0.0
 11
-377096.743568644
 21
-516324.1437838195
 31
0.0
  0
LINE
  5
E21
330
2
100
AcDbEntity
  8
PWINDOW
100
AcDbLine
 10
-377596.7435686438
 20
-518104.0312341231
 30
0.0
 11
-377096.7435686443
 21
-518104.0312341231
 31
0.0
  0
LINE
  5
E22
330
2
100
AcDbEntity
  8
WALL
100
AcDbLine
 10
-380996.743568642
 20
-514804.1437838156
 30
0.0
 11
-379596.743568644
 21
-514804.1437838156
 31
0.0
  0
LINE
  5
E23
330
2
100
AcDbEntity
  8
WALL
100
AcDbLine
 10
-381606.7435686568
 20
-514604.143783819
 30
0.0
 11
-379596.743568644
 21
-514604.1437838172
 31
0.0
  0
LINE
  5
E24
330
2
100
AcDbEntity
  8
WALL
100
AcDbLine
 10
-381606.7435686568
 20
-514604.143783819
 30
0.0
 11
-379596.743568644
 21
-514604.1437838172
 31
0.0
  0
LINE
  5
E25
330
2
100
AcDbEntity
  8
PWINDOW
100
AcDbLine
 10
-384796.7435686552
 20
-514104.1437838194
 30
0.0
 11
-383766.7435684107
 21
-514104.1437838194
 31
0.0
  0
LINE
  5
E26
330
2
100
AcDbEntity
  8
PWINDOW
100
AcDbLine
 10
-384796.7435686571
 20
-514604.1437838153
 30
0.0
 11
-384796.7435686552
 21
-514104.1437838194
 31
0.0
  0
LINE
  5
E27
330
2
100
AcDbEntity
  8
WIN
100
AcDbLine
 10
-383706.7435684108
 20
-514604.1437838194
 30
0.0
 11
-383706.7435684105
 21
-514164.1437838194
 31
0.0
  0
LINE
  5
E28
330
2
100
AcDbEntity
  8
WIN
100
AcDbLine
 10
-383646.7435684109
 20
-514604.1437838194
 30
0.0
 11
-383646.7435684104
 21
-514224.1437838194
 31
0.0
  0
LINE
  5
E29
330
2
100
AcDbEntity
  8
WALL
100
AcDbLine
 10
-383646.7435684109
 20
-514604.1437838194
 30
0.0
 11
-383646.7435684109
 21
-514804.1437838117
 31
0.0
  0
LINE
  5
E2A
330
2
100
AcDbEntity
  8
WIN
100
AcDbLine
 10
-383766.7435684107
 20
-514604.1437838194
 30
0.0
 11
-383766.7435684107
 21
-514104.1437838194
 31
0.0
  0
LINE
  5
E2B
330
2
100
AcDbEntity
  8
WIN
100
AcDbLine
 10
-381486.7435686571
 20
-514604.143783819
 30
0.0
 11
-381486.7435686571
 21
-514104.1437838194
 31
0.0
  0
LINE
  5
E2C
330
2
100
AcDbEntity
  8
WALL
100
AcDbLine
 10
-381606.7435686568
 20
-514804.1437838156
 30
0.0
 11
-381096.7435686421
 21
-514804.1437838156
 31
0.0
  0
LINE
  5
E2D
330
2
100
AcDbEntity
  8
WALL
100
AcDbLine
 10
-381606.7435686568
 20
-514604.143783819
 30
0.0
 11
-381606.7435686568
 21
-514804.1437838156
 31
0.0
  0
LINE
  5
E2E
330
2
100
AcDbEntity
  8
WIN
100
AcDbLine
 10
-381606.7435686568
 20
-514604.143783819
 30
0.0
 11
-381606.7435686568
 21
-514224.1437838194
 31
0.0
  0
LINE
  5
E2F
330
2
100
AcDbEntity
  8
WIN
100
AcDbLine
 10
-381546.7435686571
 20
-514604.143783819
 30
0.0
 11
-381546.7435686571
 21
-514164.1437838194
 31
0.0
  0
LINE
  5
E30
330
2
100
AcDbEntity
  8
WIN
100
AcDbLine
 10
-383766.7435684107
 20
-514104.1437838194
 30
0.0
 11
-381486.7435686571
 21
-514104.1437838194
 31
0.0
  0
LINE
  5
E31
330
2
100
AcDbEntity
  8
WIN
100
AcDbLine
 10
-383646.7435684104
 20
-514224.1437838194
 30
0.0
 11
-381606.7435686568
 21
-514224.1437838194
 31
0.0
  0
LINE
  5
E32
330
2
100
AcDbEntity
  8
WIN
100
AcDbLine
 10
-383706.7435684105
 20
-514164.1437838194
 30
0.0
 11
-381546.7435686571
 21
-514164.1437838194
 31
0.0
  0
LINE
  5
E33
330
2
100
AcDbEntity
  8
PWINDOW
100
AcDbLine
 10
-383646.7435684109
 20
-514804.1437838117
 30
0.0
 11
-381606.7435686568
 21
-514804.1437838117
 31
0.0
  0
LINE
  5
E34
330
2
100
AcDbEntity
  8
WALL
100
AcDbLine
 10
-384596.7435686422
 20
-514804.1437838156
 30
0.0
 11
-383646.7435684109
 21
-514804.1437838117
 31
0.0
  0
LINE
  5
E35
330
2
100
AcDbEntity
  8
WALL
100
AcDbLine
 10
-384796.7435686571
 20
-514604.1437838153
 30
0.0
 11
-383646.7435684109
 21
-514604.1437838194
 31
0.0
  0
LINE
  5
E36
330
2
100
AcDbEntity
  8
WALL
100
AcDbLine
 10
-384796.7435686571
 20
-514604.1437838153
 30
0.0
 11
-383731.4887080324
 21
-514604.143783819
 31
0.0
  0
LINE
  5
E37
330
2
100
AcDbEntity
  8
PWINDOW
100
AcDbLine
 10
-379596.743568644
 20
-514804.1437838156
 30
0.0
 11
-377796.7435686433
 21
-514804.1437838156
 31
0.0
  0
LINE
  5
E38
330
2
100
AcDbEntity
  8
WIN
100
AcDbLine
 10
-377216.743568644
 20
-514224.1437838194
 30
0.0
 11
-379596.743568644
 21
-514224.1437838194
 31
0.0
  0
LINE
  5
E39
330
2
100
AcDbEntity
  8
WIN
100
AcDbLine
 10
-377156.743568644
 20
-514164.1437838194
 30
0.0
 11
-379656.743568644
 21
-514164.1437838194
 31
0.0
  0
LINE
  5
E3A
330
2
100
AcDbEntity
  8
WIN
100
AcDbLine
 10
-377096.743568644
 20
-514104.1437838194
 30
0.0
 11
-379716.7435686438
 21
-514104.1437838194
 31
0.0
  0
LINE
  5
E3B
330
2
100
AcDbEntity
  8
WIN
100
AcDbLine
 10
-379656.743568644
 20
-514604.143783819
 30
0.0
 11
-379656.743568644
 21
-514164.1437838194
 31
0.0
  0
LINE
  5
E3C
330
2
100
AcDbEntity
  8
WIN
100
AcDbLine
 10
-379596.743568644
 20
-514604.143783819
 30
0.0
 11
-379596.743568644
 21
-514224.1437838194
 31
0.0
  0
LINE
  5
E3D
330
2
100
AcDbEntity
  8
WALL
100
AcDbLine
 10
-379596.743568644
 20
-514804.1437838156
 30
0.0
 11
-379596.743568644
 21
-514604.1437838172
 31
0.0
  0
LINE
  5
E3E
330
2
100
AcDbEntity
  8
WIN
100
AcDbLine
 10
-379716.7435686438
 20
-514604.143783819
 30
0.0
 11
-379716.7435686438
 21
-514104.1437838194
 31
0.0
  0
LINE
  5
E3F
330
2
100
AcDbEntity
  8
WALL
100
AcDbLine
 10
-402002.3372193577
 20
-525744.0312341195
 30
0.0
 11
-401827.3371700291
 21
-525744.0312341195
 31
0.0
  0
LINE
  5
E40
330
2
100
AcDbEntity
  8
WALL
100
AcDbLine
 10
-402102.3372193577
 20
-531124.0312341232
 30
0.0
 11
-402202.3372193578
 21
-531124.0312341232
 31
0.0
  0
LINE
  5
E41
330
2
100
AcDbEntity
  8
WALL
100
AcDbLine
 10
-402952.3372193579
 20
-531124.0312341232
 30
0.0
 11
-404702.3372193577
 21
-531124.0312341232
 31
0.0
  0
LINE
  5
E42
330
2
100
AcDbEntity
  8
WALL
100
AcDbLine
 10
-404702.3372193577
 20
-531224.0312341232
 30
0.0
 11
-402952.3372193579
 21
-531224.0312341232
 31
0.0
  0
LINE
  5
E43
330
2
100
AcDbEntity
  8
WALL
100
AcDbLine
 10
-402202.3372193578
 20
-531224.0312341232
 30
0.0
 11
-402002.3372193577
 21
-531224.0312341232
 31
0.0
  0
LINE
  5
E44
330
2
100
AcDbEntity
  8
WALL
100
AcDbLine
 10
-402202.3372193578
 20
-531124.0312341232
 30
0.0
 11
-402202.3372193578
 21
-531224.0312341232
 31
0.0
  0
LINE
  5
E45
330
2
100
AcDbEntity
  8
WALL
100
AcDbLine
 10
-402952.3372193579
 20
-531124.0312341232
 30
0.0
 11
-402952.3372193579
 21
-531224.0312341232
 31
0.0
  0
LWPOLYLINE
  5
E46
330
2
100
AcDbEntity
  8
DOOR
100
AcDbPolyline
 90
        3
 70
     0
 43
0.0
 10
-402202.3372193578
 20
-531124.0312341232
 10
-402202.3372193578
 20
-530374.0312341229
 42
0.4142135623730951
 10
-402952.3372193579
 20
-531124.0312341232
  0
LINE
  5
E47
330
2
100
AcDbEntity
  8
WALL
100
AcDbLine
 10
-402002.3372193577
 20
-531224.0312341232
 30
0.0
 11
-402002.3372193577
 21
-529204.0312341232
 31
0.0
  0
LINE
  5
E48
330
2
100
AcDbEntity
  8
WALL
100
AcDbLine
 10
-401002.3372193577
 20
-530524.0312341229
 30
0.0
 11
-401102.3372193577
 21
-530524.0312341229
 31
0.0
  0
LINE
  5
E49
330
2
100
AcDbEntity
  8
WALL
100
AcDbLine
 10
-401102.3372193577
 20
-530424.0312341232
 30
0.0
 11
-400902.3372193577
 21
-530424.0312341232
 31
0.0
  0
LINE
  5
E4A
330
2
100
AcDbEntity
  8
WALL
100
AcDbLine
 10
-401102.3372193577
 20
-530524.0312341229
 30
0.0
 11
-401102.3372193577
 21
-530424.0312341232
 31
0.0
  0
LWPOLYLINE
  5
E4B
330
2
100
AcDbEntity
  8
DOOR
100
AcDbPolyline
 90
        3
 70
     0
 43
0.0
 10
-401102.3372193577
 20
-530524.0312341229
 10
-401102.3372193577
 20
-531424.0312341232
 42
-0.4142135623731054
 10
-402002.3372193577
 20
-530524.0312341229
  0
LINE
  5
E4C
330
2
100
AcDbEntity
  8
WALL
100
AcDbLine
 10
-402102.3372193577
 20
-528204.0312341228
 30
0.0
 11
-402002.3372193577
 21
-528204.0312341228
 31
0.0
  0
LINE
  5
E4D
330
2
100
AcDbEntity
  8
WALL
100
AcDbLine
 10
-394086.8561180608
 20
-527244.0312341172
 30
0.0
 11
-396286.8561180608
 21
-527244.0312341172
 31
0.0
  0
LINE
  5
E4E
330
2
100
AcDbEntity
  8
WALL
100
AcDbLine
 10
-394086.8561180618
 20
-527044.0312341172
 30
0.0
 11
-394086.8561180685
 21
-525544.0312341257
 31
0.0
  0
LINE
  5
E4F
330
2
100
AcDbEntity
  8
WIN
100
AcDbLine
 10
-396286.8561180608
 20
-527244.0312341172
 30
0.0
 11
-397154.6529435478
 21
-527244.0312341243
 31
0.0
  0
LINE
  5
E50
330
2
100
AcDbEntity
  8
PWINDOW
100
AcDbLine
 10
-396286.8561180626
 20
-527044.0312341172
 30
0.0
 11
-397902.4497690364
 21
-527044.031234131
 31
0.0
  0
LINE
  5
E51
330
2
100
AcDbEntity
  8
WIN
100
AcDbLine
 10
-396286.8561180615
 20
-527184.0312341172
 30
0.0
 11
-397902.4497690352
 21
-527184.0312341306
 31
0.0
  0
LINE
  5
E52
330
2
100
AcDbEntity
  8
WIN
100
AcDbLine
 10
-397034.6529435488
 20
-527124.0312341237
 30
0.0
 11
-397902.4497690357
 21
-527124.0312341308
 31
0.0
  0
LINE
  5
E53
330
2
100
AcDbEntity
  8
WIN
100
AcDbLine
 10
-397154.6529435478
 20
-527244.0312341243
 30
0.0
 11
-397154.6529435483
 21
-527184.0312341243
 31
0.0
  0
LINE
  5
E54
330
2
100
AcDbEntity
  8
WIN
100
AcDbLine
 10
-397034.6529435485
 20
-527184.0312341235
 30
0.0
 11
-397034.6529435488
 21
-527124.0312341237
 31
0.0
  0
LINE
  5
E55
330
2
100
AcDbEntity
  8
WIN
100
AcDbLine
 10
-394086.8561180685
 20
-525544.0312341305
 30
0.0
 11
-395287.1424958112
 21
-525544.0312341342
 31
0.0
  0
LINE
  5
E56
330
2
100
AcDbEntity
  8
WIN
100
AcDbLine
 10
-394086.8561180685
 20
-525654.0312341268
 30
0.0
 11
-395287.1424958112
 21
-525654.0312341268
 31
0.0
  0
LINE
  5
E57
330
2
100
AcDbEntity
  8
WIN
100
AcDbLine
 10
-394086.8561180685
 20
-525594.0312341342
 30
0.0
 11
-395287.1424958112
 21
-525594.0312341342
 31
0.0
  0
LINE
  5
E58
330
2
100
AcDbEntity
  8
WIN
100
AcDbLine
 10
-394086.8561180685
 20
-525744.0312341266
 30
0.0
 11
-395287.1424958112
 21
-525744.0312341305
 31
0.0
  0
LINE
  5
E59
330
2
100
AcDbEntity
  8
WALL
100
AcDbLine
 10
-395287.1424958112
 20
-525544.0312341342
 30
0.0
 11
-395287.1424958112
 21
-525744.0312341305
 31
0.0
  0
LINE
  5
E5A
330
2
100
AcDbEntity
  8
WALL
100
AcDbLine
 10
-395287.1424958112
 20
-525544.0312341342
 30
0.0
 11
-396286.8561180684
 21
-525544.0312341384
 31
0.0
  0
DIMENSION
  5
E5B
330
2
100
AcDbEntity
  8
PUB_DIM
100
AcDbDimension
280
     0
  2
*D77
 10
-394096.743568365
 20
-511523.3330740739
 30
0.0
 11
-395146.7435684278
 21
-511073.3330740739
 31
0.0
 70
     1
 71
     5
 42
2100.000000125729
 73
     0
 74
     0
 75
     0
  3
AXIS150
100
AcDbAlignedDimension
 13
-396196.7435684906
 23
-513100.6661439091
 33
0.0
 14
-394096.743568365
 24
-513100.6661440443
 34
0.0
  0
LINE
  5
E68
330
2
100
AcDbEntity
  8
WALL
100
AcDbLine
 10
-396286.8561180684
 20
-525544.0312341072
 30
0.0
 11
-396286.8561180675
 21
-525744.0312341266
 31
0.0
  0
LINE
  5
E69
330
2
100
AcDbEntity
  8
WALL
100
AcDbLine
 10
-396286.856118064
 20
-526494.0312341072
 30
0.0
 11
-396286.8561180608
 21
-527244.0312341172
 31
0.0
  0
LINE
  5
E6A
330
2
100
AcDbEntity
  8
WALL
100
AcDbLine
 10
-396086.8561180621
 20
-527044.0312341172
 30
0.0
 11
-396086.8561180653
 21
-526494.0312341058
 31
0.0
  0
LINE
  5
E6B
330
2
100
AcDbEntity
  8
WALL
100
AcDbLine
 10
-396286.856118064
 20
-526494.0312341072
 30
0.0
 11
-396086.8561180653
 21
-526494.0312341058
 31
0.0
  0
LWPOLYLINE
  5
E6C
330
2
100
AcDbEntity
  8
DOOR
100
AcDbPolyline
 90
        3
 70
     0
 43
0.0
 10
-396286.8561180675
 20
-525744.0312341072
 10
-397036.8561180674
 20
-525744.0312341131
 42
0.4142135623739496
 10
-396286.856118064
 20
-526494.0312341072
 42
0.4142135623739496
  0
LINE
  5
E6D
330
2
100
AcDbEntity
  8
PWINDOW
100
AcDbLine
 10
-396286.856118064
 20
-526494.0312341072
 30
0.0
 11
-396286.856118064
 21
-525744.0312341266
 31
0.0
  0
INSERT
  5
E6E
330
2
100
AcDbEntity
  8
JJ
 62
     8
100
AcDbBlockReference
  2
RDC1
 10
-396169.3538776058
 20
-525533.4945102898
 30
0.0
 41
0.9499999999534336
 42
0.9500000000116417
 43
0.95
 50
180.0
  0
HATCH
  5
E6F
330
2
100
AcDbEntity
  8
HA
100
AcDbHatch
 10
0.0
 20
0.0
 30
0.0
210
0.0
220
0.0
230
1.0
  2
ANSI37
 70
     0
 71
     0
 91
        1
 92
        1
 93
        9
 72
     1
 10
-393986.8561180661
 20
-529204.0312341303
 11
-393986.8561180661
 21
-526243.6149853471
 72
     1
 10
-393986.8561180661
 20
-526243.6149853471
 11
-392499.4497690629
 21
-526243.6149853471
 72
     1
 10
-392499.4497690629
 20
-526243.6149853471
 11
-392499.4497690629
 21
-528514.0312341232
 72
     1
 10
-392499.4497690629
 20
-528514.0312341232
 11
-392689.4107041338
 21
-528514.0312341232
 72
     1
 10
-392689.4107041338
 20
-528514.0312341232
 11
-392689.4107041313
 21
-529204.0312341255
 72
     1
 10
-392689.4107041315
 20
-529204.0312341255
 11
-393086.8561180665
 21
-529204.0312341269
 72
     2
 10
-393886.856118066
 20
-529204.0312341299
 40
800.0000000000728
 50
0.0000000002092551
 51
90.00000000020325
 73
     1
 72
     1
 10
-393886.8561180689
 20
-528404.03123413
 11
-393886.8561180664
 21
-529204.0312341299
 72
     1
 10
-393886.856118066
 20
-529204.0312341299
 11
-393986.8561180661
 21
-529204.0312341303
 97
        0
 75
     0
 76
     1
 52
45.0
 41
1000.0
 77
     0
 78
     2
 53
90.0
 43
-376217.2286528461
 44
-542655.500399757
 45
125.0
 46
0.0000000000000213
 79
     0
 53
0.000000000000007
 43
-376217.2286528461
 44
-542655.500399757
 45
0.0000000000000213
 46
-125.0
 79
     0
 98
        1
 10
-376217.2286528461
 20
-542655.500399757
  0
TEXT
  5
E70
330
2
100
AcDbEntity
  8
CTEXT
100
AcDbText
 10
-395803.0586153043
 20
-526311.2838409448
 30
0.0
 40
500.0
  1
工人房
 50
359.9999999999995
 41
0.8
  7
_FSD
100
AcDbText
  0
INSERT
  5
E71
330
2
100
AcDbEntity
  8
JJ
 62
     8
100
AcDbBlockReference
  2
RDC1
 10
-403692.3758760179
 20
-527936.1341389022
 30
0.0
 50
270.0
  0
LINE
  5
E72
330
2
100
AcDbEntity
  8
JJ
100
AcDbLine
 10
-403426.8623057172
 20
-526179.8123629027
 30
0.0
 11
-403902.3372193578
 21
-526179.8123629027
 31
0.0
  0
HATCH
  5
E73
330
2
100
AcDbEntity
  8
HA
100
AcDbHatch
 10
0.0
 20
0.0
 30
0.0
210
0.0
220
0.0
230
1.0
  2
LINE
 70
     0
 71
     0
 91
        1
 92
        1
 93
        4
 72
     1
 10
-401002.3372193577
 20
-537229.1437838043
 11
-396702.5623187574
 21
-537229.1437838043
 72
     1
 10
-396702.5623187574
 20
-537229.1437838043
 11
-396702.5623187574
 21
-535929.1437838044
 72
     1
 10
-396702.5623187574
 20
-535929.1437838042
 11
-401002.3372193577
 21
-535929.1437838042
 72
     1
 10
-401002.3372193577
 20
-535929.1437838042
 11
-401002.3372193577
 21
-537229.1437838043
 97
        0
 75
     0
 76
     1
 52
90.0
 41
1000.0
 77
     0
 78
     1
 53
90.0
 43
-395547.6708852821
 44
-590103.263184665
 45
-125.0
 46
0.0000000000000077
 79
     0
 98
        1
 10
-395547.6708852821
 20
-590103.263184665
  0
LWPOLYLINE
  5
E74
330
2
100
AcDbEntity
  8
HA
100
AcDbPolyline
 90
        4
 70
     1
 43
0.0
 10
-378262.449769065
 20
-535929.1437838044
 10
-375962.3372193579
 20
-535929.1437838044
 10
-375962.3372193579
 20
-537229.143783804
 10
-378262.449769065
 20
-537229.143783804
  0
HATCH
  5
E75
330
2
100
AcDbEntity
  8
HA
100
AcDbHatch
 10
0.0
 20
0.0
 30
0.0
210
0.0
220
0.0
230
1.0
  2
LINE
 70
     0
 71
     0
 91
        1
 92
        1
 93
        4
 72
     1
 10
-378262.449769065
 20
-535929.1437838044
 11
-375962.3372193579
 21
-535929.1437838044
 72
     1
 10
-375962.3372193579
 20
-535929.1437838044
 11
-375962.3372193579
 21
-537229.1437838043
 72
     1
 10
-375962.3372193579
 20
-537229.143783804
 11
-378262.449769065
 21
-537229.143783804
 72
     1
 10
-378262.449769065
 20
-537229.143783804
 11
-378262.449769065
 21
-535929.1437838044
 97
        0
 75
     0
 76
     1
 52
90.0
 41
1000.0
 77
     0
 78
     1
 53
90.0
 43
-395547.6708852821
 44
-590103.263184665
 45
-125.0
 46
0.0000000000000077
 79
     0
 98
        1
 10
-395547.6708852821
 20
-590103.263184665
  0
INSERT
  5
E76
330
2
100
AcDbEntity
  8
ARCH
100
AcDbBlockReference
 66
     1
  2
WW
 10
-386863.8084124737
 20
-535449.6021614069
 30
0.0
 50
270.0
  0
ATTRIB
  5
E9C
330
E76
100
AcDbEntity
  8
JJ
100
AcDbText
 10
-386640.7435685091
 20
-535168.143783808
 30
0.0
 40
0.5
  1
500
 50
180.0
 41
0.7999999999992724
  7
DIM_FONT
 71
     4
100
AcDbAttribute
280
     0
  2
XSIZE
 70
     9
280
     0
  0
ATTRIB
  5
E9D
330
E76
100
AcDbEntity
  8
JJ
100
AcDbText
 10
-386640.7435685091
 20
-535168.143783808
 30
0.0
 40
0.5
  1
500
 50
180.0
 41
0.7999999999992724
  7
DIM_FONT
 71
     4
100
AcDbAttribute
280
     0
  2
YSIZE
 70
     9
280
     0
  0
ATTRIB
  5
E9E
330
E76
100
AcDbEntity
  8
JJ
100
AcDbText
 10
-386345.2903869143
 20
-535441.0290301984
 30
0.0
 40
0.5
  1
644
 50
180.0
 41
0.7999999999992724
  7
DIM_FONT
 71
     4
100
AcDbAttribute
280
     0
  2
XSIZE
 70
     9
280
     0
  0
SEQEND
  5
E9F
330
E76
100
AcDbEntity
  8
ARCH
  0
LWPOLYLINE
  5
EA0
330
2
100
AcDbEntity
  8
HA
100
AcDbPolyline
 90
        6
 70
     1
 43
0.0
 10
-385996.7435685089
 20
-533144.0312341265
 10
-386962.4497690799
 20
-533144.0312341265
 10
-386962.4497690607
 20
-535789.143783808
 10
-386640.7435685091
 20
-535789.143783808
 10
-386640.7435685091
 20
-535168.143783808
 10
-385996.7435685089
 20
-535168.143783808
  0
INSERT
  5
EA1
330
2
100
AcDbEntity
  8
ARCH
100
AcDbBlockReference
 66
     1
  2
WW
 10
-376063.8084125846
 20
-525925.4896117218
 30
0.0
 50
270.0
  0
ATTRIB
  5
EA2
330
EA1
100
AcDbEntity
  8
JJ
100
AcDbText
 10
-375840.7435686203
 20
-525644.0312341229
 30
0.0
 40
0.5
  1
500
 50
180.0
 41
0.7999999999992724
  7
DIM_FONT
 71
     4
100
AcDbAttribute
280
     0
  2
XSIZE
 70
     9
280
     0
  0
ATTRIB
  5
EA3
330
EA1
100
AcDbEntity
  8
JJ
100
AcDbText
 10
-375840.7435686203
 20
-525644.0312341229
 30
0.0
 40
0.5
  1
500
 50
180.0
 41
0.7999999999992724
  7
DIM_FONT
 71
     4
100
AcDbAttribute
280
     0
  2
YSIZE
 70
     9
280
     0
  0
ATTRIB
  5
EA4
330
EA1
100
AcDbEntity
  8
JJ
100
AcDbText
 10
-375545.2903870253
 20
-525916.9164805135
 30
0.0
 40
0.5
  1
644
 50
180.0
 41
0.7999999999992724
  7
DIM_FONT
 71
     4
100
AcDbAttribute
280
     0
  2
XSIZE
 70
     9
280
     0
  0
SEQEND
  5
EA5
330
EA1
100
AcDbEntity
  8
ARCH
  0
INSERT
  5
EA6
330
2
100
AcDbEntity
  8
ARCH
100
AcDbBlockReference
 66
     1
  2
WW
 10
-397035.3849250808
 20
-525925.4896117344
 30
0.0
 41
-1.0
 50
90.0
  0
ATTRIB
  5
EA7
330
EA6
100
AcDbEntity
  8
JJ
100
AcDbText
 10
-397257.4211976168
 20
-525644.0312341355
 30
0.0
 40
0.5
  1
500
 50
180.0
 41
0.7999999999992724
  7
DIM_FONT
 71
     4
100
AcDbAttribute
280
     0
  2
XSIZE
 70
     9
280
     0
  0
ATTRIB
  5
EA8
330
EA6
100
AcDbEntity
  8
JJ
100
AcDbText
 10
-397257.4211976168
 20
-525644.0312341355
 30
0.0
 40
0.5
  1
500
 50
180.0
 41
0.7999999999992724
  7
DIM_FONT
 71
     4
100
AcDbAttribute
280
     0
  2
YSIZE
 70
     9
280
     0
  0
ATTRIB
  5
EA9
330
EA6
100
AcDbEntity
  8
JJ
100
AcDbText
 10
-397552.8553315925
 20
-525916.916480526
 30
0.0
 40
0.5
  1
644
 50
180.0
 41
0.7999999999992724
  7
DIM_FONT
 71
     4
100
AcDbAttribute
280
     0
  2
XSIZE
 70
     9
280
     0
  0
SEQEND
  5
EAA
330
EA6
100
AcDbEntity
  8
ARCH
  0
HATCH
  5
EAB
330
2
100
AcDbEntity
  8
HA
100
AcDbHatch
 10
0.0
 20
0.0
 30
0.0
210
0.0
220
0.0
230
1.0
  2
LINE
 70
     0
 71
     0
 91
        1
 92
        1
 93
        9
 72
     1
 10
-396286.8561180679
 20
-525644.0312341172
 11
-397258.4497690453
 21
-525644.0312341172
 72
     1
 10
-397258.4497690453
 20
-525644.0312341172
 11
-397258.4497690453
 21
-526265.0312341355
 72
     1
 10
-397258.4497690453
 20
-526265.0312341355
 11
-397902.4497690442
 21
-526265.031234141
 72
     1
 10
-397902.4497690442
 20
-526265.031234141
 11
-397902.4497690364
 21
-527044.031234131
 72
     1
 10
-397902.4497690364
 20
-527044.031234131
 11
-396286.8561180626
 21
-527044.0312341175
 72
     1
 10
-396286.8561180626
 20
-527044.0312341172
 11
-396286.8561180656
 21
-526494.0312341072
 72
     2
 10
-396286.8561180697
 20
-525744.0312341098
 40
749.9999999978244
 50
89.99999999968927
 51
179.9999999997493
 73
     0
 72
     1
 10
-397036.8561180674
 20
-525744.0312341131
 11
-396286.8561180675
 21
-525744.0312341072
 72
     1
 10
-396286.8561180675
 20
-525744.0312341072
 11
-396286.8561180679
 21
-525644.0312341172
 97
        0
 75
     0
 76
     1
 52
90.0
 41
1000.0
 77
     0
 78
     1
 53
90.0
 43
-395547.6708852821
 44
-590103.263184665
 45
-125.0
 46
0.0000000000000077
 79
     0
 98
        1
 10
-395547.6708852821
 20
-590103.263184665
  0
INSERT
  5
EAC
330
2
100
AcDbEntity
  8
ARCH
100
AcDbBlockReference
 66
     1
  2
WW
 10
-387688.8975870823
 20
-520171.0960780873
 30
0.0
  0
ATTRIB
  5
EAD
330
EAC
100
AcDbEntity
  8
JJ
100
AcDbText
 10
-387970.8559646811
 20
-519949.0598055516
 30
0.0
 40
0.5
  1
500
 50
90.00000000000005
 41
0.7999999999992724
  7
DIM_FONT
 71
     4
100
AcDbAttribute
280
     0
  2
XSIZE
 70
     9
280
     0
  0
ATTRIB
  5
EAE
330
EAC
100
AcDbEntity
  8
JJ
100
AcDbText
 10
-387970.8559646811
 20
-519949.0598055516
 30
0.0
 40
0.5
  1
500
 50
90.00000000000005
 41
0.7999999999992724
  7
DIM_FONT
 71
     4
100
AcDbAttribute
280
     0
  2
YSIZE
 70
     9
280
     0
  0
ATTRIB
  5
EAF
330
EAC
100
AcDbEntity
  8
JJ
100
AcDbText
 10
-387697.9707182908
 20
-519653.6256715758
 30
0.0
 40
0.5
  1
644
 50
90.00000000000005
 41
0.7999999999992724
  7
DIM_FONT
 71
     4
100
AcDbAttribute
280
     0
  2
XSIZE
 70
     9
280
     0
  0
SEQEND
  5
EB0
330
EAC
100
AcDbEntity
  8
ARCH
  0
HATCH
  5
EB1
330
2
100
AcDbEntity
  8
HA
100
AcDbHatch
 10
0.0
 20
0.0
 30
0.0
210
0.0
220
0.0
230
1.0
  2
LINE
 70
     0
 71
     0
 91
        2
 92
        1
 93
        4
 72
     1
 10
-388196.7435683762
 20
-519304.031234123
 11
-387096.7435683661
 21
-519304.031234123
 72
     1
 10
-387096.7435683661
 20
-519304.031234123
 11
-387096.7435683661
 21
-521904.0312341231
 72
     1
 10
-387096.7435683661
 20
-521904.0312341231
 11
-388196.7435683762
 21
-521904.0312341231
 72
     1
 10
-388196.7435683762
 20
-521904.0312341231
 11
-388196.7435683762
 21
-519304.031234123
 97
        0
 92
        1
 93
        4
 72
     1
 10
-387349.3559646811
 20
-519948.031234123
 11
-387970.3559646812
 21
-519948.031234123
 72
     1
 10
-387970.3559646812
 20
-519948.031234123
 11
-387970.3559646812
 21
-519304.031234123
 72
     1
 10
-387970.3559646814
 20
-519304.031234123
 11
-387349.3559646814
 21
-519304.031234123
 72
     1
 10
-387349.3559646811
 20
-519304.031234123
 11
-387349.3559646811
 21
-519948.0312341233
 97
        0
 75
     0
 76
     1
 52
0.0
 41
1000.0
 77
     0
 78
     1
 53
0.0
 43
-395547.6708852821
 44
-590103.263184665
 45
0.0
 46
125.0
 79
     0
 98
        1
 10
-395547.6708852821
 20
-590103.263184665
  0
HATCH
  5
EB2
330
2
100
AcDbEntity
  8
HA
100
AcDbHatch
 10
0.0
 20
0.0
 30
0.0
210
0.0
220
0.0
230
1.0
  2
LINE
 70
     0
 71
     0
 91
        2
 92
        1
 93
        4
 72
     1
 10
-383596.7435686568
 20
-519304.031234123
 11
-384696.7435686668
 21
-519304.031234123
 72
     1
 10
-384696.7435686668
 20
-519304.031234123
 11
-384696.7435686668
 21
-521904.0312341231
 72
     1
 10
-384696.7435686668
 20
-521904.0312341231
 11
-383596.7435686568
 21
-521904.0312341231
 72
     1
 10
-383596.7435686568
 20
-521904.0312341231
 11
-383596.7435686568
 21
-519304.031234123
 97
        0
 92
        1
 93
        4
 72
     1
 10
-384444.1311723513
 20
-519948.031234123
 11
-383823.1311723514
 21
-519948.031234123
 72
     1
 10
-383823.1311723514
 20
-519948.031234123
 11
-383823.1311723514
 21
-519304.031234123
 72
     1
 10
-383823.1311723514
 20
-519304.031234123
 11
-384444.1311723513
 21
-519304.031234123
 72
     1
 10
-384444.1311723513
 20
-519304.031234123
 11
-384444.1311723513
 21
-519948.0312341233
 97
        0
 75
     0
 76
     1
 52
0.0
 41
1000.0
 77
     0
 78
     1
 53
180.0
 43
-376245.8162517508
 44
-590103.263184665
 45
0.0
 46
125.0
 79
     0
 98
        1
 10
-376245.8162517508
 20
-590103.263184665
  0
INSERT
  5
EB3
330
2
100
AcDbEntity
  8
ARCH
100
AcDbBlockReference
 66
     1
  2
WW
 10
-384162.6727947526
 20
-520171.0960780873
 30
0.0
  0
ATTRIB
  5
EB4
330
EB3
100
AcDbEntity
  8
JJ
100
AcDbText
 10
-384444.6311723515
 20
-519949.0598055516
 30
0.0
 40
0.5
  1
500
 50
90.00000000000005
 41
0.7999999999992724
  7
DIM_FONT
 71
     4
100
AcDbAttribute
280
     0
  2
XSIZE
 70
     9
280
     0
  0
ATTRIB
  5
EB5
330
EB3
100
AcDbEntity
  8
JJ
100
AcDbText
 10
-384444.6311723515
 20
-519949.0598055516
 30
0.0
 40
0.5
  1
500
 50
90.00000000000005
 41
0.7999999999992724
  7
DIM_FONT
 71
     4
100
AcDbAttribute
280
     0
  2
YSIZE
 70
     9
280
     0
  0
ATTRIB
  5
EB6
330
EB3
100
AcDbEntity
  8
JJ
100
AcDbText
 10
-384171.7459259611
 20
-519653.6256715758
 30
0.0
 40
0.5
  1
644
 50
90.00000000000005
 41
0.7999999999992724
  7
DIM_FONT
 71
     4
100
AcDbAttribute
280
     0
  2
XSIZE
 70
     9
280
     0
  0
SEQEND
  5
EB7
330
EB3
100
AcDbEntity
  8
ARCH
  0
INSERT
  5
EB8
330
2
100
AcDbEntity
  8
HA
100
AcDbBlockReference
  2
HUA
 10
-398598.677396834
 20
-529739.1323030157
 30
0.0
 41
0.8000000000465661
 42
0.7999999999883585
 43
0.8
  0
INSERT
  5
EB9
330
2
100
AcDbEntity
  8
HA
100
AcDbBlockReference
  2
HUA
 10
-398007.1782374785
 20
-529739.1323030157
 30
0.0
 41
0.8000000000465661
 42
0.7999999999883585
 43
0.8
  0
LINE
  5
EBA
330
2
100
AcDbEntity
  8
WALL
100
AcDbLine
 10
-400902.3372193577
 20
-529424.031234123
 30
0.0
 11
-400902.3372193577
 21
-529524.0312341231
 31
0.0
  0
LINE
  5
EBB
330
2
100
AcDbEntity
  8
WALL
100
AcDbLine
 10
-400902.3372193577
 20
-530424.0312341232
 30
0.0
 11
-400902.3372193577
 21
-535929.1437838042
 31
0.0
  0
LINE
  5
EBC
330
2
100
AcDbEntity
  8
WALL
100
AcDbLine
 10
-401002.3372193577
 20
-529524.0312341231
 30
0.0
 11
-401002.3372193577
 21
-529104.0312341229
 31
0.0
  0
LINE
  5
EBD
330
2
100
AcDbEntity
  8
WALL
100
AcDbLine
 10
-400902.3372193577
 20
-529524.0312341231
 30
0.0
 11
-401002.3372193577
 21
-529524.0312341231
 31
0.0
  0
LWPOLYLINE
  5
EBE
330
2
100
AcDbEntity
  8
DOOR
100
AcDbPolyline
 90
        3
 70
     0
 43
0.0
 10
-400902.3372193577
 20
-529524.0312341231
 10
-400002.3372193576
 20
-529524.0312341231
 42
-0.4142135623730959
 10
-400902.3372193577
 20
-530424.0312341232
 42
-0.4142135623730959
  0
LINE
  5
EBF
330
2
100
AcDbEntity
  8
WIN
100
AcDbLine
 10
-377237.393494336
 20
-527174.0312341268
 30
0.0
 11
-375537.393494336
 21
-527174.0312341268
 31
0.0
  0
LINE
  5
EC0
330
2
100
AcDbEntity
  8
WIN
100
AcDbLine
 10
-377237.393494336
 20
-527234.0312341266
 30
0.0
 11
-375537.393494336
 21
-527234.0312341266
 31
0.0
  0
LINE
  5
EC1
330
2
100
AcDbEntity
  8
PWINDOW
100
AcDbLine
 10
-377578.0434200469
 20
-527104.0312341265
 30
0.0
 11
-377578.0434200469
 21
-526304.0312341265
 31
0.0
  0
LINE
  5
EC2
330
2
100
AcDbEntity
  8
WALL
100
AcDbLine
 10
-377578.0434200469
 20
-526204.0312341268
 30
0.0
 11
-377578.0434200469
 21
-525544.0312341387
 31
0.0
  0
LINE
  5
EC3
330
2
100
AcDbEntity
  8
WALL
100
AcDbLine
 10
-377778.0434200617
 20
-529204.0312341303
 30
0.0
 11
-377778.0434200526
 21
-527104.0312341265
 31
0.0
  0
LINE
  5
EC4
330
2
100
AcDbEntity
  8
WALL
100
AcDbLine
 10
-377778.0434200533
 20
-526304.0312341265
 30
0.0
 11
-377778.0434200468
 21
-525744.0312341389
 31
0.0
  0
LINE
  5
EC5
330
2
100
AcDbEntity
  8
WALL
100
AcDbLine
 10
-377578.0434200473
 20
-526304.0312341265
 30
0.0
 11
-377778.0434200533
 21
-526304.0312341265
 31
0.0
  0
LWPOLYLINE
  5
EC6
330
2
100
AcDbEntity
  8
DOOR
100
AcDbPolyline
 90
        3
 70
     0
 43
0.0
 10
-377578.0434200473
 20
-527104.0312341265
 10
-376778.0434200471
 20
-527104.0312341265
 42
0.4142135623730951
 10
-377578.0434200473
 20
-526304.0312341265
 42
0.4142135623730951
  0
LINE
  5
EC7
330
2
100
AcDbEntity
  8
PWINDOW
100
AcDbLine
 10
-377778.0434200533
 20
-526304.0312341265
 30
0.0
 11
-377778.0434200526
 21
-527104.0312341265
 31
0.0
  0
LWPOLYLINE
  5
EC8
330
2
100
AcDbEntity
  8
HA
100
AcDbPolyline
 90
        7
 70
     1
 43
0.0
 10
-377578.0434200469
 20
-525644.0312341229
 10
-375840.7435686203
 20
-525644.0312341229
 10
-375840.7435686203
 20
-526265.031234123
 10
-375196.7435686204
 20
-526265.031234123
 10
-375196.7435686204
 20
-527104.0312341265
 10
-376778.0434200471
 20
-527104.0312341265
 42
0.4142135623730977
 10
-377578.0434200473
 20
-526304.0312341265
  0
LINE
  5
EC9
330
2
100
AcDbEntity
  8
WALL
100
AcDbLine
 10
-398802.4497690491
 20
-525544.0312341175
 30
0.0
 11
-397902.4497690502
 21
-525544.0312341175
 31
0.0
  0
LINE
  5
ECA
330
2
100
AcDbEntity
  8
WALL
100
AcDbLine
 10
-398802.4497690485
 20
-525744.0312341255
 30
0.0
 11
-398002.4497690503
 21
-525744.0312341255
 31
0.0
  0
LINE
  5
ECB
330
2
100
AcDbEntity
  8
JJ
100
AcDbLine
 10
-399326.9748554097
 20
-526179.8123629027
 30
0.0
 11
-399602.4497690526
 21
-526179.8123629027
 31
0.0
  0
LINE
  5
ECC
330
2
100
AcDbEntity
  8
WALL
100
AcDbLine
 10
-389462.6386721586
 20
-531104.0312341268
 30
0.0
 11
-389462.6386721284
 21
-533144.0312341265
 31
0.0
  0
LINE
  5
ECD
330
2
100
AcDbEntity
  8
WALL
100
AcDbLine
 10
-389382.0719628982
 20
-530904.0312341267
 30
0.0
 11
-389982.4497690204
 21
-530904.0312341302
 31
0.0
  0
LINE
  5
ECE
330
2
100
AcDbEntity
  8
WALL
100
AcDbLine
 10
-390602.4497690501
 20
-535829.1437838116
 30
0.0
 11
-390502.4497690501
 21
-535829.1437838116
 31
0.0
  0
LINE
  5
ECF
330
2
100
AcDbEntity
  8
WALL
100
AcDbLine
 10
-390502.4497690501
 20
-535729.1437838116
 30
0.0
 11
-390602.4497690501
 21
-535729.1437838116
 31
0.0
  0
LINE
  5
ED0
330
2
100
AcDbEntity
  8
WALL
100
AcDbLine
 10
-390502.4497690501
 20
-535829.1437838116
 30
0.0
 11
-390502.4497690501
 21
-535729.1437838116
 31
0.0
  0
LWPOLYLINE
  5
ED1
330
2
100
AcDbEntity
  8
DOOR
100
AcDbPolyline
 90
        3
 70
     0
 43
0.0
 10
-390502.4497690501
 20
-535829.1437838116
 10
-390502.4497690501
 20
-536729.1437838116
 42
0.4142135623730951
 10
-389602.44976905
 20
-535829.1437838116
 42
0.4142135623730951
  0
LINE
  5
ED2
330
2
100
AcDbEntity
  8
WALL
100
AcDbLine
 10
-389262.6386721295
 20
-533144.0312341265
 30
0.0
 11
-389462.6386721284
 21
-533144.0312341265
 31
0.0
  0
LINE
  5
ED3
330
2
100
AcDbEntity
  8
PWINDOW
100
AcDbLine
 10
-389962.6386721585
 20
-531104.0312341346
 30
0.0
 11
-389962.6386721293
 21
-533094.0312341265
 31
0.0
  0
LINE
  5
ED4
330
2
100
AcDbEntity
  8
PWINDOW
100
AcDbLine
 10
-389462.6386721284
 20
-533144.0312341265
 30
0.0
 11
-391282.4497690503
 21
-533144.0312341265
 31
0.0
  0
LINE
  5
ED5
330
2
100
AcDbEntity
  8
PWINDOW
100
AcDbLine
 10
-391282.4497690503
 20
-533094.0312341265
 30
0.0
 11
-391282.4497690503
 21
-533144.0312341265
 31
0.0
  0
LINE
  5
ED6
330
2
100
AcDbEntity
  8
PWINDOW
100
AcDbLine
 10
-389462.6386721284
 20
-533094.0312341265
 30
0.0
 11
-391282.4497690503
 21
-533094.0312341265
 31
0.0
  0
LINE
  5
ED7
330
2
100
AcDbEntity
  8
WALL
100
AcDbLine
 10
-386962.4497690799
 20
-533144.0312341265
 30
0.0
 11
-386962.4497690799
 21
-532964.0312341266
 31
0.0
  0
LINE
  5
ED8
330
2
100
AcDbEntity
  8
WIN
100
AcDbLine
 10
-386962.4497690799
 20
-532964.0312341266
 30
0.0
 11
-385996.7435684811
 21
-532964.0312341355
 31
0.0
  0
LINE
  5
ED9
330
2
100
AcDbEntity
  8
WIN
100
AcDbLine
 10
-385996.7435685089
 20
-533074.0312341267
 30
0.0
 11
-386962.4497690799
 21
-533074.0312341267
 31
0.0
  0
LINE
  5
EDA
330
2
100
AcDbEntity
  8
WIN
100
AcDbLine
 10
-386962.4497690806
 20
-533034.0312341266
 30
0.0
 11
-385996.7435684817
 21
-533034.0312341355
 31
0.0
  0
HATCH
  5
EDB
330
2
100
AcDbEntity
  8
HA
100
AcDbHatch
 10
0.0
 20
0.0
 30
0.0
210
0.0
220
0.0
230
1.0
  2
LINE
 70
     0
 71
     0
 91
        1
 92
        1
 93
        6
 72
     1
 10
-385996.7435685089
 20
-533144.0312341265
 11
-386962.4497690799
 21
-533144.0312341265
 72
     1
 10
-386962.4497690799
 20
-533144.0312341265
 11
-386962.4497690607
 21
-535789.143783808
 72
     1
 10
-386962.4497690607
 20
-535789.143783808
 11
-386640.7435685091
 21
-535789.143783808
 72
     1
 10
-386640.7435685091
 20
-535789.143783808
 11
-386640.7435685091
 21
-535168.143783808
 72
     1
 10
-386640.7435685091
 20
-535168.143783808
 11
-385996.7435685091
 21
-535168.143783808
 72
     1
 10
-385996.7435685089
 20
-535168.143783808
 11
-385996.7435685089
 21
-533144.0312341265
 97
        0
 75
     0
 76
     1
 52
0.0
 41
1000.0
 77
     0
 78
     1
 53
0.0
 43
-395547.6708852821
 44
-546649.7152459035
 45
0.0
 46
125.0
 79
     0
 98
        1
 10
-395547.6708852821
 20
-546649.7152459035
  0
INSERT
  5
EDC
330
2
100
AcDbEntity
  8
JJ
 62
   252
100
AcDbBlockReference
 66
     1
  2
_C38
 10
-381191.0373679682
 20
-541387.3896522169
 30
0.0
 50
180.0
  0
ATTRIB
  5
EDD
330
EDC
100
AcDbEntity
  8
0
100
AcDbText
 10
-381191.0373679635
 20
-541387.3896522169
 30
0.0
 40
0.5
  1
783
 50
180.0000000000008
100
AcDbAttribute
280
     0
  2
XSIZE
 70
     9
280
     0
  0
ATTRIB
  5
EDE
330
EDC
100
AcDbEntity
  8
0
100
AcDbText
 10
-381191.0373679682
 20
-541387.3896522169
 30
0.0
 40
0.5
  1
908
 50
180.0000000000008
100
AcDbAttribute
280
     0
  2
YSIZE
 70
     9
280
     0
  0
SEQEND
  5
EDF
330
EDC
100
AcDbEntity
  8
JJ
 62
   252
  0
INSERT
  5
EE0
330
2
100
AcDbEntity
  8
JJ
100
AcDbBlockReference
  2
RC31
 10
-382295.2453611894
 20
-539586.9542095002
 30
0.0
 50
90.0
  0
TEXT
  5
EE1
330
2
100
AcDbEntity
  8
CTEXT
100
AcDbText
 10
-379092.7913468796
 20
-535335.1125197738
 30
0.0
 40
500.0
  1
客厅
 41
0.8
  7
_FSD
100
AcDbText
  0
HATCH
  5
EE2
330
2
100
AcDbEntity
  8
HA
100
AcDbHatch
 10
0.0
 20
0.0
 30
0.0
210
0.0
220
0.0
230
1.0
  2
LINE
 70
     0
 71
     0
 91
        1
 92
        1
 93
        6
 72
     1
 10
-385796.7435685089
 20
-533144.0312341265
 11
-384831.037367938
 21
-533144.0312341265
 72
     1
 10
-384831.0373679382
 20
-533144.0312341265
 11
-384831.0373679572
 21
-535789.143783808
 72
     1
 10
-384831.0373679572
 20
-535789.143783808
 11
-385152.7435685089
 21
-535789.143783808
 72
     1
 10
-385152.7435685089
 20
-535789.143783808
 11
-385152.7435685089
 21
-535168.143783808
 72
     1
 10
-385152.7435685089
 20
-535168.143783808
 11
-385796.7435685089
 21
-535168.143783808
 72
     1
 10
-385796.7435685089
 20
-535168.143783808
 11
-385796.7435685089
 21
-533144.0312341265
 97
        0
 75
     0
 76
     1
 52
0.0
 41
1000.0
 77
     0
 78
     1
 53
180.0
 43
-376245.816251736
 44
-546649.7152459035
 45
0.0
 46
125.0
 79
     0
 98
        1
 10
-376245.816251736
 20
-546649.7152459035
  0
LINE
  5
EE3
330
2
100
AcDbEntity
  8
WALL
100
AcDbLine
 10
-384631.0373679828
 20
-534944.0312341268
 30
0.0
 11
-384631.0373679828
 21
-535729.1437838116
 31
0.0
  0
LINE
  5
EE4
330
2
100
AcDbEntity
  8
WALL
100
AcDbLine
 10
-384831.0373679679
 20
-536489.2222120428
 30
0.0
 11
-384831.0373679421
 21
-534944.0312341268
 31
0.0
  0
LINE
  5
EE5
330
2
100
AcDbEntity
  8
WALL
100
AcDbLine
 10
-385796.7435685089
 20
-536089.0751817929
 30
0.0
 11
-385796.7435685536
 21
-531104.0312341268
 31
0.0
  0
LWPOLYLINE
  5
EE6
330
2
100
AcDbEntity
  8
HA
100
AcDbPolyline
 90
        6
 70
     1
 43
0.0
 10
-385796.7435685089
 20
-533144.0312341265
 10
-384831.0373679382
 20
-533144.0312341265
 10
-384831.0373679572
 20
-535789.143783808
 10
-385152.7435685089
 20
-535789.143783808
 10
-385152.7435685089
 20
-535168.143783808
 10
-385796.7435685089
 20
-535168.143783808
  0
INSERT
  5
EE7
330
2
100
AcDbEntity
  8
JJ
100
AcDbBlockReference
 66
     1
  2
DZY1
 10
-382138.2709191182
 20
-535705.5231687949
 30
-1200.0
  0
ATTRIB
  5
EE8
330
EE7
100
AcDbEntity
  8
JJ
 62
   252
100
AcDbText
 10
-383731.9643312147
 20
-534158.3583417162
 30
-1200.0
 40
0.5
  1
2686
 41
0.8
  7
_SIMPLEX
100
AcDbAttribute
280
     0
  2
YSIZE
 70
     9
280
     0
  0
ATTRIB
  5
EE9
330
EE7
100
AcDbEntity
  8
JJ
 62
   252
100
AcDbText
 10
-383731.9643312147
 20
-534158.3583417162
 30
-1200.0
 40
0.5
  1
2586
 41
0.8
  7
DIM_FONT
100
AcDbAttribute
280
     0
  2
XSIZE
 70
     9
280
     0
  0
SEQEND
  5
EEA
330
EE7
100
AcDbEntity
  8
JJ
  0
ARC
  5
EEB
330
2
100
AcDbEntity
  8
JJ
100
AcDbCircle
 10
-379325.9983241846
 20
-541239.1437838184
 30
0.0
 40
2457.232069024168
100
AcDbArc
 50
162.2285110497491
 51
195.3387467485083
  0
INSERT
  5
EEC
330
2
100
AcDbEntity
  8
JJ
100
AcDbBlockReference
  2
SZ2
 10
-380255.5739038665
 20
-541633.0630912566
 30
0.0
 41
0.8000000000465661
 42
0.7999999999883585
 43
0.8
  0
LINE
  5
EED
330
2
100
AcDbEntity
  8
WALL
100
AcDbLine
 10
-384831.0373679679
 20
-543089.1437838116
 30
0.0
 11
-384831.0373679679
 21
-538479.1437838153
 31
0.0
  0
LINE
  5
EEE
330
2
100
AcDbEntity
  8
WALL
100
AcDbLine
 10
-378291.037367964
 20
-537949.1437838116
 30
0.0
 11
-378291.0373679807
 21
-541789.1437838189
 31
0.0
  0
LINE
  5
EEF
330
2
100
AcDbEntity
  8
WALL
100
AcDbLine
 10
-378491.0373679799
 20
-541589.1437838189
 30
0.0
 11
-378491.0373679657
 21
-538709.1437838116
 31
0.0
  0
LINE
  5
EF0
330
2
100
AcDbEntity
  8
WALL
100
AcDbLine
 10
-381071.0373679679
 20
-539609.1437838118
 30
0.0
 11
-381071.0373679679
 21
-541589.1437838189
 31
0.0
  0
LINE
  5
EF1
330
2
100
AcDbEntity
  8
WALL
100
AcDbLine
 10
-381191.0373679679
 20
-539729.1437838156
 30
0.0
 11
-381191.0373679679
 21
-541889.1437838193
 31
0.0
  0
LINE
  5
EF2
330
2
100
AcDbEntity
  8
WALL
100
AcDbLine
 10
-384631.0373679828
 20
-542889.1437838191
 30
0.0
 11
-384631.0373679679
 21
-539269.1437838156
 31
0.0
  0
INSERT
  5
EF3
330
2
100
AcDbEntity
  8
JJ
 62
     8
100
AcDbBlockReference
  2
RDC1
 10
-380081.0760246399
 20
-539397.0408790361
 30
0.0
 41
-1.0
 50
270.0
  0
LINE
  5
EF4
330
2
100
AcDbEntity
  8
PWINDOW
100
AcDbLine
 10
-377791.0373679807
 20
-543489.1437838153
 30
0.0
 11
-380991.0373679679
 21
-543489.1437838153
 31
0.0
  0
LINE
  5
EF5
330
2
100
AcDbEntity
  8
PWINDOW
100
AcDbLine
 10
-378291.0373679807
 20
-541689.1437838191
 30
0.0
 11
-377791.0373679807
 21
-541689.1437838191
 31
0.0
  0
HATCH
  5
EF6
330
2
100
AcDbEntity
  8
HA
100
AcDbHatch
 10
0.0
 20
0.0
 30
0.0
210
0.0
220
0.0
230
1.0
  2
LINE
 70
     0
 71
     0
 91
        1
 92
        1
 93
        9
 72
     1
 10
-377791.0373679807
 20
-541689.1437838191
 11
-377791.0373679807
 21
-543489.1437838153
 72
     1
 10
-377791.0373679807
 20
-543489.1437838153
 11
-380991.0373679679
 21
-543489.1437838153
 72
     1
 10
-380991.0373679679
 20
-543489.1437838153
 11
-380991.0373679679
 21
-542789.1437838191
 72
     2
 10
-381103.51094257
 20
-541928.9770600477
 40
867.4889611214396
 50
277.4496094777526
 51
359.6587469933137
 73
     1
 72
     1
 10
-380236.0373679679
 20
-541934.1437838191
 11
-380991.0373679679
 21
-541934.1437838191
 72
     1
 10
-380991.0373679679
 20
-541934.1437838191
 11
-380991.0373679679
 21
-541789.1437838189
 72
     1
 10
-380991.0373679679
 20
-541789.1437838189
 11
-378291.037367981
 21
-541789.1437838303
 72
     1
 10
-378291.0373679807
 20
-541789.1437838303
 11
-378291.0373679803
 21
-541689.1437838191
 72
     1
 10
-378291.0373679803
 20
-541689.1437838191
 11
-377791.0373679807
 21
-541689.1437838191
 97
        0
 75
     0
 76
     1
 52
90.0
 41
1000.0
 77
     0
 78
     1
 53
90.0
 43
-376245.816251736
 44
-542355.500399757
 45
125.0
 46
0.0000000000000077
 79
     0
 98
        1
 10
-376245.816251736
 20
-542355.500399757
  0
LINE
  5
EF7
330
2
100
AcDbEntity
  8
PWINDOW
100
AcDbLine
 10
-377791.0373679807
 20
-541689.1437838191
 30
0.0
 11
-377791.0373679807
 21
-543489.1437838153
 31
0.0
  0
LINE
  5
EF8
330
2
100
AcDbEntity
  8
PWINDOW
100
AcDbLine
 10
-383681.0373677364
 20
-542889.1437838191
 30
0.0
 11
-381711.0373679679
 21
-542889.1437838191
 31
0.0
  0
TEXT
  5
EF9
330
2
100
AcDbEntity
  8
CTEXT
100
AcDbText
 10
-383412.4828691228
 20
-542560.3789135419
 30
0.0
 40
500.0
  1
主卧室
 41
0.8
  7
_FSD
100
AcDbText
  0
LINE
  5
EFA
330
2
100
AcDbEntity
  8
WIN
100
AcDbLine
 10
-381651.0373679679
 20
-543529.1437838152
 30
0.0
 11
-383741.0373677214
 21
-543529.1437838152
 31
0.0
  0
LINE
  5
EFB
330
2
100
AcDbEntity
  8
WIN
100
AcDbLine
 10
-381711.0373679679
 20
-543469.1437838152
 30
0.0
 11
-383681.0373677213
 21
-543469.1437838152
 31
0.0
  0
LINE
  5
EFC
330
2
100
AcDbEntity
  8
WIN
100
AcDbLine
 10
-381591.0373679679
 20
-543589.1437838153
 30
0.0
 11
-383801.0373677214
 21
-543589.1437838153
 31
0.0
  0
LINE
  5
EFD
330
2
100
AcDbEntity
  8
WALL
100
AcDbLine
 10
-381711.0373679679
 20
-543089.1437838116
 30
0.0
 11
-381711.0373679679
 21
-542889.1437838117
 31
0.0
  0
LINE
  5
EFE
330
2
100
AcDbEntity
  8
WALL
100
AcDbLine
 10
-380991.0373679679
 20
-543089.1437838116
 30
0.0
 11
-380991.0373679679
 21
-542789.1437838191
 31
0.0
  0
INSERT
  5
EFF
330
2
100
AcDbEntity
  8
WINDOW
100
AcDbBlockReference
 66
     1
  2
_DBLK
 10
-381091.0373679678
 20
-542339.1437838191
 30
0.0
 41
900.0
 42
-900.0
 43
900.0
 50
270.0
1001
WTHICK
1040
200.0000000000036
  0
ATTRIB
  5
F00
330
EFF
100
AcDbEntity
  8
WINDOW_TEXT
100
AcDbText
 10
-380691.0373679679
 20
-542339.1437838191
 30
0.0
 40
300.0
  1

 50
90.00000000000005
 41
0.8
  7
SIMPLEX
 72
     4
 11
-380691.0373679679
 21
-542339.1437838191
 31
0.0
100
AcDbAttribute
280
     0
  2
A
 70
     9
280
     0
  0
SEQEND
  5
F01
330
EFF
100
AcDbEntity
  8
WINDOW
  0
LINE
  5
F02
330
2
100
AcDbEntity
  8
WALL
100
AcDbLine
 10
-380991.0373679679
 20
-543089.1437838116
 30
0.0
 11
-381711.0373679679
 21
-543089.1437838116
 31
0.0
  0
INSERT
  5
F03
330
2
100
AcDbEntity
  8
WIN
100
AcDbBlockReference
 66
     1
  2
_WBLK
 10
-379581.0373679739
 20
-541689.1437838191
 30
0.0
 41
-1800.0
 42
200.0
 43
1800.0
 50
180.0
1001
WTHICK
1040
200.0000000000291
  0
ATTRIB
  5
F04
330
F03
100
AcDbEntity
  8
0
100
AcDbText
 10
-379581.0373679739
 20
-542089.1437838189
 30
0.0
 40
300.0
  1

 41
0.8
  7
_SIMPLEX
 72
     4
 11
-379581.0373679739
 21
-542089.1437838189
 31
0.0
100
AcDbAttribute
280
     0
  2
A
 70
     9
280
     0
  0
SEQEND
  5
F05
330
F03
100
AcDbEntity
  8
WIN
  0
LINE
  5
F06
330
2
100
AcDbEntity
  8
WALL
100
AcDbLine
 10
-378681.0373679737
 20
-541589.1437838189
 30
0.0
 11
-378491.0373679799
 21
-541589.1437838189
 31
0.0
  0
LINE
  5
F07
330
2
100
AcDbEntity
  8
WALL
100
AcDbLine
 10
-378681.0373679737
 20
-541589.1437838189
 30
0.0
 11
-378681.0373679737
 21
-541789.1437838189
 31
0.0
  0
LINE
  5
F08
330
2
100
AcDbEntity
  8
WALL
100
AcDbLine
 10
-378681.0373679737
 20
-541789.1437838189
 30
0.0
 11
-378291.0373679807
 21
-541789.1437838189
 31
0.0
  0
LINE
  5
F09
330
2
100
AcDbEntity
  8
WALL
100
AcDbLine
 10
-381191.0373679679
 20
-542889.1437838117
 30
0.0
 11
-381711.0373679679
 21
-542889.1437838117
 31
0.0
  0
LINE
  5
F0A
330
2
100
AcDbEntity
  8
WALL
100
AcDbLine
 10
-381191.0373679679
 20
-542889.1437838117
 30
0.0
 11
-381191.0373679679
 21
-542789.1437838191
 31
0.0
  0
LINE
  5
F0B
330
2
100
AcDbEntity
  8
WALL
100
AcDbLine
 10
-380991.0373679679
 20
-541789.1437838189
 30
0.0
 11
-380481.0373679736
 21
-541789.1437838189
 31
0.0
  0
LINE
  5
F0C
330
2
100
AcDbEntity
  8
WALL
100
AcDbLine
 10
-381071.0373679679
 20
-541589.1437838189
 30
0.0
 11
-380481.0373679736
 21
-541589.1437838189
 31
0.0
  0
LINE
  5
F0D
330
2
100
AcDbEntity
  8
WALL
100
AcDbLine
 10
-380481.0373679736
 20
-541589.1437838189
 30
0.0
 11
-380481.0373679736
 21
-541789.1437838189
 31
0.0
  0
LINE
  5
F0E
330
2
100
AcDbEntity
  8
WALL
100
AcDbLine
 10
-380991.0373679679
 20
-541889.1437838193
 30
0.0
 11
-380991.0373679679
 21
-541789.1437838189
 31
0.0
  0
LINE
  5
F0F
330
2
100
AcDbEntity
  8
WALL
100
AcDbLine
 10
-380991.0373679679
 20
-541889.1437838193
 30
0.0
 11
-381191.0373679679
 21
-541889.1437838193
 31
0.0
  0
LINE
  5
F10
330
2
100
AcDbEntity
  8
WALL
100
AcDbLine
 10
-380991.0373679679
 20
-542789.1437838191
 30
0.0
 11
-381191.0373679679
 21
-542789.1437838191
 31
0.0
  0
LINE
  5
F11
330
2
100
AcDbEntity
  8
PWINDOW
100
AcDbLine
 10
-380991.0373679679
 20
-541889.1437838193
 30
0.0
 11
-380991.0373679679
 21
-542789.1437838191
 31
0.0
  0
LINE
  5
F12
330
2
100
AcDbEntity
  8
JJ
100
AcDbLine
 10
-381191.0373679679
 20
-541889.1437838193
 30
0.0
 11
-381695.7007192207
 21
-541889.143783819
 31
0.0
  0
LINE
  5
F13
330
2
100
AcDbEntity
  8
PWINDOW
100
AcDbLine
 10
-381591.0373679679
 20
-543589.1437838153
 30
0.0
 11
-381091.0373679678
 21
-543589.1437838153
 31
0.0
  0
LINE
  5
F14
330
2
100
AcDbEntity
  8
WIN
100
AcDbLine
 10
-381651.0373679679
 20
-543529.1437838152
 30
0.0
 11
-381651.0373679679
 21
-543089.1437838116
 31
0.0
  0
LINE
  5
F15
330
2
100
AcDbEntity
  8
WIN
100
AcDbLine
 10
-381711.0373679679
 20
-543469.1437838152
 30
0.0
 11
-381711.0373679679
 21
-543089.1437838116
 31
0.0
  0
LINE
  5
F16
330
2
100
AcDbEntity
  8
PWINDOW
100
AcDbLine
 10
-380991.0373679679
 20
-543089.1437838116
 30
0.0
 11
-380991.0373679679
 21
-543489.1437838153
 31
0.0
  0
LINE
  5
F17
330
2
100
AcDbEntity
  8
PWINDOW
100
AcDbLine
 10
-381091.0373679678
 20
-543089.1437838116
 30
0.0
 11
-381091.0373679678
 21
-543589.1437838153
 31
0.0
  0
LINE
  5
F18
330
2
100
AcDbEntity
  8
WIN
100
AcDbLine
 10
-381591.0373679679
 20
-543589.1437838153
 30
0.0
 11
-381591.0373679679
 21
-543089.1437838116
 31
0.0
  0
LINE
  5
F19
330
2
100
AcDbEntity
  8
WALL
100
AcDbLine
 10
-383681.0373677364
 20
-542889.1437838191
 30
0.0
 11
-383681.0373677213
 21
-543089.1437838116
 31
0.0
  0
LINE
  5
F1A
330
2
100
AcDbEntity
  8
WALL
100
AcDbLine
 10
-383681.0373677213
 20
-543089.1437838116
 30
0.0
 11
-384831.0373679679
 21
-543089.1437838116
 31
0.0
  0
LINE
  5
F1B
330
2
100
AcDbEntity
  8
WALL
100
AcDbLine
 10
-384631.0373679828
 20
-542889.1437838191
 30
0.0
 11
-383681.0373677364
 21
-542889.1437838191
 31
0.0
  0
INSERT
  5
F1C
330
2
100
AcDbEntity
  8
JJ
100
AcDbBlockReference
  2
SZ2
 10
-384674.9566754207
 20
-542924.6072479347
 30
0.0
 41
0.7999999999883585
 42
0.7999999999883585
 43
0.8
 50
270.0
  0
LINE
  5
F1D
330
2
100
AcDbEntity
  8
PWINDOW
100
AcDbLine
 10
-383801.0373677214
 20
-543589.1437838153
 30
0.0
 11
-384831.0373679679
 21
-543589.1437838153
 31
0.0
  0
LINE
  5
F1E
330
2
100
AcDbEntity
  8
WIN
100
AcDbLine
 10
-383741.0373677214
 20
-543529.1437838152
 30
0.0
 11
-383741.0373677214
 21
-543089.1437838116
 31
0.0
  0
LINE
  5
F1F
330
2
100
AcDbEntity
  8
WIN
100
AcDbLine
 10
-383681.0373677213
 20
-543469.1437838152
 30
0.0
 11
-383681.0373677213
 21
-543089.1437838116
 31
0.0
  0
LINE
  5
F20
330
2
100
AcDbEntity
  8
PWINDOW
100
AcDbLine
 10
-384831.0373679679
 20
-543089.1437838116
 30
0.0
 11
-384831.0373679679
 21
-543589.1437838153
 31
0.0
  0
LINE
  5
F21
330
2
100
AcDbEntity
  8
WIN
100
AcDbLine
 10
-383801.0373677214
 20
-543589.1437838153
 30
0.0
 11
-383801.0373677214
 21
-543089.1437838116
 31
0.0
  0
INSERT
  5
F22
330
2
100
AcDbEntity
  8
JJ
100
AcDbBlockReference
  2
YP2
 10
-384813.0392351907
 20
-539088.8018611343
 30
0.0
 41
-1.0
 50
90.0
  0
LINE
  5
F23
330
2
100
AcDbEntity
  8
WIN
100
AcDbLine
 10
-384701.0373679828
 20
-537779.1437838153
 30
0.0
 11
-384701.0373679828
 21
-538479.1437838153
 31
0.0
  0
LINE
  5
F24
330
2
100
AcDbEntity
  8
WIN
100
AcDbLine
 10
-384631.0373679828
 20
-537779.1437838153
 30
0.0
 11
-384631.0373679828
 21
-538479.1437838153
 31
0.0
  0
LINE
  5
F25
330
2
100
AcDbEntity
  8
WIN
100
AcDbLine
 10
-384761.0373679679
 20
-537779.1437838153
 30
0.0
 11
-384761.0373679679
 21
-538479.1437838153
 31
0.0
  0
LINE
  5
F26
330
2
100
AcDbEntity
  8
WIN
100
AcDbLine
 10
-384831.0373679679
 20
-537779.1437838153
 30
0.0
 11
-384831.0373679679
 21
-538479.1437838153
 31
0.0
  0
LINE
  5
F27
330
2
100
AcDbEntity
  8
WALL
100
AcDbLine
 10
-382191.0373679679
 20
-537332.9482727537
 30
0.0
 11
-382191.0373679679
 21
-539609.1437838118
 31
0.0
  0
INSERT
  5
F28
330
2
100
AcDbEntity
  8
WINDOW
100
AcDbBlockReference
 66
     1
  2
_DBLK
 10
-381131.0373679679
 20
-538059.1437838117
 30
0.0
 41
900.0
 42
900.0
 43
900.0
 50
90.0
1001
WTHICK
1040
120.0
  0
ATTRIB
  5
F29
330
F28
100
AcDbEntity
  8
0
100
AcDbText
 10
-381491.0373679679
 20
-538059.1437838117
 30
0.0
 40
300.0
  1

 50
90.00000000000005
 41
0.8
  7
_SIMPLEX
 72
     4
 11
-381491.0373679679
 21
-538059.1437838117
 31
0.0
100
AcDbAttribute
280
     0
  2
A
 70
     9
280
     0
  0
SEQEND
  5
F2A
330
F28
100
AcDbEntity
  8
WINDOW
  0
INSERT
  5
F2B
330
2
100
AcDbEntity
  8
JJ
100
AcDbBlockReference
  2
SZ2
 10
-378447.1180605299
 20
-537773.6803196963
 30
0.0
 41
0.7999999999883585
 42
0.7999999999883585
 43
0.8
 50
90.0
  0
LINE
  5
F2C
330
2
100
AcDbEntity
  8
WALL
100
AcDbLine
 10
-382311.0373679678
 20
-539149.1437838116
 30
0.0
 11
-382311.0373679678
 21
-537509.1437838154
 31
0.0
  0
LINE
  5
F2D
330
2
100
AcDbEntity
  8
WALL
100
AcDbLine
 10
-378491.0373679652
 20
-538609.1437838116
 30
0.0
 11
-378491.0373679633
 21
-537949.1437838116
 31
0.0
  0
HATCH
  5
F2E
330
2
100
AcDbEntity
  8
HA
100
AcDbHatch
 10
0.0
 20
0.0
 30
0.0
210
0.0
220
0.0
230
1.0
  2
ANSI37
 70
     0
 71
     0
 91
        1
 92
        1
 93
       18
 72
     1
 10
-382311.0373679678
 20
-538009.1437838152
 11
-383041.9487649674
 21
-538009.1437838152
 72
     1
 10
-383041.9487649674
 20
-538009.1437838152
 11
-383259.9684896989
 21
-537719.1437838153
 72
     1
 10
-383259.9684896989
 20
-537719.1437838156
 11
-383310.2185907943
 21
-537719.1437838156
 72
     1
 10
-383310.2185907943
 20
-537719.1437838156
 11
-383310.3292484326
 21
-537951.967792965
 72
     2
 10
-383620.5892608968
 20
-537951.8203311963
 40
310.2600475072478
 50
0.027231792727826
 51
57.93982702583639
 73
     0
 72
     2
 10
-383496.9148937032
 20
-538149.278938102
 40
77.26809369385512
 50
57.93982702583619
 51
165.0465495293091
 73
     0
 72
     2
 10
-383268.6718966002
 20
-537937.7676263832
 40
381.2004126893094
 50
142.6156638265744
 51
177.865170467599
 73
     0
 72
     1
 10
-383649.6077309654
 20
-537951.967792965
 11
-383649.7183886034
 21
-537719.5415824469
 72
     1
 10
-383649.7183886034
 20
-537719.5415824469
 11
-383699.9684896989
 21
-537719.1437838153
 72
     1
 10
-383699.9684896989
 20
-537719.1437838156
 11
-383729.9684896989
 21
-537689.1437838157
 72
     1
 10
-383729.9684896989
 20
-537689.1437838157
 11
-383729.9684896989
 21
-537509.1437838154
 72
     1
 10
-383729.9684896989
 20
-537509.1437838154
 11
-383881.0373679828
 21
-537509.1437838152
 72
     1
 10
-383881.0373679828
 20
-537509.1437838152
 11
-383881.0373679828
 21
-539149.1437838153
 72
     1
 10
-383881.0373679828
 20
-539149.1437838153
 11
-383146.1638718825
 21
-539149.1437838153
 72
     2
 10
-382429.4206334071
 20
-539155.1401624866
 40
716.7683213266988
 50
180.4793336810498
 51
272.6593759284482
 73
     0
 72
     1
 10
-382396.1638718825
 20
-538439.1437838152
 11
-382374.5788107347
 21
-539149.1437838116
 72
     1
 10
-382374.5788107347
 20
-539149.1437838116
 11
-382311.0373679678
 21
-539149.1437838116
 72
     1
 10
-382311.0373679678
 20
-539149.1437838116
 11
-382311.0373679678
 21
-538009.1437838152
 97
        0
 75
     0
 76
     1
 52
45.0
 41
1000.0
 77
     0
 78
     2
 53
90.0
 43
-376245.816251736
 44
-542655.5003997567
 45
125.0
 46
0.0000000000000213
 79
     0
 53
0.000000000000007
 43
-376245.816251736
 44
-542655.5003997567
 45
0.0000000000000213
 46
-125.0
 79
     0
 98
        1
 10
-376245.816251736
 20
-542655.5003997567
  0
LINE
  5
F2F
330
2
100
AcDbEntity
  8
DXZ
 62
     2
100
AcDbLine
 10
-382374.5788107347
 20
-539149.1437838116
 30
0.0
 11
-383146.1638718825
 21
-539149.1437838153
 31
0.0
  0
LINE
  5
F30
330
2
100
AcDbEntity
  8
JJ
100
AcDbLine
 10
-378906.2431365568
 20
-538853.614913318
 30
0.0
 11
-378575.8315993743
 21
-538938.8266067601
 31
0.0
  0
LINE
  5
F31
330
2
100
AcDbEntity
  8
JJ
100
AcDbLine
 10
-378906.2431365572
 20
-539135.9956429396
 30
0.0
 11
-378575.8315993743
 21
-539135.9956429396
 31
0.0
  0
LINE
  5
F32
330
2
100
AcDbEntity
  8
JJ
100
AcDbLine
 10
-378575.8315993743
 20
-539188.8198003117
 30
0.0
 11
-378906.2431365572
 21
-539188.8198003117
 31
0.0
  0
LINE
  5
F33
330
2
100
AcDbEntity
  8
JJ
100
AcDbLine
 10
-378575.8315993743
 20
-538982.6389079601
 30
0.0
 11
-378906.2431365568
 21
-539013.0023802012
 31
0.0
  0
LINE
  5
F34
330
2
100
AcDbEntity
  8
JJ
100
AcDbLine
 10
-378906.2431365572
 20
-539486.6680318489
 30
0.0
 11
-378575.8315993743
 21
-539486.6680318489
 31
0.0
  0
LINE
  5
F35
330
2
100
AcDbEntity
  8
JJ
100
AcDbLine
 10
-378575.8315993743
 20
-539539.492189221
 30
0.0
 11
-378906.2431365572
 21
-539539.492189221
 31
0.0
  0
LINE
  5
F36
330
2
100
AcDbEntity
  8
JJ
100
AcDbLine
 10
-378575.8315993743
 20
-539341.0871928396
 30
0.0
 11
-378906.2431365568
 21
-539371.4506650804
 31
0.0
  0
LINE
  5
F37
330
2
100
AcDbEntity
  8
WALL
100
AcDbLine
 10
-382376.3610482794
 20
-539269.1437838156
 30
0.0
 11
-382311.0373679678
 21
-539269.1437838152
 31
0.0
  0
LINE
  5
F38
330
2
100
AcDbEntity
  8
WALL
100
AcDbLine
 10
-382376.3610482794
 20
-539149.1437838116
 30
0.0
 11
-382376.3610482794
 21
-539269.1437838156
 31
0.0
  0
LINE
  5
F39
330
2
100
AcDbEntity
  8
WALL
100
AcDbLine
 10
-382376.3610482794
 20
-539149.1437838116
 30
0.0
 11
-382311.0373679678
 21
-539149.1437838116
 31
0.0
  0
LINE
  5
F3A
330
2
100
AcDbEntity
  8
WALL
100
AcDbLine
 10
-382311.0373679678
 20
-539729.1437838156
 30
0.0
 11
-382191.0373679679
 21
-539729.1437838156
 31
0.0
  0
LINE
  5
F3B
330
2
100
AcDbEntity
  8
WALL
100
AcDbLine
 10
-382191.0373679679
 20
-539729.1437838156
 30
0.0
 11
-382191.0373679679
 21
-539609.1437838118
 31
0.0
  0
LINE
  5
F3C
330
2
100
AcDbEntity
  8
WALL
100
AcDbLine
 10
-382311.0373679678
 20
-539269.1437838152
 30
0.0
 11
-382311.0373679678
 21
-539729.1437838156
 31
0.0
  0
LINE
  5
F3D
330
2
100
AcDbEntity
  8
WALL
100
AcDbLine
 10
-381291.0373679679
 20
-539609.1437838115
 30
0.0
 11
-381191.0373679679
 21
-539609.1437838115
 31
0.0
  0
LINE
  5
F3E
330
2
100
AcDbEntity
  8
WALL
100
AcDbLine
 10
-381291.0373679679
 20
-539729.1437838156
 30
0.0
 11
-381191.0373679679
 21
-539729.1437838156
 31
0.0
  0
LINE
  5
F3F
330
2
100
AcDbEntity
  8
WALL
100
AcDbLine
 10
-381291.0373679679
 20
-539729.1437838153
 30
0.0
 11
-381291.0373679679
 21
-539609.1437838115
 31
0.0
  0
LINE
  5
F40
330
2
100
AcDbEntity
  8
WALL
100
AcDbLine
 10
-381191.0373679679
 20
-538509.1437838121
 30
0.0
 11
-381191.0373679679
 21
-538709.1437838117
 31
0.0
  0
LINE
  5
F41
330
2
100
AcDbEntity
  8
WALL
100
AcDbLine
 10
-381071.0373679679
 20
-538709.1437838117
 30
0.0
 11
-381191.0373679679
 21
-538709.1437838117
 31
0.0
  0
LINE
  5
F42
330
2
100
AcDbEntity
  8
WALL
100
AcDbLine
 10
-381071.0373679679
 20
-538509.1437838121
 30
0.0
 11
-381191.0373679679
 21
-538509.1437838121
 31
0.0
  0
LINE
  5
F43
330
2
100
AcDbEntity
  8
WALL
100
AcDbLine
 10
-381071.0373679679
 20
-538609.1437838116
 30
0.0
 11
-381071.0373679679
 21
-538509.1437838121
 31
0.0
  0
LINE
  5
F44
330
2
100
AcDbEntity
  8
WALL
100
AcDbLine
 10
-381071.0373679679
 20
-539609.1437838118
 30
0.0
 11
-381191.0373679679
 21
-539609.1437838115
 31
0.0
  0
INSERT
  5
F45
330
2
100
AcDbEntity
  8
WINDOW
100
AcDbBlockReference
 66
     1
  2
_DBLK
 10
-381131.0373679679
 20
-539159.1437838116
 30
0.0
 41
900.0
 42
-900.0
 43
900.0
 50
270.0
1001
WTHICK
1040
119.9999999999854
  0
ATTRIB
  5
F46
330
F45
100
AcDbEntity
  8
0
100
AcDbText
 10
-380771.0373679679
 20
-539159.1437838116
 30
0.0
 40
300.0
  1

 50
90.00000000000005
 41
0.8
  7
_SIMPLEX
 72
     4
 11
-380771.0373679679
 21
-539159.1437838116
 31
0.0
100
AcDbAttribute
280
     0
  2
A
 70
     9
280
     0
  0
SEQEND
  5
F47
330
F45
100
AcDbEntity
  8
WINDOW
  0
LINE
  5
F48
330
2
100
AcDbEntity
  8
WALL
100
AcDbLine
 10
-381071.0373679679
 20
-538709.1437838117
 30
0.0
 11
-378491.0373679635
 21
-538709.1437838116
 31
0.0
  0
LINE
  5
F49
330
2
100
AcDbEntity
  8
WALL
100
AcDbLine
 10
-381071.0373679679
 20
-538609.1437838116
 30
0.0
 11
-378491.0373679679
 21
-538609.1437838116
 31
0.0
  0
LINE
  5
F4A
330
2
100
AcDbEntity
  8
JJ
100
AcDbLine
 10
-378741.0373679657
 20
-538709.1437838126
 30
0.0
 11
-378741.0373679659
 21
-539653.1922699409
 31
0.0
  0
LINE
  5
F4B
330
2
100
AcDbEntity
  8
JJ
100
AcDbLine
 10
-378991.0373679655
 20
-538709.1437838116
 30
0.0
 11
-378991.0373679659
 21
-539653.1922699409
 31
0.0
  0
LINE
  5
F4C
330
2
100
AcDbEntity
  8
JJ
100
AcDbLine
 10
-381191.0373679682
 20
-540489.1437838185
 30
0.0
 11
-381665.9747003558
 21
-540489.1437838185
 31
0.0
  0
LINE
  5
F4D
330
2
100
AcDbEntity
  8
JJ
100
AcDbLine
 10
-379815.5624543396
 20
-541153.3626550355
 30
0.0
 11
-380291.0373679818
 21
-541153.3626550355
 31
0.0
  0
TEXT
  5
F4E
330
2
100
AcDbEntity
  8
CTEXT
100
AcDbText
 10
-380640.4631267372
 20
-540649.3700849241
 30
0.0
 40
500.0
  1
卧室
 41
0.8
  7
_FSD
100
AcDbText
  0
INSERT
  5
F4F
330
2
100
AcDbEntity
  8
WINDOW
100
AcDbBlockReference
 66
     1
  2
_DBLK
 10
-381741.0373679679
 20
-539669.1437838135
 30
0.0
 41
900.0
 42
-900.0
 43
900.0
 50
180.0
1001
WTHICK
1040
120.0000000037544
  0
ATTRIB
  5
F50
330
F4F
100
AcDbEntity
  8
0
100
AcDbText
 10
-381741.0373679679
 20
-540029.1437838153
 30
0.0
 40
300.0
  1

 41
0.8
  7
_SIMPLEX
 72
     4
 11
-381741.0373679679
 21
-540029.1437838153
 31
0.0
100
AcDbAttribute
280
     0
  2
A
 70
     9
280
     0
  0
SEQEND
  5
F51
330
F4F
100
AcDbEntity
  8
WINDOW
  0
LINE
  5
F52
330
2
100
AcDbEntity
  8
JJ
100
AcDbLine
 10
-384486.5662384633
 20
-539684.3495524066
 30
0.0
 11
-384401.3545450213
 21
-539353.9380152236
 31
0.0
  0
LINE
  5
F53
330
2
100
AcDbEntity
  8
JJ
100
AcDbLine
 10
-383146.1638718825
 20
-539769.1437838155
 30
0.0
 11
-383146.1638718825
 21
-539269.1437838156
 31
0.0
  0
LINE
  5
F54
330
2
100
AcDbEntity
  8
JJ
100
AcDbLine
 10
-383556.9203019679
 20
-539671.9828719863
 30
0.0
 11
-383556.9203019679
 21
-539341.5713348034
 31
0.0
  0
LINE
  5
F55
330
2
100
AcDbEntity
  8
JJ
100
AcDbLine
 10
-383504.0961445958
 20
-539341.5713348036
 30
0.0
 11
-383504.0961445958
 21
-539671.9828719863
 31
0.0
  0
LINE
  5
F56
330
2
100
AcDbEntity
  8
JJ
100
AcDbLine
 10
-383351.8287520679
 20
-539341.5713348036
 30
0.0
 11
-383321.465279827
 21
-539671.9828719861
 31
0.0
  0
LINE
  5
F57
330
2
100
AcDbEntity
  8
JJ
100
AcDbLine
 10
-383710.2770369472
 20
-539341.5713348036
 30
0.0
 11
-383679.9135647061
 21
-539671.9828719861
 31
0.0
  0
LINE
  5
F58
330
2
100
AcDbEntity
  8
JJ
100
AcDbLine
 10
-383853.5131199323
 20
-539684.3495524066
 30
0.0
 11
-383853.5131199323
 21
-539353.9380152236
 31
0.0
  0
LINE
  5
F59
330
2
100
AcDbEntity
  8
JJ
100
AcDbLine
 10
-383800.6889625604
 20
-539353.9380152236
 30
0.0
 11
-383800.6889625604
 21
-539684.3495524066
 31
0.0
  0
LINE
  5
F5A
330
2
100
AcDbEntity
  8
JJ
100
AcDbLine
 10
-384204.1855088417
 20
-539684.3495524066
 30
0.0
 11
-384204.1855088417
 21
-539353.9380152236
 31
0.0
  0
LINE
  5
F5B
330
2
100
AcDbEntity
  8
JJ
100
AcDbLine
 10
-384151.3613514698
 20
-539353.9380152236
 30
0.0
 11
-384151.3613514698
 21
-539684.3495524066
 31
0.0
  0
LINE
  5
F5C
330
2
100
AcDbEntity
  8
JJ
100
AcDbLine
 10
-383999.0939589421
 20
-539353.9380152236
 30
0.0
 11
-383968.7304867008
 21
-539684.3495524066
 31
0.0
  0
LINE
  5
F5D
330
2
100
AcDbEntity
  8
JJ
100
AcDbLine
 10
-384357.5422438213
 20
-539353.9380152236
 30
0.0
 11
-384327.17877158
 21
-539684.3495524066
 31
0.0
  0
LINE
  5
F5E
330
2
100
AcDbEntity
  8
JJ
100
AcDbLine
 10
-384631.0373679698
 20
-539769.1437838152
 30
0.0
 11
-383146.1638718825
 21
-539769.1437838155
 31
0.0
  0
LINE
  5
F5F
330
2
100
AcDbEntity
  8
JJ
100
AcDbLine
 10
-384631.0373679688
 20
-539519.1437838152
 30
0.0
 11
-383146.1638718825
 21
-539519.1437838153
 31
0.0
  0
LINE
  5
F60
330
2
100
AcDbEntity
  8
JJ
100
AcDbLine
 10
-383881.0373679847
 20
-539009.1437838164
 30
0.0
 11
-383881.0373679828
 21
-539149.1437838153
 31
0.0
  0
LINE
  5
F61
330
2
100
AcDbEntity
  8
WALL
100
AcDbLine
 10
-384631.0373679828
 20
-538479.1437838153
 30
0.0
 11
-384831.0373679679
 21
-538479.1437838153
 31
0.0
  0
LINE
  5
F62
330
2
100
AcDbEntity
  8
WALL
100
AcDbLine
 10
-384631.0373679679
 20
-539269.1437838156
 30
0.0
 11
-383146.1638718825
 21
-539269.1437838156
 31
0.0
  0
LINE
  5
F63
330
2
100
AcDbEntity
  8
WALL
100
AcDbLine
 10
-384631.0373679828
 20
-539149.1437838153
 30
0.0
 11
-383146.1638718825
 21
-539149.1437838153
 31
0.0
  0
LINE
  5
F64
330
2
100
AcDbEntity
  8
WALL
100
AcDbLine
 10
-383146.1638718825
 20
-539149.1437838153
 30
0.0
 11
-383146.1638718825
 21
-539269.1437838156
 31
0.0
  0
LINE
  5
F65
330
2
100
AcDbEntity
  8
WALL
100
AcDbLine
 10
-384631.0373679828
 20
-538479.1437838153
 30
0.0
 11
-384631.0373679828
 21
-539149.1437838153
 31
0.0
  0
LWPOLYLINE
  5
F66
330
2
100
AcDbEntity
  8
DOOR
100
AcDbPolyline
 90
        3
 70
     0
 43
0.0
 10
-382396.1638718825
 20
-539149.1437838153
 10
-382396.1638718825
 20
-538439.1437838152
 42
0.4254022535333445
 10
-383146.1638718825
 20
-539149.1437838153
  0
LINE
  5
F67
330
2
100
AcDbEntity
  8
WALL
100
AcDbLine
 10
-384631.0373679828
 20
-535729.1437838116
 30
0.0
 11
-382191.0373679978
 21
-535729.1437838116
 31
0.0
  0
LINE
  5
F68
330
2
100
AcDbEntity
  8
JJ
100
AcDbLine
 10
-382957.8989570889
 20
-536379.6150622488
 30
0.0
 11
-382311.0373679678
 21
-536379.6150622488
 31
0.0
  0
LINE
  5
F69
330
2
100
AcDbEntity
  8
WALL
100
AcDbLine
 10
-384631.0373679828
 20
-535929.1437838079
 30
0.0
 11
-382311.0373679678
 21
-535929.1437838079
 31
0.0
  0
LINE
  5
F6A
330
2
100
AcDbEntity
  8
JJ
100
AcDbLine
 10
-382311.0373679678
 20
-538009.1437838152
 30
0.0
 11
-383041.9487649674
 21
-538009.1437838152
 31
0.0
  0
LINE
  5
F6B
330
2
100
AcDbEntity
  8
WALL
100
AcDbLine
 10
-384631.0373679828
 20
-537509.1437838154
 30
0.0
 11
-382311.0373679678
 21
-537509.1437838154
 31
0.0
  0
LINE
  5
F6C
330
2
100
AcDbEntity
  8
WALL
100
AcDbLine
 10
-384631.0373679828
 20
-537389.1437838191
 30
0.0
 11
-382311.0373679678
 21
-537389.1437838153
 31
0.0
  0
HATCH
  5
F6D
330
2
100
AcDbEntity
  8
HA
100
AcDbHatch
 10
0.0
 20
0.0
 30
0.0
210
0.0
220
0.0
230
1.0
  2
ANSI37
 70
     0
 71
     0
 91
        1
 92
        1
 93
       18
 72
     1
 10
-382311.0373679678
 20
-536379.6150622488
 11
-382957.8989570893
 21
-536379.6150622488
 72
     1
 10
-382957.8989570889
 20
-536379.6150622488
 11
-383201.7517846209
 21
-536139.1437838079
 72
     1
 10
-383201.7517846209
 20
-536139.1437838078
 11
-383252.0018857163
 21
-536139.1437838078
 72
     1
 10
-383252.0018857163
 20
-536139.1437838078
 11
-383252.0018857163
 21
-536335.4728096008
 72
     2
 10
-383575.8154353532
 20
-536369.8381497737
 40
325.6319878841844
 50
353.9420499262774
 51
411.8862682169346
 73
     0
 72
     2
 10
-383421.7517846209
 20
-536566.2258562196
 40
76.02481707412251
 50
51.88626821693446
 51
128.1137317830768
 73
     0
 72
     2
 10
-383273.6784680938
 20
-536375.1875878936
 40
317.7288725613242
 50
127.8592299305358
 51
180.5806328423187
 73
     0
 72
     1
 10
-383591.3910258874
 20
-536371.9677929576
 11
-383591.5016835254
 21
-536139.5415824392
 72
     1
 10
-383591.5016835254
 20
-536139.5415824392
 11
-383671.7517846212
 21
-536139.5415824392
 72
     1
 10
-383671.7517846209
 20
-536139.5415824392
 11
-383671.7517846209
 21
-536109.1437838076
 72
     1
 10
-383671.7517846209
 20
-536109.1437838076
 11
-383671.7517846209
 21
-535929.1437838079
 72
     1
 10
-383671.7517846209
 20
-535929.1437838079
 11
-383831.0373679826
 21
-535929.1437838081
 72
     1
 10
-383831.0373679826
 20
-535929.1437838081
 11
-383831.0373679803
 21
-537389.1437838175
 72
     1
 10
-383831.0373679803
 20
-537389.1437838175
 11
-382311.0373679678
 21
-537389.1437838153
 72
     1
 10
-382311.0373679678
 20
-537389.1437838153
 11
-382311.0373679678
 21
-537336.0430790262
 72
     1
 10
-382311.0373679678
 20
-537336.0430790262
 11
-383021.0373679679
 21
-537336.0430790262
 72
     2
 10
-382305.0409892965
 20
-537302.7863175016
 40
716.7683213266911
 50
177.3406240715513
 51
269.5206663189508
 73
     0
 72
     1
 10
-382311.0373679678
 20
-536586.0430790262
 11
-382311.0373679678
 21
-536379.6150622488
 97
        0
 75
     0
 76
     1
 52
45.0
 41
1000.0
 77
     0
 78
     2
 53
90.0
 43
-376245.816251736
 44
-542655.5003997567
 45
125.0
 46
0.0000000000000213
 79
     0
 53
0.000000000000007
 43
-376245.816251736
 44
-542655.5003997567
 45
0.0000000000000213
 46
-125.0
 79
     0
 98
        1
 10
-376245.816251736
 20
-542655.5003997567
  0
LWPOLYLINE
  5
F6E
330
2
100
AcDbEntity
  8
DOOR
100
AcDbPolyline
 90
        3
 70
     0
 43
0.0
 10
-382311.0373679678
 20
-537336.0430790262
 10
-383021.0373679679
 20
-537336.0430790262
 42
-0.4254022535333493
 10
-382311.0373679678
 20
-536586.0430790262
  0
LINE
  5
F6F
330
2
100
AcDbEntity
  8
WALL
100
AcDbLine
 10
-382191.0373679978
 20
-535729.1437838116
 30
0.0
 11
-382191.0373679828
 21
-536582.9482727536
 31
0.0
  0
LWPOLYLINE
  5
F70
330
2
100
AcDbEntity
  8
DOOR
100
AcDbPolyline
 90
        3
 70
     0
 43
0.0
 10
-381291.0373679679
 20
-535829.1437838116
 10
-381291.0373679679
 20
-536729.1437838116
 42
-0.4142135623730951
 10
-382191.0373679679
 20
-535829.1437838116
 42
-0.4142135623730951
  0
LINE
  5
F71
330
2
100
AcDbEntity
  8
WALL
100
AcDbLine
 10
-381291.0373679679
 20
-535829.1437838116
 30
0.0
 11
-381291.0373679679
 21
-535729.1437838116
 31
0.0
  0
LINE
  5
F72
330
2
100
AcDbEntity
  8
WALL
100
AcDbLine
 10
-381291.0373679679
 20
-535729.1437838116
 30
0.0
 11
-381191.0373679679
 21
-535729.1437838116
 31
0.0
  0
LINE
  5
F73
330
2
100
AcDbEntity
  8
WALL
100
AcDbLine
 10
-381191.0373679679
 20
-535829.1437838116
 30
0.0
 11
-381291.0373679679
 21
-535829.1437838116
 31
0.0
  0
LINE
  5
F74
330
2
100
AcDbEntity
  8
WALL
100
AcDbLine
 10
-381191.0373679679
 20
-535829.1437838116
 30
0.0
 11
-381191.0373679679
 21
-537609.1437838117
 31
0.0
  0
LINE
  5
F75
330
2
100
AcDbEntity
  8
WALL
100
AcDbLine
 10
-382311.0373679678
 20
-536582.9482727536
 30
0.0
 11
-382191.0373679828
 21
-536582.9482727536
 31
0.0
  0
LINE
  5
F76
330
2
100
AcDbEntity
  8
WALL
100
AcDbLine
 10
-382311.0373679678
 20
-535929.1437838079
 30
0.0
 11
-382311.0373679678
 21
-536582.9482727536
 31
0.0
  0
LINE
  5
F77
330
2
100
AcDbEntity
  8
WALL
100
AcDbLine
 10
-378291.0373679679
 20
-536709.143783808
 30
0.0
 11
-378491.0373679679
 21
-536709.143783808
 31
0.0
  0
LINE
  5
F78
330
2
100
AcDbEntity
  8
WALL
100
AcDbLine
 10
-378291.0373679679
 20
-535729.1437838117
 30
0.0
 11
-378291.0373679679
 21
-536709.143783808
 31
0.0
  0
LINE
  5
F79
330
2
100
AcDbEntity
  8
WALL
100
AcDbLine
 10
-378491.0373679679
 20
-536709.143783808
 30
0.0
 11
-378491.0373679679
 21
-535929.1437838044
 31
0.0
  0
LINE
  5
F7A
330
2
100
AcDbEntity
  8
WALL
100
AcDbLine
 10
-378291.0373679679
 20
-535729.1437838117
 30
0.0
 11
-381191.0373679679
 21
-535729.1437838117
 31
0.0
  0
LINE
  5
F7B
330
2
100
AcDbEntity
  8
WALL
100
AcDbLine
 10
-378491.0373679679
 20
-535929.1437838044
 30
0.0
 11
-381071.0373679679
 21
-535929.1437838044
 31
0.0
  0
LINE
  5
F7C
330
2
100
AcDbEntity
  8
JJ
100
AcDbLine
 10
-378926.8184967514
 20
-537253.6688701639
 30
0.0
 11
-378926.8184967514
 21
-537809.1437838116
 31
0.0
  0
TEXT
  5
F7D
330
2
100
AcDbEntity
  8
CTEXT
100
AcDbText
 10
-380195.7053940427
 20
-537874.5970885294
 30
0.0
 40
500.0
  1
卧室
 41
0.8
  7
_FSD
100
AcDbText
  0
LINE
  5
F7E
330
2
100
AcDbEntity
  8
WALL
100
AcDbLine
 10
-381071.0373679679
 20
-537609.1437838117
 30
0.0
 11
-381191.0373679679
 21
-537609.1437838117
 31
0.0
  0
LINE
  5
F7F
330
2
100
AcDbEntity
  8
WALL
100
AcDbLine
 10
-378291.037367964
 20
-537949.1437838116
 30
0.0
 11
-378491.0373679633
 21
-537949.1437838116
 31
0.0
  0
LINE
  5
F80
330
2
100
AcDbEntity
  8
WALL
100
AcDbLine
 10
-382311.0373679678
 20
-537332.9482727537
 30
0.0
 11
-382311.0373679678
 21
-537389.1437838153
 31
0.0
  0
LINE
  5
F81
330
2
100
AcDbEntity
  8
WALL
100
AcDbLine
 10
-382311.0373679678
 20
-537332.9482727537
 30
0.0
 11
-382191.0373679828
 21
-537332.9482727537
 31
0.0
  0
LINE
  5
F82
330
2
100
AcDbEntity
  8
WALL
100
AcDbLine
 10
-381071.0373679679
 20
-537609.1437838117
 30
0.0
 11
-381071.0373679679
 21
-535929.1437838044
 31
0.0
  0
LINE
  5
F83
330
2
100
AcDbEntity
  8
WIN
100
AcDbLine
 10
-378291.0373679679
 20
-537949.1437838116
 30
0.0
 11
-378291.0373679679
 21
-536709.143783808
 31
0.0
  0
LINE
  5
F84
330
2
100
AcDbEntity
  8
WIN
100
AcDbLine
 10
-378361.037367968
 20
-537949.1437838116
 30
0.0
 11
-378361.037367968
 21
-536709.143783808
 31
0.0
  0
LINE
  5
F85
330
2
100
AcDbEntity
  8
WIN
100
AcDbLine
 10
-378421.0373679679
 20
-537949.1437838116
 30
0.0
 11
-378421.0373679679
 21
-536709.143783808
 31
0.0
  0
LINE
  5
F86
330
2
100
AcDbEntity
  8
WIN
100
AcDbLine
 10
-378491.0373679679
 20
-537949.1437838116
 30
0.0
 11
-378491.0373679679
 21
-536709.143783808
 31
0.0
  0
INSERT
  5
F87
330
2
100
AcDbEntity
  8
JJ
 62
     8
100
AcDbBlockReference
  2
RDC1
 10
-380683.1402727509
 20
-537519.1824404645
 30
0.0
 41
-1.0
  0
LINE
  5
F88
330
2
100
AcDbEntity
  8
PWINDOW
100
AcDbLine
 10
-382311.0373679678
 20
-537332.9482727537
 30
0.0
 11
-382311.0373679678
 21
-536582.9482727536
 31
0.0
  0
CIRCLE
  5
F89
330
2
100
AcDbEntity
  8
ARCH
100
AcDbCircle
 10
-384242.5853658597
 20
-536152.7084671257
 30
0.0
 40
22.45107156783342
  0
LINE
  5
F8A
330
2
100
AcDbEntity
  8
ARCH
100
AcDbLine
 10
-384231.0373679828
 20
-536152.7084671184
 30
0.0
 11
-384254.133363737
 21
-536152.7084671184
 31
0.0
  0
LINE
  5
F8B
330
2
100
AcDbEntity
  8
ARCH
100
AcDbLine
 10
-384254.133363737
 20
-536152.7084671184
 30
0.0
 11
-384254.133363737
 21
-535979.1437838001
 31
0.0
  0
LINE
  5
F8C
330
2
100
AcDbEntity
  8
ARCH
100
AcDbLine
 10
-384231.0373679828
 20
-535979.1437838001
 30
0.0
 11
-384231.0373679828
 21
-536152.7084671184
 31
0.0
  0
LWPOLYLINE
  5
F8D
330
2
100
AcDbEntity
  8
JJ
 62
   252
100
AcDbPolyline
 90
       16
 70
     1
 43
0.0
 10
-382853.2074358653
 20
-536182.5604647332
 10
-382832.9783953618
 20
-536253.0108578622
 10
-382780.5072290789
 20
-536313.7772604644
 10
-382707.3181669007
 20
-536350.8655929723
 10
-382619.3639105746
 20
-536361.1401393829
 10
-382533.0016295207
 20
-536341.5678651265
 10
-382464.1730508696
 20
-536296.9045693583
 10
-382418.4635442089
 20
-536230.9013877555
 10
-382405.8433508169
 20
-536158.6988761136
 10
-382426.07239135
 20
-536088.2484830066
 10
-382478.5435576032
 20
-536027.4820803822
 10
-382551.7326197815
 20
-535990.3937478705
 10
-382639.6868761071
 20
-535980.1192014858
 10
-382726.0491571615
 20
-535999.6914757423
 10
-382794.8777358125
 20
-536044.3547714881
 10
-382840.5872424733
 20
-536110.3579530873
  0
LWPOLYLINE
  5
F8E
330
2
100
AcDbEntity
  8
JJ
 62
   252
100
AcDbPolyline
 90
       16
 70
     1
 43
0.0
 10
-382816.9095958065
 20
-536185.9043098397
 10
-382800.5267328214
 20
-536131.5191368505
 10
-382756.7675556729
 20
-536083.7030737818
 10
-382696.418997396
 20
-536055.051568643
 10
-382622.7845875216
 20
-536047.187601988
 10
-382550.4044828008
 20
-536062.8397179293
 10
-382493.446096916
 20
-536097.7481626203
 10
-382455.0215733836
 20
-536149.9477551884
 10
-382444.5168175886
 20
-536205.7670649932
 10
-382460.8996805738
 20
-536260.1522379822
 10
-382504.6588577222
 20
-536307.9683010512
 10
-382565.0074159693
 20
-536336.6198061862
 10
-382638.6418258737
 20
-536344.4837728447
 10
-382711.0219305943
 20
-536328.8316569037
 10
-382767.9803164493
 20
-536293.9232122124
 10
-382806.4048399817
 20
-536241.7236196443
  0
LINE
  5
F8F
330
2
100
AcDbEntity
  8
JJ
100
AcDbLine
 10
-383201.7517846209
 20
-536139.1437838078
 30
0.0
 11
-382957.8989570889
 21
-536379.6150622488
 31
0.0
  0
INSERT
  5
F90
330
2
100
AcDbEntity
  8
JJ
100
AcDbBlockReference
  2
WP3
 10
-383201.7517846209
 20
-535929.1437838079
 30
0.0
 41
-1.0
  0
LINE
  5
F91
330
2
100
AcDbEntity
  8
WALL
100
AcDbLine
 10
-384631.0373679828
 20
-536489.2222120428
 30
0.0
 11
-384831.0373679679
 21
-536489.2222120428
 31
0.0
  0
LINE
  5
F92
330
2
100
AcDbEntity
  8
WALL
100
AcDbLine
 10
-384631.0373679828
 20
-535929.1437838079
 30
0.0
 11
-384631.0373679828
 21
-536489.2222120428
 31
0.0
  0
LINE
  5
F93
330
2
100
AcDbEntity
  8
PWINDOW
100
AcDbLine
 10
-385796.7435685089
 20
-535889.143783808
 30
0.0
 11
-384831.0373679572
 21
-535889.143783808
 31
0.0
  0
LINE
  5
F94
330
2
100
AcDbEntity
  8
PWINDOW
100
AcDbLine
 10
-385796.7435685089
 20
-535789.143783808
 30
0.0
 11
-384831.0373679572
 21
-535789.143783808
 31
0.0
  0
LINE
  5
F95
330
2
100
AcDbEntity
  8
WALL
100
AcDbLine
 10
-385796.7435685089
 20
-536089.0751817929
 30
0.0
 11
-385996.7435685089
 21
-536089.0751817929
 31
0.0
  0
INSERT
  5
F96
330
2
100
AcDbEntity
  8
ARCH
100
AcDbBlockReference
 66
     1
  2
WW
 10
-384929.6787245444
 20
-535449.6021614069
 30
0.0
 41
-1.0
 50
90.0
  0
ATTRIB
  5
F97
330
F96
100
AcDbEntity
  8
JJ
100
AcDbText
 10
-385151.7149970804
 20
-535168.143783808
 30
0.0
 40
0.5
  1
500
 50
180.0
 41
0.7999999999992724
  7
DIM_FONT
 71
     4
100
AcDbAttribute
280
     0
  2
XSIZE
 70
     9
280
     0
  0
ATTRIB
  5
F98
330
F96
100
AcDbEntity
  8
JJ
100
AcDbText
 10
-385151.7149970804
 20
-535168.143783808
 30
0.0
 40
0.5
  1
500
 50
180.0
 41
0.7999999999992724
  7
DIM_FONT
 71
     4
100
AcDbAttribute
280
     0
  2
YSIZE
 70
     9
280
     0
  0
ATTRIB
  5
F99
330
F96
100
AcDbEntity
  8
JJ
100
AcDbText
 10
-385447.1491310562
 20
-535441.0290301984
 30
0.0
 40
0.5
  1
644
 50
180.0
 41
0.7999999999992724
  7
DIM_FONT
 71
     4
100
AcDbAttribute
280
     0
  2
XSIZE
 70
     9
280
     0
  0
SEQEND
  5
F9A
330
F96
100
AcDbEntity
  8
ARCH
  0
LINE
  5
F9B
330
2
100
AcDbEntity
  8
WALL
100
AcDbLine
 10
-384831.0373679679
 20
-537779.1437838153
 30
0.0
 11
-384831.0373679679
 21
-537288.9206933716
 31
0.0
  0
LINE
  5
F9C
330
2
100
AcDbEntity
  8
JJ
100
AcDbLine
 10
-383259.9684896989
 20
-537719.1437838156
 30
0.0
 11
-383041.9487649674
 21
-538009.1437838152
 31
0.0
  0
LWPOLYLINE
  5
F9D
330
2
100
AcDbEntity
  8
JJ
 62
   252
100
AcDbPolyline
 90
       16
 70
     1
 43
0.0
 10
-382488.2851702728
 20
-537763.3359988349
 10
-382508.5142107763
 20
-537833.7863919639
 10
-382560.9853770592
 20
-537894.5527945663
 10
-382634.1744392371
 20
-537931.6411270743
 10
-382722.1286955632
 20
-537941.9156734851
 10
-382808.4909766174
 20
-537922.3433992284
 10
-382877.3195552685
 20
-537877.6801034602
 10
-382923.0290619292
 20
-537811.6769218574
 10
-382935.6492553213
 20
-537739.4744102154
 10
-382915.4202147878
 20
-537669.0240171086
 10
-382862.9490485346
 20
-537608.2576144841
 10
-382789.7599863566
 20
-537571.1692819727
 10
-382701.8057300307
 20
-537560.8947355878
 10
-382615.4434489764
 20
-537580.4670098442
 10
-382546.6148703254
 20
-537625.13030559
 10
-382500.9053636647
 20
-537691.1334871893
  0
LWPOLYLINE
  5
F9E
330
2
100
AcDbEntity
  8
JJ
 62
   252
100
AcDbPolyline
 90
       16
 70
     1
 43
0.0
 10
-382524.5830103315
 20
-537766.6798439416
 10
-382540.9658733168
 20
-537712.2946709525
 10
-382584.725050465
 20
-537664.4786078838
 10
-382645.0736087419
 20
-537635.827102745
 10
-382718.7080186167
 20
-537627.9631360901
 10
-382791.088123337
 20
-537643.6152520311
 10
-382848.0465092218
 20
-537678.5236967222
 10
-382886.4710327543
 20
-537730.7232892905
 10
-382896.9757885494
 20
-537786.542599095
 10
-382880.5929255643
 20
-537840.9277720844
 10
-382836.8337484158
 20
-537888.7438351532
 10
-382776.4851901687
 20
-537917.3953402882
 10
-382702.8507802643
 20
-537925.259306947
 10
-382630.4706755435
 20
-537909.6071910058
 10
-382573.5122896886
 20
-537874.6987463144
 10
-382535.0877661563
 20
-537822.4991537464
  0
INSERT
  5
F9F
330
2
100
AcDbEntity
  8
JJ
100
AcDbBlockReference
  2
WP3
 10
-383259.9684896989
 20
-537509.1437838154
 30
0.0
 41
-1.0
  0
LINE
  5
FA0
330
2
100
AcDbEntity
  8
WALL
100
AcDbLine
 10
-384631.0373679828
 20
-537779.1437838153
 30
0.0
 11
-384831.0373679679
 21
-537779.1437838153
 31
0.0
  0
LINE
  5
FA1
330
2
100
AcDbEntity
  8
WALL
100
AcDbLine
 10
-384631.0373679828
 20
-537509.1437838154
 30
0.0
 11
-384631.0373679828
 21
-537779.1437838153
 31
0.0
  0
LINE
  5
FA2
330
2
100
AcDbEntity
  8
WALL
100
AcDbLine
 10
-384631.0373679828
 20
-537288.9206933716
 30
0.0
 11
-384831.0373679679
 21
-537288.9206933716
 31
0.0
  0
LINE
  5
FA3
330
2
100
AcDbEntity
  8
WALL
100
AcDbLine
 10
-384631.0373679828
 20
-537288.9206933716
 30
0.0
 11
-384631.0373679828
 21
-537389.1437838191
 31
0.0
  0
LWPOLYLINE
  5
FA4
330
2
100
AcDbEntity
  8
ARCH
100
AcDbPolyline
 90
        4
 70
     1
 43
0.0
 10
-384581.0373679828
 20
-535979.143783793
 10
-384581.0373679805
 20
-537339.1437838179
 10
-383881.0373679805
 20
-537339.1437838179
 10
-383881.0373679826
 20
-535979.1437838079
  0
LINE
  5
FA5
330
2
100
AcDbEntity
  8
ARCH
100
AcDbLine
 10
-384581.0373679828
 20
-535979.143783793
 30
0.0
 11
-383881.0373679805
 21
-537339.1437838179
 31
0.0
  0
LINE
  5
FA6
330
2
100
AcDbEntity
  8
ARCH
100
AcDbLine
 10
-383881.0373679826
 20
-535979.1437838079
 30
0.0
 11
-384581.0373679805
 21
-537339.1437838179
 31
0.0
  0
LWPOLYLINE
  5
FA7
330
2
100
AcDbEntity
  8
ARCH
100
AcDbPolyline
 90
        4
 70
     1
 43
0.0
 10
-384631.0373679828
 20
-535929.1437838079
 10
-384631.0373679807
 20
-537389.1437838175
 10
-383831.0373679805
 20
-537389.1437838175
 10
-383831.0373679826
 20
-535929.1437838081
  0
LINE
  5
FA8
330
2
100
AcDbEntity
  8
WIN
100
AcDbLine
 10
-384631.0373679828
 20
-536489.2222120428
 30
0.0
 11
-384631.0373679828
 21
-537288.9206933716
 31
0.0
  0
LINE
  5
FA9
330
2
100
AcDbEntity
  8
WIN
100
AcDbLine
 10
-384701.0373679828
 20
-536489.2222120428
 30
0.0
 11
-384701.0373679828
 21
-537288.9206933716
 31
0.0
  0
LINE
  5
FAA
330
2
100
AcDbEntity
  8
WIN
100
AcDbLine
 10
-384761.0373679679
 20
-536489.2222120428
 30
0.0
 11
-384761.0373679679
 21
-537288.9206933716
 31
0.0
  0
LINE
  5
FAB
330
2
100
AcDbEntity
  8
WIN
100
AcDbLine
 10
-384831.0373679679
 20
-536489.2222120428
 30
0.0
 11
-384831.0373679679
 21
-537288.9206933716
 31
0.0
  0
INSERT
  5
FAC
330
2
100
AcDbEntity
  8
STAIR
100
AcDbBlockReference
 66
     1
  2
_F0LWN
 10
-380999.7535192045
 20
-532246.8563854354
 30
-0.0000000000657026
 41
-1.0
 50
90.0
  0
ATTRIB
  5
FAD
330
FAC
100
AcDbEntity
  8
0
100
AcDbText
 10
-381000.2535192044
 20
-532246.8563854354
 30
0.0
 40
0.5
  1
500
 50
270.0
 41
0.8
  7
DIM_FONT
100
AcDbAttribute
280
     0
  2
XSIZE
 70
     9
280
     0
  0
ATTRIB
  5
FAE
330
FAC
100
AcDbEntity
  8
0
100
AcDbText
 10
-381000.2535192044
 20
-532246.8563854354
 30
0.0
 40
0.5
  1
500
 50
270.0
 41
0.8
  7
DIM_FONT
100
AcDbAttribute
280
     0
  2
YSIZE
 70
     9
280
     0
  0
SEQEND
  5
FAF
330
FAC
100
AcDbEntity
  8
STAIR
  0
LINE
  5
FB0
330
2
100
AcDbEntity
  8
PWINDOW
100
AcDbLine
 10
-381830.8484648595
 20
-531104.0312341346
 30
0.0
 11
-381830.8484648888
 21
-533094.0312341265
 31
0.0
  0
LINE
  5
FB1
330
2
100
AcDbEntity
  8
WALL
100
AcDbLine
 10
-382330.8484648597
 20
-531104.0312341268
 30
0.0
 11
-382330.8484648896
 21
-533144.0312341265
 31
0.0
  0
LINE
  5
FB2
330
2
100
AcDbEntity
  8
WALL
100
AcDbLine
 10
-382430.8484648597
 20
-531104.0312341268
 30
0.0
 11
-382430.8484648883
 21
-532964.0312341266
 31
0.0
  0
INSERT
  5
FB3
330
2
100
AcDbEntity
  8
WINDOW
100
AcDbBlockReference
 66
     1
  2
M_A17ORW
 10
-381046.4300158813
 20
-531004.0312341265
 30
0.0
 41
1100.0
 42
-1100.0
 43
1100.0
 50
180.0
1001
WTHICK
1040
200.0
  0
ATTRIB
  5
FB4
330
FB3
100
AcDbEntity
  8
WINDOW_TEXT
100
AcDbText
 10
-381046.4300158813
 20
-531404.0312341266
 30
0.0
 40
300.0
  1

 41
0.8
  7
SIMPLEX
 72
     4
 11
-381046.4300158813
 21
-531404.0312341266
 31
0.0
100
AcDbAttribute
280
     0
  2
A
 70
     9
280
     0
  0
SEQEND
  5
FB5
330
FB3
100
AcDbEntity
  8
WINDOW
  0
LINE
  5
FB6
330
2
100
AcDbEntity
  8
PWINDOW
100
AcDbLine
 10
-385296.2714951328
 20
-532964.0312341266
 30
0.0
 11
-385296.2714951328
 21
-531604.4865861238
 31
0.0
  0
INSERT
  5
FB7
330
2
100
AcDbEntity
  8
DIM
100
AcDbBlockReference
  2
SHC
 10
-385669.2058605021
 20
-532288.7869338504
 30
0.0
 50
44.99999999999515
  0
LINE
  5
FB8
330
2
100
AcDbEntity
  8
WALL
100
AcDbLine
 10
-382530.8484648882
 20
-533144.0312341265
 30
0.0
 11
-382330.8484648896
 21
-533144.0312341265
 31
0.0
  0
TEXT
  5
FB9
330
2
100
AcDbEntity
  8
CTEXT
100
AcDbText
 10
-382486.4438302951
 20
-534101.7802089098
 30
0.0
 40
500.0
  1
餐厅
 41
0.8
  7
_FSD
100
AcDbText
  0
LINE
  5
FBA
330
2
100
AcDbEntity
  8
PWINDOW
100
AcDbLine
 10
-382330.8484648896
 20
-533094.0312341265
 30
0.0
 11
-380511.037367968
 21
-533094.0312341265
 31
0.0
  0
LINE
  5
FBB
330
2
100
AcDbEntity
  8
PWINDOW
100
AcDbLine
 10
-380511.037367968
 20
-533094.0312341265
 30
0.0
 11
-380511.037367968
 21
-533144.0312341265
 31
0.0
  0
LINE
  5
FBC
330
2
100
AcDbEntity
  8
PWINDOW
100
AcDbLine
 10
-382330.8484648896
 20
-533144.0312341265
 30
0.0
 11
-380511.037367968
 21
-533144.0312341265
 31
0.0
  0
LINE
  5
FBD
330
2
100
AcDbEntity
  8
WIN
100
AcDbLine
 10
-384631.0373679828
 20
-533144.0312341265
 30
0.0
 11
-384631.0373679828
 21
-534104.0312341266
 31
0.0
  0
LINE
  5
FBE
330
2
100
AcDbEntity
  8
PWINDOW
100
AcDbLine
 10
-384831.0373679421
 20
-533144.0312341265
 30
0.0
 11
-384831.0373679421
 21
-534944.0312341268
 31
0.0
  0
LINE
  5
FBF
330
2
100
AcDbEntity
  8
WIN
100
AcDbLine
 10
-384691.0373679828
 20
-533144.0312341265
 30
0.0
 11
-384691.0373679828
 21
-534944.0312341268
 31
0.0
  0
LINE
  5
FC0
330
2
100
AcDbEntity
  8
WIN
100
AcDbLine
 10
-384691.0373679828
 20
-533984.0312341266
 30
0.0
 11
-384751.0373679828
 21
-533984.0312341266
 31
0.0
  0
LINE
  5
FC1
330
2
100
AcDbEntity
  8
WIN
100
AcDbLine
 10
-384631.0373679828
 20
-534104.0312341266
 30
0.0
 11
-384691.0373679828
 21
-534104.0312341266
 31
0.0
  0
LINE
  5
FC2
330
2
100
AcDbEntity
  8
WALL
100
AcDbLine
 10
-384631.0373679828
 20
-534944.0312341268
 30
0.0
 11
-384831.0373679421
 21
-534944.0312341268
 31
0.0
  0
LINE
  5
FC3
330
2
100
AcDbEntity
  8
WIN
100
AcDbLine
 10
-384751.0373679828
 20
-533984.0312341266
 30
0.0
 11
-384751.0373679828
 21
-534944.0312341268
 31
0.0
  0
LINE
  5
FC4
330
2
100
AcDbEntity
  8
WIN
100
AcDbLine
 10
-384831.0373679375
 20
-533034.0312341266
 30
0.0
 11
-385796.7435685365
 21
-533034.0312341355
 31
0.0
  0
LINE
  5
FC5
330
2
100
AcDbEntity
  8
WIN
100
AcDbLine
 10
-385796.7435685089
 20
-533074.0312341267
 30
0.0
 11
-384831.0373679382
 21
-533074.0312341267
 31
0.0
  0
LINE
  5
FC6
330
2
100
AcDbEntity
  8
WIN
100
AcDbLine
 10
-384831.0373679382
 20
-532964.0312341266
 30
0.0
 11
-385796.7435685372
 21
-532964.0312341355
 31
0.0
  0
LINE
  5
FC7
330
2
100
AcDbEntity
  8
WIN
100
AcDbLine
 10
-385796.7435685089
 20
-533144.0312341265
 30
0.0
 11
-384831.0373679382
 21
-533144.0312341265
 31
0.0
  0
LINE
  5
FC8
330
2
100
AcDbEntity
  8
WALL
100
AcDbLine
 10
-383330.8484648881
 20
-532964.0312341266
 30
0.0
 11
-384831.0373679382
 21
-532964.0312341266
 31
0.0
  0
LINE
  5
FC9
330
2
100
AcDbEntity
  8
WALL
100
AcDbLine
 10
-383330.8484648881
 20
-533144.0312341265
 30
0.0
 11
-384831.0373679382
 21
-533144.0312341265
 31
0.0
  0
LINE
  5
FCA
330
2
100
AcDbEntity
  8
WALL
100
AcDbLine
 10
-384831.0373679382
 20
-533144.0312341265
 30
0.0
 11
-384831.0373679382
 21
-532964.0312341266
 31
0.0
  0
LINE
  5
FCB
330
2
100
AcDbEntity
  8
WALL
100
AcDbLine
 10
-383330.8484648881
 20
-532964.0312341266
 30
0.0
 11
-383330.8484648881
 21
-533144.0312341265
 31
0.0
  0
LINE
  5
FCC
330
2
100
AcDbEntity
  8
WALL
100
AcDbLine
 10
-382530.8484648882
 20
-532964.0312341266
 30
0.0
 11
-382530.8484648882
 21
-533144.0312341265
 31
0.0
  0
LWPOLYLINE
  5
FCD
330
2
100
AcDbEntity
  8
DOOR
100
AcDbPolyline
 90
        3
 70
     0
 43
0.0
 10
-382530.8484648882
 20
-532964.0312341266
 10
-382530.8484648882
 20
-532164.0312341266
 42
0.4142135623730951
 10
-383330.8484648881
 20
-532964.0312341266
  0
LINE
  5
FCE
330
2
100
AcDbEntity
  8
PWINDOW
100
AcDbLine
 10
-383330.8484648881
 20
-532964.0312341266
 30
0.0
 11
-382530.8484648882
 21
-532964.0312341266
 31
0.0
  0
LINE
  5
FCF
330
2
100
AcDbEntity
  8
WALL
100
AcDbLine
 10
-382430.8484648883
 20
-532964.0312341266
 30
0.0
 11
-382530.8484648882
 21
-532964.0312341266
 31
0.0
  0
LINE
  5
FD0
330
2
100
AcDbEntity
  8
WALL
100
AcDbLine
 10
-381582.4497690424
 20
-531104.0312341265
 30
0.0
 11
-382330.8484648597
 21
-531104.0312341268
 31
0.0
  0
LINE
  5
FD1
330
2
100
AcDbEntity
  8
WALL
100
AcDbLine
 10
-381782.4497690503
 20
-530904.0312341306
 30
0.0
 11
-389282.0719628986
 21
-530904.0312341267
 31
0.0
  0
LINE
  5
FD2
330
2
100
AcDbEntity
  8
WALL
100
AcDbLine
 10
-379945.4888339941
 20
-530904.0312341269
 30
0.0
 11
-380511.037367968
 21
-530904.0312341267
 31
0.0
  0
LINE
  5
FD3
330
2
100
AcDbEntity
  8
WALL
100
AcDbLine
 10
-380001.0373679678
 20
-531104.0312341268
 30
0.0
 11
-380511.037367968
 21
-531104.0312341265
 31
0.0
  0
LINE
  5
FD4
330
2
100
AcDbEntity
  8
WALL
100
AcDbLine
 10
-380511.037367968
 20
-531104.0312341265
 30
0.0
 11
-380511.037367968
 21
-530904.0312341266
 31
0.0
  0
INSERT
  5
FD5
330
2
100
AcDbEntity
  8
0
100
AcDbBlockReference
  2
DBX1
 10
-383166.9132588276
 20
-531083.7876734488
 30
0.0
 50
180.0
  0
LINE
  5
FD6
330
2
100
AcDbEntity
  8
WALL
100
AcDbLine
 10
-382430.8484648597
 20
-531104.0312341268
 30
0.0
 11
-385796.7435685536
 21
-531104.0312341268
 31
0.0
  0
LINE
  5
FD7
330
2
100
AcDbEntity
  8
PWINDOW
100
AcDbLine
 10
-383120.8484648597
 20
-531604.4865861238
 30
0.0
 11
-385296.2714951328
 21
-531604.4865861238
 31
0.0
  0
INSERT
  5
FD8
330
2
100
AcDbEntity
  8
WINDOW
100
AcDbBlockReference
  2
2
 10
-384130.5374077487
 20
-531164.4865861238
 30
0.0
 41
-1.0
  0
LINE
  5
FD9
330
2
100
AcDbEntity
  8
PWINDOW
100
AcDbLine
 10
-377691.0373679807
 20
-541589.1437838189
 30
0.0
 11
-377691.0373679807
 21
-538609.1437838116
 31
0.0
  0
LINE
  5
FDA
330
2
100
AcDbEntity
  8
PWINDOW
100
AcDbLine
 10
-378291.0373679807
 20
-541589.1437838189
 30
0.0
 11
-377691.0373679807
 21
-541589.1437838189
 31
0.0
  0
LINE
  5
FDB
330
2
100
AcDbEntity
  8
PWINDOW
100
AcDbLine
 10
-377691.0373679807
 20
-543589.1437838153
 30
0.0
 11
-381091.0373679678
 21
-543589.1437838153
 31
0.0
  0
LINE
  5
FDC
330
2
100
AcDbEntity
  8
PWINDOW
100
AcDbLine
 10
-377691.0373679807
 20
-541589.1437838189
 30
0.0
 11
-377691.0373679807
 21
-543589.1437838153
 31
0.0
  0
LINE
  5
FDD
330
2
100
AcDbEntity
  8
PWINDOW
100
AcDbLine
 10
-378291.0373679666
 20
-538609.1437838116
 30
0.0
 11
-377691.0373679807
 21
-538609.1437838116
 31
0.0
  0
INSERT
  5
FDE
330
2
100
AcDbEntity
  8
JJ
100
AcDbBlockReference
  2
SFJ15
 10
-379768.9709546283
 20
-534748.4264718404
 30
0.0
 50
270.0
  0
LINE
  5
FDF
330
2
100
AcDbEntity
  8
WALL
100
AcDbLine
 10
-389696.7435683638
 20
-519104.0312341232
 30
0.0
 11
-389796.7435683638
 21
-519104.0312341232
 31
0.0
  0
LINE
  5
FE0
330
2
100
AcDbEntity
  8
WALL
100
AcDbLine
 10
-388396.7435683761
 20
-519204.031234123
 30
0.0
 11
-389796.7435683638
 21
-519204.031234123
 31
0.0
  0
LINE
  5
FE1
330
2
100
AcDbEntity
  8
WALL
100
AcDbLine
 10
-390696.743568364
 20
-519204.031234123
 30
0.0
 11
-394196.7435683721
 21
-519204.031234123
 31
0.0
  0
LINE
  5
FE2
330
2
100
AcDbEntity
  8
WALL
100
AcDbLine
 10
-389796.7435683638
 20
-519104.0312341232
 30
0.0
 11
-389796.7435683638
 21
-519204.031234123
 31
0.0
  0
LWPOLYLINE
  5
FE3
330
2
100
AcDbEntity
  8
DOOR
100
AcDbPolyline
 90
        3
 70
     0
 43
0.0
 10
-389796.7435683638
 20
-519104.0312341232
 10
-389796.7435683638
 20
-518204.0312341232
 42
0.4142135623730919
 10
-390696.743568364
 20
-519104.0312341232
 42
0.4142135623730919
  0
LINE
  5
FE4
330
2
100
AcDbEntity
  8
WALL
100
AcDbLine
 10
-389282.0719628986
 20
-530904.0312341267
 30
0.0
 11
-389282.0719628634
 21
-526204.0312341177
 31
0.0
  0
LINE
  5
FE5
330
2
100
AcDbEntity
  8
WALL
100
AcDbLine
 10
-389382.071962889
 20
-529954.031234126
 30
0.0
 11
-389382.0719628808
 21
-528754.0312341261
 31
0.0
  0
LINE
  5
FE6
330
2
100
AcDbEntity
  8
WALL
100
AcDbLine
 10
-389382.0719628982
 20
-530904.0312341267
 30
0.0
 11
-389382.0719628897
 21
-530054.0312341265
 31
0.0
  0
LINE
  5
FE7
330
2
100
AcDbEntity
  8
WALL
100
AcDbLine
 10
-389982.4497690286
 20
-529954.0312341232
 30
0.0
 11
-389982.44976903
 21
-529604.0312341247
 31
0.0
  0
LINE
  5
FE8
330
2
100
AcDbEntity
  8
WALL
100
AcDbLine
 10
-390182.4497690478
 20
-529004.0312341261
 30
0.0
 11
-390182.4497690471
 21
-528329.1897237333
 31
0.0
  0
LINE
  5
FE9
330
2
100
AcDbEntity
  8
WALL
100
AcDbLine
 10
-389982.4497690339
 20
-529004.0312341247
 30
0.0
 11
-389982.4497690352
 21
-528754.0312341231
 31
0.0
  0
LINE
  5
FEA
330
2
100
AcDbEntity
  8
WALL
100
AcDbLine
 10
-389982.4497690423
 20
-527404.0312341232
 30
0.0
 11
-389382.0719628742
 21
-527404.0312341259
 31
0.0
  0
LINE
  5
FEB
330
2
100
AcDbEntity
  8
WALL
100
AcDbLine
 10
-389982.4497690416
 20
-527504.0312341232
 30
0.0
 11
-389382.0719628746
 21
-527504.0312341261
 31
0.0
  0
LINE
  5
FEC
330
2
100
AcDbEntity
  8
WALL
100
AcDbLine
 10
-389982.4497690357
 20
-528654.0312341229
 30
0.0
 11
-389382.0719628815
 21
-528654.0312341261
 31
0.0
  0
LINE
  5
FED
330
2
100
AcDbEntity
  8
WALL
100
AcDbLine
 10
-389982.4497690352
 20
-528754.0312341231
 30
0.0
 11
-389382.0719628818
 21
-528754.0312341261
 31
0.0
  0
LINE
  5
FEE
330
2
100
AcDbEntity
  8
WALL
100
AcDbLine
 10
-389382.0719628717
 20
-527404.0312341259
 30
0.0
 11
-389382.0719628635
 21
-526204.0312341163
 31
0.0
  0
LINE
  5
FEF
330
2
100
AcDbEntity
  8
WALL
100
AcDbLine
 10
-389382.0719628801
 20
-528654.0312341261
 30
0.0
 11
-389382.0719628724
 21
-527504.0312341261
 31
0.0
  0
LINE
  5
FF0
330
2
100
AcDbEntity
  8
WALL
100
AcDbLine
 10
-389982.4497690423
 20
-527404.0312341232
 30
0.0
 11
-389982.4497690435
 21
-527104.0312341265
 31
0.0
  0
LINE
  5
FF1
330
2
100
AcDbEntity
  8
WALL
100
AcDbLine
 10
-389982.4497690357
 20
-528654.0312341229
 30
0.0
 11
-389982.4497690371
 21
-528329.1897237321
 31
0.0
  0
LWPOLYLINE
  5
FF2
330
2
100
AcDbEntity
  8
DOOR
100
AcDbPolyline
 90
        3
 70
     0
 43
0.0
 10
-390182.4497690253
 20
-527729.1897237251
 10
-390482.4497690291
 20
-528248.8049659935
 42
0.1316524975911409
 10
-390182.4497690208
 20
-528329.1897237251
  0
LINE
  5
FF3
330
2
100
AcDbEntity
  8
PWINDOW
100
AcDbLine
 10
-389982.4497690217
 20
-528329.1897237321
 30
0.0
 11
-389982.4497690263
 21
-527729.1897237319
 31
0.0
  0
LINE
  5
FF4
330
2
100
AcDbEntity
  8
PWINDOW
100
AcDbLine
 10
-390182.4497690208
 20
-528329.1897237333
 30
0.0
 11
-390182.4497690253
 21
-527729.1897237251
 31
0.0
  0
LINE
  5
FF5
330
2
100
AcDbEntity
  8
WALL
100
AcDbLine
 10
-389982.4497690217
 20
-528329.1897237321
 30
0.0
 11
-390182.449769048
 21
-528329.1897237333
 31
0.0
  0
LINE
  5
FF6
330
2
100
AcDbEntity
  8
WALL
100
AcDbLine
 10
-389982.4497690263
 20
-527729.1897237319
 30
0.0
 11
-390182.4497690441
 21
-527729.1897237335
 31
0.0
  0
LINE
  5
FF7
330
2
100
AcDbEntity
  8
WALL
100
AcDbLine
 10
-389982.4497690405
 20
-527729.1897237319
 30
0.0
 11
-389982.4497690416
 21
-527504.0312341232
 31
0.0
  0
LINE
  5
FF8
330
2
100
AcDbEntity
  8
WALL
100
AcDbLine
 10
-390182.4497690466
 20
-527729.1897237335
 30
0.0
 11
-390182.449769046
 21
-527104.0312341283
 31
0.0
  0
LINE
  5
FF9
330
2
100
AcDbEntity
  8
WALL
100
AcDbLine
 10
-390182.4497690503
 20
-524104.0312341231
 30
0.0
 11
-390326.7435683761
 21
-524104.0312341231
 31
0.0
  0
LINE
  5
FFA
330
2
100
AcDbEntity
  8
WALL
100
AcDbLine
 10
-388082.0719628633
 20
-526204.0312341268
 30
0.0
 11
-388182.0719628635
 21
-526204.0312341268
 31
0.0
  0
LINE
  5
FFB
330
2
100
AcDbEntity
  8
WALL
100
AcDbLine
 10
-389182.0719628635
 20
-526204.0312341268
 30
0.0
 11
-389982.4497690651
 21
-526204.0312341268
 31
0.0
  0
LINE
  5
FFC
330
2
100
AcDbEntity
  8
WALL
100
AcDbLine
 10
-389982.44976905
 20
-526004.0312341265
 30
0.0
 11
-389182.0719628635
 21
-526004.0312341265
 31
0.0
  0
LINE
  5
FFD
330
2
100
AcDbEntity
  8
WALL
100
AcDbLine
 10
-388182.0719628635
 20
-526004.0312341265
 30
0.0
 11
-387482.0719628933
 21
-526004.0312341265
 31
0.0
  0
LINE
  5
FFE
330
2
100
AcDbEntity
  8
WALL
100
AcDbLine
 10
-388182.0719628635
 20
-526204.0312341268
 30
0.0
 11
-388182.0719628635
 21
-526004.0312341265
 31
0.0
  0
LINE
  5
FFF
330
2
100
AcDbEntity
  8
WALL
100
AcDbLine
 10
-389182.0719628635
 20
-526204.0312341268
 30
0.0
 11
-389182.0719628635
 21
-526004.0312341265
 31
0.0
  0
LWPOLYLINE
  5
1000
330
2
100
AcDbEntity
  8
DOOR
100
AcDbPolyline
 90
        3
 70
     0
 43
0.0
 10
-388182.0719628635
 20
-526204.0312341268
 10
-388182.0719628635
 20
-527204.0312341266
 42
-0.4142135623730959
 10
-389182.0719628635
 20
-526204.0312341268
 42
-0.4142135623730959
  0
LINE
  5
1001
330
2
100
AcDbEntity
  8
WALL
100
AcDbLine
 10
-389982.44976905
 20
-524104.0312341231
 30
0.0
 11
-389982.44976905
 21
-524304.0312341232
 31
0.0
  0
LINE
  5
1002
330
2
100
AcDbEntity
  8
WALL
100
AcDbLine
 10
-389982.44976905
 20
-525504.0312341232
 30
0.0
 11
-389982.44976905
 21
-526004.0312341265
 31
0.0
  0
LINE
  5
1003
330
2
100
AcDbEntity
  8
WALL
100
AcDbLine
 10
-390182.4497690503
 20
-525504.0312341232
 30
0.0
 11
-390182.4497690503
 21
-526504.0312341282
 31
0.0
  0
LINE
  5
1004
330
2
100
AcDbEntity
  8
WALL
100
AcDbLine
 10
-390182.4497690503
 20
-524304.0312341232
 30
0.0
 11
-390182.4497690503
 21
-524104.0312341231
 31
0.0
  0
LINE
  5
1005
330
2
100
AcDbEntity
  8
WALL
100
AcDbLine
 10
-389982.44976905
 20
-524304.0312341232
 30
0.0
 11
-390182.4497690503
 21
-524304.0312341232
 31
0.0
  0
LINE
  5
1006
330
2
100
AcDbEntity
  8
WALL
100
AcDbLine
 10
-389982.44976905
 20
-525504.0312341232
 30
0.0
 11
-390182.4497690503
 21
-525504.0312341232
 31
0.0
  0
LWPOLYLINE
  5
1007
330
2
100
AcDbEntity
  8
DOOR
100
AcDbPolyline
 90
        5
 70
     0
 43
0.0
 10
-389982.44976905
 20
-524304.0312341232
 10
-389182.44976905
 20
-524304.0312341232
 42
-0.4142135623730959
 10
-389982.44976905
 20
-525104.0312341231
 42
-0.4142135623730952
 10
-389582.4497690501
 20
-525504.0312341232
 10
-389982.44976905
 20
-525504.0312341232
  0
LINE
  5
1008
330
2
100
AcDbEntity
  8
PWINDOW
100
AcDbLine
 10
-379765.488833994
 20
-530554.0312341268
 30
0.0
 11
-377578.0434200618
 21
-530554.0312341268
 31
0.0
  0
LINE
  5
1009
330
2
100
AcDbEntity
  8
PWINDOW
100
AcDbLine
 10
-377578.0434200618
 20
-530554.0312341268
 30
0.0
 11
-377578.0434200618
 21
-530904.0312341269
 31
0.0
  0
HATCH
  5
100A
330
2
100
AcDbEntity
  8
HA
100
AcDbHatch
 10
0.0
 20
0.0
 30
0.0
210
0.0
220
0.0
230
1.0
  2
LINE
 70
     0
 71
     0
 91
        1
 92
        1
 93
        7
 72
     1
 10
-377578.0434200469
 20
-525644.0312341229
 11
-375840.7435686203
 21
-525644.0312341229
 72
     1
 10
-375840.7435686203
 20
-525644.0312341229
 11
-375840.7435686203
 21
-526265.031234123
 72
     1
 10
-375840.7435686203
 20
-526265.031234123
 11
-375196.7435686204
 21
-526265.031234123
 72
     1
 10
-375196.7435686204
 20
-526265.031234123
 11
-375196.7435686204
 21
-527104.0312341265
 72
     1
 10
-375196.7435686204
 20
-527104.0312341265
 11
-376778.0434200475
 21
-527104.0312341265
 72
     2
 10
-377578.0434200473
 20
-527104.0312341265
 40
799.9999999999961
 50
359.9999999999997
 51
450.0000000000001
 73
     1
 72
     1
 10
-377578.0434200473
 20
-526304.0312341265
 11
-377578.0434200469
 21
-525644.0312341229
 97
        0
 75
     0
 76
     1
 52
90.0
 41
1000.0
 77
     0
 78
     1
 53
90.0
 43
-395547.6708852821
 44
-546649.7152459035
 45
-125.0
 46
0.0000000000000077
 79
     0
 98
        1
 10
-395547.6708852821
 20
-546649.7152459035
  0
LINE
  5
100B
330
2
100
AcDbEntity
  8
PWINDOW
100
AcDbLine
 10
-395902.5623187574
 20
-530554.0312341268
 30
0.0
 11
-395902.5623187574
 21
-530904.0312341269
 31
0.0
  0
LINE
  5
100C
330
2
100
AcDbEntity
  8
PWINDOW
100
AcDbLine
 10
-391972.4497690501
 20
-530554.0312341268
 30
0.0
 11
-395902.5623187574
 21
-530554.0312341268
 31
0.0
  0
LWPOLYLINE
  5
100D
330
2
100
AcDbEntity
  8
HA
100
AcDbPolyline
 90
        6
 70
     1
 43
0.0
 10
-389782.4497690501
 20
-524304.0312341232
 10
-380145.4888339939
 20
-524304.0312341232
 10
-380145.4888339939
 20
-530704.0312341346
 10
-381382.44976905
 20
-530704.0312341817
 10
-381382.44976905
 20
-525804.0312341268
 10
-389782.4497690501
 20
-525804.0312341268
  0
LWPOLYLINE
  5
100E
330
2
100
AcDbEntity
  8
HA
100
AcDbPolyline
 90
        6
 70
     1
 43
0.0
 10
-389682.4497690501
 20
-524404.0312341232
 10
-380245.4888339941
 20
-524404.0312341232
 10
-380245.4888339941
 20
-530604.0312341384
 10
-381282.4497690503
 20
-530604.0312341775
 10
-381282.4497690503
 20
-525704.0312341265
 10
-389682.4497690501
 20
-525704.0312341265
  0
LWPOLYLINE
  5
100F
330
2
100
AcDbEntity
  8
HA
100
AcDbPolyline
 90
        4
 70
     1
 43
0.0
 10
-391592.44976905
 20
-524304.0312341232
 10
-391592.4497690493
 20
-530704.031234127
 10
-390382.4497690512
 20
-530704.0312341291
 10
-390382.4497690512
 20
-524304.0312341232
  0
LWPOLYLINE
  5
1010
330
2
100
AcDbEntity
  8
HA
100
AcDbPolyline
 90
        4
 70
     1
 43
0.0
 10
-391492.4497690503
 20
-524404.0312341232
 10
-391492.4497690495
 20
-530604.0312341273
 10
-390482.4497690511
 20
-530604.0312341291
 10
-390482.4497690511
 20
-524404.0312341232
  0
HATCH
  5
1011
330
2
100
AcDbEntity
  8
HA
100
AcDbHatch
 10
0.0
 20
0.0
 30
0.0
210
0.0
220
0.0
230
1.0
  2
ANSI37
 70
     0
 71
     0
 91
        1
 92
        1
 93
        4
 72
     1
 10
-391492.4497690503
 20
-524404.0312341232
 11
-391492.4497690495
 21
-530604.0312341273
 72
     1
 10
-391492.4497690495
 20
-530604.0312341273
 11
-390482.4497690514
 21
-530604.0312341291
 72
     1
 10
-390482.4497690511
 20
-530604.0312341291
 11
-390482.4497690511
 21
-524404.0312341232
 72
     1
 10
-390482.4497690511
 20
-524404.0312341232
 11
-391492.4497690503
 21
-524404.0312341232
 97
        0
 75
     0
 76
     1
 52
0.0
 41
3000.0
 77
     0
 78
     2
 53
45.0
 43
-395547.6708852821
 44
-546649.7152459035
 45
-265.1650429449553
 46
265.1650429449554
 79
     0
 53
135.0
 43
-395547.6708852821
 44
-546649.7152459035
 45
-265.1650429449554
 46
-265.1650429449553
 79
     0
 98
        1
 10
-395547.6708852821
 20
-546649.7152459035
  0
HATCH
  5
1012
330
2
100
AcDbEntity
  8
HA
100
AcDbHatch
 10
0.0
 20
0.0
 30
0.0
210
0.0
220
0.0
230
1.0
  2
ANSI37
 70
     0
 71
     0
 91
        1
 92
        1
 93
        6
 72
     1
 10
-389682.4497690501
 20
-524404.0312341232
 11
-380245.4888339941
 21
-524404.0312341232
 72
     1
 10
-380245.4888339941
 20
-524404.0312341232
 11
-380245.4888339941
 21
-530604.0312341384
 72
     1
 10
-380245.4888339941
 20
-530604.0312341384
 11
-381282.4497690503
 21
-530604.0312341775
 72
     1
 10
-381282.4497690503
 20
-530604.0312341775
 11
-381282.4497690503
 21
-525704.0312341265
 72
     1
 10
-381282.4497690503
 20
-525704.0312341265
 11
-389682.4497690501
 21
-525704.0312341265
 72
     1
 10
-389682.4497690501
 20
-525704.0312341265
 11
-389682.4497690501
 21
-524404.0312341232
 97
        0
 75
     0
 76
     1
 52
0.0
 41
3000.0
 77
     0
 78
     2
 53
45.0
 43
-395547.6708852821
 44
-546649.7152459035
 45
-265.1650429449553
 46
265.1650429449554
 79
     0
 53
135.0
 43
-395547.6708852821
 44
-546649.7152459035
 45
-265.1650429449554
 46
-265.1650429449553
 79
     0
 98
        1
 10
-395547.6708852821
 20
-546649.7152459035
  0
LINE
  5
1013
330
2
100
AcDbEntity
  8
PWINDOW
100
AcDbLine
 10
-390306.7435683612
 20
-514104.1437838194
 30
0.0
 11
-392076.7435683742
 21
-514104.1437838194
 31
0.0
  0
LINE
  5
1014
330
2
100
AcDbEntity
  8
PWINDOW
100
AcDbLine
 10
-381486.7435686571
 20
-514104.1437838194
 30
0.0
 11
-379716.7435686438
 21
-514104.1437838194
 31
0.0
  0
ENDSEC
  0
SECTION
  2
OBJECTS
  0
DICTIONARY
  5
B
330
0
100
AcDbDictionary
281
     1
  3
ACAD_CIP_PREVIOUS_PRODUCT_INFO
350
1042
  3
ACAD_COLOR
350
4C
  3
ACAD_DETAILVIEWSTYLE
350
1040
  3
ACAD_GROUP
350
47
  3
ACAD_LAYOUT
350
13
  3
ACAD_MATERIAL
350
D
  3
ACAD_MLEADERSTYLE
350
4F
  3
ACAD_MLINESTYLE
350
48
  3
ACAD_PLOTSETTINGS
350
49
  3
ACAD_PLOTSTYLENAME
350
A
  3
ACAD_SCALELIST
350
4D
  3
ACAD_SECTIONVIEWSTYLE
350
103E
  3
ACAD_TABLESTYLE
350
4E
  3
ACAD_VISUALSTYLE
350
2C
  3
ACDB_RECOMPOSE_DATA
350
1044
  3
AcDbVariableDictionary
350
50
  0
DICTIONARY
  5
2E
330
29
100
AcDbDictionary
280
     1
281
     1
  0
DICTIONARY
  5
1B
330
1A
100
AcDbDictionary
280
     1
281
     1
  3
ACAD_LAYERFILTERS
360
1C
  3
ACAD_LAYERSTATES
360
1D
  3
ACLYDICTIONARY
360
1E
  0
DICTIONARY
  5
7
330
6
100
AcDbDictionary
280
     1
281
     1
  3
ADSK_XREC_LAYER_RECONCILED
360
8
  0
DICTIONARY
  5
5C
330
5B
100
AcDbDictionary
280
     1
281
     1
  3
ADSK_XREC_LAYER_RECONCILED
360
5D
  0
DICTIONARY
  5
EF
330
EE
100
AcDbDictionary
280
     1
281
     1
  3
ADSK_XREC_LAYER_RECONCILED
360
F0
  0
DICTIONARY
  5
700
330
6FF
100
AcDbDictionary
280
     1
281
     1
  3
ADSK_XREC_LAYER_RECONCILED
360
701
  0
DICTIONARY
  5
8F
330
8E
100
AcDbDictionary
280
     1
281
     1
  3
ADSK_XREC_LAYER_RECONCILED
360
90
  0
DICTIONARY
  5
99
330
98
100
AcDbDictionary
280
     1
281
     1
  3
ADSK_XREC_LAYER_RECONCILED
360
9A
  0
DICTIONARY
  5
BE
330
BD
100
AcDbDictionary
280
     1
281
     1
  3
ADSK_XREC_LAYER_RECONCILED
360
BF
  0
DICTIONARY
  5
967
330
966
100
AcDbDictionary
280
     1
281
     1
  3
ADSK_XREC_LAYER_RECONCILED
360
968
  0
DICTIONARY
  5
A8
330
A7
100
AcDbDictionary
280
     1
281
     1
  3
ADSK_XREC_LAYER_RECONCILED
360
A9
  0
DICTIONARY
  5
986
330
985
100
AcDbDictionary
280
     1
281
     1
  3
ADSK_XREC_LAYER_RECONCILED
360
987
  0
DICTIONARY
  5
BA
330
B9
100
AcDbDictionary
280
     1
281
     1
  3
ADSK_XREC_LAYER_RECONCILED
360
BB
  0
DICTIONARY
  5
427
330
426
100
AcDbDictionary
280
     1
281
     1
  3
ADSK_XREC_LAYER_RECONCILED
360
428
  0
DICTIONARY
  5
AF
330
AE
100
AcDbDictionary
280
     1
281
     1
  3
ADSK_XREC_LAYER_RECONCILED
360
B0
  0
DICTIONARY
  5
37B
330
37A
100
AcDbDictionary
280
     1
281
     1
  3
ADSK_XREC_LAYER_RECONCILED
360
37C
  0
DICTIONARY
  5
982
330
981
100
AcDbDictionary
280
     1
281
     1
  3
ADSK_XREC_LAYER_RECONCILED
360
983
  0
DICTIONARY
  5
69C
330
69B
100
AcDbDictionary
280
     1
281
     1
  3
ADSK_XREC_LAYER_RECONCILED
360
69D
  0
DICTIONARY
  5
B3
330
B2
100
AcDbDictionary
280
     1
281
     1
  3
ADSK_XREC_LAYER_RECONCILED
360
B4
  0
DICTIONARY
  5
182
330
181
100
AcDbDictionary
280
     1
281
     1
  3
ADSK_XREC_LAYER_RECONCILED
360
183
  0
DICTIONARY
  5
87
330
86
100
AcDbDictionary
280
     1
281
     1
  3
ADSK_XREC_LAYER_RECONCILED
360
88
  0
DICTIONARY
  5
3
330
2
100
AcDbDictionary
280
     1
281
     1
  3
ACAD_SORTENTS
360
1019
  0
DICTIONARY
  5
100
330
FF
100
AcDbDictionary
280
     1
281
     1
  3
ACAD_SORTENTS
360
1015
  0
DICTIONARY
  5
40B
330
40A
100
AcDbDictionary
280
     1
281
     1
  3
ACAD_SORTENTS
360
1016
  0
DICTIONARY
  5
92
330
91
100
AcDbDictionary
280
     1
281
     1
  3
ACAD_SORTENTS
360
1017
  0
DICTIONARY
  5
34
330
33
100
AcDbDictionary
280
     1
281
     1
  3
ACAD_SORTENTS
360
1018
  0
XRECORD
  5
1042
102
{ACAD_REACTORS
330
B
102
}
330
B
100
AcDbXrecord
280
     1
300
ACD
300
2022
300

  0
DICTIONARY
  5
4C
102
{ACAD_REACTORS
330
B
102
}
330
B
100
AcDbDictionary
281
     1
  0
DICTIONARY
  5
1040
102
{ACAD_REACTORS
330
B
102
}
330
B
100
AcDbDictionary
281
     1
  3
Imperial24
350
1041
  0
DICTIONARY
  5
47
102
{ACAD_REACTORS
330
B
102
}
330
B
100
AcDbDictionary
281
     1
  0
DICTIONARY
  5
13
102
{ACAD_REACTORS
330
B
102
}
330
B
100
AcDbDictionary
281
     1
  3
Model
350
12
  3
布局1
350
19
  0
DICTIONARY
  5
D
102
{ACAD_REACTORS
330
B
102
}
330
B
100
AcDbDictionary
281
     1
  3
ByBlock
350
4B
  3
ByLayer
350
4A
  3
Global
350
C
  0
DICTIONARY
  5
4F
102
{ACAD_REACTORS
330
B
102
}
330
B
100
AcDbDictionary
281
     1
  3
Standard
350
103D
  0
DICTIONARY
  5
48
102
{ACAD_REACTORS
330
B
102
}
330
B
100
AcDbDictionary
281
     1
  3
STANDARD
350
5F
  0
DICTIONARY
  5
49
102
{ACAD_REACTORS
330
B
102
}
330
B
100
AcDbDictionary
281
     1
  0
ACDBDICTIONARYWDFLT
  5
A
102
{ACAD_REACTORS
330
B
102
}
330
B
100
AcDbDictionary
281
     1
  3
Normal
350
9
100
AcDbDictionaryWithDefault
340
9
  0
DICTIONARY
  5
4D
102
{ACAD_REACTORS
330
B
102
}
330
B
100
AcDbDictionary
281
     1
  3
A0
350
64
  3
A1
350
65
  3
A2
350
66
  3
A3
350
67
  3
A4
350
68
  3
A5
350
69
  3
A6
350
6A
  3
A7
350
6B
  3
A8
350
6C
  3
A9
350
6D
  3
B0
350
6E
  3
B1
350
6F
  3
B2
350
70
  3
B3
350
71
  3
B4
350
72
  3
B5
350
73
  3
B6
350
74
  3
B7
350
75
  3
B8
350
76
  3
B9
350
77
  3
C0
350
78
  3
C1
350
79
  3
C2
350
7A
  3
C3
350
7B
  3
C4
350
7C
  3
C5
350
7D
  3
C6
350
7E
  3
C7
350
7F
  3
C8
350
80
  3
C9
350
81
  3
D0
350
82
  3
D1
350
83
  3
D2
350
84
  0
DICTIONARY
  5
103E
102
{ACAD_REACTORS
330
B
102
}
330
B
100
AcDbDictionary
281
     1
  3
Imperial24
350
103F
  0
DICTIONARY
  5
4E
102
{ACAD_REACTORS
330
B
102
}
330
B
100
AcDbDictionary
281
     1
  3
Standard
350
60
  0
DICTIONARY
  5
2C
102
{ACAD_REACTORS
330
B
102
}
330
B
100
AcDbDictionary
281
     1
  3
2dWireframe
350
2B
  3
3dWireframe
350
63
  3
Basic
350
102C
  3
Brighten
350
1031
  3
ColorChange
350
1035
  3
Conceptual
350
102F
  3
Dim
350
1030
  3
EdgeColorOff
350
140
  3
Facepattern
350
1034
  3
Flat
350
1028
  3
FlatWithEdges
350
1029
  3
Gouraud
350
102A
  3
GouraudWithEdges
350
102B
  3
Hidden
350
102E
  3
JitterOff
350
103B
  3
Linepattern
350
1033
  3
OverhangOff
350
103C
  3
Realistic
350
62
  3
Shaded
350
103A
  3
Shaded with edges
350
1039
  3
Shades of Gray
350
1036
  3
Sketchy
350
1037
  3
Thicken
350
1032
  3
Wireframe
350
102D
  3
X-Ray
350
1038
  0
XRECORD
  5
1044
102
{ACAD_REACTORS
330
B
102
}
330
B
100
AcDbXrecord
280
     1
 90
        1
330
60
  0
DICTIONARY
  5
50
102
{ACAD_REACTORS
330
B
102
}
330
B
100
AcDbDictionary
281
     1
  3
CANNOSCALE
350
51
  3
CMLEADERSTYLE
350
52
  3
CTABLESTYLE
350
53
  3
CVIEWDETAILSTYLE
350
54
  3
CVIEWSECTIONSTYLE
350
55
  3
LAYEREVAL
350
56
  3
LAYERNOTIFY
350
57
  3
LIGHTINGUNITS
350
58
  3
MSLTSCALE
350
59
  3
SOLIDHIST
350
5A
  0
DICTIONARY
  5
1C
102
{ACAD_REACTORS
330
1B
102
}
330
1B
100
AcDbDictionary
281
     1
  0
DICTIONARY
  5
1D
102
{ACAD_REACTORS
330
1B
102
}
330
1B
100
AcDbDictionary
281
     1
  0
DICTIONARY
  5
1E
102
{ACAD_REACTORS
330
1B
102
}
330
1B
100
AcDbDictionary
281
     1
1001
ACAD
1000
<All
  0
XRECORD
  5
8
102
{ACAD_REACTORS
330
7
102
}
330
7
100
AcDbXrecord
280
     1
290
     1
  0
XRECORD
  5
5D
102
{ACAD_REACTORS
330
5C
102
}
330
5C
100
AcDbXrecord
280
     1
290
     1
  0
XRECORD
  5
F0
102
{ACAD_REACTORS
330
EF
102
}
330
EF
100
AcDbXrecord
280
     1
290
     1
  0
XRECORD
  5
701
102
{ACAD_REACTORS
330
700
102
}
330
700
100
AcDbXrecord
280
     1
290
     1
  0
XRECORD
  5
90
102
{ACAD_REACTORS
330
8F
102
}
330
8F
100
AcDbXrecord
280
     1
290
     1
  0
XRECORD
  5
9A
102
{ACAD_REACTORS
330
99
102
}
330
99
100
AcDbXrecord
280
     1
290
     1
  0
XRECORD
  5
BF
102
{ACAD_REACTORS
330
BE
102
}
330
BE
100
AcDbXrecord
280
     1
290
     1
  0
XRECORD
  5
968
102
{ACAD_REACTORS
330
967
102
}
330
967
100
AcDbXrecord
280
     1
290
     1
  0
XRECORD
  5
A9
102
{ACAD_REACTORS
330
A8
102
}
330
A8
100
AcDbXrecord
280
     1
290
     1
  0
XRECORD
  5
987
102
{ACAD_REACTORS
330
986
102
}
330
986
100
AcDbXrecord
280
     1
290
     1
  0
XRECORD
  5
BB
102
{ACAD_REACTORS
330
BA
102
}
330
BA
100
AcDbXrecord
280
     1
290
     1
  0
XRECORD
  5
428
102
{ACAD_REACTORS
330
427
102
}
330
427
100
AcDbXrecord
280
     1
290
     1
  0
XRECORD
  5
B0
102
{ACAD_REACTORS
330
AF
102
}
330
AF
100
AcDbXrecord
280
     1
290
     1
  0
XRECORD
  5
37C
102
{ACAD_REACTORS
330
37B
102
}
330
37B
100
AcDbXrecord
280
     1
290
     1
  0
XRECORD
  5
983
102
{ACAD_REACTORS
330
982
102
}
330
982
100
AcDbXrecord
280
     1
290
     1
  0
XRECORD
  5
69D
102
{ACAD_REACTORS
330
69C
102
}
330
69C
100
AcDbXrecord
280
     1
290
     1
  0
XRECORD
  5
B4
102
{ACAD_REACTORS
330
B3
102
}
330
B3
100
AcDbXrecord
280
     1
290
     1
  0
XRECORD
  5
183
102
{ACAD_REACTORS
330
182
102
}
330
182
100
AcDbXrecord
280
     1
290
     1
  0
XRECORD
  5
88
102
{ACAD_REACTORS
330
87
102
}
330
87
100
AcDbXrecord
280
     1
290
     1
  0
SORTENTSTABLE
  5
1019
102
{ACAD_REACTORS
330
3
102
}
330
3
100
AcDbSortentsTable
330
2
  0
SORTENTSTABLE
  5
1015
102
{ACAD_REACTORS
330
100
102
}
330
100
100
AcDbSortentsTable
330
FF
  0
SORTENTSTABLE
  5
1016
102
{ACAD_REACTORS
330
40B
102
}
330
40B
100
AcDbSortentsTable
330
40A
  0
SORTENTSTABLE
  5
1017
102
{ACAD_REACTORS
330
92
102
}
330
92
100
AcDbSortentsTable
330
91
  0
SORTENTSTABLE
  5
1018
102
{ACAD_REACTORS
330
34
102
}
330
34
100
AcDbSortentsTable
330
33
  0
ACDBDETAILVIEWSTYLE
  5
1041
102
{ACAD_REACTORS
330
1040
102
}
330
1040
100
AcDbModelDocViewStyle
 70
     0
  3
Imperial24
290
     1
300
Imperial24
 90
        0
100
AcDbDetailViewStyle
 70
     0
 71
     0
 90
        3
 71
     1
340
21
 62
   256
 40
0.24
340
0
 62
   256
 40
0.24
300

 40
0.36
280
     3
 71
     2
340
E
 90
       25
 62
   256
 71
     3
340
21
 62
   256
 40
0.24
 90
        1
 40
0.75
 90
        1
300
%<\AcVar ViewType \f "%tc1">% %<\AcVar ViewDetailId>%\PSCALE %<\AcVar ViewScale \f "%sn">%
 71
     4
340
E
 90
       25
 62
   256
340
E
 90
       25
 62
   256
280
     0
  0
LAYOUT
  5
12
102
{ACAD_XDICTIONARY
360
14
102
}
102
{ACAD_REACTORS
330
13
102
}
330
13
100
AcDbPlotSettings
  1

  2
\\Hp-9\HP LaserJet 5100 PCL 6
  4
A3
  6

 40
4.233333110809326
 41
4.233341693878172
 42
4.23333740234375
 43
4.23333740234375
 44
296.9259948730469
 45
419.9466552734373
 46
0.0
 47
1.778849652318938
 48
810433.6582373028
 49
-1375404.803388039
140
1037233.658237302
141
-1215024.803388039
142
1.0
143
555.9882675170626
 70
  3764
 72
     1
 73
     1
 74
     4
  7
户型索引.ctb
 75
     0
147
0.0017985991043764
 76
     1
 77
     2
 78
   300
148
-810433.6582373028
149
1375404.803388039
100
AcDbLayout
  1
Model
 70
     1
 71
     0
 10
0.0
 20
0.0
 11
12.0
 21
9.0
 12
0.0
 22
0.0
 32
0.0
 14
0.0
 24
0.0
 34
0.0
 15
0.0
 25
0.0
 35
0.0
146
0.0
 13
0.0
 23
0.0
 33
0.0
 16
1.0
 26
0.0
 36
0.0
 17
0.0
 27
1.0
 37
0.0
 76
     0
330
2
331
2A
1001
ACAD_PSEXT
1000
\\Hp-9\HP LaserJet 5100 PCL 6
1000
HP LaserJet 5100 PCL 6
1000
\\Hp-9
1000

1070
     0
  0
LAYOUT
  5
19
102
{ACAD_REACTORS
330
13
102
}
330
13
100
AcDbPlotSettings
  1

  2
\\DEVELOP_SERVER\Lexmark Optra S PS
  4

  6

 40
0.0
 41
0.0
 42
0.0
 43
0.0
 44
0.0
 45
0.0
 46
0.0
 47
0.0
 48
0.0
 49
0.0
140
0.0
141
0.0
142
1.0
143
1.0
 70
   688
 72
     0
 73
     0
 74
     5
  7
户型索引.ctb
 75
    16
147
1.0
 76
     0
 77
     2
 78
   300
148
0.0
149
0.0
100
AcDbLayout
  1
布局1
 70
     1
 71
     1
 10
0.0
 20
0.0
 11
12.0
 21
9.0
 12
0.0
 22
0.0
 32
0.0
 14
1.049999952316283
 24
0.7999999523162842
 34
0.0
 15
9.449999570846555
 25
7.199999570846556
 35
0.0
146
0.0
 13
0.0
 23
0.0
 33
0.0
 16
1.0
 26
0.0
 36
0.0
 17
0.0
 27
1.0
 37
0.0
 76
     0
330
16
  0
MATERIAL
  5
4B
102
{ACAD_REACTORS
330
D
102
}
330
D
100
AcDbMaterial
  1
ByBlock
 73
     1
 78
     1
172
     1
176
     1
270
     1
274
     1
 94
       63
  0
MATERIAL
  5
4A
102
{ACAD_REACTORS
330
D
102
}
330
D
100
AcDbMaterial
  1
ByLayer
 73
     1
 78
     1
172
     1
176
     1
270
     1
274
     1
 94
       63
  0
MATERIAL
  5
C
102
{ACAD_REACTORS
330
D
102
}
330
D
100
AcDbMaterial
  1
Global
 73
     1
 78
     1
172
     1
176
     1
270
     1
274
     1
 94
       63
  0
MLEADERSTYLE
  5
103D
102
{ACAD_REACTORS
330
4F
102
}
330
4F
100
AcDbMLeaderStyle
179
     2
170
     2
171
     1
172
     0
 90
        2
 40
0.0
 41
0.0
173
     1
 91
-1056964608
340
25
 92
       -2
290
     1
 42
0.09
291
     1
 43
0.36
  3
Standard
 44
0.18
300

342
21
174
     1
178
     6
175
     1
176
     0
 93
-1056964608
 45
0.18
292
     0
297
     0
 46
0.18
 94
-1056964608
 47
1.0
 49
1.0
140
1.0
293
     1
141
0.0
294
     1
177
     0
142
1.0
295
     1
296
     0
143
0.125
271
     0
272
     9
273
     9
298
     1
  0
MLINESTYLE
  5
5F
102
{ACAD_REACTORS
330
48
102
}
330
48
100
AcDbMlineStyle
  2
STANDARD
 70
     0
  3

 62
     0
 51
90.0
 52
90.0
 71
     2
 49
0.5
 62
   256
  6
BYLAYER
 49
-0.5
 62
   256
  6
BYLAYER
  0
ACDBPLACEHOLDER
  5
9
102
{ACAD_REACTORS
330
A
102
}
330
A
  0
SCALE
  5
64
102
{ACAD_REACTORS
330
4D
102
}
330
4D
100
AcDbScale
 70
     0
300
1:1
140
1.0
141
1.0
290
     1
  0
SCALE
  5
65
102
{ACAD_REACTORS
330
4D
102
}
330
4D
100
AcDbScale
 70
     0
300
1:2
140
1.0
141
2.0
290
     0
  0
SCALE
  5
66
102
{ACAD_REACTORS
330
4D
102
}
330
4D
100
AcDbScale
 70
     0
300
1:4
140
1.0
141
4.0
290
     0
  0
SCALE
  5
67
102
{ACAD_REACTORS
330
4D
102
}
330
4D
100
AcDbScale
 70
     0
300
1:5
140
1.0
141
5.0
290
     0
  0
SCALE
  5
68
102
{ACAD_REACTORS
330
4D
102
}
330
4D
100
AcDbScale
 70
     0
300
1:8
140
1.0
141
8.0
290
     0
  0
SCALE
  5
69
102
{ACAD_REACTORS
330
4D
102
}
330
4D
100
AcDbScale
 70
     0
300
1:10
140
1.0
141
10.0
290
     0
  0
SCALE
  5
6A
102
{ACAD_REACTORS
330
4D
102
}
330
4D
100
AcDbScale
 70
     0
300
1:16
140
1.0
141
16.0
290
     0
  0
SCALE
  5
6B
102
{ACAD_REACTORS
330
4D
102
}
330
4D
100
AcDbScale
 70
     0
300
1:20
140
1.0
141
20.0
290
     0
  0
SCALE
  5
6C
102
{ACAD_REACTORS
330
4D
102
}
330
4D
100
AcDbScale
 70
     0
300
1:30
140
1.0
141
30.0
290
     0
  0
SCALE
  5
6D
102
{ACAD_REACTORS
330
4D
102
}
330
4D
100
AcDbScale
 70
     0
300
1:40
140
1.0
141
40.0
290
     0
  0
SCALE
  5
6E
102
{ACAD_REACTORS
330
4D
102
}
330
4D
100
AcDbScale
 70
     0
300
1:50
140
1.0
141
50.0
290
     0
  0
SCALE
  5
6F
102
{ACAD_REACTORS
330
4D
102
}
330
4D
100
AcDbScale
 70
     0
300
1:100
140
1.0
141
100.0
290
     0
  0
SCALE
  5
70
102
{ACAD_REACTORS
330
4D
102
}
330
4D
100
AcDbScale
 70
     0
300
2:1
140
2.0
141
1.0
290
     0
  0
SCALE
  5
71
102
{ACAD_REACTORS
330
4D
102
}
330
4D
100
AcDbScale
 70
     0
300
4:1
140
4.0
141
1.0
290
     0
  0
SCALE
  5
72
102
{ACAD_REACTORS
330
4D
102
}
330
4D
100
AcDbScale
 70
     0
300
8:1
140
8.0
141
1.0
290
     0
  0
SCALE
  5
73
102
{ACAD_REACTORS
330
4D
102
}
330
4D
100
AcDbScale
 70
     0
300
10:1
140
10.0
141
1.0
290
     0
  0
SCALE
  5
74
102
{ACAD_REACTORS
330
4D
102
}
330
4D
100
AcDbScale
 70
     0
300
100:1
140
100.0
141
1.0
290
     0
  0
SCALE
  5
75
102
{ACAD_REACTORS
330
4D
102
}
330
4D
100
AcDbScale
 70
     0
300
1/128" = 1'-0"
140
0.0078125
141
12.0
290
     0
  0
SCALE
  5
76
102
{ACAD_REACTORS
330
4D
102
}
330
4D
100
AcDbScale
 70
     0
300
1/64" = 1'-0"
140
0.015625
141
12.0
290
     0
  0
SCALE
  5
77
102
{ACAD_REACTORS
330
4D
102
}
330
4D
100
AcDbScale
 70
     0
300
1/32" = 1'-0"
140
0.03125
141
12.0
290
     0
  0
SCALE
  5
78
102
{ACAD_REACTORS
330
4D
102
}
330
4D
100
AcDbScale
 70
     0
300
1/16" = 1'-0"
140
0.0625
141
12.0
290
     0
  0
SCALE
  5
79
102
{ACAD_REACTORS
330
4D
102
}
330
4D
100
AcDbScale
 70
     0
300
3/32" = 1'-0"
140
0.09375
141
12.0
290
     0
  0
SCALE
  5
7A
102
{ACAD_REACTORS
330
4D
102
}
330
4D
100
AcDbScale
 70
     0
300
1/8" = 1'-0"
140
0.125
141
12.0
290
     0
  0
SCALE
  5
7B
102
{ACAD_REACTORS
330
4D
102
}
330
4D
100
AcDbScale
 70
     0
300
3/16" = 1'-0"
140
0.1875
141
12.0
290
     0
  0
SCALE
  5
7C
102
{ACAD_REACTORS
330
4D
102
}
330
4D
100
AcDbScale
 70
     0
300
1/4" = 1'-0"
140
0.25
141
12.0
290
     0
  0
SCALE
  5
7D
102
{ACAD_REACTORS
330
4D
102
}
330
4D
100
AcDbScale
 70
     0
300
3/8" = 1'-0"
140
0.375
141
12.0
290
     0
  0
SCALE
  5
7E
102
{ACAD_REACTORS
330
4D
102
}
330
4D
100
AcDbScale
 70
     0
300
1/2" = 1'-0"
140
0.5
141
12.0
290
     0
  0
SCALE
  5
7F
102
{ACAD_REACTORS
330
4D
102
}
330
4D
100
AcDbScale
 70
     0
300
3/4" = 1'-0"
140
0.75
141
12.0
290
     0
  0
SCALE
  5
80
102
{ACAD_REACTORS
330
4D
102
}
330
4D
100
AcDbScale
 70
     0
300
1" = 1'-0"
140
1.0
141
12.0
290
     0
  0
SCALE
  5
81
102
{ACAD_REACTORS
330
4D
102
}
330
4D
100
AcDbScale
 70
     0
300
1-1/2" = 1'-0"
140
1.5
141
12.0
290
     0
  0
SCALE
  5
82
102
{ACAD_REACTORS
330
4D
102
}
330
4D
100
AcDbScale
 70
     0
300
3" = 1'-0"
140
3.0
141
12.0
290
     0
  0
SCALE
  5
83
102
{ACAD_REACTORS
330
4D
102
}
330
4D
100
AcDbScale
 70
     0
300
6" = 1'-0"
140
6.0
141
12.0
290
     0
  0
SCALE
  5
84
102
{ACAD_REACTORS
330
4D
102
}
330
4D
100
AcDbScale
 70
     0
300
1'-0" = 1'-0"
140
12.0
141
12.0
290
     0
  0
ACDBSECTIONVIEWSTYLE
  5
103F
102
{ACAD_REACTORS
330
103E
102
}
330
103E
100
AcDbModelDocViewStyle
 70
     0
  3
Imperial24
290
     1
300
Imperial24
 90
        0
100
AcDbSectionViewStyle
 70
     0
 71
     0
 90
       78
 71
     1
340
21
 62
   256
 40
0.24
340
0
340
0
 62
   256
 40
0.24
300
I, O, Q, S, X, Z
 40
0.48
 90
        3
 40
0.18
 90
        1
 71
     2
340
E
 90
       25
 62
   256
340
E
 90
       50
 62
   256
 40
0.24
 40
0.0
 40
0.24
 71
     3
340
21
 62
   256
 40
0.24
 90
        1
 40
0.75
 90
        1
300
%<\AcVar ViewType \f "%tc1">% %<\AcVar ViewSectionStartId>%-%<\AcVar ViewSectionEndId>%\PSCALE %<\AcVar ViewScale \f "%sn">%
 71
     4
 62
   256
 62
   257
300
ANSI31
 40
1.0
 90
        0
290
     0
290
     0
 90
        6
 40
0.0
 40
1.570796326794896
 40
0.2617993877991494
 40
1.308996938995747
 40
-0.2617993877991494
 40
1.832595714594046
  0
TABLESTYLE
  5
60
102
{ACAD_XDICTIONARY
360
61
102
}
102
{ACAD_REACTORS
330
4E
102
}
330
4E
100
AcDbTableStyle
280
     0
  3
Standard
 70
     0
 71
     0
 40
0.06
 41
0.06
280
     0
281
     0
  7
STANDARD
140
0.18
170
     2
 62
     0
 63
     7
283
     0
 90
        4
 91
        0
  1

274
    -2
284
     1
 64
     0
275
    -2
285
     1
 65
     0
276
    -2
286
     1
 66
     0
277
    -2
287
     1
 67
     0
278
    -2
288
     1
 68
     0
279
    -2
289
     1
 69
     0
  7
STANDARD
140
0.25
170
     5
 62
     0
 63
     7
283
     0
 90
        4
 91
        0
  1

274
    -2
284
     1
 64
     0
275
    -2
285
     1
 65
     0
276
    -2
286
     1
 66
     0
277
    -2
287
     1
 67
     0
278
    -2
288
     1
 68
     0
279
    -2
289
     1
 69
     0
  7
STANDARD
140
0.18
170
     5
 62
     0
 63
     7
283
     0
 90
        4
 91
        0
  1

274
    -2
284
     1
 64
     0
275
    -2
285
     1
 65
     0
276
    -2
286
     1
 66
     0
277
    -2
287
     1
 67
     0
278
    -2
288
     1
 68
     0
279
    -2
289
     1
 69
     0
  0
VISUALSTYLE
  5
2B
102
{ACAD_REACTORS
330
2C
102
}
330
2C
100
AcDbVisualStyle
  2
2dWireframe
 70
     4
177
     3
291
     0
 70
    58
 90
        0
176
     1
 90
        2
176
     1
 90
        0
176
     1
 90
        0
176
     1
 40
0.6
176
     1
 40
30.0
176
     1
 62
     7
176
     1
 90
        1
176
     1
 90
        4
176
     1
 62
     7
176
     1
 62
   257
176
     1
 90
        1
176
     1
 90
        1
176
     1
 40
1.0
176
     1
 90
        0
176
     1
 62
   257
176
     1
 40
1.0
176
     1
 90
        1
176
     1
 90
        6
176
     1
 90
        2
176
     1
 62
     7
176
     1
 90
        5
176
     1
 90
        0
176
     1
 90
        0
176
     1
290
     0
176
     1
 90
        1
176
     1
 40
0.0
176
     1
 90
        0
176
     1
290
     1
176
     1
290
     1
176
     1
290
     0
176
     1
290
     0
176
     1
290
     0
176
     1
290
     0
176
     1
290
     0
176
     1
290
     0
176
     1
290
     0
176
     1
 90
       50
176
     1
 40
0.0
176
     1
 40
1.0
176
     1
 90
        0
176
     1
 62
    18
176
     1
 90
       50
176
     1
 90
        3
176
     1
 62
     5
420
      255
176
     1
290
     0
176
     1
 90
       50
176
     1
 90
       50
176
     1
 90
       50
176
     1
290
     0
176
     1
 90
       50
176
     1
 62
   256
176
     0
 40
1.0
176
     0
 90
        2
176
     1
  1
strokes_ogs.tif
176
     1
290
     0
176
     1
 40
1.0
176
     1
 40
1.0
176
     1
  0
VISUALSTYLE
  5
63
102
{ACAD_REACTORS
330
2C
102
}
330
2C
100
AcDbVisualStyle
  2
3dWireframe
 70
     5
177
     3
291
     0
 70
    58
 90
        0
176
     1
 90
        2
176
     1
 90
        0
176
     1
 90
        0
176
     1
 40
0.6
176
     1
 40
30.0
176
     1
 62
     7
176
     1
 90
        1
176
     1
 90
        4
176
     1
 62
     7
176
     1
 62
   257
176
     1
 90
        1
176
     1
 90
        1
176
     1
 40
1.0
176
     1
 90
        0
176
     1
 62
   257
176
     1
 40
1.0
176
     1
 90
        1
176
     1
 90
        6
176
     1
 90
        2
176
     1
 62
     7
176
     1
 90
        5
176
     1
 90
        0
176
     1
 90
        0
176
     1
290
     0
176
     1
 90
        1
176
     1
 40
0.0
176
     1
 90
        0
176
     1
290
     0
176
     1
290
     1
176
     1
290
     1
176
     1
290
     0
176
     1
290
     0
176
     1
290
     0
176
     1
290
     0
176
     1
290
     0
176
     1
290
     0
176
     1
 90
       50
176
     1
 40
0.0
176
     1
 40
1.0
176
     1
 90
        0
176
     1
 62
    18
176
     1
 90
       50
176
     1
 90
        3
176
     1
 62
     5
420
      255
176
     1
290
     0
176
     1
 90
       50
176
     1
 90
       50
176
     1
 90
       50
176
     1
290
     0
176
     1
 90
       50
176
     1
 62
   256
176
     0
 40
1.0
176
     0
 90
        2
176
     1
  1
strokes_ogs.tif
176
     1
290
     0
176
     1
 40
1.0
176
     1
 40
1.0
176
     1
  0
VISUALSTYLE
  5
102C
102
{ACAD_REACTORS
330
2C
102
}
330
2C
100
AcDbVisualStyle
  2
Basic
 70
     7
177
     3
291
     1
 70
    58
 90
        1
176
     1
 90
        0
176
     1
 90
        1
176
     1
 90
        0
176
     1
 40
0.6
176
     1
 40
30.0
176
     1
 62
     7
420
 16777215
176
     1
 90
        0
176
     1
 90
        4
176
     1
 62
     7
176
     1
 62
   257
176
     1
 90
        1
176
     1
 90
        1
176
     1
 40
1.0
176
     1
 90
        8
176
     1
 62
     7
176
     1
 40
1.0
176
     1
 90
        1
176
     1
 90
        6
176
     1
 90
        2
176
     1
 62
     7
176
     1
 90
        5
176
     1
 90
        0
176
     1
 90
        0
176
     1
290
     0
176
     1
 90
        1
176
     1
 40
0.0
176
     1
 90
        0
176
     1
290
     0
176
     1
290
     1
176
     1
290
     1
176
     1
290
     0
176
     1
290
     0
176
     1
290
     0
176
     1
290
     0
176
     1
290
     0
176
     1
290
     0
176
     1
 90
       50
176
     1
 40
0.0
176
     1
 40
1.0
176
     1
 90
        0
176
     1
 62
    18
420
        0
176
     1
 90
       50
176
     1
 90
        3
176
     1
 62
     5
420
      255
176
     1
290
     0
176
     1
 90
       50
176
     1
 90
       50
176
     1
 90
       50
176
     1
290
     0
176
     1
 90
       50
176
     1
 62
   256
176
     0
 40
1.0
176
     0
 90
        2
176
     1
  1
strokes_ogs.tif
176
     1
290
     0
176
     1
 40
1.0
176
     1
 40
1.0
176
     1
  0
VISUALSTYLE
  5
1031
102
{ACAD_REACTORS
330
2C
102
}
330
2C
100
AcDbVisualStyle
  2
Brighten
 70
    12
177
     3
291
     1
 70
    58
 90
        2
176
     1
 90
        2
176
     1
 90
        0
176
     1
 90
        0
176
     1
 40
0.6
176
     1
 40
30.0
176
     1
 62
     7
420
 16777215
176
     1
 90
        1
176
     1
 90
        4
176
     1
 62
     7
176
     1
 62
   257
176
     1
 90
        1
176
     1
 90
        1
176
     1
 40
1.0
176
     1
 90
        8
176
     1
 62
     7
176
     1
 40
1.0
176
     1
 90
        1
176
     1
 90
        6
176
     1
 90
        2
176
     1
 62
     7
176
     1
 90
        5
176
     1
 90
        0
176
     1
 90
        0
176
     1
290
     0
176
     1
 90
        1
176
     1
 40
50.0
176
     1
 90
        0
176
     1
290
     0
176
     1
290
     1
176
     1
290
     1
176
     1
290
     0
176
     1
290
     0
176
     1
290
     0
176
     1
290
     0
176
     1
290
     0
176
     1
290
     0
176
     1
 90
       50
176
     1
 40
0.0
176
     1
 40
1.0
176
     1
 90
        0
176
     1
 62
    18
420
        0
176
     1
 90
       50
176
     1
 90
        3
176
     1
 62
     5
420
      255
176
     1
290
     0
176
     1
 90
       50
176
     1
 90
       50
176
     1
 90
       50
176
     1
290
     0
176
     1
 90
       50
176
     1
 62
   256
176
     0
 40
1.0
176
     0
 90
        2
176
     1
  1
strokes_ogs.tif
176
     1
290
     0
176
     1
 40
1.0
176
     1
 40
1.0
176
     1
  0
VISUALSTYLE
  5
1035
102
{ACAD_REACTORS
330
2C
102
}
330
2C
100
AcDbVisualStyle
  2
ColorChange
 70
    16
177
     3
291
     1
 70
    58
 90
        2
176
     1
 90
        2
176
     1
 90
        3
176
     1
 90
        0
176
     1
 40
0.6
176
     1
 40
30.0
176
     1
 62
     8
420
  8421504
176
     1
 90
        1
176
     1
 90
        4
176
     1
 62
     7
176
     1
 62
   257
176
     1
 90
        1
176
     1
 90
        1
176
     1
 40
1.0
176
     1
 90
        8
176
     1
 62
     8
420
  8421504
176
     1
 40
1.0
176
     1
 90
        1
176
     1
 90
        6
176
     1
 90
        2
176
     1
 62
     7
176
     1
 90
        5
176
     1
 90
        0
176
     1
 90
        0
176
     1
290
     0
176
     1
 90
        1
176
     1
 40
0.0
176
     1
 90
        0
176
     1
290
     0
176
     1
290
     1
176
     1
290
     1
176
     1
290
     0
176
     1
290
     0
176
     1
290
     0
176
     1
290
     0
176
     1
290
     0
176
     1
290
     0
176
     1
 90
       50
176
     1
 40
0.0
176
     1
 40
1.0
176
     1
 90
        0
176
     1
 62
    18
420
        0
176
     1
 90
       50
176
     1
 90
        3
176
     1
 62
     5
420
      255
176
     1
290
     0
176
     1
 90
       50
176
     1
 90
       50
176
     1
 90
       50
176
     1
290
     0
176
     1
 90
       50
176
     1
 62
   256
176
     0
 40
1.0
176
     0
 90
        2
176
     1
  1
strokes_ogs.tif
176
     1
290
     0
176
     1
 40
1.0
176
     1
 40
1.0
176
     1
  0
VISUALSTYLE
  5
102F
102
{ACAD_REACTORS
330
2C
102
}
330
2C
100
AcDbVisualStyle
  2
Conceptual
 70
     9
177
     3
291
     0
 70
    58
 90
        3
176
     1
 90
        2
176
     1
 90
        0
176
     1
 90
        0
176
     1
 40
0.6
176
     1
 40
30.0
176
     1
 62
     7
420
 16777215
176
     1
 90
        2
176
     1
 90
        2
176
     1
 62
     7
176
     1
 62
   257
176
     1
 90
        1
176
     1
 90
        1
176
     1
 40
179.0
176
     1
 90
        8
176
     1
 62
     7
176
     1
 40
1.0
176
     1
 90
        1
176
     1
 90
        6
176
     1
 90
        2
176
     1
 62
     7
176
     1
 90
        3
176
     1
 90
        0
176
     1
 90
        0
176
     1
290
     0
176
     1
 90
        1
176
     1
 40
0.0
176
     1
 90
        0
176
     1
290
     0
176
     1
290
     1
176
     1
290
     1
176
     1
290
     0
176
     1
290
     0
176
     1
290
     0
176
     1
290
     0
176
     1
290
     0
176
     1
290
     0
176
     1
 90
       50
176
     1
 40
0.0
176
     1
 40
1.0
176
     1
 90
        0
176
     1
 62
    18
420
        0
176
     1
 90
       50
176
     1
 90
        3
176
     1
 62
     5
420
      255
176
     1
290
     0
176
     1
 90
       50
176
     1
 90
       50
176
     1
 90
       50
176
     1
290
     0
176
     1
 90
       50
176
     1
 62
   256
176
     0
 40
1.0
176
     0
 90
        2
176
     1
  1
strokes_ogs.tif
176
     1
290
     0
176
     1
 40
1.0
176
     1
 40
1.0
176
     1
  0
VISUALSTYLE
  5
1030
102
{ACAD_REACTORS
330
2C
102
}
330
2C
100
AcDbVisualStyle
  2
Dim
 70
    11
177
     3
291
     1
 70
    58
 90
        2
176
     1
 90
        2
176
     1
 90
        0
176
     1
 90
        0
176
     1
 40
0.6
176
     1
 40
30.0
176
     1
 62
     7
420
 16777215
176
     1
 90
        1
176
     1
 90
        4
176
     1
 62
     7
176
     1
 62
   257
176
     1
 90
        1
176
     1
 90
        1
176
     1
 40
1.0
176
     1
 90
        8
176
     1
 62
     7
176
     1
 40
1.0
176
     1
 90
        1
176
     1
 90
        6
176
     1
 90
        2
176
     1
 62
     7
176
     1
 90
        5
176
     1
 90
        0
176
     1
 90
        0
176
     1
290
     0
176
     1
 90
        1
176
     1
 40
-50.0
176
     1
 90
        0
176
     1
290
     0
176
     1
290
     1
176
     1
290
     1
176
     1
290
     0
176
     1
290
     0
176
     1
290
     0
176
     1
290
     0
176
     1
290
     0
176
     1
290
     0
176
     1
 90
       50
176
     1
 40
0.0
176
     1
 40
1.0
176
     1
 90
        0
176
     1
 62
    18
420
        0
176
     1
 90
       50
176
     1
 90
        3
176
     1
 62
     5
420
      255
176
     1
290
     0
176
     1
 90
       50
176
     1
 90
       50
176
     1
 90
       50
176
     1
290
     0
176
     1
 90
       50
176
     1
 62
   256
176
     0
 40
1.0
176
     0
 90
        2
176
     1
  1
strokes_ogs.tif
176
     1
290
     0
176
     1
 40
1.0
176
     1
 40
1.0
176
     1
  0
VISUALSTYLE
  5
140
102
{ACAD_REACTORS
330
2C
102
}
330
2C
100
AcDbVisualStyle
  2
EdgeColorOff
 70
    22
177
     3
291
     1
 70
    58
 90
        2
176
     0
 90
        2
176
     0
 90
        0
176
     0
 90
        0
176
     0
 40
0.6
176
     0
 40
30.0
176
     0
 62
     7
420
 16777215
176
     0
 90
        1
176
     0
 90
        4
176
     0
 62
     7
176
     0
 62
   257
176
     0
 90
        1
176
     0
 90
        1
176
     0
 40
1.0
176
     0
 90
        8
176
     2
 62
     7
176
     0
 40
1.0
176
     0
 90
        1
176
     0
 90
        6
176
     0
 90
        2
176
     0
 62
     7
176
     0
 90
        5
176
     0
 90
        0
176
     0
 90
        0
176
     0
290
     0
176
     0
 90
        1
176
     0
 40
0.0
176
     0
 90
        0
176
     0
290
     0
176
     0
290
     1
176
     0
290
     1
176
     0
290
     0
176
     0
290
     0
176
     0
290
     0
176
     0
290
     0
176
     0
290
     0
176
     0
290
     0
176
     0
 90
       50
176
     0
 40
0.0
176
     0
 40
1.0
176
     0
 90
        0
176
     0
 62
    18
176
     0
 90
       50
176
     0
 90
        3
176
     0
 62
     5
420
      255
176
     0
290
     0
176
     0
 90
       50
176
     0
 90
       50
176
     0
 90
       50
176
     0
290
     0
176
     0
 90
       50
176
     0
 62
   256
176
     0
 40
1.0
176
     0
 90
        2
176
     0
  1
strokes_ogs.tif
176
     0
290
     0
176
     0
 40
1.0
176
     0
 40
1.0
176
     0
  0
VISUALSTYLE
  5
1034
102
{ACAD_REACTORS
330
2C
102
}
330
2C
100
AcDbVisualStyle
  2
Facepattern
 70
    15
177
     3
291
     1
 70
    58
 90
        2
176
     1
 90
        2
176
     1
 90
        0
176
     1
 90
        0
176
     1
 40
0.6
176
     1
 40
30.0
176
     1
 62
     7
420
 16777215
176
     1
 90
        1
176
     1
 90
        4
176
     1
 62
     7
176
     1
 62
   257
176
     1
 90
        1
176
     1
 90
        1
176
     1
 40
1.0
176
     1
 90
        8
176
     1
 62
     7
176
     1
 40
1.0
176
     1
 90
        1
176
     1
 90
        6
176
     1
 90
        2
176
     1
 62
     7
176
     1
 90
        5
176
     1
 90
        0
176
     1
 90
        0
176
     1
290
     0
176
     1
 90
        1
176
     1
 40
0.0
176
     1
 90
        0
176
     1
290
     0
176
     1
290
     1
176
     1
290
     1
176
     1
290
     0
176
     1
290
     0
176
     1
290
     0
176
     1
290
     0
176
     1
290
     0
176
     1
290
     0
176
     1
 90
       50
176
     1
 40
0.0
176
     1
 40
1.0
176
     1
 90
        0
176
     1
 62
    18
420
        0
176
     1
 90
       50
176
     1
 90
        3
176
     1
 62
     5
420
      255
176
     1
290
     0
176
     1
 90
       50
176
     1
 90
       50
176
     1
 90
       50
176
     1
290
     0
176
     1
 90
       50
176
     1
 62
   256
176
     0
 40
1.0
176
     0
 90
        2
176
     1
  1
strokes_ogs.tif
176
     1
290
     0
176
     1
 40
1.0
176
     1
 40
1.0
176
     1
  0
VISUALSTYLE
  5
1028
102
{ACAD_REACTORS
330
2C
102
}
330
2C
100
AcDbVisualStyle
  2
Flat
 70
     0
177
     3
291
     1
 70
    58
 90
        2
176
     1
 90
        1
176
     1
 90
        1
176
     1
 90
        2
176
     1
 40
0.6
176
     1
 40
30.0
176
     1
 62
     7
420
 16777215
176
     1
 90
        0
176
     1
 90
        0
176
     1
 62
     7
176
     1
 62
   257
176
     1
 90
        1
176
     1
 90
        1
176
     1
 40
1.0
176
     1
 90
        8
176
     1
 62
     7
176
     1
 40
1.0
176
     1
 90
        1
176
     1
 90
        6
176
     1
 90
        2
176
     1
 62
     7
176
     1
 90
        5
176
     1
 90
        0
176
     1
 90
        0
176
     1
290
     0
176
     1
 90
       13
176
     1
 40
0.0
176
     1
 90
        0
176
     1
290
     0
176
     1
290
     1
176
     1
290
     1
176
     1
290
     0
176
     1
290
     0
176
     1
290
     0
176
     1
290
     0
176
     1
290
     0
176
     1
290
     0
176
     1
 90
       50
176
     1
 40
0.0
176
     1
 40
1.0
176
     1
 90
        0
176
     1
 62
    18
420
        0
176
     1
 90
       50
176
     1
 90
        3
176
     1
 62
     5
420
      255
176
     1
290
     0
176
     1
 90
       50
176
     1
 90
       50
176
     1
 90
       50
176
     1
290
     0
176
     1
 90
       50
176
     1
 62
   256
176
     0
 40
1.0
176
     0
 90
        2
176
     1
  1
strokes_ogs.tif
176
     1
290
     0
176
     1
 40
1.0
176
     1
 40
1.0
176
     1
  0
VISUALSTYLE
  5
1029
102
{ACAD_REACTORS
330
2C
102
}
330
2C
100
AcDbVisualStyle
  2
FlatWithEdges
 70
     1
177
     3
291
     1
 70
    58
 90
        2
176
     1
 90
        1
176
     1
 90
        1
176
     1
 90
        2
176
     1
 40
0.6
176
     1
 40
30.0
176
     1
 62
     7
420
 16777215
176
     1
 90
        1
176
     1
 90
        0
176
     1
 62
     7
176
     1
 62
   257
176
     1
 90
        1
176
     1
 90
        1
176
     1
 40
1.0
176
     1
 90
        0
176
     1
 62
   257
176
     1
 40
1.0
176
     1
 90
        1
176
     1
 90
        6
176
     1
 90
        2
176
     1
 62
     7
176
     1
 90
        5
176
     1
 90
        0
176
     1
 90
        0
176
     1
290
     0
176
     1
 90
       13
176
     1
 40
0.0
176
     1
 90
        0
176
     1
290
     0
176
     1
290
     1
176
     1
290
     1
176
     1
290
     0
176
     1
290
     0
176
     1
290
     0
176
     1
290
     0
176
     1
290
     0
176
     1
290
     0
176
     1
 90
       50
176
     1
 40
0.0
176
     1
 40
1.0
176
     1
 90
        0
176
     1
 62
    18
420
        0
176
     1
 90
       50
176
     1
 90
        3
176
     1
 62
     5
420
      255
176
     1
290
     0
176
     1
 90
       50
176
     1
 90
       50
176
     1
 90
       50
176
     1
290
     0
176
     1
 90
       50
176
     1
 62
   256
176
     0
 40
1.0
176
     0
 90
        2
176
     1
  1
strokes_ogs.tif
176
     1
290
     0
176
     1
 40
1.0
176
     1
 40
1.0
176
     1
  0
VISUALSTYLE
  5
102A
102
{ACAD_REACTORS
330
2C
102
}
330
2C
100
AcDbVisualStyle
  2
Gouraud
 70
     2
177
     3
291
     1
 70
    58
 90
        2
176
     1
 90
        2
176
     1
 90
        1
176
     1
 90
        2
176
     1
 40
0.6
176
     1
 40
30.0
176
     1
 62
     7
420
 16777215
176
     1
 90
        0
176
     1
 90
        0
176
     1
 62
     7
176
     1
 62
   257
176
     1
 90
        1
176
     1
 90
        1
176
     1
 40
1.0
176
     1
 90
        0
176
     1
 62
     7
176
     1
 40
1.0
176
     1
 90
        1
176
     1
 90
        6
176
     1
 90
        2
176
     1
 62
     7
176
     1
 90
        5
176
     1
 90
        0
176
     1
 90
        0
176
     1
290
     0
176
     1
 90
       13
176
     1
 40
0.0
176
     1
 90
        0
176
     1
290
     0
176
     1
290
     1
176
     1
290
     1
176
     1
290
     0
176
     1
290
     0
176
     1
290
     0
176
     1
290
     0
176
     1
290
     0
176
     1
290
     0
176
     1
 90
       50
176
     1
 40
0.0
176
     1
 40
1.0
176
     1
 90
        0
176
     1
 62
    18
420
        0
176
     1
 90
       50
176
     1
 90
        3
176
     1
 62
     5
420
      255
176
     1
290
     0
176
     1
 90
       50
176
     1
 90
       50
176
     1
 90
       50
176
     1
290
     0
176
     1
 90
       50
176
     1
 62
   256
176
     0
 40
1.0
176
     0
 90
        2
176
     1
  1
strokes_ogs.tif
176
     1
290
     0
176
     1
 40
1.0
176
     1
 40
1.0
176
     1
  0
VISUALSTYLE
  5
102B
102
{ACAD_REACTORS
330
2C
102
}
330
2C
100
AcDbVisualStyle
  2
GouraudWithEdges
 70
     3
177
     3
291
     1
 70
    58
 90
        2
176
     1
 90
        2
176
     1
 90
        1
176
     1
 90
        2
176
     1
 40
0.6
176
     1
 40
30.0
176
     1
 62
     7
420
 16777215
176
     1
 90
        1
176
     1
 90
        0
176
     1
 62
     7
176
     1
 62
   257
176
     1
 90
        1
176
     1
 90
        1
176
     1
 40
1.0
176
     1
 90
        0
176
     1
 62
   257
176
     1
 40
1.0
176
     1
 90
        1
176
     1
 90
        6
176
     1
 90
        2
176
     1
 62
     7
176
     1
 90
        5
176
     1
 90
        0
176
     1
 90
        0
176
     1
290
     0
176
     1
 90
       13
176
     1
 40
0.0
176
     1
 90
        0
176
     1
290
     0
176
     1
290
     1
176
     1
290
     1
176
     1
290
     0
176
     1
290
     0
176
     1
290
     0
176
     1
290
     0
176
     1
290
     0
176
     1
290
     0
176
     1
 90
       50
176
     1
 40
0.0
176
     1
 40
1.0
176
     1
 90
        0
176
     1
 62
    18
420
        0
176
     1
 90
       50
176
     1
 90
        3
176
     1
 62
     5
420
      255
176
     1
290
     0
176
     1
 90
       50
176
     1
 90
       50
176
     1
 90
       50
176
     1
290
     0
176
     1
 90
       50
176
     1
 62
   256
176
     0
 40
1.0
176
     0
 90
        2
176
     1
  1
strokes_ogs.tif
176
     1
290
     0
176
     1
 40
1.0
176
     1
 40
1.0
176
     1
  0
VISUALSTYLE
  5
102E
102
{ACAD_REACTORS
330
2C
102
}
330
2C
100
AcDbVisualStyle
  2
Hidden
 70
     6
177
     3
291
     0
 70
    58
 90
        1
176
     1
 90
        2
176
     1
 90
        2
176
     1
 90
        0
176
     1
 40
0.6
176
     1
 40
30.0
176
     1
 62
     7
420
 16777215
176
     1
 90
        2
176
     1
 90
        2
176
     1
 62
     7
176
     1
 62
   257
176
     1
 90
        2
176
     1
 90
        1
176
     1
 40
40.0
176
     1
 90
        0
176
     1
 62
   257
176
     1
 40
1.0
176
     1
 90
        1
176
     1
 90
        6
176
     1
 90
        2
176
     1
 62
     7
176
     1
 90
        3
176
     1
 90
        0
176
     1
 90
        0
176
     1
290
     0
176
     1
 90
        1
176
     1
 40
0.0
176
     1
 90
        0
176
     1
290
     0
176
     1
290
     1
176
     1
290
     1
176
     1
290
     0
176
     1
290
     0
176
     1
290
     0
176
     1
290
     0
176
     1
290
     0
176
     1
290
     0
176
     1
 90
       50
176
     1
 40
0.0
176
     1
 40
1.0
176
     1
 90
        0
176
     1
 62
    18
420
        0
176
     1
 90
       50
176
     1
 90
        3
176
     1
 62
     5
420
      255
176
     1
290
     0
176
     1
 90
       50
176
     1
 90
       50
176
     1
 90
       50
176
     1
290
     0
176
     1
 90
       50
176
     1
 62
   256
176
     0
 40
1.0
176
     0
 90
        2
176
     1
  1
strokes_ogs.tif
176
     1
290
     0
176
     1
 40
1.0
176
     1
 40
1.0
176
     1
  0
VISUALSTYLE
  5
103B
102
{ACAD_REACTORS
330
2C
102
}
330
2C
100
AcDbVisualStyle
  2
JitterOff
 70
    20
177
     3
291
     1
 70
    58
 90
        2
176
     0
 90
        2
176
     0
 90
        0
176
     0
 90
        0
176
     0
 40
0.6
176
     0
 40
30.0
176
     0
 62
     7
420
 16777215
176
     0
 90
        1
176
     0
 90
        4
176
     0
 62
     7
176
     0
 62
   257
176
     0
 90
        1
176
     0
 90
        1
176
     0
 40
1.0
176
     0
 90
       10
176
     2
 62
     7
176
     0
 40
1.0
176
     0
 90
        1
176
     0
 90
        6
176
     0
 90
        2
176
     0
 62
     7
176
     0
 90
        5
176
     0
 90
        0
176
     0
 90
        0
176
     0
290
     0
176
     0
 90
        1
176
     0
 40
0.0
176
     0
 90
        0
176
     0
290
     0
176
     0
290
     1
176
     0
290
     1
176
     0
290
     0
176
     0
290
     0
176
     0
290
     0
176
     0
290
     0
176
     0
290
     0
176
     0
290
     0
176
     0
 90
       50
176
     0
 40
0.0
176
     0
 40
1.0
176
     0
 90
        0
176
     0
 62
    18
420
        0
176
     0
 90
       50
176
     0
 90
        3
176
     0
 62
     5
420
      255
176
     0
290
     0
176
     0
 90
       50
176
     0
 90
       50
176
     0
 90
       50
176
     0
290
     0
176
     0
 90
       50
176
     0
 62
   256
176
     0
 40
1.0
176
     0
 90
        2
176
     0
  1
strokes_ogs.tif
176
     0
290
     0
176
     0
 40
1.0
176
     0
 40
1.0
176
     0
  0
VISUALSTYLE
  5
1033
102
{ACAD_REACTORS
330
2C
102
}
330
2C
100
AcDbVisualStyle
  2
Linepattern
 70
    14
177
     3
291
     1
 70
    58
 90
        2
176
     1
 90
        2
176
     1
 90
        0
176
     1
 90
        0
176
     1
 40
0.6
176
     1
 40
30.0
176
     1
 62
     7
420
 16777215
176
     1
 90
        1
176
     1
 90
        4
176
     1
 62
     7
176
     1
 62
   257
176
     1
 90
        7
176
     1
 90
        7
176
     1
 40
1.0
176
     1
 90
        8
176
     1
 62
     7
176
     1
 40
1.0
176
     1
 90
        1
176
     1
 90
        6
176
     1
 90
        2
176
     1
 62
     7
176
     1
 90
        5
176
     1
 90
        0
176
     1
 90
        0
176
     1
290
     0
176
     1
 90
        1
176
     1
 40
0.0
176
     1
 90
        0
176
     1
290
     0
176
     1
290
     1
176
     1
290
     1
176
     1
290
     0
176
     1
290
     0
176
     1
290
     0
176
     1
290
     0
176
     1
290
     0
176
     1
290
     0
176
     1
 90
       50
176
     1
 40
0.0
176
     1
 40
1.0
176
     1
 90
        0
176
     1
 62
    18
420
        0
176
     1
 90
       50
176
     1
 90
        3
176
     1
 62
     5
420
      255
176
     1
290
     0
176
     1
 90
       50
176
     1
 90
       50
176
     1
 90
       50
176
     1
290
     0
176
     1
 90
       50
176
     1
 62
   256
176
     0
 40
1.0
176
     0
 90
        2
176
     1
  1
strokes_ogs.tif
176
     1
290
     0
176
     1
 40
1.0
176
     1
 40
1.0
176
     1
  0
VISUALSTYLE
  5
103C
102
{ACAD_REACTORS
330
2C
102
}
330
2C
100
AcDbVisualStyle
  2
OverhangOff
 70
    21
177
     3
291
     1
 70
    58
 90
        2
176
     0
 90
        2
176
     0
 90
        0
176
     0
 90
        0
176
     0
 40
0.6
176
     0
 40
30.0
176
     0
 62
     7
420
 16777215
176
     0
 90
        1
176
     0
 90
        4
176
     0
 62
     7
176
     0
 62
   257
176
     0
 90
        1
176
     0
 90
        1
176
     0
 40
1.0
176
     0
 90
        9
176
     2
 62
     7
176
     0
 40
1.0
176
     0
 90
        1
176
     0
 90
        6
176
     0
 90
        2
176
     0
 62
     7
176
     0
 90
        5
176
     0
 90
        0
176
     0
 90
        0
176
     0
290
     0
176
     0
 90
        1
176
     0
 40
0.0
176
     0
 90
        0
176
     0
290
     0
176
     0
290
     1
176
     0
290
     1
176
     0
290
     0
176
     0
290
     0
176
     0
290
     0
176
     0
290
     0
176
     0
290
     0
176
     0
290
     0
176
     0
 90
       50
176
     0
 40
0.0
176
     0
 40
1.0
176
     0
 90
        0
176
     0
 62
    18
420
        0
176
     0
 90
       50
176
     0
 90
        3
176
     0
 62
     5
420
      255
176
     0
290
     0
176
     0
 90
       50
176
     0
 90
       50
176
     0
 90
       50
176
     0
290
     0
176
     0
 90
       50
176
     0
 62
   256
176
     0
 40
1.0
176
     0
 90
        2
176
     0
  1
strokes_ogs.tif
176
     0
290
     0
176
     0
 40
1.0
176
     0
 40
1.0
176
     0
  0
VISUALSTYLE
  5
62
102
{ACAD_REACTORS
330
2C
102
}
330
2C
100
AcDbVisualStyle
  2
Realistic
 70
     8
177
     3
291
     0
 70
    58
 90
        2
176
     1
 90
        2
176
     1
 90
        0
176
     1
 90
        0
176
     1
 40
0.6
176
     1
 40
30.0
176
     1
 62
     7
176
     1
 90
        1
176
     1
 90
        0
176
     1
 62
     7
176
     1
 62
   257
176
     1
 90
        1
176
     1
 90
        1
176
     1
 40
1.0
176
     1
 90
        8
176
     1
 62
     8
176
     1
 40
1.0
176
     1
 90
        1
176
     1
 90
        6
176
     1
 90
        2
176
     1
 62
     7
176
     1
 90
        5
176
     1
 90
        0
176
     1
 90
        0
176
     1
290
     0
176
     1
 90
       13
176
     1
 40
0.0
176
     1
 90
        0
176
     1
290
     0
176
     1
290
     1
176
     1
290
     1
176
     1
290
     0
176
     1
290
     0
176
     1
290
     0
176
     1
290
     0
176
     1
290
     0
176
     1
290
     0
176
     1
 90
       50
176
     1
 40
0.0
176
     1
 40
1.0
176
     1
 90
        0
176
     1
 62
    18
176
     1
 90
       50
176
     1
 90
        3
176
     1
 62
     5
420
      255
176
     1
290
     0
176
     1
 90
       50
176
     1
 90
       50
176
     1
 90
       50
176
     1
290
     0
176
     1
 90
       50
176
     1
 62
   256
176
     0
 40
1.0
176
     0
 90
        2
176
     1
  1
strokes_ogs.tif
176
     1
290
     0
176
     1
 40
1.0
176
     1
 40
1.0
176
     1
  0
VISUALSTYLE
  5
103A
102
{ACAD_REACTORS
330
2C
102
}
330
2C
100
AcDbVisualStyle
  2
Shaded
 70
    27
177
     3
291
     0
 70
    58
 90
        2
176
     1
 90
        2
176
     1
 90
        1
176
     1
 90
        2
176
     1
 40
0.6
176
     1
 40
30.0
176
     1
 62
     7
420
 16777215
176
     1
 90
        0
176
     1
 90
        4
176
     1
 62
     7
176
     1
 62
   257
176
     1
 90
        1
176
     1
 90
        1
176
     1
 40
1.0
176
     1
 90
        8
176
     1
 62
   257
176
     1
 40
1.0
176
     1
 90
        1
176
     1
 90
        6
176
     1
 90
        2
176
     1
 62
     8
420
  7895160
176
     1
 90
        3
176
     1
 90
        0
176
     1
 90
        0
176
     1
290
     0
176
     1
 90
        5
176
     1
 40
0.0
176
     1
 90
        0
176
     1
290
     0
176
     1
290
     1
176
     1
290
     1
176
     1
290
     0
176
     1
290
     0
176
     1
290
     0
176
     1
290
     0
176
     1
290
     0
176
     1
290
     0
176
     1
 90
       50
176
     1
 40
0.0
176
     1
 40
1.0
176
     1
 90
        0
176
     1
 62
    18
420
        0
176
     1
 90
       50
176
     1
 90
        3
176
     1
 62
     5
420
      255
176
     1
290
     0
176
     1
 90
       50
176
     1
 90
       50
176
     1
 90
       50
176
     1
290
     0
176
     1
 90
       50
176
     1
 62
   256
176
     0
 40
1.0
176
     0
 90
        2
176
     1
  1
strokes_ogs.tif
176
     1
290
     0
176
     1
 40
1.0
176
     1
 40
1.0
176
     1
  0
VISUALSTYLE
  5
1039
102
{ACAD_REACTORS
330
2C
102
}
330
2C
100
AcDbVisualStyle
  2
Shaded with edges
 70
    26
177
     3
291
     0
 70
    58
 90
        2
176
     1
 90
        2
176
     1
 90
        1
176
     1
 90
        2
176
     1
 40
0.6
176
     1
 40
30.0
176
     1
 62
     7
420
 16777215
176
     1
 90
        1
176
     1
 90
        2
176
     1
 62
     7
176
     1
 62
   257
176
     1
 90
        2
176
     1
 90
        1
176
     1
 40
1.0
176
     1
 90
        8
176
     1
 62
   257
176
     1
 40
1.0
176
     1
 90
        1
176
     1
 90
        6
176
     1
 90
        2
176
     1
 62
     7
176
     1
 90
        3
176
     1
 90
        0
176
     1
 90
        0
176
     1
290
     0
176
     1
 90
        5
176
     1
 40
0.0
176
     1
 90
        0
176
     1
290
     0
176
     1
290
     1
176
     1
290
     1
176
     1
290
     0
176
     1
290
     0
176
     1
290
     0
176
     1
290
     0
176
     1
290
     0
176
     1
290
     0
176
     1
 90
       50
176
     1
 40
0.0
176
     1
 40
1.0
176
     1
 90
        0
176
     1
 62
    18
420
        0
176
     1
 90
       50
176
     1
 90
        3
176
     1
 62
     5
420
      255
176
     1
290
     0
176
     1
 90
       50
176
     1
 90
       50
176
     1
 90
       50
176
     1
290
     0
176
     1
 90
       50
176
     1
 62
   256
176
     0
 40
1.0
176
     0
 90
        2
176
     1
  1
strokes_ogs.tif
176
     1
290
     0
176
     1
 40
1.0
176
     1
 40
1.0
176
     1
  0
VISUALSTYLE
  5
1036
102
{ACAD_REACTORS
330
2C
102
}
330
2C
100
AcDbVisualStyle
  2
Shades of Gray
 70
    23
177
     3
291
     0
 70
    58
 90
        2
176
     1
 90
        2
176
     1
 90
        3
176
     1
 90
        0
176
     1
 40
0.6
176
     1
 40
30.0
176
     1
 62
     7
420
 16777215
176
     1
 90
        2
176
     1
 90
        2
176
     1
 62
     7
176
     1
 62
     7
176
     1
 90
        1
176
     1
 90
        1
176
     1
 40
40.0
176
     1
 90
        8
176
     1
 62
     7
176
     1
 40
1.0
176
     1
 90
        1
176
     1
 90
        6
176
     1
 90
        2
176
     1
 62
     7
176
     1
 90
        3
176
     1
 90
        0
176
     1
 90
        0
176
     1
290
     0
176
     1
 90
        1
176
     1
 40
0.0
176
     1
 90
        0
176
     1
290
     0
176
     1
290
     1
176
     1
290
     1
176
     1
290
     0
176
     1
290
     0
176
     1
290
     0
176
     1
290
     0
176
     1
290
     0
176
     1
290
     0
176
     1
 90
       50
176
     1
 40
0.0
176
     1
 40
1.0
176
     1
 90
        0
176
     1
 62
    18
420
        0
176
     1
 90
       50
176
     1
 90
        3
176
     1
 62
     5
420
      255
176
     1
290
     0
176
     1
 90
       50
176
     1
 90
       50
176
     1
 90
       50
176
     1
290
     0
176
     1
 90
       50
176
     1
 62
   256
176
     0
 40
1.0
176
     0
 90
        2
176
     1
  1
strokes_ogs.tif
176
     1
290
     0
176
     1
 40
1.0
176
     1
 40
1.0
176
     1
  0
VISUALSTYLE
  5
1037
102
{ACAD_REACTORS
330
2C
102
}
330
2C
100
AcDbVisualStyle
  2
Sketchy
 70
    24
177
     3
291
     0
 70
    58
 90
        1
176
     1
 90
        2
176
     1
 90
        2
176
     1
 90
        0
176
     1
 40
0.6
176
     1
 40
30.0
176
     1
 62
     7
420
 16777215
176
     1
 90
        2
176
     1
 90
        2
176
     1
 62
     7
176
     1
 62
     7
176
     1
 90
        1
176
     1
 90
        1
176
     1
 40
40.0
176
     1
 90
       11
176
     1
 62
     7
176
     1
 40
1.0
176
     1
 90
        1
176
     1
 90
        6
176
     1
 90
        2
176
     1
 62
     7
176
     1
 90
        6
176
     1
 90
        0
176
     1
 90
        0
176
     1
290
     0
176
     1
 90
        1
176
     1
 40
0.0
176
     1
 90
        0
176
     1
290
     0
176
     1
290
     1
176
     1
290
     1
176
     1
290
     0
176
     1
290
     0
176
     1
290
     0
176
     1
290
     0
176
     1
290
     0
176
     1
290
     0
176
     1
 90
       50
176
     1
 40
0.0
176
     1
 40
1.0
176
     1
 90
        0
176
     1
 62
    18
420
        0
176
     1
 90
       50
176
     1
 90
        3
176
     1
 62
     5
420
      255
176
     1
290
     0
176
     1
 90
       50
176
     1
 90
       50
176
     1
 90
       50
176
     1
290
     0
176
     1
 90
       50
176
     1
 62
   256
176
     0
 40
1.0
176
     0
 90
        2
176
     1
  1
strokes_ogs.tif
176
     1
290
     0
176
     1
 40
1.0
176
     1
 40
1.0
176
     1
  0
VISUALSTYLE
  5
1032
102
{ACAD_REACTORS
330
2C
102
}
330
2C
100
AcDbVisualStyle
  2
Thicken
 70
    13
177
     3
291
     1
 70
    58
 90
        2
176
     1
 90
        2
176
     1
 90
        0
176
     1
 90
        0
176
     1
 40
0.6
176
     1
 40
30.0
176
     1
 62
     7
420
 16777215
176
     1
 90
        1
176
     1
 90
        4
176
     1
 62
     7
176
     1
 62
   257
176
     1
 90
        1
176
     1
 90
        1
176
     1
 40
1.0
176
     1
 90
       12
176
     1
 62
     7
176
     1
 40
1.0
176
     1
 90
        1
176
     1
 90
        6
176
     1
 90
        2
176
     1
 62
     7
176
     1
 90
        5
176
     1
 90
        0
176
     1
 90
        0
176
     1
290
     0
176
     1
 90
        1
176
     1
 40
0.0
176
     1
 90
        0
176
     1
290
     0
176
     1
290
     1
176
     1
290
     1
176
     1
290
     0
176
     1
290
     0
176
     1
290
     0
176
     1
290
     0
176
     1
290
     0
176
     1
290
     0
176
     1
 90
       50
176
     1
 40
0.0
176
     1
 40
1.0
176
     1
 90
        0
176
     1
 62
    18
420
        0
176
     1
 90
       50
176
     1
 90
        3
176
     1
 62
     5
420
      255
176
     1
290
     0
176
     1
 90
       50
176
     1
 90
       50
176
     1
 90
       50
176
     1
290
     0
176
     1
 90
       50
176
     1
 62
   256
176
     0
 40
1.0
176
     0
 90
        2
176
     1
  1
strokes_ogs.tif
176
     1
290
     0
176
     1
 40
1.0
176
     1
 40
1.0
176
     1
  0
VISUALSTYLE
  5
102D
102
{ACAD_REACTORS
330
2C
102
}
330
2C
100
AcDbVisualStyle
  2
Wireframe
 70
     5
177
     3
291
     0
 70
    58
 90
        0
176
     1
 90
        2
176
     1
 90
        0
176
     1
 90
        0
176
     1
 40
0.6
176
     1
 40
30.0
176
     1
 62
     7
420
 16777215
176
     1
 90
        1
176
     1
 90
        4
176
     1
 62
     7
176
     1
 62
   257
176
     1
 90
        1
176
     1
 90
        1
176
     1
 40
1.0
176
     1
 90
        0
176
     1
 62
   257
176
     1
 40
1.0
176
     1
 90
        1
176
     1
 90
        6
176
     1
 90
        2
176
     1
 62
     7
176
     1
 90
        3
176
     1
 90
        0
176
     1
 90
        0
176
     1
290
     0
176
     1
 90
        1
176
     1
 40
0.0
176
     1
 90
        0
176
     1
290
     0
176
     1
290
     1
176
     1
290
     1
176
     1
290
     0
176
     1
290
     0
176
     1
290
     0
176
     1
290
     0
176
     1
290
     0
176
     1
290
     0
176
     1
 90
       50
176
     1
 40
0.0
176
     1
 40
1.0
176
     1
 90
        0
176
     1
 62
    18
420
        0
176
     1
 90
       50
176
     1
 90
        3
176
     1
 62
     5
420
      255
176
     1
290
     0
176
     1
 90
       50
176
     1
 90
       50
176
     1
 90
       50
176
     1
290
     0
176
     1
 90
       50
176
     1
 62
   256
176
     0
 40
1.0
176
     0
 90
        2
176
     1
  1
strokes_ogs.tif
176
     1
290
     0
176
     1
 40
1.0
176
     1
 40
1.0
176
     1
  0
VISUALSTYLE
  5
1038
102
{ACAD_REACTORS
330
2C
102
}
330
2C
100
AcDbVisualStyle
  2
X-Ray
 70
    25
177
     3
291
     0
 70
    58
 90
        2
176
     1
 90
        2
176
     1
 90
        1
176
     1
 90
        1
176
     1
 40
0.5
176
     1
 40
30.0
176
     1
 62
     7
420
 16777215
176
     1
 90
        1
176
     1
 90
        0
176
     1
 62
     7
176
     1
 62
   257
176
     1
 90
        1
176
     1
 90
        1
176
     1
 40
1.0
176
     1
 90
        8
176
     1
 62
     7
176
     1
 40
1.0
176
     1
 90
        1
176
     1
 90
        6
176
     1
 90
        2
176
     1
 62
     7
176
     1
 90
        3
176
     1
 90
        0
176
     1
 90
        0
176
     1
290
     0
176
     1
 90
       13
176
     1
 40
0.0
176
     1
 90
        0
176
     1
290
     0
176
     1
290
     1
176
     1
290
     1
176
     1
290
     0
176
     1
290
     0
176
     1
290
     0
176
     1
290
     0
176
     1
290
     0
176
     1
290
     0
176
     1
 90
       50
176
     1
 40
0.0
176
     1
 40
1.0
176
     1
 90
        0
176
     1
 62
    18
420
        0
176
     1
 90
       50
176
     1
 90
        3
176
     1
 62
     5
420
      255
176
     1
290
     0
176
     1
 90
       50
176
     1
 90
       50
176
     1
 90
       50
176
     1
290
     0
176
     1
 90
       50
176
     1
 62
   256
176
     0
 40
1.0
176
     0
 90
        2
176
     1
  1
strokes_ogs.tif
176
     1
290
     0
176
     1
 40
1.0
176
     1
 40
1.0
176
     1
  0
DICTIONARYVAR
  5
51
102
{ACAD_REACTORS
330
50
102
}
330
50
100
DictionaryVariables
280
     0
  1
1:1
  0
DICTIONARYVAR
  5
52
102
{ACAD_REACTORS
330
50
102
}
330
50
100
DictionaryVariables
280
     0
  1
STANDARD
  0
DICTIONARYVAR
  5
53
102
{ACAD_REACTORS
330
50
102
}
330
50
100
DictionaryVariables
280
     0
  1
STANDARD
  0
DICTIONARYVAR
  5
54
102
{ACAD_REACTORS
330
50
102
}
330
50
100
DictionaryVariables
280
     0
  1
Imperial24
  0
DICTIONARYVAR
  5
55
102
{ACAD_REACTORS
330
50
102
}
330
50
100
DictionaryVariables
280
     0
  1
Imperial24
  0
DICTIONARYVAR
  5
56
102
{ACAD_REACTORS
330
50
102
}
330
50
100
DictionaryVariables
280
     0
  1
1
  0
DICTIONARYVAR
  5
57
102
{ACAD_REACTORS
330
50
102
}
330
50
100
DictionaryVariables
280
     0
  1
15
  0
DICTIONARYVAR
  5
58
102
{ACAD_REACTORS
330
50
102
}
330
50
100
DictionaryVariables
280
     0
  1
0
  0
DICTIONARYVAR
  5
59
102
{ACAD_REACTORS
330
50
102
}
330
50
100
DictionaryVariables
280
     0
  1
0
  0
DICTIONARYVAR
  5
5A
102
{ACAD_REACTORS
330
50
102
}
330
50
100
DictionaryVariables
280
     0
  1
1
  0
DICTIONARY
  5
14
330
12
100
AcDbDictionary
280
     1
281
     1
  0
DICTIONARY
  5
61
330
60
100
AcDbDictionary
280
     1
281
     1
  3
ACAD_ROUNDTRIP_2008_TABLESTYLE_CELLSTYLEMAP
360
1043
  0
CELLSTYLEMAP
  5
1043
102
{ACAD_REACTORS
330
61
102
}
330
61
100
AcDbCellStyleMap
 90
        3
300
CELLSTYLE
  1
TABLEFORMAT_BEGIN
 90
        5
170
     1
 91
        0
 92
    32768
 62
   257
 93
        1
300
CONTENTFORMAT
  1
CONTENTFORMAT_BEGIN
 90
        0
 91
        0
 92
        4
 93
        0
300

 40
0.0
140
1.0
 94
        5
 62
     0
340
21
144
0.25
309
CONTENTFORMAT_END
171
     1
301
MARGIN
  1
CELLMARGIN_BEGIN
 40
0.06
 40
0.06
 40
0.06
 40
0.06
 40
0.18
 40
0.18
309
CELLMARGIN_END
 94
        6
 95
        1
302
GRIDFORMAT
  1
GRIDFORMAT_BEGIN
 90
        0
 91
        1
 62
     0
 92
       -2
340
0
 93
        0
 40
0.045
309
GRIDFORMAT_END
 95
        2
302
GRIDFORMAT
  1
GRIDFORMAT_BEGIN
 90
        0
 91
        1
 62
     0
 92
       -2
340
0
 93
        0
 40
0.045
309
GRIDFORMAT_END
 95
        4
302
GRIDFORMAT
  1
GRIDFORMAT_BEGIN
 90
        0
 91
        1
 62
     0
 92
       -2
340
0
 93
        0
 40
0.045
309
GRIDFORMAT_END
 95
        8
302
GRIDFORMAT
  1
GRIDFORMAT_BEGIN
 90
        0
 91
        1
 62
     0
 92
       -2
340
0
 93
        0
 40
0.045
309
GRIDFORMAT_END
 95
       16
302
GRIDFORMAT
  1
GRIDFORMAT_BEGIN
 90
        0
 91
        1
 62
     0
 92
       -2
340
0
 93
        0
 40
0.045
309
GRIDFORMAT_END
 95
       32
302
GRIDFORMAT
  1
GRIDFORMAT_BEGIN
 90
        0
 91
        1
 62
     0
 92
       -2
340
0
 93
        0
 40
0.045
309
GRIDFORMAT_END
309
TABLEFORMAT_END
  1
CELLSTYLE_BEGIN
 90
        1
 91
        1
300
_TITLE
309
CELLSTYLE_END
300
CELLSTYLE
  1
TABLEFORMAT_BEGIN
 90
        5
170
     1
 91
        0
 92
        0
 62
   257
 93
        1
300
CONTENTFORMAT
  1
CONTENTFORMAT_BEGIN
 90
        0
 91
        0
 92
        4
 93
        0
300

 40
0.0
140
1.0
 94
        5
 62
     0
340
21
144
0.18
309
CONTENTFORMAT_END
171
     1
301
MARGIN
  1
CELLMARGIN_BEGIN
 40
0.06
 40
0.06
 40
0.06
 40
0.06
 40
0.18
 40
0.18
309
CELLMARGIN_END
 94
        6
 95
        1
302
GRIDFORMAT
  1
GRIDFORMAT_BEGIN
 90
        0
 91
        1
 62
     0
 92
       -2
340
0
 93
        0
 40
0.045
309
GRIDFORMAT_END
 95
        2
302
GRIDFORMAT
  1
GRIDFORMAT_BEGIN
 90
        0
 91
        1
 62
     0
 92
       -2
340
0
 93
        0
 40
0.045
309
GRIDFORMAT_END
 95
        4
302
GRIDFORMAT
  1
GRIDFORMAT_BEGIN
 90
        0
 91
        1
 62
     0
 92
       -2
340
0
 93
        0
 40
0.045
309
GRIDFORMAT_END
 95
        8
302
GRIDFORMAT
  1
GRIDFORMAT_BEGIN
 90
        0
 91
        1
 62
     0
 92
       -2
340
0
 93
        0
 40
0.045
309
GRIDFORMAT_END
 95
       16
302
GRIDFORMAT
  1
GRIDFORMAT_BEGIN
 90
        0
 91
        1
 62
     0
 92
       -2
340
0
 93
        0
 40
0.045
309
GRIDFORMAT_END
 95
       32
302
GRIDFORMAT
  1
GRIDFORMAT_BEGIN
 90
        0
 91
        1
 62
     0
 92
       -2
340
0
 93
        0
 40
0.045
309
GRIDFORMAT_END
309
TABLEFORMAT_END
  1
CELLSTYLE_BEGIN
 90
        2
 91
        1
300
_HEADER
309
CELLSTYLE_END
300
CELLSTYLE
  1
TABLEFORMAT_BEGIN
 90
        5
170
     1
 91
        0
 92
        0
 62
   257
 93
        1
300
CONTENTFORMAT
  1
CONTENTFORMAT_BEGIN
 90
        0
 91
        0
 92
        4
 93
        0
300

 40
0.0
140
1.0
 94
        2
 62
     0
340
21
144
0.18
309
CONTENTFORMAT_END
171
     1
301
MARGIN
  1
CELLMARGIN_BEGIN
 40
0.06
 40
0.06
 40
0.06
 40
0.06
 40
0.18
 40
0.18
309
CELLMARGIN_END
 94
        6
 95
        1
302
GRIDFORMAT
  1
GRIDFORMAT_BEGIN
 90
        0
 91
        1
 62
     0
 92
       -2
340
0
 93
        0
 40
0.045
309
GRIDFORMAT_END
 95
        2
302
GRIDFORMAT
  1
GRIDFORMAT_BEGIN
 90
        0
 91
        1
 62
     0
 92
       -2
340
0
 93
        0
 40
0.045
309
GRIDFORMAT_END
 95
        4
302
GRIDFORMAT
  1
GRIDFORMAT_BEGIN
 90
        0
 91
        1
 62
     0
 92
       -2
340
0
 93
        0
 40
0.045
309
GRIDFORMAT_END
 95
        8
302
GRIDFORMAT
  1
GRIDFORMAT_BEGIN
 90
        0
 91
        1
 62
     0
 92
       -2
340
0
 93
        0
 40
0.045
309
GRIDFORMAT_END
 95
       16
302
GRIDFORMAT
  1
GRIDFORMAT_BEGIN
 90
        0
 91
        1
 62
     0
 92
       -2
340
0
 93
        0
 40
0.045
309
GRIDFORMAT_END
 95
       32
302
GRIDFORMAT
  1
GRIDFORMAT_BEGIN
 90
        0
 91
        1
 62
     0
 92
       -2
340
0
 93
        0
 40
0.045
309
GRIDFORMAT_END
309
TABLEFORMAT_END
  1
CELLSTYLE_BEGIN
 90
        3
 91
        2
300
_DATA
309
CELLSTYLE_END
  0
ENDSEC
  0
SECTION
  2
ACDSDATA
 70
     2
 71
     8
  0
ACDSSCHEMA
 90
        0
  1
AcDb_Thumbnail_Schema
  2
AcDbDs::ID
280
    10
 91
        8
  2
Thumbnail_Data
280
    15
 91
        0
101
ACDSRECORD
 95
        0
 90
        1
  2
AcDbDs::TreatedAsObjectData
280
     1
291
     1
101
ACDSRECORD
 95
        0
 90
        2
  2
AcDbDs::Legacy
280
     1
291
     1
101
ACDSRECORD
  1
AcDbDs::ID
 90
        3
  2
AcDs:Indexable
280
     1
291
     1
101
ACDSRECORD
  1
AcDbDs::ID
 90
        4
  2
AcDbDs::HandleAttribute
280
     7
282
     1
  0
ACDSSCHEMA
 90
        1
  1
AcDbDs::TreatedAsObjectDataSchema
  2
AcDbDs::TreatedAsObjectData
280
     1
 91
        0
  0
ACDSSCHEMA
 90
        2
  1
AcDbDs::LegacySchema
  2
AcDbDs::Legacy
280
     1
 91
        0
  0
ACDSSCHEMA
 90
        3
  1
AcDbDs::IndexedPropertySchema
  2
AcDs:Indexable
280
     1
 91
        0
  0
ACDSSCHEMA
 90
        4
  1
AcDbDs::HandleAttributeSchema
  2
AcDbDs::HandleAttribute
280
     7
 91
        1
284
     1
  0
ACDSRECORD
 90
        0
  2
AcDbDs::ID
280
    10
320
12
  2
Thumbnail_Data
280
    15
 94
     4691
310
89504E470D0A1A0A0000000D49484452000001000000006108030000000E738F1F00000300504C5445212830FFFFFF2128300000000000000000000000000000000000000000000000000000330000660000990000CC0000FF0033000033330033660033990033CC0033FF0066000066330066660066990066CC0066FF0099
310
000099330099660099990099CC0099FF00CC0000CC3300CC6600CC9900CCCC00CCFF00FF0000FF3300FF6600FF9900FFCC00FFFF3300003300333300663300993300CC3300FF3333003333333333663333993333CC3333FF3366003366333366663366993366CC3366FF3399003399333399663399993399CC3399FF33CC00
310
33CC3333CC6633CC9933CCCC33CCFF33FF0033FF3333FF6633FF9933FFCC33FFFF6600006600336600666600996600CC6600FF6633006633336633666633996633CC6633FF6666006666336666666666996666CC6666FF6699006699336699666699996699CC6699FF66CC0066CC3366CC6666CC9966CCCC66CCFF66FF0066
310
FF3366FF6666FF9966FFCC66FFFF9900009900339900669900999900CC9900FF9933009933339933669933999933CC9933FF9966009966339966669966999966CC9966FF9999009999339999669999999999CC9999FF99CC0099CC3399CC6699CC9999CCCC99CCFF99FF0099FF3399FF6699FF9999FFCC99FFFFCC0000CC00
310
33CC0066CC0099CC00CCCC00FFCC3300CC3333CC3366CC3399CC33CCCC33FFCC6600CC6633CC6666CC6699CC66CCCC66FFCC9900CC9933CC9966CC9999CC99CCCC99FFCCCC00CCCC33CCCC66CCCC99CCCCCCCCCCFFCCFF00CCFF33CCFF66CCFF99CCFFCCCCFFFFFF0000FF0033FF0066FF0099FF00CCFF00FFFF3300FF3333
310
FF3366FF3399FF33CCFF33FFFF6600FF6633FF6666FF6699FF66CCFF66FFFF9900FF9933FF9966FF9999FF99CCFF99FFFFCC00FFCC33FFCC66FFCC99FFCCCCFFCCFFFFFF00FFFF33FFFF66FFFF99FFFFCCFFFFFF0000000D0D0D1A1A1A2828283535354343435050505D5D5D6B6B6B787878868686939393A1A1A1AEAEAEBB
310
BBBBC9C9C9D6D6D6E4E4E4F1F1F1FFFFFF0000000000000000000000000000000000000000000000000000000000002E4550F1000005134944415478DAED9CBD91E33A0CC7D981A38D5F7848D8817BE15C05EEC1F3FAD802B607264C55800354A0C1CD5C82FCE14B92BDF3DEEDBD994B0C13BBAB936405F7FF112041127229
310
7FDE2AA3981D0A7CFC34ABC07603D08EF160496535AC3430A5200C5AEF0EA07786509F1F80B476E8C4262EF0F1217F22190EFDD901885600D643291C260FC0F6E476920CC041E2E16A93BF9FF37F3C981A00FFC6835901FC89072780096002980026800960029800268009E0A9A6855F5B99366DDAB469D3A64D9BF6BA9960
310
4D9837DEFF5F21CC4F6B9C6EC2E35FDF45F902E913CD1C8E9DA15DBF9B6F8BE95D12131EFAB07E6057BF44F05453A7CABD7770B120A79D639B0CFB0D8D0921BE2351755AA25EF4532200225BE489FE2E8E60A6AA2B92357C2DEFCA4600550A772124CCE501225F6D07C067867E0B00F42E9FAADB1B0036FD160499005881C0
310
E101EA026850CCD96397FCC1033A702A0FE8D2C4220AEF01882900EB02BFD3DE07748D074805C0FBFCF108006E559AFDB68F02BC8D02F29438452E00B81548EC31C0727A03BEC556B91DEB26EBEB31F0B900882297EC523F9BDC5C7B597700BFA820785E00E101F7B2F7BA190D0FFBADFF4BD6B36582910243E439253241CB
310
8EAC67C064008EF94A35D5CCA25C7C81F09B0E7ED2F6C500C82D54009A08650540DECD6BD36BA24BE36FF77F4B0079D5C0301FA86B560F60601BE858077EF4D19FDDFB75C847D52F87CC7D407840D1F6471A9AE8EE95B2E47D40EE4E70EF03DC07BA02B0C647D800ACC947018E51A068574031091600E60C1223A987C17294
310
CA8A6CD77F573FBB8D91F90168965BA8303D24427BEE973804F6AAF0FBB5B12D37B4090251790500DEEF21C42B0472A795D2119B0E06F901E0B6128A657B554012C1429E054062006CEDCEDEF0CD7EE01E80596E0F6003A061DFA0357624E0EFCA749F0B8D97E8032C041A94E80D1C8011481D02E5980C83AD8E96E804BF1B
310
80EDD3C4006225E84808B4F5797B5DCA67028987C13BB38CE7F32EE77EAFE4DC1C0DFBCDA5BE69D3A64D9B366DDAB444F6F22F4C8832924450B78560008F01B15DCC77D570A90120356A4C4C0260E8AF28A7AD1CCE6648724D89DF19D29D4FF2AA90A106BE53865624E3CBC3E0F562490180AD83ABD4A13F280456AF1B23B2
310
AD51F06F99C9FBDA9C2E8449B4737840D7465FC9E403BCBD597DC419F37A40A1D650835C00B03A41443DD15622E2EB43895F9C6CADD90E48370FD09B16056BAC08D9FA1063EE3747E3AB7320564538F68562B1A46C5B6379010097FBBAB0D81CDBD96407A055E2AED657C83D09DA12A1F3597F3303D0E00F0288DD37848697
310
480CD5AF068901D8E8E73E80B5A25C6019E34D40BCBD8DD07F3E732E00C704A7AAFF1B800E587B45560232FE9B49146C04D202E887A16E029C4E389002C0C9008C970120F99EE83F690C3880711602323F924E206F1F10EAB5101E4F55089C700740E50C3E249E138F02A2BEA00F033A05B251403A01ED04E59E1218704E9D
310
0790663F0F89D0FD370B5A1EC09C17C0957A5F7AA7AB5E2ECB4A8BD8C3572BDA455A00CB95A4DB978E5F01C0A01F62EB0ABCED98FBB679E24C50DA1CA4E787755107F811B644D35F2E17003DE405B0AE884D729F31D6B21E00D61D00A21C2E8901506B24D95F1B2804443B1EFA8BB6BE04C0254A65530218839946AC852CEA
310
027F0984E50070B130C81C0283A04910682240E81140CB3E00A87E2EA9A7C332FD21ED013423B8C2822BC07507002F00A02C7D744F823405F8542EC4F13E5D5E002EF75F5E98DC73A09D544A00F3DBE49EC8FE01E94A5F05800B2ACA0000000049454E44AE4260825D010073006600E06B1E49B2033800FBB700D46F5F8C03
310
17009809808C6000504560F3F01D004D0F5E06903D81DC106A8BC6CF008092CC20A7C21980136D665273AFF09F04608E00F45C9D5F01C816A55FA40487C124855347ECE191C33C41359F074874F89E25A84AC012C02F55C01C0C82254304A600C8054E1B421A00B29064318F8FCC02340158008026428F00F8EE4AF80C00C5
310
0EC8510C0100C5E88A21A40268F968DF01003D09A5EB8B02005E00B0790260FB12006204A10F7B04A0197E704D053200F81E8036051AD301C05900E60200F0CA28FB0587486C833CF6B57BB35D03A07DD9D700C01CC05F9200E1C832297F25D91B86BA011380625384272E3169077C120079C97ED3ACF9EB6D6A087D0280EB
310
CD7B9A7F76E0163FDDF6EBE0F5AB21E43FB61C46377FF2F16BDB989E02300C400E0C3AD52DFE5701E43BF1CEBF09A0AF410400F48B1E03B0CB03F61D006427A6DFDE05307C621D550A818F0068BEEF04A08B00F7E7DF93CE71FDE9307BEE5300FA4DF82DB61CADB47BFAA9464E0098497EC02700B4B0050730BFB07374B38D
310
F6A93A002701C04700B84EE00C00B706604600E8115472843E01204DD2A943C9B87D0EA0ACAB796428FD0B3945E09300307B237F73EEE92028DC915073278BD5F51500C41A3B05C01E7DA8A87C2124209A988B528C00C210820F3231549C119494D1EB5E610E00F2AD95C1EB7D00816692955CE13407D795922CE3B12F43BD
310
A3EEDDC0F78ECBDDDD5BF041F30DAFBDC21C40F610FBF700F0FC009E2BEC7C33C2B304B84102F663CC3C970086AC691FAE7B854700714C6CB82F018BC048DB2F90106400CD3B873BC920A48C2A2D2DBC5CF80A00B800A07C6668AE7063DE02603900479B02209D9E54B2EEE9DE4FA16FF8098092BCE3728E90B129A367FF3B
310
C630AA528A03FA6B2AD383D784BE2E6FEA352C6CCDAAAB003CDB40F30B00E80FF0B1E4F8E21816ACB24748ED452AA6316C9AE29E251C1A820240F607B7AAA65D14B58002AFF323F7CFBDA402C5520D3D1650F6A5F5780E8D0266092707D2B92C4A5855A0245B8DFB06ABE604A58846B31B8A10242DE9218CDF8D018540E8DB
310
5CF74EB5808E9C6A87D7563D21BF5DD939DA8251562BA291B7DD445709D04114E24B004005B08F837CF0DA006B6A85C002C4F235D7733C81649B0D7B8749384A05806529328102A0BEF1A70076111801B80680CCAEEC352000E02790642B238C63128F548A68D4C5234E1A19407BDF6F0144CF010005503740A42192BC2E21
310
451BD86B0940683FC94A31434D26DBAA6815A9E476C49F06D055DA743536E435EE0BB281BD168916E39682C893ADC9EF02F5D4E71F7F016095B1509D85D402C30E5721E8AF6B440D027B3DCB34913544002B07E46F7E3706BA55C1265C62E5B769B056FC7B1D0095007A580750F705D9C05ECF0100AD2415A1560AE891BA10
310
FA26265A654098C2AD94C64315D8B6950A94484E4E9D7FA4022054A05592CAFDD100F0FA66E49C7701E4C0085B0C8959A0EE125107C1EEFF440024983C07502B29B5BA0B0380BAF5A497F762BBBA44359727003636089ABC13CCF169908C01C33468FAEAB7D801B85EC99539F5642B1481564A4B950088E44FEBF3BBABC1BE
310
24A70076E37B0040EC806B86D00C001D03C4B7DBF69C4601006815B7970090C0480B8B0C00A01A02EBB5009ECBD70213007216A09DEB00FA7FF29CB7006C8A1D90F3447E0D40D801130011358E4CFD6D3D392425F81B3E41E916C7E5300B8C0843E8EA62683A06304B30041075AA700C28636EC4BA9359684C7255080759AE
310
013CECA33F9129AA48405A7808004F1AAC00C8BDCA245D0F67815E54B50228EB74EE03E6C5452FF8041500B9FF5505D061DB9A75A2C903325997240187FA0D69ABC10EA0175BCE23042B56D9AA4FCAD2D74700E02A00C3F7FB3D69DD6D3D2FABAB4B40ECCB643A0BBC0A4038440037F6F2E227C1B55BB340562F5944AA8717
310
ABB22F9CA4ABDAE2B02ED24333AFD4E2E76F0170D701A4BDB0CE931817DF5F7D06C0B2B836D65E225D4F3A95DD8FACFCC54B00A277C700804BC0DE7DCF3B4CF6579F95803305F6D97E042B47537803408F8FCF00F499AA49C06E3679E5AE8B4EBC09C0D23EFC04400A8FB734B95EF82038183656F6EF63EF3FF869BFB62E0D
310
77008C01E1BA0F6B7C8EC11B12D0EB18A5D217F5D1033A00F458A5FE2F00340CFF0800E271323CBEA90270A5FF8700F282F32A00ED68D23BEDCC97007401A8004CDBF916E54D3D00A03C64E41400636667BE03808562FB26896280F50585258380772F019858D0AC38A319ACEBE7004846816FA50D2C06476DA97458665C63
310
7BDD435C6458573318BCB60AB13300728B4EC97EE06BDB36FD1B5AADBF260A6800EECD02D42D2E5265DB8C8B12006243384E003093000B730075E6A2CBC848EA8F406CFB364C6756CB10BF29011480C8163764C98B00D886F07DC1D8FA7D1640EDC70240E5A000685FCE58EFE136009E2EAFE70A770910007A8A83775A9B00
310
A8C5FCA304005402D0CB1C4878087A21DBD7002C364C80D5F21C68E0241C149661E3C00635B617D541504A40D9BF54A3F4B296F3CF003497F6B01C6EC71500283353578804A0AD066114ECE2F8822166F62600C5BC1D00086DAE2B77DBF438A427A28CA52EAF01B08A6667093043474357A2C88BAFDF06D0B6CD81B26D6E00
310
509CD9B6E53391BC052065E71700948A150A00E5390F1C009B059F0050374E72002C4085006A6DF42B0048A52DE204CEF5A187527C71F0954601A00EB4CF0190BBA95B6785039B38A769BCA600808B2A2001F41C3A163618BDE51C807B0F00AB2253364F73E7758BD41200F5BB0C150633F144BA83040023807245EC150750
310
0E964F61005CFF8AEE02D0AAC8983580FE0C8DF29C285293BA5B382F0040319A0278650CA805141C978241057A14BA00303D642300C015097058BEE41180F2748BC7006415191AC60464D455C0D4904D0409602501D4D88B35E0569EA5C7859003A0AB28054079D8C77D15801EA69E4A0010094000396483B300DC03001400
310
9C00D075B02794E080747B10ECCF709802E0634089D87000259DAF8E492754804F830880DC8402200A00F08A21A43F10E524002C9F7D0F40BC0C000480574C61DABBD52008C2C031E34314CE031883C463E97802606208BD0B202E6601684F36B1362A4F430D65D9B71C03602363C00C808C1D836E0ABFEB1099569383319D
310
615C1AB0A5DA3900E3273653F8368083B8C3BD7A82271DD8C68C391F6B09181E6E1801FE3600B5A2E4590FBEFA3C5A1500311423FFB900E0DBA694A78FE94F246B1B328EF2232E16553D1FC2309318067B5B20292C43CD33BE2188EC0C3A770CB71D2D32640E9E3011E10F00E84F8EB65101A03F3FE3DC317C0CCFCC37BF2A
310
A6364D58B814C432CBFD624C0500F803B3960AACDDC6740CF07703234F007401BB00409977FE1680AB1250634649B906FB44E6ED71B8CB12DDBB5E5F28DD3D39EE1F8C0173008A8580D7222E91BCA21C004809F02B00FAAFC2C96308008EA60109E07F56840DE75CAF71DA0000000049454E44AE426082
  0
ENDSEC
  0
EOF
