  0
SECTION
  2
HEADER
  9
$ACADVER
  1
AC1032
  9
$ACADMAINTVER
 90
      197
  9
$DWGCODEPAGE
  3
ANSI_936
  9
$LASTSAVEDBY
  1
admin
  9
$REQUIREDVERSIONS
160
                 0
  9
$INSBASE
 10
0.0
 20
0.0
 30
0.0
  9
$EXTMIN
 10
-455534.4730954276
 20
-601309.819199093
 30
-39758.14702732057
  9
$EXTMAX
 10
-413839.2591922304
 20
-563043.631679745
 30
86103.75451171215
  9
$LIMMIN
 10
0.0
 20
0.0
  9
$LIMMAX
 10
36000.0
 20
27000.0
  9
$ORTHOMODE
 70
     0
  9
$REGENMODE
 70
     1
  9
$FILLMODE
 70
     1
  9
$QTEXTMODE
 70
     0
  9
$MIRRTEXT
 70
     0
  9
$LTSCALE
 40
1000.0
  9
$ATTMODE
 70
     1
  9
$TEXTSIZE
 40
1500.0
  9
$TRACEWID
 40
0.05
  9
$TEXTSTYLE
  7
DIM_FONT
  9
$CLAYER
  8
WALL
  9
$CELTYPE
  6
BYLAYER
  9
$CECOLOR
 62
   256
  9
$CELTSCALE
 40
1.0
  9
$DISPSILH
 70
     0
  9
$DIMSCALE
 40
1.0
  9
$DIMASZ
 40
50.0
  9
$DIMEXO
 40
200.0
  9
$DIMDLI
 40
0.0
  9
$DIMRND
 40
0.0
  9
$DIMDLE
 40
0.0
  9
$DIMEXE
 40
50.0
  9
$DIMTP
 40
0.0
  9
$DIMTM
 40
0.0
  9
$DIMTXT
 40
150.0
  9
$DIMCEN
 40
0.0
  9
$DIMTSZ
 40
0.0
  9
$DIMTOL
 70
     0
  9
$DIMLIM
 70
     0
  9
$DIMTIH
 70
     0
  9
$DIMTOH
 70
     0
  9
$DIMSE1
 70
     0
  9
$DIMSE2
 70
     0
  9
$DIMTAD
 70
     1
  9
$DIMZIN
 70
     0
  9
$DIMBLK
  1
DOT
  9
$DIMASO
 70
     1
  9
$DIMSHO
 70
     1
  9
$DIMPOST
  1

  9
$DIMAPOST
  1

  9
$DIMALT
 70
     0
  9
$DIMALTD
 70
     2
  9
$DIMALTF
 40
25.4
  9
$DIMLFAC
 40
1.0
  9
$DIMTOFL
 70
     1
  9
$DIMTVP
 40
0.0
  9
$DIMTIX
 70
     1
  9
$DIMSOXD
 70
     0
  9
$DIMSAH
 70
     1
  9
$DIMBLK1
  1
DOT
  9
$DIMBLK2
  1
DOT
  9
$DIMSTYLE
  2
NORMAL
  9
$DIMCLRD
 70
   191
  9
$DIMCLRE
 70
   191
  9
$DIMCLRT
 70
   256
  9
$DIMTFAC
 40
3.333333333333333
  9
$DIMGAP
 40
75.0
  9
$DIMJUST
 70
     0
  9
$DIMSD1
 70
     0
  9
$DIMSD2
 70
     0
  9
$DIMTOLJ
 70
     1
  9
$DIMTZIN
 70
     0
  9
$DIMALTZ
 70
     0
  9
$DIMALTTZ
 70
     0
  9
$DIMUPT
 70
     0
  9
$DIMDEC
 70
     4
  9
$DIMTDEC
 70
     4
  9
$DIMALTU
 70
     2
  9
$DIMALTTD
 70
     2
  9
$DIMTXSTY
  7
STANDARD
  9
$DIMAUNIT
 70
     0
  9
$DIMADEC
 70
     0
  9
$DIMALTRND
 40
0.0
  9
$DIMAZIN
 70
     0
  9
$DIMDSEP
 70
    46
  9
$DIMATFIT
 70
     3
  9
$DIMFRAC
 70
     0
  9
$DIMLDRBLK
  1
DOT
  9
$DIMLUNIT
 70
     2
  9
$DIMLWD
 70
    -2
  9
$DIMLWE
 70
    -2
  9
$DIMTMOVE
 70
     0
  9
$DIMFXL
 40
1.0
  9
$DIMFXLON
 70
     0
  9
$DIMJOGANG
 40
0.7853981633974483
  9
$DIMTFILL
 70
     0
  9
$DIMTFILLCLR
 70
     0
  9
$DIMARCSYM
 70
     0
  9
$DIMLTYPE
  6

  9
$DIMLTEX1
  6

  9
$DIMLTEX2
  6

  9
$DIMTXTDIRECTION
 70
     0
  9
$LUNITS
 70
     2
  9
$LUPREC
 70
     2
  9
$SKETCHINC
 40
0.1
  9
$FILLETRAD
 40
0.0
  9
$AUNITS
 70
     0
  9
$AUPREC
 70
     0
  9
$MENU
  1
.
  9
$ELEVATION
 40
0.0
  9
$PELEVATION
 40
0.0
  9
$THICKNESS
 40
0.0
  9
$LIMCHECK
 70
     0
  9
$CHAMFERA
 40
12000.0
  9
$CHAMFERB
 40
12000.0
  9
$CHAMFERC
 40
1.0
  9
$CHAMFERD
 40
0.0
  9
$SKPOLY
 70
     0
  9
$TDCREATE
 40
2453683.342997685
  9
$TDUCREATE
 40
2453683.009671111
  9
$TDUPDATE
 40
2461130.688425926
  9
$TDUUPDATE
 40
2461130.355092593
  9
$TDINDWG
 40
11.2159987963
  9
$TDUSRTIMER
 40
11.2159982176
  9
$USRTIMER
 70
     1
  9
$ANGBASE
 50
0.0
  9
$ANGDIR
 70
     0
  9
$PDMODE
 70
     0
  9
$PDSIZE
 40
0.0
  9
$PLINEWID
 40
100.0
  9
$SPLFRAME
 70
     0
  9
$SPLINETYPE
 70
     6
  9
$SPLINESEGS
 70
     8
  9
$HANDSEED
  5
D07
  9
$SURFTAB1
 70
     6
  9
$SURFTAB2
 70
     6
  9
$SURFTYPE
 70
     6
  9
$SURFU
 70
     6
  9
$SURFV
 70
     6
  9
$UCSBASE
  2

  9
$UCSNAME
  2

  9
$UCSORG
 10
0.0
 20
0.0
 30
0.0
  9
$UCSXDIR
 10
1.0
 20
0.0
 30
0.0
  9
$UCSYDIR
 10
0.0
 20
1.0
 30
0.0
  9
$UCSORTHOREF
  2

  9
$UCSORTHOVIEW
 70
     0
  9
$UCSORGTOP
 10
0.0
 20
0.0
 30
0.0
  9
$UCSORGBOTTOM
 10
0.0
 20
0.0
 30
0.0
  9
$UCSORGLEFT
 10
0.0
 20
0.0
 30
0.0
  9
$UCSORGRIGHT
 10
0.0
 20
0.0
 30
0.0
  9
$UCSORGFRONT
 10
0.0
 20
0.0
 30
0.0
  9
$UCSORGBACK
 10
0.0
 20
0.0
 30
0.0
  9
$PUCSBASE
  2

  9
$PUCSNAME
  2

  9
$PUCSORG
 10
0.0
 20
0.0
 30
0.0
  9
$PUCSXDIR
 10
1.0
 20
0.0
 30
0.0
  9
$PUCSYDIR
 10
0.0
 20
1.0
 30
0.0
  9
$PUCSORTHOREF
  2

  9
$PUCSORTHOVIEW
 70
     0
  9
$PUCSORGTOP
 10
0.0
 20
0.0
 30
0.0
  9
$PUCSORGBOTTOM
 10
0.0
 20
0.0
 30
0.0
  9
$PUCSORGLEFT
 10
0.0
 20
0.0
 30
0.0
  9
$PUCSORGRIGHT
 10
0.0
 20
0.0
 30
0.0
  9
$PUCSORGFRONT
 10
0.0
 20
0.0
 30
0.0
  9
$PUCSORGBACK
 10
0.0
 20
0.0
 30
0.0
  9
$USERI1
 70
     0
  9
$USERI2
 70
     0
  9
$USERI3
 70
     0
  9
$USERI4
 70
   100
  9
$USERI5
 70
     0
  9
$USERR1
 40
0.0
  9
$USERR2
 40
0.0
  9
$USERR3
 40
0.0
  9
$USERR4
 40
0.0
  9
$USERR5
 40
0.0
  9
$WORLDVIEW
 70
     1
  9
$SHADEDGE
 70
     1
  9
$SHADEDIF
 70
    70
  9
$TILEMODE
 70
     1
  9
$MAXACTVP
 70
    48
  9
$PINSBASE
 10
0.0
 20
0.0
 30
0.0
  9
$PLIMCHECK
 70
     0
  9
$PEXTMIN
 10
1.049999952316283
 20
0.7999999523162842
 30
0.0
  9
$PEXTMAX
 10
9.449999570846555
 20
7.199999570846556
 30
0.0
  9
$PLIMMIN
 10
0.0
 20
0.0
  9
$PLIMMAX
 10
12.0
 20
9.0
  9
$UNITMODE
 70
     0
  9
$VISRETAIN
 70
     1
  9
$PLINEGEN
 70
     0
  9
$PSLTSCALE
 70
     1
  9
$TREEDEPTH
 70
  3020
  9
$CMLSTYLE
  2
STANDARD
  9
$CMLJUST
 70
     0
  9
$CMLSCALE
 40
1.0
  9
$PROXYGRAPHICS
 70
     1
  9
$MEASUREMENT
 70
     0
  9
$CELWEIGHT
370
    -1
  9
$ENDCAPS
280
     0
  9
$JOINSTYLE
280
     0
  9
$LWDISPLAY
290
     0
  9
$INSUNITS
 70
     0
  9
$HYPERLINKBASE
  1

  9
$STYLESHEET
  1

  9
$XEDIT
290
     1
  9
$CEPSNTYPE
380
     0
  9
$PSTYLEMODE
290
     1
  9
$FINGERPRINTGUID
  2
{BE4E8902-4B7A-174A-8207-1E73A751A229}
  9
$VERSIONGUID
  2
{F96AC6B2-1CEF-5941-B0A8-05945C870842}
  9
$EXTNAMES
290
     1
  9
$PSVPSCALE
 40
0.0
  9
$OLESTARTUP
290
     0
  9
$SORTENTS
280
   127
  9
$INDEXCTL
280
     0
  9
$HIDETEXT
280
     1
  9
$XCLIPFRAME
280
     2
  9
$HALOGAP
280
     0
  9
$OBSCOLOR
 70
   257
  9
$OBSLTYPE
280
     0
  9
$INTERSECTIONDISPLAY
280
     0
  9
$INTERSECTIONCOLOR
 70
   257
  9
$DIMASSOC
280
     1
  9
$PROJECTNAME
  1

  9
$CAMERADISPLAY
290
     0
  9
$LENSLENGTH
 40
50.0
  9
$CAMERAHEIGHT
 40
0.0
  9
$STEPSPERSEC
 40
2.0
  9
$STEPSIZE
 40
6.0
  9
$3DDWFPREC
 40
2.0
  9
$PSOLWIDTH
 40
0.25
  9
$PSOLHEIGHT
 40
4.0
  9
$LOFTANG1
 40
1.570796326794896
  9
$LOFTANG2
 40
1.570796326794896
  9
$LOFTMAG1
 40
0.0
  9
$LOFTMAG2
 40
0.0
  9
$LOFTPARAM
 70
     7
  9
$LOFTNORMALS
280
     1
  9
$LATITUDE
 40
37.795
  9
$LONGITUDE
 40
-122.394
  9
$NORTHDIRECTION
 40
0.0
  9
$TIMEZONE
 70
 -8000
  9
$LIGHTGLYPHDISPLAY
280
     1
  9
$TILEMODELIGHTSYNCH
280
     1
  9
$CMATERIAL
347
4A
  9
$SOLIDHIST
280
     1
  9
$SHOWHIST
280
     1
  9
$DWFFRAME
280
     2
  9
$DGNFRAME
280
     0
  9
$REALWORLDSCALE
290
     1
  9
$INTERFERECOLOR
 62
     1
  9
$INTERFEREOBJVS
345
62
  9
$INTERFEREVPVS
346
63
  9
$CSHADOW
280
     0
  9
$SHADOWPLANELOCATION
 40
0.0
  0
ENDSEC
  0
SECTION
  2
CLASSES
  0
CLASS
  1
ACDBDICTIONARYWDFLT
  2
AcDbDictionaryWithDefault
  3
ObjectDBX Classes
 90
        0
 91
        1
280
     0
281
     0
  0
CLASS
  1
DICTIONARYVAR
  2
AcDbDictionaryVar
  3
ObjectDBX Classes
 90
        0
 91
       10
280
     0
281
     0
  0
CLASS
  1
TABLESTYLE
  2
AcDbTableStyle
  3
ObjectDBX Classes
 90
     4095
 91
        1
280
     0
281
     0
  0
CLASS
  1
TCH_PSCONFIG
  2
TDbPsConfig
  3
TCH_PIPEWIRE
 90
        1
 91
        0
280
     1
281
     0
  0
CLASS
  1
SORTENTSTABLE
  2
AcDbSortentsTable
  3
ObjectDBX Classes
 90
        0
 91
        8
280
     0
281
     0
  0
CLASS
  1
ACAD_EVALUATION_GRAPH
  2
AcDbEvalGraph
  3
ObjectDBX Classes
 90
     1153
 91
        0
280
     0
281
     0
  0
CLASS
  1
ACAECUSTOBJ
  2
AcAeEditorObj
  3
AcAeEditorObj
 90
     1024
 91
        0
280
     0
281
     0
  0
CLASS
  1
ACDB_DYNAMICBLOCKPURGEPREVENTER_VERSION
  2
AcDbDynamicBlockPurgePreventer
  3
ObjectDBX Classes
 90
     1153
 91
        0
280
     0
281
     0
  0
CLASS
  1
TCH_ARROW
  2
TDbSymbArrow
  3
"TCH_KERNAL|缺乏解释器天正图形看不见, 请下载天正插件|网址: www.tangent.com.cn"
 90
        1
 91
        0
280
     1
281
     1
  0
CLASS
  1
TCH_ELEVATION
  2
TDbSymbElevation
  3
"TCH_KERNAL|缺乏解释器天正图形看不见, 请下载天正插件|网址: www.tangent.com.cn"
 90
        1
 91
        0
280
     1
281
     1
  0
CLASS
  1
TCH_BLOCK_INSERT
  2
TDbBlockInsert
  3
"TCH_KERNAL|缺乏解释器天正图形看不见, 请下载天正插件|网址: www.tangent.com.cn"
 90
        1
 91
        0
280
     1
281
     1
  0
CLASS
  1
TCH_SLAB
  2
TDbSlab
  3
"TCH_KERNAL|缺乏解释器天正图形看不见, 请下载天正插件|网址: www.tangent.com.cn"
 90
        1
 91
        0
280
     1
281
     1
  0
CLASS
  1
TCH_DBCONFIG
  2
TDbConfig
  3
"TCH_KERNAL|缺乏解释器天正图形看不见, 请下载天正插件|网址: www.tangent.com.cn"
 90
        1
 91
        0
280
     1
281
     0
  0
CLASS
  1
TCH_DIMENSION
  2
TDbDimension
  3
"TCH_KERNAL|缺乏解释器天正图形看不见, 请下载天正插件|网址: www.tangent.com.cn"
 90
        1
 91
        0
280
     1
281
     1
  0
CLASS
  1
MATERIAL
  2
AcDbMaterial
  3
ObjectDBX Classes
 90
     1153
 91
        3
280
     0
281
     0
  0
CLASS
  1
IMAGE
  2
AcDbRasterImage
  3
ISM
 90
     2175
 91
        0
280
     0
281
     1
  0
CLASS
  1
IMAGEDEF_REACTOR
  2
AcDbRasterImageDefReactor
  3
ISM
 90
        1
 91
        0
280
     0
281
     0
  0
CLASS
  1
IMAGEDEF
  2
AcDbRasterImageDef
  3
ISM
 90
        0
 91
        0
280
     0
281
     0
  0
CLASS
  1
RASTERVARIABLES
  2
AcDbRasterVariables
  3
ISM
 90
        0
 91
        0
280
     0
281
     0
  0
CLASS
  1
WIPEOUT
  2
AcDbWipeout
  3
WipeOut|Product Desc: Object Enabler for WipeOut entity | Company: Autodesk, Inc. | WEB Address: www.autodesk.com
 90
     2175
 91
        0
280
     0
281
     1
  0
CLASS
  1
WIPEOUTVARIABLES
  2
AcDbWipeoutVariables
  3
"WipeOut|Product Desc:     WipeOut Dbx Application|Company:          Autodesk, Inc.|WEB Address:      www.autodesk.com"
 90
        0
 91
        0
280
     0
281
     0
  0
CLASS
  1
TCH_WALL
  2
TDbWall
  3
"TCH_KERNAL|缺乏解释器天正图形看不见, 请下载天正插件|网址: www.tangent.com.cn"
 90
        1
 91
        0
280
     1
281
     1
  0
CLASS
  1
TCH_OPENING
  2
TDbOpening
  3
"TCH_KERNAL|缺乏解释器天正图形看不见, 请下载天正插件|网址: www.tangent.com.cn"
 90
        1
 91
        0
280
     1
281
     1
  0
CLASS
  1
TCH_DIMENSION2
  2
TDbDimension2
  3
"TCH_KERNAL|缺乏解释器天正图形看不见, 请下载天正插件|网址: www.tangent.com.cn"
 90
        1
 91
        0
280
     1
281
     1
  0
CLASS
  1
TCH_RUPTURE
  2
TDbSymbRupture
  3
"TCH_KERNAL|缺乏解释器天正图形看不见, 请下载天正插件|网址: www.tangent.com.cn"
 90
        1
 91
        0
280
     1
281
     1
  0
CLASS
  1
TCH_LINESTAIR
  2
TDbLineStair
  3
"TCH_KERNAL|缺乏解释器天正图形看不见, 请下载天正插件|网址: www.tangent.com.cn"
 90
        1
 91
        0
280
     1
281
     1
  0
CLASS
  1
TCH_ERRORMSG
  2
TDbPromptMark
  3
"TCH_KERNAL|缺乏解释器天正图形看不见, 请下载天正插件|网址: www.tangent.com.cn"
 90
        1
 91
        0
280
     1
281
     1
  0
CLASS
  1
TCH_HANDRAIL
  2
TDbHandRail
  3
"TCH_KERNAL|缺乏解释器天正图形看不见, 请下载天正插件|网址: www.tangent.com.cn"
 90
        1
 91
        0
280
     1
281
     1
  0
CLASS
  1
VISUALSTYLE
  2
AcDbVisualStyle
  3
ObjectDBX Classes
 90
     4095
 91
       25
280
     0
281
     0
  0
CLASS
  1
DIMASSOC
  2
AcDbDimAssoc
  3
"AcDbDimAssoc|Product Desc:     AcDim ARX App For Dimension|Company:          Autodesk, Inc.|WEB Address:      www.autodesk.com"
 90
        0
 91
        0
280
     0
281
     0
  0
CLASS
  1
TCH_DRAWINGNAME
  2
TDbDrawingName
  3
"TCH_KERNAL|缺乏解释器天正图形看不见, 请下载天正插件|网址: www.tangent.com.cn"
 90
        1
 91
        0
280
     1
281
     1
  0
CLASS
  1
BLOCKBASEPOINTPARAMETER
  2
AcDbBlockBasepointParameter
  3
ObjectDBX Classes
 90
     1153
 91
        0
280
     0
281
     0
  0
CLASS
  1
BLOCKALIGNMENTPARAMETER
  2
AcDbBlockAlignmentParameter
  3
ObjectDBX Classes
 90
     1153
 91
        0
280
     0
281
     0
  0
CLASS
  1
BLOCKALIGNMENTGRIP
  2
AcDbBlockAlignmentGrip
  3
ObjectDBX Classes
 90
     1153
 91
        0
280
     0
281
     0
  0
CLASS
  1
BLOCKGRIPLOCATIONCOMPONENT
  2
AcDbBlockGripExpr
  3
ObjectDBX Classes
 90
     1153
 91
        0
280
     0
281
     0
  0
CLASS
  1
BLOCKFLIPPARAMETER
  2
AcDbBlockFlipParameter
  3
ObjectDBX Classes
 90
     1153
 91
        0
280
     0
281
     0
  0
CLASS
  1
BLOCKFLIPGRIP
  2
AcDbBlockFlipGrip
  3
ObjectDBX Classes
 90
     1153
 91
        0
280
     0
281
     0
  0
CLASS
  1
BLOCKLINEARPARAMETER
  2
AcDbBlockLinearParameter
  3
ObjectDBX Classes
 90
     1153
 91
        0
280
     0
281
     0
  0
CLASS
  1
BLOCKLINEARGRIP
  2
AcDbBlockLinearGrip
  3
ObjectDBX Classes
 90
     1153
 91
        0
280
     0
281
     0
  0
CLASS
  1
BLOCKSCALEACTION
  2
AcDbBlockScaleAction
  3
ObjectDBX Classes
 90
     1153
 91
        0
280
     0
281
     0
  0
CLASS
  1
BLOCKLOOKUPPARAMETER
  2
AcDbBlockLookupParameter
  3
ObjectDBX Classes
 90
     1153
 91
        0
280
     0
281
     0
  0
CLASS
  1
BLOCKLOOKUPGRIP
  2
AcDbBlockLookupGrip
  3
ObjectDBX Classes
 90
     1153
 91
        0
280
     0
281
     0
  0
CLASS
  1
BLOCKLOOKUPACTION
  2
AcDbBlockLookupAction
  3
ObjectDBX Classes
 90
     1153
 91
        0
280
     0
281
     0
  0
CLASS
  1
BLOCKFLIPACTION
  2
AcDbBlockFlipAction
  3
ObjectDBX Classes
 90
     1153
 91
        0
280
     0
281
     0
  0
CLASS
  1
BLOCKSTRETCHACTION
  2
AcDbBlockStretchAction
  3
ObjectDBX Classes
 90
     1153
 91
        0
280
     0
281
     0
  0
CLASS
  1
BLOCKPOINTPARAMETER
  2
AcDbBlockPointParameter
  3
ObjectDBX Classes
 90
     1153
 91
        0
280
     0
281
     0
  0
CLASS
  1
BLOCKXYGRIP
  2
AcDbBlockXYGrip
  3
ObjectDBX Classes
 90
     1153
 91
        0
280
     0
281
     0
  0
CLASS
  1
BLOCKMOVEACTION
  2
AcDbBlockMoveAction
  3
ObjectDBX Classes
 90
     1153
 91
        0
280
     0
281
     0
  0
CLASS
  1
BLOCKARRAYACTION
  2
AcDbBlockArrayAction
  3
ObjectDBX Classes
 90
     1153
 91
        0
280
     0
281
     0
  0
CLASS
  1
BLOCKVISIBILITYPARAMETER
  2
AcDbBlockVisibilityParameter
  3
ObjectDBX Classes
 90
     1153
 91
        0
280
     0
281
     0
  0
CLASS
  1
BLOCKVISIBILITYGRIP
  2
AcDbBlockVisibilityGrip
  3
ObjectDBX Classes
 90
     1153
 91
        0
280
     0
281
     0
  0
CLASS
  1
ACDB_BLOCKREPRESENTATION_DATA
  2
AcDbBlockRepresentationData
  3
ObjectDBX Classes
 90
     1153
 91
        0
280
     0
281
     0
  0
CLASS
  1
TCH_COLUMN
  2
TDbColumn
  3
"TCH_KERNAL|缺乏解释器天正图形看不见, 请下载天正插件|网址: www.tangent.com.cn"
 90
        1
 91
        0
280
     1
281
     1
  0
CLASS
  1
TCH_SYMB_SECTION
  2
TDbSymbSection
  3
"TCH_KERNAL|缺乏解释器天正图形看不见, 请下载天正插件|网址: www.tangent.com.cn"
 90
        1
 91
        0
280
     1
281
     1
  0
CLASS
  1
TCH_TEXT
  2
TDbText
  3
"TCH_KERNAL|缺乏解释器天正图形看不见, 请下载天正插件|网址: www.tangent.com.cn"
 90
        1
 91
        0
280
     1
281
     1
  0
CLASS
  1
TCH_MTEXT
  2
TDbMText
  3
"TCH_KERNAL|缺乏解释器天正图形看不见, 请下载天正插件|网址: www.tangent.com.cn"
 90
        1
 91
        0
280
     1
281
     1
  0
CLASS
  1
TCH_CORNER_WINDOW
  2
TDbCornerWin
  3
"TCH_KERNAL|缺乏解释器天正图形看不见, 请下载天正插件|网址: www.tangent.com.cn"
 90
        1
 91
        0
280
     1
281
     1
  0
CLASS
  1
TCH_BALCONY
  2
TDbBalcony
  3
"TCH_KERNAL|缺乏解释器天正图形看不见, 请下载天正插件|网址: www.tangent.com.cn"
 90
        1
 91
        0
280
     1
281
     1
  0
CLASS
  1
TCH_AXIS_LABEL
  2
TDbAxisLabelSet
  3
"TCH_KERNAL|缺乏解释器天正图形看不见, 请下载天正插件|网址: www.tangent.com.cn"
 90
        1
 91
        0
280
     1
281
     1
  0
CLASS
  1
SCALE
  2
AcDbScale
  3
ObjectDBX Classes
 90
     1153
 91
       33
280
     0
281
     0
  0
CLASS
  1
MLEADERSTYLE
  2
AcDbMLeaderStyle
  3
ACDB_MLEADERSTYLE_CLASS
 90
     4095
 91
        1
280
     0
281
     0
  0
CLASS
  1
CELLSTYLEMAP
  2
AcDbCellStyleMap
  3
ObjectDBX Classes
 90
     1152
 91
        2
280
     0
281
     0
  0
CLASS
  1
EXACXREFPANELOBJECT
  2
ExAcXREFPanelObject
  3
EXAC_ESW
 90
     1025
 91
        0
280
     1
281
     0
  0
CLASS
  1
NPOCOLLECTION
  2
AcDbImpNonPersistentObjectsCollection
  3
ObjectDBX Classes
 90
     1153
 91
        0
280
     0
281
     0
  0
CLASS
  1
ACDBSECTIONVIEWSTYLE
  2
AcDbSectionViewStyle
  3
ObjectDBX Classes
 90
     1025
 91
        1
280
     0
281
     0
  0
CLASS
  1
ACDBDETAILVIEWSTYLE
  2
AcDbDetailViewStyle
  3
ObjectDBX Classes
 90
     1025
 91
        1
280
     0
281
     0
  0
CLASS
  1
SOLID_BACKGROUND
  2
AcDbSolidBackground
  3
SCENEOE
 90
     4095
 91
        0
280
     0
281
     0
  0
ENDSEC
  0
SECTION
  2
TABLES
  0
TABLE
  2
VPORT
  5
29
102
{ACAD_XDICTIONARY
360
2E
102
}
330
0
100
AcDbSymbolTable
 70
     1
  0
VPORT
  5
2A
330
29
100
AcDbSymbolTableRecord
100
AcDbViewportTableRecord
  2
*Active
 70
     0
 10
0.0
 20
0.0
 11
1.0
 21
1.0
 12
-430497.2262363615
 22
-570611.5994207326
 13
0.0
 23
0.0
 14
300.0
 24
300.0
 15
3000.0
 25
3000.0
 16
0.0
 26
0.0
 36
1.0
 17
0.0
 27
0.0
 37
0.0
 40
84867.98334233185
 41
2.318866787221217
 42
50.0
 43
0.0
 44
0.0
 50
0.0
 51
0.0
 71
     0
 72
   100
 73
     1
 74
     1
 75
     0
 76
     0
 77
     0
 78
     0
281
     0
 65
     1
110
0.0
120
0.0
130
0.0
111
1.0
121
0.0
131
0.0
112
0.0
122
1.0
132
0.0
 79
     0
146
0.0
348
2B
 60
     3
 61
     5
292
     1
282
     1
141
0.0
142
0.0
 63
   250
421
  3355443
1001
ACAD_NAV_VCDISPLAY
1070
     3
  0
ENDTAB
  0
TABLE
  2
LTYPE
  5
24
330
0
100
AcDbSymbolTable
 70
     3
  0
LTYPE
  5
25
330
24
100
AcDbSymbolTableRecord
100
AcDbLinetypeTableRecord
  2
BYBLOCK
 70
     0
  3

 72
    65
 73
     0
 40
0.0
  0
LTYPE
  5
26
330
24
100
AcDbSymbolTableRecord
100
AcDbLinetypeTableRecord
  2
BYLAYER
 70
     0
  3

 72
    65
 73
     0
 40
0.0
  0
LTYPE
  5
E
330
24
100
AcDbSymbolTableRecord
100
AcDbLinetypeTableRecord
  2
CONTINUOUS
 70
     0
  3
Solid line
 72
    65
 73
     0
 40
0.0
  0
LTYPE
  5
52C
330
24
100
AcDbSymbolTableRecord
100
AcDbLinetypeTableRecord
  2
DASH
 70
     0
  3
__ __ __ __ __ __ __ __ __ __ __ __ __ __ __ __
 72
    65
 73
     2
 40
0.35
 49
0.25
 74
     0
 49
-0.1
 74
     0
  0
LTYPE
  5
AC
330
24
100
AcDbSymbolTableRecord
100
AcDbLinetypeTableRecord
  2
DOTE
 70
     0
  3
____ . ____ . ____ . ____ . ____ . ____ . ____ 
 72
    65
 73
     4
 40
2.419999999999999
 49
2.0
 74
     0
 49
-0.2
 74
     0
 49
0.02
 74
     0
 49
-0.2
 74
     0
  0
ENDTAB
  0
TABLE
  2
LAYER
  5
1A
102
{ACAD_XDICTIONARY
360
1B
102
}
330
0
100
AcDbSymbolTable
 70
    25
  0
LAYER
  5
6
102
{ACAD_XDICTIONARY
360
7
102
}
330
1A
100
AcDbSymbolTableRecord
100
AcDbLayerTableRecord
  2
0
 70
     0
 62
     7
  6
CONTINUOUS
370
    -3
390
9
347
C
348
0
1001
RAK
1000
{ACET-LAYISO
1070
     0
1070
     7
1000
CONTINUOUS
1071
       -3
1071
        1
1005
9
1000
ACET-LAYISO}
1001
_LayerManage
1070
     0
1070
     0
1070
     0
  0
LAYER
  5
9A
330
1A
100
AcDbSymbolTableRecord
100
AcDbLayerTableRecord
  2
Defpoints
 70
     0
 62
     7
  6
CONTINUOUS
290
     0
370
    -3
390
9
347
C
348
0
1001
RAK
1000
{ACET-LAYISO
1070
     0
1070
     7
1000
CONTINUOUS
1071
       -3
1071
        0
1005
9
1000
ACET-LAYISO}
1001
_LayerManage
1070
     0
1070
     0
1070
     0
  0
LAYER
  5
8DA
102
{ACAD_XDICTIONARY
360
8DB
102
}
330
1A
100
AcDbSymbolTableRecord
100
AcDbLayerTableRecord
  2
DOTE
 70
     0
 62
    -1
  6
DOTE
370
    -3
390
9
347
C
348
0
1001
RAK
1000
{ACET-LAYISO
1070
     0
1070
     1
1000
DOTE
1071
       -3
1071
        1
1005
9
1000
ACET-LAYISO}
1001
_LayerManage
1070
     0
1070
     0
1070
     0
  0
LAYER
  5
5B
102
{ACAD_XDICTIONARY
360
5C
102
}
330
1A
100
AcDbSymbolTableRecord
100
AcDbLayerTableRecord
  2
WALL
 70
     0
 62
     2
  6
CONTINUOUS
370
    -3
390
9
347
C
348
0
1001
RAK
1000
{ACET-LAYISO
1070
     0
1070
   151
1000
CONTINUOUS
1071
       -3
1071
        1
1005
9
1000
ACET-LAYISO}
1001
_LayerManage
1070
     0
1070
     0
1070
     0
  0
LAYER
  5
854
102
{ACAD_XDICTIONARY
360
855
102
}
330
1A
100
AcDbSymbolTableRecord
100
AcDbLayerTableRecord
  2
STAIR
 70
     0
 62
     3
  6
CONTINUOUS
370
    -3
390
9
347
C
348
0
1001
RAK
1000
{ACET-LAYISO
1070
     0
1070
     2
1000
CONTINUOUS
1071
       -3
1071
        1
1005
9
1000
ACET-LAYISO}
1001
_LayerManage
1070
     0
1070
     0
1070
     0
  0
LAYER
  5
1AD
102
{ACAD_XDICTIONARY
360
1AE
102
}
330
1A
100
AcDbSymbolTableRecord
100
AcDbLayerTableRecord
  2
WINDOW
 70
     0
 62
     3
  6
CONTINUOUS
370
    -3
390
9
347
C
348
0
1001
RAK
1000
{ACET-LAYISO
1070
     0
1070
     3
1000
CONTINUOUS
1071
       -3
1071
        1
1005
9
1000
ACET-LAYISO}
1001
_LayerManage
1070
     0
1070
     0
1070
     0
  0
LAYER
  5
1B7
102
{ACAD_XDICTIONARY
360
1B8
102
}
330
1A
100
AcDbSymbolTableRecord
100
AcDbLayerTableRecord
  2
WINDOW_TEXT
 70
     0
 62
     7
  6
CONTINUOUS
370
    -3
390
9
347
C
348
0
1001
RAK
1000
{ACET-LAYISO
1070
     1
1070
     7
1000
CONTINUOUS
1071
       -3
1071
        1
1005
9
1000
ACET-LAYISO}
1001
_LayerManage
1070
     0
1070
     0
1070
     0
  0
LAYER
  5
519
102
{ACAD_XDICTIONARY
360
51A
102
}
330
1A
100
AcDbSymbolTableRecord
100
AcDbLayerTableRecord
  2
栏杆
 70
     0
 62
   140
  6
CONTINUOUS
370
    -3
390
9
347
C
348
0
1001
RAK
1000
{ACET-LAYISO
1070
     0
1070
   140
1000
CONTINUOUS
1071
       -3
1071
        1
1005
9
1000
ACET-LAYISO}
1001
_LayerManage
1070
     0
1070
     0
1070
     0
  0
LAYER
  5
86
102
{ACAD_XDICTIONARY
360
87
102
}
330
1A
100
AcDbSymbolTableRecord
100
AcDbLayerTableRecord
  2
AXIS
 70
     0
 62
    -3
  6
CONTINUOUS
370
    -3
390
9
347
C
348
0
1001
RAK
1000
{ACET-LAYISO
1070
     0
1070
     3
1000
CONTINUOUS
1071
       -3
1071
        1
1005
9
1000
ACET-LAYISO}
1001
_LayerManage
1070
     0
1070
     0
1070
     0
  0
LAYER
  5
A1
102
{ACAD_XDICTIONARY
360
A2
102
}
330
1A
100
AcDbSymbolTableRecord
100
AcDbLayerTableRecord
  2
PUB_TEXT
 70
     0
 62
     7
  6
CONTINUOUS
370
    -3
390
9
347
C
348
0
1001
RAK
1000
{ACET-LAYISO
1070
     0
1070
     7
1000
CONTINUOUS
1071
       -3
1071
        1
1005
9
1000
ACET-LAYISO}
1001
_LayerManage
1070
     0
1070
     0
1070
     0
  0
LAYER
  5
304
102
{ACAD_XDICTIONARY
360
305
102
}
330
1A
100
AcDbSymbolTableRecord
100
AcDbLayerTableRecord
  2
PUB_TITLE
 70
     0
 62
    -4
  6
CONTINUOUS
370
    -3
390
9
347
C
348
0
1001
_LayerManage
1070
     0
1070
     0
1070
     0
  0
LAYER
  5
403
102
{ACAD_XDICTIONARY
360
404
102
}
330
1A
100
AcDbSymbolTableRecord
100
AcDbLayerTableRecord
  2
AREA
 70
     0
 62
    -6
  6
CONTINUOUS
370
    -3
390
9
347
C
348
0
1001
_LayerManage
1070
     0
1070
     0
1070
     0
  0
LAYER
  5
AE
102
{ACAD_XDICTIONARY
360
AF
102
}
330
1A
100
AcDbSymbolTableRecord
100
AcDbLayerTableRecord
  2
F
 70
     0
 62
     8
  6
CONTINUOUS
370
    -3
390
9
347
C
348
0
1001
_LayerManage
1070
     0
1070
     0
1070
     0
  0
LAYER
  5
662
102
{ACAD_XDICTIONARY
360
663
102
}
330
1A
100
AcDbSymbolTableRecord
100
AcDbLayerTableRecord
  2
TEXT
 70
     0
 62
     6
  6
CONTINUOUS
370
    -3
390
9
347
C
348
0
1001
_LayerManage
1070
     0
1070
     0
1070
     0
  0
LAYER
  5
711
102
{ACAD_XDICTIONARY
360
712
102
}
330
1A
100
AcDbSymbolTableRecord
100
AcDbLayerTableRecord
  2
烟道
 70
     0
 62
   193
  6
CONTINUOUS
370
    -3
390
9
347
C
348
0
1001
RAK
1000
{ACET-LAYISO
1070
     0
1070
   193
1000
CONTINUOUS
1071
       -3
1071
        1
1005
9
1000
ACET-LAYISO}
1001
_LayerManage
1070
     0
1070
     0
1070
     0
  0
LAYER
  5
1EA
102
{ACAD_XDICTIONARY
360
1EB
102
}
330
1A
100
AcDbSymbolTableRecord
100
AcDbLayerTableRecord
  2
LVTRY
 70
     0
 62
     8
  6
CONTINUOUS
370
    -3
390
9
347
C
348
0
1001
_LayerManage
1070
     0
1070
     0
1070
     0
  0
LAYER
  5
4B0
102
{ACAD_XDICTIONARY
360
4B1
102
}
330
1A
100
AcDbSymbolTableRecord
100
AcDbLayerTableRecord
  2
WC
 70
     0
 62
   243
  6
CONTINUOUS
370
    -3
390
9
347
C
348
0
1001
RAK
1000
{ACET-LAYISO
1070
     0
1070
   243
1000
Continuous
1071
       -3
1071
        1
1005
9
1000
ACET-LAYISO}
1001
_LayerManage
1070
     0
1070
     0
1070
     0
  0
LAYER
  5
2CB
102
{ACAD_XDICTIONARY
360
2CC
102
}
330
1A
100
AcDbSymbolTableRecord
100
AcDbLayerTableRecord
  2
LV
 70
     0
 62
     4
  6
CONTINUOUS
370
    -3
390
9
347
C
348
0
1001
RAK
1000
{ACET-LAYISO
1070
     0
1070
     4
1000
CONTINUOUS
1071
       -3
1071
        1
1005
9
1000
ACET-LAYISO}
1001
_LayerManage
1070
     0
1070
     0
1070
     0
  0
LAYER
  5
648
102
{ACAD_XDICTIONARY
360
649
102
}
330
1A
100
AcDbSymbolTableRecord
100
AcDbLayerTableRecord
  2
see
 70
     0
 62
   200
  6
CONTINUOUS
370
    -3
390
9
347
C
348
0
1001
AcAecLayerStandard
1000

1000

1001
RAK
1000
{ACET-LAYISO
1070
     0
1070
   200
1000
CONTINUOUS
1071
       -3
1071
        1
1005
9
1000
ACET-LAYISO}
1001
_LayerManage
1070
     0
1070
     0
1070
     0
  0
LAYER
  5
357
102
{ACAD_XDICTIONARY
360
358
102
}
330
1A
100
AcDbSymbolTableRecord
100
AcDbLayerTableRecord
  2
PS
 70
     0
 62
    30
  6
CONTINUOUS
370
     9
390
9
347
C
348
0
1001
RAK
1000
{ACET-LAYISO
1070
     1
1070
    30
1000
CONTINUOUS
1071
        9
1071
        1
1005
9
1000
ACET-LAYISO}
1001
_LayerManage
1070
     0
1070
     0
1070
     0
  0
LAYER
  5
266
102
{ACAD_XDICTIONARY
360
267
102
}
330
1A
100
AcDbSymbolTableRecord
100
AcDbLayerTableRecord
  2
WUDING坡度
 70
     0
 62
     6
  6
CONTINUOUS
370
     9
390
9
347
C
348
0
1001
RAK
1000
{ACET-LAYISO
1070
     0
1070
     6
1000
CONTINUOUS
1071
        9
1071
        1
1005
9
1000
ACET-LAYISO}
1001
_LayerManage
1070
     0
1070
     0
1070
     0
  0
LAYER
  5
4FA
102
{ACAD_XDICTIONARY
360
4FB
102
}
330
1A
100
AcDbSymbolTableRecord
100
AcDbLayerTableRecord
  2
TXT1
 70
     0
 62
    -7
  6
CONTINUOUS
370
     9
390
9
347
C
348
0
1001
RAK
1000
{ACET-LAYISO
1070
     0
1070
     7
1000
CONTINUOUS
1071
        9
1071
        1
1005
9
1000
ACET-LAYISO}
1001
_LayerManage
1070
     0
1070
     0
1070
     0
  0
LAYER
  5
A9
102
{ACAD_XDICTIONARY
360
AA
102
}
330
1A
100
AcDbSymbolTableRecord
100
AcDbLayerTableRecord
  2
DOTE1
 70
     0
 62
    -1
  6
DOTE
370
    13
390
9
347
C
348
0
1001
RAK
1000
{ACET-LAYISO
1070
     0
1070
     1
1000
DOTE
1071
       13
1071
        1
1005
9
1000
ACET-LAYISO}
1001
_LayerManage
1070
     0
1070
     0
1070
     0
  0
LAYER
  5
6A9
102
{ACAD_XDICTIONARY
360
6AA
102
}
330
1A
100
AcDbSymbolTableRecord
100
AcDbLayerTableRecord
  2
百页
 70
     0
 62
    31
  6
CONTINUOUS
370
    -3
390
9
347
C
348
0
1001
RAK
1000
{ACET-LAYISO
1070
     0
1070
    31
1000
CONTINUOUS
1071
       -3
1071
        1
1005
9
1000
ACET-LAYISO}
1001
_LayerManage
1070
     0
1070
     0
1070
     0
  0
LAYER
  5
6AE
102
{ACAD_XDICTIONARY
360
6AF
102
}
330
1A
100
AcDbSymbolTableRecord
100
AcDbLayerTableRecord
  2
8
 70
     0
 62
     9
  6
CONTINUOUS
370
    -3
390
9
347
C
348
0
1001
RAK
1000
{ACET-LAYISO
1070
     0
1070
     9
1000
CONTINUOUS
1071
       -3
1071
        1
1005
9
1000
ACET-LAYISO}
1001
_LayerManage
1070
     0
1070
     0
1070
     0
  0
ENDTAB
  0
TABLE
  2
STYLE
  5
20
330
0
100
AcDbSymbolTable
 70
    11
  0
STYLE
  5
21
330
20
100
AcDbSymbolTableRecord
100
AcDbTextStyleTableRecord
  2
STANDARD
 70
     0
 40
0.0
 41
1.0
 50
0.0
 71
     0
 42
0.2
  3
GBENOR
  4
GBCBIG
1001
_TCH
1040
1.0
1040
0.6
  0
STYLE
  5
5E
330
20
100
AcDbSymbolTableRecord
100
AcDbTextStyleTableRecord
  2
DIM_FONT
 70
     0
 40
0.0
 41
0.7
 50
0.0
 71
     0
 42
1500.0
  3
ROMAND.shx
  4

  0
STYLE
  5
1BA
330
20
100
AcDbSymbolTableRecord
100
AcDbTextStyleTableRecord
  2
SIMPLEX
 70
     0
 40
0.0
 41
1.0
 50
0.0
 71
     0
 42
0.2
  3
SIMPLEX.SHX
  4

  0
STYLE
  5
98
330
20
100
AcDbSymbolTableRecord
100
AcDbTextStyleTableRecord
  2
_ZBHZ
 70
     0
 40
0.0
 41
0.8
 50
0.0
 71
     0
 42
2.5
  3
zbtxt.shx
  4
ZBHZ.shx
  0
STYLE
  5
AE1
330
20
100
AcDbSymbolTableRecord
100
AcDbTextStyleTableRecord
  2
ZBTQHTHZ
 70
     0
 40
0.0
 41
0.8
 50
0.0
 71
     0
 42
0.2
  3
simhei.ttf
  4

1001
ACAD
1000
SimHei
1071
    34306
  0
STYLE
  5
4BC
330
20
100
AcDbSymbolTableRecord
100
AcDbTextStyleTableRecord
  2
_HZTXT
 70
     0
 40
0.0
 41
0.8
 50
0.0
 71
     0
 42
2.5
  3
txt.shx
  4
hztxt.shx
  0
STYLE
  5
717
330
20
100
AcDbSymbolTableRecord
100
AcDbTextStyleTableRecord
  2
_SIMPLEX
 70
     0
 40
0.0
 41
0.8
 50
0.0
 71
     0
 42
300.0
  3
SIMPLEX.shx
  4

  0
STYLE
  5
54D
330
20
100
AcDbSymbolTableRecord
100
AcDbTextStyleTableRecord
  2
_ROMAND
 70
     0
 40
0.0
 41
0.6
 50
0.0
 71
     0
 42
0.2
  3
ROMAND.shx
  4

  0
STYLE
  5
665
330
20
100
AcDbSymbolTableRecord
100
AcDbTextStyleTableRecord
  2
宋
 70
     0
 40
0.0
 41
0.8
 50
0.0
 71
     0
 42
600.0
  3

  4

1001
ACAD
1000
SimSun
1071
    34306
  0
STYLE
  5
A4
330
20
100
AcDbSymbolTableRecord
100
AcDbTextStyleTableRecord
  2
HZTXT1
 70
     0
 40
0.0
 41
0.6
 50
0.0
 71
     0
 42
0.5
  3
romand.shx
  4
hztxt.shx
  0
STYLE
  5
32
330
20
100
AcDbSymbolTableRecord
100
AcDbTextStyleTableRecord
  2
_TCH_DIM_T3
 70
     0
 40
0.0
 41
0.7058823529411767
 50
0.0
 71
     0
 42
0.2
  3
SIMPLEX
  4
GBCBIG
1001
_TCH
1040
0.85
1040
0.6
1070
     7
  0
ENDTAB
  0
TABLE
  2
VIEW
  5
27
330
0
100
AcDbSymbolTable
 70
     0
  0
ENDTAB
  0
TABLE
  2
UCS
  5
28
330
0
100
AcDbSymbolTable
 70
     0
  0
ENDTAB
  0
TABLE
  2
APPID
  5
2F
330
0
100
AcDbSymbolTable
 70
    10
  0
APPID
  5
1F
330
2F
100
AcDbSymbolTableRecord
100
AcDbRegAppTableRecord
  2
ACAD
 70
     0
  0
APPID
  5
22
330
2F
100
AcDbSymbolTableRecord
100
AcDbRegAppTableRecord
  2
_TCH
 70
     0
  0
APPID
  5
F
330
2F
100
AcDbSymbolTableRecord
100
AcDbRegAppTableRecord
  2
RAK
 70
     0
  0
APPID
  5
15
330
2F
100
AcDbSymbolTableRecord
100
AcDbRegAppTableRecord
  2
ACAD_PSEXT
 70
     0
  0
APPID
  5
1BE
330
2F
100
AcDbSymbolTableRecord
100
AcDbRegAppTableRecord
  2
WTHICK
 70
     0
  0
APPID
  5
104
330
2F
100
AcDbSymbolTableRecord
100
AcDbRegAppTableRecord
  2
_KTI_ARCHT
 70
     0
  0
APPID
  5
64B
330
2F
100
AcDbSymbolTableRecord
100
AcDbRegAppTableRecord
  2
AcAecLayerStandard
 70
     0
  0
APPID
  5
10
330
2F
100
AcDbSymbolTableRecord
100
AcDbRegAppTableRecord
  2
_LayerManage
 70
     0
  0
APPID
  5
2D
330
2F
100
AcDbSymbolTableRecord
100
AcDbRegAppTableRecord
  2
ACAD_NAV_VCDISPLAY
 70
     0
  0
APPID
  5
CD5
330
2F
100
AcDbSymbolTableRecord
100
AcDbRegAppTableRecord
  2
Acad_TC
 70
     0
  0
ENDTAB
  0
TABLE
  2
DIMSTYLE
  5
30
330
0
100
AcDbSymbolTable
 70
     5
100
AcDbDimStyleTable
 71
     4
340
31
340
39
340
44
340
45
  0
DIMSTYLE
105
9E
102
{ACAD_REACTORS
330
85
330
107
330
115
330
122
330
12F
330
13C
330
149
330
156
330
163
330
171
330
181
330
18E
330
19B
330
1D6
330
1FA
330
288
330
295
330
419
330
426
330
433
330
440
330
44D
330
45A
330
467
330
4C8
330
4E9
330
4FE
330
50B
330
51E
330
552
330
57F
330
58C
330
996
330
9A5
330
9B2
330
9BF
330
A6F
330
AA5
330
AC4
330
AD1
330
AEE
330
AFB
330
B08
330
B15
330
B22
330
C86
330
C93
330
CA0
330
CAD
330
CBA
102
}
330
30
100
AcDbSymbolTableRecord
100
AcDbDimStyleTableRecord
  2
DIMN150
 70
     0
 40
1.5
 41
1.0
 42
300.0
 43
0.0
 44
250.0
 73
     0
 74
     0
 77
     1
 78
     8
140
300.0
141
2.5
143
0.0394
147
150.0
171
     4
172
     1
174
     1
176
     3
178
     7
271
     0
272
     0
273
     8
274
     4
279
     2
340
98
341
8F
342
8F
  0
DIMSTYLE
105
39
330
30
100
AcDbSymbolTableRecord
100
AcDbDimStyleTableRecord
  2
NORMAL
 70
     0
 41
50.0
 42
200.0
 43
0.0
 44
50.0
 73
     0
 74
     0
 77
     1
140
150.0
141
0.0
146
3.333333333333333
147
75.0
172
     1
173
     1
174
     1
176
   191
177
   191
178
   256
340
21
341
3A
342
3F
343
3A
344
3A
  0
DIMSTYLE
105
44
330
30
100
AcDbSymbolTableRecord
100
AcDbDimStyleTableRecord
  2
_TCH_ARCH&&100
 70
     0
 41
100.0
 42
300.0
 43
0.0
 44
250.0
 73
     0
 74
     0
 77
     1
 79
     2
140
297.5
147
126.25
172
     1
174
     1
178
     7
179
     2
271
     0
272
     0
279
     2
340
32
341
33
342
33
  0
DIMSTYLE
105
45
330
30
100
AcDbSymbolTableRecord
100
AcDbDimStyleTableRecord
  2
_TCH_ARCH&&150
 70
     0
 41
150.0
 42
450.0
 43
0.0
 44
375.0
 73
     0
 74
     0
 77
     1
 79
     2
140
446.25
147
189.375
172
     1
174
     1
178
     7
179
     2
271
     0
272
     0
279
     2
340
32
341
33
342
33
  0
DIMSTYLE
105
31
330
30
100
AcDbSymbolTableRecord
100
AcDbDimStyleTableRecord
  2
_TCH_ARCH&&200
 70
     0
 41
200.0
 42
600.0
 43
0.0
 44
500.0
 73
     0
 74
     0
 77
     1
 79
     2
140
595.0
147
252.5
172
     1
174
     1
178
     7
179
     2
271
     0
272
     0
279
     2
340
32
341
33
342
33
  0
ENDTAB
  0
TABLE
  2
BLOCK_RECORD
  5
1
330
0
100
AcDbSymbolTable
 70
    93
  0
BLOCK_RECORD
  5
2
102
{ACAD_XDICTIONARY
360
3
102
}
330
1
100
AcDbSymbolTableRecord
100
AcDbBlockTableRecord
  2
*MODEL_SPACE
340
12
 70
     0
280
     1
281
     0
  0
BLOCK_RECORD
  5
16
330
1
100
AcDbSymbolTableRecord
100
AcDbBlockTableRecord
  2
*PAPER_SPACE
340
19
 70
     0
280
     1
281
     0
  0
BLOCK_RECORD
  5
8F
102
{ACAD_XDICTIONARY
360
90
102
}
330
1
100
AcDbSymbolTableRecord
100
AcDbBlockTableRecord
  2
_DIMX
340
0
102
{BLKREFS
331
B1B
331
B1C
331
B28
331
B29
331
A75
331
A76
331
AAB
331
AAC
331
C8C
331
C8D
331
C99
331
C9A
331
CB3
331
CB4
331
CC0
331
CC1
331
14F
331
150
331
187
331
188
331
28E
331
28F
331
41F
331
420
331
446
331
447
331
460
331
461
331
4CE
331
4CF
331
4EF
331
9B8
331
9B9
331
B0E
331
B0F
331
CA6
331
CA7
331
8E
331
96
331
558
331
559
331
585
331
586
331
592
331
593
331
42C
331
42D
331
4F0
331
504
331
505
331
511
331
512
331
524
331
525
331
99E
331
99F
331
9AB
331
9AC
331
9C5
331
9C6
331
ACA
331
ACB
331
AD9
331
ADA
331
AF4
331
AF5
331
B01
331
B02
331
110
331
128
331
129
331
169
331
16A
331
179
331
17A
331
194
331
195
331
1A1
331
1A2
331
1DC
331
1DD
331
10F
331
11B
331
11C
331
135
331
136
331
142
331
143
331
15C
331
15D
331
200
331
201
331
29D
331
29E
331
439
331
43A
331
453
331
454
331
46D
331
46E
102
}
 70
     0
280
     1
281
     0
  0
BLOCK_RECORD
  5
1C3
102
{ACAD_XDICTIONARY
360
1C4
102
}
330
1
100
AcDbSymbolTableRecord
100
AcDbBlockTableRecord
  2
_WBLK
340
0
102
{BLKREFS
331
1C2
331
1E3
331
2D8
331
32D
331
338
331
412
331
9CD
331
9D6
331
9EA
331
A08
331
A21
331
A6A
102
}
 70
     0
280
     1
281
     0
  0
BLOCK_RECORD
  5
896
102
{ACAD_XDICTIONARY
360
897
102
}
330
1
100
AcDbSymbolTableRecord
100
AcDbBlockTableRecord
  2
M_A2ZXL
340
0
102
{BLKREFS
331
895
331
982
331
989
102
}
 70
     0
280
     1
281
     0
  0
BLOCK_RECORD
  5
1B0
102
{ACAD_XDICTIONARY
360
1B1
102
}
330
1
100
AcDbSymbolTableRecord
100
AcDbBlockTableRecord
  2
_DBLK
340
0
102
{BLKREFS
331
7CF
331
7E2
331
5D5
331
5D9
331
5F2
331
76D
331
778
331
77E
331
8AB
331
7FE
331
847
331
927
331
940
331
B43
331
B68
331
B97
331
BA8
331
A9C
331
9DD
331
A3D
331
A4F
331
BEA
331
C05
331
C09
331
C4B
331
9D1
331
285
331
4A0
331
4AC
331
360
331
380
331
6BD
331
6D1
331
6DF
331
1AC
331
1BF
102
}
 70
     0
280
     1
281
     0
  0
BLOCK_RECORD
  5
8EC
102
{ACAD_XDICTIONARY
360
8ED
102
}
330
1
100
AcDbSymbolTableRecord
100
AcDbBlockTableRecord
  2
_ARROW
340
0
102
{BLKREFS
331
8EB
331
915
102
}
 70
     0
280
     1
281
     0
  0
BLOCK_RECORD
  5
3A
330
1
100
AcDbSymbolTableRecord
100
AcDbBlockTableRecord
  2
_DOT
340
0
 70
     0
280
     1
281
     0
  0
BLOCK_RECORD
  5
3F
330
1
100
AcDbSymbolTableRecord
100
AcDbBlockTableRecord
  2
DOT
340
0
 70
     0
280
     1
281
     0
  0
BLOCK_RECORD
  5
948
330
1
100
AcDbSymbolTableRecord
100
AcDbBlockTableRecord
  2
M_A0GGR
340
0
102
{BLKREFS
331
947
102
}
 70
     0
280
     1
281
     0
  0
BLOCK_RECORD
  5
821
330
1
100
AcDbSymbolTableRecord
100
AcDbBlockTableRecord
  2
M_A17ORW
340
0
102
{BLKREFS
331
820
102
}
 70
     0
280
     1
281
     0
  0
BLOCK_RECORD
  5
736
330
1
100
AcDbSymbolTableRecord
100
AcDbBlockTableRecord
  2
M_E25ESP
340
0
102
{BLKREFS
331
923
331
7EF
331
735
331
969
331
8C4
331
84A
102
}
 70
     0
280
     1
281
     0
  0
BLOCK_RECORD
  5
714
330
1
100
AcDbSymbolTableRecord
100
AcDbBlockTableRecord
  2
YD
340
0
102
{BLKREFS
331
8A8
331
7F7
331
93F
331
710
102
}
 70
     0
280
     1
281
     0
  0
BLOCK_RECORD
  5
D0
330
1
100
AcDbSymbolTableRecord
100
AcDbBlockTableRecord
  2
-CG
340
0
102
{BLKREFS
331
CF
331
E7
102
}
 70
     0
280
     1
281
     0
  0
BLOCK_RECORD
  5
D7
330
1
100
AcDbSymbolTableRecord
100
AcDbBlockTableRecord
  2
-TD
340
0
102
{BLKREFS
331
D6
102
}
 70
     0
280
     1
281
     0
  0
BLOCK_RECORD
  5
EF
330
1
100
AcDbSymbolTableRecord
100
AcDbBlockTableRecord
  2
-SOF5
340
0
102
{BLKREFS
331
EE
102
}
 70
     0
280
     1
281
     0
  0
BLOCK_RECORD
  5
F2
330
1
100
AcDbSymbolTableRecord
100
AcDbBlockTableRecord
  2
12PCOU13
340
0
102
{BLKREFS
331
F1
102
}
 70
     0
280
     1
281
     0
  0
BLOCK_RECORD
  5
33
102
{ACAD_XDICTIONARY
360
34
102
}
330
1
100
AcDbSymbolTableRecord
100
AcDbBlockTableRecord
  2
_ARCHTICK
340
0
 70
     0
280
     1
281
     0
  0
BLOCK_RECORD
  5
20C
102
{ACAD_XDICTIONARY
360
20D
102
}
330
1
100
AcDbSymbolTableRecord
100
AcDbBlockTableRecord
  2
M_C5
340
0
102
{BLKREFS
331
20B
331
225
102
}
 70
     0
280
     1
281
     0
  0
BLOCK_RECORD
  5
2C8
330
1
100
AcDbSymbolTableRecord
100
AcDbBlockTableRecord
  2
A$C14555FE0
340
0
102
{BLKREFS
331
2C7
331
36C
331
A55
331
ABA
102
}
 70
     0
280
     1
281
     0
  0
BLOCK_RECORD
  5
3B3
330
1
100
AcDbSymbolTableRecord
100
AcDbBlockTableRecord
  2
M_C25MYD
340
0
102
{BLKREFS
331
769
331
BAE
331
3B2
331
5CC
331
A1C
331
BF4
102
}
 70
     0
280
     1
281
     0
  0
BLOCK_RECORD
  5
208
330
1
100
AcDbSymbolTableRecord
100
AcDbBlockTableRecord
  2
A$C19441411
340
0
102
{BLKREFS
331
207
331
2A6
331
4D5
331
4E5
331
B3C
331
A7C
331
AB4
331
BDF
102
}
 70
     0
280
     1
281
     0
  0
BLOCK_RECORD
  5
321
330
1
100
AcDbSymbolTableRecord
100
AcDbBlockTableRecord
  2
A$C7C9A6AE1
340
0
102
{BLKREFS
331
C08
331
9E9
331
660
331
320
331
774
331
BB7
102
}
 70
     0
280
     1
281
     0
  0
BLOCK_RECORD
  5
342
330
1
100
AcDbSymbolTableRecord
100
AcDbBlockTableRecord
  2
M_C3
340
0
102
{BLKREFS
331
341
331
6A0
331
80E
331
B56
331
A11
331
C29
102
}
 70
     0
280
     1
281
     0
  0
BLOCK_RECORD
  5
5DE
330
1
100
AcDbSymbolTableRecord
100
AcDbBlockTableRecord
  2
A$C30CA008E
340
0
102
{BLKREFS
331
5DD
331
77C
331
BE2
331
B3D
102
}
 70
     0
280
     1
281
     0
  0
BLOCK_RECORD
  5
475
330
1
100
AcDbSymbolTableRecord
100
AcDbBlockTableRecord
  2
A$C237D42E5
340
0
102
{BLKREFS
331
474
331
4C4
331
697
331
805
102
}
 70
     0
280
     1
281
     0
  0
BLOCK_RECORD
  5
618
330
1
100
AcDbSymbolTableRecord
100
AcDbBlockTableRecord
  2
A$C0C2A2C94
340
0
102
{BLKREFS
331
7BB
331
617
331
B85
331
C60
102
}
 70
     0
280
     1
281
     0
  0
BLOCK_RECORD
  5
59A
330
1
100
AcDbSymbolTableRecord
100
AcDbBlockTableRecord
  2
A$C3E9936EE
340
0
102
{BLKREFS
331
AE8
331
AE2
331
599
331
5AF
102
}
 70
     0
280
     1
281
     0
  0
BLOCK_RECORD
  5
606
330
1
100
AcDbSymbolTableRecord
100
AcDbBlockTableRecord
  2
A$C6A35453C
340
0
102
{BLKREFS
331
C2F
331
7BA
331
605
331
B61
102
}
 70
     0
280
     1
281
     0
  0
BLOCK_RECORD
  5
2EB
330
1
100
AcDbSymbolTableRecord
100
AcDbBlockTableRecord
  2
M_C4
340
0
102
{BLKREFS
331
2EA
331
9FA
102
}
 70
     0
280
     1
281
     0
  0
BLOCK_RECORD
  5
250
330
1
100
AcDbSymbolTableRecord
100
AcDbBlockTableRecord
  2
_E0YYN
340
0
102
{BLKREFS
331
364
331
24F
331
A84
331
A40
102
}
 70
     0
280
     1
281
     0
  0
BLOCK_RECORD
  5
1ED
330
1
100
AcDbSymbolTableRecord
100
AcDbBlockTableRecord
  2
A$C5C05667C
340
0
102
{BLKREFS
331
1E9
102
}
 70
     0
280
     1
281
     0
  0
BLOCK_RECORD
  5
394
330
1
100
AcDbSymbolTableRecord
100
AcDbBlockTableRecord
  2
A$C3C014548
340
0
102
{BLKREFS
331
393
102
}
 70
     0
280
     1
281
     0
  0
BLOCK_RECORD
  5
391
330
1
100
AcDbSymbolTableRecord
100
AcDbBlockTableRecord
  2
A$C2D9E6C10
340
0
102
{BLKREFS
331
390
102
}
 70
     0
280
     1
281
     0
  0
BLOCK_RECORD
  5
30F
330
1
100
AcDbSymbolTableRecord
100
AcDbBlockTableRecord
  2
A$C5DBE159F
340
0
102
{BLKREFS
331
9E8
331
BE6
331
772
331
30E
331
65E
331
B34
102
}
 70
     0
280
     1
281
     0
  0
BLOCK_RECORD
  5
85F
330
1
100
AcDbSymbolTableRecord
100
AcDbBlockTableRecord
  2
A$C7C275939
340
0
102
{BLKREFS
331
87B
331
85E
102
}
 70
     0
280
     1
281
     0
  0
BLOCK_RECORD
  5
B1
330
1
100
AcDbSymbolTableRecord
100
AcDbBlockTableRecord
  2
A$C21A822AE
340
0
102
{BLKREFS
331
AD
331
5BA
331
BE4
331
771
331
65D
331
B35
102
}
 70
     0
280
     1
281
     0
  0
BLOCK_RECORD
  5
38E
330
1
100
AcDbSymbolTableRecord
100
AcDbBlockTableRecord
  2
A$C654F21E2
340
0
102
{BLKREFS
331
38D
331
A19
102
}
 70
     0
280
     1
281
     0
  0
BLOCK_RECORD
  5
2AB
330
1
100
AcDbSymbolTableRecord
100
AcDbBlockTableRecord
  2
A$C3FB71EF3
340
0
102
{BLKREFS
331
4A4
331
2AA
331
7C6
331
668
331
4C6
331
AB8
102
}
 70
     0
280
     1
281
     0
  0
BLOCK_RECORD
  5
498
330
1
100
AcDbSymbolTableRecord
100
AcDbBlockTableRecord
  2
A$C71AE403D
340
0
102
{BLKREFS
331
497
102
}
 70
     0
280
     1
281
     0
  0
BLOCK_RECORD
  5
495
330
1
100
AcDbSymbolTableRecord
100
AcDbBlockTableRecord
  2
A$C38AE43E2
340
0
102
{BLKREFS
331
7C9
331
4A7
331
6B8
331
494
102
}
 70
     0
280
     1
281
     0
  0
BLOCK_RECORD
  5
1E7
330
1
100
AcDbSymbolTableRecord
100
AcDbBlockTableRecord
  2
A$C2EE22F3D
340
0
102
{BLKREFS
331
1E6
331
369
331
A53
331
A6D
102
}
 70
     0
280
     1
281
     0
  0
BLOCK_RECORD
  5
6E9
330
1
100
AcDbSymbolTableRecord
100
AcDbBlockTableRecord
  2
A$C38C125B6
340
0
102
{BLKREFS
331
7F3
331
6E8
331
970
331
8CA
331
8CF
331
836
102
}
 70
     0
280
     1
281
     0
  0
BLOCK_RECORD
  5
4B3
330
1
100
AcDbSymbolTableRecord
100
AcDbBlockTableRecord
  2
A$C2D5A5793
340
0
102
{BLKREFS
331
4AF
331
6CD
331
7D9
331
4C1
102
}
 70
     0
280
     1
281
     0
  0
BLOCK_RECORD
  5
66C
330
1
100
AcDbSymbolTableRecord
100
AcDbBlockTableRecord
  2
A$C095B46CE
340
0
102
{BLKREFS
331
7C0
331
66B
331
881
331
931
102
}
 70
     0
280
     1
281
     0
  0
BLOCK_RECORD
  5
89
330
1
100
AcDbSymbolTableRecord
100
AcDbBlockTableRecord
  2
*D43
340
0
 70
     0
280
     1
281
     0
  0
BLOCK_RECORD
  5
108
330
1
100
AcDbSymbolTableRecord
100
AcDbBlockTableRecord
  2
*D44
340
0
 70
     0
280
     1
281
     0
  0
BLOCK_RECORD
  5
116
330
1
100
AcDbSymbolTableRecord
100
AcDbBlockTableRecord
  2
*D45
340
0
 70
     0
280
     1
281
     0
  0
BLOCK_RECORD
  5
123
330
1
100
AcDbSymbolTableRecord
100
AcDbBlockTableRecord
  2
*D46
340
0
 70
     0
280
     1
281
     0
  0
BLOCK_RECORD
  5
130
330
1
100
AcDbSymbolTableRecord
100
AcDbBlockTableRecord
  2
*D47
340
0
 70
     0
280
     1
281
     0
  0
BLOCK_RECORD
  5
13D
330
1
100
AcDbSymbolTableRecord
100
AcDbBlockTableRecord
  2
*D48
340
0
 70
     0
280
     1
281
     0
  0
BLOCK_RECORD
  5
14A
330
1
100
AcDbSymbolTableRecord
100
AcDbBlockTableRecord
  2
*D49
340
0
 70
     0
280
     1
281
     0
  0
BLOCK_RECORD
  5
157
330
1
100
AcDbSymbolTableRecord
100
AcDbBlockTableRecord
  2
*D50
340
0
 70
     0
280
     1
281
     0
  0
BLOCK_RECORD
  5
164
330
1
100
AcDbSymbolTableRecord
100
AcDbBlockTableRecord
  2
*D51
340
0
 70
     0
280
     1
281
     0
  0
BLOCK_RECORD
  5
172
330
1
100
AcDbSymbolTableRecord
100
AcDbBlockTableRecord
  2
*D52
340
0
 70
     0
280
     1
281
     0
  0
BLOCK_RECORD
  5
182
330
1
100
AcDbSymbolTableRecord
100
AcDbBlockTableRecord
  2
*D53
340
0
 70
     0
280
     1
281
     0
  0
BLOCK_RECORD
  5
18F
330
1
100
AcDbSymbolTableRecord
100
AcDbBlockTableRecord
  2
*D54
340
0
 70
     0
280
     1
281
     0
  0
BLOCK_RECORD
  5
19C
330
1
100
AcDbSymbolTableRecord
100
AcDbBlockTableRecord
  2
*D55
340
0
 70
     0
280
     1
281
     0
  0
BLOCK_RECORD
  5
1D7
330
1
100
AcDbSymbolTableRecord
100
AcDbBlockTableRecord
  2
*D56
340
0
 70
     0
280
     1
281
     0
  0
BLOCK_RECORD
  5
1FB
330
1
100
AcDbSymbolTableRecord
100
AcDbBlockTableRecord
  2
*D57
340
0
 70
     0
280
     1
281
     0
  0
BLOCK_RECORD
  5
289
330
1
100
AcDbSymbolTableRecord
100
AcDbBlockTableRecord
  2
*D58
340
0
 70
     0
280
     1
281
     0
  0
BLOCK_RECORD
  5
296
330
1
100
AcDbSymbolTableRecord
100
AcDbBlockTableRecord
  2
*D59
340
0
 70
     0
280
     1
281
     0
  0
BLOCK_RECORD
  5
41A
330
1
100
AcDbSymbolTableRecord
100
AcDbBlockTableRecord
  2
*D60
340
0
 70
     0
280
     1
281
     0
  0
BLOCK_RECORD
  5
427
330
1
100
AcDbSymbolTableRecord
100
AcDbBlockTableRecord
  2
*D61
340
0
 70
     0
280
     1
281
     0
  0
BLOCK_RECORD
  5
434
330
1
100
AcDbSymbolTableRecord
100
AcDbBlockTableRecord
  2
*D62
340
0
 70
     0
280
     1
281
     0
  0
BLOCK_RECORD
  5
441
330
1
100
AcDbSymbolTableRecord
100
AcDbBlockTableRecord
  2
*D63
340
0
 70
     0
280
     1
281
     0
  0
BLOCK_RECORD
  5
44E
330
1
100
AcDbSymbolTableRecord
100
AcDbBlockTableRecord
  2
*D64
340
0
 70
     0
280
     1
281
     0
  0
BLOCK_RECORD
  5
45B
330
1
100
AcDbSymbolTableRecord
100
AcDbBlockTableRecord
  2
*D65
340
0
 70
     0
280
     1
281
     0
  0
BLOCK_RECORD
  5
468
330
1
100
AcDbSymbolTableRecord
100
AcDbBlockTableRecord
  2
*D66
340
0
 70
     0
280
     1
281
     0
  0
BLOCK_RECORD
  5
4C9
330
1
100
AcDbSymbolTableRecord
100
AcDbBlockTableRecord
  2
*D67
340
0
 70
     0
280
     1
281
     0
  0
BLOCK_RECORD
  5
4EA
330
1
100
AcDbSymbolTableRecord
100
AcDbBlockTableRecord
  2
*D68
340
0
 70
     0
280
     1
281
     0
  0
BLOCK_RECORD
  5
4FF
330
1
100
AcDbSymbolTableRecord
100
AcDbBlockTableRecord
  2
*D69
340
0
 70
     0
280
     1
281
     0
  0
BLOCK_RECORD
  5
50C
330
1
100
AcDbSymbolTableRecord
100
AcDbBlockTableRecord
  2
*D70
340
0
 70
     0
280
     1
281
     0
  0
BLOCK_RECORD
  5
51F
330
1
100
AcDbSymbolTableRecord
100
AcDbBlockTableRecord
  2
*D71
340
0
 70
     0
280
     1
281
     0
  0
BLOCK_RECORD
  5
553
330
1
100
AcDbSymbolTableRecord
100
AcDbBlockTableRecord
  2
*D72
340
0
 70
     0
280
     1
281
     0
  0
BLOCK_RECORD
  5
580
330
1
100
AcDbSymbolTableRecord
100
AcDbBlockTableRecord
  2
*D73
340
0
 70
     0
280
     1
281
     0
  0
BLOCK_RECORD
  5
58D
330
1
100
AcDbSymbolTableRecord
100
AcDbBlockTableRecord
  2
*D74
340
0
 70
     0
280
     1
281
     0
  0
BLOCK_RECORD
  5
997
330
1
100
AcDbSymbolTableRecord
100
AcDbBlockTableRecord
  2
*D75
340
0
 70
     0
280
     1
281
     0
  0
BLOCK_RECORD
  5
9A6
330
1
100
AcDbSymbolTableRecord
100
AcDbBlockTableRecord
  2
*D76
340
0
 70
     0
280
     1
281
     0
  0
BLOCK_RECORD
  5
9B3
330
1
100
AcDbSymbolTableRecord
100
AcDbBlockTableRecord
  2
*D77
340
0
 70
     0
280
     1
281
     0
  0
BLOCK_RECORD
  5
9C0
330
1
100
AcDbSymbolTableRecord
100
AcDbBlockTableRecord
  2
*D78
340
0
 70
     0
280
     1
281
     0
  0
BLOCK_RECORD
  5
A70
330
1
100
AcDbSymbolTableRecord
100
AcDbBlockTableRecord
  2
*D79
340
0
 70
     0
280
     1
281
     0
  0
BLOCK_RECORD
  5
AA6
330
1
100
AcDbSymbolTableRecord
100
AcDbBlockTableRecord
  2
*D80
340
0
 70
     0
280
     1
281
     0
  0
BLOCK_RECORD
  5
AC5
330
1
100
AcDbSymbolTableRecord
100
AcDbBlockTableRecord
  2
*D81
340
0
 70
     0
280
     1
281
     0
  0
BLOCK_RECORD
  5
AD2
330
1
100
AcDbSymbolTableRecord
100
AcDbBlockTableRecord
  2
*D82
340
0
 70
     0
280
     1
281
     0
  0
BLOCK_RECORD
  5
AEF
330
1
100
AcDbSymbolTableRecord
100
AcDbBlockTableRecord
  2
*D83
340
0
 70
     0
280
     1
281
     0
  0
BLOCK_RECORD
  5
AFC
330
1
100
AcDbSymbolTableRecord
100
AcDbBlockTableRecord
  2
*D84
340
0
 70
     0
280
     1
281
     0
  0
BLOCK_RECORD
  5
B09
330
1
100
AcDbSymbolTableRecord
100
AcDbBlockTableRecord
  2
*D85
340
0
 70
     0
280
     1
281
     0
  0
BLOCK_RECORD
  5
B16
330
1
100
AcDbSymbolTableRecord
100
AcDbBlockTableRecord
  2
*D86
340
0
 70
     0
280
     1
281
     0
  0
BLOCK_RECORD
  5
B23
330
1
100
AcDbSymbolTableRecord
100
AcDbBlockTableRecord
  2
*D87
340
0
 70
     0
280
     1
281
     0
  0
BLOCK_RECORD
  5
C87
330
1
100
AcDbSymbolTableRecord
100
AcDbBlockTableRecord
  2
*D88
340
0
 70
     0
280
     1
281
     0
  0
BLOCK_RECORD
  5
C94
330
1
100
AcDbSymbolTableRecord
100
AcDbBlockTableRecord
  2
*D89
340
0
 70
     0
280
     1
281
     0
  0
BLOCK_RECORD
  5
CA1
330
1
100
AcDbSymbolTableRecord
100
AcDbBlockTableRecord
  2
*D90
340
0
 70
     0
280
     1
281
     0
  0
BLOCK_RECORD
  5
CAE
330
1
100
AcDbSymbolTableRecord
100
AcDbBlockTableRecord
  2
*D91
340
0
 70
     0
280
     1
281
     0
  0
BLOCK_RECORD
  5
CBB
330
1
100
AcDbSymbolTableRecord
100
AcDbBlockTableRecord
  2
*D92
340
0
 70
     0
280
     1
281
     0
  0
ENDTAB
  0
ENDSEC
  0
SECTION
  2
BLOCKS
  0
BLOCK
  5
5
330
2
100
AcDbEntity
  8
0
100
AcDbBlockBegin
  2
*MODEL_SPACE
 70
     0
 10
0.0
 20
0.0
 30
0.0
  3
*MODEL_SPACE
  1

  0
ENDBLK
  5
11
330
2
100
AcDbEntity
  8
0
100
AcDbBlockEnd
  0
BLOCK
  5
17
330
16
100
AcDbEntity
 67
     1
  8
0
100
AcDbBlockBegin
  2
*PAPER_SPACE
 70
     0
 10
0.0
 20
0.0
 30
0.0
  3
*PAPER_SPACE
  1

  0
ENDBLK
  5
18
330
16
100
AcDbEntity
 67
     1
  8
0
100
AcDbBlockEnd
  0
BLOCK
  5
92
330
8F
100
AcDbEntity
  8
0
100
AcDbBlockBegin
  2
_DIMX
 70
     0
 10
0.0
 20
0.0
 30
0.0
  3
_DIMX
  1

  0
LINE
  5
93
330
8F
100
AcDbEntity
  8
0
100
AcDbLine
 10
-150.0
 20
0.0
 30
0.0
 11
150.0
 21
0.0
 31
0.0
  0
LWPOLYLINE
  5
94
330
8F
100
AcDbEntity
  8
0
100
AcDbPolyline
 90
        2
 70
     0
 43
50.0
 10
-70.0
 20
-70.0
 10
70.0
 20
70.0
  0
ENDBLK
  5
95
330
8F
100
AcDbEntity
  8
0
100
AcDbBlockEnd
  0
BLOCK
  5
1C6
330
1C3
100
AcDbEntity
  8
0
100
AcDbBlockBegin
  2
_WBLK
 70
     2
 10
0.0
 20
0.0
 30
0.0
  3
_WBLK
  1

  0
ATTDEF
  5
1C7
330
1C3
100
AcDbEntity
  8
WINDOW_TEXT
100
AcDbText
 10
0.0
 20
1.5
 30
0.0
 40
1.0
  1

  7
SIMPLEX
 72
     4
 11
0.0
 21
1.5
 31
0.0
100
AcDbAttributeDefinition
280
     0
  3

  2
A
 70
     9
280
     0
  0
LINE
  5
1C8
330
1C3
100
AcDbEntity
  8
0
100
AcDbLine
 10
0.5
 20
0.1666666666666666
 30
0.0
 11
-0.5
 21
0.1666666666666666
 31
0.0
  0
LINE
  5
1C9
330
1C3
100
AcDbEntity
  8
0
100
AcDbLine
 10
0.5
 20
-0.1666666666666667
 30
0.0
 11
-0.5
 21
-0.1666666666666667
 31
0.0
  0
LINE
  5
1CA
330
1C3
100
AcDbEntity
  8
0
100
AcDbLine
 10
-0.5
 20
-0.5
 30
0.0
 11
0.5
 21
-0.5
 31
0.0
  0
LINE
  5
1CB
330
1C3
100
AcDbEntity
  8
0
100
AcDbLine
 10
-0.5
 20
0.5
 30
0.0
 11
0.5
 21
0.5
 31
0.0
  0
ENDBLK
  5
1CC
330
1C3
100
AcDbEntity
  8
0
100
AcDbBlockEnd
  0
BLOCK
  5
899
330
896
100
AcDbEntity
  8
0
100
AcDbBlockBegin
  2
M_A2ZXL
 70
     0
 10
0.0
 20
0.0
 30
0.0
  3
M_A2ZXL
  1

  0
ARC
  5
89A
330
896
100
AcDbEntity
  8
0
100
AcDbCircle
 10
-0.5000000000003999
 20
0.0
 30
0.0
 40
1.000000000000798
100
AcDbArc
 50
271.6231352199475
 51
0.0
  0
LINE
  5
89B
330
896
100
AcDbEntity
  8
0
100
AcDbLine
 10
-0.4716747352327272
 20
0.0
 30
0.0
 11
-0.4716747352327272
 21
-0.9995987591916271
 31
0.0
  0
ENDBLK
  5
89C
330
896
100
AcDbEntity
  8
0
100
AcDbBlockEnd
  0
BLOCK
  5
1B3
330
1B0
100
AcDbEntity
  8
0
100
AcDbBlockBegin
  2
_DBLK
 70
     2
 10
0.0
 20
0.0
 30
0.0
  3
_DBLK
  1

  0
LINE
  5
1B4
330
1B0
100
AcDbEntity
  8
0
100
AcDbLine
 10
-0.45
 20
0.0
 30
0.0
 11
-0.45
 21
-0.95
 31
0.0
  0
ARC
  5
1B5
330
1B0
100
AcDbEntity
  8
0
100
AcDbCircle
 10
-0.45
 20
0.0
 30
0.0
 40
0.95
100
AcDbArc
 50
270.0
 51
0.0
  0
ATTDEF
  5
1B6
330
1B0
100
AcDbEntity
  8
WINDOW_TEXT
100
AcDbText
 10
0.0
 20
1.5
 30
0.0
 40
1.0
  1

  7
SIMPLEX
 72
     4
 11
0.0
 21
1.5
 31
0.0
100
AcDbAttributeDefinition
280
     0
  3

  2
A
 70
     9
280
     0
  0
ENDBLK
  5
1BB
330
1B0
100
AcDbEntity
  8
0
100
AcDbBlockEnd
  0
BLOCK
  5
8EF
330
8EC
100
AcDbEntity
  8
0
100
AcDbBlockBegin
  2
_ARROW
 70
     0
 10
0.0
 20
0.0
 30
0.0
  3
_ARROW
  1

  0
SOLID
  5
8F0
330
8EC
100
AcDbEntity
  8
0
100
AcDbTrace
 10
0.0
 20
0.0
 30
0.0
 11
-1.0
 21
0.1
 31
0.0
 12
-1.0
 22
-0.1
 32
0.0
 13
-1.0
 23
-0.1
 33
0.0
  0
ENDBLK
  5
8F2
330
8EC
100
AcDbEntity
  8
0
100
AcDbBlockEnd
  0
BLOCK
  5
3B
330
3A
100
AcDbEntity
  8
0
100
AcDbBlockBegin
  2
_DOT
 70
     0
 10
0.0
 20
0.0
 30
0.0
  3
_DOT
  1

  0
LWPOLYLINE
  5
3C
330
3A
100
AcDbEntity
  8
0
  6
ByBlock
 62
     0
100
AcDbPolyline
 90
        2
 70
     1
 43
0.5
 10
-0.25
 20
0.0
 42
1.0
 10
0.25
 20
0.0
 42
1.0
  0
LINE
  5
3D
330
3A
100
AcDbEntity
  8
0
  6
ByBlock
 62
     0
100
AcDbLine
 10
-0.5
 20
0.0
 30
0.0
 11
-1.0
 21
0.0
 31
0.0
  0
ENDBLK
  5
3E
330
3A
100
AcDbEntity
  8
0
100
AcDbBlockEnd
  0
BLOCK
  5
40
330
3F
100
AcDbEntity
  8
0
100
AcDbBlockBegin
  2
DOT
 70
     0
 10
0.0
 20
0.0
 30
0.0
  3
DOT
  1

  0
LWPOLYLINE
  5
41
330
3F
100
AcDbEntity
  8
0
  6
ByBlock
 62
     0
100
AcDbPolyline
 90
        2
 70
     1
 43
0.5
 10
-0.25
 20
0.0
 42
1.0
 10
0.25
 20
0.0
 42
1.0
  0
LINE
  5
42
330
3F
100
AcDbEntity
  8
0
  6
ByBlock
 62
     0
100
AcDbLine
 10
-0.5
 20
0.0
 30
0.0
 11
-1.0
 21
0.0
 31
0.0
  0
ENDBLK
  5
43
330
3F
100
AcDbEntity
  8
0
100
AcDbBlockEnd
  0
BLOCK
  5
949
330
948
100
AcDbEntity
  8
0
100
AcDbBlockBegin
  2
M_A0GGR
 70
     0
 10
0.0
 20
0.0
 30
0.0
  3
M_A0GGR
  1

  0
ARC
  5
94A
330
948
100
AcDbEntity
  8
0
100
AcDbCircle
 10
0.5000000000005001
 20
0.0
 30
0.0
 40
0.5000000000005001
100
AcDbArc
 50
180.0
 51
240.0
  0
LINE
  5
94B
330
948
100
AcDbEntity
  8
0
100
AcDbLine
 10
0.5000000000005001
 20
0.0
 30
0.0
 11
0.2500000000002498
 21
-0.4330127018926522
 31
0.0
  0
LINE
  5
94C
330
948
100
AcDbEntity
  8
0
100
AcDbLine
 10
-0.5000000000005001
 20
0.0
 30
0.0
 11
-0.2500000000002498
 21
-0.4330127018926522
 31
0.0
  0
ARC
  5
94D
330
948
100
AcDbEntity
  8
0
100
AcDbCircle
 10
-0.5000000000005001
 20
0.0
 30
0.0
 40
0.5000000000005001
100
AcDbArc
 50
300.0
 51
0.0
  0
ENDBLK
  5
94E
330
948
100
AcDbEntity
  8
0
100
AcDbBlockEnd
  0
BLOCK
  5
822
330
821
100
AcDbEntity
  8
0
100
AcDbBlockBegin
  2
M_A17ORW
 70
     0
 10
0.0
 20
0.0
 30
0.0
  3
M_A17ORW
  1

  0
ARC
  5
823
330
821
100
AcDbEntity
  8
0
100
AcDbCircle
 10
0.5046168020418103
 20
0.0019208093578045
 30
0.0
 40
0.6987497204383784
100
AcDbArc
 50
180.2762250841821
 51
268.0603137538047
  0
LWPOLYLINE
  5
824
330
821
100
AcDbEntity
  8
0
100
AcDbPolyline
 90
        2
 70
     0
 43
0.02000000000002
 10
-0.4809658959978972
 20
-0.0014478759854028
 10
-0.4809658959978972
 20
-0.3083976873278363
  0
ARC
  5
825
330
821
100
AcDbEntity
  8
0
100
AcDbCircle
 10
-0.5007908120541872
 20
-0.0025725639175704
 30
0.0
 40
0.3066680763238383
100
AcDbArc
 50
274.249174186005
 51
0.2101295218272424
  0
LWPOLYLINE
  5
826
330
821
100
AcDbEntity
  8
0
100
AcDbPolyline
 90
        2
 70
     0
 43
0.02000000000002
 10
0.4809659091480242
 20
0.0014478852985489
 10
0.4809659091480242
 20
-0.6906370592223703
  0
ENDBLK
  5
827
330
821
100
AcDbEntity
  8
0
100
AcDbBlockEnd
  0
BLOCK
  5
737
330
736
100
AcDbEntity
  8
0
100
AcDbBlockBegin
  2
M_E25ESP
 70
     2
 10
0.0
 20
0.0
 30
0.0
  3
M_E25ESP
  1

  0
ATTDEF
  5
738
330
736
100
AcDbEntity
  8
0
100
AcDbText
 10
0.0
 20
0.0
 30
0.0
 40
0.5
  1
450
 41
0.8
  7
DIM_FONT
100
AcDbAttributeDefinition
280
     0
  3
XSIZE
  2
XSIZE
 70
     9
280
     0
  0
ATTDEF
  5
739
330
736
100
AcDbEntity
  8
0
100
AcDbText
 10
0.0
 20
0.0
 30
0.0
 40
0.5
  1
675
 41
0.8
  7
DIM_FONT
100
AcDbAttributeDefinition
280
     0
  3
YSIZE
  2
YSIZE
 70
     9
280
     0
  0
LINE
  5
73A
330
736
100
AcDbEntity
  8
0
  6
ByBlock
 62
     0
100
AcDbLine
 10
0.0
 20
-306.8181818181825
 30
0.0
 11
0.0
 21
306.8181818181825
 31
0.0
  0
LINE
  5
73B
330
736
100
AcDbEntity
  8
0
  6
ByBlock
 62
     0
100
AcDbLine
 10
450.0
 20
306.8181818181825
 30
0.0
 11
450.0
 21
-306.8181818181825
 31
0.0
  0
ARC
  5
73C
330
736
100
AcDbEntity
  8
0
  6
ByBlock
 62
     0
100
AcDbCircle
 10
143.1818181818175
 20
-20.45454545454595
 30
0.0
 40
61.36363636363636
100
AcDbArc
 50
180.0
 51
270.0
  0
ARC
  5
73D
330
736
100
AcDbEntity
  8
0
  6
ByBlock
 62
     0
100
AcDbCircle
 10
357.9545454545459
 20
-20.45454545454595
 30
0.0
 40
61.36363636363636
100
AcDbArc
 50
270.0
 51
0.0
  0
LINE
  5
73E
330
736
100
AcDbEntity
  8
0
  6
ByBlock
 62
     0
100
AcDbLine
 10
143.1818181818175
 20
-81.81818181818243
 30
0.0
 11
357.9545454545459
 21
-81.81818181818243
 31
0.0
  0
LINE
  5
73F
330
736
100
AcDbEntity
  8
0
  6
ByBlock
 62
     0
100
AcDbLine
 10
357.9545454545459
 20
-122.7272727272729
 30
0.0
 11
143.1818181818175
 21
-122.7272727272729
 31
0.0
  0
LINE
  5
740
330
736
100
AcDbEntity
  8
0
  6
ByBlock
 62
     0
100
AcDbLine
 10
143.1818181818175
 20
-306.8181818181825
 30
0.0
 11
357.9545454545459
 21
-306.8181818181825
 31
0.0
  0
LINE
  5
741
330
736
100
AcDbEntity
  8
0
  6
ByBlock
 62
     0
100
AcDbLine
 10
419.3181818181823
 20
-337.5
 30
0.0
 11
30.68181818181756
 21
-337.5
 31
0.0
  0
ARC
  5
742
330
736
100
AcDbEntity
  8
0
  6
ByBlock
 62
     0
100
AcDbCircle
 10
143.1818181818175
 20
-245.4545454545459
 30
0.0
 40
61.36363636363636
100
AcDbArc
 50
180.0
 51
270.0
  0
ARC
  5
743
330
736
100
AcDbEntity
  8
0
  6
ByBlock
 62
     0
100
AcDbCircle
 10
143.1818181818175
 20
-184.0909090909094
 30
0.0
 40
61.36363636363636
100
AcDbArc
 50
90.0
 51
180.0
  0
ARC
  5
744
330
736
100
AcDbEntity
  8
0
  6
ByBlock
 62
     0
100
AcDbCircle
 10
30.68181818181756
 20
-306.8181818181825
 30
0.0
 40
30.68181818181818
100
AcDbArc
 50
180.0
 51
270.0
  0
CIRCLE
  5
745
330
736
100
AcDbEntity
  8
0
  6
ByBlock
 62
     0
100
AcDbCircle
 10
51.13636363636349
 20
-143.1818181818175
 30
0.0
 40
20.45454545454545
  0
CIRCLE
  5
746
330
736
100
AcDbEntity
  8
0
  6
ByBlock
 62
     0
100
AcDbCircle
 10
51.13636363636349
 20
-61.3636363636365
 30
0.0
 40
20.45454545454545
  0
LINE
  5
747
330
736
100
AcDbEntity
  8
0
  6
ByBlock
 62
     0
100
AcDbLine
 10
81.81818181818243
 20
-184.0909090909094
 30
0.0
 11
81.81818181818243
 21
-245.4545454545459
 31
0.0
  0
CIRCLE
  5
748
330
736
100
AcDbEntity
  8
0
  6
ByBlock
 62
     0
100
AcDbCircle
 10
250.5681818181824
 20
-209.6590909090906
 30
0.0
 40
25.56818181818182
  0
ARC
  5
749
330
736
100
AcDbEntity
  8
0
  6
ByBlock
 62
     0
100
AcDbCircle
 10
419.3181818181823
 20
-306.8181818181825
 30
0.0
 40
30.68181818181818
100
AcDbArc
 50
270.0
 51
0.0
  0
ARC
  5
74A
330
736
100
AcDbEntity
  8
0
  6
ByBlock
 62
     0
100
AcDbCircle
 10
357.9545454545459
 20
-245.4545454545459
 30
0.0
 40
61.36363636363636
100
AcDbArc
 50
270.0
 51
0.0
  0
ARC
  5
74B
330
736
100
AcDbEntity
  8
0
  6
ByBlock
 62
     0
100
AcDbCircle
 10
357.9545454545459
 20
-184.0909090909094
 30
0.0
 40
61.36363636363636
100
AcDbArc
 50
0.0
 51
90.0
  0
LINE
  5
74C
330
736
100
AcDbEntity
  8
0
  6
ByBlock
 62
     0
100
AcDbLine
 10
419.3181818181823
 20
-245.4545454545459
 30
0.0
 11
419.3181818181823
 21
-184.0909090909094
 31
0.0
  0
LINE
  5
74D
330
736
100
AcDbEntity
  8
0
  6
ByBlock
 62
     0
100
AcDbLine
 10
357.9545454545459
 20
306.8181818181825
 30
0.0
 11
143.1818181818175
 21
306.8181818181825
 31
0.0
  0
LINE
  5
74E
330
736
100
AcDbEntity
  8
0
  6
ByBlock
 62
     0
100
AcDbLine
 10
30.68181818181756
 20
337.5
 30
0.0
 11
419.3181818181823
 21
337.5
 31
0.0
  0
LINE
  5
74F
330
736
100
AcDbEntity
  8
0
  6
ByBlock
 62
     0
100
AcDbLine
 10
172.7622000000092
 20
52.50655227273089
 30
0.0
 11
87.34131818181641
 21
-17.81470227271119
 31
0.0
  0
LINE
  5
750
330
736
100
AcDbEntity
  8
0
  6
ByBlock
 62
     0
100
AcDbLine
 10
58.92449318180661
 20
31.40468181818869
 30
0.0
 11
162.5349272727362
 21
70.22072045454206
 31
0.0
  0
ARC
  5
751
330
736
100
AcDbEntity
  8
0
  6
ByBlock
 62
     0
100
AcDbCircle
 10
143.1818181818175
 20
245.4545454545459
 30
0.0
 40
61.36363636363636
100
AcDbArc
 50
90.0
 51
180.0
  0
CIRCLE
  5
752
330
736
100
AcDbEntity
  8
0
  6
ByBlock
 62
     0
100
AcDbCircle
 10
51.13636363636349
 20
61.3636363636365
 30
0.0
 40
20.45454545454545
  0
LINE
  5
753
330
736
100
AcDbEntity
  8
0
  6
ByBlock
 62
     0
100
AcDbLine
 10
81.81818181818243
 20
245.4545454545459
 30
0.0
 11
81.81818181818243
 21
39.98143636365329
 31
0.0
  0
ARC
  5
754
330
736
100
AcDbEntity
  8
0
  6
ByBlock
 62
     0
100
AcDbCircle
 10
74.34100227271073
 20
-2.022913636367774
 30
0.0
 40
20.45454545454545
100
AcDbArc
 50
210.0
 51
309.462322
  0
ARC
  5
755
330
736
100
AcDbEntity
  8
0
  6
ByBlock
 62
     0
100
AcDbCircle
 10
66.10041818182025
 20
12.25018636364075
 30
0.0
 40
20.45454545454545
100
AcDbArc
 50
110.537678
 51
210.0
  0
LINE
  5
756
330
736
100
AcDbEntity
  8
0
  6
ByBlock
 62
     0
100
AcDbLine
 10
48.38627045456087
 20
2.022913636367774
 30
0.0
 11
56.62685454545135
 21
-12.25018636364075
 31
0.0
  0
ARC
  5
757
330
736
100
AcDbEntity
  8
0
  6
ByBlock
 62
     0
100
AcDbCircle
 10
30.68181818181756
 20
306.8181818181825
 30
0.0
 40
30.68181818181818
100
AcDbArc
 50
90.0
 51
180.0
  0
LINE
  5
758
330
736
100
AcDbEntity
  8
0
  6
ByBlock
 62
     0
100
AcDbLine
 10
162.5349272727362
 20
70.22072045454206
 30
0.0
 11
172.7622000000092
 21
52.50655227273089
 31
0.0
  0
CIRCLE
  5
759
330
736
100
AcDbEntity
  8
0
  6
ByBlock
 62
     0
100
AcDbCircle
 10
250.5681818181824
 20
112.5
 30
0.0
 40
25.56818181818182
  0
ARC
  5
75A
330
736
100
AcDbEntity
  8
0
  6
ByBlock
 62
     0
100
AcDbCircle
 10
357.9545454545459
 20
245.4545454545459
 30
0.0
 40
61.36363636363636
100
AcDbArc
 50
0.0
 51
90.0
  0
LINE
  5
75B
330
736
100
AcDbEntity
  8
0
  6
ByBlock
 62
     0
100
AcDbLine
 10
419.3181818181823
 20
-20.45454545454595
 30
0.0
 11
419.3181818181823
 21
245.4545454545459
 31
0.0
  0
ARC
  5
75C
330
736
100
AcDbEntity
  8
0
  6
ByBlock
 62
     0
100
AcDbCircle
 10
419.3181818181823
 20
306.8181818181825
 30
0.0
 40
30.68181818181818
100
AcDbArc
 50
0.0
 51
90.0
  0
ENDBLK
  5
75D
330
736
100
AcDbEntity
  8
0
100
AcDbBlockEnd
  0
BLOCK
  5
715
330
714
100
AcDbEntity
  8
0
100
AcDbBlockBegin
  2
YD
 70
     0
 10
0.0
 20
0.0
 30
0.0
  3
YD
  1

  0
TEXT
  5
716
330
714
100
AcDbEntity
  8
0
  6
DASH
 48
0.5
100
AcDbText
 10
-261.4747382246424
 20
156.9145122859627
 30
0.0
 40
130.0
  1
YD
 41
0.8
  7
_SIMPLEX
100
AcDbText
  0
LINE
  5
718
330
714
100
AcDbEntity
  8
0
  6
DASH
 48
0.5
100
AcDbLine
 10
-35.0
 20
405.0
 30
0.0
 11
-35.0
 21
321.4086554674432
 31
0.0
  0
ARC
  5
719
330
714
100
AcDbEntity
  8
0
  6
DASH
 48
0.5
100
AcDbCircle
 10
-305.0
 20
45.0
 30
0.0
 40
10.0
100
AcDbArc
 50
180.0
 51
270.0
  0
ARC
  5
71A
330
714
100
AcDbEntity
  8
0
  6
DASH
 48
0.5
100
AcDbCircle
 10
-45.0
 20
45.0
 30
0.0
 40
10.0
100
AcDbArc
 50
270.0
 51
0.0
  0
ARC
  5
71B
330
714
100
AcDbEntity
  8
0
  6
DASH
 48
0.5
100
AcDbCircle
 10
-305.0
 20
125.0
 30
0.0
 40
10.0
100
AcDbArc
 50
90.00000000000325
 51
180.0
  0
ARC
  5
71C
330
714
100
AcDbEntity
  8
0
  6
DASH
 48
0.5
100
AcDbCircle
 10
-305.0
 20
155.0
 30
0.0
 40
10.0
100
AcDbArc
 50
180.0
 51
270.0000000000065
  0
ARC
  5
71D
330
714
100
AcDbEntity
  8
0
  6
DASH
 48
0.5
100
AcDbCircle
 10
-45.0
 20
125.0
 30
0.0
 40
10.0
100
AcDbArc
 50
0.0
 51
90.00000000000284
  0
ARC
  5
71E
330
714
100
AcDbEntity
  8
0
  6
DASH
 48
0.5
100
AcDbCircle
 10
-45.0
 20
155.0
 30
0.0
 40
10.0
100
AcDbArc
 50
270.0000000000029
 51
0.0
  0
LINE
  5
71F
330
714
100
AcDbEntity
  8
0
  6
DASH
 48
0.5
100
AcDbLine
 10
-35.0
 20
125.0
 30
0.0
 11
-35.0
 21
45.0
 31
0.0
  0
LINE
  5
720
330
714
100
AcDbEntity
  8
0
  6
DASH
 48
0.5
100
AcDbLine
 10
-315.0
 20
155.0
 30
0.0
 11
-315.0
 21
291.4086554674432
 31
0.0
  0
ARC
  5
721
330
714
100
AcDbEntity
  8
0
  6
DASH
 48
0.5
100
AcDbCircle
 10
-305.0
 20
291.4086554674432
 30
0.0
 40
10.0
100
AcDbArc
 50
90.00000000000651
 51
180.0
  0
ARC
  5
722
330
714
100
AcDbEntity
  8
0
  6
DASH
 48
0.5
100
AcDbCircle
 10
-45.0
 20
291.4086554674432
 30
0.0
 40
10.0
100
AcDbArc
 50
0.0
 51
90.00000000000284
  0
ARC
  5
723
330
714
100
AcDbEntity
  8
0
  6
DASH
 48
0.5
100
AcDbCircle
 10
-45.0
 20
321.4086554674432
 30
0.0
 40
10.0
100
AcDbArc
 50
270.0000000000033
 51
0.0
  0
ARC
  5
724
330
714
100
AcDbEntity
  8
0
  6
DASH
 48
0.5
100
AcDbCircle
 10
-305.0
 20
321.4086554674432
 30
0.0
 40
10.0
100
AcDbArc
 50
180.0
 51
270.0000000000033
  0
LINE
  5
725
330
714
100
AcDbEntity
  8
0
  6
DASH
 48
0.5
100
AcDbLine
 10
-315.0
 20
321.4086554674432
 30
0.0
 11
-315.0
 21
405.0
 31
0.0
  0
LINE
  5
726
330
714
100
AcDbEntity
  8
0
  6
DASH
 48
0.5
100
AcDbLine
 10
-35.0
 20
291.4086554674432
 30
0.0
 11
-35.0
 21
155.0
 31
0.0
  0
ARC
  5
727
330
714
100
AcDbEntity
  8
0
  6
DASH
 48
0.5
100
AcDbCircle
 10
-305.0
 20
405.0
 30
0.0
 40
10.0
100
AcDbArc
 50
90.00000000000651
 51
180.0
  0
ARC
  5
728
330
714
100
AcDbEntity
  8
0
  6
DASH
 48
0.5
100
AcDbCircle
 10
-45.0
 20
405.0
 30
0.0
 40
10.0
100
AcDbArc
 50
0.0
 51
90.00000000000284
  0
LINE
  5
729
330
714
100
AcDbEntity
  8
0
  6
DASH
 48
0.5
100
AcDbLine
 10
-305.0
 20
135.0
 30
0.0
 11
-45.0
 21
135.0
 31
0.0
  0
LINE
  5
72A
330
714
100
AcDbEntity
  8
0
  6
DASH
 48
0.5
100
AcDbLine
 10
-305.0
 20
145.0
 30
0.0
 11
-45.0
 21
145.0
 31
0.0
  0
LINE
  5
72B
330
714
100
AcDbEntity
  8
0
  6
DASH
 48
0.5
100
AcDbLine
 10
-305.0
 20
301.4086554674431
 30
0.0
 11
-45.0
 21
301.4086554674431
 31
0.0
  0
LINE
  5
72C
330
714
100
AcDbEntity
  8
0
  6
DASH
 48
0.5
100
AcDbLine
 10
-305.0
 20
311.4086554674432
 30
0.0
 11
-45.0
 21
311.4086554674432
 31
0.0
  0
LINE
  5
72D
330
714
100
AcDbEntity
  8
0
  6
DASH
 48
0.5
100
AcDbLine
 10
-305.0
 20
415.0
 30
0.0
 11
-45.0
 21
415.0
 31
0.0
  0
LINE
  5
72E
330
714
100
AcDbEntity
  8
0
  6
DASH
 48
0.5
100
AcDbLine
 10
-315.0
 20
45.0
 30
0.0
 11
-315.0
 21
125.0
 31
0.0
  0
LINE
  5
72F
330
714
100
AcDbEntity
  8
0
  6
DASH
 48
0.5
100
AcDbLine
 10
-45.0
 20
35.0
 30
0.0
 11
-305.0
 21
35.0
 31
0.0
  0
LWPOLYLINE
  5
730
330
714
100
AcDbEntity
  8
0
  6
DASH
 48
0.5
100
AcDbPolyline
 90
        4
 70
     1
 43
0.0
 10
-25.0
 20
25.0
 10
-325.0
 20
25.0
 10
-325.0
 20
425.0
 10
-25.0
 20
425.0
  0
LINE
  5
731
330
714
100
AcDbEntity
  8
0
  6
DASH
100
AcDbLine
 10
-100.0
 20
35.0
 30
0.0
 11
-100.0
 21
25.0
 31
0.0
  0
LINE
  5
732
330
714
100
AcDbEntity
  8
0
  6
DASH
100
AcDbLine
 10
-250.0
 20
35.0
 30
0.0
 11
-250.0
 21
25.0
 31
0.0
  0
LWPOLYLINE
  5
733
330
714
100
AcDbEntity
  8
0
  6
ByBlock
100
AcDbPolyline
 90
        4
 70
     1
 43
0.0
 10
0.0
 20
0.0
 10
-350.0
 20
0.0
 10
-350.0
 20
450.0
 10
0.0
 20
450.0
  0
ENDBLK
  5
734
330
714
100
AcDbEntity
  8
0
100
AcDbBlockEnd
  0
BLOCK
  5
D1
330
D0
100
AcDbEntity
  8
0
100
AcDbBlockBegin
  2
-CG
 70
     0
 10
0.0
 20
0.0
 30
0.0
  3
-CG
  1

  0
LINE
  5
D2
330
D0
100
AcDbEntity
  8
F
100
AcDbLine
 10
321.65566634891
 20
351.2892323770211
 30
0.0
 11
-171.7109196298697
 21
351.2892323770211
 31
0.0
  0
LINE
  5
D3
330
D0
100
AcDbEntity
  8
F
100
AcDbLine
 10
321.65566634891
 20
-87.39390659135095
 30
0.0
 11
321.65566634891
 21
351.2892323770211
 31
0.0
  0
LINE
  5
D4
330
D0
100
AcDbEntity
  8
F
100
AcDbLine
 10
-171.7109196298697
 20
-87.39390659135095
 30
0.0
 11
321.65566634891
 21
-87.39390659135095
 31
0.0
  0
LINE
  5
D5
330
D0
100
AcDbEntity
  8
F
100
AcDbLine
 10
-171.7109196298697
 20
351.2892323770211
 30
0.0
 11
-171.7109196298697
 21
-87.39390659135095
 31
0.0
  0
INSERT
  5
D6
330
D0
100
AcDbEntity
  8
F
100
AcDbBlockReference
  2
-TD
 10
65.29851873248844
 20
149.0837230087782
 30
0.0
 41
2.0
 42
2.0
 43
2.0
  0
ENDBLK
  5
DD
330
D0
100
AcDbEntity
  8
0
100
AcDbBlockEnd
  0
BLOCK
  5
D8
330
D7
100
AcDbEntity
  8
0
100
AcDbBlockBegin
  2
-TD
 70
     0
 10
0.0
 20
0.0
 30
0.0
  3
-TD
  1

  0
LINE
  5
D9
330
D7
100
AcDbEntity
  8
0
 62
     0
100
AcDbLine
 10
0.0
 20
-90.0
 30
0.0
 11
0.0
 21
90.0
 31
0.0
  0
LINE
  5
DA
330
D7
100
AcDbEntity
  8
0
 62
     0
100
AcDbLine
 10
-90.0
 20
0.0
 30
0.0
 11
90.0
 21
0.0
 31
0.0
  0
CIRCLE
  5
DB
330
D7
100
AcDbEntity
  8
0
100
AcDbCircle
 10
0.0
 20
0.0
 30
0.0
 40
60.0
  0
ENDBLK
  5
DC
330
D7
100
AcDbEntity
  8
0
100
AcDbBlockEnd
  0
BLOCK
  5
F0
330
EF
100
AcDbEntity
  8
0
100
AcDbBlockBegin
  2
-SOF5
 70
     0
 10
0.0
 20
0.0
 30
0.0
  3
-SOF5
  1

  0
INSERT
  5
F1
330
EF
100
AcDbEntity
  8
0
100
AcDbBlockReference
  2
12PCOU13
 10
-6.434951645499495
 20
890.2862366090538
 30
0.0
 41
22.75
 42
22.75
 43
22.75
1001
_KTI_ARCHT
1070
 12000
1000
NAV_BLK
1070
 10054
1000
^ /12
1070
 10055
1000
12pcou13
1070
 10056
1000
^ /12(12pcou13)
1070
 10050
1000
^ /12/12pcou13
1070
 10051
1000
^ /12/12zcou13
  0
ENDBLK
  5
105
330
EF
100
AcDbEntity
  8
0
100
AcDbBlockEnd
  0
BLOCK
  5
F3
330
F2
100
AcDbEntity
  8
0
100
AcDbBlockBegin
  2
12PCOU13
 70
     0
 10
0.0
 20
0.0
 30
0.0
  3
12PCOU13
  1

  0
LINE
  5
F4
330
F2
100
AcDbEntity
  8
0
  6
ByBlock
 62
     0
100
AcDbLine
 10
33.0
 20
-11.0
 30
0.0
 11
3.0
 21
-11.0
 31
0.0
  0
LINE
  5
F5
330
F2
100
AcDbEntity
  8
0
  6
ByBlock
 62
     0
100
AcDbLine
 10
14.0
 20
34.0
 30
0.0
 11
14.0
 21
-34.0
 31
0.0
  0
LINE
  5
F6
330
F2
100
AcDbEntity
  8
0
  6
ByBlock
 62
     0
100
AcDbLine
 10
12.0
 20
34.0
 30
0.0
 11
12.0
 21
-34.0
 31
0.0
  0
LINE
  5
F7
330
F2
100
AcDbEntity
  8
0
  6
ByBlock
 62
     0
100
AcDbLine
 10
3.0
 20
-34.0
 30
0.0
 11
3.0
 21
34.0
 31
0.0
  0
LINE
  5
F8
330
F2
100
AcDbEntity
  8
0
  6
ByBlock
 62
     0
100
AcDbLine
 10
27.0
 20
-34.0
 30
0.0
 11
23.0
 21
-34.0
 31
0.0
  0
LINE
  5
F9
330
F2
100
AcDbEntity
  8
0
  6
ByBlock
 62
     0
100
AcDbLine
 10
27.0
 20
34.0
 30
0.0
 11
23.0
 21
34.0
 31
0.0
  0
LINE
  5
FA
330
F2
100
AcDbEntity
  8
0
  6
ByBlock
 62
     0
100
AcDbLine
 10
33.0
 20
11.0
 30
0.0
 11
3.0
 21
11.0
 31
0.0
  0
LINE
  5
FB
330
F2
100
AcDbEntity
  8
0
  6
ByBlock
 62
     0
100
AcDbLine
 10
10.0
 20
34.0
 30
0.0
 11
10.0
 21
-34.0
 31
0.0
  0
LINE
  5
FC
330
F2
100
AcDbEntity
  8
0
  6
ByBlock
 62
     0
100
AcDbLine
 10
23.0
 20
34.0
 30
0.0
 11
2.0
 21
34.0
 31
0.0
  0
LINE
  5
FD
330
F2
100
AcDbEntity
  8
0
  6
ByBlock
 62
     0
100
AcDbLine
 10
24.0
 20
35.0
 30
0.0
 11
23.0
 21
34.0
 31
0.0
  0
LINE
  5
FE
330
F2
100
AcDbEntity
  8
0
  6
ByBlock
 62
     0
100
AcDbLine
 10
24.0
 20
37.0
 30
0.0
 11
24.0
 21
35.0
 31
0.0
  0
LINE
  5
FF
330
F2
100
AcDbEntity
  8
0
  6
ByBlock
 62
     0
100
AcDbLine
 10
23.0
 20
-34.0
 30
0.0
 11
2.0
 21
-34.0
 31
0.0
  0
LINE
  5
100
330
F2
100
AcDbEntity
  8
0
  6
ByBlock
 62
     0
100
AcDbLine
 10
24.0
 20
-35.0
 30
0.0
 11
23.0
 21
-34.0
 31
0.0
  0
LINE
  5
101
330
F2
100
AcDbEntity
  8
0
  6
ByBlock
 62
     0
100
AcDbLine
 10
24.0
 20
-37.0
 30
0.0
 11
24.0
 21
-35.0
 31
0.0
  0
LWPOLYLINE
  5
102
330
F2
100
AcDbEntity
  8
0
  6
ByBlock
 62
     0
100
AcDbPolyline
 90
       16
 70
     1
 43
0.0
 10
1.0
 20
-39.0
 10
1.0
 20
-34.0
 10
0.0
 20
-34.0
 10
0.0
 20
34.0
 10
1.0
 20
34.0
 10
1.0
 20
39.0
 10
23.0
 20
39.0
 10
24.0
 20
37.0
 10
27.0
 20
37.0
 10
27.0
 20
34.0
 10
33.0
 20
34.0
 10
33.0
 20
-34.0
 10
27.0
 20
-34.0
 10
27.0
 20
-37.0
 10
24.0
 20
-37.0
 10
23.0
 20
-39.0
  0
ENDBLK
  5
103
330
F2
100
AcDbEntity
  8
0
100
AcDbBlockEnd
  0
BLOCK
  5
36
330
33
100
AcDbEntity
  8
0
100
AcDbBlockBegin
  2
_ARCHTICK
 70
     0
 10
0.0
 20
0.0
 30
0.0
  3
_ARCHTICK
  1

  0
LWPOLYLINE
  5
37
330
33
100
AcDbEntity
  8
0
  6
ByBlock
 62
     0
100
AcDbPolyline
 90
        2
 70
     0
 43
0.15
 10
-0.5
 20
-0.5
 10
0.5
 20
0.5
  0
ENDBLK
  5
38
330
33
100
AcDbEntity
  8
0
100
AcDbBlockEnd
  0
BLOCK
  5
20F
330
20C
100
AcDbEntity
  8
0
100
AcDbBlockBegin
  2
M_C5
 70
     2
 10
0.0
 20
0.0
 30
0.0
  3
M_C5
  1

  0
LINE
  5
210
330
20C
100
AcDbEntity
  8
0
100
AcDbLine
 10
25.53403393035843
 20
75.43189319191879
 30
0.0
 11
151.976158361067
 21
50.03246236002269
 31
0.0
  0
LINE
  5
211
330
20C
100
AcDbEntity
  8
0
100
AcDbLine
 10
48.33521730783104
 20
20.58951348862501
 30
0.0
 11
102.0785434169302
 21
-123.2070248560467
 31
0.0
  0
LINE
  5
212
330
20C
100
AcDbEntity
  8
0
100
AcDbLine
 10
42.31323223001527
 20
52.59037386479214
 30
0.0
 11
156.1122218071468
 21
-35.05672834750294
 31
0.0
  0
LINE
  5
213
330
20C
100
AcDbEntity
  8
0
100
AcDbLine
 10
40.54031767207198
 20
-2.332965136227358
 30
0.0
 11
5.081947024460531
 21
-160.0161421951379
 31
0.0
  0
LINE
  5
214
330
20C
100
AcDbEntity
  8
0
100
AcDbLine
 10
12.1610811973369
 20
83.25872809370229
 30
0.0
 11
111.8935306657804
 21
114.3671185050116
 31
0.0
  0
LINE
  5
215
330
20C
100
AcDbEntity
  8
0
100
AcDbLine
 10
-28.08119270529278
 20
85.57385741383951
 30
0.0
 11
7.413737712297004
 21
159.8281467487104
 31
0.0
  0
LINE
  5
216
330
20C
100
AcDbEntity
  8
0
100
AcDbLine
 10
-8.992281119622928
 20
87.95501956535735
 30
0.0
 11
58.67843228853597
 21
149.1512966760219
 31
0.0
  0
LINE
  5
217
330
20C
100
AcDbEntity
  8
0
100
AcDbLine
 10
-53.99105266266269
 20
-14.06874431869437
 30
0.0
 11
-153.5547980225383
 21
44.95468834566416
 31
0.0
  0
LINE
  5
218
330
20C
100
AcDbEntity
  8
0
100
AcDbLine
 10
-60.16192104374932
 20
62.68461325480894
 30
0.0
 11
-49.63460429589031
 21
152.1065615165353
 31
0.0
  0
LINE
  5
219
330
20C
100
AcDbEntity
  8
0
100
AcDbLine
 10
-70.82901607836537
 20
21.28130988847079
 30
0.0
 11
-105.5706513122422
 21
120.2282728042846
 31
0.0
  0
CIRCLE
  5
21A
330
20C
100
AcDbEntity
  8
0
100
AcDbCircle
 10
0.0
 20
0.0
 30
0.0
 40
160.0
  0
CIRCLE
  5
21B
330
20C
100
AcDbEntity
  8
0
100
AcDbCircle
 10
-11.20591059033177
 20
27.9958680989912
 30
0.0
 40
60.0
  0
LINE
  5
21C
330
20C
100
AcDbEntity
  8
0
100
AcDbLine
 10
14.47907216040039
 20
-26.22849599220535
 30
0.0
 11
-99.14332800768171
 21
-125.5810515625417
 31
0.0
  0
LINE
  5
21D
330
20C
100
AcDbEntity
  8
0
100
AcDbLine
 10
-26.44012613309314
 20
-30.03790376529833
 30
0.0
 11
-152.9726097377861
 21
-46.89755505358152
 31
0.0
  0
ATTDEF
  5
21E
330
20C
100
AcDbEntity
  8
0
100
AcDbText
 10
0.0
 20
0.0
 30
0.0
 40
0.5
  1
320
 41
0.8
100
AcDbAttributeDefinition
280
     0
  3
XSIZE
  2
XSIZE
 70
     9
280
     0
  0
ATTDEF
  5
21F
330
20C
100
AcDbEntity
  8
0
100
AcDbText
 10
0.0
 20
0.0
 30
0.0
 40
0.5
  1
320
 41
0.8
100
AcDbAttributeDefinition
280
     0
  3
YSIZE
  2
YSIZE
 70
     9
280
     0
  0
ENDBLK
  5
220
330
20C
100
AcDbEntity
  8
0
100
AcDbBlockEnd
  0
BLOCK
  5
2C9
330
2C8
100
AcDbEntity
  8
0
100
AcDbBlockBegin
  2
A$C14555FE0
 70
     0
 10
0.0
 20
0.0
 30
0.0
  3
A$C14555FE0
  1

  0
LWPOLYLINE
  5
2CA
330
2C8
100
AcDbEntity
  8
LV
100
AcDbPolyline
 90
       16
 70
     1
 43
0.0
 10
221.5320171240601
 20
-212.5501437886269
 42
-0.1353250897898321
 10
168.128392443119
 20
-197.8244041489233
 42
-0.1069056115425877
 10
117.2180061966646
 20
-150.2940301412745
 42
-0.0818828323807992
 10
85.89186881322531
 20
-84.32188162846433
 42
-0.0701039261336648
 10
74.01495519245509
 20
-0.0032353471033275
 42
-0.0701039261336652
 10
85.89894872272271
 20
84.3144133726164
 42
-0.0818828323807983
 10
117.2306254538707
 20
150.2839313033619
 42
-0.1069056115425893
 10
168.1450024853693
 20
197.8100303706451
 42
-0.1353250897898379
 10
221.5498634486575
 20
212.5312858367688
 42
-0.1353250897898329
 10
274.953488129715
 20
197.8055461970653
 42
-0.1069056115425877
 10
325.863874376053
 20
150.2751721894019
 42
-0.0818828323807992
 10
357.1900117593759
 20
84.30302367637343
 42
-0.0701039261336658
 10
369.0669253802334
 20
-0.0156226047547534
 42
-0.0701039261336657
 10
357.1829318498785
 20
-84.33327132464908
 42
-0.0818828323807977
 10
325.8512551188469
 20
-150.30278925522
 42
-0.1069056115425858
 10
274.9368780872319
 20
-197.8288883225032
 42
-0.1353250897898349
  0
LWPOLYLINE
  5
2CE
330
2C8
100
AcDbEntity
  8
LV
100
AcDbPolyline
 90
       16
 70
     1
 43
0.0
 10
192.6255035909708
 20
-241.4542302044865
 42
-0.1296411155611918
 10
128.1767496151733
 20
-224.455269647413
 42
-0.1064128676310377
 10
67.87268605511053
 20
-170.7310920228483
 42
-0.0844854343685823
 10
30.32175808743341
 20
-95.4019277102634
 42
-0.073610345331415
 10
16.20431512140203
 20
-0.0008081328705885
 42
-0.0736103453314152
 10
30.32976866976242
 20
95.39912569576699
 42
-0.0844854343685818
 10
67.88702173696947
 20
170.7251366701675
 42
-0.1064128676310415
 10
128.195596191159
 20
224.444250499364
 42
-0.1296411155611935
 10
192.6457773068105
 20
241.437799369829
 42
-0.1296411155611975
 10
257.0945312825206
 20
224.4388388125808
 42
-0.1064128676310372
 10
317.3985948426707
 20
170.7146611882053
 42
-0.0844854343685832
 10
354.9495228103187
 20
95.38549687548949
 42
-0.0736103453314148
 10
369.0669657764666
 20
-0.0156227016705088
 42
-0.0736103453314154
 10
354.9415122280188
 20
-95.41555653048272
 42
-0.0844854343685807
 10
317.3842591606954
 20
-170.7415675048105
 42
-0.1064128676310396
 10
257.0756847066223
 20
-224.4606813340215
 42
-0.1296411155611968
  0
LWPOLYLINE
  5
2CF
330
2C8
100
AcDbEntity
  8
LV
100
AcDbPolyline
 90
       16
 70
     1
 43
0.0
 10
198.0995549302896
 20
-263.1327600460063
 42
-0.1264059156812979
 10
125.3624061025912
 20
-244.4421878102294
 42
-0.1060136522014799
 10
58.01756820376613
 20
-186.0596099548129
 42
-0.0859747093926277
 10
15.79214931782917
 20
-103.7086434023513
 42
-0.0757213043804211
 10
0.0
 20
0.0
 42
-0.075721304380421
 10
15.80061436636606
 20
103.7073540403798
 42
-0.0859747093926274
 10
58.03275491649401
 20
186.0548737162171
 42
-0.1060136522014799
 10
125.3823580030002
 20
244.4319544307946
 42
-0.1264059156812981
 10
198.1210321850375
 20
263.1165895166196
 42
-0.1264059156813012
 10
270.8581810127071
 20
244.4260172807117
 42
-0.1060136522014812
 10
338.2030189113867
 20
186.0434394252952
 42
-0.0859747093926275
 10
380.4284377974691
 20
103.6924728728336
 42
-0.0757213043804209
 10
396.2205871152692
 20
-0.0161705292848637
 42
-0.0757213043804216
 10
380.4199727489322
 20
-103.7235245697811
 42
-0.0859747093926285
 10
338.1878321986587
 20
-186.071044245502
 42
-0.1060136522014808
 10
270.838229112298
 20
-244.4481249600794
 42
-0.1264059156812981
  0
CIRCLE
  5
2D0
330
2C8
100
AcDbEntity
  8
LV
100
AcDbCircle
 10
178.1999998599058
 20
-0.0070732857129769
 30
0.0000000000000643
 40
22.5
  0
ARC
  5
2D1
330
2C8
100
AcDbEntity
  8
LV
100
AcDbCircle
 10
88.94977934961206
 20
181.9420728853583
 30
0.0000000000000643
 40
41.38907400000031
100
AcDbArc
 50
220.3080549354966
 51
318.3141944967066
  0
ARC
  5
2D2
330
2C8
100
AcDbEntity
  8
LV
100
AcDbCircle
 10
89.26205864720396
 20
-182.9759905469982
 30
0.0000000000000643
 40
41.77963800000006
100
AcDbArc
 50
42.23139449670674
 51
139.1352428758114
  0
ENDBLK
  5
2D3
330
2C8
100
AcDbEntity
  8
0
100
AcDbBlockEnd
  0
BLOCK
  5
3B4
330
3B3
100
AcDbEntity
  8
0
100
AcDbBlockBegin
  2
M_C25MYD
 70
     2
 10
0.0
 20
0.0
 30
0.0
  3
M_C25MYD
  1

  0
ATTDEF
  5
3B5
330
3B3
100
AcDbEntity
  8
0
100
AcDbText
 10
0.0
 20
0.0
 30
0.0
 40
0.5
  1
1500
 41
0.8
100
AcDbAttributeDefinition
280
     0
  3
XSIZE
  2
XSIZE
 70
     9
280
     0
  0
ATTDEF
  5
3B6
330
3B3
100
AcDbEntity
  8
0
100
AcDbText
 10
0.0
 20
0.0
 30
0.0
 40
0.5
  1
1809
 41
0.8
100
AcDbAttributeDefinition
280
     0
  3
YSIZE
  2
YSIZE
 70
     9
280
     0
  0
ARC
  5
3B7
330
3B3
100
AcDbEntity
  8
0
100
AcDbCircle
 10
586.5686522093747
 20
837.3256258168112
 30
0.0
 40
10.0
100
AcDbArc
 50
337.3300087844919
 51
49.27345668957975
  0
ARC
  5
3B8
330
3B3
100
AcDbEntity
  8
0
100
AcDbCircle
 10
387.1868394783632
 20
605.7399825761859
 30
0.0
 40
315.5896225382623
100
AcDbArc
 50
49.27345668957811
 51
88.23486215354654
  0
ARC
  5
3B9
330
3B3
100
AcDbEntity
  8
0
100
AcDbCircle
 10
577.3412513892635
 20
841.1798538984147
 30
0.0
 40
20.0
100
AcDbArc
 50
270.0
 51
337.3300087844904
  0
ARC
  5
3BA
330
3B3
100
AcDbEntity
  8
0
100
AcDbCircle
 10
504.8412513892635
 20
753.6798538984148
 30
0.0
 40
67.5
100
AcDbArc
 50
0.0000000000000509
 51
90.0
  0
ARC
  5
3BB
330
3B3
100
AcDbEntity
  8
0
100
AcDbCircle
 10
703.9281321049145
 20
341.9177540961064
 30
0.0
 40
50.0
100
AcDbArc
 50
0.0
 51
90.0
  0
ARC
  5
3BC
330
3B3
100
AcDbEntity
  8
0
100
AcDbCircle
 10
504.8412513892635
 20
528.6798538984148
 30
0.0
 40
67.5
100
AcDbArc
 50
270.0
 51
0.0000000000000382
  0
ARC
  5
3BD
330
3B3
100
AcDbEntity
  8
0
100
AcDbCircle
 10
703.9281321049145
 20
-308.0822459038937
 30
0.0
 40
50.0
100
AcDbArc
 50
270.0
 51
0.0
  0
LINE
  5
3BE
330
3B3
100
AcDbEntity
  8
0
100
AcDbLine
 10
753.9281321049145
 20
-308.0822459038937
 30
0.0
 11
753.9281321049145
 21
341.9177540961064
 31
0.0
  0
LINE
  5
3BF
330
3B3
100
AcDbEntity
  8
0
100
AcDbLine
 10
572.3412513892635
 20
753.6798538984148
 30
0.0
 11
572.3412513892635
 21
528.6798538984148
 31
0.0
  0
ARC
  5
3C0
330
3B3
100
AcDbEntity
  8
0
100
AcDbCircle
 10
586.5686522093747
 20
-803.4901176245949
 30
0.0
 40
10.0
100
AcDbArc
 50
310.7265433104211
 51
22.66999121550814
  0
ARC
  5
3C1
330
3B3
100
AcDbEntity
  8
0
100
AcDbCircle
 10
387.1868394783651
 20
-571.9044743839731
 30
0.0
 40
315.5896225382623
100
AcDbArc
 50
271.7651378464534
 51
310.7265433104219
  0
ARC
  5
3C2
330
3B3
100
AcDbEntity
  8
0
100
AcDbCircle
 10
577.3412513892635
 20
-807.3443457061982
 30
0.0
 40
20.0
100
AcDbArc
 50
22.66999121550957
 51
90.0
  0
ARC
  5
3C3
330
3B3
100
AcDbEntity
  8
0
100
AcDbCircle
 10
504.8412513892635
 20
-719.8443457061983
 30
0.0
 40
67.5
100
AcDbArc
 50
270.0
 51
0.0
  0
LINE
  5
3C4
330
3B3
100
AcDbEntity
  8
0
100
AcDbLine
 10
572.3412513892635
 20
-719.8443457061983
 30
0.0
 11
572.3412513892635
 21
-494.8443457061983
 31
0.0
  0
ARC
  5
3C5
330
3B3
100
AcDbEntity
  8
0
100
AcDbCircle
 10
504.8412513892635
 20
-494.8443457061983
 30
0.0
 40
67.5
100
AcDbArc
 50
0.0
 51
90.0
  0
ARC
  5
3C6
330
3B3
100
AcDbEntity
  8
0
100
AcDbCircle
 10
189.8412513892635
 20
753.6798538984148
 30
0.0
 40
67.5
100
AcDbArc
 50
90.0
 51
180.0
  0
ARC
  5
3C7
330
3B3
100
AcDbEntity
  8
0
100
AcDbCircle
 10
-100.2575863593229
 20
837.3256258168112
 30
0.0
 40
10.0
100
AcDbArc
 50
337.3300087844919
 51
49.27345668957975
  0
ARC
  5
3C8
330
3B3
100
AcDbEntity
  8
0
100
AcDbCircle
 10
-109.484987179434
 20
841.1798538984147
 30
0.0
 40
20.0
100
AcDbArc
 50
270.0
 51
337.3300087844904
  0
ARC
  5
3C9
330
3B3
100
AcDbEntity
  8
0
100
AcDbCircle
 10
307.4956633001621
 20
605.7399825761859
 30
0.0
 40
315.5896225382623
100
AcDbArc
 50
91.76513784645344
 51
130.7265433104219
  0
ARC
  5
3CA
330
3B3
100
AcDbEntity
  8
0
100
AcDbCircle
 10
108.1138505691524
 20
837.3256258168112
 30
0.0
 40
10.0
100
AcDbArc
 50
130.7265433104212
 51
202.6699912155081
  0
ARC
  5
3CB
330
3B3
100
AcDbEntity
  8
0
100
AcDbCircle
 10
117.3412513892635
 20
841.1798538984147
 30
0.0
 40
20.0
100
AcDbArc
 50
202.6699912155095
 51
270.0
  0
LINE
  5
3CC
330
3B3
100
AcDbEntity
  8
0
100
AcDbLine
 10
-389.0515543375514
 20
921.1798538984147
 30
0.0
 11
-289.9184200213149
 21
921.1798538984147
 31
0.0
  0
ARC
  5
3CD
330
3B3
100
AcDbEntity
  8
0
100
AcDbCircle
 10
-569.484987179434
 20
841.1798538984147
 30
0.0
 40
20.0
100
AcDbArc
 50
202.6699912155095
 51
270.0
  0
ARC
  5
3CE
330
3B3
100
AcDbEntity
  8
0
100
AcDbCircle
 10
-496.9849871794338
 20
753.6798538984148
 30
0.0
 40
67.5
100
AcDbArc
 50
90.0
 51
180.0
  0
ARC
  5
3CF
330
3B3
100
AcDbEntity
  8
0
100
AcDbCircle
 10
-578.7123879995451
 20
837.3256258168112
 30
0.0
 40
10.0
100
AcDbArc
 50
130.7265433104212
 51
202.6699912155081
  0
ARC
  5
3D0
330
3B3
100
AcDbEntity
  8
0
100
AcDbCircle
 10
-379.3305752685355
 20
605.7399825761859
 30
0.0
 40
315.5896225382623
100
AcDbArc
 50
91.76513784645344
 51
130.7265433104219
  0
ARC
  5
3D1
330
3B3
100
AcDbEntity
  8
0
100
AcDbCircle
 10
-339.484987179434
 20
-1856.658396822641
 30
0.0
 40
2712.716921149136
100
AcDbArc
 50
84.80230403154592
 51
95.19769596845412
  0
ARC
  5
3D2
330
3B3
100
AcDbEntity
  8
0
100
AcDbCircle
 10
-299.6393990903343
 20
605.7399825761859
 30
0.0
 40
315.5896225382623
100
AcDbArc
 50
49.27345668957811
 51
88.23486215354654
  0
ARC
  5
3D3
330
3B3
100
AcDbEntity
  8
0
100
AcDbCircle
 10
-181.984987179434
 20
753.6798538984148
 30
0.0
 40
67.5
100
AcDbArc
 50
0.0000000000000509
 51
90.0
  0
LINE
  5
3D4
330
3B3
100
AcDbEntity
  8
0
100
AcDbLine
 10
-569.484987179434
 20
821.1798538984149
 30
0.0
 11
-109.484987179434
 21
821.1798538984149
 31
0.0
  0
ARC
  5
3D5
330
3B3
100
AcDbEntity
  8
0
100
AcDbCircle
 10
189.8412513892635
 20
528.6798538984148
 30
0.0
 40
67.5
100
AcDbArc
 50
180.0
 51
270.0
  0
ARC
  5
3D6
330
3B3
100
AcDbEntity
  8
0
100
AcDbCircle
 10
-496.9849871794338
 20
528.6798538984148
 30
0.0
 40
67.5
100
AcDbArc
 50
180.0
 51
270.0
  0
LINE
  5
3D7
330
3B3
100
AcDbEntity
  8
0
100
AcDbLine
 10
-496.9849871794338
 20
461.1798538984148
 30
0.0
 11
-181.984987179434
 21
461.1798538984148
 31
0.0
  0
LINE
  5
3D8
330
3B3
100
AcDbEntity
  8
0
100
AcDbLine
 10
-181.984987179434
 20
-427.3443457062021
 30
0.0
 11
-496.9849871794338
 21
-427.3443457062021
 31
0.0
  0
ARC
  5
3D9
330
3B3
100
AcDbEntity
  8
0
100
AcDbCircle
 10
-181.984987179434
 20
528.6798538984148
 30
0.0
 40
67.5
100
AcDbArc
 50
270.0
 51
0.0000000000000382
  0
LINE
  5
3DA
330
3B3
100
AcDbEntity
  8
0
100
AcDbLine
 10
-564.484987179434
 20
753.6798538984148
 30
0.0
 11
-564.484987179434
 21
528.6798538984148
 31
0.0
  0
LINE
  5
3DB
330
3B3
100
AcDbEntity
  8
0
100
AcDbLine
 10
-114.484987179434
 20
753.6798538984148
 30
0.0
 11
-114.484987179434
 21
528.6798538984148
 31
0.0
  0
LINE
  5
3DC
330
3B3
100
AcDbEntity
  8
0
100
AcDbLine
 10
122.3412513892635
 20
753.6798538984148
 30
0.0
 11
122.3412513892635
 21
528.6798538984148
 31
0.0
  0
LINE
  5
3DD
330
3B3
100
AcDbEntity
  8
0
100
AcDbLine
 10
-746.0718678950853
 20
341.9177540961064
 30
0.0
 11
-746.0718678950853
 21
-308.0822459038937
 31
0.0
  0
ARC
  5
3DE
330
3B3
100
AcDbEntity
  8
0
100
AcDbCircle
 10
-696.0718678950853
 20
-308.0822459038937
 30
0.0
 40
50.0
100
AcDbArc
 50
180.0
 51
270.0
  0
ARC
  5
3DF
330
3B3
100
AcDbEntity
  8
0
100
AcDbCircle
 10
-696.0718678950853
 20
341.9177540961064
 30
0.0
 40
50.0
100
AcDbArc
 50
90.0
 51
180.0
  0
ARC
  5
3E0
330
3B3
100
AcDbEntity
  8
0
100
AcDbCircle
 10
189.8412513892635
 20
-719.8443457061983
 30
0.0
 40
67.5
100
AcDbArc
 50
180.0
 51
270.0
  0
LINE
  5
3E1
330
3B3
100
AcDbEntity
  8
0
100
AcDbLine
 10
122.3412513892635
 20
-719.8443457061983
 30
0.0
 11
122.3412513892635
 21
-494.8443457061983
 31
0.0
  0
ARC
  5
3E2
330
3B3
100
AcDbEntity
  8
0
100
AcDbCircle
 10
-100.2575863593229
 20
-803.4901176245984
 30
0.0
 40
10.0
100
AcDbArc
 50
310.7265433104211
 51
22.66999121550814
  0
ARC
  5
3E3
330
3B3
100
AcDbEntity
  8
0
100
AcDbCircle
 10
-109.484987179434
 20
-807.3443457062021
 30
0.0
 40
20.0
100
AcDbArc
 50
22.66999121550957
 51
90.0
  0
LINE
  5
3E4
330
3B3
100
AcDbEntity
  8
0
100
AcDbLine
 10
-114.484987179434
 20
-719.8443457062019
 30
0.0
 11
-114.484987179434
 21
-494.8443457062021
 31
0.0
  0
ARC
  5
3E5
330
3B3
100
AcDbEntity
  8
0
100
AcDbCircle
 10
307.4956633001639
 20
-571.9044743839731
 30
0.0
 40
315.5896225382623
100
AcDbArc
 50
229.2734566895781
 51
268.2348621535465
  0
ARC
  5
3E6
330
3B3
100
AcDbEntity
  8
0
100
AcDbCircle
 10
108.1138505691524
 20
-803.4901176245949
 30
0.0
 40
10.0
100
AcDbArc
 50
157.3300087844918
 51
229.2734566895798
  0
ARC
  5
3E7
330
3B3
100
AcDbEntity
  8
0
100
AcDbCircle
 10
117.3412513892635
 20
-807.3443457061982
 30
0.0
 40
20.0
100
AcDbArc
 50
90.0
 51
157.3300087844904
  0
LINE
  5
3E8
330
3B3
100
AcDbEntity
  8
0
100
AcDbLine
 10
-289.9184200213167
 20
-887.344345706202
 30
0.0
 11
-389.0515543375532
 21
-887.344345706202
 31
0.0
  0
ARC
  5
3E9
330
3B3
100
AcDbEntity
  8
0
100
AcDbCircle
 10
-569.484987179434
 20
-807.3443457062021
 30
0.0
 40
20.0
100
AcDbArc
 50
90.0
 51
157.3300087844904
  0
ARC
  5
3EA
330
3B3
100
AcDbEntity
  8
0
100
AcDbCircle
 10
-496.9849871794338
 20
-719.8443457062019
 30
0.0
 40
67.5
100
AcDbArc
 50
180.0
 51
270.0
  0
ARC
  5
3EB
330
3B3
100
AcDbEntity
  8
0
100
AcDbCircle
 10
-578.7123879995451
 20
-803.4901176245984
 30
0.0
 40
10.0
100
AcDbArc
 50
157.3300087844918
 51
229.2734566895798
  0
LINE
  5
3EC
330
3B3
100
AcDbEntity
  8
0
100
AcDbLine
 10
-564.484987179434
 20
-719.8443457062019
 30
0.0
 11
-564.484987179434
 21
-494.8443457062021
 31
0.0
  0
ARC
  5
3ED
330
3B3
100
AcDbEntity
  8
0
100
AcDbCircle
 10
-379.3305752685337
 20
-571.9044743839731
 30
0.0
 40
315.5896225382623
100
AcDbArc
 50
229.2734566895781
 51
268.2348621535465
  0
ARC
  5
3EE
330
3B3
100
AcDbEntity
  8
0
100
AcDbCircle
 10
-339.484987179434
 20
1890.493905014853
 30
0.0
 40
2712.716921149136
100
AcDbArc
 50
264.8023040315459
 51
275.1976959684541
  0
ARC
  5
3EF
330
3B3
100
AcDbEntity
  8
0
100
AcDbCircle
 10
-299.6393990903325
 20
-571.9044743839731
 30
0.0
 40
315.5896225382623
100
AcDbArc
 50
271.7651378464534
 51
310.7265433104219
  0
ARC
  5
3F0
330
3B3
100
AcDbEntity
  8
0
100
AcDbCircle
 10
-181.984987179434
 20
-719.8443457062019
 30
0.0
 40
67.5
100
AcDbArc
 50
270.0
 51
0.0
  0
LINE
  5
3F1
330
3B3
100
AcDbEntity
  8
0
100
AcDbLine
 10
-109.484987179434
 20
-787.3443457062019
 30
0.0
 11
-569.484987179434
 21
-787.3443457062019
 31
0.0
  0
ARC
  5
3F2
330
3B3
100
AcDbEntity
  8
0
100
AcDbCircle
 10
-181.984987179434
 20
-494.8443457062021
 30
0.0
 40
67.5
100
AcDbArc
 50
0.0
 51
90.0
  0
ARC
  5
3F3
330
3B3
100
AcDbEntity
  8
0
100
AcDbCircle
 10
-496.9849871794338
 20
-494.8443457062021
 30
0.0
 40
67.5
100
AcDbArc
 50
90.0
 51
180.0
  0
ARC
  5
3F4
330
3B3
100
AcDbEntity
  8
0
100
AcDbCircle
 10
189.8412513892635
 20
-494.8443457061983
 30
0.0
 40
67.5
100
AcDbArc
 50
90.0
 51
180.0
  0
LINE
  5
3F5
330
3B3
100
AcDbEntity
  8
0
100
AcDbLine
 10
-696.0718678950853
 20
-358.0822459038937
 30
0.0
 11
703.9281321049145
 21
-358.0822459038937
 31
0.0
  0
ARC
  5
3F6
330
3B3
100
AcDbEntity
  8
0
100
AcDbCircle
 10
347.3412513892636
 20
1890.493905014857
 30
0.0
 40
2712.716921149136
100
AcDbArc
 50
264.8023040315459
 51
275.1976959684541
  0
LINE
  5
3F7
330
3B3
100
AcDbEntity
  8
0
100
AcDbLine
 10
577.3412513892635
 20
-787.3443457061982
 30
0.0
 11
117.3412513892635
 21
-787.3443457061982
 31
0.0
  0
LINE
  5
3F8
330
3B3
100
AcDbEntity
  8
0
100
AcDbLine
 10
396.9078185473809
 20
-887.3443457061984
 30
0.0
 11
297.7746842311443
 21
-887.3443457061984
 31
0.0
  0
LINE
  5
3F9
330
3B3
100
AcDbEntity
  8
0
100
AcDbLine
 10
504.8412513892635
 20
-427.3443457061985
 30
0.0
 11
189.8412513892635
 21
-427.3443457061985
 31
0.0
  0
LINE
  5
3FA
330
3B3
100
AcDbEntity
  8
0
100
AcDbLine
 10
703.9281321049145
 20
391.9177540961064
 30
0.0
 11
-696.0718678950853
 21
391.9177540961064
 31
0.0
  0
LINE
  5
3FB
330
3B3
100
AcDbEntity
  8
0
100
AcDbLine
 10
189.8412513892635
 20
461.1798538984148
 30
0.0
 11
504.8412513892635
 21
461.1798538984148
 31
0.0
  0
ARC
  5
3FC
330
3B3
100
AcDbEntity
  8
0
100
AcDbCircle
 10
347.3412513892636
 20
-1856.658396822641
 30
0.0
 40
2712.716921149136
100
AcDbArc
 50
84.80230403154592
 51
95.19769596845412
  0
LINE
  5
3FD
330
3B3
100
AcDbEntity
  8
0
100
AcDbLine
 10
117.3412513892635
 20
821.1798538984149
 30
0.0
 11
577.3412513892635
 21
821.1798538984149
 31
0.0
  0
LINE
  5
3FE
330
3B3
100
AcDbEntity
  8
0
100
AcDbLine
 10
297.7746842311463
 20
921.1798538984147
 30
0.0
 11
396.9078185473827
 21
921.1798538984147
 31
0.0
  0
ENDBLK
  5
3FF
330
3B3
100
AcDbEntity
  8
0
100
AcDbBlockEnd
  0
BLOCK
  5
209
330
208
100
AcDbEntity
  8
0
100
AcDbBlockBegin
  2
A$C19441411
 70
     0
 10
0.0
 20
0.0
 30
0.0
  3
A$C19441411
  1

  0
LWPOLYLINE
  5
20A
330
208
100
AcDbEntity
  8
F
100
AcDbPolyline
 90
        4
 70
     1
 43
0.0
 10
0.4486282663710881
 20
1965.430297137645
 10
450.4486060934432
 20
1965.300413863209
 10
450.5873104529746
 20
2415.300392837671
 10
0.5873326110013295
 20
2415.430276082305
  0
INSERT
  5
20B
330
208
100
AcDbEntity
  8
F
100
AcDbBlockReference
 66
     1
  2
M_C5
 10
-216.4073742078908
 20
2199.280149714498
 30
0.0
 41
-1.0
 43
-1.0
 50
270.016524208679
210
0.0
220
0.0
230
-1.0
  0
ATTRIB
  5
221
330
20B
100
AcDbEntity
  8
0
100
AcDbText
 10
215.9073742853652
 20
2199.280293910706
 30
0.0
 40
0.500000003632982
  1
320
 50
89.98347538113831
 41
0.7999999935417448
 71
     4
100
AcDbAttribute
280
     0
  2

 70
     9
280
     0
  0
ATTRIB
  5
222
330
20B
100
AcDbEntity
  8
0
100
AcDbText
 10
215.9073742853652
 20
2199.280293910706
 30
0.0
 40
0.500000003632982
  1
320
 50
89.98347538113831
 41
0.7999999935417448
 71
     4
100
AcDbAttribute
280
     0
  2

 70
     9
280
     0
  0
SEQEND
  5
223
330
20B
100
AcDbEntity
  8
F
  0
LWPOLYLINE
  5
224
330
208
100
AcDbEntity
  8
F
100
AcDbPolyline
 90
        4
 70
     1
 43
0.0
 10
0.4486282663710881
 20
450.0001072589657
 10
450.4486060934432
 20
450.1299905334017
 10
450.5873104529746
 20
0.1300115589401685
 10
0.5873326110013295
 20
0.0001283143064938
  0
INSERT
  5
225
330
208
100
AcDbEntity
  8
F
100
AcDbBlockReference
 66
     1
  2
M_C5
 10
-216.4073742078908
 20
216.1502546825795
 30
0.0
 43
-1.0
 50
269.983475791321
210
0.0
220
0.0
230
-1.0
  0
ATTRIB
  5
226
330
225
100
AcDbEntity
  8
0
100
AcDbText
 10
216.407374268194
 20
216.1502546909614
 30
0.0
 40
0.500000003632982
  1
320
 50
270.0165246188616
 41
0.7999999935417448
 71
     4
100
AcDbAttribute
280
     0
  2

 70
     9
280
     0
  0
ATTRIB
  5
227
330
225
100
AcDbEntity
  8
0
100
AcDbText
 10
216.407374268194
 20
216.1502546909614
 30
0.0
 40
0.500000003632982
  1
320
 50
270.0165246188616
 41
0.7999999935417448
 71
     4
100
AcDbAttribute
280
     0
  2

 70
     9
280
     0
  0
SEQEND
  5
228
330
225
100
AcDbEntity
  8
F
  0
ARC
  5
229
330
208
100
AcDbEntity
  8
F
100
AcDbCircle
 10
277.6551181591058
 20
627.8025445319363
 30
0.0
 40
630.9187499999998
100
AcDbArc
 50
73.72327079132188
 51
106.24368079132
  0
ARC
  5
22A
330
208
100
AcDbEntity
  8
F
100
AcDbCircle
 10
278.1937142261013
 20
2495.321966865857
 30
0.0
 40
630.9187499999998
100
AcDbArc
 50
253.7232707913237
 51
286.2436807913182
  0
ARC
  5
22B
330
208
100
AcDbEntity
  8
F
100
AcDbCircle
 10
277.9899211196753
 20
1788.692996253027
 30
0.0
 40
630.9187499999998
100
AcDbArc
 50
253.7232707913219
 51
286.24368079132
  0
ARC
  5
22C
330
208
100
AcDbEntity
  8
F
100
AcDbCircle
 10
277.4513250526506
 20
-78.82642608092282
 30
0.0
 40
630.9187499999998
100
AcDbArc
 50
73.7232707913237
 51
106.2436807913182
  0
LINE
  5
22D
330
208
100
AcDbEntity
  8
F
100
AcDbLine
 10
101.1725553114083
 20
1233.535467619542
 30
0.0
 11
454.4870406178231
 21
1233.433571066329
 31
0.0
  0
LINE
  5
22E
330
208
100
AcDbEntity
  8
F
100
AcDbLine
 10
454.6762770737987
 20
1889.589043778251
 30
0.0
 11
101.3617917673837
 21
1889.690940331464
 31
0.0
  0
LINE
  5
22F
330
208
100
AcDbEntity
  8
F
100
AcDbLine
 10
454.4724839673725
 20
1182.960073165392
 30
0.0
 11
101.1579986609576
 21
1183.061969718634
 31
0.0
  0
LINE
  5
230
330
208
100
AcDbEntity
  8
F
100
AcDbLine
 10
100.9687622049823
 20
526.906497006712
 30
0.0
 11
454.2832475113973
 21
526.8046004534698
 31
0.0
  0
LINE
  5
231
330
208
100
AcDbEntity
  8
F
100
AcDbLine
 10
126.6203756935428
 20
1965.3939088576
 30
0.0
 11
2048.949094350915
 21
1964.839505687822
 31
0.0
  0
LINE
  5
232
330
208
100
AcDbEntity
  8
F
100
AcDbLine
 10
2048.512394837133
 20
450.6345686603163
 30
0.0
 11
126.1836761797312
 21
451.1889718300952
 31
0.0
  0
ARC
  5
233
330
208
100
AcDbEntity
  8
F
100
AcDbCircle
 10
-6.298338322318159
 20
489.0823064632423
 30
0.0
 40
891.8299245817497
100
AcDbArc
 50
357.5507357913185
 51
39.52955679132047
  0
LINE
  5
234
330
208
100
AcDbEntity
  8
F
100
AcDbLine
 10
454.2832475113973
 20
526.8046004534698
 30
0.0
 11
454.4724839673725
 21
1182.960073165392
 31
0.0
  0
ARC
  5
235
330
208
100
AcDbEntity
  8
F
100
AcDbCircle
 10
-1148.57091496131
 20
366.7940386166156
 30
0.0
 40
1857.110829593249
100
AcDbArc
 50
2.599487791323487
 51
21.39041979131941
  0
LINE
  5
236
330
208
100
AcDbEntity
  8
F
100
AcDbLine
 10
2124.637506226601
 20
1889.107423860754
 30
0.0
 11
2124.2444766642
 21
526.3229805360023
 31
0.0
  0
ARC
  5
237
330
208
100
AcDbEntity
  8
F
100
AcDbCircle
 10
2048.927259375225
 20
1889.129258836445
 30
0.0
 40
75.71024999999997
100
AcDbArc
 50
359.983475791321
 51
89.98347579132097
  0
LINE
  5
238
330
208
100
AcDbEntity
  8
F
100
AcDbLine
 10
505.0515175841281
 20
1548.878376296605
 30
0.0
 11
505.1716099504265
 21
1965.284733979148
 31
0.0
  0
ARC
  5
239
330
208
100
AcDbEntity
  8
F
100
AcDbCircle
 10
1431.906959396758
 20
1602.340920027607
 30
0.0
 40
927.7513340864995
100
AcDbArc
 50
182.5232577913199
 51
216.0237867913188
  0
LINE
  5
23A
330
208
100
AcDbEntity
  8
F
100
AcDbLine
 10
706.7963035205612
 20
1031.466796210356
 30
0.0
 11
707.0656015540881
 21
1965.226507377316
 31
0.0
  0
LINE
  5
23B
330
208
100
AcDbEntity
  8
F
100
AcDbLine
 10
454.4870406178231
 20
1233.433571066329
 30
0.0
 11
454.6762770737987
 21
1889.589043778251
 31
0.0
  0
ARC
  5
23C
330
208
100
AcDbEntity
  8
F
100
AcDbCircle
 10
2088.651600586163
 20
1527.916802866181
 30
0.0
 40
1583.738807805
100
AcDbArc
 50
179.2416397913209
 51
197.7868427913204
  0
ARC
  5
23D
330
208
100
AcDbEntity
  8
F
100
AcDbCircle
 10
2048.534229812823
 20
526.344815511693
 30
0.0
 40
75.71024999999997
100
AcDbArc
 50
269.983475791321
 51
359.983475791321
  0
LINE
  5
23E
330
208
100
AcDbEntity
  8
F
100
AcDbLine
 10
-0.0000685725535732
 20
451.2253634562366
 30
0.0
 11
0.436630941258045
 21
1965.430300483771
 31
0.0
  0
LINE
  5
23F
330
208
100
AcDbEntity
  8
F
100
AcDbLine
 10
101.1579986609576
 20
1183.061969718634
 30
0.0
 11
100.9687622049823
 21
526.906497006712
 31
0.0
  0
LINE
  5
240
330
208
100
AcDbEntity
  8
F
100
AcDbLine
 10
50.47342932835454
 20
451.210806805786
 30
0.0
 11
50.91012884216616
 21
1965.415743833291
 31
0.0
  0
LINE
  5
241
330
208
100
AcDbEntity
  8
F
100
AcDbLine
 10
50.91012884216616
 20
1965.415743833291
 30
0.0
 11
0.436630941258045
 21
1965.430300483771
 31
0.0
  0
ARC
  5
242
330
208
100
AcDbEntity
  8
F
100
AcDbCircle
 10
126.5985407178523
 20
1889.683662006224
 30
0.0
 40
75.71024999999997
100
AcDbArc
 50
89.98347579132097
 51
179.9834757913209
  0
LINE
  5
243
330
208
100
AcDbEntity
  8
F
100
AcDbLine
 10
101.3617917673837
 20
1889.690940331464
 30
0.0
 11
101.1725553114083
 21
1233.535467619542
 31
0.0
  0
LINE
  5
244
330
208
100
AcDbEntity
  8
F
100
AcDbLine
 10
50.47342932835454
 20
451.210806805786
 30
0.0
 11
-0.0000685725535732
 21
451.2253634562366
 31
0.0
  0
ARC
  5
245
330
208
100
AcDbEntity
  8
F
100
AcDbCircle
 10
126.2055111554218
 20
526.899218681472
 30
0.0
 40
75.71024999999997
100
AcDbArc
 50
179.9834757913209
 51
269.983475791321
  0
ENDBLK
  5
246
330
208
100
AcDbEntity
  8
0
100
AcDbBlockEnd
  0
BLOCK
  5
322
330
321
100
AcDbEntity
  8
0
100
AcDbBlockBegin
  2
A$C7C9A6AE1
 70
     0
 10
0.0
 20
0.0
 30
0.0
  3
A$C7C9A6AE1
  1

  0
LINE
  5
323
330
321
100
AcDbEntity
  8
0
100
AcDbLine
 10
534.2418233676543
 20
-423.910835875105
 30
-0.0000000001631712
 11
556.1612208426303
 21
-216.0251427882035
 31
-0.0000000002019415
  0
LINE
  5
324
330
321
100
AcDbEntity
  8
0
100
AcDbLine
 10
43.83881086351538
 20
-216.0251428627589
 30
0.0000000001653097
 11
65.75820839898368
 21
-423.9108359432897
 31
0.0000000001726547
  0
LINE
  5
325
330
321
100
AcDbEntity
  8
0
100
AcDbLine
 10
600.0000158251167
 20
-23.91083586554396
 30
-0.0000000002546751
 11
0.0000158251168614
 21
-23.91083595286
 31
0.0000000001754265
  0
LINE
  5
326
330
321
100
AcDbEntity
  8
0
100
AcDbLine
 10
0.0000158530892804
 20
-216.025142869159
 30
0.0000000001967349
 11
600.0000158530784
 21
-216.025142781823
 31
-0.0000000002333667
  0
ARC
  5
327
330
321
100
AcDbEntity
  8
0
100
AcDbCircle
 10
300.000015990383
 20
-1159.325853799431
 30
0.0000000133170606
 40
1159.325876198852
100
AcDbArc
 50
78.34313617833466
 51
101.6568638383465
  0
LINE
  5
328
330
321
100
AcDbEntity
  8
0
100
AcDbLine
 10
0.0000158251168614
 20
-23.91083595286
 30
0.0000000001754265
 11
0.0000158530892804
 21
-216.025142869159
 31
0.0000000001967349
  0
LINE
  5
329
330
321
100
AcDbEntity
  8
0
100
AcDbLine
 10
600.0000158530784
 20
-216.025142781823
 30
-0.0000000002333667
 11
600.0000158251167
 21
-23.91083586554396
 31
-0.0000000002546751
  0
TEXT
  5
32A
330
321
100
AcDbEntity
  8
0
100
AcDbText
 10
-227.8942432672629
 20
-88.16009357045548
 30
-0.0000000001727744
 40
70.0
  1
TV
 50
179.9999999995409
210
-0.0000000000007168
220
-0.0000000000001109
230
-1.0
100
AcDbText
  0
LINE
  5
32B
330
321
100
AcDbEntity
  8
0
100
AcDbLine
 10
65.75820839898368
 20
-423.9108359432897
 30
0.0000000001726547
 11
534.2418233676543
 21
-423.910835875105
 31
-0.0000000001631712
  0
ENDBLK
  5
32C
330
321
100
AcDbEntity
  8
0
100
AcDbBlockEnd
  0
BLOCK
  5
343
330
342
100
AcDbEntity
  8
0
100
AcDbBlockBegin
  2
M_C3
 70
     2
 10
0.0
 20
0.0
 30
0.0
  3
M_C3
  1

  0
ATTDEF
  5
344
330
342
100
AcDbEntity
  8
0
100
AcDbText
 10
0.0
 20
0.000000000003638
 30
0.0
 40
0.5
  1
315
 41
0.8
100
AcDbAttributeDefinition
280
     0
  3
YSIZE
  2
YSIZE
 70
     9
280
     0
  0
ATTDEF
  5
345
330
342
100
AcDbEntity
  8
0
100
AcDbText
 10
0.0
 20
0.000000000003638
 30
0.0
 40
0.5
  1
639
 41
0.8
100
AcDbAttributeDefinition
280
     0
  3
XSIZE
  2
XSIZE
 70
     9
280
     0
  0
LINE
  5
346
330
342
100
AcDbEntity
  8
0
100
AcDbLine
 10
-319.3857718577419
 20
83.8900562134404
 30
0.0
 11
-239.1804157224469
 21
83.89005621343676
 31
0.0
  0
ARC
  5
347
330
342
100
AcDbEntity
  8
0
100
AcDbCircle
 10
0.0
 20
315.7294980298939
 30
0.0
 40
320.0
100
AcDbArc
 50
356.4494389165905
 51
183.5505610834095
  0
LINE
  5
348
330
342
100
AcDbEntity
  8
0
100
AcDbLine
 10
239.1804157224505
 20
83.8900562134404
 30
0.0
 11
319.3857718577419
 21
83.8900562134404
 31
0.0
  0
ARC
  5
349
330
342
100
AcDbEntity
  8
0
100
AcDbCircle
 10
0.0
 20
315.7294980298939
 30
0.0
 40
240.0
100
AcDbArc
 50
355.2635551297661
 51
184.736444870233
  0
LINE
  5
34A
330
342
100
AcDbEntity
  8
0
100
AcDbLine
 10
319.3857718577419
 20
295.912113368031
 30
0.0
 11
319.3857718577419
 21
83.8900562134404
 31
0.0
  0
LINE
  5
34B
330
342
100
AcDbEntity
  8
0
100
AcDbLine
 10
239.1804157224469
 20
295.912113368031
 30
0.0
 11
239.1804157224469
 21
0.000000000003638
 31
0.0
  0
LINE
  5
34C
330
342
100
AcDbEntity
  8
0
100
AcDbLine
 10
-239.1804157224469
 20
295.912113368031
 30
0.0
 11
-239.1804157224469
 21
0.0
 31
0.0
  0
LINE
  5
34D
330
342
100
AcDbEntity
  8
0
100
AcDbLine
 10
-239.1804157224469
 20
0.0
 30
0.0
 11
239.1804157224469
 21
0.000000000003638
 31
0.0
  0
LINE
  5
34E
330
342
100
AcDbEntity
  8
0
100
AcDbLine
 10
-319.3857718577419
 20
295.912113368031
 30
0.0
 11
-319.3857718577419
 21
83.8900562134404
 31
0.0
  0
ATTDEF
  5
34F
330
342
100
AcDbEntity
  8
0
100
AcDbText
 10
0.0
 20
0.0
 30
0.0
 40
0.5
  1
639
 41
0.8
100
AcDbAttributeDefinition
280
     0
  3
XSIZE
  2
XSIZE
 70
     9
280
     0
  0
ATTDEF
  5
350
330
342
100
AcDbEntity
  8
0
100
AcDbText
 10
0.0
 20
0.0
 30
0.0
 40
0.5
  1
315
 41
0.8
100
AcDbAttributeDefinition
280
     0
  3
YSIZE
  2
YSIZE
 70
     9
280
     0
  0
ENDBLK
  5
351
330
342
100
AcDbEntity
  8
0
100
AcDbBlockEnd
  0
BLOCK
  5
5DF
330
5DE
100
AcDbEntity
  8
0
100
AcDbBlockBegin
  2
A$C30CA008E
 70
     0
 10
0.0
 20
0.0
 30
0.0
  3
A$C30CA008E
  1

  0
LINE
  5
5E0
330
5DE
100
AcDbEntity
  8
F
100
AcDbLine
 10
389.3434004355222
 20
1067.110853507736
 30
0.0
 11
389.343400437152
 21
467.1108535077364
 31
0.0
  0
LINE
  5
5E1
330
5DE
100
AcDbEntity
  8
F
100
AcDbLine
 10
489.3434004363371
 20
767.1108535082018
 30
0.0
 11
489.3434004366863
 21
642.1108535082021
 31
0.0
  0
LINE
  5
5E2
330
5DE
100
AcDbEntity
  8
F
100
AcDbLine
 10
489.3434004366863
 20
642.1108535082021
 30
0.0
 11
389.3434004368028
 21
592.1108535077364
 31
0.0
  0
LINE
  5
5E3
330
5DE
100
AcDbEntity
  8
F
100
AcDbLine
 10
143.7445394329261
 20
1253.706744105177
 30
0.0
 11
143.7445394175593
 21
1533.689030893234
 31
0.0
  0
ARC
  5
5E4
330
5DE
100
AcDbEntity
  8
F
100
AcDbCircle
 10
858.6024909571277
 20
767.0748448158556
 30
0.0
 40
864.7730894650736
100
AcDbArc
 50
145.7553427041465
 51
214.2446572947459
  0
LINE
  5
5E5
330
5DE
100
AcDbEntity
  8
F
100
AcDbLine
 10
143.7445394071983
 20
0.0005150445213076
 30
0.0
 11
143.74453942338
 21
280.44294554097
 31
0.0
  0
LINE
  5
5E6
330
5DE
100
AcDbEntity
  8
F
100
AcDbLine
 10
543.7445394314127
 20
0.000515036372235
 30
0.0
 11
143.7445394071983
 21
0.0005150445213076
 31
0.0
  0
LINE
  5
5E7
330
5DE
100
AcDbEntity
  8
F
100
AcDbLine
 10
143.7445394175593
 20
1533.689030893234
 30
0.0
 11
543.7445394208189
 21
1533.68903090604
 31
0.0
  0
LINE
  5
5E8
330
5DE
100
AcDbEntity
  8
F
100
AcDbLine
 10
143.7445394175593
 20
1533.689030893234
 30
0.0
 11
543.7445394208189
 21
1533.68903090604
 31
0.0
  0
LINE
  5
5E9
330
5DE
100
AcDbEntity
  8
F
100
AcDbLine
 10
143.7445394071983
 20
0.0005150445213076
 30
0.0
 11
543.7445394208189
 21
0.000515046849614
 31
0.0
  0
ARC
  5
5EA
330
5DE
100
AcDbEntity
  8
F
100
AcDbCircle
 10
1026.843400438083
 20
767.1108535095989
 30
0.0
 40
925.0
100
AcDbArc
 50
163.6295490001379
 51
196.3704510001475
  0
LINE
  5
5EB
330
5DE
100
AcDbEntity
  8
F
100
AcDbLine
 10
139.3434004388982
 20
467.1108535072708
 30
0.0
 11
139.3434004373848
 21
1067.110853507271
 31
0.0
  0
LINE
  5
5EC
330
5DE
100
AcDbEntity
  8
F
100
AcDbLine
 10
139.3434004373848
 20
1067.110853507271
 30
0.0
 11
389.3434004373848
 21
1067.110853507736
 31
0.0
  0
LINE
  5
5ED
330
5DE
100
AcDbEntity
  8
F
100
AcDbLine
 10
139.3434004388982
 20
467.1108535072708
 30
0.0
 11
389.3434004388982
 21
467.1108535077364
 31
0.0
  0
LINE
  5
5EE
330
5DE
100
AcDbEntity
  8
F
100
AcDbLine
 10
489.3434004363371
 20
767.1108535082018
 30
0.0
 11
489.3434004359876
 21
892.1108535082019
 31
0.0
  0
LINE
  5
5EF
330
5DE
100
AcDbEntity
  8
F
100
AcDbLine
 10
489.3434004359876
 20
892.1108535082019
 30
0.0
 11
389.3434004358713
 21
942.1108535077364
 31
0.0
  0
ENDBLK
  5
5F0
330
5DE
100
AcDbEntity
  8
0
100
AcDbBlockEnd
  0
BLOCK
  5
476
330
475
100
AcDbEntity
  8
0
100
AcDbBlockBegin
  2
A$C237D42E5
 70
     0
 10
0.0
 20
0.0
 30
0.0
  3
A$C237D42E5
  1

  0
LINE
  5
477
330
475
100
AcDbEntity
  8
F
100
AcDbLine
 10
1542.359323647546
 20
937.56840270877
 30
39758.14702732055
 11
1542.43155349301
 21
415.6421336067486
 31
39758.14702732055
  0
LINE
  5
478
330
475
100
AcDbEntity
  8
F
100
AcDbLine
 10
1590.544077957314
 20
108.3675630997295
 30
39758.14702732055
 11
1590.444291200721
 21
829.4175561949341
 31
39758.14702732055
  0
LINE
  5
479
330
475
100
AcDbEntity
  8
F
100
AcDbLine
 10
-0.0000149097304529
 20
865.2499535232271
 30
39758.14702732055
 11
0.1097505225225177
 21
72.09496111849694
 31
39758.14702732055
  0
LINE
  5
47A
330
475
100
AcDbEntity
  8
F
100
AcDbLine
 10
1374.114325258666
 20
937.5451191322316
 30
39758.14702732055
 11
1374.220764465699
 21
168.4251264973463
 31
39758.14702732055
  0
LINE
  5
47B
330
475
100
AcDbEntity
  8
F
100
AcDbLine
 10
1926.934287978485
 20
829.4641233480103
 30
39758.14702732055
 11
1927.034074735078
 21
108.414130252806
 31
39758.14702732055
  0
LINE
  5
47C
330
475
100
AcDbEntity
  8
F
100
AcDbLine
 10
2023.189041827918
 20
0.2699361894010508
 30
39758.14702732055
 11
2023.059319044351
 21
937.6349272131664
 31
39758.14702732055
  0
LINE
  5
47D
330
475
100
AcDbEntity
  8
F
100
AcDbLine
 10
1975.119042288246
 20
0.2632837389628548
 30
39758.14702732055
 11
1974.989319504675
 21
937.6282747627264
 31
39758.14702732055
  0
LINE
  5
47E
330
475
100
AcDbEntity
  8
F
100
AcDbLine
 10
72.22472850769918
 20
-0.0000595153596805
 30
39758.14702732055
 11
1903.01404297872
 21
0.2533050633028324
 31
39758.14702732055
  0
ARC
  5
47F
330
475
100
AcDbEntity
  8
F
100
AcDbCircle
 10
72.21474983203916
 20
72.10493979415693
 30
39758.14702732055
 40
72.10499999999997
100
AcDbArc
 50
180.0079292143711
 51
270.0079292143712
  0
LINE
  5
480
330
475
100
AcDbEntity
  8
F
100
AcDbLine
 10
1233.369291228446
 20
0.5005593325149677
 30
39758.14702732055
 11
1474.628759186522
 21
287.0256702105617
 31
39758.14702732055
  0
ARC
  5
481
330
475
100
AcDbEntity
  8
F
100
AcDbCircle
 10
583.0814408538389
 20
575.2530461021506
 30
39758.14702732055
 40
978.08341455
100
AcDbArc
 50
323.987695214375
 51
346.6151332143713
  0
ARC
  5
482
330
475
100
AcDbEntity
  8
F
100
AcDbCircle
 10
1758.868905751467
 20
-468.4491477999054
 30
39758.14702732055
 40
600.8749999999999
100
AcDbArc
 50
73.74772421437203
 51
106.2681342143702
  0
LINE
  5
483
330
475
100
AcDbEntity
  8
F
100
AcDbLine
 10
1927.034074735078
 20
108.414130252806
 30
39758.14702732055
 11
1590.544077957314
 21
108.3675630997295
 31
39758.14702732055
  0
ARC
  5
484
330
475
100
AcDbEntity
  8
F
100
AcDbCircle
 10
1903.004064303062
 20
72.35830437281947
 30
39758.14702732055
 40
72.10499999999997
100
AcDbArc
 50
270.0079292143712
 51
0.0079292143711379
  0
LINE
  5
485
330
475
100
AcDbEntity
  8
F
100
AcDbLine
 10
1975.119042288246
 20
0.2632837389628548
 30
39758.14702732055
 11
2023.189041827918
 21
0.2699361894010508
 31
39758.14702732055
  0
ARC
  5
486
330
475
100
AcDbEntity
  8
F
100
AcDbCircle
 10
1254.011556254929
 20
415.6022189041123
 30
39758.14702732055
 40
288.4199999999999
100
AcDbArc
 50
346.6151332143713
 51
0.0079292143711379
  0
ARC
  5
487
330
475
100
AcDbEntity
  8
F
100
AcDbCircle
 10
1254.003641139457
 20
472.7961206714261
 30
39758.14702732055
 40
288.4199999999999
100
AcDbArc
 50
319.9019992143732
 51
0.0079292143711379
  0
LINE
  5
488
330
475
100
AcDbEntity
  8
F
100
AcDbLine
 10
1902.884320195153
 20
937.6182960870663
 30
39758.14702732055
 11
72.09500572412799
 21
937.3649315084039
 31
39758.14702732055
  0
ARC
  5
489
330
475
100
AcDbEntity
  8
F
100
AcDbCircle
 10
72.10498439978803
 20
865.2599321988871
 30
39758.14702732055
 40
72.10499999999997
100
AcDbArc
 50
90.00792921437113
 51
180.0079292143711
  0
ARC
  5
48A
330
475
100
AcDbEntity
  8
F
100
AcDbCircle
 10
1758.609460184325
 20
1406.280834247646
 30
39758.14702732055
 40
600.8749999999999
100
AcDbArc
 50
253.747724214372
 51
286.2681342143702
  0
LINE
  5
48B
330
475
100
AcDbEntity
  8
F
100
AcDbLine
 10
1590.444291200721
 20
829.4175561949341
 30
39758.14702732055
 11
1926.934287978485
 21
829.4641233480103
 31
39758.14702732055
  0
ARC
  5
48C
330
475
100
AcDbEntity
  8
F
100
AcDbCircle
 10
1902.894298870811
 20
865.5132967775497
 30
39758.14702732055
 40
72.10499999999997
100
AcDbArc
 50
0.0079292143711379
 51
90.00792921437113
  0
LINE
  5
48D
330
475
100
AcDbEntity
  8
F
100
AcDbLine
 10
1974.989319504675
 20
937.6282747627264
 30
39758.14702732055
 11
2023.059319044351
 21
937.6349272131664
 31
39758.14702732055
  0
ENDBLK
  5
48E
330
475
100
AcDbEntity
  8
0
100
AcDbBlockEnd
  0
BLOCK
  5
619
330
618
100
AcDbEntity
  8
0
100
AcDbBlockBegin
  2
A$C0C2A2C94
 70
     0
 10
0.0
 20
0.0
 30
0.0
  3
A$C0C2A2C94
  1

  0
LINE
  5
61A
330
618
100
AcDbEntity
  8
WC
100
AcDbLine
 10
-0.000012297055946
 20
558.6393826203966
 30
39758.14702731684
 11
0.0012112478470954
 21
67.49975262190128
 31
39758.1470273201
  0
LINE
  5
61B
330
618
100
AcDbEntity
  8
WC
100
AcDbLine
 10
90.0010711155228
 20
123.749976832998
 30
39758.14702731974
 11
90.0000341383857
 21
539.9999768317066
 31
39758.14702731697
  0
LINE
  5
61C
330
618
100
AcDbEntity
  8
WC
100
AcDbLine
 10
719.9996697931162
 20
686.2515463101626
 30
39758.147027316
 11
720.0010711135726
 21
123.7515463119052
 31
39758.14702731974
  0
LINE
  5
61D
330
618
100
AcDbEntity
  8
WC
100
AcDbLine
 10
810.0012112453333
 20
67.50177052335128
 30
39758.1470273201
 11
809.9995296607923
 21
742.5017705212593
 31
39758.14702731562
  0
LINE
  5
61E
330
618
100
AcDbEntity
  8
WC
100
AcDbLine
 10
67.50137940609056
 20
-0.0000792194332462
 30
39758.14702732055
 11
742.5013794039987
 21
0.0016023651078285
 31
39758.14702732055
  0
LINE
  5
61F
330
618
100
AcDbEntity
  8
WC
100
AcDbLine
 10
686.2511551929018
 20
90.00146223277988
 30
39758.14702731995
 11
123.7511551946445
 21
90.0000609123308
 31
39758.14702731995
  0
ARC
  5
620
330
618
100
AcDbEntity
  8
WC
100
AcDbCircle
 10
123.7510711154209
 20
123.7500606487156
 30
39758.14702732055
 40
33.75000000000001
100
AcDbArc
 50
180.0001427373291
 51
270.0001427373292
  0
ARC
  5
621
330
618
100
AcDbEntity
  8
WC
100
AcDbCircle
 10
67.50121124764699
 20
67.49992051684967
 30
39758.14702732055
 40
67.50000000000001
100
AcDbArc
 50
180.0001427373291
 51
270.0001427373292
  0
ARC
  5
622
330
618
100
AcDbEntity
  8
WC
100
AcDbCircle
 10
742.5012112455553
 20
67.50160210139076
 30
39758.14702732055
 40
67.50000000000001
100
AcDbArc
 50
270.0001427373292
 51
0.0001427373291563
  0
ARC
  5
623
330
618
100
AcDbEntity
  8
WC
100
AcDbCircle
 10
686.2510711136748
 20
123.7514619691683
 30
39758.14702732055
 40
33.75000000000001
100
AcDbArc
 50
270.0001427373292
 51
0.0001427373291563
  0
LINE
  5
624
330
618
100
AcDbEntity
  8
WC
100
AcDbLine
 10
269.9995857152862
 20
720.0004252536964
 30
39758.14702731577
 11
90.0000341383857
 21
539.9999768317066
 31
39758.14702731697
  0
LINE
  5
625
330
618
100
AcDbEntity
  8
WC
100
AcDbLine
 10
219.5399943391203
 20
796.8201145471721
 30
39758.14702731527
 11
13.18009343232552
 21
590.4591854552418
 31
39758.14702731664
  0
ARC
  5
626
330
618
100
AcDbEntity
  8
WC
100
AcDbCircle
 10
44.99998770280945
 20
558.6394944625135
 30
39758.14702732055
 40
45.0
100
AcDbArc
 50
135.0001427373291
 51
180.0001427373291
  0
CIRCLE
  5
627
330
618
100
AcDbEntity
  8
WC
100
AcDbCircle
 10
585.0008188763093
 20
225.0012097311701
 30
39758.14702732055
 40
45.0
  0
ARC
  5
628
330
618
100
AcDbEntity
  8
WC
100
AcDbCircle
 10
251.3598436096945
 20
765.0003785543193
 30
39758.14702732055
 40
45.0
100
AcDbArc
 50
90.0001427373292
 51
135.0001427373291
  0
ARC
  5
629
330
618
100
AcDbEntity
  8
WC
100
AcDbCircle
 10
742.4995296610104
 20
742.5016020992951
 30
39758.14702732055
 40
67.50000000000001
100
AcDbArc
 50
0.0001427373291563
 51
90.0001427373292
  0
LINE
  5
62A
330
618
100
AcDbEntity
  8
WC
100
AcDbLine
 10
742.4993615025448
 20
810.001602362594
 30
39758.14702731518
 11
251.359731504057
 21
810.0003788176909
 31
39758.14702731518
  0
ARC
  5
62B
330
618
100
AcDbEntity
  8
WC
100
AcDbCircle
 10
686.2496697932256
 20
686.2514619674257
 30
39758.14702732055
 40
33.75000000000001
100
AcDbArc
 50
0.0001427373291563
 51
90.0001427373292
  0
LINE
  5
62C
330
618
100
AcDbEntity
  8
WC
100
AcDbLine
 10
269.9995857152862
 20
720.0004252536964
 30
39758.14702731577
 11
686.2495857139947
 21
720.0014622308263
 31
39758.14702731577
  0
ENDBLK
  5
62D
330
618
100
AcDbEntity
  8
0
100
AcDbBlockEnd
  0
BLOCK
  5
59B
330
59A
100
AcDbEntity
  8
0
100
AcDbBlockBegin
  2
A$C3E9936EE
 70
     2
 10
0.0
 20
0.0
 30
0.0
  3
A$C3E9936EE
  1

  0
ATTDEF
  5
59C
330
59A
100
AcDbEntity
  8
WC
100
AcDbText
 10
264.3775525826204
 20
0.5143289784791705
 30
39758.14702731787
 40
0.5000000000097442
  1
0
 50
359.4692850365979
 41
0.7999999999711133
 51
-179.9999999983131
  7
DIM_FONT
 71
     4
100
AcDbAttributeDefinition
280
     0
  3
YSIZE
  2
YSIZE
 70
     9
280
     0
  0
ATTDEF
  5
59D
330
59A
100
AcDbEntity
  8
WC
100
AcDbText
 10
264.3775525826204
 20
0.5143289784791705
 30
39758.14702731787
 40
0.5000000000097442
  1
500
 50
359.4692850365979
 41
0.7999999999711133
 51
-179.9999999983131
  7
DIM_FONT
 71
     4
100
AcDbAttributeDefinition
280
     0
  3
XSIZE
  2
XSIZE
 70
     9
280
     0
  0
LWPOLYLINE
  5
59E
330
59A
100
AcDbEntity
  8
WC
100
AcDbPolyline
 90
        7
 70
     0
 43
0.0
 38
39758.14702731787
 10
17.24908637805492
 20
260.7988458299551
 42
-0.0913411895620938
 10
74.00882913306124
 20
303.6970282015281
 42
-0.0662865502075287
 10
157.0956886854255
 20
332.4013872298419
 42
-0.0524280713320062
 10
267.5498235376435
 20
342.9816642877304
 42
-0.0524280713320062
 10
377.7890122833778
 20
330.3571075329528
 42
-0.0662865502075288
 10
460.3298841975627
 20
300.1185407490557
 42
-0.0917559001900751
 10
516.4987188595111
 20
255.9338800461701
 42
-0.1713771757304789
  0
LINE
  5
59F
330
59A
100
AcDbEntity
  8
WC
100
AcDbLine
 10
14.70836041323491
 20
91.97488158189299
 30
39758.14702731787
 11
14.67850928619737
 21
88.75225776677323
 31
39758.14702731787
  0
LWPOLYLINE
  5
5A0
330
59A
100
AcDbEntity
  8
WC
100
AcDbPolyline
 90
        7
 70
     0
 43
0.0
 38
39758.14702731787
 10
518.2342171388991
 20
86.68813804209639
 42
-0.0982083024350652
 10
457.9185469871697
 20
39.79896506461955
 42
-0.0662865502075282
 10
374.8316874348347
 20
11.09460603636398
 42
-0.0524280713320064
 10
264.3775525826168
 20
0.5143289784791705
 42
-0.0524280713320062
 10
154.1383638368825
 20
13.13888573325312
 42
-0.0662865502075287
 10
71.59749192269737
 20
43.37745251715023
 42
-0.0938759716040223
 10
14.34373725799378
 20
88.80648039658627
 42
-0.171377175730478
  0
LINE
  5
5A1
330
59A
100
AcDbEntity
  8
WC
100
AcDbLine
 10
17.36794687909423
 20
85.88706971692227
 30
39758.14702731787
 11
15.01124368477031
 21
87.99813689057556
 31
39758.14702731787
  0
ARC
  5
5A2
330
59A
100
AcDbEntity
  8
WC
100
AcDbCircle
 10
15.67846638750052
 20
88.74299517569667
 30
39758.14702731787
 40
1.0
100
AcDbArc
 50
179.4692850375123
 51
228.1469281427571
  0
CIRCLE
  5
5A3
330
59A
100
AcDbEntity
  8
WC
100
AcDbCircle
 10
265.0281663659261
 20
70.75232940346541
 30
39758.14702731787
 40
25.0
  0
CIRCLE
  5
5A4
330
59A
100
AcDbEntity
  8
WC
100
AcDbCircle
 10
265.0281663659261
 20
70.75232940346541
 30
39758.14702731787
 40
15.0
  0
LWPOLYLINE
  5
5A5
330
59A
100
AcDbEntity
  8
WC
100
AcDbPolyline
 90
        2
 70
     0
 43
0.0
 38
39758.14702731787
 10
518.2342171388991
 20
86.68813804209639
 42
0.1725462446217063
 10
516.4987188595111
 20
255.9338800461701
 42
0.7263952009259942
  0
LWPOLYLINE
  5
5A6
330
59A
100
AcDbEntity
  8
WC
100
AcDbPolyline
 90
        2
 70
     0
 43
0.0
 38
39758.14702731787
 10
12.16076461141347
 20
91.37589056334764
 42
-0.1725462446217063
 10
17.03113877793657
 20
260.5604424475932
 42
-0.7263952009259942
  0
ATTDEF
  5
5A7
330
59A
100
AcDbEntity
  8
WC
100
AcDbText
 10
264.3775525826204
 20
0.5143289784791705
 30
39758.14702731787
 40
0.5000000000097442
  1
0
 50
359.4692850366075
 41
0.7999999999856648
 51
-179.9999999983229
  7
DIM_FONT
 71
     4
100
AcDbAttributeDefinition
280
     0
  3
YSIZE
  2
YSIZE
 70
     9
280
     0
  0
ATTDEF
  5
5A8
330
59A
100
AcDbEntity
  8
WC
100
AcDbText
 10
264.3775525826204
 20
0.5143289784791705
 30
39758.14702731787
 40
0.5000000000097442
  1
500
 50
359.4692850366075
 41
0.7999999999856648
 51
-179.9999999983229
  7
DIM_FONT
 71
     4
100
AcDbAttributeDefinition
280
     0
  3
XSIZE
  2
XSIZE
 70
     9
280
     0
  0
ENDBLK
  5
5A9
330
59A
100
AcDbEntity
  8
0
100
AcDbBlockEnd
  0
BLOCK
  5
607
330
606
100
AcDbEntity
  8
0
100
AcDbBlockBegin
  2
A$C6A35453C
 70
     0
 10
0.0
 20
0.0
 30
0.0
  3
A$C6A35453C
  1

  0
LINE
  5
608
330
606
100
AcDbEntity
  8
WC
100
AcDbLine
 10
500.7612938917517
 20
471.0957406905181
 30
39758.14702731787
 11
497.8996739777794
 21
31.10504632134689
 31
39758.14702731787
  0
LINE
  5
609
330
606
100
AcDbEntity
  8
WC
100
AcDbLine
 10
439.8428515152918
 20
391.2401448704187
 30
39758.14702731787
 11
438.0250738167415
 21
111.74625824752
 31
39758.14702731787
  0
LINE
  5
60A
330
606
100
AcDbEntity
  8
WC
100
AcDbLine
 10
697.8954441455861
 20
29.80430999687087
 30
39758.14702731787
 11
700.7570640595586
 21
469.7950043659875
 31
39758.14702731787
  0
ARC
  5
60B
330
606
100
AcDbEntity
  8
WC
100
AcDbCircle
 10
287.9705308576959
 20
479.8680820626396
 30
39758.14702731787
 40
397.5299272150932
100
AcDbArc
 50
232.9892189914297
 51
292.1768885336704
  0
ARC
  5
60C
330
606
100
AcDbEntity
  8
WC
100
AcDbCircle
 10
527.8990395030087
 20
30.90993587269259
 30
39758.14702731787
 40
30.0
100
AcDbArc
 50
179.6273638647417
 51
269.6273638647403
  0
ARC
  5
60D
330
606
100
AcDbEntity
  8
WC
100
AcDbCircle
 10
667.8960786204153
 20
29.99942044552154
 30
39758.14702731787
 40
30.0
100
AcDbArc
 50
269.6273638647403
 51
359.6273638647417
  0
LINE
  5
60E
330
606
100
AcDbEntity
  8
WC
100
AcDbLine
 10
527.7039290542707
 20
0.9105703474961044
 30
39758.14702731787
 11
667.7009681717351
 21
0.0000549203796254
 31
39758.14702731787
  0
LINE
  5
60F
330
606
100
AcDbEntity
  8
WC
100
AcDbLine
 10
497.8286944184037
 20
81.35667182498947
 30
39758.14702731787
 11
267.8335587254842
 21
82.85251859820347
 31
39758.14702731787
  0
ARC
  5
610
330
606
100
AcDbEntity
  8
WC
100
AcDbCircle
 10
285.0128095202526
 20
25.10123526444659
 30
39758.14702731787
 40
397.5299272151005
100
AcDbArc
 50
67.07783919581429
 51
126.2655087380554
  0
ARC
  5
611
330
606
100
AcDbEntity
  8
WC
100
AcDbCircle
 10
109.7801515369428
 20
253.6339584266825
 30
39758.14702731787
 40
109.7823411183082
100
AcDbArc
 50
123.078221691104
 51
236.1765060383801
  0
ARC
  5
612
330
606
100
AcDbEntity
  8
WC
100
AcDbCircle
 10
530.7606594169228
 20
470.9006302418672
 30
39758.14702731787
 40
30.0
100
AcDbArc
 50
89.62736386474029
 51
179.6273638647403
  0
ARC
  5
613
330
606
100
AcDbEntity
  8
WC
100
AcDbCircle
 10
670.7576985343876
 20
469.990114814711
 30
39758.14702731787
 40
30.0
100
AcDbArc
 50
359.6273638647403
 51
89.62736386474029
  0
LINE
  5
614
330
606
100
AcDbEntity
  8
WC
100
AcDbLine
 10
670.9528089830674
 20
499.9894803398383
 30
39758.14702731787
 11
530.9557698656026
 21
500.8999957670091
 31
39758.14702731787
  0
LINE
  5
615
330
606
100
AcDbEntity
  8
WC
100
AcDbLine
 10
500.0366930143136
 20
420.8492894981718
 30
39758.14702731787
 11
270.0415573213359
 21
422.3451362713856
 31
39758.14702731787
  0
ENDBLK
  5
616
330
606
100
AcDbEntity
  8
0
100
AcDbBlockEnd
  0
BLOCK
  5
2EC
330
2EB
100
AcDbEntity
  8
0
 62
     4
100
AcDbBlockBegin
  2
M_C4
 70
     2
 10
0.0
 20
0.0
 30
0.0
  3
M_C4
  1

  0
ATTDEF
  5
2ED
330
2EB
100
AcDbEntity
  8
0
100
AcDbText
 10
225.0
 20
-150.0
 30
0.0
 40
0.5
  1
724
 41
0.8
100
AcDbAttributeDefinition
280
     0
  3
YSIZE
  2
YSIZE
 70
     9
280
     0
  0
ATTDEF
  5
2EE
330
2EB
100
AcDbEntity
  8
0
100
AcDbText
 10
225.0
 20
-150.0
 30
0.0
 40
0.5
  1
546
 41
0.8
100
AcDbAttributeDefinition
280
     0
  3
XSIZE
  2
XSIZE
 70
     9
280
     0
  0
LINE
  5
2EF
330
2EB
100
AcDbEntity
  8
0
100
AcDbLine
 10
100.0
 20
250.0
 30
0.0
 11
350.0
 21
250.0
 31
0.0
  0
LINE
  5
2F0
330
2EB
100
AcDbEntity
  8
0
100
AcDbLine
 10
363.2791389720515
 20
168.9093859652639
 30
0.0
 11
83.99603954766645
 21
168.9093859652639
 31
0.0
  0
LINE
  5
2F1
330
2EB
100
AcDbEntity
  8
0
100
AcDbLine
 10
187.4554112730548
 20
-106.9194440855644
 30
0.0
 11
56.82741089438787
 21
-335.6727376721102
 31
0.0
  0
LINE
  5
2F2
330
2EB
100
AcDbEntity
  8
0
100
AcDbLine
 10
450.0
 20
-150.0
 30
0.0
 11
0.0
 21
-150.0
 31
0.0
  0
LINE
  5
2F3
330
2EB
100
AcDbEntity
  8
0
100
AcDbLine
 10
450.0
 20
150.0
 30
0.0
 11
450.0
 21
-150.0
 31
0.0
  0
LINE
  5
2F4
330
2EB
100
AcDbEntity
  8
0
100
AcDbLine
 10
0.0
 20
-150.0
 30
0.0
 11
0.0
 21
150.0
 31
0.0
  0
LINE
  5
2F5
330
2EB
100
AcDbEntity
  8
0
100
AcDbLine
 10
187.4554112730548
 20
-106.9194440855644
 30
0.0
 11
546.68248393049
 21
-474.5586623724666
 31
0.0
  0
ARC
  5
2F6
330
2EB
100
AcDbEntity
  8
0
100
AcDbCircle
 10
100.0
 20
150.0
 30
0.0
 40
100.0
100
AcDbArc
 50
90.0
 51
180.0
  0
ARC
  5
2F7
330
2EB
100
AcDbEntity
  8
0
100
AcDbCircle
 10
350.0
 20
150.0
 30
0.0
 40
100.0
100
AcDbArc
 50
0.0
 51
90.0
  0
ATTDEF
  5
2F8
330
2EB
100
AcDbEntity
  8
0
100
AcDbText
 10
225.0
 20
-150.0
 30
0.0
 40
0.5
  1
546
 41
0.8
100
AcDbAttributeDefinition
280
     0
  3
XSIZE
  2
XSIZE
 70
     9
280
     0
  0
ATTDEF
  5
2F9
330
2EB
100
AcDbEntity
  8
0
100
AcDbText
 10
225.0
 20
-150.0
 30
0.0
 40
0.5
  1
724
 41
0.8
100
AcDbAttributeDefinition
280
     0
  3
YSIZE
  2
YSIZE
 70
     9
280
     0
  0
ATTDEF
  5
2FA
330
2EB
100
AcDbEntity
  8
0
100
AcDbText
 10
0.0
 20
0.0
 30
0.0
 40
0.5
  1
546
100
AcDbAttributeDefinition
280
     0
  3
XSIZE
  2
XSIZE
 70
     9
280
     0
  0
ATTDEF
  5
2FB
330
2EB
100
AcDbEntity
  8
0
100
AcDbText
 10
0.0
 20
0.0
 30
0.0
 40
0.5
  1
724
100
AcDbAttributeDefinition
280
     0
  3
YSIZE
  2
YSIZE
 70
     9
280
     0
  0
ENDBLK
  5
2FC
330
2EB
100
AcDbEntity
  8
0
 62
     4
100
AcDbBlockEnd
  0
BLOCK
  5
251
330
250
100
AcDbEntity
  8
0
100
AcDbBlockBegin
  2
_E0YYN
 70
     2
 10
0.0
 20
0.0
 30
0.0
  3
_E0YYN
  1

  0
ARC
  5
252
330
250
100
AcDbEntity
  8
LVTRY
100
AcDbCircle
 10
-589.5585712346948
 20
-0.0000000001164153
 30
0.0
 40
109.7823411183082
100
AcDbArc
 50
123.4508578263775
 51
236.5491421736505
  0
ARC
  5
253
330
250
100
AcDbEntity
  8
LVTRY
100
AcDbCircle
 10
-169.9999999999418
 20
-220.0000000000291
 30
0.0
 40
30.0
100
AcDbArc
 50
180.000000000014
 51
269.9999999996149
  0
ARC
  5
254
330
250
100
AcDbEntity
  8
LVTRY
100
AcDbCircle
 10
-29.99999999994179
 20
-220.0000000000291
 30
0.0
 40
30.0
100
AcDbArc
 50
269.9999999996149
 51
0.0000000000139888
  0
LINE
  5
255
330
250
100
AcDbEntity
  8
LVTRY
100
AcDbLine
 10
-169.9999999999418
 20
-250.0000000000291
 30
0.0
 11
-29.99999999994179
 21
-250.0000000000291
 31
0.0
  0
ARC
  5
256
330
250
100
AcDbEntity
  8
LVTRY
100
AcDbCircle
 10
-170.0000000000582
 20
219.9999999999709
 30
0.0
 40
30.0
100
AcDbArc
 50
89.99999999961486
 51
180.000000000014
  0
ARC
  5
257
330
250
100
AcDbEntity
  8
LVTRY
100
AcDbCircle
 10
-30.00000000005821
 20
219.9999999999709
 30
0.0
 40
30.0
100
AcDbArc
 50
0.0000000000139888
 51
89.99999999961486
  0
LINE
  5
258
330
250
100
AcDbEntity
  8
LVTRY
100
AcDbLine
 10
-30.00000000005821
 20
249.9999999999709
 30
0.0
 11
-170.0000000000582
 21
249.9999999999709
 31
0.0
  0
LINE
  5
259
330
250
100
AcDbEntity
  8
LVTRY
100
AcDbLine
 10
-200.0
 20
219.9999999999418
 30
0.0
 11
-199.9999999999418
 21
-220.0000000000582
 31
0.0
  0
LINE
  5
25A
330
250
100
AcDbEntity
  8
LVTRY
100
AcDbLine
 10
-260.3977986315731
 20
139.7498989044688
 30
0.0
 11
-260.3977986314567
 21
-139.7498989045853
 31
0.0
  0
LINE
  5
25B
330
250
100
AcDbEntity
  8
LVTRY
100
AcDbLine
 10
0.0000000000582077
 20
-220.0
 30
0.0
 11
0.0
 21
220.0
 31
0.0
  0
LINE
  5
25C
330
250
100
AcDbEntity
  8
LVTRY
100
AcDbLine
 10
-200.3977986315149
 20
-169.7498989045852
 30
0.0
 11
-430.3977986315149
 21
-169.7498989046144
 31
0.0
  0
LINE
  5
25D
330
250
100
AcDbEntity
  8
LVTRY
100
AcDbLine
 10
-200.3977986315731
 20
169.7498989044689
 30
0.0
 11
-430.3977986315731
 21
169.7498989044396
 31
0.0
  0
ARC
  5
25E
330
250
100
AcDbEntity
  8
LVTRY
100
AcDbCircle
 10
-412.8433152033249
 20
-227.3882324695878
 30
0.0
 40
397.5299272151005
100
AcDbArc
 50
67.4504753310881
 51
126.638144873329
  0
ARC
  5
25F
330
250
100
AcDbEntity
  8
LVTRY
100
AcDbCircle
 10
-412.8433152034411
 20
227.388232469355
 30
0.0
 40
397.5299272150932
100
AcDbArc
 50
233.3618551266993
 51
292.5495246689404
  0
ATTDEF
  5
260
330
250
100
AcDbEntity
  8
0
100
AcDbText
 10
0.0
 20
0.0
 30
0.0
 40
0.5
  1
500
 41
0.8
  7
DIM_FONT
100
AcDbAttributeDefinition
280
     0
  3
XSIZE
  2
XSIZE
 70
     9
280
     0
  0
ATTDEF
  5
261
330
250
100
AcDbEntity
  8
0
100
AcDbText
 10
0.0
 20
0.0
 30
0.0
 40
0.5
  1
500
 41
0.8
  7
DIM_FONT
100
AcDbAttributeDefinition
280
     0
  3
YSIZE
  2
YSIZE
 70
     9
280
     0
  0
ENDBLK
  5
262
330
250
100
AcDbEntity
  8
0
100
AcDbBlockEnd
  0
BLOCK
  5
1EE
330
1ED
100
AcDbEntity
  8
0
100
AcDbBlockBegin
  2
A$C5C05667C
 70
     0
 10
0.0
 20
0.0
 30
0.0
  3
A$C5C05667C
  1

  0
LINE
  5
1EF
330
1ED
100
AcDbEntity
  8
LVTRY
100
AcDbLine
 10
839.9998981811222
 20
900.0000271683672
 30
0.0
 11
839.9998981810636
 21
360.0000271683675
 31
0.0
  0
LINE
  5
1F0
330
1ED
100
AcDbEntity
  8
LVTRY
100
AcDbLine
 10
899.9998624630389
 20
900.0000271683672
 30
0.0
 11
899.9998624630679
 21
300.0000271683384
 31
0.0
  0
LINE
  5
1F1
330
1ED
100
AcDbEntity
  8
LVTRY
100
AcDbLine
 10
-0.0001375369611196
 20
0.0000271683675237
 30
0.0
 11
599.9998624630388
 21
0.0000271683384199
 31
0.0
  0
LINE
  5
1F2
330
1ED
100
AcDbEntity
  8
LVTRY
100
AcDbLine
 10
-0.0001375369611196
 20
60.00002716836752
 30
0.0
 11
539.9998981810931
 21
60.00002716839663
 31
0.0
  0
LINE
  5
1F3
330
1ED
100
AcDbEntity
  8
LVTRY
100
AcDbLine
 10
899.9998624630389
 20
900.0000271683672
 30
0.0
 11
-0.0001375369611196
 21
0.0000271683675237
 31
0.0
  0
LINE
  5
1F4
330
1ED
100
AcDbEntity
  8
LVTRY
100
AcDbLine
 10
-0.0001375369611196
 20
900.0000271683672
 30
0.0
 11
752.1319146780006
 21
147.8679749534058
 31
0.0
  0
ARC
  5
1F5
330
1ED
100
AcDbEntity
  8
LVTRY
100
AcDbCircle
 10
539.9998981810638
 20
360.0000271683966
 30
0.0
 40
300.0
100
AcDbArc
 50
270.0000000000049
 51
359.9999999999951
  0
ARC
  5
1F6
330
1ED
100
AcDbEntity
  8
LVTRY
100
AcDbCircle
 10
599.999862463068
 20
300.0000271683384
 30
0.0
 40
300.0
100
AcDbArc
 50
269.9999999999958
 51
0.0
  0
ENDBLK
  5
1F7
330
1ED
100
AcDbEntity
  8
0
100
AcDbBlockEnd
  0
BLOCK
  5
395
330
394
100
AcDbEntity
  8
0
100
AcDbBlockBegin
  2
A$C3C014548
 70
     0
 10
0.0
 20
0.0
 30
0.0
  3
A$C3C014548
  1

  0
LINE
  5
396
330
394
100
AcDbEntity
  8
F
  6
Continuous
100
AcDbLine
 10
48.06961812035297
 20
937.3717769070644
 30
0.0
 11
48.19934090392781
 21
0.0067858833062928
 31
0.0
  0
LINE
  5
397
330
394
100
AcDbEntity
  8
F
  6
Continuous
100
AcDbLine
 10
-0.0003814193187281
 20
937.3651244566426
 30
0.0
 11
0.1293413642561063
 21
0.0001334328553639
 31
0.0
  0
LINE
  5
398
330
394
100
AcDbEntity
  8
F
  6
Continuous
100
AcDbLine
 10
96.25437243012129
 20
108.1709372980112
 30
0.0
 11
96.15458567353201
 21
829.2209303932322
 31
0.0
  0
ARC
  5
399
330
394
100
AcDbEntity
  8
F
  6
Continuous
100
AcDbCircle
 10
1440.107219554775
 20
362.3820145438949
 30
0.0
 40
978.08341455
100
AcDbArc
 50
143.9876952143749
 51
166.6151332143713
  0
LINE
  5
39A
330
394
100
AcDbEntity
  8
F
  6
Continuous
100
AcDbLine
 10
789.8193691801568
 20
937.1345013135288
 30
0.0
 11
548.5599012220919
 21
650.6093904354784
 31
0.0
  0
LINE
  5
39B
330
394
100
AcDbEntity
  8
F
  6
Continuous
100
AcDbLine
 10
649.0743351499258
 20
0.0899415138119366
 30
0.0
 11
648.9678959429148
 21
769.2099341486755
 31
0.0
  0
LINE
  5
39C
330
394
100
AcDbEntity
  8
F
  6
Continuous
100
AcDbLine
 10
2023.188675318321
 20
72.38510712279822
 30
0.0
 11
2023.07890988607
 21
865.5400995275412
 31
0.0
  0
LINE
  5
39D
330
394
100
AcDbEntity
  8
F
  6
Continuous
100
AcDbLine
 10
432.644582451292
 20
829.2674975463015
 30
0.0
 11
432.7443692078814
 21
108.2175044511095
 31
0.0
  0
LINE
  5
39E
330
394
100
AcDbEntity
  8
F
  6
Continuous
100
AcDbLine
 10
120.3043402134499
 20
0.0167645589681342
 30
0.0
 11
1951.093654684489
 21
0.2701291376433801
 31
0.0
  0
LINE
  5
39F
330
394
100
AcDbEntity
  8
F
  6
Continuous
100
AcDbLine
 10
432.7443692078814
 20
108.2175044511095
 30
0.0
 11
96.25437243012129
 21
108.1709372980112
 31
0.0
  0
ARC
  5
3A0
330
394
100
AcDbEntity
  8
F
  6
Continuous
100
AcDbCircle
 10
264.5792002242815
 20
-468.6457736016016
 30
0.0
 40
600.875
100
AcDbArc
 50
73.74772421437206
 51
106.2681342143702
  0
ARC
  5
3A1
330
394
100
AcDbEntity
  8
F
  6
Continuous
100
AcDbCircle
 10
1951.083676008828
 20
72.37512844713638
 30
0.0
 40
72.105
100
AcDbArc
 50
270.0079292143712
 51
0.007929214371174
  0
ARC
  5
3A2
330
394
100
AcDbEntity
  8
F
  6
Continuous
100
AcDbCircle
 10
769.185019269149
 20
464.8389399746084
 30
0.0
 40
288.42
100
AcDbArc
 50
139.9019992143732
 51
180.0079292143711
  0
ARC
  5
3A3
330
394
100
AcDbEntity
  8
F
  6
Continuous
100
AcDbCircle
 10
769.1771041536701
 20
522.0328417419223
 30
0.0
 40
288.42
100
AcDbArc
 50
166.6151332143713
 51
180.0079292143711
  0
LINE
  5
3A4
330
394
100
AcDbEntity
  8
F
  6
Continuous
100
AcDbLine
 10
480.8293367610604
 20
0.0666579372482374
 30
0.0
 11
480.7571069155819
 21
521.9929270392749
 31
0.0
  0
LINE
  5
3A5
330
394
100
AcDbEntity
  8
F
  6
Continuous
100
AcDbLine
 10
48.19934090392781
 20
0.0067858833062928
 30
0.0
 11
0.1293413642561063
 21
0.0001334328553639
 31
0.0
  0
ARC
  5
3A6
330
394
100
AcDbEntity
  8
F
  6
Continuous
100
AcDbCircle
 10
120.294361537788
 20
72.12176386849023
 30
0.0
 40
72.105
100
AcDbArc
 50
180.0079292143711
 51
270.0079292143712
  0
LINE
  5
3A7
330
394
100
AcDbEntity
  8
F
  6
Continuous
100
AcDbLine
 10
1950.963931900915
 20
937.6351201614017
 30
0.0
 11
120.174617429875
 21
937.3817555827264
 31
0.0
  0
LINE
  5
3A8
330
394
100
AcDbEntity
  8
F
  6
Continuous
100
AcDbLine
 10
96.15458567353201
 20
829.2209303932322
 30
0.0
 11
432.644582451292
 21
829.2674975463015
 31
0.0
  0
ARC
  5
3A9
330
394
100
AcDbEntity
  8
F
  6
Continuous
100
AcDbCircle
 10
264.3197546571319
 20
1406.084208445944
 30
0.0
 40
600.875
100
AcDbArc
 50
253.7477242143721
 51
286.2681342143702
  0
ARC
  5
3AA
330
394
100
AcDbEntity
  8
F
  6
Continuous
100
AcDbCircle
 10
1950.973910576577
 20
865.5301208518794
 30
0.0
 40
72.105
100
AcDbArc
 50
0.007929214371174
 51
90.00792921437115
  0
LINE
  5
3AB
330
394
100
AcDbEntity
  8
F
  6
Continuous
100
AcDbLine
 10
48.06961812035297
 20
937.3717769070644
 30
0.0
 11
-0.0003814193187281
 21
937.3651244566426
 31
0.0
  0
ARC
  5
3AC
330
394
100
AcDbEntity
  8
F
  6
Continuous
100
AcDbCircle
 10
120.1845961055369
 20
865.2767562732043
 30
0.0
 40
72.105
100
AcDbArc
 50
90.00792921437115
 51
180.0079292143711
  0
ENDBLK
  5
3AD
330
394
100
AcDbEntity
  8
0
100
AcDbBlockEnd
  0
BLOCK
  5
392
330
391
100
AcDbEntity
  8
0
100
AcDbBlockBegin
  2
A$C2D9E6C10
 70
     0
 10
0.0
 20
0.0
 30
0.0
  3
A$C2D9E6C10
  1

  0
INSERT
  5
393
330
391
100
AcDbEntity
  8
F
  6
Continuous
100
AcDbBlockReference
  2
A$C3C014548
 10
-0.0008244803466368
 20
0.0006589032127522
 30
0.0
 41
-1.0
 50
270.0
  0
ENDBLK
  5
3AE
330
391
100
AcDbEntity
  8
0
100
AcDbBlockEnd
  0
BLOCK
  5
310
330
30F
100
AcDbEntity
  8
0
100
AcDbBlockBegin
  2
A$C5DBE159F
 70
     0
 10
0.0
 20
0.0
 30
0.0
  3
A$C5DBE159F
  1

  0
LINE
  5
311
330
30F
100
AcDbEntity
  8
F
100
AcDbLine
 10
401.0567531009726
 20
2733.228269144005
 30
0.0
 11
400.8248119092313
 21
2133.228313959699
 31
0.0
  0
LINE
  5
312
330
30F
100
AcDbEntity
  8
F
100
AcDbLine
 10
0.8248418261064216
 20
2133.382941430777
 30
0.0
 11
1.056782988045597
 21
2733.38289661509
 31
0.0
  0
LINE
  5
313
330
30F
100
AcDbEntity
  8
F
100
AcDbLine
 10
400.2321139441046
 20
600.0000563920982
 30
0.0
 11
0.2321438162762206
 21
600.1546838482973
 31
0.0
  0
LINE
  5
314
330
30F
100
AcDbEntity
  8
F
100
AcDbLine
 10
400.8248119092313
 20
2133.228313959699
 30
0.0
 11
0.8248418261064216
 21
2133.382941430777
 31
0.0
  0
LINE
  5
315
330
30F
100
AcDbEntity
  8
F
100
AcDbLine
 10
400.7165795477338
 20
1853.246048113142
 30
0.0
 11
400.8248119092313
 21
2133.228313959699
 31
0.0
  0
LINE
  5
316
330
30F
100
AcDbEntity
  8
F
100
AcDbLine
 10
400.2319360818947
 20
599.5399127113341
 30
0.0
 11
400.3403463056311
 21
879.9823222535561
 31
0.0
  0
LINE
  5
317
330
30F
100
AcDbEntity
  8
F
100
AcDbLine
 10
0.231965939165093
 20
599.6945401675327
 30
0.0
 11
400.2319360818947
 21
599.5399127113341
 31
0.0
  0
LINE
  5
318
330
30F
100
AcDbEntity
  8
F
100
AcDbLine
 10
0.8248418261064216
 20
2133.382941430777
 30
0.0
 11
0.231965939165093
 21
599.6945401675327
 31
0.0
  0
LINE
  5
319
330
30F
100
AcDbEntity
  8
F
100
AcDbLine
 10
400.8248119092313
 20
2133.228313959699
 30
0.0
 11
0.8248418261064216
 21
2133.382941430777
 31
0.0
  0
LINE
  5
31A
330
30F
100
AcDbEntity
  8
F
100
AcDbLine
 10
1.056782988045597
 20
2733.38289661509
 30
0.0
 11
401.0567531009726
 21
2733.228269144005
 31
0.0
  0
LINE
  5
31B
330
30F
100
AcDbEntity
  8
F
100
AcDbLine
 10
400.0001727672643
 20
0.0001012077918858
 30
0.0
 11
400.2321139441046
 21
600.0000563920982
 31
0.0
  0
LINE
  5
31C
330
30F
100
AcDbEntity
  8
F
100
AcDbLine
 10
0.0002026394358836
 20
0.1547286490895203
 30
0.0
 11
400.0001727672643
 21
0.0001012077918858
 31
0.0
  0
LINE
  5
31D
330
30F
100
AcDbEntity
  8
F
100
AcDbLine
 10
0.2321438162762206
 20
600.1546838482973
 30
0.0
 11
0.0002026394358836
 21
0.1547286490895203
 31
0.0
  0
ARC
  5
31E
330
30F
100
AcDbEntity
  8
F
100
AcDbCircle
 10
-314.3294352050288
 20
1366.890526838084
 30
0.0
 40
864.7730894777268
100
AcDbArc
 50
325.7331939535725
 51
34.22250854384311
  0
ENDBLK
  5
31F
330
30F
100
AcDbEntity
  8
0
100
AcDbBlockEnd
  0
BLOCK
  5
860
330
85F
100
AcDbEntity
  8
0
100
AcDbBlockBegin
  2
A$C7C275939
 70
     0
 10
0.0
 20
0.0
 30
0.0
  3
A$C7C275939
  1

  0
LINE
  5
861
330
85F
100
AcDbEntity
  8
0
100
AcDbLine
 10
34.35988381900826
 20
867.6006006982643
 30
0.0
 11
0.0000011703232303
 21
867.6006006982643
 31
0.0
  0
LINE
  5
862
330
85F
100
AcDbEntity
  8
0
100
AcDbLine
 10
0.0000011703232303
 20
867.6006006982643
 30
0.0
 11
0.0000011703232303
 21
0.000057801429648
 31
0.0
  0
LINE
  5
863
330
85F
100
AcDbEntity
  8
0
100
AcDbLine
 10
0.0000011703232303
 20
0.000057801429648
 30
0.0
 11
34.35988381900826
 21
0.000057801429648
 31
0.0
  0
LINE
  5
864
330
85F
100
AcDbEntity
  8
0
100
AcDbLine
 10
34.35988381900826
 20
0.000057801429648
 30
0.0
 11
34.35988381900826
 21
867.6006006982643
 31
0.0
  0
LINE
  5
865
330
85F
100
AcDbEntity
  8
0
100
AcDbLine
 10
70.59177789877868
 20
1204.770912272681
 30
0.0
 11
36.23189525009366
 21
1204.770912272681
 31
0.0
  0
LINE
  5
866
330
85F
100
AcDbEntity
  8
0
100
AcDbLine
 10
36.23189525009366
 20
1204.770912272681
 30
0.0
 11
36.23189525009366
 21
337.1703693758464
 31
0.0
  0
LINE
  5
867
330
85F
100
AcDbEntity
  8
0
100
AcDbLine
 10
36.23189525009366
 20
337.1703693758464
 30
0.0
 11
70.59177789877868
 21
337.1703693758464
 31
0.0
  0
LINE
  5
868
330
85F
100
AcDbEntity
  8
0
100
AcDbLine
 10
70.59177789877868
 20
337.1703693758464
 30
0.0
 11
70.59177789877868
 21
1204.770912272681
 31
0.0
  0
ENDBLK
  5
869
330
85F
100
AcDbEntity
  8
0
100
AcDbBlockEnd
  0
BLOCK
  5
B2
330
B1
100
AcDbEntity
  8
0
100
AcDbBlockBegin
  2
A$C21A822AE
 70
     0
 10
0.0
 20
0.0
 30
0.0
  3
A$C21A822AE
  1

  0
LINE
  5
B3
330
B1
100
AcDbEntity
  8
F
  6
Continuous
100
AcDbLine
 10
402.1666198500898
 20
480.8033553584537
 30
0.0
 11
434.3399939851078
 21
512.9766983077279
 31
0.0
  0
LINE
  5
B4
330
B1
100
AcDbEntity
  8
F
  6
Continuous
100
AcDbLine
 10
434.3399939851078
 20
512.9766983077279
 30
0.0
 11
434.3400095804245
 21
545.1500568488845
 31
0.0
  0
LINE
  5
B5
330
B1
100
AcDbEntity
  8
F
  6
Continuous
100
AcDbLine
 10
96.51990859932269
 20
882.9704852995346
 30
0.0
 11
498.686695481854
 21
480.8033085719214
 31
0.0
  0
LINE
  5
B6
330
B1
100
AcDbEntity
  8
F
  6
Continuous
100
AcDbLine
 10
944.4120285737444
 20
1023.048238453979
 30
0.0
 11
912.2386544352632
 21
990.8748955032788
 31
0.0
  0
LINE
  5
B7
330
B1
100
AcDbEntity
  8
F
  6
Continuous
100
AcDbLine
 10
912.2386544352632
 20
990.8748955032788
 30
0.0
 11
880.0652958920982
 21
990.874911093706
 31
0.0
  0
LINE
  5
B8
330
B1
100
AcDbEntity
  8
F
  6
Continuous
100
AcDbLine
 10
542.2451949109963
 20
1328.695339544327
 30
0.0
 11
1040.932010646269
 21
830.0080404095931
 31
0.0
  0
LWPOLYLINE
  5
B9
330
B1
100
AcDbEntity
  8
F
  6
Continuous
100
AcDbPolyline
 90
       16
 70
     1
 43
0.0
 10
606.5919587832468
 20
1425.215383986913
 10
526.1585234370431
 20
1344.782026610133
 10
510.0718519631191
 20
1360.86871367594
 10
64.34656565144542
 20
915.1438594311184
 10
80.43323712539859
 20
899.057172365312
 10
-0.0001982173707802
 20
818.6238149899581
 10
353.9065742376552
 20
464.7166994735306
 10
402.1666198500898
 20
480.8033553584537
 10
450.4266342775663
 20
432.5432941472682
 10
498.686695481854
 20
480.8033085719214
 10
595.2067243311612
 20
384.2831861633749
 10
1040.932010646269
 20
830.0080404095931
 10
944.4119817935279
 20
926.528162816743
 10
992.6720430012499
 20
974.7881772428227
 10
944.4120285737444
 20
1023.048238453979
 10
960.4987312383016
 20
1071.308268470486
  0
LINE
  5
BA
330
B1
100
AcDbEntity
  8
F
  6
Continuous
100
AcDbLine
 10
225.2132804021822
 20
754.2769887455797
 30
0.0
 11
670.9385667138556
 21
1200.001842990401
 31
0.0
  0
LINE
  5
BB
330
B1
100
AcDbEntity
  8
F
  6
Continuous
100
AcDbLine
 10
558.3318663849203
 20
1312.60865247852
 30
0.0
 11
112.6065800789511
 21
866.8837982199621
 31
0.0
  0
LINE
  5
BC
330
B1
100
AcDbEntity
  8
F
  6
Continuous
100
AcDbLine
 10
257.3866233557637
 20
722.1036146002298
 30
0.0
 11
703.1119096617331
 21
1167.828468858817
 31
0.0
  0
LINE
  5
BD
330
B1
100
AcDbEntity
  8
F
  6
Continuous
100
AcDbLine
 10
289.5599663036119
 20
689.9302404686168
 30
0.0
 11
735.2852526152855
 21
1135.655094713438
 31
0.0
  0
LINE
  5
BE
330
B1
100
AcDbEntity
  8
F
  6
Continuous
100
AcDbLine
 10
3892.433405953343
 20
113.7502491774212
 30
0.0
 11
3323.683405952849
 21
113.7505248350789
 31
0.0
  0
LINE
  5
BF
330
B1
100
AcDbEntity
  8
F
  6
Continuous
100
AcDbLine
 10
3391.933394926601
 20
91.00049175968159
 30
0.0
 11
3414.683405954594
 21
113.7504807305231
 31
0.0
  0
LINE
  5
C0
330
B1
100
AcDbEntity
  8
F
  6
Continuous
100
AcDbLine
 10
3391.93337287716
 20
45.50049175193999
 30
0.0
 11
3391.933394926601
 21
91.00049175968159
 31
0.0
  0
LINE
  5
C1
330
B1
100
AcDbEntity
  8
F
  6
Continuous
100
AcDbLine
 10
3892.433711467136
 20
744.1006886594696
 30
0.0
 11
3187.183711467485
 21
744.1010304753724
 31
0.0
  0
LINE
  5
C2
330
B1
100
AcDbEntity
  8
F
  6
Continuous
100
AcDbLine
 10
3391.933722495509
 20
766.8509312357056
 30
0.0
 11
3414.683711468388
 21
744.1009202125715
 31
0.0
  0
LINE
  5
C3
330
B1
100
AcDbEntity
  8
F
  6
Continuous
100
AcDbLine
 10
3391.93374454492
 20
812.3509312434471
 30
0.0
 11
3391.933722495509
 21
766.8509312357056
 31
0.0
  0
LINE
  5
C4
330
B1
100
AcDbEntity
  8
F
  6
Continuous
100
AcDbLine
 10
3619.433405955032
 20
113.7503814938827
 30
0.0
 11
3619.433711468825
 21
744.1008209759311
 31
0.0
  0
LINE
  5
C5
330
B1
100
AcDbEntity
  8
F
  6
Continuous
100
AcDbLine
 10
3664.93340595247
 20
113.7503594401932
 30
0.0
 11
3664.933711466263
 21
744.1007989222416
 31
0.0
  0
LINE
  5
C6
330
B1
100
AcDbEntity
  8
F
  6
Continuous
100
AcDbLine
 10
3869.6837114667
 20
744.1006996856011
 30
0.0
 11
3869.683405952907
 21
113.7502602035529
 31
0.0
  0
LINE
  5
C7
330
B1
100
AcDbEntity
  8
F
  6
Continuous
100
AcDbLine
 10
3710.433405953315
 20
113.7503373879299
 30
0.0
 11
3710.433711467136
 21
744.1007768699781
 31
0.0
  0
LWPOLYLINE
  5
C8
330
B1
100
AcDbEntity
  8
F
  6
Continuous
100
AcDbPolyline
 90
       16
 70
     1
 43
0.0
 10
3915.183766599687
 20
857.8506776320573
 10
3915.183711467573
 20
744.1006776333379
 10
3937.933711468009
 20
744.1006666071771
 10
3937.933405954216
 20
113.7502271251287
 10
3915.18340595378
 20
113.7502381512604
 10
3915.183350821666
 20
0.0002381525409874
 10
3414.683350822481
 20
0.000480731803691
 10
3391.93337287716
 20
45.50049175193999
 10
3323.68337287588
 20
45.50052483033503
 10
3323.683405952849
 20
113.7505248350789
 10
3187.183405953692
 20
113.7505909933243
 10
3187.183711467485
 20
744.1010304753724
 10
3323.683711466641
 20
744.1009643171272
 10
3323.68374454364
 20
812.3509643218712
 10
3391.93374454492
 20
812.3509312434471
 10
3414.683766600472
 20
857.8509202113201
  0
LINE
  5
C9
330
B1
100
AcDbEntity
  8
F
  6
Continuous
100
AcDbLine
 10
953.5923277058754
 20
357.815662491048
 30
0.0
 11
953.5930017097273
 21
1748.447004137066
 31
0.0
  0
LINE
  5
CA
330
B1
100
AcDbEntity
  8
F
  6
Continuous
100
AcDbLine
 10
1884.786926859524
 20
1491.095386232424
 30
0.0
 11
1884.786690353125
 21
1003.127632050309
 31
0.0
  0
LINE
  5
CB
330
B1
100
AcDbEntity
  8
F
  6
Continuous
100
AcDbLine
 10
2778.392725824611
 20
1491.09495312543
 30
0.0
 11
1884.786926859524
 21
1491.095386232424
 31
0.0
  0
LINE
  5
CC
330
B1
100
AcDbEntity
  8
F
  6
Continuous
100
AcDbLine
 10
1884.786690353125
 20
1003.127632050309
 30
0.0
 11
2778.392489314778
 21
1003.127198941889
 31
0.0
  0
LINE
  5
CD
330
B1
100
AcDbEntity
  8
F
  6
Continuous
100
AcDbLine
 10
2778.392489314778
 20
1003.127198941889
 30
0.0
 11
2778.392725824611
 21
1491.09495312543
 31
0.0
  0
LINE
  5
CE
330
B1
100
AcDbEntity
  8
F
  6
Continuous
100
AcDbLine
 10
1784.786641884304
 20
903.1276805204687
 30
0.0
 11
2878.392440849508
 21
903.1271504710602
 31
0.0
  0
INSERT
  5
CF
330
B1
100
AcDbEntity
  8
F
  6
Continuous
100
AcDbBlockReference
  2
-CG
 10
-1040.830599264096
 20
2118.456122598436
 30
0.0
 43
-1.0
 50
90.00002776979838
210
0.0
220
0.0
230
-1.0
  0
LINE
  5
DE
330
B1
100
AcDbEntity
  8
F
  6
Continuous
100
AcDbLine
 10
2878.392774287699
 20
1591.094904669036
 30
0.0
 11
1784.786975328228
 21
1591.095434704679
 31
0.0
  0
LINE
  5
DF
330
B1
100
AcDbEntity
  8
F
  6
Continuous
100
AcDbLine
 10
1784.786975328228
 20
1591.095434704679
 30
0.0
 11
1784.786641884304
 21
903.1276805204687
 31
0.0
  0
LINE
  5
E0
330
B1
100
AcDbEntity
  8
F
  6
Continuous
100
AcDbLine
 10
2878.392440849508
 20
903.1271504710602
 30
0.0
 11
2878.392774287699
 21
1591.094904669036
 31
0.0
  0
LINE
  5
E1
330
B1
100
AcDbEntity
  8
F
  6
Continuous
100
AcDbLine
 10
3896.479237096413
 20
980.2823992281044
 30
0.0
 11
3327.729237095919
 21
980.2826748857622
 31
0.0
  0
LINE
  5
E2
330
B1
100
AcDbEntity
  8
F
  6
Continuous
100
AcDbLine
 10
3395.979226069641
 20
957.5326418103646
 30
0.0
 11
3418.729237094203
 21
980.2826307798095
 31
0.0
  0
LINE
  5
E3
330
B1
100
AcDbEntity
  8
F
  6
Continuous
100
AcDbLine
 10
3395.979204020231
 20
912.0326418026234
 30
0.0
 11
3395.979226069641
 21
957.5326418103646
 31
0.0
  0
LINE
  5
E4
330
B1
100
AcDbEntity
  8
F
  6
Continuous
100
AcDbLine
 10
3896.479542610207
 20
1610.632838710152
 30
0.0
 11
3191.229542610556
 21
1610.633180526056
 31
0.0
  0
LINE
  5
E5
330
B1
100
AcDbEntity
  8
F
  6
Continuous
100
AcDbLine
 10
3282.229537602689
 20
1600.297588723857
 30
0.0
 11
3304.979526575568
 21
1577.547577700723
 31
0.0
  0
LINE
  5
E6
330
B1
100
AcDbEntity
  8
F
  6
Continuous
100
AcDbLine
 10
3395.979575693695
 20
1678.883081280394
 30
0.0
 11
3395.979553638579
 21
1633.383081286418
 31
0.0
  0
INSERT
  5
E7
330
B1
100
AcDbEntity
  8
F
  6
Continuous
100
AcDbBlockReference
  2
-CG
 10
-3553.265801380039
 20
2118.45490488087
 30
0.0
 43
-1.0
 50
90.00002776979838
210
0.0
220
0.0
230
-1.0
  0
LINE
  5
E8
330
B1
100
AcDbEntity
  8
F
  6
Continuous
100
AcDbLine
 10
3623.479237094638
 20
980.2825315431693
 30
0.0
 11
3623.47954260846
 21
1610.632971025217
 31
0.0
  0
LINE
  5
E9
330
B1
100
AcDbEntity
  8
F
  6
Continuous
100
AcDbLine
 10
3668.979237095511
 20
980.2825094908767
 30
0.0
 11
3668.979542609304
 21
1610.632948972925
 31
0.0
  0
LINE
  5
EA
330
B1
100
AcDbEntity
  8
F
  6
Continuous
100
AcDbLine
 10
3873.72954260977
 20
1610.632849736284
 30
0.0
 11
3873.729237095977
 21
980.2824102542365
 31
0.0
  0
LINE
  5
EB
330
B1
100
AcDbEntity
  8
F
  6
Continuous
100
AcDbLine
 10
3714.479237096384
 20
980.2824874386132
 30
0.0
 11
3714.479542610177
 21
1610.632926920662
 31
0.0
  0
LWPOLYLINE
  5
EC
330
B1
100
AcDbEntity
  8
F
  6
Continuous
100
AcDbPolyline
 90
       16
 70
     1
 43
0.0
 10
3919.229597742729
 20
1724.382827682741
 10
3919.229542610644
 20
1610.632827684021
 10
3941.979542607617
 20
1610.632816656464
 10
3941.979237093823
 20
980.2823771744153
 10
3919.22923709685
 20
980.282388201973
 10
3919.229181964738
 20
866.5323882032531
 10
3418.729181962088
 20
866.53263078109
 10
3395.979204020231
 20
912.0326418026234
 10
3327.729204018921
 20
912.0326748810477
 10
3327.729237095919
 20
980.2826748857622
 10
3191.229237096763
 20
980.2827410440075
 10
3191.229542610556
 20
1610.633180526056
 10
3327.729542609712
 20
1610.63311436784
 10
3327.729575692386
 20
1678.883114358788
 10
3395.979575693695
 20
1678.883081280394
 10
3418.729597740109
 20
1724.383070260577
  0
LINE
  5
ED
330
B1
100
AcDbEntity
  8
F
  6
Continuous
100
AcDbLine
 10
3187.183524243534
 20
357.8145799297781
 30
0.0
 11
953.5923277058754
 21
357.815662491048
 31
0.0
  0
INSERT
  5
EE
330
B1
100
AcDbEntity
  8
F
  6
Continuous
100
AcDbBlockReference
  2
-SOF5
 10
1425.844072265259
 20
2497.55398377846
 30
0.0
 50
269.9999722302016
  0
ENDBLK
  5
106
330
B1
100
AcDbEntity
  8
0
100
AcDbBlockEnd
  0
BLOCK
  5
38F
330
38E
100
AcDbEntity
  8
0
100
AcDbBlockBegin
  2
A$C654F21E2
 70
     0
 10
0.0
 20
0.0
 30
0.0
  3
A$C654F21E2
  1

  0
INSERT
  5
390
330
38E
100
AcDbEntity
  8
WINDOW
  6
Continuous
100
AcDbBlockReference
  2
A$C2D9E6C10
 10
937.6344851076137
 20
2023.189450691338
 30
0.0
 50
180.0
  0
ENDBLK
  5
3AF
330
38E
100
AcDbEntity
  8
0
100
AcDbBlockEnd
  0
BLOCK
  5
2AC
330
2AB
100
AcDbEntity
  8
0
100
AcDbBlockBegin
  2
A$C3FB71EF3
 70
     0
 10
0.0
 20
0.0
 30
0.0
  3
A$C3FB71EF3
  1

  0
LINE
  5
2AD
330
2AB
100
AcDbEntity
  8
F
100
AcDbLine
 10
1700.000117397925
 20
-0.0000015394762158
 30
0.0
 11
1700.000117397925
 21
599.9999984605238
 31
0.0
  0
LINE
  5
2AE
330
2AB
100
AcDbEntity
  8
F
100
AcDbLine
 10
1670.000117397925
 20
-0.0000015394762158
 30
0.0
 11
1670.000117397692
 21
599.9999984605238
 31
0.0
  0
LINE
  5
2AF
330
2AB
100
AcDbEntity
  8
F
100
AcDbLine
 10
963.7611021514167
 20
487.6554331684017
 30
0.0
 11
900.873694745649
 21
101.9471862525679
 31
0.0
  0
LINE
  5
2B0
330
2AB
100
AcDbEntity
  8
F
100
AcDbLine
 10
874.4936377597623
 20
101.9471862528007
 30
0.0
 11
869.4630848682136
 21
487.6554331684017
 31
0.0
  0
LINE
  5
2B1
330
2AB
100
AcDbEntity
  8
F
100
AcDbLine
 10
851.7513838355078
 20
487.6554331684017
 30
0.0
 11
785.2273734324263
 21
101.9471862528007
 31
0.0
  0
LINE
  5
2B2
330
2AB
100
AcDbEntity
  8
F
100
AcDbLine
 10
706.2631395762437
 20
101.9471862525679
 30
0.0
 11
677.6629745141254
 21
487.6554331684017
 31
0.0
  0
LINE
  5
2B3
330
2AB
100
AcDbEntity
  8
F
100
AcDbLine
 10
1670.000117397692
 20
569.9999984602909
 30
0.0
 11
0.0001173979835585
 21
569.9999984602909
 31
0.0
  0
LINE
  5
2B4
330
2AB
100
AcDbEntity
  8
F
100
AcDbLine
 10
467.5913632789741
 20
487.6554331684017
 30
0.0
 11
404.7039558732067
 21
101.9471862525679
 31
0.0
  0
LINE
  5
2B5
330
2AB
100
AcDbEntity
  8
F
100
AcDbLine
 10
355.5816449630656
 20
487.6554331684017
 30
0.0
 11
289.0576345599839
 21
101.9471862528007
 31
0.0
  0
LINE
  5
2B6
330
2AB
100
AcDbEntity
  8
F
100
AcDbLine
 10
210.0934007038013
 20
101.9471862525679
 30
0.0
 11
181.493235641683
 21
487.6554331684017
 31
0.0
  0
LINE
  5
2B7
330
2AB
100
AcDbEntity
  8
F
100
AcDbLine
 10
115.3393030707375
 20
487.6554331684017
 30
0.0
 11
59.14645939721959
 21
101.9471862525679
 31
0.0
  0
LINE
  5
2B8
330
2AB
100
AcDbEntity
  8
F
100
AcDbLine
 10
1670.000117397809
 20
305.3975352584384
 30
0.0
 11
0.0001173979835585
 21
305.3975352584966
 31
0.0
  0
LINE
  5
2B9
330
2AB
100
AcDbEntity
  8
F
100
AcDbLine
 10
1700.000117397925
 20
-0.0000015397090465
 30
0.0
 11
0.0001173979835585
 21
-0.0000015397090465
 31
0.0
  0
LINE
  5
2BA
330
2AB
100
AcDbEntity
  8
F
100
AcDbLine
 10
1670.000117397867
 20
29.99999846052379
 30
0.0
 11
0.0001173979835585
 21
29.99999846029096
 31
0.0
  0
LINE
  5
2BB
330
2AB
100
AcDbEntity
  8
F
100
AcDbLine
 10
1700.000117397867
 20
599.9999984602909
 30
0.0
 11
0.0001173979835585
 21
599.9999984602909
 31
0.0
  0
LINE
  5
2BC
330
2AB
100
AcDbEntity
  8
F
100
AcDbLine
 10
610.5560278558405
 20
487.6554331684017
 30
0.0
 11
547.6686204500728
 21
101.9471862525679
 31
0.0
  0
LINE
  5
2BD
330
2AB
100
AcDbEntity
  8
F
100
AcDbLine
 10
1146.473149187164
 20
487.6554331684017
 30
0.0
 11
1083.585741781396
 21
101.9471862525679
 31
0.0
  0
LINE
  5
2BE
330
2AB
100
AcDbEntity
  8
F
100
AcDbLine
 10
1610.562138287118
 20
487.6554331684017
 30
0.0
 11
1547.67473088135
 21
101.9471862525679
 31
0.0
  0
LINE
  5
2BF
330
2AB
100
AcDbEntity
  8
F
100
AcDbLine
 10
1356.497725920519
 20
487.6554331684017
 30
0.0
 11
1293.610318514751
 21
101.9471862525679
 31
0.0
  0
LINE
  5
2C0
330
2AB
100
AcDbEntity
  8
F
100
AcDbLine
 10
1227.941064224171
 20
101.9471862525679
 30
0.0
 11
1199.340899162052
 21
487.6554331684017
 31
0.0
  0
LINE
  5
2C1
330
2AB
100
AcDbEntity
  8
F
100
AcDbLine
 10
1475.229423516022
 20
101.9471862525679
 30
0.0
 11
1446.629258453904
 21
487.6554331684017
 31
0.0
  0
LINE
  5
2C2
330
2AB
100
AcDbEntity
  8
F
100
AcDbLine
 10
1024.689534330799
 20
101.9471862525679
 30
0.0
 11
996.0893692686804
 21
487.6554331684017
 31
0.0
  0
ENDBLK
  5
2C3
330
2AB
100
AcDbEntity
  8
0
100
AcDbBlockEnd
  0
BLOCK
  5
499
330
498
100
AcDbEntity
  8
0
100
AcDbBlockBegin
  2
A$C71AE403D
 70
     0
 10
0.0
 20
0.0
 30
0.0
  3
A$C71AE403D
  1

  0
LWPOLYLINE
  5
49A
330
498
100
AcDbEntity
  8
F
  6
Continuous
100
AcDbPolyline
 90
        4
 70
     1
 43
0.0
 10
0.0000723547427697
 20
250.0000582140637
 10
0.0000723547427697
 20
0.0000582140637562
 10
1000.000072354743
 20
0.0000582140637562
 10
1000.000072354743
 20
250.0000582140637
  0
LINE
  5
49B
330
498
100
AcDbEntity
  8
F
  6
Continuous
100
AcDbLine
 10
500.0000723547428
 20
0.0000582140637562
 30
0.0
 11
500.0000723547428
 21
250.0000582140637
 31
0.0
  0
LINE
  5
49C
330
498
100
AcDbEntity
  8
F
  6
Continuous
100
AcDbLine
 10
750.0000723547428
 20
250.0000582140637
 30
0.0
 11
750.0000723547428
 21
0.0000582140637562
 31
0.0
  0
LINE
  5
49D
330
498
100
AcDbEntity
  8
F
  6
Continuous
100
AcDbLine
 10
250.0000723547428
 20
4.337561961612664
 30
0.0
 11
250.0000723547428
 21
254.3375619616127
 31
0.0
  0
ENDBLK
  5
49E
330
498
100
AcDbEntity
  8
0
100
AcDbBlockEnd
  0
BLOCK
  5
496
330
495
100
AcDbEntity
  8
0
100
AcDbBlockBegin
  2
A$C38AE43E2
 70
     0
 10
0.0
 20
0.0
 30
0.0
  3
A$C38AE43E2
  1

  0
INSERT
  5
497
330
495
100
AcDbEntity
  8
WALL
  6
Continuous
100
AcDbBlockReference
  2
A$C71AE403D
 10
-0.000169193779584
 20
1000.000068745634
 30
0.0
 50
270.0
  0
ENDBLK
  5
49F
330
495
100
AcDbEntity
  8
0
100
AcDbBlockEnd
  0
BLOCK
  5
1E8
330
1E7
100
AcDbEntity
  8
0
100
AcDbBlockBegin
  2
A$C2EE22F3D
 70
     0
 10
0.0
 20
0.0
 30
0.0
  3
A$C2EE22F3D
  1

  0
INSERT
  5
1E9
330
1E7
100
AcDbEntity
  8
LVTRY
  6
Continuous
100
AcDbBlockReference
  2
A$C5C05667C
 10
0.0003076249267906
 20
-0.000168418046087
 30
0.0
  0
ENDBLK
  5
1F8
330
1E7
100
AcDbEntity
  8
0
100
AcDbBlockEnd
  0
BLOCK
  5
6EA
330
6E9
100
AcDbEntity
  8
0
100
AcDbBlockBegin
  2
A$C38C125B6
 70
     2
 10
0.0
 20
0.0
 30
0.0
  3
A$C38C125B6
  1

  0
ATTDEF
  5
6EB
330
6E9
100
AcDbEntity
  8
WC
100
AcDbText
 10
1.542657625337595
 20
0.5000989220134217
 30
0.0
 40
0.5
  1
500
 50
180.0
 41
0.8
  7
DIM_FONT
100
AcDbAttributeDefinition
280
     0
  3
YSIZE
  2
YSIZE
 70
     9
280
     0
  0
ATTDEF
  5
6EC
330
6E9
100
AcDbEntity
  8
WC
100
AcDbText
 10
1.542657625337595
 20
0.5000989220134217
 30
0.0
 40
0.5
  1
500
 50
180.0
 41
0.8
  7
DIM_FONT
100
AcDbAttributeDefinition
280
     0
  3
XSIZE
  2
XSIZE
 70
     9
280
     0
  0
LINE
  5
6ED
330
6E9
100
AcDbEntity
  8
WC
100
AcDbLine
 10
433.0726155484444
 20
157.9108747114514
 30
0.0
 11
449.6928663428406
 21
157.9108747114514
 31
0.0
  0
LINE
  5
6EE
330
6E9
100
AcDbEntity
  8
WC
100
AcDbLine
 10
449.6928663428406
 20
157.9108747114514
 30
0.0
 11
449.6928663428987
 21
93.24246517998108
 31
0.0
  0
LINE
  5
6EF
330
6E9
100
AcDbEntity
  8
WC
100
AcDbLine
 10
449.6928663428987
 20
93.24246517998108
 30
0.0
 11
433.0726155483861
 21
93.24246517998108
 31
0.0
  0
LINE
  5
6F0
330
6E9
100
AcDbEntity
  8
WC
100
AcDbLine
 10
433.0726155483861
 20
93.24246517998108
 30
0.0
 11
433.0726155484444
 21
157.9108747114514
 31
0.0
  0
LWPOLYLINE
  5
6F1
330
6E9
100
AcDbEntity
  8
WC
100
AcDbPolyline
 90
        4
 70
     0
 43
0.0
 10
444.4137020218184
 20
93.24246518001018
 42
-0.0087359414318704
 10
443.6458344396085
 20
90.03471851545326
 42
-0.0762761895456294
 10
438.7114519028108
 20
78.51463862556556
 42
-0.2590339714204861
 10
435.2886489876546
 20
76.61385418918506
 42
-0.2590339714206403
  0
LWPOLYLINE
  5
6F2
330
6E9
100
AcDbEntity
  8
WC
100
AcDbPolyline
 90
       11
 70
     0
 43
0.0
 10
435.2886489876546
 20
76.61385418918506
 42
-0.2590339714206403
 10
431.8658460726726
 20
78.51463862559467
 42
-0.0762761895455676
 10
426.9314635358169
 20
90.03471851548239
 42
-0.0365148199121137
 10
424.4740360066061
 20
103.5830089808296
 42
-0.026614996038891
 10
423.4698039783395
 20
122.4355511907051
 42
-0.026614996038891
 10
424.4740360066061
 20
141.2880934005807
 42
-0.0365148199121137
 10
426.9314635357586
 20
154.836383865957
 42
-0.0762761895455752
 10
431.8658460725564
 20
166.3564637558447
 42
-0.2590339714203898
 10
435.2886489876546
 20
168.2572481922252
 42
-0.2590339714202164
 10
438.7114519026944
 20
166.3564637558738
 42
-0.056762457430155
 10
442.7240675523062
 20
157.9108747114223
 42
-0.0365148199120382
  0
LINE
  5
6F3
330
6E9
100
AcDbEntity
  8
WC
100
AcDbLine
 10
424.7728025233373
 20
76.61385418918506
 30
0.0
 11
435.2886489876546
 21
76.61385418918506
 31
0.0
  0
LWPOLYLINE
  5
6F4
330
6E9
100
AcDbEntity
  8
WC
100
AcDbPolyline
 90
       10
 70
     0
 43
0.0
 10
424.7728025233373
 20
76.61385418918506
 42
-0.2590339714206403
 10
421.3499996082391
 20
78.51463862562377
 42
-0.0762761895455676
 10
416.4156170713248
 20
90.03471851542419
 42
-0.0365148199121137
 10
413.9581895422889
 20
103.5830089808296
 42
-0.026614996038891
 10
412.9539575139061
 20
122.4355511907051
 42
-0.026614996038891
 10
413.9581895421724
 20
141.2880934006098
 42
-0.0365148199121137
 10
416.4156170713248
 20
154.836383865957
 42
-0.0762761895455752
 10
421.3499996082391
 20
166.3564637558447
 42
-0.2590339714203898
 10
424.7728025232208
 20
168.2572481922543
 42
-0.0784621676306809
 10
426.0151583366096
 20
168.0610846883646
 42
-0.056762457430155
  0
LINE
  5
6F5
330
6E9
100
AcDbEntity
  8
WC
100
AcDbLine
 10
423.5964988354243
 20
168.3757090201396
 30
0.0
 11
435.3074860594351
 21
168.2572041914245
 31
0.0
  0
CIRCLE
  5
6F6
330
6E9
100
AcDbEntity
  8
WC
100
AcDbCircle
 10
260.0880853409762
 20
216.2920517509483
 30
0.0
 40
82.49649810437039
  0
LINE
  5
6F7
330
6E9
100
AcDbEntity
  8
WC
100
AcDbLine
 10
457.0796444737935
 20
51.19840532595118
 30
0.0
 11
114.6343644574517
 21
51.19840532571835
 31
0.0
  0
CIRCLE
  5
6F8
330
6E9
100
AcDbEntity
  8
WC
100
AcDbCircle
 10
260.0880853409762
 20
216.2920517509483
 30
0.0
 40
31.63094696748339
  0
LINE
  5
6F9
330
6E9
100
AcDbEntity
  8
WC
100
AcDbLine
 10
1.542657625337595
 20
0.5000989220134217
 30
0.0
 11
501.5426576252793
 21
0.5000989223044599
 31
0.0
  0
LINE
  5
6FA
330
6E9
100
AcDbEntity
  8
WC
100
AcDbLine
 10
423.5964988351334
 20
641.3728720767685
 30
0.0
 11
435.3074860591441
 21
641.2543672479951
 31
0.0
  0
LWPOLYLINE
  5
6FB
330
6E9
100
AcDbEntity
  8
WC
100
AcDbPolyline
 90
       10
 70
     0
 43
0.0
 10
424.7728025230462
 20
549.6110172457556
 42
-0.2590339714206403
 10
421.3499996080062
 20
551.5118016821652
 42
-0.0762761895455676
 10
416.4156170711502
 20
563.0318815720527
 42
-0.0365148199121137
 10
413.9581895419396
 20
576.5801720374001
 42
-0.026614996038891
 10
412.9539575136731
 20
595.4327142472757
 42
-0.026614996038891
 10
413.958189541823
 20
614.2852564571512
 42
-0.0365148199121137
 10
416.4156170710921
 20
627.8335469225273
 42
-0.0762761895455752
 10
421.3499996078899
 20
639.3536268124152
 42
-0.2590339714203898
 10
424.7728025230462
 20
641.2544112487958
 42
-0.0784621676306809
 10
426.0151583362604
 20
641.0582477449352
 42
-0.056762457430155
  0
LINE
  5
6FC
330
6E9
100
AcDbEntity
  8
WC
100
AcDbLine
 10
424.7728025230462
 20
549.6110172457556
 30
0.0
 11
435.2886489873633
 21
549.6110172457846
 31
0.0
  0
LWPOLYLINE
  5
6FD
330
6E9
100
AcDbEntity
  8
WC
100
AcDbPolyline
 90
       11
 70
     0
 43
0.0
 10
435.2886489873633
 20
549.6110172457846
 42
-0.2590339714206403
 10
431.8658460723236
 20
551.5118016821652
 42
-0.0762761895455676
 10
426.9314635354676
 20
563.0318815720527
 42
-0.0365148199121137
 10
424.4740360062569
 20
576.5801720373708
 42
-0.026614996038891
 10
423.4698039779903
 20
595.4327142472757
 42
-0.026614996038891
 10
424.4740360063151
 20
614.2852564571512
 42
-0.0365148199121137
 10
426.9314635354094
 20
627.8335469225273
 42
-0.0762761895455752
 10
431.8658460723236
 20
639.353626812386
 42
-0.2590339714203898
 10
435.2886489873633
 20
641.2544112487958
 42
-0.2590339714202164
 10
438.7114519023453
 20
639.3536268124152
 42
-0.056762457430155
 10
442.7240675520151
 20
630.908037768022
 42
-0.0365148199120382
  0
LWPOLYLINE
  5
6FE
330
6E9
100
AcDbEntity
  8
WC
100
AcDbPolyline
 90
        4
 70
     0
 43
0.0
 10
444.4137020214693
 20
566.2396282365807
 42
-0.0087359414318704
 10
443.6458344392595
 20
563.0318815720819
 42
-0.0762761895456294
 10
438.7114519024617
 20
551.5118016821943
 42
-0.2590339714204861
 10
435.2886489873633
 20
549.6110172457846
 42
-0.2590339714206403
  0
LINE
  5
6FF
330
6E9
100
AcDbEntity
  8
WC
100
AcDbLine
 10
433.0726155480951
 20
566.2396282365225
 30
0.0
 11
433.0726155480951
 21
630.908037768022
 31
0.0
  0
LINE
  5
700
330
6E9
100
AcDbEntity
  8
WC
100
AcDbLine
 10
449.6928663426078
 20
566.2396282365225
 30
0.0
 11
433.0726155480951
 21
566.2396282365225
 31
0.0
  0
LINE
  5
701
330
6E9
100
AcDbEntity
  8
WC
100
AcDbLine
 10
449.6928663424912
 20
630.908037768022
 30
0.0
 11
449.6928663426078
 21
566.2396282365225
 31
0.0
  0
LINE
  5
702
330
6E9
100
AcDbEntity
  8
WC
100
AcDbLine
 10
433.0726155480951
 20
630.908037768022
 30
0.0
 11
449.6928663424912
 21
630.908037768022
 31
0.0
  0
LINE
  5
703
330
6E9
100
AcDbEntity
  8
WC
100
AcDbLine
 10
114.634364456986
 20
673.9722431825502
 30
0.0
 11
457.0796444733278
 21
673.9722431827248
 31
0.0
  0
CIRCLE
  5
704
330
6E9
100
AcDbEntity
  8
WC
100
AcDbCircle
 10
260.0880853408016
 20
508.9252771403261
 30
0.0
 40
31.63094696748339
  0
LINE
  5
705
330
6E9
100
AcDbEntity
  8
WC
100
AcDbLine
 10
501.5426576248718
 20
700.5000989223336
 30
0.0
 11
1.542657624930143
 21
700.5000989220425
 31
0.0
  0
CIRCLE
  5
706
330
6E9
100
AcDbEntity
  8
WC
100
AcDbCircle
 10
260.0880853408016
 20
508.9252771403261
 30
0.0
 40
82.49649810437039
  0
LINE
  5
707
330
6E9
100
AcDbEntity
  8
WC
100
AcDbLine
 10
457.0796444733278
 20
673.9722431827248
 30
0.0
 11
457.0796444737935
 21
51.19840532595118
 31
0.0
  0
LINE
  5
708
330
6E9
100
AcDbEntity
  8
WC
100
AcDbLine
 10
114.6343644574517
 20
51.19840532571835
 30
0.0
 11
114.634364456986
 21
673.9722431825502
 31
0.0
  0
LINE
  5
709
330
6E9
100
AcDbEntity
  8
WC
100
AcDbLine
 10
401.3841692892019
 20
673.9722431826958
 30
0.0
 11
401.3841692895511
 21
51.19840532592206
 31
0.0
  0
LINE
  5
70A
330
6E9
100
AcDbEntity
  8
WC
100
AcDbLine
 10
1.542657624930143
 20
700.5000989220425
 30
0.0
 11
1.542657625337595
 21
0.5000989220134217
 31
0.0
  0
LINE
  5
70B
330
6E9
100
AcDbEntity
  8
WC
100
AcDbLine
 10
501.5426576252793
 20
0.5000989223044599
 30
0.0
 11
501.5426576248718
 21
700.5000989223336
 31
0.0
  0
ENDBLK
  5
70C
330
6E9
100
AcDbEntity
  8
0
100
AcDbBlockEnd
  0
BLOCK
  5
4B4
330
4B3
100
AcDbEntity
  8
0
100
AcDbBlockBegin
  2
A$C2D5A5793
 70
     0
 10
0.0
 20
0.0
 30
0.0
  3
A$C2D5A5793
  1

  0
LINE
  5
4B5
330
4B3
100
AcDbEntity
  8
WC
100
AcDbLine
 10
115.0002312068245
 20
575.0002161119482
 30
0.000000003811005
 11
46.00023120705737
 21
575.0000442166347
 31
0.0000000042683256
  0
LINE
  5
4B6
330
4B3
100
AcDbEntity
  8
WC
100
AcDbLine
 10
644.0002312051947
 20
575.0015339759702
 30
0.0000000003048804
 11
506.0002312056313
 21
575.0011901853723
 31
0.0000000012195216
  0
LINE
  5
4B7
330
4B3
100
AcDbEntity
  8
WC
100
AcDbLine
 10
690.0002885034773
 20
552.0016485729138
 30
0.0
 11
0.0002885056310333
 21
551.9999296198366
 31
0.000000004573206
  0
LINE
  5
4B8
330
4B3
100
AcDbEntity
  8
WC
100
AcDbLine
 10
690.0001739066209
 20
598.0016485727682
 30
0.0
 11
0.0001739087456372
 21
597.9999296196909
 31
0.000000004573206
  0
LINE
  5
4B9
330
4B3
100
AcDbEntity
  8
WC
100
AcDbLine
 10
689.9999447128791
 20
690.0016485725062
 30
0.0
 11
-0.0000552849960513
 21
689.9999296194001
 31
0.000000004573206
  0
LINE
  5
4BA
330
4B3
100
AcDbEntity
  8
WC
100
AcDbLine
 10
0.0016636681102682
 20
-0.000070378446253
 30
0.000000004573206
 11
690.0016636659565
 21
0.0016485746309627
 31
0.0
  0
TEXT
  5
4BB
330
4B3
100
AcDbEntity
  8
WC
100
AcDbText
 10
223.9148126815562
 20
408.498965191975
 30
0.0000000005656266
 40
299.9999999999996
  1
D
 50
0.0001427381970489
 41
0.8000000000199445
 51
-180.0000000008671
  7
_HZTXT
 71
     4
100
AcDbText
  0
LINE
  5
4BD
330
4B3
100
AcDbEntity
  8
WC
100
AcDbLine
 10
-0.0000552849960513
 20
689.9999296194001
 30
0.000000004573206
 11
0.0016636681102682
 21
-0.000070378446253
 31
0.000000004573206
  0
LINE
  5
4BE
330
4B3
100
AcDbEntity
  8
WC
100
AcDbLine
 10
690.0016636659565
 20
0.0016485746309627
 30
0.0
 11
689.9999447128791
 21
690.0016485725062
 31
0.0
  0
ENDBLK
  5
4BF
330
4B3
100
AcDbEntity
  8
0
100
AcDbBlockEnd
  0
BLOCK
  5
66D
330
66C
100
AcDbEntity
  8
0
100
AcDbBlockBegin
  2
A$C095B46CE
 70
     2
 10
0.0
 20
0.0
 30
0.0
  3
A$C095B46CE
  1

  0
ATTDEF
  5
66E
330
66C
100
AcDbEntity
  8
WC
100
AcDbText
 10
279.4497857742826
 20
571.793505987931
 30
0.0
 40
0.4049999999344935
  1
705
 50
180.0160618337056
 41
0.8000000001652461
 51
-179.999999998553
 71
     4
100
AcDbAttributeDefinition
280
     0
  3
YSIZE
  2
YSIZE
 70
     9
280
     0
  0
ATTDEF
  5
66F
330
66C
100
AcDbEntity
  8
WC
100
AcDbText
 10
279.4497857742826
 20
571.793505987931
 30
0.0
 40
0.4049999999344935
  1
690
 50
180.0160618337056
 41
0.8000000001652461
 51
-179.999999998553
 71
     4
100
AcDbAttributeDefinition
280
     0
  3
XSIZE
  2
XSIZE
 70
     9
280
     0
  0
LINE
  5
670
330
66C
100
AcDbEntity
  8
WC
100
AcDbLine
 10
558.9326239118236
 20
454.6924543128334
 30
0.0
 11
0.0326458726776764
 21
454.5357768352478
 31
0.0
  0
LWPOLYLINE
  5
671
330
66C
100
AcDbEntity
  8
WC
100
AcDbPolyline
 90
       10
 70
     0
 43
0.0
 10
105.5027048802585
 20
500.4414336748522
 42
-0.2590339714206403
 10
107.0415630014613
 20
503.2143355359656
 42
-0.0762761895455676
 10
116.3717069012345
 20
507.213801084632
 42
-0.0365148199121137
 10
127.3452637418522
 20
509.2073936991728
 42
-0.026614996038891
 10
142.6155943020712
 20
510.0251024344106
 42
-0.026614996038891
 10
157.8863809218164
 20
509.2159553477759
 42
-0.0365148199121137
 10
168.8610537726781
 20
507.2285155215285
 42
-0.0762761895455752
 10
178.1934385611675
 20
503.2342816745148
 42
-0.2590339714203898
 10
179.7338511059642
 20
500.4622430310917
 42
-0.0784621676306809
 10
179.575240774313
 20
499.4558903192737
 42
-0.056762457430155
  0
LINE
  5
672
330
66C
100
AcDbEntity
  8
WC
100
AcDbLine
 10
179.8295372709399
 20
501.4150758795658
 30
0.0
 11
179.7362075633136
 21
491.9291496921432
 31
0.0
  0
LINE
  5
673
330
66C
100
AcDbEntity
  8
WC
100
AcDbLine
 10
105.5027048802585
 20
500.4414336748522
 30
0.0
 11
105.5050927010015
 21
491.9235983733888
 31
0.0
  0
LWPOLYLINE
  5
674
330
66C
100
AcDbEntity
  8
WC
100
AcDbPolyline
 90
       11
 70
     0
 43
0.0
 10
105.5050927010015
 20
491.9235983733888
 42
-0.2590339714206403
 10
107.0439508222043
 20
494.6965002345023
 42
-0.0762761895455676
 10
116.3740947219776
 20
498.6959657831683
 42
-0.0365148199121137
 10
127.347651562537
 20
500.6895583977093
 42
-0.026614996038891
 10
142.617982122756
 20
501.5072671329471
 42
-0.026614996038891
 10
157.8887687425013
 20
500.6981200463124
 42
-0.0365148199121137
 10
168.8634415934211
 20
498.7106802200651
 42
-0.0762761895455752
 10
178.1958263819106
 20
494.7164463730514
 42
-0.2590339714203898
 10
179.7362389266491
 20
491.9444077296866
 42
-0.2590339714202164
 10
178.1973808054463
 20
489.1715058685731
 42
-0.056762457430155
 10
171.3573650881299
 20
485.9193695901995
 42
-0.0365148199120382
  0
LWPOLYLINE
  5
675
330
66C
100
AcDbEntity
  8
WC
100
AcDbPolyline
 90
        4
 70
     0
 43
0.0
 10
118.9763390891603
 20
484.5360815450766
 42
-0.0087359414318704
 10
116.3778900342295
 20
485.1573258830103
 42
-0.0762761895456294
 10
107.04550524574
 20
489.151559730024
 42
-0.2590339714204861
 10
105.5050927010015
 20
491.9235983733888
 42
-0.2590339714206403
  0
LINE
  5
676
330
66C
100
AcDbEntity
  8
WC
100
AcDbLine
 10
118.9737638821825
 20
493.7223612275775
 30
0.0
 11
171.3551735444343
 21
493.7370454062111
 31
0.0
  0
LINE
  5
677
330
66C
100
AcDbEntity
  8
WC
100
AcDbLine
 10
118.977537822735
 20
480.2599586130453
 30
0.0
 11
118.9737638821825
 21
493.7223612275775
 31
0.0
  0
LINE
  5
678
330
66C
100
AcDbEntity
  8
WC
100
AcDbLine
 10
171.3589474849868
 20
480.2746427917372
 30
0.0
 11
118.977537822735
 21
480.2599586130453
 31
0.0
  0
LINE
  5
679
330
66C
100
AcDbEntity
  8
WC
100
AcDbLine
 10
171.3551735444343
 20
493.7370454062111
 30
0.0
 11
171.3589474849868
 21
480.2746427917372
 31
0.0
  0
ARC
  5
67A
330
66C
100
AcDbEntity
  8
WC
100
AcDbCircle
 10
40.64871487673372
 20
40.50004291699588
 30
0.0
 40
40.49999999999999
100
AcDbArc
 50
180.0160618327579
 51
270.0160618327644
  0
LINE
  5
67B
330
66C
100
AcDbEntity
  8
WC
100
AcDbLine
 10
40.66006831714185
 20
0.0000445083351224
 30
0.0
 11
518.5600495390245
 21
0.1340151051044813
 31
0.0
  0
ARC
  5
67C
330
66C
100
AcDbEntity
  8
WC
100
AcDbCircle
 10
518.5486960986163
 20
40.63401351376525
 30
0.0
 40
40.49999999999999
100
AcDbArc
 50
270.0160618327583
 51
0.0160618327579214
  0
LINE
  5
67D
330
66C
100
AcDbEntity
  8
WC
100
AcDbLine
 10
-0.0002032453194261
 20
571.7151672491088
 30
0.0
 11
0.1487164681311697
 21
40.48868947658775
 31
0.0
  0
LINE
  5
67E
330
66C
100
AcDbEntity
  8
WC
100
AcDbLine
 10
559.0486945072771
 20
40.64536695417337
 30
0.0
 11
558.8997747938265
 21
571.8718447266947
 31
0.0
  0
LINE
  5
67F
330
66C
100
AcDbEntity
  8
WC
100
AcDbLine
 10
-0.0002032453194261
 20
571.7151672491088
 30
0.0
 11
558.8997747938265
 21
571.8718447266947
 31
0.0
  0
CIRCLE
  5
680
330
66C
100
AcDbEntity
  8
WC
100
AcDbCircle
 10
488.9793766998336
 20
543.5058601781711
 30
0.0
 40
14.17223792700172
  0
LINE
  5
681
330
66C
100
AcDbEntity
  8
WC
100
AcDbLine
 10
524.4303156306848
 20
543.5157982062301
 30
0.0
 11
524.4372689260635
 21
518.7119994778986
 31
0.0
  0
LINE
  5
682
330
66C
100
AcDbEntity
  8
WC
100
AcDbLine
 10
524.4372689260635
 20
518.7119994778986
 30
0.0
 11
457.080484957376
 21
518.6931172244584
 31
0.0
  0
LINE
  5
683
330
66C
100
AcDbEntity
  8
WC
100
AcDbLine
 10
457.080484957376
 20
518.6931172244584
 30
0.0
 11
457.0735316620555
 21
543.4969159528482
 31
0.0
  0
LINE
  5
684
330
66C
100
AcDbEntity
  8
WC
100
AcDbLine
 10
0.0079338070936501
 20
542.6886697436202
 30
0.0
 11
457.0737223202595
 21
542.8167998521456
 31
0.0
  0
LINE
  5
685
330
66C
100
AcDbEntity
  8
WC
100
AcDbLine
 10
524.4305062888887
 20
542.8356821055857
 30
0.0
 11
558.9079118462396
 21
542.8453472212058
 31
0.0
  0
LINE
  5
686
330
66C
100
AcDbEntity
  8
WC
100
AcDbLine
 10
30.59365462674759
 20
454.8737994495532
 30
0.0
 11
30.69962862826651
 21
76.84328714026922
 31
0.0
  0
ARC
  5
687
330
66C
100
AcDbEntity
  8
WC
100
AcDbCircle
 10
63.09962735517182
 20
76.85236989260737
 30
0.0
 40
32.4
100
AcDbArc
 50
180.0160618327579
 51
270.0160618327612
  0
LINE
  5
688
330
66C
100
AcDbEntity
  8
WC
100
AcDbLine
 10
63.10871010750997
 20
44.45237116570207
 30
0.0
 11
496.0864884710171
 21
44.57374863724544
 31
0.0
  0
LINE
  5
689
330
66C
100
AcDbEntity
  8
WC
100
AcDbLine
 10
528.3714304440653
 20
455.0133424257146
 30
0.0
 11
528.4774044455843
 21
76.98283011648888
 31
0.0
  0
ARC
  5
68A
330
66C
100
AcDbEntity
  8
WC
100
AcDbCircle
 10
496.0774057186791
 20
76.97374736415077
 30
0.0
 40
32.4
100
AcDbArc
 50
270.0160618327583
 51
0.0160618327579214
  0
LWPOLYLINE
  5
68B
330
66C
100
AcDbEntity
  8
WC
100
AcDbPolyline
 90
       16
 70
     1
 43
0.0
 10
211.9904591586092
 20
495.2830218019299
 42
-0.1851580092270577
 10
208.0366414443706
 20
484.9635351624673
 42
-0.102041767147919
 10
192.2698002905818
 20
473.3377800086381
 42
-0.0608615383846834
 10
171.9781548715546
 20
466.8287184233995
 42
-0.0471731328896009
 10
144.6476173914852
 20
464.2367031215325
 42
-0.0471731328896349
 10
117.3156309581245
 20
466.8133947756941
 42
-0.0608615383847268
 10
97.02033933380151
 20
473.3110785489188
 42
-0.1020417671479031
 10
81.2469825191656
 20
484.9279919799518
 42
-0.1851580092270727
 10
77.28737966477637
 20
495.2452602354096
 42
-0.1851580092270577
 10
81.24119737901493
 20
505.5647468748138
 42
-0.1020417671479417
 10
97.00803853280376
 20
517.190502028643
 42
-0.0608615383846845
 10
117.2996839518891
 20
523.6995636139401
 42
-0.0471731328896248
 10
144.6302214319585
 20
526.2915789157487
 42
-0.0471731328895818
 10
171.962207865261
 20
523.7148872616452
 42
-0.0608615383846819
 10
192.2574994896422
 20
517.2172034884206
 42
-0.102041767147903
 10
208.0308563042199
 20
505.6002900573876
 42
-0.1851580092271371
  0
ENDBLK
  5
68C
330
66C
100
AcDbEntity
  8
0
100
AcDbBlockEnd
  0
BLOCK
  5
8A
330
89
100
AcDbEntity
  8
0
100
AcDbBlockBegin
  2
*D43
 70
     1
 10
0.0
 20
0.0
 30
0.0
  3
*D43
  1

  0
LINE
  5
8B
330
89
100
AcDbEntity
  8
AXIS
 62
     0
440
 16777216
370
    -2
100
AcDbLine
 10
-441436.8662775522
 20
-565351.2830999479
 30
0.0
 11
-441436.8662775522
 21
-564031.1316797448
 31
0.0
  0
LINE
  5
8C
330
89
100
AcDbEntity
  8
AXIS
 62
     0
440
 16777216
370
    -2
100
AcDbLine
 10
-444436.8662775523
 20
-565351.2830999479
 30
0.0
 11
-444436.8662775523
 21
-564031.1316797448
 31
0.0
  0
LINE
  5
8D
330
89
100
AcDbEntity
  8
AXIS
 62
     3
440
 16777216
370
    -2
100
AcDbLine
 10
-441438.3662775522
 20
-564406.1316797448
 30
0.0
 11
-444435.3662775522
 21
-564406.1316797448
 31
0.0
  0
INSERT
  5
8E
330
89
100
AcDbEntity
  8
AXIS
 62
     3
440
 16777216
370
    -2
100
AcDbBlockReference
  2
_DIMX
 10
-441436.8662775522
 20
-564406.1316797448
 30
0.0
 41
1.5
 42
1.5
 43
1.5
  0
INSERT
  5
96
330
89
100
AcDbEntity
  8
AXIS
 62
     3
440
 16777216
370
    -2
100
AcDbBlockReference
  2
_DIMX
 10
-444436.8662775523
 20
-564406.1316797448
 30
0.0
 41
1.5
 42
1.5
 43
1.5
 50
180.0
  0
MTEXT
  5
97
330
89
100
AcDbEntity
  8
AXIS
 62
     7
440
 16777216
100
AcDbMText
 10
-442936.8662775522
 20
-563956.1316797448
 30
0.0
 40
450.0
 41
0.0
 46
0.0
 71
     5
 72
     1
  1
\A1;3000
  7
_ZBHZ
 73
     1
 44
1.0
  0
POINT
  5
99
330
89
100
AcDbEntity
  8
Defpoints
 62
     0
440
 16777216
100
AcDbPoint
 10
-441436.8662775522
 20
-565801.2830999478
 30
0.0
  0
POINT
  5
9B
330
89
100
AcDbEntity
  8
Defpoints
 62
     0
440
 16777216
100
AcDbPoint
 10
-444436.8662775523
 20
-565801.2830999478
 30
0.0
  0
POINT
  5
9C
330
89
100
AcDbEntity
  8
Defpoints
 62
     0
440
 16777216
100
AcDbPoint
 10
-444436.8662775523
 20
-564406.1316797448
 30
0.0
  0
ENDBLK
  5
9D
330
89
100
AcDbEntity
  8
0
100
AcDbBlockEnd
  0
BLOCK
  5
109
330
108
100
AcDbEntity
  8
0
100
AcDbBlockBegin
  2
*D44
 70
     1
 10
0.0
 20
0.0
 30
0.0
  3
*D44
  1

  0
LINE
  5
10A
330
108
100
AcDbEntity
  8
AXIS
 62
     0
440
 16777216
370
    -2
100
AcDbLine
 10
-417536.8660101059
 20
-564951.2830999477
 30
0.0
 11
-417536.8660101059
 21
-563231.1316797448
 31
0.0
  0
LINE
  5
10B
330
108
100
AcDbEntity
  8
AXIS
 62
     0
440
 16777216
370
    -2
100
AcDbLine
 10
-451636.8662775522
 20
-564951.2830999477
 30
0.0
 11
-451636.8662775522
 21
-563231.1316797448
 31
0.0
  0
LINE
  5
10C
330
108
100
AcDbEntity
  8
AXIS
 62
     3
440
 16777216
370
    -2
100
AcDbLine
 10
-417538.366010106
 20
-563606.1316797448
 30
0.0
 11
-434011.211502796
 21
-563606.1316797448
 31
0.0
  0
LINE
  5
10D
330
108
100
AcDbEntity
  8
AXIS
 62
     3
440
 16777216
370
    -2
100
AcDbLine
 10
-451635.3662775522
 20
-563606.1316797448
 30
0.0
 11
-436004.0686456531
 21
-563606.1316797448
 31
0.0
  0
MTEXT
  5
10E
330
108
100
AcDbEntity
  8
AXIS
 62
     7
440
 16777216
100
AcDbMText
 10
-435007.6400742246
 20
-563268.6316797451
 30
0.0
 40
450.0
 41
0.0
 46
0.0
 71
     5
 72
     1
  1
\A1;34100
  7
_ZBHZ
 73
     1
 44
1.0
  0
INSERT
  5
10F
330
108
100
AcDbEntity
  8
AXIS
 62
     3
440
 16777216
370
    -2
100
AcDbBlockReference
  2
_DIMX
 10
-417536.8660101059
 20
-563606.1316797448
 30
0.0
 41
1.5
 42
1.5
 43
1.5
  0
INSERT
  5
110
330
108
100
AcDbEntity
  8
AXIS
 62
     3
440
 16777216
370
    -2
100
AcDbBlockReference
  2
_DIMX
 10
-451636.8662775522
 20
-563606.1316797448
 30
0.0
 41
1.5
 42
1.5
 43
1.5
 50
180.0
  0
POINT
  5
111
330
108
100
AcDbEntity
  8
Defpoints
 62
     0
440
 16777216
100
AcDbPoint
 10
-417536.8660101059
 20
-565401.2830999477
 30
0.0
  0
POINT
  5
112
330
108
100
AcDbEntity
  8
Defpoints
 62
     0
440
 16777216
100
AcDbPoint
 10
-451636.8662775522
 20
-565401.2830999477
 30
0.0
  0
POINT
  5
113
330
108
100
AcDbEntity
  8
Defpoints
 62
     0
440
 16777216
100
AcDbPoint
 10
-451636.8662775522
 20
-563606.1316797448
 30
0.0
  0
ENDBLK
  5
114
330
108
100
AcDbEntity
  8
0
100
AcDbBlockEnd
  0
BLOCK
  5
117
330
116
100
AcDbEntity
  8
0
100
AcDbBlockBegin
  2
*D45
 70
     1
 10
0.0
 20
0.0
 30
0.0
  3
*D45
  1

  0
LINE
  5
118
330
116
100
AcDbEntity
  8
AXIS
 62
     0
440
 16777216
370
    -2
100
AcDbLine
 10
-451536.8662775522
 20
-600070.276716119
 30
0.0
 11
-451536.8662775522
 21
-601309.819199093
 31
0.0
  0
LINE
  5
119
330
116
100
AcDbEntity
  8
AXIS
 62
     0
440
 16777216
370
    -2
100
AcDbLine
 10
-417536.8660101059
 20
-600070.2767161188
 30
0.0
 11
-417536.8660101059
 21
-601309.819199093
 31
0.0
  0
LINE
  5
11A
330
116
100
AcDbEntity
  8
AXIS
 62
     3
440
 16777216
370
    -2
100
AcDbLine
 10
-451535.3662775522
 20
-600934.8191990929
 30
0.0
 11
-417538.366010106
 21
-600934.8191990929
 31
0.0
  0
INSERT
  5
11B
330
116
100
AcDbEntity
  8
AXIS
 62
     3
440
 16777216
370
    -2
100
AcDbBlockReference
  2
_DIMX
 10
-451536.8662775522
 20
-600934.8191990929
 30
0.0
 41
1.5
 42
1.5
 43
1.5
 50
180.0
  0
INSERT
  5
11C
330
116
100
AcDbEntity
  8
AXIS
 62
     3
440
 16777216
370
    -2
100
AcDbBlockReference
  2
_DIMX
 10
-417536.8660101059
 20
-600934.8191990929
 30
0.0
 41
1.5
 42
1.5
 43
1.5
  0
MTEXT
  5
11D
330
116
100
AcDbEntity
  8
AXIS
 62
     7
440
 16777216
100
AcDbMText
 10
-434536.8661438291
 20
-600484.8191990929
 30
0.0
 40
450.0
 41
0.0
 46
0.0
 71
     5
 72
     1
  1
\A1;34000
  7
_ZBHZ
 73
     1
 44
1.0
  0
POINT
  5
11E
330
116
100
AcDbEntity
  8
Defpoints
 62
     0
440
 16777216
100
AcDbPoint
 10
-451536.8662775522
 20
-599620.276716119
 30
0.0
  0
POINT
  5
11F
330
116
100
AcDbEntity
  8
Defpoints
 62
     0
440
 16777216
100
AcDbPoint
 10
-417536.8660101059
 20
-599620.2767161189
 30
0.0
  0
POINT
  5
120
330
116
100
AcDbEntity
  8
Defpoints
 62
     0
440
 16777216
100
AcDbPoint
 10
-417536.8660101059
 20
-600934.8191990929
 30
0.0
  0
ENDBLK
  5
121
330
116
100
AcDbEntity
  8
0
100
AcDbBlockEnd
  0
BLOCK
  5
124
330
123
100
AcDbEntity
  8
0
100
AcDbBlockBegin
  2
*D46
 70
     1
 10
0.0
 20
0.0
 30
0.0
  3
*D46
  1

  0
LINE
  5
125
330
123
100
AcDbEntity
  8
AXIS
 62
     0
440
 16777216
370
    -2
100
AcDbLine
 10
-445236.8662775523
 20
-599670.2767161191
 30
0.0
 11
-445236.8662775523
 21
-600509.819199093
 31
0.0
  0
LINE
  5
126
330
123
100
AcDbEntity
  8
AXIS
 62
     0
440
 16777216
370
    -2
100
AcDbLine
 10
-441436.8662775475
 20
-599670.2767161191
 30
0.0
 11
-441436.8662775475
 21
-600509.819199093
 31
0.0
  0
LINE
  5
127
330
123
100
AcDbEntity
  8
AXIS
 62
     3
440
 16777216
370
    -2
100
AcDbLine
 10
-445235.3662775522
 20
-600134.8191990929
 30
0.0
 11
-441438.3662775477
 21
-600134.8191990929
 31
0.0
  0
INSERT
  5
128
330
123
100
AcDbEntity
  8
AXIS
 62
     3
440
 16777216
370
    -2
100
AcDbBlockReference
  2
_DIMX
 10
-445236.8662775523
 20
-600134.8191990929
 30
0.0
 41
1.5
 42
1.5
 43
1.5
 50
180.0
  0
INSERT
  5
129
330
123
100
AcDbEntity
  8
AXIS
 62
     3
440
 16777216
370
    -2
100
AcDbBlockReference
  2
_DIMX
 10
-441436.8662775475
 20
-600134.8191990929
 30
0.0
 41
1.5
 42
1.5
 43
1.5
  0
MTEXT
  5
12A
330
123
100
AcDbEntity
  8
AXIS
 62
     7
440
 16777216
100
AcDbMText
 10
-443336.86627755
 20
-599684.8191990931
 30
0.0
 40
450.0
 41
0.0
 46
0.0
 71
     5
 72
     1
  1
\A1;3800
  7
_ZBHZ
 73
     1
 44
1.0
  0
POINT
  5
12B
330
123
100
AcDbEntity
  8
Defpoints
 62
     0
440
 16777216
100
AcDbPoint
 10
-445236.8662775523
 20
-599220.2767161191
 30
0.0
  0
POINT
  5
12C
330
123
100
AcDbEntity
  8
Defpoints
 62
     0
440
 16777216
100
AcDbPoint
 10
-441436.8662775475
 20
-599220.2767161191
 30
0.0
  0
POINT
  5
12D
330
123
100
AcDbEntity
  8
Defpoints
 62
     0
440
 16777216
100
AcDbPoint
 10
-441436.8662775475
 20
-600134.8191990929
 30
0.0
  0
ENDBLK
  5
12E
330
123
100
AcDbEntity
  8
0
100
AcDbBlockEnd
  0
BLOCK
  5
131
330
130
100
AcDbEntity
  8
0
100
AcDbBlockBegin
  2
*D47
 70
     1
 10
0.0
 20
0.0
 30
0.0
  3
*D47
  1

  0
LINE
  5
132
330
130
100
AcDbEntity
  8
AXIS
 62
     0
440
 16777216
370
    -2
100
AcDbLine
 10
-453309.4730954275
 20
-573793.6975195259
 30
0.0
 11
-454434.4730954275
 21
-573793.6975195259
 31
0.0
  0
LINE
  5
133
330
130
100
AcDbEntity
  8
AXIS
 62
     0
440
 16777216
370
    -2
100
AcDbLine
 10
-453309.4730954275
 20
-576493.6975195259
 30
0.0
 11
-454434.4730954275
 21
-576493.6975195259
 31
0.0
  0
LINE
  5
134
330
130
100
AcDbEntity
  8
AXIS
 62
     3
440
 16777216
370
    -2
100
AcDbLine
 10
-454059.4730954276
 20
-573795.1975195259
 30
0.0
 11
-454059.4730954276
 21
-576492.1975195259
 31
0.0
  0
INSERT
  5
135
330
130
100
AcDbEntity
  8
AXIS
 62
     3
440
 16777216
370
    -2
100
AcDbBlockReference
  2
_DIMX
 10
-454059.4730954276
 20
-573793.6975195259
 30
0.0
 41
1.5
 42
1.5
 43
1.5
 50
90.0
  0
INSERT
  5
136
330
130
100
AcDbEntity
  8
AXIS
 62
     3
440
 16777216
370
    -2
100
AcDbBlockReference
  2
_DIMX
 10
-454059.4730954276
 20
-576493.6975195259
 30
0.0
 41
1.5
 42
1.5
 43
1.5
 50
270.0
  0
MTEXT
  5
137
330
130
100
AcDbEntity
  8
AXIS
 62
     7
440
 16777216
100
AcDbMText
 10
-454509.4730954275
 20
-575143.697519526
 30
0.0
 40
450.0
 41
0.0
 46
0.0
 71
     5
 72
     1
  1
\A1;2700
  7
_ZBHZ
 11
0.0000000000000001
 21
1.0
 31
0.0
 73
     1
 44
1.0
  0
POINT
  5
138
330
130
100
AcDbEntity
  8
Defpoints
 62
     0
440
 16777216
100
AcDbPoint
 10
-452859.4730954274
 20
-573793.6975195259
 30
0.0
  0
POINT
  5
139
330
130
100
AcDbEntity
  8
Defpoints
 62
     0
440
 16777216
100
AcDbPoint
 10
-452859.4730954274
 20
-576493.6975195259
 30
0.0
  0
POINT
  5
13A
330
130
100
AcDbEntity
  8
Defpoints
 62
     0
440
 16777216
100
AcDbPoint
 10
-454059.4730954276
 20
-576493.6975195259
 30
0.0
  0
ENDBLK
  5
13B
330
130
100
AcDbEntity
  8
0
100
AcDbBlockEnd
  0
BLOCK
  5
13E
330
13D
100
AcDbEntity
  8
0
100
AcDbBlockBegin
  2
*D48
 70
     1
 10
0.0
 20
0.0
 30
0.0
  3
*D48
  1

  0
LINE
  5
13F
330
13D
100
AcDbEntity
  8
AXIS
 62
     0
440
 16777216
370
    -2
100
AcDbLine
 10
-453709.4730954275
 20
-568293.6977297843
 30
0.0
 11
-455234.4730954276
 21
-568293.6977297843
 31
0.0
  0
LINE
  5
140
330
13D
100
AcDbEntity
  8
AXIS
 62
     0
440
 16777216
370
    -2
100
AcDbLine
 10
-453709.4730954275
 20
-597193.6976409557
 30
0.0
 11
-455234.4730954276
 21
-597193.6976409557
 31
0.0
  0
LINE
  5
141
330
13D
100
AcDbEntity
  8
AXIS
 62
     3
440
 16777216
370
    -2
100
AcDbLine
 10
-454859.4730954277
 20
-568295.1977297843
 30
0.0
 11
-454859.4730954277
 21
-597192.1976409557
 31
0.0
  0
INSERT
  5
142
330
13D
100
AcDbEntity
  8
AXIS
 62
     3
440
 16777216
370
    -2
100
AcDbBlockReference
  2
_DIMX
 10
-454859.4730954277
 20
-568293.6977297843
 30
0.0
 41
1.5
 42
1.5
 43
1.5
 50
90.0
  0
INSERT
  5
143
330
13D
100
AcDbEntity
  8
AXIS
 62
     3
440
 16777216
370
    -2
100
AcDbBlockReference
  2
_DIMX
 10
-454859.4730954277
 20
-597193.6976409557
 30
0.0
 41
1.5
 42
1.5
 43
1.5
 50
270.0
  0
MTEXT
  5
144
330
13D
100
AcDbEntity
  8
AXIS
 62
     7
440
 16777216
100
AcDbMText
 10
-455309.4730954276
 20
-582743.6976853701
 30
0.0
 40
450.0
 41
0.0
 46
0.0
 71
     5
 72
     1
  1
\A1;28900
  7
_ZBHZ
 11
0.0000000000000001
 21
1.0
 31
0.0
 73
     1
 44
1.0
  0
POINT
  5
145
330
13D
100
AcDbEntity
  8
Defpoints
 62
     0
440
 16777216
100
AcDbPoint
 10
-453259.4730954275
 20
-568293.6977297843
 30
0.0
  0
POINT
  5
146
330
13D
100
AcDbEntity
  8
Defpoints
 62
     0
440
 16777216
100
AcDbPoint
 10
-453259.4730954275
 20
-597193.6976409557
 30
0.0
  0
POINT
  5
147
330
13D
100
AcDbEntity
  8
Defpoints
 62
     0
440
 16777216
100
AcDbPoint
 10
-454859.4730954277
 20
-597193.6976409557
 30
0.0
  0
ENDBLK
  5
148
330
13D
100
AcDbEntity
  8
0
100
AcDbBlockEnd
  0
BLOCK
  5
14B
330
14A
100
AcDbEntity
  8
0
100
AcDbBlockBegin
  2
*D49
 70
     1
 10
0.0
 20
0.0
 30
0.0
  3
*D49
  1

  0
LINE
  5
14C
330
14A
100
AcDbEntity
  8
AXIS
 62
     0
440
 16777216
370
    -2
100
AcDbLine
 10
-453309.4730954275
 20
-593593.697570219
 30
0.0
 11
-454434.4730954275
 21
-593593.697570219
 31
0.0
  0
LINE
  5
14D
330
14A
100
AcDbEntity
  8
AXIS
 62
     0
440
 16777216
370
    -2
100
AcDbLine
 10
-453309.4730954275
 20
-597193.6976409557
 30
0.0
 11
-454434.4730954275
 21
-597193.6976409557
 31
0.0
  0
LINE
  5
14E
330
14A
100
AcDbEntity
  8
AXIS
 62
     3
440
 16777216
370
    -2
100
AcDbLine
 10
-454059.4730954276
 20
-593595.197570219
 30
0.0
 11
-454059.4730954276
 21
-597192.1976409557
 31
0.0
  0
INSERT
  5
14F
330
14A
100
AcDbEntity
  8
AXIS
 62
     3
440
 16777216
370
    -2
100
AcDbBlockReference
  2
_DIMX
 10
-454059.4730954276
 20
-593593.697570219
 30
0.0
 41
1.5
 42
1.5
 43
1.5
 50
90.0
  0
INSERT
  5
150
330
14A
100
AcDbEntity
  8
AXIS
 62
     3
440
 16777216
370
    -2
100
AcDbBlockReference
  2
_DIMX
 10
-454059.4730954276
 20
-597193.6976409557
 30
0.0
 41
1.5
 42
1.5
 43
1.5
 50
270.0
  0
MTEXT
  5
151
330
14A
100
AcDbEntity
  8
AXIS
 62
     7
440
 16777216
100
AcDbMText
 10
-454509.4730954275
 20
-595393.6976055874
 30
0.0
 40
450.0
 41
0.0
 46
0.0
 71
     5
 72
     1
  1
\A1;3600
  7
_ZBHZ
 11
0.0000000000000001
 21
1.0
 31
0.0
 73
     1
 44
1.0
  0
POINT
  5
152
330
14A
100
AcDbEntity
  8
Defpoints
 62
     0
440
 16777216
100
AcDbPoint
 10
-452859.4730954274
 20
-593593.697570219
 30
0.0
  0
POINT
  5
153
330
14A
100
AcDbEntity
  8
Defpoints
 62
     0
440
 16777216
100
AcDbPoint
 10
-452859.4730954274
 20
-597193.6976409557
 30
0.0
  0
POINT
  5
154
330
14A
100
AcDbEntity
  8
Defpoints
 62
     0
440
 16777216
100
AcDbPoint
 10
-454059.4730954276
 20
-597193.6976409557
 30
0.0
  0
ENDBLK
  5
155
330
14A
100
AcDbEntity
  8
0
100
AcDbBlockEnd
  0
BLOCK
  5
158
330
157
100
AcDbEntity
  8
0
100
AcDbBlockBegin
  2
*D50
 70
     1
 10
0.0
 20
0.0
 30
0.0
  3
*D50
  1

  0
LINE
  5
159
330
157
100
AcDbEntity
  8
AXIS
 62
     0
440
 16777216
370
    -2
100
AcDbLine
 10
-451536.8662775522
 20
-599670.2767161191
 30
0.0
 11
-451536.8662775522
 21
-600509.819199093
 31
0.0
  0
LINE
  5
15A
330
157
100
AcDbEntity
  8
AXIS
 62
     0
440
 16777216
370
    -2
100
AcDbLine
 10
-447936.8662775523
 20
-599670.2767161191
 30
0.0
 11
-447936.8662775523
 21
-600509.819199093
 31
0.0
  0
LINE
  5
15B
330
157
100
AcDbEntity
  8
AXIS
 62
     3
440
 16777216
370
    -2
100
AcDbLine
 10
-451535.3662775522
 20
-600134.8191990929
 30
0.0
 11
-447938.3662775522
 21
-600134.8191990929
 31
0.0
  0
INSERT
  5
15C
330
157
100
AcDbEntity
  8
AXIS
 62
     3
440
 16777216
370
    -2
100
AcDbBlockReference
  2
_DIMX
 10
-451536.8662775522
 20
-600134.8191990929
 30
0.0
 41
1.5
 42
1.5
 43
1.5
 50
180.0
  0
INSERT
  5
15D
330
157
100
AcDbEntity
  8
AXIS
 62
     3
440
 16777216
370
    -2
100
AcDbBlockReference
  2
_DIMX
 10
-447936.8662775523
 20
-600134.8191990929
 30
0.0
 41
1.5
 42
1.5
 43
1.5
  0
MTEXT
  5
15E
330
157
100
AcDbEntity
  8
AXIS
 62
     7
440
 16777216
100
AcDbMText
 10
-449736.8662775523
 20
-599684.8191990931
 30
0.0
 40
450.0
 41
0.0
 46
0.0
 71
     5
 72
     1
  1
\A1;3600
  7
_ZBHZ
 73
     1
 44
1.0
  0
POINT
  5
15F
330
157
100
AcDbEntity
  8
Defpoints
 62
     0
440
 16777216
100
AcDbPoint
 10
-451536.8662775522
 20
-599220.2767161191
 30
0.0
  0
POINT
  5
160
330
157
100
AcDbEntity
  8
Defpoints
 62
     0
440
 16777216
100
AcDbPoint
 10
-447936.8662775523
 20
-599220.2767161191
 30
0.0
  0
POINT
  5
161
330
157
100
AcDbEntity
  8
Defpoints
 62
     0
440
 16777216
100
AcDbPoint
 10
-447936.8662775523
 20
-600134.8191990929
 30
0.0
  0
ENDBLK
  5
162
330
157
100
AcDbEntity
  8
0
100
AcDbBlockEnd
  0
BLOCK
  5
165
330
164
100
AcDbEntity
  8
0
100
AcDbBlockBegin
  2
*D51
 70
     1
 10
0.0
 20
0.0
 30
0.0
  3
*D51
  1

  0
LINE
  5
166
330
164
100
AcDbEntity
  8
AXIS
 62
     0
440
 16777216
370
    -2
100
AcDbLine
 10
-447936.8662775523
 20
-599670.2767161191
 30
0.0
 11
-447936.8662775523
 21
-600509.819199093
 31
0.0
  0
LINE
  5
167
330
164
100
AcDbEntity
  8
AXIS
 62
     0
440
 16777216
370
    -2
100
AcDbLine
 10
-445236.8662775523
 20
-599670.2767161191
 30
0.0
 11
-445236.8662775523
 21
-600509.819199093
 31
0.0
  0
LINE
  5
168
330
164
100
AcDbEntity
  8
AXIS
 62
     3
440
 16777216
370
    -2
100
AcDbLine
 10
-447935.3662775523
 20
-600134.8191990929
 30
0.0
 11
-445238.3662775523
 21
-600134.8191990929
 31
0.0
  0
INSERT
  5
169
330
164
100
AcDbEntity
  8
AXIS
 62
     3
440
 16777216
370
    -2
100
AcDbBlockReference
  2
_DIMX
 10
-447936.8662775523
 20
-600134.8191990929
 30
0.0
 41
1.5
 42
1.5
 43
1.5
 50
180.0
  0
INSERT
  5
16A
330
164
100
AcDbEntity
  8
AXIS
 62
     3
440
 16777216
370
    -2
100
AcDbBlockReference
  2
_DIMX
 10
-445236.8662775523
 20
-600134.8191990929
 30
0.0
 41
1.5
 42
1.5
 43
1.5
  0
MTEXT
  5
16B
330
164
100
AcDbEntity
  8
AXIS
 62
     7
440
 16777216
100
AcDbMText
 10
-446586.8662775522
 20
-599684.8191990931
 30
0.0
 40
450.0
 41
0.0
 46
0.0
 71
     5
 72
     1
  1
\A1;2700
  7
_ZBHZ
 73
     1
 44
1.0
  0
POINT
  5
16C
330
164
100
AcDbEntity
  8
Defpoints
 62
     0
440
 16777216
100
AcDbPoint
 10
-447936.8662775523
 20
-599220.2767161191
 30
0.0
  0
POINT
  5
16D
330
164
100
AcDbEntity
  8
Defpoints
 62
     0
440
 16777216
100
AcDbPoint
 10
-445236.8662775523
 20
-599220.2767161191
 30
0.0
  0
POINT
  5
16E
330
164
100
AcDbEntity
  8
Defpoints
 62
     0
440
 16777216
100
AcDbPoint
 10
-445236.8662775523
 20
-600134.8191990929
 30
0.0
  0
ENDBLK
  5
16F
330
164
100
AcDbEntity
  8
0
100
AcDbBlockEnd
  0
BLOCK
  5
173
330
172
100
AcDbEntity
  8
0
100
AcDbBlockBegin
  2
*D52
 70
     1
 10
0.0
 20
0.0
 30
0.0
  3
*D52
  1

  0
LINE
  5
174
330
172
100
AcDbEntity
  8
AXIS
 62
     0
440
 16777216
370
    -2
100
AcDbLine
 10
-453309.4730954275
 20
-585593.9281943424
 30
0.0
 11
-454434.4730954275
 21
-585593.9281943424
 31
0.0
  0
LINE
  5
175
330
172
100
AcDbEntity
  8
AXIS
 62
     0
440
 16777216
370
    -2
100
AcDbLine
 10
-453309.4730954275
 20
-587093.6975702193
 30
0.0
 11
-454434.4730954275
 21
-587093.6975702193
 31
0.0
  0
LINE
  5
176
330
172
100
AcDbEntity
  8
AXIS
 62
     3
440
 16777216
370
    -2
100
AcDbLine
 10
-454059.4730954276
 20
-585592.4281943424
 30
0.0
 11
-454059.4730954276
 21
-585590.9281943424
 31
0.0
  0
LINE
  5
177
330
172
100
AcDbEntity
  8
AXIS
 62
     3
440
 16777216
370
    -2
100
AcDbLine
 10
-454059.4730954276
 20
-587095.1975702193
 30
0.0
 11
-454059.4730954276
 21
-587096.6975702193
 31
0.0
  0
LINE
  5
178
330
172
100
AcDbEntity
  8
AXIS
 62
     3
440
 16777216
370
    -2
100
AcDbLine
 10
-454059.4730954276
 20
-585593.9281943424
 30
0.0
 11
-454059.4730954276
 21
-587093.6975702193
 31
0.0
  0
INSERT
  5
179
330
172
100
AcDbEntity
  8
AXIS
 62
     3
440
 16777216
370
    -2
100
AcDbBlockReference
  2
_DIMX
 10
-454059.4730954276
 20
-585593.9281943424
 30
0.0
 41
1.5
 42
1.5
 43
1.5
 50
270.0
  0
INSERT
  5
17A
330
172
100
AcDbEntity
  8
AXIS
 62
     3
440
 16777216
370
    -2
100
AcDbBlockReference
  2
_DIMX
 10
-454059.4730954276
 20
-587093.6975702193
 30
0.0
 41
1.5
 42
1.5
 43
1.5
 50
90.0
  0
MTEXT
  5
17B
330
172
100
AcDbEntity
  8
AXIS
 62
     7
440
 16777216
100
AcDbMText
 10
-454509.4730954275
 20
-586343.8128822809
 30
0.0
 40
450.0
 41
0.0
 46
0.0
 71
     5
 72
     1
  1
\A1;1500
  7
_ZBHZ
 11
0.0000000000000001
 21
1.0
 31
0.0
 73
     1
 44
1.0
  0
POINT
  5
17C
330
172
100
AcDbEntity
  8
Defpoints
 62
     0
440
 16777216
100
AcDbPoint
 10
-452859.4730954274
 20
-585593.9281943424
 30
0.0
  0
POINT
  5
17D
330
172
100
AcDbEntity
  8
Defpoints
 62
     0
440
 16777216
100
AcDbPoint
 10
-452859.4730954274
 20
-587093.6975702193
 30
0.0
  0
POINT
  5
17E
330
172
100
AcDbEntity
  8
Defpoints
 62
     0
440
 16777216
100
AcDbPoint
 10
-454059.4730954276
 20
-587093.6975702193
 30
0.0
  0
ENDBLK
  5
17F
330
172
100
AcDbEntity
  8
0
100
AcDbBlockEnd
  0
BLOCK
  5
183
330
182
100
AcDbEntity
  8
0
100
AcDbBlockBegin
  2
*D53
 70
     1
 10
0.0
 20
0.0
 30
0.0
  3
*D53
  1

  0
LINE
  5
184
330
182
100
AcDbEntity
  8
AXIS
 62
     0
440
 16777216
370
    -2
100
AcDbLine
 10
-453309.4730954275
 20
-591693.6975702189
 30
0.0
 11
-454434.4730954275
 21
-591693.6975702189
 31
0.0
  0
LINE
  5
185
330
182
100
AcDbEntity
  8
AXIS
 62
     0
440
 16777216
370
    -2
100
AcDbLine
 10
-453309.4730954275
 20
-593593.697570219
 30
0.0
 11
-454434.4730954275
 21
-593593.697570219
 31
0.0
  0
LINE
  5
186
330
182
100
AcDbEntity
  8
AXIS
 62
     3
440
 16777216
370
    -2
100
AcDbLine
 10
-454059.4730954276
 20
-591695.197570219
 30
0.0
 11
-454059.4730954276
 21
-593592.1975702189
 31
0.0
  0
INSERT
  5
187
330
182
100
AcDbEntity
  8
AXIS
 62
     3
440
 16777216
370
    -2
100
AcDbBlockReference
  2
_DIMX
 10
-454059.4730954276
 20
-591693.6975702189
 30
0.0
 41
1.5
 42
1.5
 43
1.5
 50
90.0
  0
INSERT
  5
188
330
182
100
AcDbEntity
  8
AXIS
 62
     3
440
 16777216
370
    -2
100
AcDbBlockReference
  2
_DIMX
 10
-454059.4730954276
 20
-593593.697570219
 30
0.0
 41
1.5
 42
1.5
 43
1.5
 50
270.0
  0
MTEXT
  5
189
330
182
100
AcDbEntity
  8
AXIS
 62
     7
440
 16777216
100
AcDbMText
 10
-454509.4730954275
 20
-592643.6975702189
 30
0.0
 40
450.0
 41
0.0
 46
0.0
 71
     5
 72
     1
  1
\A1;1900
  7
_ZBHZ
 11
0.0000000000000001
 21
1.0
 31
0.0
 73
     1
 44
1.0
  0
POINT
  5
18A
330
182
100
AcDbEntity
  8
Defpoints
 62
     0
440
 16777216
100
AcDbPoint
 10
-452859.4730954274
 20
-591693.6975702189
 30
0.0
  0
POINT
  5
18B
330
182
100
AcDbEntity
  8
Defpoints
 62
     0
440
 16777216
100
AcDbPoint
 10
-452859.4730954274
 20
-593593.697570219
 30
0.0
  0
POINT
  5
18C
330
182
100
AcDbEntity
  8
Defpoints
 62
     0
440
 16777216
100
AcDbPoint
 10
-454059.4730954276
 20
-593593.697570219
 30
0.0
  0
ENDBLK
  5
18D
330
182
100
AcDbEntity
  8
0
100
AcDbBlockEnd
  0
BLOCK
  5
190
330
18F
100
AcDbEntity
  8
0
100
AcDbBlockBegin
  2
*D54
 70
     1
 10
0.0
 20
0.0
 30
0.0
  3
*D54
  1

  0
LINE
  5
191
330
18F
100
AcDbEntity
  8
AXIS
 62
     0
440
 16777216
370
    -2
100
AcDbLine
 10
-453309.4730954275
 20
-588993.6975702189
 30
0.0
 11
-454434.4730954275
 21
-588993.6975702189
 31
0.0
  0
LINE
  5
192
330
18F
100
AcDbEntity
  8
AXIS
 62
     0
440
 16777216
370
    -2
100
AcDbLine
 10
-453309.4730954275
 20
-591693.6975702189
 30
0.0
 11
-454434.4730954275
 21
-591693.6975702189
 31
0.0
  0
LINE
  5
193
330
18F
100
AcDbEntity
  8
AXIS
 62
     3
440
 16777216
370
    -2
100
AcDbLine
 10
-454059.4730954276
 20
-588995.197570219
 30
0.0
 11
-454059.4730954276
 21
-591692.1975702188
 31
0.0
  0
INSERT
  5
194
330
18F
100
AcDbEntity
  8
AXIS
 62
     3
440
 16777216
370
    -2
100
AcDbBlockReference
  2
_DIMX
 10
-454059.4730954276
 20
-588993.6975702189
 30
0.0
 41
1.5
 42
1.5
 43
1.5
 50
90.0
  0
INSERT
  5
195
330
18F
100
AcDbEntity
  8
AXIS
 62
     3
440
 16777216
370
    -2
100
AcDbBlockReference
  2
_DIMX
 10
-454059.4730954276
 20
-591693.6975702189
 30
0.0
 41
1.5
 42
1.5
 43
1.5
 50
270.0
  0
MTEXT
  5
196
330
18F
100
AcDbEntity
  8
AXIS
 62
     7
440
 16777216
100
AcDbMText
 10
-454509.4730954275
 20
-590343.697570219
 30
0.0
 40
450.0
 41
0.0
 46
0.0
 71
     5
 72
     1
  1
\A1;2700
  7
_ZBHZ
 11
0.0000000000000001
 21
1.0
 31
0.0
 73
     1
 44
1.0
  0
POINT
  5
197
330
18F
100
AcDbEntity
  8
Defpoints
 62
     0
440
 16777216
100
AcDbPoint
 10
-452859.4730954274
 20
-588993.6975702189
 30
0.0
  0
POINT
  5
198
330
18F
100
AcDbEntity
  8
Defpoints
 62
     0
440
 16777216
100
AcDbPoint
 10
-452859.4730954274
 20
-591693.6975702189
 30
0.0
  0
POINT
  5
199
330
18F
100
AcDbEntity
  8
Defpoints
 62
     0
440
 16777216
100
AcDbPoint
 10
-454059.4730954276
 20
-591693.6975702189
 30
0.0
  0
ENDBLK
  5
19A
330
18F
100
AcDbEntity
  8
0
100
AcDbBlockEnd
  0
BLOCK
  5
19D
330
19C
100
AcDbEntity
  8
0
100
AcDbBlockBegin
  2
*D55
 70
     1
 10
0.0
 20
0.0
 30
0.0
  3
*D55
  1

  0
LINE
  5
19E
330
19C
100
AcDbEntity
  8
AXIS
 62
     0
440
 16777216
370
    -2
100
AcDbLine
 10
-453309.4730954275
 20
-587093.6975702193
 30
0.0
 11
-454434.4730954275
 21
-587093.6975702193
 31
0.0
  0
LINE
  5
19F
330
19C
100
AcDbEntity
  8
AXIS
 62
     0
440
 16777216
370
    -2
100
AcDbLine
 10
-453309.4730954275
 20
-588993.6975702189
 30
0.0
 11
-454434.4730954275
 21
-588993.6975702189
 31
0.0
  0
LINE
  5
1A0
330
19C
100
AcDbEntity
  8
AXIS
 62
     3
440
 16777216
370
    -2
100
AcDbLine
 10
-454059.4730954276
 20
-587095.1975702193
 30
0.0
 11
-454059.4730954276
 21
-588992.197570219
 31
0.0
  0
INSERT
  5
1A1
330
19C
100
AcDbEntity
  8
AXIS
 62
     3
440
 16777216
370
    -2
100
AcDbBlockReference
  2
_DIMX
 10
-454059.4730954276
 20
-587093.6975702193
 30
0.0
 41
1.5
 42
1.5
 43
1.5
 50
90.0
  0
INSERT
  5
1A2
330
19C
100
AcDbEntity
  8
AXIS
 62
     3
440
 16777216
370
    -2
100
AcDbBlockReference
  2
_DIMX
 10
-454059.4730954276
 20
-588993.6975702189
 30
0.0
 41
1.5
 42
1.5
 43
1.5
 50
270.0
  0
MTEXT
  5
1A3
330
19C
100
AcDbEntity
  8
AXIS
 62
     7
440
 16777216
100
AcDbMText
 10
-454509.4730954275
 20
-588043.6975702192
 30
0.0
 40
450.0
 41
0.0
 46
0.0
 71
     5
 72
     1
  1
\A1;1900
  7
_ZBHZ
 11
0.0000000000000001
 21
1.0
 31
0.0
 73
     1
 44
1.0
  0
POINT
  5
1A4
330
19C
100
AcDbEntity
  8
Defpoints
 62
     0
440
 16777216
100
AcDbPoint
 10
-452859.4730954274
 20
-587093.6975702193
 30
0.0
  0
POINT
  5
1A5
330
19C
100
AcDbEntity
  8
Defpoints
 62
     0
440
 16777216
100
AcDbPoint
 10
-452859.4730954274
 20
-588993.6975702189
 30
0.0
  0
POINT
  5
1A6
330
19C
100
AcDbEntity
  8
Defpoints
 62
     0
440
 16777216
100
AcDbPoint
 10
-454059.4730954276
 20
-588993.6975702189
 30
0.0
  0
ENDBLK
  5
1A7
330
19C
100
AcDbEntity
  8
0
100
AcDbBlockEnd
  0
BLOCK
  5
1D8
330
1D7
100
AcDbEntity
  8
0
100
AcDbBlockBegin
  2
*D56
 70
     1
 10
0.0
 20
0.0
 30
0.0
  3
*D56
  1

  0
LINE
  5
1D9
330
1D7
100
AcDbEntity
  8
AXIS
 62
     0
440
 16777216
370
    -2
100
AcDbLine
 10
-453309.473095428
 20
-580193.9281943418
 30
0.0
 11
-454434.4730954275
 21
-580193.9281943418
 31
0.0
  0
LINE
  5
1DA
330
1D7
100
AcDbEntity
  8
AXIS
 62
     0
440
 16777216
370
    -2
100
AcDbLine
 10
-453309.473095428
 20
-581993.9281943424
 30
0.0
 11
-454434.4730954275
 21
-581993.9281943424
 31
0.0
  0
LINE
  5
1DB
330
1D7
100
AcDbEntity
  8
AXIS
 62
     3
440
 16777216
370
    -2
100
AcDbLine
 10
-454059.4730954276
 20
-580195.4281943419
 30
0.0
 11
-454059.4730954276
 21
-581992.4281943425
 31
0.0
  0
INSERT
  5
1DC
330
1D7
100
AcDbEntity
  8
AXIS
 62
     3
440
 16777216
370
    -2
100
AcDbBlockReference
  2
_DIMX
 10
-454059.4730954276
 20
-580193.9281943418
 30
0.0
 41
1.5
 42
1.5
 43
1.5
 50
90.0
  0
INSERT
  5
1DD
330
1D7
100
AcDbEntity
  8
AXIS
 62
     3
440
 16777216
370
    -2
100
AcDbBlockReference
  2
_DIMX
 10
-454059.4730954276
 20
-581993.9281943424
 30
0.0
 41
1.5
 42
1.5
 43
1.5
 50
270.0
  0
MTEXT
  5
1DE
330
1D7
100
AcDbEntity
  8
AXIS
 62
     7
440
 16777216
100
AcDbMText
 10
-454509.4730954275
 20
-581093.9281943423
 30
0.0
 40
450.0
 41
0.0
 46
0.0
 71
     5
 72
     1
  1
\A1;1800
  7
_ZBHZ
 11
0.0000000000000001
 21
1.0
 31
0.0
 73
     1
 44
1.0
  0
POINT
  5
1DF
330
1D7
100
AcDbEntity
  8
Defpoints
 62
     0
440
 16777216
100
AcDbPoint
 10
-452859.473095428
 20
-580193.9281943418
 30
0.0
  0
POINT
  5
1E0
330
1D7
100
AcDbEntity
  8
Defpoints
 62
     0
440
 16777216
100
AcDbPoint
 10
-452859.473095428
 20
-581993.9281943424
 30
0.0
  0
POINT
  5
1E1
330
1D7
100
AcDbEntity
  8
Defpoints
 62
     0
440
 16777216
100
AcDbPoint
 10
-454059.4730954276
 20
-581993.9281943424
 30
0.0
  0
ENDBLK
  5
1E2
330
1D7
100
AcDbEntity
  8
0
100
AcDbBlockEnd
  0
BLOCK
  5
1FC
330
1FB
100
AcDbEntity
  8
0
100
AcDbBlockBegin
  2
*D57
 70
     1
 10
0.0
 20
0.0
 30
0.0
  3
*D57
  1

  0
LINE
  5
1FD
330
1FB
100
AcDbEntity
  8
AXIS
 62
     0
440
 16777216
370
    -2
100
AcDbLine
 10
-453309.4730954277
 20
-581993.9281943424
 30
0.0
 11
-454434.4730954275
 21
-581993.9281943424
 31
0.0
  0
LINE
  5
1FE
330
1FB
100
AcDbEntity
  8
AXIS
 62
     0
440
 16777216
370
    -2
100
AcDbLine
 10
-453309.473095428
 20
-585593.9281943424
 30
0.0
 11
-454434.4730954275
 21
-585593.9281943424
 31
0.0
  0
LINE
  5
1FF
330
1FB
100
AcDbEntity
  8
AXIS
 62
     3
440
 16777216
370
    -2
100
AcDbLine
 10
-454059.4730954276
 20
-581995.4281943424
 30
0.0
 11
-454059.4730954276
 21
-585592.4281943424
 31
0.0
  0
INSERT
  5
200
330
1FB
100
AcDbEntity
  8
AXIS
 62
     3
440
 16777216
370
    -2
100
AcDbBlockReference
  2
_DIMX
 10
-454059.4730954276
 20
-581993.9281943424
 30
0.0
 41
1.5
 42
1.5
 43
1.5
 50
90.0
  0
INSERT
  5
201
330
1FB
100
AcDbEntity
  8
AXIS
 62
     3
440
 16777216
370
    -2
100
AcDbBlockReference
  2
_DIMX
 10
-454059.4730954276
 20
-585593.9281943424
 30
0.0
 41
1.5
 42
1.5
 43
1.5
 50
270.0
  0
MTEXT
  5
202
330
1FB
100
AcDbEntity
  8
AXIS
 62
     7
440
 16777216
100
AcDbMText
 10
-454509.4730954275
 20
-583793.9281943426
 30
0.0
 40
450.0
 41
0.0
 46
0.0
 71
     5
 72
     1
  1
\A1;3600
  7
_ZBHZ
 11
0.0000000000000001
 21
1.0
 31
0.0
 73
     1
 44
1.0
  0
POINT
  5
203
330
1FB
100
AcDbEntity
  8
Defpoints
 62
     0
440
 16777216
100
AcDbPoint
 10
-452859.4730954278
 20
-581993.9281943424
 30
0.0
  0
POINT
  5
204
330
1FB
100
AcDbEntity
  8
Defpoints
 62
     0
440
 16777216
100
AcDbPoint
 10
-452859.473095428
 20
-585593.9281943424
 30
0.0
  0
POINT
  5
205
330
1FB
100
AcDbEntity
  8
Defpoints
 62
     0
440
 16777216
100
AcDbPoint
 10
-454059.4730954276
 20
-585593.9281943424
 30
0.0
  0
ENDBLK
  5
206
330
1FB
100
AcDbEntity
  8
0
100
AcDbBlockEnd
  0
BLOCK
  5
28A
330
289
100
AcDbEntity
  8
0
100
AcDbBlockBegin
  2
*D58
 70
     1
 10
0.0
 20
0.0
 30
0.0
  3
*D58
  1

  0
LINE
  5
28B
330
289
100
AcDbEntity
  8
AXIS
 62
     0
440
 16777216
370
    -2
100
AcDbLine
 10
-453309.4730954275
 20
-576893.6975195259
 30
0.0
 11
-454434.4730954275
 21
-576893.6975195259
 31
0.0
  0
LINE
  5
28C
330
289
100
AcDbEntity
  8
AXIS
 62
     0
440
 16777216
370
    -2
100
AcDbLine
 10
-453309.473095428
 20
-580193.9281943418
 30
0.0
 11
-454434.4730954275
 21
-580193.9281943418
 31
0.0
  0
LINE
  5
28D
330
289
100
AcDbEntity
  8
AXIS
 62
     3
440
 16777216
370
    -2
100
AcDbLine
 10
-454059.4730954276
 20
-576895.1975195259
 30
0.0
 11
-454059.4730954276
 21
-580192.4281943421
 31
0.0
  0
INSERT
  5
28E
330
289
100
AcDbEntity
  8
AXIS
 62
     3
440
 16777216
370
    -2
100
AcDbBlockReference
  2
_DIMX
 10
-454059.4730954276
 20
-576893.6975195259
 30
0.0
 41
1.5
 42
1.5
 43
1.5
 50
90.0
  0
INSERT
  5
28F
330
289
100
AcDbEntity
  8
AXIS
 62
     3
440
 16777216
370
    -2
100
AcDbBlockReference
  2
_DIMX
 10
-454059.4730954276
 20
-580193.9281943418
 30
0.0
 41
1.5
 42
1.5
 43
1.5
 50
270.0
  0
MTEXT
  5
290
330
289
100
AcDbEntity
  8
AXIS
 62
     7
440
 16777216
100
AcDbMText
 10
-454509.4730954275
 20
-578543.8128569341
 30
0.0
 40
450.0
 41
0.0
 46
0.0
 71
     5
 72
     1
  1
\A1;3300
  7
_ZBHZ
 11
0.0000000000000001
 21
1.0
 31
0.0
 73
     1
 44
1.0
  0
POINT
  5
291
330
289
100
AcDbEntity
  8
Defpoints
 62
     0
440
 16777216
100
AcDbPoint
 10
-452859.4730954274
 20
-576893.6975195259
 30
0.0
  0
POINT
  5
292
330
289
100
AcDbEntity
  8
Defpoints
 62
     0
440
 16777216
100
AcDbPoint
 10
-452859.473095428
 20
-580193.9281943418
 30
0.0
  0
POINT
  5
293
330
289
100
AcDbEntity
  8
Defpoints
 62
     0
440
 16777216
100
AcDbPoint
 10
-454059.4730954276
 20
-580193.9281943418
 30
0.0
  0
ENDBLK
  5
294
330
289
100
AcDbEntity
  8
0
100
AcDbBlockEnd
  0
BLOCK
  5
297
330
296
100
AcDbEntity
  8
0
100
AcDbBlockBegin
  2
*D59
 70
     1
 10
0.0
 20
0.0
 30
0.0
  3
*D59
  1

  0
LINE
  5
298
330
296
100
AcDbEntity
  8
AXIS
 62
     0
440
 16777216
370
    -2
100
AcDbLine
 10
-453309.4730954275
 20
-576893.6975195259
 30
0.0
 11
-454434.4730954275
 21
-576893.6975195259
 31
0.0
  0
LINE
  5
299
330
296
100
AcDbEntity
  8
AXIS
 62
     0
440
 16777216
370
    -2
100
AcDbLine
 10
-453309.4730954277
 20
-576493.6975195259
 30
0.0
 11
-454434.4730954275
 21
-576493.6975195259
 31
0.0
  0
LINE
  5
29A
330
296
100
AcDbEntity
  8
AXIS
 62
     3
440
 16777216
370
    -2
100
AcDbLine
 10
-454059.4730954276
 20
-576895.1975195259
 30
0.0
 11
-454059.4730954276
 21
-576896.6975195259
 31
0.0
  0
LINE
  5
29B
330
296
100
AcDbEntity
  8
AXIS
 62
     3
440
 16777216
370
    -2
100
AcDbLine
 10
-454059.4730954276
 20
-576492.1975195259
 30
0.0
 11
-454059.4730954276
 21
-576490.6975195259
 31
0.0
  0
LINE
  5
29C
330
296
100
AcDbEntity
  8
AXIS
 62
     3
440
 16777216
370
    -2
100
AcDbLine
 10
-454059.4730954276
 20
-576893.6975195259
 30
0.0
 11
-454059.4730954276
 21
-576493.6975195259
 31
0.0
  0
INSERT
  5
29D
330
296
100
AcDbEntity
  8
AXIS
 62
     3
440
 16777216
370
    -2
100
AcDbBlockReference
  2
_DIMX
 10
-454059.4730954276
 20
-576893.6975195259
 30
0.0
 41
1.5
 42
1.5
 43
1.5
 50
90.0
  0
INSERT
  5
29E
330
296
100
AcDbEntity
  8
AXIS
 62
     3
440
 16777216
370
    -2
100
AcDbBlockReference
  2
_DIMX
 10
-454059.4730954276
 20
-576493.6975195259
 30
0.0
 41
1.5
 42
1.5
 43
1.5
 50
270.0
  0
MTEXT
  5
29F
330
296
100
AcDbEntity
  8
AXIS
 62
     7
440
 16777216
100
AcDbMText
 10
-454509.4730954275
 20
-576693.697519526
 30
0.0
 40
450.0
 41
0.0
 46
0.0
 71
     5
 72
     1
  1
\A1;400
  7
_ZBHZ
 11
0.0000000000000001
 21
1.0
 31
0.0
 73
     1
 44
1.0
  0
POINT
  5
2A0
330
296
100
AcDbEntity
  8
Defpoints
 62
     0
440
 16777216
100
AcDbPoint
 10
-452859.4730954274
 20
-576893.6975195259
 30
0.0
  0
POINT
  5
2A1
330
296
100
AcDbEntity
  8
Defpoints
 62
     0
440
 16777216
100
AcDbPoint
 10
-452859.4730954278
 20
-576493.6975195259
 30
0.0
  0
POINT
  5
2A2
330
296
100
AcDbEntity
  8
Defpoints
 62
     0
440
 16777216
100
AcDbPoint
 10
-454059.4730954276
 20
-576493.6975195259
 30
0.0
  0
ENDBLK
  5
2A3
330
296
100
AcDbEntity
  8
0
100
AcDbBlockEnd
  0
BLOCK
  5
41B
330
41A
100
AcDbEntity
  8
0
100
AcDbBlockBegin
  2
*D60
 70
     1
 10
0.0
 20
0.0
 30
0.0
  3
*D60
  1

  0
LINE
  5
41C
330
41A
100
AcDbEntity
  8
AXIS
 62
     0
440
 16777216
370
    -2
100
AcDbLine
 10
-446836.8662775524
 20
-565351.2830999479
 30
0.0
 11
-446836.8662775524
 21
-564031.1316797448
 31
0.0
  0
LINE
  5
41D
330
41A
100
AcDbEntity
  8
AXIS
 62
     0
440
 16777216
370
    -2
100
AcDbLine
 10
-448636.8662775522
 20
-565351.2830999479
 30
0.0
 11
-448636.8662775522
 21
-564031.1316797448
 31
0.0
  0
LINE
  5
41E
330
41A
100
AcDbEntity
  8
AXIS
 62
     3
440
 16777216
370
    -2
100
AcDbLine
 10
-446838.3662775522
 20
-564406.1316797448
 30
0.0
 11
-448635.3662775522
 21
-564406.1316797448
 31
0.0
  0
INSERT
  5
41F
330
41A
100
AcDbEntity
  8
AXIS
 62
     3
440
 16777216
370
    -2
100
AcDbBlockReference
  2
_DIMX
 10
-446836.8662775524
 20
-564406.1316797448
 30
0.0
 41
1.5
 42
1.5
 43
1.5
  0
INSERT
  5
420
330
41A
100
AcDbEntity
  8
AXIS
 62
     3
440
 16777216
370
    -2
100
AcDbBlockReference
  2
_DIMX
 10
-448636.8662775522
 20
-564406.1316797448
 30
0.0
 41
1.5
 42
1.5
 43
1.5
 50
180.0
  0
MTEXT
  5
421
330
41A
100
AcDbEntity
  8
AXIS
 62
     7
440
 16777216
100
AcDbMText
 10
-447736.8662775523
 20
-563956.1316797448
 30
0.0
 40
450.0
 41
0.0
 46
0.0
 71
     5
 72
     1
  1
\A1;1800
  7
_ZBHZ
 73
     1
 44
1.0
  0
POINT
  5
422
330
41A
100
AcDbEntity
  8
Defpoints
 62
     0
440
 16777216
100
AcDbPoint
 10
-446836.8662775524
 20
-565801.2830999478
 30
0.0
  0
POINT
  5
423
330
41A
100
AcDbEntity
  8
Defpoints
 62
     0
440
 16777216
100
AcDbPoint
 10
-448636.8662775522
 20
-565801.2830999478
 30
0.0
  0
POINT
  5
424
330
41A
100
AcDbEntity
  8
Defpoints
 62
     0
440
 16777216
100
AcDbPoint
 10
-448636.8662775522
 20
-564406.1316797448
 30
0.0
  0
ENDBLK
  5
425
330
41A
100
AcDbEntity
  8
0
100
AcDbBlockEnd
  0
BLOCK
  5
428
330
427
100
AcDbEntity
  8
0
100
AcDbBlockBegin
  2
*D61
 70
     1
 10
0.0
 20
0.0
 30
0.0
  3
*D61
  1

  0
LINE
  5
429
330
427
100
AcDbEntity
  8
AXIS
 62
     0
440
 16777216
370
    -2
100
AcDbLine
 10
-448636.8662775522
 20
-565351.2830999479
 30
0.0
 11
-448636.8662775522
 21
-564031.1316797448
 31
0.0
  0
LINE
  5
42A
330
427
100
AcDbEntity
  8
AXIS
 62
     0
440
 16777216
370
    -2
100
AcDbLine
 10
-451636.8662775522
 20
-565351.2830999479
 30
0.0
 11
-451636.8662775522
 21
-564031.1316797448
 31
0.0
  0
LINE
  5
42B
330
427
100
AcDbEntity
  8
AXIS
 62
     3
440
 16777216
370
    -2
100
AcDbLine
 10
-448638.3662775522
 20
-564406.1316797448
 30
0.0
 11
-451635.3662775522
 21
-564406.1316797448
 31
0.0
  0
INSERT
  5
42C
330
427
100
AcDbEntity
  8
AXIS
 62
     3
440
 16777216
370
    -2
100
AcDbBlockReference
  2
_DIMX
 10
-448636.8662775522
 20
-564406.1316797448
 30
0.0
 41
1.5
 42
1.5
 43
1.5
  0
INSERT
  5
42D
330
427
100
AcDbEntity
  8
AXIS
 62
     3
440
 16777216
370
    -2
100
AcDbBlockReference
  2
_DIMX
 10
-451636.8662775522
 20
-564406.1316797448
 30
0.0
 41
1.5
 42
1.5
 43
1.5
 50
180.0
  0
MTEXT
  5
42E
330
427
100
AcDbEntity
  8
AXIS
 62
     7
440
 16777216
100
AcDbMText
 10
-450136.8662775521
 20
-563956.1316797448
 30
0.0
 40
450.0
 41
0.0
 46
0.0
 71
     5
 72
     1
  1
\A1;3000
  7
_ZBHZ
 73
     1
 44
1.0
  0
POINT
  5
42F
330
427
100
AcDbEntity
  8
Defpoints
 62
     0
440
 16777216
100
AcDbPoint
 10
-448636.8662775522
 20
-565801.2830999478
 30
0.0
  0
POINT
  5
430
330
427
100
AcDbEntity
  8
Defpoints
 62
     0
440
 16777216
100
AcDbPoint
 10
-451636.8662775522
 20
-565801.2830999478
 30
0.0
  0
POINT
  5
431
330
427
100
AcDbEntity
  8
Defpoints
 62
     0
440
 16777216
100
AcDbPoint
 10
-451636.8662775522
 20
-564406.1316797448
 30
0.0
  0
ENDBLK
  5
432
330
427
100
AcDbEntity
  8
0
100
AcDbBlockEnd
  0
BLOCK
  5
435
330
434
100
AcDbEntity
  8
0
100
AcDbBlockBegin
  2
*D62
 70
     1
 10
0.0
 20
0.0
 30
0.0
  3
*D62
  1

  0
LINE
  5
436
330
434
100
AcDbEntity
  8
AXIS
 62
     0
440
 16777216
370
    -2
100
AcDbLine
 10
-444436.8662775523
 20
-565351.2830999479
 30
0.0
 11
-444436.8662775523
 21
-564031.1316797448
 31
0.0
  0
LINE
  5
437
330
434
100
AcDbEntity
  8
AXIS
 62
     0
440
 16777216
370
    -2
100
AcDbLine
 10
-446836.8662775524
 20
-565351.2830999479
 30
0.0
 11
-446836.8662775524
 21
-564031.1316797448
 31
0.0
  0
LINE
  5
438
330
434
100
AcDbEntity
  8
AXIS
 62
     3
440
 16777216
370
    -2
100
AcDbLine
 10
-444438.3662775523
 20
-564406.1316797448
 30
0.0
 11
-446835.3662775522
 21
-564406.1316797448
 31
0.0
  0
INSERT
  5
439
330
434
100
AcDbEntity
  8
AXIS
 62
     3
440
 16777216
370
    -2
100
AcDbBlockReference
  2
_DIMX
 10
-444436.8662775523
 20
-564406.1316797448
 30
0.0
 41
1.5
 42
1.5
 43
1.5
  0
INSERT
  5
43A
330
434
100
AcDbEntity
  8
AXIS
 62
     3
440
 16777216
370
    -2
100
AcDbBlockReference
  2
_DIMX
 10
-446836.8662775524
 20
-564406.1316797448
 30
0.0
 41
1.5
 42
1.5
 43
1.5
 50
180.0
  0
MTEXT
  5
43B
330
434
100
AcDbEntity
  8
AXIS
 62
     7
440
 16777216
100
AcDbMText
 10
-445636.8662775523
 20
-563956.1316797448
 30
0.0
 40
450.0
 41
0.0
 46
0.0
 71
     5
 72
     1
  1
\A1;2400
  7
_ZBHZ
 73
     1
 44
1.0
  0
POINT
  5
43C
330
434
100
AcDbEntity
  8
Defpoints
 62
     0
440
 16777216
100
AcDbPoint
 10
-444436.8662775523
 20
-565801.2830999478
 30
0.0
  0
POINT
  5
43D
330
434
100
AcDbEntity
  8
Defpoints
 62
     0
440
 16777216
100
AcDbPoint
 10
-446836.8662775524
 20
-565801.2830999478
 30
0.0
  0
POINT
  5
43E
330
434
100
AcDbEntity
  8
Defpoints
 62
     0
440
 16777216
100
AcDbPoint
 10
-446836.8662775524
 20
-564406.1316797448
 30
0.0
  0
ENDBLK
  5
43F
330
434
100
AcDbEntity
  8
0
100
AcDbBlockEnd
  0
BLOCK
  5
442
330
441
100
AcDbEntity
  8
0
100
AcDbBlockBegin
  2
*D63
 70
     1
 10
0.0
 20
0.0
 30
0.0
  3
*D63
  1

  0
LINE
  5
443
330
441
100
AcDbEntity
  8
AXIS
 62
     0
440
 16777216
370
    -2
100
AcDbLine
 10
-453309.4730954275
 20
-568293.6977297843
 30
0.0
 11
-454434.4730954275
 21
-568293.6977297843
 31
0.0
  0
LINE
  5
444
330
441
100
AcDbEntity
  8
AXIS
 62
     0
440
 16777216
370
    -2
100
AcDbLine
 10
-453309.4730954275
 20
-571893.6975195259
 30
0.0
 11
-454434.4730954275
 21
-571893.6975195259
 31
0.0
  0
LINE
  5
445
330
441
100
AcDbEntity
  8
AXIS
 62
     3
440
 16777216
370
    -2
100
AcDbLine
 10
-454059.4730954276
 20
-568295.1977297843
 30
0.0
 11
-454059.4730954276
 21
-571892.1975195259
 31
0.0
  0
INSERT
  5
446
330
441
100
AcDbEntity
  8
AXIS
 62
     3
440
 16777216
370
    -2
100
AcDbBlockReference
  2
_DIMX
 10
-454059.4730954276
 20
-568293.6977297843
 30
0.0
 41
1.5
 42
1.5
 43
1.5
 50
90.0
  0
INSERT
  5
447
330
441
100
AcDbEntity
  8
AXIS
 62
     3
440
 16777216
370
    -2
100
AcDbBlockReference
  2
_DIMX
 10
-454059.4730954276
 20
-571893.6975195259
 30
0.0
 41
1.5
 42
1.5
 43
1.5
 50
270.0
  0
MTEXT
  5
448
330
441
100
AcDbEntity
  8
AXIS
 62
     7
440
 16777216
100
AcDbMText
 10
-454509.4730954275
 20
-570093.6976246552
 30
0.0
 40
450.0
 41
0.0
 46
0.0
 71
     5
 72
     1
  1
\A1;3600
  7
_ZBHZ
 11
0.0000000000000001
 21
1.0
 31
0.0
 73
     1
 44
1.0
  0
POINT
  5
449
330
441
100
AcDbEntity
  8
Defpoints
 62
     0
440
 16777216
100
AcDbPoint
 10
-452859.4730954274
 20
-568293.6977297843
 30
0.0
  0
POINT
  5
44A
330
441
100
AcDbEntity
  8
Defpoints
 62
     0
440
 16777216
100
AcDbPoint
 10
-452859.4730954274
 20
-571893.6975195259
 30
0.0
  0
POINT
  5
44B
330
441
100
AcDbEntity
  8
Defpoints
 62
     0
440
 16777216
100
AcDbPoint
 10
-454059.4730954276
 20
-571893.6975195259
 30
0.0
  0
ENDBLK
  5
44C
330
441
100
AcDbEntity
  8
0
100
AcDbBlockEnd
  0
BLOCK
  5
44F
330
44E
100
AcDbEntity
  8
0
100
AcDbBlockBegin
  2
*D64
 70
     1
 10
0.0
 20
0.0
 30
0.0
  3
*D64
  1

  0
LINE
  5
450
330
44E
100
AcDbEntity
  8
AXIS
 62
     0
440
 16777216
370
    -2
100
AcDbLine
 10
-453309.4730954275
 20
-571893.6975195259
 30
0.0
 11
-454434.4730954275
 21
-571893.6975195259
 31
0.0
  0
LINE
  5
451
330
44E
100
AcDbEntity
  8
AXIS
 62
     0
440
 16777216
370
    -2
100
AcDbLine
 10
-453309.4730954275
 20
-573793.6975195259
 30
0.0
 11
-454434.4730954275
 21
-573793.6975195259
 31
0.0
  0
LINE
  5
452
330
44E
100
AcDbEntity
  8
AXIS
 62
     3
440
 16777216
370
    -2
100
AcDbLine
 10
-454059.4730954276
 20
-571895.1975195259
 30
0.0
 11
-454059.4730954276
 21
-573792.1975195259
 31
0.0
  0
INSERT
  5
453
330
44E
100
AcDbEntity
  8
AXIS
 62
     3
440
 16777216
370
    -2
100
AcDbBlockReference
  2
_DIMX
 10
-454059.4730954276
 20
-571893.6975195259
 30
0.0
 41
1.5
 42
1.5
 43
1.5
 50
90.0
  0
INSERT
  5
454
330
44E
100
AcDbEntity
  8
AXIS
 62
     3
440
 16777216
370
    -2
100
AcDbBlockReference
  2
_DIMX
 10
-454059.4730954276
 20
-573793.6975195259
 30
0.0
 41
1.5
 42
1.5
 43
1.5
 50
270.0
  0
MTEXT
  5
455
330
44E
100
AcDbEntity
  8
AXIS
 62
     7
440
 16777216
100
AcDbMText
 10
-454509.4730954275
 20
-572843.697519526
 30
0.0
 40
450.0
 41
0.0
 46
0.0
 71
     5
 72
     1
  1
\A1;1900
  7
_ZBHZ
 11
0.0000000000000001
 21
1.0
 31
0.0
 73
     1
 44
1.0
  0
POINT
  5
456
330
44E
100
AcDbEntity
  8
Defpoints
 62
     0
440
 16777216
100
AcDbPoint
 10
-452859.4730954274
 20
-571893.6975195259
 30
0.0
  0
POINT
  5
457
330
44E
100
AcDbEntity
  8
Defpoints
 62
     0
440
 16777216
100
AcDbPoint
 10
-452859.4730954274
 20
-573793.6975195259
 30
0.0
  0
POINT
  5
458
330
44E
100
AcDbEntity
  8
Defpoints
 62
     0
440
 16777216
100
AcDbPoint
 10
-454059.4730954276
 20
-573793.6975195259
 30
0.0
  0
ENDBLK
  5
459
330
44E
100
AcDbEntity
  8
0
100
AcDbBlockEnd
  0
BLOCK
  5
45C
330
45B
100
AcDbEntity
  8
0
100
AcDbBlockBegin
  2
*D65
 70
     1
 10
0.0
 20
0.0
 30
0.0
  3
*D65
  1

  0
LINE
  5
45D
330
45B
100
AcDbEntity
  8
AXIS
 62
     0
440
 16777216
370
    -2
100
AcDbLine
 10
-415764.2591922304
 20
-573793.6975195259
 30
0.0
 11
-414639.2591922304
 21
-573793.6975195259
 31
0.0
  0
LINE
  5
45E
330
45B
100
AcDbEntity
  8
AXIS
 62
     0
440
 16777216
370
    -2
100
AcDbLine
 10
-415764.2591922304
 20
-576493.6975195259
 30
0.0
 11
-414639.2591922304
 21
-576493.6975195259
 31
0.0
  0
LINE
  5
45F
330
45B
100
AcDbEntity
  8
AXIS
 62
     3
440
 16777216
370
    -2
100
AcDbLine
 10
-415014.2591922304
 20
-573795.1975195259
 30
0.0
 11
-415014.2591922304
 21
-576492.1975195259
 31
0.0
  0
INSERT
  5
460
330
45B
100
AcDbEntity
  8
AXIS
 62
     3
440
 16777216
370
    -2
100
AcDbBlockReference
  2
_DIMX
 10
-415014.2591922304
 20
-573793.6975195259
 30
0.0
 41
1.5
 42
1.5
 43
1.5
 50
90.0
  0
INSERT
  5
461
330
45B
100
AcDbEntity
  8
AXIS
 62
     3
440
 16777216
370
    -2
100
AcDbBlockReference
  2
_DIMX
 10
-415014.2591922304
 20
-576493.6975195259
 30
0.0
 41
1.5
 42
1.5
 43
1.5
 50
270.0
  0
MTEXT
  5
462
330
45B
100
AcDbEntity
  8
AXIS
 62
     7
440
 16777216
100
AcDbMText
 10
-415464.2591922304
 20
-575143.697519526
 30
0.0
 40
450.0
 41
0.0
 46
0.0
 71
     5
 72
     1
  1
\A1;2700
  7
_ZBHZ
 11
0.0000000000000001
 21
1.0
 31
0.0
 73
     1
 44
1.0
  0
POINT
  5
463
330
45B
100
AcDbEntity
  8
Defpoints
 62
     0
440
 16777216
100
AcDbPoint
 10
-416214.2591922304
 20
-573793.6975195259
 30
0.0
  0
POINT
  5
464
330
45B
100
AcDbEntity
  8
Defpoints
 62
     0
440
 16777216
100
AcDbPoint
 10
-416214.2591922304
 20
-576493.6975195259
 30
0.0
  0
POINT
  5
465
330
45B
100
AcDbEntity
  8
Defpoints
 62
     0
440
 16777216
100
AcDbPoint
 10
-415014.2591922304
 20
-576493.6975195259
 30
0.0
  0
ENDBLK
  5
466
330
45B
100
AcDbEntity
  8
0
100
AcDbBlockEnd
  0
BLOCK
  5
469
330
468
100
AcDbEntity
  8
0
100
AcDbBlockBegin
  2
*D66
 70
     1
 10
0.0
 20
0.0
 30
0.0
  3
*D66
  1

  0
LINE
  5
46A
330
468
100
AcDbEntity
  8
AXIS
 62
     0
440
 16777216
370
    -2
100
AcDbLine
 10
-415364.2591922304
 20
-568293.6977297843
 30
0.0
 11
-413839.2591922304
 21
-568293.6977297843
 31
0.0
  0
LINE
  5
46B
330
468
100
AcDbEntity
  8
AXIS
 62
     0
440
 16777216
370
    -2
100
AcDbLine
 10
-415364.2591922306
 20
-597193.6976409557
 30
0.0
 11
-413839.2591922304
 21
-597193.6976409557
 31
0.0
  0
LINE
  5
46C
330
468
100
AcDbEntity
  8
AXIS
 62
     3
440
 16777216
370
    -2
100
AcDbLine
 10
-414214.2591922303
 20
-568295.1977297843
 30
0.0
 11
-414214.2591922303
 21
-597192.1976409557
 31
0.0
  0
INSERT
  5
46D
330
468
100
AcDbEntity
  8
AXIS
 62
     3
440
 16777216
370
    -2
100
AcDbBlockReference
  2
_DIMX
 10
-414214.2591922303
 20
-568293.6977297843
 30
0.0
 41
1.5
 42
1.5
 43
1.5
 50
90.0
  0
INSERT
  5
46E
330
468
100
AcDbEntity
  8
AXIS
 62
     3
440
 16777216
370
    -2
100
AcDbBlockReference
  2
_DIMX
 10
-414214.2591922303
 20
-597193.6976409557
 30
0.0
 41
1.5
 42
1.5
 43
1.5
 50
270.0
  0
MTEXT
  5
46F
330
468
100
AcDbEntity
  8
AXIS
 62
     7
440
 16777216
100
AcDbMText
 10
-414664.2591922303
 20
-582743.6976853701
 30
0.0
 40
450.0
 41
0.0
 46
0.0
 71
     5
 72
     1
  1
\A1;28900
  7
_ZBHZ
 11
0.0000000000000001
 21
1.0
 31
0.0
 73
     1
 44
1.0
  0
POINT
  5
470
330
468
100
AcDbEntity
  8
Defpoints
 62
     0
440
 16777216
100
AcDbPoint
 10
-415814.2591922304
 20
-568293.6977297843
 30
0.0
  0
POINT
  5
471
330
468
100
AcDbEntity
  8
Defpoints
 62
     0
440
 16777216
100
AcDbPoint
 10
-415814.2591922306
 20
-597193.6976409557
 30
0.0
  0
POINT
  5
472
330
468
100
AcDbEntity
  8
Defpoints
 62
     0
440
 16777216
100
AcDbPoint
 10
-414214.2591922303
 20
-597193.6976409557
 30
0.0
  0
ENDBLK
  5
473
330
468
100
AcDbEntity
  8
0
100
AcDbBlockEnd
  0
BLOCK
  5
4CA
330
4C9
100
AcDbEntity
  8
0
100
AcDbBlockBegin
  2
*D67
 70
     1
 10
0.0
 20
0.0
 30
0.0
  3
*D67
  1

  0
LINE
  5
4CB
330
4C9
100
AcDbEntity
  8
AXIS
 62
     0
440
 16777216
370
    -2
100
AcDbLine
 10
-415764.2591922304
 20
-593593.697570219
 30
0.0
 11
-414639.2591922304
 21
-593593.697570219
 31
0.0
  0
LINE
  5
4CC
330
4C9
100
AcDbEntity
  8
AXIS
 62
     0
440
 16777216
370
    -2
100
AcDbLine
 10
-415764.2591922304
 20
-597193.6976409557
 30
0.0
 11
-414639.2591922304
 21
-597193.6976409557
 31
0.0
  0
LINE
  5
4CD
330
4C9
100
AcDbEntity
  8
AXIS
 62
     3
440
 16777216
370
    -2
100
AcDbLine
 10
-415014.2591922304
 20
-593595.197570219
 30
0.0
 11
-415014.2591922304
 21
-597192.1976409557
 31
0.0
  0
INSERT
  5
4CE
330
4C9
100
AcDbEntity
  8
AXIS
 62
     3
440
 16777216
370
    -2
100
AcDbBlockReference
  2
_DIMX
 10
-415014.2591922304
 20
-593593.697570219
 30
0.0
 41
1.5
 42
1.5
 43
1.5
 50
90.0
  0
INSERT
  5
4CF
330
4C9
100
AcDbEntity
  8
AXIS
 62
     3
440
 16777216
370
    -2
100
AcDbBlockReference
  2
_DIMX
 10
-415014.2591922304
 20
-597193.6976409557
 30
0.0
 41
1.5
 42
1.5
 43
1.5
 50
270.0
  0
MTEXT
  5
4D0
330
4C9
100
AcDbEntity
  8
AXIS
 62
     7
440
 16777216
100
AcDbMText
 10
-415464.2591922304
 20
-595393.6976055874
 30
0.0
 40
450.0
 41
0.0
 46
0.0
 71
     5
 72
     1
  1
\A1;3600
  7
_ZBHZ
 11
0.0000000000000001
 21
1.0
 31
0.0
 73
     1
 44
1.0
  0
POINT
  5
4D1
330
4C9
100
AcDbEntity
  8
Defpoints
 62
     0
440
 16777216
100
AcDbPoint
 10
-416214.2591922304
 20
-593593.697570219
 30
0.0
  0
POINT
  5
4D2
330
4C9
100
AcDbEntity
  8
Defpoints
 62
     0
440
 16777216
100
AcDbPoint
 10
-416214.2591922304
 20
-597193.6976409557
 30
0.0
  0
POINT
  5
4D3
330
4C9
100
AcDbEntity
  8
Defpoints
 62
     0
440
 16777216
100
AcDbPoint
 10
-415014.2591922304
 20
-597193.6976409557
 30
0.0
  0
ENDBLK
  5
4D4
330
4C9
100
AcDbEntity
  8
0
100
AcDbBlockEnd
  0
BLOCK
  5
4EB
330
4EA
100
AcDbEntity
  8
0
100
AcDbBlockBegin
  2
*D68
 70
     1
 10
0.0
 20
0.0
 30
0.0
  3
*D68
  1

  0
LINE
  5
4EC
330
4EA
100
AcDbEntity
  8
AXIS
 62
     0
440
 16777216
370
    -2
100
AcDbLine
 10
-423836.8660101059
 20
-599670.2767161191
 30
0.0
 11
-423836.8660101059
 21
-600509.819199093
 31
0.0
  0
LINE
  5
4ED
330
4EA
100
AcDbEntity
  8
AXIS
 62
     0
440
 16777216
370
    -2
100
AcDbLine
 10
-427636.8660101105
 20
-599670.2767161191
 30
0.0
 11
-427636.8660101105
 21
-600509.819199093
 31
0.0
  0
LINE
  5
4EE
330
4EA
100
AcDbEntity
  8
AXIS
 62
     3
440
 16777216
370
    -2
100
AcDbLine
 10
-423838.3660101059
 20
-600134.8191990929
 30
0.0
 11
-427635.3660101104
 21
-600134.8191990929
 31
0.0
  0
INSERT
  5
4EF
330
4EA
100
AcDbEntity
  8
AXIS
 62
     3
440
 16777216
370
    -2
100
AcDbBlockReference
  2
_DIMX
 10
-423836.8660101059
 20
-600134.8191990929
 30
0.0
 41
1.5
 42
1.5
 43
1.5
  0
INSERT
  5
4F0
330
4EA
100
AcDbEntity
  8
AXIS
 62
     3
440
 16777216
370
    -2
100
AcDbBlockReference
  2
_DIMX
 10
-427636.8660101105
 20
-600134.8191990929
 30
0.0
 41
1.5
 42
1.5
 43
1.5
 50
180.0
  0
MTEXT
  5
4F1
330
4EA
100
AcDbEntity
  8
AXIS
 62
     7
440
 16777216
100
AcDbMText
 10
-425736.8660101081
 20
-599684.8191990931
 30
0.0
 40
450.0
 41
0.0
 46
0.0
 71
     5
 72
     1
  1
\A1;3800
  7
_ZBHZ
 73
     1
 44
1.0
  0
POINT
  5
4F2
330
4EA
100
AcDbEntity
  8
Defpoints
 62
     0
440
 16777216
100
AcDbPoint
 10
-423836.8660101059
 20
-599220.2767161191
 30
0.0
  0
POINT
  5
4F3
330
4EA
100
AcDbEntity
  8
Defpoints
 62
     0
440
 16777216
100
AcDbPoint
 10
-427636.8660101105
 20
-599220.2767161191
 30
0.0
  0
POINT
  5
4F4
330
4EA
100
AcDbEntity
  8
Defpoints
 62
     0
440
 16777216
100
AcDbPoint
 10
-427636.8660101105
 20
-600134.8191990929
 30
0.0
  0
ENDBLK
  5
4F5
330
4EA
100
AcDbEntity
  8
0
100
AcDbBlockEnd
  0
BLOCK
  5
500
330
4FF
100
AcDbEntity
  8
0
100
AcDbBlockBegin
  2
*D69
 70
     1
 10
0.0
 20
0.0
 30
0.0
  3
*D69
  1

  0
LINE
  5
501
330
4FF
100
AcDbEntity
  8
AXIS
 62
     0
440
 16777216
370
    -2
100
AcDbLine
 10
-430936.8658052538
 20
-599670.2767161191
 30
0.0
 11
-430936.8658052538
 21
-600509.819199093
 31
0.0
  0
LINE
  5
502
330
4FF
100
AcDbEntity
  8
AXIS
 62
     0
440
 16777216
370
    -2
100
AcDbLine
 10
-434536.8661438288
 20
-599670.2767161188
 30
0.0
 11
-434536.8661438288
 21
-600509.819199093
 31
0.0
  0
LINE
  5
503
330
4FF
100
AcDbEntity
  8
AXIS
 62
     3
440
 16777216
370
    -2
100
AcDbLine
 10
-430938.3658052538
 20
-600134.8191990929
 30
0.0
 11
-434535.3661438288
 21
-600134.8191990929
 31
0.0
  0
INSERT
  5
504
330
4FF
100
AcDbEntity
  8
AXIS
 62
     3
440
 16777216
370
    -2
100
AcDbBlockReference
  2
_DIMX
 10
-430936.8658052538
 20
-600134.8191990929
 30
0.0
 41
1.5
 42
1.5
 43
1.5
  0
INSERT
  5
505
330
4FF
100
AcDbEntity
  8
AXIS
 62
     3
440
 16777216
370
    -2
100
AcDbBlockReference
  2
_DIMX
 10
-434536.8661438288
 20
-600134.8191990929
 30
0.0
 41
1.5
 42
1.5
 43
1.5
 50
180.0
  0
MTEXT
  5
506
330
4FF
100
AcDbEntity
  8
AXIS
 62
     7
440
 16777216
100
AcDbMText
 10
-432736.8659745413
 20
-599684.8191990931
 30
0.0
 40
450.0
 41
0.0
 46
0.0
 71
     5
 72
     1
  1
\A1;3600
  7
_ZBHZ
 73
     1
 44
1.0
  0
POINT
  5
507
330
4FF
100
AcDbEntity
  8
Defpoints
 62
     0
440
 16777216
100
AcDbPoint
 10
-430936.8658052538
 20
-599220.2767161191
 30
0.0
  0
POINT
  5
508
330
4FF
100
AcDbEntity
  8
Defpoints
 62
     0
440
 16777216
100
AcDbPoint
 10
-434536.8661438288
 20
-599220.2767161188
 30
0.0
  0
POINT
  5
509
330
4FF
100
AcDbEntity
  8
Defpoints
 62
     0
440
 16777216
100
AcDbPoint
 10
-434536.8661438288
 20
-600134.8191990929
 30
0.0
  0
ENDBLK
  5
50A
330
4FF
100
AcDbEntity
  8
0
100
AcDbBlockEnd
  0
BLOCK
  5
50D
330
50C
100
AcDbEntity
  8
0
100
AcDbBlockBegin
  2
*D70
 70
     1
 10
0.0
 20
0.0
 30
0.0
  3
*D70
  1

  0
LINE
  5
50E
330
50C
100
AcDbEntity
  8
AXIS
 62
     0
440
 16777216
370
    -2
100
AcDbLine
 10
-438136.8664824043
 20
-599670.2767161191
 30
0.0
 11
-438136.8664824043
 21
-600509.819199093
 31
0.0
  0
LINE
  5
50F
330
50C
100
AcDbEntity
  8
AXIS
 62
     0
440
 16777216
370
    -2
100
AcDbLine
 10
-434536.8661438288
 20
-599670.2767161188
 30
0.0
 11
-434536.8661438288
 21
-600509.819199093
 31
0.0
  0
LINE
  5
510
330
50C
100
AcDbEntity
  8
AXIS
 62
     3
440
 16777216
370
    -2
100
AcDbLine
 10
-438135.3664824043
 20
-600134.8191990929
 30
0.0
 11
-434538.3661438289
 21
-600134.8191990929
 31
0.0
  0
INSERT
  5
511
330
50C
100
AcDbEntity
  8
AXIS
 62
     3
440
 16777216
370
    -2
100
AcDbBlockReference
  2
_DIMX
 10
-438136.8664824043
 20
-600134.8191990929
 30
0.0
 41
1.5
 42
1.5
 43
1.5
 50
180.0
  0
INSERT
  5
512
330
50C
100
AcDbEntity
  8
AXIS
 62
     3
440
 16777216
370
    -2
100
AcDbBlockReference
  2
_DIMX
 10
-434536.8661438288
 20
-600134.8191990929
 30
0.0
 41
1.5
 42
1.5
 43
1.5
  0
MTEXT
  5
513
330
50C
100
AcDbEntity
  8
AXIS
 62
     7
440
 16777216
100
AcDbMText
 10
-436336.8663131166
 20
-599684.8191990931
 30
0.0
 40
450.0
 41
0.0
 46
0.0
 71
     5
 72
     1
  1
\A1;3600
  7
_ZBHZ
 73
     1
 44
1.0
  0
POINT
  5
514
330
50C
100
AcDbEntity
  8
Defpoints
 62
     0
440
 16777216
100
AcDbPoint
 10
-438136.8664824043
 20
-599220.2767161191
 30
0.0
  0
POINT
  5
515
330
50C
100
AcDbEntity
  8
Defpoints
 62
     0
440
 16777216
100
AcDbPoint
 10
-434536.8661438288
 20
-599220.2767161188
 30
0.0
  0
POINT
  5
516
330
50C
100
AcDbEntity
  8
Defpoints
 62
     0
440
 16777216
100
AcDbPoint
 10
-434536.8661438288
 20
-600134.8191990929
 30
0.0
  0
ENDBLK
  5
517
330
50C
100
AcDbEntity
  8
0
100
AcDbBlockEnd
  0
BLOCK
  5
520
330
51F
100
AcDbEntity
  8
0
100
AcDbBlockBegin
  2
*D71
 70
     1
 10
0.0
 20
0.0
 30
0.0
  3
*D71
  1

  0
LINE
  5
521
330
51F
100
AcDbEntity
  8
AXIS
 62
     0
440
 16777216
370
    -2
100
AcDbLine
 10
-441436.8662775475
 20
-599670.2767161191
 30
0.0
 11
-441436.8662775475
 21
-600509.819199093
 31
0.0
  0
LINE
  5
522
330
51F
100
AcDbEntity
  8
AXIS
 62
     0
440
 16777216
370
    -2
100
AcDbLine
 10
-438136.8664824043
 20
-599670.2767161188
 30
0.0
 11
-438136.8664824043
 21
-600509.819199093
 31
0.0
  0
LINE
  5
523
330
51F
100
AcDbEntity
  8
AXIS
 62
     3
440
 16777216
370
    -2
100
AcDbLine
 10
-441435.3662775478
 20
-600134.8191990929
 30
0.0
 11
-438138.3664824045
 21
-600134.8191990929
 31
0.0
  0
INSERT
  5
524
330
51F
100
AcDbEntity
  8
AXIS
 62
     3
440
 16777216
370
    -2
100
AcDbBlockReference
  2
_DIMX
 10
-441436.8662775475
 20
-600134.8191990929
 30
0.0
 41
1.5
 42
1.5
 43
1.5
 50
180.0
  0
INSERT
  5
525
330
51F
100
AcDbEntity
  8
AXIS
 62
     3
440
 16777216
370
    -2
100
AcDbBlockReference
  2
_DIMX
 10
-438136.8664824043
 20
-600134.8191990929
 30
0.0
 41
1.5
 42
1.5
 43
1.5
  0
MTEXT
  5
526
330
51F
100
AcDbEntity
  8
AXIS
 62
     7
440
 16777216
100
AcDbMText
 10
-439786.866379976
 20
-599684.8191990929
 30
0.0
 40
450.0
 41
0.0
 46
0.0
 71
     5
 72
     1
  1
\A1;3300
  7
_ZBHZ
 73
     1
 44
1.0
  0
POINT
  5
527
330
51F
100
AcDbEntity
  8
Defpoints
 62
     0
440
 16777216
100
AcDbPoint
 10
-441436.8662775475
 20
-599220.2767161191
 30
0.0
  0
POINT
  5
528
330
51F
100
AcDbEntity
  8
Defpoints
 62
     0
440
 16777216
100
AcDbPoint
 10
-438136.8664824043
 20
-599220.2767161188
 30
0.0
  0
POINT
  5
529
330
51F
100
AcDbEntity
  8
Defpoints
 62
     0
440
 16777216
100
AcDbPoint
 10
-438136.8664824043
 20
-600134.8191990929
 30
0.0
  0
ENDBLK
  5
52A
330
51F
100
AcDbEntity
  8
0
100
AcDbBlockEnd
  0
BLOCK
  5
554
330
553
100
AcDbEntity
  8
0
100
AcDbBlockBegin
  2
*D72
 70
     1
 10
0.0
 20
0.0
 30
0.0
  3
*D72
  1

  0
LINE
  5
555
330
553
100
AcDbEntity
  8
AXIS
 62
     0
440
 16777216
370
    -2
100
AcDbLine
 10
-427636.8660101105
 20
-599670.2767161191
 30
0.0
 11
-427636.8660101105
 21
-600509.819199093
 31
0.0
  0
LINE
  5
556
330
553
100
AcDbEntity
  8
AXIS
 62
     0
440
 16777216
370
    -2
100
AcDbLine
 10
-430936.8658052538
 20
-599670.2767161188
 30
0.0
 11
-430936.8658052538
 21
-600509.819199093
 31
0.0
  0
LINE
  5
557
330
553
100
AcDbEntity
  8
AXIS
 62
     3
440
 16777216
370
    -2
100
AcDbLine
 10
-427638.3660101105
 20
-600134.8191990929
 30
0.0
 11
-430935.3658052539
 21
-600134.8191990929
 31
0.0
  0
INSERT
  5
558
330
553
100
AcDbEntity
  8
AXIS
 62
     3
440
 16777216
370
    -2
100
AcDbBlockReference
  2
_DIMX
 10
-427636.8660101105
 20
-600134.8191990929
 30
0.0
 41
1.5
 42
1.5
 43
1.5
  0
INSERT
  5
559
330
553
100
AcDbEntity
  8
AXIS
 62
     3
440
 16777216
370
    -2
100
AcDbBlockReference
  2
_DIMX
 10
-430936.8658052538
 20
-600134.8191990929
 30
0.0
 41
1.5
 42
1.5
 43
1.5
 50
180.0
  0
MTEXT
  5
55A
330
553
100
AcDbEntity
  8
AXIS
 62
     7
440
 16777216
100
AcDbMText
 10
-429286.8659076821
 20
-599684.8191990929
 30
0.0
 40
450.0
 41
0.0
 46
0.0
 71
     5
 72
     1
  1
\A1;3300
  7
_ZBHZ
 73
     1
 44
1.0
  0
POINT
  5
55B
330
553
100
AcDbEntity
  8
Defpoints
 62
     0
440
 16777216
100
AcDbPoint
 10
-427636.8660101105
 20
-599220.2767161191
 30
0.0
  0
POINT
  5
55C
330
553
100
AcDbEntity
  8
Defpoints
 62
     0
440
 16777216
100
AcDbPoint
 10
-430936.8658052538
 20
-599220.2767161188
 30
0.0
  0
POINT
  5
55D
330
553
100
AcDbEntity
  8
Defpoints
 62
     0
440
 16777216
100
AcDbPoint
 10
-430936.8658052538
 20
-600134.8191990929
 30
0.0
  0
ENDBLK
  5
55E
330
553
100
AcDbEntity
  8
0
100
AcDbBlockEnd
  0
BLOCK
  5
581
330
580
100
AcDbEntity
  8
0
100
AcDbBlockBegin
  2
*D73
 70
     1
 10
0.0
 20
0.0
 30
0.0
  3
*D73
  1

  0
LINE
  5
582
330
580
100
AcDbEntity
  8
AXIS
 62
     0
440
 16777216
370
    -2
100
AcDbLine
 10
-417536.8660101059
 20
-599670.2767161191
 30
0.0
 11
-417536.8660101059
 21
-600509.819199093
 31
0.0
  0
LINE
  5
583
330
580
100
AcDbEntity
  8
AXIS
 62
     0
440
 16777216
370
    -2
100
AcDbLine
 10
-421136.8660101061
 20
-599670.2767161191
 30
0.0
 11
-421136.8660101061
 21
-600509.819199093
 31
0.0
  0
LINE
  5
584
330
580
100
AcDbEntity
  8
AXIS
 62
     3
440
 16777216
370
    -2
100
AcDbLine
 10
-417538.366010106
 20
-600134.8191990929
 30
0.0
 11
-421135.3660101059
 21
-600134.8191990929
 31
0.0
  0
INSERT
  5
585
330
580
100
AcDbEntity
  8
AXIS
 62
     3
440
 16777216
370
    -2
100
AcDbBlockReference
  2
_DIMX
 10
-417536.8660101059
 20
-600134.8191990929
 30
0.0
 41
1.5
 42
1.5
 43
1.5
  0
INSERT
  5
586
330
580
100
AcDbEntity
  8
AXIS
 62
     3
440
 16777216
370
    -2
100
AcDbBlockReference
  2
_DIMX
 10
-421136.8660101061
 20
-600134.8191990929
 30
0.0
 41
1.5
 42
1.5
 43
1.5
 50
180.0
  0
MTEXT
  5
587
330
580
100
AcDbEntity
  8
AXIS
 62
     7
440
 16777216
100
AcDbMText
 10
-419336.866010106
 20
-599684.8191990931
 30
0.0
 40
450.0
 41
0.0
 46
0.0
 71
     5
 72
     1
  1
\A1;3600
  7
_ZBHZ
 73
     1
 44
1.0
  0
POINT
  5
588
330
580
100
AcDbEntity
  8
Defpoints
 62
     0
440
 16777216
100
AcDbPoint
 10
-417536.8660101059
 20
-599220.2767161191
 30
0.0
  0
POINT
  5
589
330
580
100
AcDbEntity
  8
Defpoints
 62
     0
440
 16777216
100
AcDbPoint
 10
-421136.8660101061
 20
-599220.2767161191
 30
0.0
  0
POINT
  5
58A
330
580
100
AcDbEntity
  8
Defpoints
 62
     0
440
 16777216
100
AcDbPoint
 10
-421136.8660101061
 20
-600134.8191990929
 30
0.0
  0
ENDBLK
  5
58B
330
580
100
AcDbEntity
  8
0
100
AcDbBlockEnd
  0
BLOCK
  5
58E
330
58D
100
AcDbEntity
  8
0
100
AcDbBlockBegin
  2
*D74
 70
     1
 10
0.0
 20
0.0
 30
0.0
  3
*D74
  1

  0
LINE
  5
58F
330
58D
100
AcDbEntity
  8
AXIS
 62
     0
440
 16777216
370
    -2
100
AcDbLine
 10
-421136.8660101061
 20
-599670.2767161191
 30
0.0
 11
-421136.8660101061
 21
-600509.819199093
 31
0.0
  0
LINE
  5
590
330
58D
100
AcDbEntity
  8
AXIS
 62
     0
440
 16777216
370
    -2
100
AcDbLine
 10
-423836.8660101059
 20
-599670.2767161191
 30
0.0
 11
-423836.8660101059
 21
-600509.819199093
 31
0.0
  0
LINE
  5
591
330
58D
100
AcDbEntity
  8
AXIS
 62
     3
440
 16777216
370
    -2
100
AcDbLine
 10
-421138.366010106
 20
-600134.8191990929
 30
0.0
 11
-423835.366010106
 21
-600134.8191990929
 31
0.0
  0
INSERT
  5
592
330
58D
100
AcDbEntity
  8
AXIS
 62
     3
440
 16777216
370
    -2
100
AcDbBlockReference
  2
_DIMX
 10
-421136.8660101061
 20
-600134.8191990929
 30
0.0
 41
1.5
 42
1.5
 43
1.5
  0
INSERT
  5
593
330
58D
100
AcDbEntity
  8
AXIS
 62
     3
440
 16777216
370
    -2
100
AcDbBlockReference
  2
_DIMX
 10
-423836.8660101059
 20
-600134.8191990929
 30
0.0
 41
1.5
 42
1.5
 43
1.5
 50
180.0
  0
MTEXT
  5
594
330
58D
100
AcDbEntity
  8
AXIS
 62
     7
440
 16777216
100
AcDbMText
 10
-422486.866010106
 20
-599684.8191990931
 30
0.0
 40
450.0
 41
0.0
 46
0.0
 71
     5
 72
     1
  1
\A1;2700
  7
_ZBHZ
 73
     1
 44
1.0
  0
POINT
  5
595
330
58D
100
AcDbEntity
  8
Defpoints
 62
     0
440
 16777216
100
AcDbPoint
 10
-421136.8660101061
 20
-599220.2767161191
 30
0.0
  0
POINT
  5
596
330
58D
100
AcDbEntity
  8
Defpoints
 62
     0
440
 16777216
100
AcDbPoint
 10
-423836.8660101059
 20
-599220.2767161191
 30
0.0
  0
POINT
  5
597
330
58D
100
AcDbEntity
  8
Defpoints
 62
     0
440
 16777216
100
AcDbPoint
 10
-423836.8660101059
 20
-600134.8191990929
 30
0.0
  0
ENDBLK
  5
598
330
58D
100
AcDbEntity
  8
0
100
AcDbBlockEnd
  0
BLOCK
  5
998
330
997
100
AcDbEntity
  8
0
100
AcDbBlockBegin
  2
*D75
 70
     1
 10
0.0
 20
0.0
 30
0.0
  3
*D75
  1

  0
LINE
  5
999
330
997
100
AcDbEntity
  8
AXIS
 62
     0
440
 16777216
370
    -2
100
AcDbLine
 10
-415764.2591922304
 20
-585593.9281943424
 30
0.0
 11
-414639.2591922304
 21
-585593.9281943424
 31
0.0
  0
LINE
  5
99A
330
997
100
AcDbEntity
  8
AXIS
 62
     0
440
 16777216
370
    -2
100
AcDbLine
 10
-415764.2591922304
 20
-587093.6975702193
 30
0.0
 11
-414639.2591922304
 21
-587093.6975702193
 31
0.0
  0
LINE
  5
99B
330
997
100
AcDbEntity
  8
AXIS
 62
     3
440
 16777216
370
    -2
100
AcDbLine
 10
-415014.2591922304
 20
-585592.4281943424
 30
0.0
 11
-415014.2591922304
 21
-585590.9281943424
 31
0.0
  0
LINE
  5
99C
330
997
100
AcDbEntity
  8
AXIS
 62
     3
440
 16777216
370
    -2
100
AcDbLine
 10
-415014.2591922304
 20
-587095.1975702193
 30
0.0
 11
-415014.2591922304
 21
-587096.6975702193
 31
0.0
  0
LINE
  5
99D
330
997
100
AcDbEntity
  8
AXIS
 62
     3
440
 16777216
370
    -2
100
AcDbLine
 10
-415014.2591922304
 20
-585593.9281943424
 30
0.0
 11
-415014.2591922304
 21
-587093.6975702193
 31
0.0
  0
INSERT
  5
99E
330
997
100
AcDbEntity
  8
AXIS
 62
     3
440
 16777216
370
    -2
100
AcDbBlockReference
  2
_DIMX
 10
-415014.2591922304
 20
-585593.9281943424
 30
0.0
 41
1.5
 42
1.5
 43
1.5
 50
270.0
  0
INSERT
  5
99F
330
997
100
AcDbEntity
  8
AXIS
 62
     3
440
 16777216
370
    -2
100
AcDbBlockReference
  2
_DIMX
 10
-415014.2591922304
 20
-587093.6975702193
 30
0.0
 41
1.5
 42
1.5
 43
1.5
 50
90.0
  0
MTEXT
  5
9A0
330
997
100
AcDbEntity
  8
AXIS
 62
     7
440
 16777216
100
AcDbMText
 10
-415464.2591922304
 20
-586343.8128822809
 30
0.0
 40
450.0
 41
0.0
 46
0.0
 71
     5
 72
     1
  1
\A1;1500
  7
_ZBHZ
 11
0.0000000000000001
 21
1.0
 31
0.0
 73
     1
 44
1.0
  0
POINT
  5
9A1
330
997
100
AcDbEntity
  8
Defpoints
 62
     0
440
 16777216
100
AcDbPoint
 10
-416214.2591922304
 20
-585593.9281943424
 30
0.0
  0
POINT
  5
9A2
330
997
100
AcDbEntity
  8
Defpoints
 62
     0
440
 16777216
100
AcDbPoint
 10
-416214.2591922304
 20
-587093.6975702193
 30
0.0
  0
POINT
  5
9A3
330
997
100
AcDbEntity
  8
Defpoints
 62
     0
440
 16777216
100
AcDbPoint
 10
-415014.2591922304
 20
-587093.6975702193
 30
0.0
  0
ENDBLK
  5
9A4
330
997
100
AcDbEntity
  8
0
100
AcDbBlockEnd
  0
BLOCK
  5
9A7
330
9A6
100
AcDbEntity
  8
0
100
AcDbBlockBegin
  2
*D76
 70
     1
 10
0.0
 20
0.0
 30
0.0
  3
*D76
  1

  0
LINE
  5
9A8
330
9A6
100
AcDbEntity
  8
AXIS
 62
     0
440
 16777216
370
    -2
100
AcDbLine
 10
-415764.2591922304
 20
-591693.6975702189
 30
0.0
 11
-414639.2591922304
 21
-591693.6975702189
 31
0.0
  0
LINE
  5
9A9
330
9A6
100
AcDbEntity
  8
AXIS
 62
     0
440
 16777216
370
    -2
100
AcDbLine
 10
-415764.2591922304
 20
-593593.697570219
 30
0.0
 11
-414639.2591922304
 21
-593593.697570219
 31
0.0
  0
LINE
  5
9AA
330
9A6
100
AcDbEntity
  8
AXIS
 62
     3
440
 16777216
370
    -2
100
AcDbLine
 10
-415014.2591922304
 20
-591695.197570219
 30
0.0
 11
-415014.2591922304
 21
-593592.1975702189
 31
0.0
  0
INSERT
  5
9AB
330
9A6
100
AcDbEntity
  8
AXIS
 62
     3
440
 16777216
370
    -2
100
AcDbBlockReference
  2
_DIMX
 10
-415014.2591922304
 20
-591693.6975702189
 30
0.0
 41
1.5
 42
1.5
 43
1.5
 50
90.0
  0
INSERT
  5
9AC
330
9A6
100
AcDbEntity
  8
AXIS
 62
     3
440
 16777216
370
    -2
100
AcDbBlockReference
  2
_DIMX
 10
-415014.2591922304
 20
-593593.697570219
 30
0.0
 41
1.5
 42
1.5
 43
1.5
 50
270.0
  0
MTEXT
  5
9AD
330
9A6
100
AcDbEntity
  8
AXIS
 62
     7
440
 16777216
100
AcDbMText
 10
-415464.2591922304
 20
-592643.6975702189
 30
0.0
 40
450.0
 41
0.0
 46
0.0
 71
     5
 72
     1
  1
\A1;1900
  7
_ZBHZ
 11
0.0000000000000001
 21
1.0
 31
0.0
 73
     1
 44
1.0
  0
POINT
  5
9AE
330
9A6
100
AcDbEntity
  8
Defpoints
 62
     0
440
 16777216
100
AcDbPoint
 10
-416214.2591922304
 20
-591693.6975702189
 30
0.0
  0
POINT
  5
9AF
330
9A6
100
AcDbEntity
  8
Defpoints
 62
     0
440
 16777216
100
AcDbPoint
 10
-416214.2591922304
 20
-593593.697570219
 30
0.0
  0
POINT
  5
9B0
330
9A6
100
AcDbEntity
  8
Defpoints
 62
     0
440
 16777216
100
AcDbPoint
 10
-415014.2591922304
 20
-593593.697570219
 30
0.0
  0
ENDBLK
  5
9B1
330
9A6
100
AcDbEntity
  8
0
100
AcDbBlockEnd
  0
BLOCK
  5
9B4
330
9B3
100
AcDbEntity
  8
0
100
AcDbBlockBegin
  2
*D77
 70
     1
 10
0.0
 20
0.0
 30
0.0
  3
*D77
  1

  0
LINE
  5
9B5
330
9B3
100
AcDbEntity
  8
AXIS
 62
     0
440
 16777216
370
    -2
100
AcDbLine
 10
-415764.2591922304
 20
-588993.6975702189
 30
0.0
 11
-414639.2591922304
 21
-588993.6975702189
 31
0.0
  0
LINE
  5
9B6
330
9B3
100
AcDbEntity
  8
AXIS
 62
     0
440
 16777216
370
    -2
100
AcDbLine
 10
-415764.2591922304
 20
-591693.6975702189
 30
0.0
 11
-414639.2591922304
 21
-591693.6975702189
 31
0.0
  0
LINE
  5
9B7
330
9B3
100
AcDbEntity
  8
AXIS
 62
     3
440
 16777216
370
    -2
100
AcDbLine
 10
-415014.2591922304
 20
-588995.197570219
 30
0.0
 11
-415014.2591922304
 21
-591692.1975702188
 31
0.0
  0
INSERT
  5
9B8
330
9B3
100
AcDbEntity
  8
AXIS
 62
     3
440
 16777216
370
    -2
100
AcDbBlockReference
  2
_DIMX
 10
-415014.2591922304
 20
-588993.6975702189
 30
0.0
 41
1.5
 42
1.5
 43
1.5
 50
90.0
  0
INSERT
  5
9B9
330
9B3
100
AcDbEntity
  8
AXIS
 62
     3
440
 16777216
370
    -2
100
AcDbBlockReference
  2
_DIMX
 10
-415014.2591922304
 20
-591693.6975702189
 30
0.0
 41
1.5
 42
1.5
 43
1.5
 50
270.0
  0
MTEXT
  5
9BA
330
9B3
100
AcDbEntity
  8
AXIS
 62
     7
440
 16777216
100
AcDbMText
 10
-415464.2591922304
 20
-590343.697570219
 30
0.0
 40
450.0
 41
0.0
 46
0.0
 71
     5
 72
     1
  1
\A1;2700
  7
_ZBHZ
 11
0.0000000000000001
 21
1.0
 31
0.0
 73
     1
 44
1.0
  0
POINT
  5
9BB
330
9B3
100
AcDbEntity
  8
Defpoints
 62
     0
440
 16777216
100
AcDbPoint
 10
-416214.2591922304
 20
-588993.6975702189
 30
0.0
  0
POINT
  5
9BC
330
9B3
100
AcDbEntity
  8
Defpoints
 62
     0
440
 16777216
100
AcDbPoint
 10
-416214.2591922304
 20
-591693.6975702189
 30
0.0
  0
POINT
  5
9BD
330
9B3
100
AcDbEntity
  8
Defpoints
 62
     0
440
 16777216
100
AcDbPoint
 10
-415014.2591922304
 20
-591693.6975702189
 30
0.0
  0
ENDBLK
  5
9BE
330
9B3
100
AcDbEntity
  8
0
100
AcDbBlockEnd
  0
BLOCK
  5
9C1
330
9C0
100
AcDbEntity
  8
0
100
AcDbBlockBegin
  2
*D78
 70
     1
 10
0.0
 20
0.0
 30
0.0
  3
*D78
  1

  0
LINE
  5
9C2
330
9C0
100
AcDbEntity
  8
AXIS
 62
     0
440
 16777216
370
    -2
100
AcDbLine
 10
-415764.2591922304
 20
-587093.6975702193
 30
0.0
 11
-414639.2591922304
 21
-587093.6975702193
 31
0.0
  0
LINE
  5
9C3
330
9C0
100
AcDbEntity
  8
AXIS
 62
     0
440
 16777216
370
    -2
100
AcDbLine
 10
-415764.2591922304
 20
-588993.6975702189
 30
0.0
 11
-414639.2591922304
 21
-588993.6975702189
 31
0.0
  0
LINE
  5
9C4
330
9C0
100
AcDbEntity
  8
AXIS
 62
     3
440
 16777216
370
    -2
100
AcDbLine
 10
-415014.2591922304
 20
-587095.1975702193
 30
0.0
 11
-415014.2591922304
 21
-588992.197570219
 31
0.0
  0
INSERT
  5
9C5
330
9C0
100
AcDbEntity
  8
AXIS
 62
     3
440
 16777216
370
    -2
100
AcDbBlockReference
  2
_DIMX
 10
-415014.2591922304
 20
-587093.6975702193
 30
0.0
 41
1.5
 42
1.5
 43
1.5
 50
90.0
  0
INSERT
  5
9C6
330
9C0
100
AcDbEntity
  8
AXIS
 62
     3
440
 16777216
370
    -2
100
AcDbBlockReference
  2
_DIMX
 10
-415014.2591922304
 20
-588993.6975702189
 30
0.0
 41
1.5
 42
1.5
 43
1.5
 50
270.0
  0
MTEXT
  5
9C7
330
9C0
100
AcDbEntity
  8
AXIS
 62
     7
440
 16777216
100
AcDbMText
 10
-415464.2591922304
 20
-588043.6975702192
 30
0.0
 40
450.0
 41
0.0
 46
0.0
 71
     5
 72
     1
  1
\A1;1900
  7
_ZBHZ
 11
0.0000000000000001
 21
1.0
 31
0.0
 73
     1
 44
1.0
  0
POINT
  5
9C8
330
9C0
100
AcDbEntity
  8
Defpoints
 62
     0
440
 16777216
100
AcDbPoint
 10
-416214.2591922304
 20
-587093.6975702193
 30
0.0
  0
POINT
  5
9C9
330
9C0
100
AcDbEntity
  8
Defpoints
 62
     0
440
 16777216
100
AcDbPoint
 10
-416214.2591922304
 20
-588993.6975702189
 30
0.0
  0
POINT
  5
9CA
330
9C0
100
AcDbEntity
  8
Defpoints
 62
     0
440
 16777216
100
AcDbPoint
 10
-415014.2591922304
 20
-588993.6975702189
 30
0.0
  0
ENDBLK
  5
9CB
330
9C0
100
AcDbEntity
  8
0
100
AcDbBlockEnd
  0
BLOCK
  5
A71
330
A70
100
AcDbEntity
  8
0
100
AcDbBlockBegin
  2
*D79
 70
     1
 10
0.0
 20
0.0
 30
0.0
  3
*D79
  1

  0
LINE
  5
A72
330
A70
100
AcDbEntity
  8
AXIS
 62
     0
440
 16777216
370
    -2
100
AcDbLine
 10
-415764.2591922303
 20
-580193.9281943418
 30
0.0
 11
-414639.2591922304
 21
-580193.9281943418
 31
0.0
  0
LINE
  5
A73
330
A70
100
AcDbEntity
  8
AXIS
 62
     0
440
 16777216
370
    -2
100
AcDbLine
 10
-415764.2591922303
 20
-581993.9281943424
 30
0.0
 11
-414639.2591922304
 21
-581993.9281943424
 31
0.0
  0
LINE
  5
A74
330
A70
100
AcDbEntity
  8
AXIS
 62
     3
440
 16777216
370
    -2
100
AcDbLine
 10
-415014.2591922304
 20
-580195.4281943419
 30
0.0
 11
-415014.2591922304
 21
-581992.4281943425
 31
0.0
  0
INSERT
  5
A75
330
A70
100
AcDbEntity
  8
AXIS
 62
     3
440
 16777216
370
    -2
100
AcDbBlockReference
  2
_DIMX
 10
-415014.2591922304
 20
-580193.9281943418
 30
0.0
 41
1.5
 42
1.5
 43
1.5
 50
90.0
  0
INSERT
  5
A76
330
A70
100
AcDbEntity
  8
AXIS
 62
     3
440
 16777216
370
    -2
100
AcDbBlockReference
  2
_DIMX
 10
-415014.2591922304
 20
-581993.9281943424
 30
0.0
 41
1.5
 42
1.5
 43
1.5
 50
270.0
  0
MTEXT
  5
A77
330
A70
100
AcDbEntity
  8
AXIS
 62
     7
440
 16777216
100
AcDbMText
 10
-415464.2591922304
 20
-581093.9281943423
 30
0.0
 40
450.0
 41
0.0
 46
0.0
 71
     5
 72
     1
  1
\A1;1800
  7
_ZBHZ
 11
0.0000000000000001
 21
1.0
 31
0.0
 73
     1
 44
1.0
  0
POINT
  5
A78
330
A70
100
AcDbEntity
  8
Defpoints
 62
     0
440
 16777216
100
AcDbPoint
 10
-416214.2591922303
 20
-580193.9281943418
 30
0.0
  0
POINT
  5
A79
330
A70
100
AcDbEntity
  8
Defpoints
 62
     0
440
 16777216
100
AcDbPoint
 10
-416214.2591922303
 20
-581993.9281943424
 30
0.0
  0
POINT
  5
A7A
330
A70
100
AcDbEntity
  8
Defpoints
 62
     0
440
 16777216
100
AcDbPoint
 10
-415014.2591922304
 20
-581993.9281943424
 30
0.0
  0
ENDBLK
  5
A7B
330
A70
100
AcDbEntity
  8
0
100
AcDbBlockEnd
  0
BLOCK
  5
AA7
330
AA6
100
AcDbEntity
  8
0
100
AcDbBlockBegin
  2
*D80
 70
     1
 10
0.0
 20
0.0
 30
0.0
  3
*D80
  1

  0
LINE
  5
AA8
330
AA6
100
AcDbEntity
  8
AXIS
 62
     0
440
 16777216
370
    -2
100
AcDbLine
 10
-415764.2591922304
 20
-581993.9281943424
 30
0.0
 11
-414639.2591922304
 21
-581993.9281943424
 31
0.0
  0
LINE
  5
AA9
330
AA6
100
AcDbEntity
  8
AXIS
 62
     0
440
 16777216
370
    -2
100
AcDbLine
 10
-415764.2591922299
 20
-585593.9281943424
 30
0.0
 11
-414639.2591922304
 21
-585593.9281943424
 31
0.0
  0
LINE
  5
AAA
330
AA6
100
AcDbEntity
  8
AXIS
 62
     3
440
 16777216
370
    -2
100
AcDbLine
 10
-415014.2591922304
 20
-581995.4281943424
 30
0.0
 11
-415014.2591922304
 21
-585592.4281943424
 31
0.0
  0
INSERT
  5
AAB
330
AA6
100
AcDbEntity
  8
AXIS
 62
     3
440
 16777216
370
    -2
100
AcDbBlockReference
  2
_DIMX
 10
-415014.2591922304
 20
-581993.9281943424
 30
0.0
 41
1.5
 42
1.5
 43
1.5
 50
90.0
  0
INSERT
  5
AAC
330
AA6
100
AcDbEntity
  8
AXIS
 62
     3
440
 16777216
370
    -2
100
AcDbBlockReference
  2
_DIMX
 10
-415014.2591922304
 20
-585593.9281943424
 30
0.0
 41
1.5
 42
1.5
 43
1.5
 50
270.0
  0
MTEXT
  5
AAD
330
AA6
100
AcDbEntity
  8
AXIS
 62
     7
440
 16777216
100
AcDbMText
 10
-415464.2591922304
 20
-583793.9281943426
 30
0.0
 40
450.0
 41
0.0
 46
0.0
 71
     5
 72
     1
  1
\A1;3600
  7
_ZBHZ
 11
0.0000000000000001
 21
1.0
 31
0.0
 73
     1
 44
1.0
  0
POINT
  5
AAE
330
AA6
100
AcDbEntity
  8
Defpoints
 62
     0
440
 16777216
100
AcDbPoint
 10
-416214.2591922304
 20
-581993.9281943424
 30
0.0
  0
POINT
  5
AAF
330
AA6
100
AcDbEntity
  8
Defpoints
 62
     0
440
 16777216
100
AcDbPoint
 10
-416214.2591922299
 20
-585593.9281943424
 30
0.0
  0
POINT
  5
AB0
330
AA6
100
AcDbEntity
  8
Defpoints
 62
     0
440
 16777216
100
AcDbPoint
 10
-415014.2591922304
 20
-585593.9281943424
 30
0.0
  0
ENDBLK
  5
AB1
330
AA6
100
AcDbEntity
  8
0
100
AcDbBlockEnd
  0
BLOCK
  5
AC6
330
AC5
100
AcDbEntity
  8
0
100
AcDbBlockBegin
  2
*D81
 70
     1
 10
0.0
 20
0.0
 30
0.0
  3
*D81
  1

  0
LINE
  5
AC7
330
AC5
100
AcDbEntity
  8
AXIS
 62
     0
440
 16777216
370
    -2
100
AcDbLine
 10
-415764.2591922304
 20
-576893.6975195259
 30
0.0
 11
-414639.2591922304
 21
-576893.6975195259
 31
0.0
  0
LINE
  5
AC8
330
AC5
100
AcDbEntity
  8
AXIS
 62
     0
440
 16777216
370
    -2
100
AcDbLine
 10
-415764.2591922303
 20
-580193.9281943418
 30
0.0
 11
-414639.2591922304
 21
-580193.9281943418
 31
0.0
  0
LINE
  5
AC9
330
AC5
100
AcDbEntity
  8
AXIS
 62
     3
440
 16777216
370
    -2
100
AcDbLine
 10
-415014.2591922304
 20
-576895.1975195259
 30
0.0
 11
-415014.2591922304
 21
-580192.4281943421
 31
0.0
  0
INSERT
  5
ACA
330
AC5
100
AcDbEntity
  8
AXIS
 62
     3
440
 16777216
370
    -2
100
AcDbBlockReference
  2
_DIMX
 10
-415014.2591922304
 20
-576893.6975195259
 30
0.0
 41
1.5
 42
1.5
 43
1.5
 50
90.0
  0
INSERT
  5
ACB
330
AC5
100
AcDbEntity
  8
AXIS
 62
     3
440
 16777216
370
    -2
100
AcDbBlockReference
  2
_DIMX
 10
-415014.2591922304
 20
-580193.9281943418
 30
0.0
 41
1.5
 42
1.5
 43
1.5
 50
270.0
  0
MTEXT
  5
ACC
330
AC5
100
AcDbEntity
  8
AXIS
 62
     7
440
 16777216
100
AcDbMText
 10
-415464.2591922304
 20
-578543.8128569341
 30
0.0
 40
450.0
 41
0.0
 46
0.0
 71
     5
 72
     1
  1
\A1;3300
  7
_ZBHZ
 11
0.0000000000000001
 21
1.0
 31
0.0
 73
     1
 44
1.0
  0
POINT
  5
ACD
330
AC5
100
AcDbEntity
  8
Defpoints
 62
     0
440
 16777216
100
AcDbPoint
 10
-416214.2591922304
 20
-576893.6975195259
 30
0.0
  0
POINT
  5
ACE
330
AC5
100
AcDbEntity
  8
Defpoints
 62
     0
440
 16777216
100
AcDbPoint
 10
-416214.2591922303
 20
-580193.9281943418
 30
0.0
  0
POINT
  5
ACF
330
AC5
100
AcDbEntity
  8
Defpoints
 62
     0
440
 16777216
100
AcDbPoint
 10
-415014.2591922304
 20
-580193.9281943418
 30
0.0
  0
ENDBLK
  5
AD0
330
AC5
100
AcDbEntity
  8
0
100
AcDbBlockEnd
  0
BLOCK
  5
AD3
330
AD2
100
AcDbEntity
  8
0
100
AcDbBlockBegin
  2
*D82
 70
     1
 10
0.0
 20
0.0
 30
0.0
  3
*D82
  1

  0
LINE
  5
AD4
330
AD2
100
AcDbEntity
  8
AXIS
 62
     0
440
 16777216
370
    -2
100
AcDbLine
 10
-415764.2591922304
 20
-576893.6975195259
 30
0.0
 11
-414639.2591922304
 21
-576893.6975195259
 31
0.0
  0
LINE
  5
AD5
330
AD2
100
AcDbEntity
  8
AXIS
 62
     0
440
 16777216
370
    -2
100
AcDbLine
 10
-415764.2591922304
 20
-576493.6975195259
 30
0.0
 11
-414639.2591922304
 21
-576493.6975195259
 31
0.0
  0
LINE
  5
AD6
330
AD2
100
AcDbEntity
  8
AXIS
 62
     3
440
 16777216
370
    -2
100
AcDbLine
 10
-415014.2591922304
 20
-576895.1975195259
 30
0.0
 11
-415014.2591922304
 21
-576896.6975195259
 31
0.0
  0
LINE
  5
AD7
330
AD2
100
AcDbEntity
  8
AXIS
 62
     3
440
 16777216
370
    -2
100
AcDbLine
 10
-415014.2591922304
 20
-576492.1975195259
 30
0.0
 11
-415014.2591922304
 21
-576490.6975195259
 31
0.0
  0
LINE
  5
AD8
330
AD2
100
AcDbEntity
  8
AXIS
 62
     3
440
 16777216
370
    -2
100
AcDbLine
 10
-415014.2591922304
 20
-576893.6975195259
 30
0.0
 11
-415014.2591922304
 21
-576493.6975195259
 31
0.0
  0
INSERT
  5
AD9
330
AD2
100
AcDbEntity
  8
AXIS
 62
     3
440
 16777216
370
    -2
100
AcDbBlockReference
  2
_DIMX
 10
-415014.2591922304
 20
-576893.6975195259
 30
0.0
 41
1.5
 42
1.5
 43
1.5
 50
90.0
  0
INSERT
  5
ADA
330
AD2
100
AcDbEntity
  8
AXIS
 62
     3
440
 16777216
370
    -2
100
AcDbBlockReference
  2
_DIMX
 10
-415014.2591922304
 20
-576493.6975195259
 30
0.0
 41
1.5
 42
1.5
 43
1.5
 50
270.0
  0
MTEXT
  5
ADB
330
AD2
100
AcDbEntity
  8
AXIS
 62
     7
440
 16777216
100
AcDbMText
 10
-415464.2591922304
 20
-576693.697519526
 30
0.0
 40
450.0
 41
0.0
 46
0.0
 71
     5
 72
     1
  1
\A1;400
  7
_ZBHZ
 11
0.0000000000000001
 21
1.0
 31
0.0
 73
     1
 44
1.0
  0
POINT
  5
ADC
330
AD2
100
AcDbEntity
  8
Defpoints
 62
     0
440
 16777216
100
AcDbPoint
 10
-416214.2591922304
 20
-576893.6975195259
 30
0.0
  0
POINT
  5
ADD
330
AD2
100
AcDbEntity
  8
Defpoints
 62
     0
440
 16777216
100
AcDbPoint
 10
-416214.2591922304
 20
-576493.6975195259
 30
0.0
  0
POINT
  5
ADE
330
AD2
100
AcDbEntity
  8
Defpoints
 62
     0
440
 16777216
100
AcDbPoint
 10
-415014.2591922304
 20
-576493.6975195259
 30
0.0
  0
ENDBLK
  5
ADF
330
AD2
100
AcDbEntity
  8
0
100
AcDbBlockEnd
  0
BLOCK
  5
AF0
330
AEF
100
AcDbEntity
  8
0
100
AcDbBlockBegin
  2
*D83
 70
     1
 10
0.0
 20
0.0
 30
0.0
  3
*D83
  1

  0
LINE
  5
AF1
330
AEF
100
AcDbEntity
  8
AXIS
 62
     0
440
 16777216
370
    -2
100
AcDbLine
 10
-427636.8660101059
 20
-565351.2830999479
 30
0.0
 11
-427636.8660101059
 21
-564031.1316797448
 31
0.0
  0
LINE
  5
AF2
330
AEF
100
AcDbEntity
  8
AXIS
 62
     0
440
 16777216
370
    -2
100
AcDbLine
 10
-425036.8660101059
 20
-565351.2830999479
 30
0.0
 11
-425036.8660101059
 21
-564031.1316797448
 31
0.0
  0
LINE
  5
AF3
330
AEF
100
AcDbEntity
  8
AXIS
 62
     3
440
 16777216
370
    -2
100
AcDbLine
 10
-427635.3660101059
 20
-564406.1316797448
 30
0.0
 11
-425038.366010106
 21
-564406.1316797448
 31
0.0
  0
INSERT
  5
AF4
330
AEF
100
AcDbEntity
  8
AXIS
 62
     3
440
 16777216
370
    -2
100
AcDbBlockReference
  2
_DIMX
 10
-427636.8660101059
 20
-564406.1316797448
 30
0.0
 41
1.5
 42
1.5
 43
1.5
 50
180.0
  0
INSERT
  5
AF5
330
AEF
100
AcDbEntity
  8
AXIS
 62
     3
440
 16777216
370
    -2
100
AcDbBlockReference
  2
_DIMX
 10
-425036.8660101059
 20
-564406.1316797448
 30
0.0
 41
1.5
 42
1.5
 43
1.5
  0
MTEXT
  5
AF6
330
AEF
100
AcDbEntity
  8
AXIS
 62
     7
440
 16777216
100
AcDbMText
 10
-426336.8660101059
 20
-563956.1316797448
 30
0.0
 40
450.0
 41
0.0
 46
0.0
 71
     5
 72
     1
  1
\A1;2600
  7
_ZBHZ
 73
     1
 44
1.0
  0
POINT
  5
AF7
330
AEF
100
AcDbEntity
  8
Defpoints
 62
     0
440
 16777216
100
AcDbPoint
 10
-427636.8660101059
 20
-565801.2830999478
 30
0.0
  0
POINT
  5
AF8
330
AEF
100
AcDbEntity
  8
Defpoints
 62
     0
440
 16777216
100
AcDbPoint
 10
-425036.8660101059
 20
-565801.2830999478
 30
0.0
  0
POINT
  5
AF9
330
AEF
100
AcDbEntity
  8
Defpoints
 62
     0
440
 16777216
100
AcDbPoint
 10
-425036.8660101059
 20
-564406.1316797448
 30
0.0
  0
ENDBLK
  5
AFA
330
AEF
100
AcDbEntity
  8
0
100
AcDbBlockEnd
  0
BLOCK
  5
AFD
330
AFC
100
AcDbEntity
  8
0
100
AcDbBlockBegin
  2
*D84
 70
     1
 10
0.0
 20
0.0
 30
0.0
  3
*D84
  1

  0
LINE
  5
AFE
330
AFC
100
AcDbEntity
  8
AXIS
 62
     0
440
 16777216
370
    -2
100
AcDbLine
 10
-434536.8661438288
 20
-565351.2830999479
 30
0.0
 11
-434536.8661438288
 21
-564031.1316797448
 31
0.0
  0
LINE
  5
AFF
330
AFC
100
AcDbEntity
  8
AXIS
 62
     0
440
 16777216
370
    -2
100
AcDbLine
 10
-438136.8663131165
 20
-565351.2830999479
 30
0.0
 11
-438136.8663131165
 21
-564031.1316797448
 31
0.0
  0
LINE
  5
B00
330
AFC
100
AcDbEntity
  8
AXIS
 62
     3
440
 16777216
370
    -2
100
AcDbLine
 10
-434538.3661438289
 20
-564406.1316797448
 30
0.0
 11
-438135.3663131165
 21
-564406.1316797448
 31
0.0
  0
INSERT
  5
B01
330
AFC
100
AcDbEntity
  8
AXIS
 62
     3
440
 16777216
370
    -2
100
AcDbBlockReference
  2
_DIMX
 10
-434536.8661438288
 20
-564406.1316797448
 30
0.0
 41
1.5
 42
1.5
 43
1.5
  0
INSERT
  5
B02
330
AFC
100
AcDbEntity
  8
AXIS
 62
     3
440
 16777216
370
    -2
100
AcDbBlockReference
  2
_DIMX
 10
-438136.8663131165
 20
-564406.1316797448
 30
0.0
 41
1.5
 42
1.5
 43
1.5
 50
180.0
  0
MTEXT
  5
B03
330
AFC
100
AcDbEntity
  8
AXIS
 62
     7
440
 16777216
100
AcDbMText
 10
-436336.8662284726
 20
-563956.1316797448
 30
0.0
 40
450.0
 41
0.0
 46
0.0
 71
     5
 72
     1
  1
\A1;3600
  7
_ZBHZ
 73
     1
 44
1.0
  0
POINT
  5
B04
330
AFC
100
AcDbEntity
  8
Defpoints
 62
     0
440
 16777216
100
AcDbPoint
 10
-434536.8661438288
 20
-565801.2830999478
 30
0.0
  0
POINT
  5
B05
330
AFC
100
AcDbEntity
  8
Defpoints
 62
     0
440
 16777216
100
AcDbPoint
 10
-438136.8663131165
 20
-565801.2830999478
 30
0.0
  0
POINT
  5
B06
330
AFC
100
AcDbEntity
  8
Defpoints
 62
     0
440
 16777216
100
AcDbPoint
 10
-438136.8663131165
 20
-564406.1316797448
 30
0.0
  0
ENDBLK
  5
B07
330
AFC
100
AcDbEntity
  8
0
100
AcDbBlockEnd
  0
BLOCK
  5
B0A
330
B09
100
AcDbEntity
  8
0
100
AcDbBlockBegin
  2
*D85
 70
     1
 10
0.0
 20
0.0
 30
0.0
  3
*D85
  1

  0
LINE
  5
B0B
330
B09
100
AcDbEntity
  8
AXIS
 62
     0
440
 16777216
370
    -2
100
AcDbLine
 10
-434536.8661438288
 20
-565351.2830999479
 30
0.0
 11
-434536.8661438288
 21
-564031.1316797448
 31
0.0
  0
LINE
  5
B0C
330
B09
100
AcDbEntity
  8
AXIS
 62
     0
440
 16777216
370
    -2
100
AcDbLine
 10
-430936.8659745415
 20
-565351.2830999479
 30
0.0
 11
-430936.8659745415
 21
-564031.1316797448
 31
0.0
  0
LINE
  5
B0D
330
B09
100
AcDbEntity
  8
AXIS
 62
     3
440
 16777216
370
    -2
100
AcDbLine
 10
-434535.3661438288
 20
-564406.1316797448
 30
0.0
 11
-430938.3659745416
 21
-564406.1316797448
 31
0.0
  0
INSERT
  5
B0E
330
B09
100
AcDbEntity
  8
AXIS
 62
     3
440
 16777216
370
    -2
100
AcDbBlockReference
  2
_DIMX
 10
-434536.8661438288
 20
-564406.1316797448
 30
0.0
 41
1.5
 42
1.5
 43
1.5
 50
180.0
  0
INSERT
  5
B0F
330
B09
100
AcDbEntity
  8
AXIS
 62
     3
440
 16777216
370
    -2
100
AcDbBlockReference
  2
_DIMX
 10
-430936.8659745415
 20
-564406.1316797448
 30
0.0
 41
1.5
 42
1.5
 43
1.5
  0
MTEXT
  5
B10
330
B09
100
AcDbEntity
  8
AXIS
 62
     7
440
 16777216
100
AcDbMText
 10
-432736.8660591853
 20
-563956.1316797448
 30
0.0
 40
450.0
 41
0.0
 46
0.0
 71
     5
 72
     1
  1
\A1;3600
  7
_ZBHZ
 73
     1
 44
1.0
  0
POINT
  5
B11
330
B09
100
AcDbEntity
  8
Defpoints
 62
     0
440
 16777216
100
AcDbPoint
 10
-434536.8661438288
 20
-565801.2830999478
 30
0.0
  0
POINT
  5
B12
330
B09
100
AcDbEntity
  8
Defpoints
 62
     0
440
 16777216
100
AcDbPoint
 10
-430936.8659745415
 20
-565801.2830999478
 30
0.0
  0
POINT
  5
B13
330
B09
100
AcDbEntity
  8
Defpoints
 62
     0
440
 16777216
100
AcDbPoint
 10
-430936.8659745415
 20
-564406.1316797448
 30
0.0
  0
ENDBLK
  5
B14
330
B09
100
AcDbEntity
  8
0
100
AcDbBlockEnd
  0
BLOCK
  5
B17
330
B16
100
AcDbEntity
  8
0
100
AcDbBlockBegin
  2
*D86
 70
     1
 10
0.0
 20
0.0
 30
0.0
  3
*D86
  1

  0
LINE
  5
B18
330
B16
100
AcDbEntity
  8
AXIS
 62
     0
440
 16777216
370
    -2
100
AcDbLine
 10
-430936.8659745415
 20
-565351.2830999479
 30
0.0
 11
-430936.8659745415
 21
-564031.1316797448
 31
0.0
  0
LINE
  5
B19
330
B16
100
AcDbEntity
  8
AXIS
 62
     0
440
 16777216
370
    -2
100
AcDbLine
 10
-427636.8658052507
 20
-565351.2830999479
 30
0.0
 11
-427636.8658052507
 21
-564031.1316797448
 31
0.0
  0
LINE
  5
B1A
330
B16
100
AcDbEntity
  8
AXIS
 62
     3
440
 16777216
370
    -2
100
AcDbLine
 10
-430935.3659745414
 20
-564406.1316797448
 30
0.0
 11
-427638.3658052504
 21
-564406.1316797448
 31
0.0
  0
INSERT
  5
B1B
330
B16
100
AcDbEntity
  8
AXIS
 62
     3
440
 16777216
370
    -2
100
AcDbBlockReference
  2
_DIMX
 10
-430936.8659745415
 20
-564406.1316797448
 30
0.0
 41
1.5
 42
1.5
 43
1.5
 50
180.0
  0
INSERT
  5
B1C
330
B16
100
AcDbEntity
  8
AXIS
 62
     3
440
 16777216
370
    -2
100
AcDbBlockReference
  2
_DIMX
 10
-427636.8658052507
 20
-564406.1316797448
 30
0.0
 41
1.5
 42
1.5
 43
1.5
  0
MTEXT
  5
B1D
330
B16
100
AcDbEntity
  8
AXIS
 62
     7
440
 16777216
100
AcDbMText
 10
-429286.8658898959
 20
-563956.1316797448
 30
0.0
 40
450.0
 41
0.0
 46
0.0
 71
     5
 72
     1
  1
\A1;3300
  7
_ZBHZ
 73
     1
 44
1.0
  0
POINT
  5
B1E
330
B16
100
AcDbEntity
  8
Defpoints
 62
     0
440
 16777216
100
AcDbPoint
 10
-430936.8659745415
 20
-565801.2830999478
 30
0.0
  0
POINT
  5
B1F
330
B16
100
AcDbEntity
  8
Defpoints
 62
     0
440
 16777216
100
AcDbPoint
 10
-427636.8658052507
 20
-565801.2830999478
 30
0.0
  0
POINT
  5
B20
330
B16
100
AcDbEntity
  8
Defpoints
 62
     0
440
 16777216
100
AcDbPoint
 10
-427636.8658052507
 20
-564406.1316797448
 30
0.0
  0
ENDBLK
  5
B21
330
B16
100
AcDbEntity
  8
0
100
AcDbBlockEnd
  0
BLOCK
  5
B24
330
B23
100
AcDbEntity
  8
0
100
AcDbBlockBegin
  2
*D87
 70
     1
 10
0.0
 20
0.0
 30
0.0
  3
*D87
  1

  0
LINE
  5
B25
330
B23
100
AcDbEntity
  8
AXIS
 62
     0
440
 16777216
370
    -2
100
AcDbLine
 10
-438136.8663131165
 20
-565351.2830999479
 30
0.0
 11
-438136.8663131165
 21
-564031.1316797448
 31
0.0
  0
LINE
  5
B26
330
B23
100
AcDbEntity
  8
AXIS
 62
     0
440
 16777216
370
    -2
100
AcDbLine
 10
-441436.8664824073
 20
-565351.2830999479
 30
0.0
 11
-441436.8664824073
 21
-564031.1316797448
 31
0.0
  0
LINE
  5
B27
330
B23
100
AcDbEntity
  8
AXIS
 62
     3
440
 16777216
370
    -2
100
AcDbLine
 10
-438138.3663131165
 20
-564406.1316797448
 30
0.0
 11
-441435.3664824072
 21
-564406.1316797448
 31
0.0
  0
INSERT
  5
B28
330
B23
100
AcDbEntity
  8
AXIS
 62
     3
440
 16777216
370
    -2
100
AcDbBlockReference
  2
_DIMX
 10
-438136.8663131165
 20
-564406.1316797448
 30
0.0
 41
1.5
 42
1.5
 43
1.5
  0
INSERT
  5
B29
330
B23
100
AcDbEntity
  8
AXIS
 62
     3
440
 16777216
370
    -2
100
AcDbBlockReference
  2
_DIMX
 10
-441436.8664824073
 20
-564406.1316797448
 30
0.0
 41
1.5
 42
1.5
 43
1.5
 50
180.0
  0
MTEXT
  5
B2A
330
B23
100
AcDbEntity
  8
AXIS
 62
     7
440
 16777216
100
AcDbMText
 10
-439786.8663977618
 20
-563956.1316797448
 30
0.0
 40
450.0
 41
0.0
 46
0.0
 71
     5
 72
     1
  1
\A1;3300
  7
_ZBHZ
 73
     1
 44
1.0
  0
POINT
  5
B2B
330
B23
100
AcDbEntity
  8
Defpoints
 62
     0
440
 16777216
100
AcDbPoint
 10
-438136.8663131165
 20
-565801.2830999478
 30
0.0
  0
POINT
  5
B2C
330
B23
100
AcDbEntity
  8
Defpoints
 62
     0
440
 16777216
100
AcDbPoint
 10
-441436.8664824073
 20
-565801.2830999478
 30
0.0
  0
POINT
  5
B2D
330
B23
100
AcDbEntity
  8
Defpoints
 62
     0
440
 16777216
100
AcDbPoint
 10
-441436.8664824073
 20
-564406.1316797448
 30
0.0
  0
ENDBLK
  5
B2E
330
B23
100
AcDbEntity
  8
0
100
AcDbBlockEnd
  0
BLOCK
  5
C88
330
C87
100
AcDbEntity
  8
0
100
AcDbBlockBegin
  2
*D88
 70
     1
 10
0.0
 20
0.0
 30
0.0
  3
*D88
  1

  0
LINE
  5
C89
330
C87
100
AcDbEntity
  8
AXIS
 62
     0
440
 16777216
370
    -2
100
AcDbLine
 10
-420536.8660101057
 20
-565351.2830999479
 30
0.0
 11
-420536.8660101057
 21
-564031.1316797448
 31
0.0
  0
LINE
  5
C8A
330
C87
100
AcDbEntity
  8
AXIS
 62
     0
440
 16777216
370
    -2
100
AcDbLine
 10
-417536.8660101059
 20
-565351.2830999479
 30
0.0
 11
-417536.8660101059
 21
-564031.1316797448
 31
0.0
  0
LINE
  5
C8B
330
C87
100
AcDbEntity
  8
AXIS
 62
     3
440
 16777216
370
    -2
100
AcDbLine
 10
-420535.3660101057
 20
-564406.1316797448
 30
0.0
 11
-417538.366010106
 21
-564406.1316797448
 31
0.0
  0
INSERT
  5
C8C
330
C87
100
AcDbEntity
  8
AXIS
 62
     3
440
 16777216
370
    -2
100
AcDbBlockReference
  2
_DIMX
 10
-420536.8660101057
 20
-564406.1316797448
 30
0.0
 41
1.5
 42
1.5
 43
1.5
 50
180.0
  0
INSERT
  5
C8D
330
C87
100
AcDbEntity
  8
AXIS
 62
     3
440
 16777216
370
    -2
100
AcDbBlockReference
  2
_DIMX
 10
-417536.8660101059
 20
-564406.1316797448
 30
0.0
 41
1.5
 42
1.5
 43
1.5
  0
MTEXT
  5
C8E
330
C87
100
AcDbEntity
  8
AXIS
 62
     7
440
 16777216
100
AcDbMText
 10
-419036.866010106
 20
-563956.1316797448
 30
0.0
 40
450.0
 41
0.0
 46
0.0
 71
     5
 72
     1
  1
\A1;3000
  7
_ZBHZ
 73
     1
 44
1.0
  0
POINT
  5
C8F
330
C87
100
AcDbEntity
  8
Defpoints
 62
     0
440
 16777216
100
AcDbPoint
 10
-420536.8660101057
 20
-565801.2830999478
 30
0.0
  0
POINT
  5
C90
330
C87
100
AcDbEntity
  8
Defpoints
 62
     0
440
 16777216
100
AcDbPoint
 10
-417536.8660101059
 20
-565801.2830999478
 30
0.0
  0
POINT
  5
C91
330
C87
100
AcDbEntity
  8
Defpoints
 62
     0
440
 16777216
100
AcDbPoint
 10
-417536.8660101059
 20
-564406.1316797448
 30
0.0
  0
ENDBLK
  5
C92
330
C87
100
AcDbEntity
  8
0
100
AcDbBlockEnd
  0
BLOCK
  5
C95
330
C94
100
AcDbEntity
  8
0
100
AcDbBlockBegin
  2
*D89
 70
     1
 10
0.0
 20
0.0
 30
0.0
  3
*D89
  1

  0
LINE
  5
C96
330
C94
100
AcDbEntity
  8
AXIS
 62
     0
440
 16777216
370
    -2
100
AcDbLine
 10
-425036.8660101059
 20
-565351.2830999479
 30
0.0
 11
-425036.8660101059
 21
-564031.1316797448
 31
0.0
  0
LINE
  5
C97
330
C94
100
AcDbEntity
  8
AXIS
 62
     0
440
 16777216
370
    -2
100
AcDbLine
 10
-422336.8660101059
 20
-565351.2830999479
 30
0.0
 11
-422336.8660101059
 21
-564031.1316797448
 31
0.0
  0
LINE
  5
C98
330
C94
100
AcDbEntity
  8
AXIS
 62
     3
440
 16777216
370
    -2
100
AcDbLine
 10
-425035.3660101059
 20
-564406.1316797448
 30
0.0
 11
-422338.3660101059
 21
-564406.1316797448
 31
0.0
  0
INSERT
  5
C99
330
C94
100
AcDbEntity
  8
AXIS
 62
     3
440
 16777216
370
    -2
100
AcDbBlockReference
  2
_DIMX
 10
-425036.8660101059
 20
-564406.1316797448
 30
0.0
 41
1.5
 42
1.5
 43
1.5
 50
180.0
  0
INSERT
  5
C9A
330
C94
100
AcDbEntity
  8
AXIS
 62
     3
440
 16777216
370
    -2
100
AcDbBlockReference
  2
_DIMX
 10
-422336.8660101059
 20
-564406.1316797448
 30
0.0
 41
1.5
 42
1.5
 43
1.5
  0
MTEXT
  5
C9B
330
C94
100
AcDbEntity
  8
AXIS
 62
     7
440
 16777216
100
AcDbMText
 10
-423686.8660101059
 20
-563956.1316797448
 30
0.0
 40
450.0
 41
0.0
 46
0.0
 71
     5
 72
     1
  1
\A1;2700
  7
_ZBHZ
 73
     1
 44
1.0
  0
POINT
  5
C9C
330
C94
100
AcDbEntity
  8
Defpoints
 62
     0
440
 16777216
100
AcDbPoint
 10
-425036.8660101059
 20
-565801.2830999478
 30
0.0
  0
POINT
  5
C9D
330
C94
100
AcDbEntity
  8
Defpoints
 62
     0
440
 16777216
100
AcDbPoint
 10
-422336.8660101059
 20
-565801.2830999478
 30
0.0
  0
POINT
  5
C9E
330
C94
100
AcDbEntity
  8
Defpoints
 62
     0
440
 16777216
100
AcDbPoint
 10
-422336.8660101059
 20
-564406.1316797448
 30
0.0
  0
ENDBLK
  5
C9F
330
C94
100
AcDbEntity
  8
0
100
AcDbBlockEnd
  0
BLOCK
  5
CA2
330
CA1
100
AcDbEntity
  8
0
100
AcDbBlockBegin
  2
*D90
 70
     1
 10
0.0
 20
0.0
 30
0.0
  3
*D90
  1

  0
LINE
  5
CA3
330
CA1
100
AcDbEntity
  8
AXIS
 62
     0
440
 16777216
370
    -2
100
AcDbLine
 10
-422336.8660101059
 20
-565351.2830999479
 30
0.0
 11
-422336.8660101059
 21
-564031.1316797448
 31
0.0
  0
LINE
  5
CA4
330
CA1
100
AcDbEntity
  8
AXIS
 62
     0
440
 16777216
370
    -2
100
AcDbLine
 10
-420536.8660101057
 20
-565351.2830999479
 30
0.0
 11
-420536.8660101057
 21
-564031.1316797448
 31
0.0
  0
LINE
  5
CA5
330
CA1
100
AcDbEntity
  8
AXIS
 62
     3
440
 16777216
370
    -2
100
AcDbLine
 10
-422335.366010106
 20
-564406.1316797448
 30
0.0
 11
-420538.3660101058
 21
-564406.1316797448
 31
0.0
  0
INSERT
  5
CA6
330
CA1
100
AcDbEntity
  8
AXIS
 62
     3
440
 16777216
370
    -2
100
AcDbBlockReference
  2
_DIMX
 10
-422336.8660101059
 20
-564406.1316797448
 30
0.0
 41
1.5
 42
1.5
 43
1.5
 50
180.0
  0
INSERT
  5
CA7
330
CA1
100
AcDbEntity
  8
AXIS
 62
     3
440
 16777216
370
    -2
100
AcDbBlockReference
  2
_DIMX
 10
-420536.8660101057
 20
-564406.1316797448
 30
0.0
 41
1.5
 42
1.5
 43
1.5
  0
MTEXT
  5
CA8
330
CA1
100
AcDbEntity
  8
AXIS
 62
     7
440
 16777216
100
AcDbMText
 10
-421436.8660101059
 20
-563956.1316797448
 30
0.0
 40
450.0
 41
0.0
 46
0.0
 71
     5
 72
     1
  1
\A1;1800
  7
_ZBHZ
 73
     1
 44
1.0
  0
POINT
  5
CA9
330
CA1
100
AcDbEntity
  8
Defpoints
 62
     0
440
 16777216
100
AcDbPoint
 10
-422336.8660101059
 20
-565801.2830999478
 30
0.0
  0
POINT
  5
CAA
330
CA1
100
AcDbEntity
  8
Defpoints
 62
     0
440
 16777216
100
AcDbPoint
 10
-420536.8660101057
 20
-565801.2830999478
 30
0.0
  0
POINT
  5
CAB
330
CA1
100
AcDbEntity
  8
Defpoints
 62
     0
440
 16777216
100
AcDbPoint
 10
-420536.8660101057
 20
-564406.1316797448
 30
0.0
  0
ENDBLK
  5
CAC
330
CA1
100
AcDbEntity
  8
0
100
AcDbBlockEnd
  0
BLOCK
  5
CAF
330
CAE
100
AcDbEntity
  8
0
100
AcDbBlockBegin
  2
*D91
 70
     1
 10
0.0
 20
0.0
 30
0.0
  3
*D91
  1

  0
LINE
  5
CB0
330
CAE
100
AcDbEntity
  8
AXIS
 62
     0
440
 16777216
370
    -2
100
AcDbLine
 10
-415764.2591922304
 20
-568293.6977297843
 30
0.0
 11
-414639.2591922304
 21
-568293.6977297843
 31
0.0
  0
LINE
  5
CB1
330
CAE
100
AcDbEntity
  8
AXIS
 62
     0
440
 16777216
370
    -2
100
AcDbLine
 10
-415764.2591922304
 20
-571893.6975195259
 30
0.0
 11
-414639.2591922304
 21
-571893.6975195259
 31
0.0
  0
LINE
  5
CB2
330
CAE
100
AcDbEntity
  8
AXIS
 62
     3
440
 16777216
370
    -2
100
AcDbLine
 10
-415014.2591922304
 20
-568295.1977297843
 30
0.0
 11
-415014.2591922304
 21
-571892.1975195259
 31
0.0
  0
INSERT
  5
CB3
330
CAE
100
AcDbEntity
  8
AXIS
 62
     3
440
 16777216
370
    -2
100
AcDbBlockReference
  2
_DIMX
 10
-415014.2591922304
 20
-568293.6977297843
 30
0.0
 41
1.5
 42
1.5
 43
1.5
 50
90.0
  0
INSERT
  5
CB4
330
CAE
100
AcDbEntity
  8
AXIS
 62
     3
440
 16777216
370
    -2
100
AcDbBlockReference
  2
_DIMX
 10
-415014.2591922304
 20
-571893.6975195259
 30
0.0
 41
1.5
 42
1.5
 43
1.5
 50
270.0
  0
MTEXT
  5
CB5
330
CAE
100
AcDbEntity
  8
AXIS
 62
     7
440
 16777216
100
AcDbMText
 10
-415464.2591922304
 20
-570093.6976246552
 30
0.0
 40
450.0
 41
0.0
 46
0.0
 71
     5
 72
     1
  1
\A1;3600
  7
_ZBHZ
 11
0.0000000000000001
 21
1.0
 31
0.0
 73
     1
 44
1.0
  0
POINT
  5
CB6
330
CAE
100
AcDbEntity
  8
Defpoints
 62
     0
440
 16777216
100
AcDbPoint
 10
-416214.2591922304
 20
-568293.6977297843
 30
0.0
  0
POINT
  5
CB7
330
CAE
100
AcDbEntity
  8
Defpoints
 62
     0
440
 16777216
100
AcDbPoint
 10
-416214.2591922304
 20
-571893.6975195259
 30
0.0
  0
POINT
  5
CB8
330
CAE
100
AcDbEntity
  8
Defpoints
 62
     0
440
 16777216
100
AcDbPoint
 10
-415014.2591922304
 20
-571893.6975195259
 30
0.0
  0
ENDBLK
  5
CB9
330
CAE
100
AcDbEntity
  8
0
100
AcDbBlockEnd
  0
BLOCK
  5
CBC
330
CBB
100
AcDbEntity
  8
0
100
AcDbBlockBegin
  2
*D92
 70
     1
 10
0.0
 20
0.0
 30
0.0
  3
*D92
  1

  0
LINE
  5
CBD
330
CBB
100
AcDbEntity
  8
AXIS
 62
     0
440
 16777216
370
    -2
100
AcDbLine
 10
-415764.2591922304
 20
-571893.6975195259
 30
0.0
 11
-414639.2591922304
 21
-571893.6975195259
 31
0.0
  0
LINE
  5
CBE
330
CBB
100
AcDbEntity
  8
AXIS
 62
     0
440
 16777216
370
    -2
100
AcDbLine
 10
-415764.2591922304
 20
-573793.6975195259
 30
0.0
 11
-414639.2591922304
 21
-573793.6975195259
 31
0.0
  0
LINE
  5
CBF
330
CBB
100
AcDbEntity
  8
AXIS
 62
     3
440
 16777216
370
    -2
100
AcDbLine
 10
-415014.2591922304
 20
-571895.1975195259
 30
0.0
 11
-415014.2591922304
 21
-573792.1975195259
 31
0.0
  0
INSERT
  5
CC0
330
CBB
100
AcDbEntity
  8
AXIS
 62
     3
440
 16777216
370
    -2
100
AcDbBlockReference
  2
_DIMX
 10
-415014.2591922304
 20
-571893.6975195259
 30
0.0
 41
1.5
 42
1.5
 43
1.5
 50
90.0
  0
INSERT
  5
CC1
330
CBB
100
AcDbEntity
  8
AXIS
 62
     3
440
 16777216
370
    -2
100
AcDbBlockReference
  2
_DIMX
 10
-415014.2591922304
 20
-573793.6975195259
 30
0.0
 41
1.5
 42
1.5
 43
1.5
 50
270.0
  0
MTEXT
  5
CC2
330
CBB
100
AcDbEntity
  8
AXIS
 62
     7
440
 16777216
100
AcDbMText
 10
-415464.2591922304
 20
-572843.697519526
 30
0.0
 40
450.0
 41
0.0
 46
0.0
 71
     5
 72
     1
  1
\A1;1900
  7
_ZBHZ
 11
0.0000000000000001
 21
1.0
 31
0.0
 73
     1
 44
1.0
  0
POINT
  5
CC3
330
CBB
100
AcDbEntity
  8
Defpoints
 62
     0
440
 16777216
100
AcDbPoint
 10
-416214.2591922304
 20
-571893.6975195259
 30
0.0
  0
POINT
  5
CC4
330
CBB
100
AcDbEntity
  8
Defpoints
 62
     0
440
 16777216
100
AcDbPoint
 10
-416214.2591922304
 20
-573793.6975195259
 30
0.0
  0
POINT
  5
CC5
330
CBB
100
AcDbEntity
  8
Defpoints
 62
     0
440
 16777216
100
AcDbPoint
 10
-415014.2591922304
 20
-573793.6975195259
 30
0.0
  0
ENDBLK
  5
CC6
330
CBB
100
AcDbEntity
  8
0
100
AcDbBlockEnd
  0
ENDSEC
  0
SECTION
  2
ENTITIES
  0
DIMENSION
  5
85
330
2
100
AcDbEntity
  8
AXIS
100
AcDbDimension
280
     0
  2
*D43
 10
-444436.8662775523
 20
-564406.1316797448
 30
0.0
 11
-442936.8662775522
 21
-563956.1316797448
 31
0.0
 71
     5
 42
3000.000000000117
 73
     0
 74
     0
 75
     0
  3
DIMN150
100
AcDbAlignedDimension
 13
-441436.8662775522
 23
-565801.2830999478
 33
0.0
 14
-444436.8662775523
 24
-565801.2830999478
 34
0.0
100
AcDbRotatedDimension
1001
ACAD
1000
DSTYLE
1002
{
1070
   178
1070
     7
1002
}
  0
LINE
  5
9F
330
2
100
AcDbEntity
  8
WALL
  6
Continuous
100
AcDbLine
 10
-442136.8662775498
 20
-578293.6975195255
 30
0.0
 11
-437636.8661438295
 21
-578293.6975195259
 31
0.0
  0
TEXT
  5
A0
330
2
100
AcDbEntity
  8
PUB_TEXT
 62
     3
100
AcDbText
 10
-442306.8216213607
 20
-579192.3485943907
 30
0.0
 40
450.0
  1
餐厅
 41
0.8
  7
HZTXT1
100
AcDbText
  0
LINE
  5
A5
330
2
100
AcDbEntity
  8
WALL
  6
Continuous
100
AcDbLine
 10
-440136.8661438346
 20
-578493.6975195257
 30
0.0
 11
-442136.8662775498
 21
-578493.6975195257
 31
0.0
  0
LINE
  5
A6
330
2
100
AcDbEntity
  8
WALL
100
AcDbLine
 10
-442036.8662775477
 20
-585693.9281943429
 30
0.0
 11
-441336.8662775479
 21
-585693.9281943425
 31
0.0
  0
LINE
  5
A7
330
2
100
AcDbEntity
  8
WALL
100
AcDbLine
 10
-442036.8662775477
 20
-585493.9281943429
 30
0.0
 11
-441536.8662775478
 21
-585493.9281943425
 31
0.0
  0
LINE
  5
A8
330
2
100
AcDbEntity
  8
DOTE1
100
AcDbLine
 10
-441436.8662775522
 20
-585593.9281943443
 30
0.0
 11
-445036.8662775522
 21
-585593.9281943435
 31
0.0
  0
INSERT
  5
AD
330
2
100
AcDbEntity
  8
F
  6
Continuous
100
AcDbBlockReference
  2
A$C21A822AE
 10
443839.0248294178
 20
-581555.9947883887
 30
0.0
 41
-1.0
 43
-1.0
 50
90.0
210
0.0
220
0.0
230
-1.0
  0
DIMENSION
  5
107
330
2
100
AcDbEntity
  8
AXIS
100
AcDbDimension
280
     0
  2
*D44
 10
-451636.8662775522
 20
-563606.1316797448
 30
0.0
 11
-435007.6400742246
 21
-563268.6316797451
 31
0.0
 70
   128
 71
     5
 42
34100.00026744639
 73
     0
 74
     0
 75
     0
  3
DIMN150
100
AcDbAlignedDimension
 13
-417536.8660101059
 23
-565401.2830999477
 33
0.0
 14
-451636.8662775522
 24
-565401.2830999477
 34
0.0
100
AcDbRotatedDimension
1001
ACAD
1000
DSTYLE
1002
{
1070
   178
1070
     7
1002
}
  0
DIMENSION
  5
115
330
2
100
AcDbEntity
  8
AXIS
100
AcDbDimension
280
     0
  2
*D45
 10
-417536.8660101059
 20
-600934.8191990929
 30
0.0
 11
-434536.8661438291
 21
-600484.8191990929
 31
0.0
 71
     5
 42
34000.00026744628
 73
     0
 74
     0
 75
     0
  3
DIMN150
100
AcDbAlignedDimension
 13
-451536.8662775522
 23
-599620.276716119
 33
0.0
 14
-417536.8660101059
 24
-599620.2767161189
 34
0.0
 50
180.0
100
AcDbRotatedDimension
1001
ACAD
1000
DSTYLE
1002
{
1070
   178
1070
     7
1002
}
  0
DIMENSION
  5
122
330
2
100
AcDbEntity
  8
AXIS
100
AcDbDimension
280
     0
  2
*D46
 10
-441436.8662775475
 20
-600134.8191990929
 30
0.0
 11
-443336.86627755
 21
-599684.8191990931
 31
0.0
 71
     5
 42
3800.000000004657
 73
     0
 74
     0
 75
     0
  3
DIMN150
100
AcDbAlignedDimension
 13
-445236.8662775523
 23
-599220.2767161191
 33
0.0
 14
-441436.8662775475
 24
-599220.2767161191
 34
0.0
 50
180.0
100
AcDbRotatedDimension
1001
ACAD
1000
DSTYLE
1002
{
1070
   178
1070
     7
1002
}
  0
DIMENSION
  5
12F
330
2
100
AcDbEntity
  8
AXIS
100
AcDbDimension
280
     0
  2
*D47
 10
-454059.4730954276
 20
-576493.6975195259
 30
0.0
 11
-454509.4730954275
 21
-575143.697519526
 31
0.0
 71
     5
 42
2700.0
 73
     0
 74
     0
 75
     0
  3
DIMN150
100
AcDbAlignedDimension
 13
-452859.4730954274
 23
-573793.6975195259
 33
0.0
 14
-452859.4730954274
 24
-576493.6975195259
 34
0.0
 50
90.0
100
AcDbRotatedDimension
1001
ACAD
1000
DSTYLE
1002
{
1070
   178
1070
     7
1002
}
  0
DIMENSION
  5
13C
330
2
100
AcDbEntity
  8
AXIS
100
AcDbDimension
280
     0
  2
*D48
 10
-454859.4730954277
 20
-597193.6976409557
 30
0.0
 11
-455309.4730954276
 21
-582743.6976853701
 31
0.0
 71
     5
 42
28899.99991117139
 73
     0
 74
     0
 75
     0
  3
DIMN150
100
AcDbAlignedDimension
 13
-453259.4730954275
 23
-568293.6977297843
 33
0.0
 14
-453259.4730954275
 24
-597193.6976409557
 34
0.0
 50
90.0
100
AcDbRotatedDimension
1001
ACAD
1000
DSTYLE
1002
{
1070
   178
1070
     7
1002
}
  0
DIMENSION
  5
149
330
2
100
AcDbEntity
  8
AXIS
100
AcDbDimension
280
     0
  2
*D49
 10
-454059.4730954276
 20
-597193.6976409557
 30
0.0
 11
-454509.4730954275
 21
-595393.6976055874
 31
0.0
 71
     5
 42
3600.000070736744
 73
     0
 74
     0
 75
     0
  3
DIMN150
100
AcDbAlignedDimension
 13
-452859.4730954274
 23
-593593.697570219
 33
0.0
 14
-452859.4730954274
 24
-597193.6976409557
 34
0.0
 50
90.0
100
AcDbRotatedDimension
1001
ACAD
1000
DSTYLE
1002
{
1070
   178
1070
     7
1002
}
  0
DIMENSION
  5
156
330
2
100
AcDbEntity
  8
AXIS
100
AcDbDimension
280
     0
  2
*D50
 10
-447936.8662775523
 20
-600134.8191990929
 30
0.0
 11
-449736.8662775523
 21
-599684.8191990931
 31
0.0
 71
     5
 42
3599.999999999884
 73
     0
 74
     0
 75
     0
  3
DIMN150
100
AcDbAlignedDimension
 13
-451536.8662775522
 23
-599220.2767161191
 33
0.0
 14
-447936.8662775523
 24
-599220.2767161191
 34
0.0
 50
180.0
100
AcDbRotatedDimension
1001
ACAD
1000
DSTYLE
1002
{
1070
   178
1070
     7
1002
}
  0
DIMENSION
  5
163
330
2
100
AcDbEntity
  8
AXIS
100
AcDbDimension
280
     0
  2
*D51
 10
-445236.8662775523
 20
-600134.8191990929
 30
0.0
 11
-446586.8662775522
 21
-599684.8191990931
 31
0.0
 71
     5
 42
2700.0
 73
     0
 74
     0
 75
     0
  3
DIMN150
100
AcDbAlignedDimension
 13
-447936.8662775523
 23
-599220.2767161191
 33
0.0
 14
-445236.8662775523
 24
-599220.2767161191
 34
0.0
 50
180.0
100
AcDbRotatedDimension
1001
ACAD
1000
DSTYLE
1002
{
1070
   178
1070
     7
1002
}
  0
LINE
  5
170
330
2
100
AcDbEntity
  8
DOTE1
100
AcDbLine
 10
-445036.8662775515
 20
-581993.9281943419
 30
0.0
 11
-445036.8662775522
 21
-586793.9281943431
 31
0.0
  0
DIMENSION
  5
171
330
2
100
AcDbEntity
  8
AXIS
100
AcDbDimension
280
     0
  2
*D52
 10
-454059.4730954276
 20
-587093.6975702193
 30
0.0
 11
-454509.4730954275
 21
-586343.8128822809
 31
0.0
 71
     5
 42
1499.769375876873
 73
     0
 74
     0
 75
     0
  3
DIMN150
100
AcDbAlignedDimension
 13
-452859.4730954274
 23
-585593.9281943424
 33
0.0
 14
-452859.4730954274
 24
-587093.6975702193
 34
0.0
 50
90.0
100
AcDbRotatedDimension
1001
ACAD
1000
DSTYLE
1002
{
1070
   178
1070
     7
1002
}
  0
LINE
  5
180
330
2
100
AcDbEntity
  8
DOTE1
100
AcDbLine
 10
-447836.8662775515
 20
-581993.9281943419
 30
0.0
 11
-447836.8662775522
 21
-586793.9281943431
 31
0.0
  0
DIMENSION
  5
181
330
2
100
AcDbEntity
  8
AXIS
100
AcDbDimension
280
     0
  2
*D53
 10
-454059.4730954276
 20
-593593.697570219
 30
0.0
 11
-454509.4730954275
 21
-592643.6975702189
 31
0.0
 71
     5
 42
1900.000000000116
 73
     0
 74
     0
 75
     0
  3
DIMN150
100
AcDbAlignedDimension
 13
-452859.4730954274
 23
-591693.6975702189
 33
0.0
 14
-452859.4730954274
 24
-593593.697570219
 34
0.0
 50
90.0
100
AcDbRotatedDimension
1001
ACAD
1000
DSTYLE
1002
{
1070
   178
1070
     7
1002
}
  0
DIMENSION
  5
18E
330
2
100
AcDbEntity
  8
AXIS
100
AcDbDimension
280
     0
  2
*D54
 10
-454059.4730954276
 20
-591693.6975702189
 30
0.0
 11
-454509.4730954275
 21
-590343.697570219
 31
0.0
 71
     5
 42
2699.999999999884
 73
     0
 74
     0
 75
     0
  3
DIMN150
100
AcDbAlignedDimension
 13
-452859.4730954274
 23
-588993.6975702189
 33
0.0
 14
-452859.4730954274
 24
-591693.6975702189
 34
0.0
 50
90.0
100
AcDbRotatedDimension
1001
ACAD
1000
DSTYLE
1002
{
1070
   178
1070
     7
1002
}
  0
DIMENSION
  5
19B
330
2
100
AcDbEntity
  8
AXIS
100
AcDbDimension
280
     0
  2
*D55
 10
-454059.4730954276
 20
-588993.6975702189
 30
0.0
 11
-454509.4730954275
 21
-588043.6975702192
 31
0.0
 71
     5
 42
1899.999999999651
 73
     0
 74
     0
 75
     0
  3
DIMN150
100
AcDbAlignedDimension
 13
-452859.4730954274
 23
-587093.6975702193
 33
0.0
 14
-452859.4730954274
 24
-588993.6975702189
 34
0.0
 50
90.0
100
AcDbRotatedDimension
1001
ACAD
1000
DSTYLE
1002
{
1070
   178
1070
     7
1002
}
  0
LINE
  5
1A8
330
2
100
AcDbEntity
  8
WALL
100
AcDbLine
 10
-448936.8662775539
 20
-577093.6975195251
 30
0.0
 11
-448436.8662775514
 21
-577093.6975195251
 31
0.0
  0
TEXT
  5
1A9
330
2
100
AcDbEntity
  8
PUB_TEXT
 62
     3
100
AcDbText
 10
-449146.5581204481
 20
-577488.0539914862
 30
0.0
 40
450.0
  1
卧室
 41
0.8
  7
HZTXT1
100
AcDbText
  0
LINE
  5
1AA
330
2
100
AcDbEntity
  8
WALL
100
AcDbLine
 10
-448936.8662775539
 20
-576893.6975195252
 30
0.0
 11
-448236.8662775515
 21
-576893.6975195252
 31
0.0
  0
LINE
  5
1AB
330
2
100
AcDbEntity
  8
DOTE1
100
AcDbLine
 10
-448336.8662775521
 20
-576993.6975195268
 30
0.0
 11
-451336.8662775523
 21
-576993.697519526
 31
0.0
  0
INSERT
  5
1AC
330
2
100
AcDbEntity
  8
WINDOW
100
AcDbBlockReference
 66
     1
  2
_DBLK
 10
-448936.8662775478
 20
-580843.9281943424
 30
0.0
 41
900.0
 42
900.0
 43
900.0
 50
180.0
1001
WTHICK
1040
100.0000000000073
  0
ATTRIB
  5
1BC
330
1AC
100
AcDbEntity
  8
WINDOW_TEXT
100
AcDbText
 10
-448936.8662775478
 20
-581193.9281943423
 30
0.0
 40
300.0
  1

 41
0.8
  7
SIMPLEX
 72
     4
 11
-448936.8662775478
 21
-581193.9281943423
 31
0.0
100
AcDbAttribute
280
     0
  2
A
 70
     9
280
     0
  0
SEQEND
  5
1BD
330
1AC
100
AcDbEntity
  8
WINDOW
  0
INSERT
  5
1BF
330
2
100
AcDbEntity
  8
WINDOW
100
AcDbBlockReference
 66
     1
  2
_DBLK
 10
-448486.8662775514
 20
-581943.9281943418
 30
0.0
 41
900.0
 42
-900.0
 43
900.0
 50
180.0
1001
WTHICK
1040
100.0
  0
ATTRIB
  5
1C0
330
1BF
100
AcDbEntity
  8
WINDOW_TEXT
100
AcDbText
 10
-448486.8662775514
 20
-582293.9281943419
 30
0.0
 40
300.0
  1

 41
0.8
  7
SIMPLEX
 72
     4
 11
-448486.8662775514
 21
-582293.9281943419
 31
0.0
100
AcDbAttribute
280
     0
  2
A
 70
     9
280
     0
  0
SEQEND
  5
1C1
330
1BF
100
AcDbEntity
  8
WINDOW
  0
INSERT
  5
1C2
330
2
100
AcDbEntity
  8
WINDOW
100
AcDbBlockReference
 66
     1
  2
_WBLK
 10
-449636.8662775479
 20
-585593.9281943419
 30
0.0
 41
-1800.0
 42
200.0
 43
1800.0
 50
180.0
1001
WTHICK
1040
200.0000000000146
  0
ATTRIB
  5
1CD
330
1C2
100
AcDbEntity
  8
WINDOW_TEXT
100
AcDbText
 10
-449636.8662775479
 20
-585993.9281943418
 30
0.0
 40
300.0
  1

 41
0.8
  7
SIMPLEX
 72
     4
 11
-449636.8662775479
 21
-585993.9281943418
 31
0.0
100
AcDbAttribute
280
     0
  2
A
 70
     9
280
     0
  0
SEQEND
  5
1CE
330
1C2
100
AcDbEntity
  8
WINDOW
  0
TEXT
  5
1CF
330
2
100
AcDbEntity
  8
PUB_TEXT
 62
     3
100
AcDbText
 10
-449017.1287575566
 20
-585498.4656056558
 30
0.0
 40
450.0
  1
主卧室
 41
0.8
  7
HZTXT1
100
AcDbText
  0
LINE
  5
1D0
330
2
100
AcDbEntity
  8
DOTE1
100
AcDbLine
 10
-447836.8662775522
 20
-585593.9281943435
 30
0.0
 11
-451336.8662775523
 21
-585593.9281943427
 31
0.0
  0
LINE
  5
1D1
330
2
100
AcDbEntity
  8
DOTE1
100
AcDbLine
 10
-443836.8662775522
 20
-580793.9281943438
 30
0.0
 11
-449536.8662775522
 21
-580793.9281943429
 31
0.0
  0
LINE
  5
1D2
330
2
100
AcDbEntity
  8
DOTE1
100
AcDbLine
 10
-445036.8662775522
 20
-581993.9281943437
 30
0.0
 11
-451336.8662775523
 21
-581993.9281943428
 31
0.0
  0
LINE
  5
1D3
330
2
100
AcDbEntity
  8
WALL
100
AcDbLine
 10
-449536.86627755
 20
-581893.9281943418
 30
0.0
 11
-449536.8662775515
 21
-580193.9281943416
 31
0.0
  0
LINE
  5
1D4
330
2
100
AcDbEntity
  8
DOTE1
100
AcDbLine
 10
-449536.8662775522
 20
-580193.9281943429
 30
0.0
 11
-449536.8662775522
 21
-581993.928194343
 31
0.0
  0
LINE
  5
1D5
330
2
100
AcDbEntity
  8
WALL
100
AcDbLine
 10
-449436.86627755
 20
-581893.9281943418
 30
0.0
 11
-449436.8662775509
 21
-580893.9281943421
 31
0.0
  0
DIMENSION
  5
1D6
330
2
100
AcDbEntity
  8
AXIS
100
AcDbDimension
280
     0
  2
*D56
 10
-454059.4730954276
 20
-581993.9281943424
 30
0.0
 11
-454509.4730954275
 21
-581093.9281943423
 31
0.0
 71
     5
 42
1800.000000000466
 73
     0
 74
     0
 75
     0
  3
DIMN150
100
AcDbAlignedDimension
 13
-452859.473095428
 23
-580193.9281943418
 33
0.0
 14
-452859.473095428
 24
-581993.9281943424
 34
0.0
 50
90.0
100
AcDbRotatedDimension
1001
ACAD
1000
DSTYLE
1002
{
1070
   178
1070
     7
1002
}
  0
INSERT
  5
1E3
330
2
100
AcDbEntity
  8
WINDOW
100
AcDbBlockReference
 66
     1
  2
_WBLK
 10
-451336.8662775523
 20
-581043.9281943424
 30
0.0
 41
-900.0
 42
200.0
 43
900.0
 50
90.0
1001
WTHICK
1040
200.0
  0
ATTRIB
  5
1E4
330
1E3
100
AcDbEntity
  8
WINDOW_TEXT
100
AcDbText
 10
-451736.8662775524
 20
-581043.9281943425
 30
0.0
 40
300.0
  1

 50
90.0
 41
0.8
  7
SIMPLEX
 72
     4
 11
-451736.8662775524
 21
-581043.9281943425
 31
0.0
100
AcDbAttribute
280
     0
  2
A
 70
     9
280
     0
  0
SEQEND
  5
1E5
330
1E3
100
AcDbEntity
  8
WINDOW
  0
INSERT
  5
1E6
330
2
100
AcDbEntity
  8
WALL
  6
Continuous
100
AcDbBlockReference
  2
A$C2EE22F3D
 10
-450336.8664188029
 20
-580193.9280242541
 30
0.0
 41
-1.0
 50
90.0
  0
LINE
  5
1F9
330
2
100
AcDbEntity
  8
DOTE1
100
AcDbLine
 10
-451336.8662775523
 20
-576993.697519526
 30
0.0
 11
-451336.8662775523
 21
-585593.9281943427
 31
0.0
  0
DIMENSION
  5
1FA
330
2
100
AcDbEntity
  8
AXIS
100
AcDbDimension
280
     0
  2
*D57
 10
-454059.4730954276
 20
-585593.9281943424
 30
0.0
 11
-454509.4730954275
 21
-583793.9281943426
 31
0.0
 71
     5
 42
3600.0
 73
     0
 74
     0
 75
     0
  3
DIMN150
100
AcDbAlignedDimension
 13
-452859.4730954278
 23
-581993.9281943424
 33
0.0
 14
-452859.473095428
 24
-585593.9281943424
 34
0.0
 50
90.0
100
AcDbRotatedDimension
1001
ACAD
1000
DSTYLE
1002
{
1070
   178
1070
     7
1002
}
  0
INSERT
  5
207
330
2
100
AcDbEntity
  8
F
  6
Continuous
100
AcDbBlockReference
  2
A$C19441411
 10
-451237.4536101589
 20
-585493.9283226562
 30
0.0
  0
LINE
  5
247
330
2
100
AcDbEntity
  8
WALL
100
AcDbLine
 10
-451236.8662775479
 20
-585493.9281943419
 30
0.0
 11
-451236.8662775515
 21
-581993.9281943419
 31
0.0
  0
LINE
  5
248
330
2
100
AcDbEntity
  8
WALL
100
AcDbLine
 10
-451436.8662775478
 20
-585693.9281943421
 30
0.0
 11
-451436.8662775519
 21
-581493.9281943424
 31
0.0
  0
LINE
  5
249
330
2
100
AcDbEntity
  8
WALL
100
AcDbLine
 10
-451236.8662775479
 20
-585493.9281943419
 30
0.0
 11
-450536.8662775476
 21
-585493.9281943419
 31
0.0
  0
LINE
  5
24A
330
2
100
AcDbEntity
  8
WALL
100
AcDbLine
 10
-451436.8662775478
 20
-585693.9281943421
 30
0.0
 11
-450536.8662775476
 21
-585693.9281943421
 31
0.0
  0
LINE
  5
24B
330
2
100
AcDbEntity
  8
WALL
100
AcDbLine
 10
-450536.8662775476
 20
-585493.9281943419
 30
0.0
 11
-450536.8662775476
 21
-585693.9281943421
 31
0.0
  0
LINE
  5
24C
330
2
100
AcDbEntity
  8
F
100
AcDbLine
 10
-450626.3103670735
 20
-582590.8426200806
 30
0.0
 11
-450689.1977744795
 21
-582976.5508669964
 31
0.0
  0
LINE
  5
24D
330
2
100
AcDbEntity
  8
WALL
100
AcDbLine
 10
-451236.8662775517
 20
-581893.9281943421
 30
0.0
 11
-450486.8662775522
 21
-581893.9281943421
 31
0.0
  0
LINE
  5
24E
330
2
100
AcDbEntity
  8
WALL
100
AcDbLine
 10
-451236.8662775515
 20
-581993.9281943419
 30
0.0
 11
-450486.8662775522
 21
-581993.9281943419
 31
0.0
  0
INSERT
  5
24F
330
2
100
AcDbEntity
  8
LVTRY
100
AcDbBlockReference
 66
     1
  2
_E0YYN
 10
-451236.8662775595
 20
-581537.0662890217
 30
0.0
 50
179.9999999966649
  0
ATTRIB
  5
263
330
24F
100
AcDbEntity
  8
0
100
AcDbText
 10
-451237.8948489881
 20
-581537.5662890215
 30
0.0
 40
0.5
  1
500
 50
359.9999999966649
 41
0.8
  7
DIM_FONT
100
AcDbAttribute
280
     0
  2
XSIZE
 70
     9
280
     0
  0
ATTRIB
  5
264
330
24F
100
AcDbEntity
  8
0
100
AcDbText
 10
-451237.8948489881
 20
-581537.5662890215
 30
0.0
 40
0.5
  1
500
 50
359.9999999966649
 41
0.8
  7
DIM_FONT
100
AcDbAttribute
280
     0
  2
YSIZE
 70
     9
280
     0
  0
SEQEND
  5
265
330
24F
100
AcDbEntity
  8
WUDING坡度
  0
LINE
  5
269
330
2
100
AcDbEntity
  8
F
100
AcDbLine
 10
-449436.8662775491
 20
-582467.7029811932
 30
0.0
 11
-451236.8662775315
 21
-582467.7029811943
 31
0.0
  0
LINE
  5
26A
330
2
100
AcDbEntity
  8
F
100
AcDbLine
 10
-449466.8662775493
 20
-582497.7029811936
 30
0.0
 11
-451236.8662775315
 21
-582497.702981194
 31
0.0
  0
LINE
  5
26B
330
2
100
AcDbEntity
  8
F
100
AcDbLine
 10
-449466.8662775493
 20
-583048.4980547893
 30
0.0
 11
-451236.8662775315
 21
-583048.4980547887
 31
0.0
  0
LINE
  5
26C
330
2
100
AcDbEntity
  8
F
100
AcDbLine
 10
-449436.8662775491
 20
-583078.4980547895
 30
0.0
 11
-451236.8662775315
 21
-583078.4980547885
 31
0.0
  0
LINE
  5
26D
330
2
100
AcDbEntity
  8
F
100
AcDbLine
 10
-449466.8662775493
 20
-582773.1005179915
 30
0.0
 11
-451236.8662775315
 21
-582773.1005179902
 31
0.0
  0
LINE
  5
26E
330
2
100
AcDbEntity
  8
F
100
AcDbLine
 10
-450769.2750316503
 20
-582590.8426200806
 30
0.0
 11
-450832.1624390561
 21
-582976.5508669964
 31
0.0
  0
LINE
  5
26F
330
2
100
AcDbEntity
  8
F
100
AcDbLine
 10
-450881.2847499664
 20
-582590.8426200806
 30
0.0
 11
-450947.8087603693
 21
-582976.5508669962
 31
0.0
  0
LINE
  5
270
330
2
100
AcDbEntity
  8
F
100
AcDbLine
 10
-451026.7729942256
 20
-582976.5508669964
 30
0.0
 11
-451055.3731592877
 21
-582590.8426200806
 31
0.0
  0
LINE
  5
271
330
2
100
AcDbEntity
  8
WALL
100
AcDbLine
 10
-451236.8662775517
 20
-581893.9281943421
 30
0.0
 11
-451236.8662775521
 21
-581493.9281943424
 31
0.0
  0
LINE
  5
272
330
2
100
AcDbEntity
  8
WALL
100
AcDbLine
 10
-451236.8662775521
 20
-581493.9281943424
 30
0.0
 11
-451436.8662775519
 21
-581493.9281943424
 31
0.0
  0
LINE
  5
273
330
2
100
AcDbEntity
  8
F
100
AcDbLine
 10
-450485.115011094
 20
-582590.8426200806
 30
0.0
 11
-450451.6390214971
 21
-582976.5508669962
 31
0.0
  0
LINE
  5
274
330
2
100
AcDbEntity
  8
F
100
AcDbLine
 10
-450312.1768605986
 20
-582976.5508669964
 30
0.0
 11
-450340.7770256607
 21
-582590.8426200806
 31
0.0
  0
LINE
  5
275
330
2
100
AcDbEntity
  8
F
100
AcDbLine
 10
-450462.3727571696
 20
-582976.5508669962
 30
0.0
 11
-450467.4033100612
 21
-582590.8426200806
 31
0.0
  0
LINE
  5
276
330
2
100
AcDbEntity
  8
F
100
AcDbLine
 10
-450373.1052927781
 20
-582590.8426200806
 30
0.0
 11
-450435.9927001837
 21
-582976.5508669964
 31
0.0
  0
LINE
  5
277
330
2
100
AcDbEntity
  8
F
100
AcDbLine
 10
-449436.8662775491
 20
-583078.4980547893
 30
0.0
 11
-449436.8662775491
 21
-582478.4980547892
 31
0.0
  0
LINE
  5
278
330
2
100
AcDbEntity
  8
F
100
AcDbLine
 10
-449466.8662775493
 20
-583078.4980547893
 30
0.0
 11
-449466.8662775495
 21
-582478.4980547892
 31
0.0
  0
LINE
  5
279
330
2
100
AcDbEntity
  8
F
100
AcDbLine
 10
-449861.6369714135
 20
-582976.5508669964
 30
0.0
 11
-449890.2371364756
 21
-582590.8426200806
 31
0.0
  0
LINE
  5
27A
330
2
100
AcDbEntity
  8
F
100
AcDbLine
 10
-449726.3042566427
 20
-582590.8426200806
 30
0.0
 11
-449789.1916640482
 21
-582976.5508669964
 31
0.0
  0
LINE
  5
27B
330
2
100
AcDbEntity
  8
F
100
AcDbLine
 10
-450108.9253307053
 20
-582976.5508669964
 30
0.0
 11
-450137.5254957673
 21
-582590.8426200806
 31
0.0
  0
LINE
  5
27C
330
2
100
AcDbEntity
  8
F
100
AcDbLine
 10
-449980.3686690091
 20
-582590.8426200806
 30
0.0
 11
-450043.2560764148
 21
-582976.5508669964
 31
0.0
  0
LINE
  5
27D
330
2
100
AcDbEntity
  8
F
100
AcDbLine
 10
-450190.3932457422
 20
-582590.8426200806
 30
0.0
 11
-450253.2806531482
 21
-582976.5508669964
 31
0.0
  0
LINE
  5
27E
330
2
100
AcDbEntity
  8
WALL
100
AcDbLine
 10
-449686.8662775522
 20
-581893.9281943418
 30
0.0
 11
-449536.8662775522
 21
-581893.9281943418
 31
0.0
  0
LINE
  5
27F
330
2
100
AcDbEntity
  8
WALL
100
AcDbLine
 10
-449686.8662775522
 20
-581993.9281943419
 30
0.0
 11
-448936.8662775515
 21
-581993.9281943419
 31
0.0
  0
LINE
  5
280
330
2
100
AcDbEntity
  8
WALL
100
AcDbLine
 10
-449686.8662775522
 20
-581893.9281943418
 30
0.0
 11
-449686.8662775522
 21
-581993.9281943419
 31
0.0
  0
LINE
  5
281
330
2
100
AcDbEntity
  8
WALL
100
AcDbLine
 10
-449436.86627755
 20
-581893.9281943418
 30
0.0
 11
-448936.8662775515
 21
-581893.9281943418
 31
0.0
  0
LINE
  5
282
330
2
100
AcDbEntity
  8
WALL
100
AcDbLine
 10
-448936.8662775515
 20
-581993.9281943419
 30
0.0
 11
-448936.8662775515
 21
-581893.9281943418
 31
0.0
  0
LINE
  5
283
330
2
100
AcDbEntity
  8
F
100
AcDbLine
 10
-450530.6032553533
 20
-582976.5508669964
 30
0.0
 11
-450559.2034204155
 21
-582590.8426200806
 31
0.0
  0
LINE
  5
284
330
2
100
AcDbEntity
  8
WALL
100
AcDbLine
 10
-450486.8662775522
 20
-581893.9281943421
 30
0.0
 11
-450486.8662775522
 21
-581993.9281943419
 31
0.0
  0
INSERT
  5
285
330
2
100
AcDbEntity
  8
WINDOW
100
AcDbBlockReference
 66
     1
  2
_DBLK
 10
-450086.8662775522
 20
-581943.928194342
 30
0.0
 41
800.0
 42
800.0
 43
800.0
 50
180.0
1001
WTHICK
1040
100.0
  0
ATTRIB
  5
286
330
285
100
AcDbEntity
  8
WINDOW_TEXT
100
AcDbText
 10
-450086.8662775522
 20
-582293.9281943419
 30
0.0
 40
300.0
  1

 41
0.8
  7
SIMPLEX
 72
     4
 11
-450086.8662775522
 21
-582293.9281943419
 31
0.0
100
AcDbAttribute
280
     0
  2
A
 70
     9
280
     0
  0
SEQEND
  5
287
330
285
100
AcDbEntity
  8
WINDOW
  0
DIMENSION
  5
288
330
2
100
AcDbEntity
  8
AXIS
100
AcDbDimension
280
     0
  2
*D58
 10
-454059.4730954276
 20
-580193.9281943418
 30
0.0
 11
-454509.4730954275
 21
-578543.8128569341
 31
0.0
 71
     5
 42
3300.230674816063
 73
     0
 74
     0
 75
     0
  3
DIMN150
100
AcDbAlignedDimension
 13
-452859.4730954274
 23
-576893.6975195259
 33
0.0
 14
-452859.473095428
 24
-580193.9281943418
 34
0.0
 50
90.0
100
AcDbRotatedDimension
1001
ACAD
1000
DSTYLE
1002
{
1070
   178
1070
     7
1002
}
  0
DIMENSION
  5
295
330
2
100
AcDbEntity
  8
AXIS
100
AcDbDimension
280
     0
  2
*D59
 10
-454059.4730954276
 20
-576493.6975195259
 30
0.0
 11
-454509.4730954275
 21
-576693.697519526
 31
0.0
 71
     5
 42
400.0
 73
     0
 74
     0
 75
     0
  3
DIMN150
100
AcDbAlignedDimension
 13
-452859.4730954274
 23
-576893.6975195259
 33
0.0
 14
-452859.4730954278
 24
-576493.6975195259
 34
0.0
 50
90.0
100
AcDbRotatedDimension
1001
ACAD
1000
DSTYLE
1002
{
1070
   178
1070
     7
1002
}
  0
LINE
  5
2A4
330
2
100
AcDbEntity
  8
WALL
100
AcDbLine
 10
-451436.8662775529
 20
-580593.9281943424
 30
0.0
 11
-451436.8662775566
 21
-576893.6975195255
 31
0.0
  0
LINE
  5
2A5
330
2
100
AcDbEntity
  8
WALL
100
AcDbLine
 10
-451236.8662775535
 20
-580093.9281943421
 30
0.0
 11
-451236.8662775563
 21
-577093.6975195255
 31
0.0
  0
INSERT
  5
2A6
330
2
100
AcDbEntity
  8
F
  6
Continuous
100
AcDbBlockReference
  2
A$C19441411
 10
-451237.4536101799
 20
-579409.3585119698
 30
0.0
  0
LINE
  5
2A7
330
2
100
AcDbEntity
  8
WALL
100
AcDbLine
 10
-451236.8662775535
 20
-580093.9281943421
 30
0.0
 11
-449436.8662775517
 21
-580093.9281943418
 31
0.0
  0
LINE
  5
2A8
330
2
100
AcDbEntity
  8
WALL
100
AcDbLine
 10
-451236.8662775535
 20
-580193.9281943418
 30
0.0
 11
-449536.8662775515
 21
-580193.9281943416
 31
0.0
  0
LINE
  5
2A9
330
2
100
AcDbEntity
  8
DOTE1
100
AcDbLine
 10
-449536.8662775522
 20
-580193.9281943429
 30
0.0
 11
-451336.866277552
 21
-580193.9281943425
 31
0.0
  0
INSERT
  5
2AA
330
2
100
AcDbEntity
  8
F
  6
Continuous
100
AcDbBlockReference
  2
A$C3FB71EF3
 10
-451236.8663949511
 20
-580093.9281928023
 30
0.0
  0
LINE
  5
2C4
330
2
100
AcDbEntity
  8
WALL
100
AcDbLine
 10
-451236.8662775529
 20
-580593.9281943421
 30
0.0
 11
-451236.8662775535
 21
-580193.9281943425
 31
0.0
  0
LINE
  5
2C5
330
2
100
AcDbEntity
  8
WALL
100
AcDbLine
 10
-451236.8662775529
 20
-580593.9281943421
 30
0.0
 11
-451436.8662775529
 21
-580593.9281943424
 31
0.0
  0
LINE
  5
2C6
330
2
100
AcDbEntity
  8
LVTRY
  6
Continuous
100
AcDbLine
 10
-449536.8662775542
 20
-580793.9281943419
 30
0.0
 11
-450336.8662775531
 21
-580793.9281943419
 31
0.0
  0
INSERT
  5
2C7
330
2
100
AcDbEntity
  8
LVTRY
  6
Continuous
100
AcDbBlockReference
  2
A$C14555FE0
 10
-450297.0631487642
 20
-580664.1092539397
 30
0.0000000000004547
 41
-1.0
 50
270.0
  0
LINE
  5
2D4
330
2
100
AcDbEntity
  8
WALL
100
AcDbLine
 10
-449436.8662775509
 20
-580793.9281943423
 30
0.0
 11
-449436.8662775517
 21
-580093.9281943418
 31
0.0
  0
LINE
  5
2D5
330
2
100
AcDbEntity
  8
WALL
100
AcDbLine
 10
-449436.8662775509
 20
-580793.9281943423
 30
0.0
 11
-449386.8662775478
 21
-580793.9281943423
 31
0.0
  0
LINE
  5
2D6
330
2
100
AcDbEntity
  8
WALL
100
AcDbLine
 10
-449436.8662775515
 20
-580893.9281943421
 30
0.0
 11
-449386.8662775478
 21
-580893.9281943421
 31
0.0
  0
LINE
  5
2D7
330
2
100
AcDbEntity
  8
WALL
100
AcDbLine
 10
-449386.8662775478
 20
-580793.9281943423
 30
0.0
 11
-449386.8662775478
 21
-580893.9281943421
 31
0.0
  0
INSERT
  5
2D8
330
2
100
AcDbEntity
  8
WINDOW
100
AcDbBlockReference
 66
     1
  2
_WBLK
 10
-449836.8662775541
 20
-576993.6975195252
 30
0.0
 41
-1800.0
 42
200.0
 43
1800.0
1001
WTHICK
1040
200.0
  0
ATTRIB
  5
2D9
330
2D8
100
AcDbEntity
  8
WINDOW_TEXT
100
AcDbText
 10
-449836.8662775541
 20
-576593.6975195252
 30
0.0
 40
300.0
  1

 41
0.8
  7
SIMPLEX
 72
     4
 11
-449836.8662775541
 21
-576593.6975195252
 31
0.0
100
AcDbAttribute
280
     0
  2
A
 70
     9
280
     0
  0
SEQEND
  5
2DA
330
2D8
100
AcDbEntity
  8
WINDOW
  0
LINE
  5
2DB
330
2
100
AcDbEntity
  8
WALL
100
AcDbLine
 10
-451236.8662775563
 20
-577093.6975195255
 30
0.0
 11
-450736.8662775537
 21
-577093.6975195251
 31
0.0
  0
LINE
  5
2DC
330
2
100
AcDbEntity
  8
WALL
100
AcDbLine
 10
-451436.8662775566
 20
-576893.6975195255
 30
0.0
 11
-450736.8662775537
 21
-576893.6975195252
 31
0.0
  0
LINE
  5
2DD
330
2
100
AcDbEntity
  8
WALL
100
AcDbLine
 10
-450736.8662775537
 20
-577093.6975195251
 30
0.0
 11
-450736.8662775537
 21
-576893.6975195252
 31
0.0
  0
LINE
  5
2DE
330
2
100
AcDbEntity
  8
WALL
100
AcDbLine
 10
-448936.8662775539
 20
-577093.6975195251
 30
0.0
 11
-448936.8662775539
 21
-576893.6975195252
 31
0.0
  0
LINE
  5
2DF
330
2
100
AcDbEntity
  8
WINDOW
100
AcDbLine
 10
-447736.8662775517
 20
-582093.9281943418
 30
0.0
 11
-445136.8662775486
 21
-582093.9281943418
 31
0.0
  0
LINE
  5
2E0
330
2
100
AcDbEntity
  8
WINDOW
100
AcDbLine
 10
-447736.8662775517
 20
-582023.9281943418
 30
0.0
 11
-445066.8662775487
 21
-582023.9281943418
 31
0.0
  0
LINE
  5
2E1
330
2
100
AcDbEntity
  8
WINDOW
100
AcDbLine
 10
-447736.8662775517
 20
-581963.9281943419
 30
0.0
 11
-445006.8662775481
 21
-581963.9281943419
 31
0.0
  0
LINE
  5
2E2
330
2
100
AcDbEntity
  8
WINDOW
100
AcDbLine
 10
-447736.8662775517
 20
-581893.9281943418
 30
0.0
 11
-444936.8662775483
 21
-581893.9281943418
 31
0.0
  0
LINE
  5
2E3
330
2
100
AcDbEntity
  8
WALL
100
AcDbLine
 10
-447736.8662775481
 20
-585693.9281943418
 30
0.0
 11
-447736.8662775517
 21
-581893.9281943418
 31
0.0
  0
LINE
  5
2E4
330
2
100
AcDbEntity
  8
WALL
100
AcDbLine
 10
-447936.8662775478
 20
-585493.9281943416
 30
0.0
 11
-447936.8662775515
 21
-581993.9281943419
 31
0.0
  0
LWPOLYLINE
  5
2E5
330
2
100
AcDbEntity
  8
F
  6
Continuous
100
AcDbPolyline
 90
        4
 70
     1
 43
0.0
 10
-447936.86627755
 20
-583387.3843455219
 10
-448536.8662775498
 20
-583387.3843455219
 10
-448536.8662775496
 20
-585014.2988429535
 10
-447936.86627755
 20
-585014.2988429535
  0
TEXT
  5
2E6
330
2
100
AcDbEntity
  8
PUB_TEXT
 62
     3
100
AcDbText
 10
-446738.4707508286
 20
-583645.2348671345
 30
0.0
 40
450.0
  1
空中花园
 41
0.8
  7
HZTXT1
100
AcDbText
  0
LINE
  5
2E7
330
2
100
AcDbEntity
  8
WALL
100
AcDbLine
 10
-448736.8662775478
 20
-585493.9281943416
 30
0.0
 11
-448736.8662775478
 21
-585693.9281943418
 31
0.0
  0
LINE
  5
2E8
330
2
100
AcDbEntity
  8
WALL
100
AcDbLine
 10
-448736.8662775478
 20
-585693.9281943418
 30
0.0
 11
-447736.8662775481
 21
-585693.9281943418
 31
0.0
  0
LINE
  5
2E9
330
2
100
AcDbEntity
  8
WALL
100
AcDbLine
 10
-448736.8662775478
 20
-585493.9281943416
 30
0.0
 11
-447936.8662775478
 21
-585493.9281943416
 31
0.0
  0
INSERT
  5
2EA
330
2
100
AcDbEntity
  8
F
  6
Continuous
100
AcDbBlockReference
 66
     1
  2
M_C4
 10
-448239.420994417
 20
-584569.8295323958
 30
0.0
 41
-1.648349999974015
 42
0.6906099999905564
 50
270.0
  0
ATTRIB
  5
2FD
330
2EA
100
AcDbEntity
  8
0
100
AcDbText
 10
-448343.0124944169
 20
-584198.950782396
 30
0.0
 40
0.345305
  1
724
 50
270.0
 41
1.909442377029003
 71
     2
100
AcDbAttribute
280
     0
  2
YSIZE
 70
     9
280
     0
  0
ATTRIB
  5
2FE
330
2EA
100
AcDbEntity
  8
0
100
AcDbText
 10
-448343.0124944169
 20
-584198.950782396
 30
0.0
 40
0.345305
  1
546
 50
270.0
 41
1.909442377029003
 71
     2
100
AcDbAttribute
280
     0
  2
XSIZE
 70
     9
280
     0
  0
ATTRIB
  5
2FF
330
2EA
100
AcDbEntity
  8
0
100
AcDbText
 10
-448343.0124944169
 20
-584198.950782396
 30
0.0
 40
0.345305
  1
546
 50
270.0
 41
1.909442377029003
 71
     2
100
AcDbAttribute
280
     0
  2
XSIZE
 70
     9
280
     0
  0
ATTRIB
  5
300
330
2EA
100
AcDbEntity
  8
0
100
AcDbText
 10
-448343.0124944169
 20
-584198.950782396
 30
0.0
 40
0.345305
  1
724
 50
270.0
 41
1.909442377029003
 71
     2
100
AcDbAttribute
280
     0
  2
YSIZE
 70
     9
280
     0
  0
ATTRIB
  5
301
330
2EA
100
AcDbEntity
  8
0
100
AcDbText
 10
-448239.420994417
 20
-584569.8295323962
 30
0.0
 40
0.345305
  1
546
 50
270.0
 41
2.386802971286253
 71
     2
100
AcDbAttribute
280
     0
  2
XSIZE
 70
     9
280
     0
  0
ATTRIB
  5
302
330
2EA
100
AcDbEntity
  8
0
100
AcDbText
 10
-448239.420994417
 20
-584569.8295323962
 30
0.0
 40
0.345305
  1
724
 50
270.0
 41
2.386802971286253
 71
     2
100
AcDbAttribute
280
     0
  2
YSIZE
 70
     9
280
     0
  0
SEQEND
  5
303
330
2EA
100
AcDbEntity
  8
PUB_TITLE
 62
     9
  0
LINE
  5
307
330
2
100
AcDbEntity
  8
WALL
100
AcDbLine
 10
-448036.8662775515
 20
-581893.9281943418
 30
0.0
 11
-447736.8662775517
 21
-581893.9281943418
 31
0.0
  0
LINE
  5
308
330
2
100
AcDbEntity
  8
WALL
100
AcDbLine
 10
-448036.8662775515
 20
-581993.9281943419
 30
0.0
 11
-447936.8662775515
 21
-581993.9281943419
 31
0.0
  0
LINE
  5
309
330
2
100
AcDbEntity
  8
WALL
100
AcDbLine
 10
-448036.8662775515
 20
-581993.9281943419
 30
0.0
 11
-448036.8662775515
 21
-581893.9281943418
 31
0.0
  0
LINE
  5
30A
330
2
100
AcDbEntity
  8
WINDOW
100
AcDbLine
 10
-445136.8662775486
 20
-585093.9281943425
 30
0.0
 11
-445136.8662775486
 21
-582093.9281943418
 31
0.0
  0
LINE
  5
30B
330
2
100
AcDbEntity
  8
WINDOW
100
AcDbLine
 10
-445066.8662775487
 20
-585093.9281943425
 30
0.0
 11
-445066.8662775487
 21
-582023.9281943418
 31
0.0
  0
LINE
  5
30C
330
2
100
AcDbEntity
  8
WINDOW
100
AcDbLine
 10
-445006.8662775481
 20
-585093.9281943425
 30
0.0
 11
-445006.8662775481
 21
-581963.9281943419
 31
0.0
  0
LINE
  5
30D
330
2
100
AcDbEntity
  8
WINDOW
100
AcDbLine
 10
-444936.8662775483
 20
-585093.9281943425
 30
0.0
 11
-444936.8662775483
 21
-581893.9281943418
 31
0.0
  0
INSERT
  5
30E
330
2
100
AcDbEntity
  8
F
  6
Continuous
100
AcDbBlockReference
  2
A$C5DBE159F
 10
444936.8664203777
 20
-582143.9417526721
 30
0.0
 43
-1.0
 50
180.0221487498951
210
0.0
220
0.0
230
-1.0
  0
INSERT
  5
320
330
2
100
AcDbEntity
  8
F
  6
Continuous
100
AcDbBlockReference
  2
A$C7C9A6AE1
 10
444353.2530800253
 20
-583810.5508403615
 30
-0.000000000018304
 43
-1.0
 50
90.01863082205344
210
0.0
220
0.0
230
-1.0
  0
INSERT
  5
32D
330
2
100
AcDbEntity
  8
WINDOW
100
AcDbBlockReference
 66
     1
  2
_WBLK
 10
-443186.8662775477
 20
-585593.9281943429
 30
0.0
 41
-2700.0
 42
200.0
 43
2700.0
 50
180.0
1001
WTHICK
1040
199.9999999999926
  0
ATTRIB
  5
32E
330
32D
100
AcDbEntity
  8
WINDOW_TEXT
100
AcDbText
 10
-443186.8662775477
 20
-585993.9281943429
 30
0.0
 40
300.0
  1

 41
0.8
  7
SIMPLEX
 72
     4
 11
-443186.8662775477
 21
-585993.9281943429
 31
0.0
100
AcDbAttribute
280
     0
  2
A
 70
     9
280
     0
  0
SEQEND
  5
32F
330
32D
100
AcDbEntity
  8
WINDOW
  0
LINE
  5
330
330
2
100
AcDbEntity
  8
WALL
100
AcDbLine
 10
-444936.8662775479
 20
-585493.928194343
 30
0.0
 11
-444936.8662775483
 21
-585093.9281943425
 31
0.0
  0
LINE
  5
331
330
2
100
AcDbEntity
  8
WALL
100
AcDbLine
 10
-445136.8662775486
 20
-585093.9281943425
 30
0.0
 11
-444936.8662775483
 21
-585093.9281943425
 31
0.0
  0
LINE
  5
332
330
2
100
AcDbEntity
  8
WALL
100
AcDbLine
 10
-445136.8662775479
 20
-585693.9281943429
 30
0.0
 11
-445136.8662775486
 21
-585093.9281943425
 31
0.0
  0
LINE
  5
333
330
2
100
AcDbEntity
  8
WALL
100
AcDbLine
 10
-444936.8662775479
 20
-585493.928194343
 30
0.0
 11
-444536.8662775479
 21
-585493.928194343
 31
0.0
  0
LINE
  5
334
330
2
100
AcDbEntity
  8
WALL
100
AcDbLine
 10
-445136.8662775479
 20
-585693.9281943429
 30
0.0
 11
-444536.8662775479
 21
-585693.9281943429
 31
0.0
  0
LINE
  5
335
330
2
100
AcDbEntity
  8
WALL
100
AcDbLine
 10
-444536.8662775479
 20
-585493.928194343
 30
0.0
 11
-444536.8662775479
 21
-585693.9281943429
 31
0.0
  0
TEXT
  5
336
330
2
100
AcDbEntity
  8
PUB_TEXT
 62
     3
100
AcDbText
 10
-444613.1013782262
 20
-585239.1331378624
 30
0.0
 40
450.0
  1
客厅
 41
0.8
  7
HZTXT1
100
AcDbText
  0
LINE
  5
337
330
2
100
AcDbEntity
  8
WALL
100
AcDbLine
 10
-442036.8662775477
 20
-585493.9281943429
 30
0.0
 11
-442036.8662775477
 21
-585693.9281943429
 31
0.0
  0
INSERT
  5
338
330
2
100
AcDbEntity
  8
WINDOW
100
AcDbBlockReference
 66
     1
  2
_WBLK
 10
-445286.8662775505
 20
-577793.6975195256
 30
0.0
 41
-1500.0
 42
200.0000000002911
 43
1500.0
1001
WTHICK
1040
200.0000000002765
  0
ATTRIB
  5
339
330
338
100
AcDbEntity
  8
WINDOW_TEXT
100
AcDbText
 10
-445286.8662775505
 20
-577393.6975195256
 30
0.0
 40
300.0
  1

 41
0.8
  7
SIMPLEX
 72
     4
 11
-445286.8662775505
 21
-577393.6975195256
 31
0.0
100
AcDbAttribute
280
     0
  2
A
 70
     9
280
     0
  0
SEQEND
  5
33A
330
338
100
AcDbEntity
  8
WINDOW
  0
LINE
  5
33B
330
2
100
AcDbEntity
  8
F
100
AcDbLine
 10
-445288.6175439861
 20
-580306.2727596376
 30
0.0
 11
-445222.0935335829
 21
-580691.9810065532
 31
0.0
  0
LINE
  5
33C
330
2
100
AcDbEntity
  8
WALL
100
AcDbLine
 10
-445586.8662775479
 20
-580793.9281943435
 30
0.0
 11
-443936.8662775486
 21
-580793.9281943435
 31
0.0
  0
LINE
  5
33D
330
2
100
AcDbEntity
  8
WALL
100
AcDbLine
 10
-445586.8662775479
 20
-580893.9281943421
 30
0.0
 11
-443736.8662775487
 21
-580893.9281943421
 31
0.0
  0
LINE
  5
33E
330
2
100
AcDbEntity
  8
F
100
AcDbLine
 10
-445476.6561560353
 20
-580488.5306575459
 30
0.0
 11
-443936.8662775486
 21
-580488.5306575479
 31
0.0
  0
LINE
  5
33F
330
2
100
AcDbEntity
  8
F
100
AcDbLine
 10
-445506.6561560355
 20
-580193.928194344
 30
0.0
 11
-443936.8662775486
 21
-580193.9281943457
 31
0.0
  0
LINE
  5
340
330
2
100
AcDbEntity
  8
F
100
AcDbLine
 10
-445476.6561560351
 20
-580223.9281943439
 30
0.0
 11
-443936.8662775486
 21
-580223.9281943457
 31
0.0
  0
INSERT
  5
341
330
2
100
AcDbEntity
  8
F
100
AcDbBlockReference
 66
     1
  2
M_C3
 10
-445890.0121741474
 20
-578574.3100639772
 30
0.0
 41
-1.0
 50
270.0
  0
ATTRIB
  5
352
330
341
100
AcDbEntity
  8
0
100
AcDbText
 10
-445889.5121741475
 20
-578574.3100639772
 30
0.0
 40
0.5
  1
315
 50
270.0
 41
0.7999999999883585
 51
-180.0
 71
     6
100
AcDbAttribute
280
     0
  2
YSIZE
 70
     9
280
     0
  0
ATTRIB
  5
353
330
341
100
AcDbEntity
  8
0
100
AcDbText
 10
-445889.5121741475
 20
-578574.3100639772
 30
0.0
 40
0.5
  1
639
 50
270.0
 41
0.7999999999883585
 51
-180.0
 71
     6
100
AcDbAttribute
280
     0
  2
XSIZE
 70
     9
280
     0
  0
ATTRIB
  5
354
330
341
100
AcDbEntity
  8
0
100
AcDbText
 10
-445889.5121741475
 20
-578574.3100639772
 30
0.0
 40
0.5
  1
639
 50
270.0
 41
0.7999999999883585
 51
-180.0
 71
     6
100
AcDbAttribute
280
     0
  2
XSIZE
 70
     9
280
     0
  0
ATTRIB
  5
355
330
341
100
AcDbEntity
  8
0
100
AcDbText
 10
-445889.5121741475
 20
-578574.3100639772
 30
0.0
 40
0.5
  1
315
 50
270.0
 41
0.7999999999883585
 51
-180.0
 71
     6
100
AcDbAttribute
280
     0
  2
YSIZE
 70
     9
280
     0
  0
SEQEND
  5
356
330
341
100
AcDbEntity
  8
PS
 62
     9
  0
LINE
  5
35A
330
2
100
AcDbEntity
  8
WALL
100
AcDbLine
 10
-446536.8662775477
 20
-580793.9281943435
 30
0.0
 11
-446536.8662775505
 21
-577893.6975195259
 31
0.0
  0
LINE
  5
35B
330
2
100
AcDbEntity
  8
F
100
AcDbLine
 10
-445836.875485071
 20
-579189.7255195087
 30
0.0
 11
-445836.904004292
 21
-577893.6975195087
 31
0.0
  0
LINE
  5
35C
330
2
100
AcDbEntity
  8
WALL
100
AcDbLine
 10
-446636.8662775478
 20
-580793.9281943419
 30
0.0
 11
-446636.8662775507
 21
-577693.6975195255
 31
0.0
  0
LINE
  5
35D
330
2
100
AcDbEntity
  8
WALL
100
AcDbLine
 10
-448436.8662775477
 20
-580793.9281943423
 30
0.0
 11
-448436.8662775514
 21
-577093.6975195251
 31
0.0
  0
LINE
  5
35E
330
2
100
AcDbEntity
  8
DOTE1
100
AcDbLine
 10
-448336.8662775521
 20
-576993.6975195268
 30
0.0
 11
-448336.8662775521
 21
-580793.9281943438
 31
0.0
  0
LINE
  5
35F
330
2
100
AcDbEntity
  8
WALL
100
AcDbLine
 10
-448236.8662775498
 20
-578493.6975195257
 30
0.0
 11
-448236.8662775515
 21
-576893.6975195252
 31
0.0
  0
INSERT
  5
360
330
2
100
AcDbEntity
  8
WINDOW
100
AcDbBlockReference
 66
     1
  2
_DBLK
 10
-447136.8662775478
 20
-580843.9281943421
 30
0.0
 41
800.0
 42
800.0
 43
800.0
 50
180.0
1001
WTHICK
1040
100.0
  0
ATTRIB
  5
361
330
360
100
AcDbEntity
  8
WINDOW_TEXT
100
AcDbText
 10
-447136.8662775478
 20
-581193.9281943421
 30
0.0
 40
300.0
  1

 41
0.8
  7
SIMPLEX
 72
     4
 11
-447136.8662775478
 21
-581193.9281943421
 31
0.0
100
AcDbAttribute
280
     0
  2
A
 70
     9
280
     0
  0
SEQEND
  5
362
330
360
100
AcDbEntity
  8
WINDOW
  0
LINE
  5
363
330
2
100
AcDbEntity
  8
WINDOW
100
AcDbLine
 10
-446636.8662775496
 20
-578493.6975195257
 30
0.0
 11
-448236.8662775498
 21
-578493.6975195257
 31
0.0
  0
INSERT
  5
364
330
2
100
AcDbEntity
  8
LVTRY
100
AcDbBlockReference
 66
     1
  2
_E0YYN
 10
-447061.8662775335
 20
-578493.6975195196
 30
0.0
 50
90.0
  0
ATTRIB
  5
365
330
364
100
AcDbEntity
  8
0
100
AcDbText
 10
-447061.8662775331
 20
-578493.6975195196
 30
0.0
 40
0.5
  1
500
 50
89.99999999666494
 41
0.8
  7
DIM_FONT
100
AcDbAttribute
280
     0
  2
XSIZE
 70
     9
280
     0
  0
ATTRIB
  5
366
330
364
100
AcDbEntity
  8
0
100
AcDbText
 10
-447061.8662775331
 20
-578493.6975195196
 30
0.0
 40
0.5
  1
500
 50
89.99999999666494
 41
0.8
  7
DIM_FONT
100
AcDbAttribute
280
     0
  2
YSIZE
 70
     9
280
     0
  0
SEQEND
  5
367
330
364
100
AcDbEntity
  8
WUDING坡度
  0
LINE
  5
368
330
2
100
AcDbEntity
  8
WALL
100
AcDbLine
 10
-448336.8662775478
 20
-580793.9281943423
 30
0.0
 11
-448336.8662775499
 21
-578493.6975195257
 31
0.0
  0
INSERT
  5
369
330
2
100
AcDbEntity
  8
WALL
  6
Continuous
100
AcDbBlockReference
  2
A$C2EE22F3D
 10
-447436.8664187998
 20
-578493.6973494379
 30
0.0
 41
-1.0
 50
90.0
  0
LINE
  5
36A
330
2
100
AcDbEntity
  8
WALL
100
AcDbLine
 10
-448336.8662775478
 20
-580793.9281943423
 30
0.0
 11
-447536.8662775478
 21
-580793.9281943423
 31
0.0
  0
LINE
  5
36B
330
2
100
AcDbEntity
  8
WALL
100
AcDbLine
 10
-447536.8662775478
 20
-580793.9281943423
 30
0.0
 11
-447536.8662775478
 21
-580893.9281943421
 31
0.0
  0
INSERT
  5
36C
330
2
100
AcDbEntity
  8
LVTRY
  6
Continuous
100
AcDbBlockReference
  2
A$C14555FE0
 10
-447866.6852179521
 20
-580042.6648114926
 30
0.0000000000004547
 50
179.9999999933298
  0
LINE
  5
36D
330
2
100
AcDbEntity
  8
LVTRY
  6
Continuous
100
AcDbLine
 10
-447736.86627755
 20
-580793.9281943435
 30
0.0
 11
-447736.8662775499
 21
-579393.6975195259
 31
0.0
  0
LINE
  5
36E
330
2
100
AcDbEntity
  8
WALL
  6
Continuous
100
AcDbLine
 10
-448236.8662775498
 20
-578493.6975195257
 30
0.0
 11
-448336.8662775499
 21
-578493.6975195257
 31
0.0
  0
LINE
  5
36F
330
2
100
AcDbEntity
  8
WALL
100
AcDbLine
 10
-448486.8662775478
 20
-580793.9281943423
 30
0.0
 11
-448436.8662775477
 21
-580793.9281943423
 31
0.0
  0
LINE
  5
370
330
2
100
AcDbEntity
  8
WALL
100
AcDbLine
 10
-448486.8662775478
 20
-580793.9281943423
 30
0.0
 11
-448486.8662775478
 21
-580893.9281943421
 31
0.0
  0
LINE
  5
371
330
2
100
AcDbEntity
  8
WALL
100
AcDbLine
 10
-448486.8662775478
 20
-580893.9281943421
 30
0.0
 11
-447536.8662775478
 21
-580893.9281943421
 31
0.0
  0
TEXT
  5
372
330
2
100
AcDbEntity
  8
PUB_TEXT
 62
     3
100
AcDbText
 10
-446287.1109920793
 20
-579930.5828441664
 30
0.0
 40
450.0
  1
卧室
 41
0.8
  7
HZTXT1
100
AcDbText
  0
LINE
  5
373
330
2
100
AcDbEntity
  8
F
100
AcDbLine
 10
-445419.5212243749
 20
-580691.9810065534
 30
0.0
 11
-445390.9210593128
 21
-580306.2727596376
 31
0.0
  0
LINE
  5
374
330
2
100
AcDbEntity
  8
F
100
AcDbLine
 10
-445506.6561560355
 20
-580793.9281943435
 30
0.0
 11
-445506.6561560355
 21
-580193.9281943437
 31
0.0
  0
LINE
  5
375
330
2
100
AcDbEntity
  8
F
100
AcDbLine
 10
-445476.6561560353
 20
-580793.9281943435
 30
0.0
 11
-445476.6561560351
 21
-580193.9281943437
 31
0.0
  0
LINE
  5
376
330
2
100
AcDbEntity
  8
WALL
100
AcDbLine
 10
-445586.8662775479
 20
-580793.9281943435
 30
0.0
 11
-445586.8662775479
 21
-580893.9281943421
 31
0.0
  0
LINE
  5
377
330
2
100
AcDbEntity
  8
F
100
AcDbLine
 10
-445400.6272623018
 20
-580306.2727596376
 30
0.0
 11
-445337.7398548961
 21
-580691.9810065534
 31
0.0
  0
LINE
  5
378
330
2
100
AcDbEntity
  8
F
100
AcDbLine
 10
-445311.3597979103
 20
-580691.9810065532
 30
0.0
 11
-445306.3292450186
 21
-580306.2727596376
 31
0.0
  0
LINE
  5
379
330
2
100
AcDbEntity
  8
F
100
AcDbLine
 10
-445343.1292997268
 20
-580691.9810065534
 30
0.0
 11
-445314.5291346647
 21
-580306.2727596376
 31
0.0
  0
LINE
  5
37A
330
2
100
AcDbEntity
  8
DOTE1
100
AcDbLine
 10
-446536.8662775524
 20
-578393.697519526
 30
0.0
 11
-446536.8662775524
 21
-580793.9281943438
 31
0.0
  0
LINE
  5
37B
330
2
100
AcDbEntity
  8
WALL
100
AcDbLine
 10
-446486.8662775478
 20
-580793.9281943435
 30
0.0
 11
-446486.8662775478
 21
-580893.9281943421
 31
0.0
  0
LINE
  5
37C
330
2
100
AcDbEntity
  8
WALL
100
AcDbLine
 10
-446736.8662775478
 20
-580893.9281943421
 30
0.0
 11
-446486.8662775478
 21
-580893.9281943421
 31
0.0
  0
LINE
  5
37D
330
2
100
AcDbEntity
  8
WALL
100
AcDbLine
 10
-446536.8662775477
 20
-580793.9281943435
 30
0.0
 11
-446486.8662775478
 21
-580793.9281943435
 31
0.0
  0
LINE
  5
37E
330
2
100
AcDbEntity
  8
WALL
100
AcDbLine
 10
-446736.8662775478
 20
-580793.9281943421
 30
0.0
 11
-446636.8662775478
 21
-580793.9281943421
 31
0.0
  0
LINE
  5
37F
330
2
100
AcDbEntity
  8
WALL
100
AcDbLine
 10
-446736.8662775478
 20
-580793.9281943421
 30
0.0
 11
-446736.8662775478
 21
-580893.9281943421
 31
0.0
  0
INSERT
  5
380
330
2
100
AcDbEntity
  8
WINDOW
100
AcDbBlockReference
 66
     1
  2
_DBLK
 10
-446036.8662775478
 20
-580843.9281943429
 30
0.0
 41
-900.0
 42
900.0
 43
900.0
 50
180.0
1001
WTHICK
1040
99.99999999841385
  0
ATTRIB
  5
381
330
380
100
AcDbEntity
  8
WINDOW_TEXT
100
AcDbText
 10
-446036.8662775478
 20
-581193.9281943421
 30
0.0
 40
300.0
  1

 41
0.8
  7
SIMPLEX
 72
     4
 11
-446036.8662775478
 21
-581193.9281943421
 31
0.0
100
AcDbAttribute
280
     0
  2
A
 70
     9
280
     0
  0
SEQEND
  5
382
330
380
100
AcDbEntity
  8
WINDOW
  0
LINE
  5
383
330
2
100
AcDbEntity
  8
F
100
AcDbLine
 10
-445836.875485071
 20
-579189.7255195087
 30
0.0
 11
-446536.8662775492
 21
-579189.7255195087
 31
0.0
  0
LINE
  5
384
330
2
100
AcDbEntity
  8
WINDOW
100
AcDbLine
 10
-446636.8662775503
 20
-577893.6975195259
 30
0.0
 11
-448236.8662775505
 21
-577893.6975195259
 31
0.0
  0
LINE
  5
385
330
2
100
AcDbEntity
  8
WINDOW
100
AcDbLine
 10
-448236.8662775505
 20
-577827.030852859
 30
0.0
 11
-446636.8662775503
 21
-577827.030852859
 31
0.0
  0
LINE
  5
386
330
2
100
AcDbEntity
  8
WINDOW
100
AcDbLine
 10
-448236.8662775505
 20
-577760.3641861922
 30
0.0
 11
-446636.8662775503
 21
-577760.3641861922
 31
0.0
  0
LINE
  5
387
330
2
100
AcDbEntity
  8
WINDOW
100
AcDbLine
 10
-446636.8662775507
 20
-577693.6975195255
 30
0.0
 11
-448236.8662775505
 21
-577693.6975195255
 31
0.0
  0
LINE
  5
388
330
2
100
AcDbEntity
  8
WALL
100
AcDbLine
 10
-446036.8662775504
 20
-577893.6975195259
 30
0.0
 11
-446036.8662775504
 21
-577693.6975195255
 31
0.0
  0
LINE
  5
389
330
2
100
AcDbEntity
  8
WALL
  6
Continuous
100
AcDbLine
 10
-446036.8662775504
 20
-577893.6975195259
 30
0.0
 11
-446536.8662775505
 21
-577893.6975195259
 31
0.0
  0
LINE
  5
38A
330
2
100
AcDbEntity
  8
WALL
  6
Continuous
100
AcDbLine
 10
-446636.8662775507
 20
-577693.6975195255
 30
0.0
 11
-446036.8662775504
 21
-577693.6975195255
 31
0.0
  0
LINE
  5
38B
330
2
100
AcDbEntity
  8
WALL
100
AcDbLine
 10
-443736.86627755
 20
-578293.6975195255
 30
0.0
 11
-443736.8662775504
 21
-577693.6975195255
 31
0.0
  0
LINE
  5
38C
330
2
100
AcDbEntity
  8
WALL
100
AcDbLine
 10
-443936.8662775486
 20
-580793.9281943435
 30
0.0
 11
-443936.8662775502
 21
-577893.6975195259
 31
0.0
  0
INSERT
  5
38D
330
2
100
AcDbEntity
  8
F
  6
Continuous
100
AcDbBlockReference
  2
A$C654F21E2
 10
-444974.518084832
 20
-579916.8866927331
 30
0.0
  0
LINE
  5
3B0
330
2
100
AcDbEntity
  8
WALL
  6
Continuous
100
AcDbLine
 10
-443736.86627755
 20
-578293.6975195255
 30
0.0
 11
-443336.8662775499
 21
-578293.6975195255
 31
0.0
  0
LINE
  5
3B1
330
2
100
AcDbEntity
  8
WALL
  6
Continuous
100
AcDbLine
 10
-443336.8662775499
 20
-578493.6975195257
 30
0.0
 11
-443736.86627755
 21
-578493.6975195257
 31
0.0
  0
INSERT
  5
3B2
330
2
100
AcDbEntity
  8
F
  6
Continuous
100
AcDbBlockReference
 66
     1
  2
M_C25MYD
 10
442958.8975577928
 20
-579451.9527715419
 30
0.0
 41
-1.0
 43
-1.0
 50
180.0
210
0.0
220
0.0
230
-1.0
  0
ATTRIB
  5
400
330
3B2
100
AcDbEntity
  8
0
100
AcDbText
 10
-442959.0308911261
 20
-579452.4527715419
 30
0.0
 40
0.5
  1
1500
 50
180.0
 41
0.7999999999883585
 51
-180.0
 71
     4
100
AcDbAttribute
280
     0
  2
XSIZE
 70
     9
280
     0
  0
ATTRIB
  5
401
330
3B2
100
AcDbEntity
  8
0
100
AcDbText
 10
-442958.9451768403
 20
-579452.4527715418
 30
0.0
 40
0.5
  1
1809
 50
180.0
 41
0.7999999999883585
 51
-180.0
 71
     4
100
AcDbAttribute
280
     0
  2
YSIZE
 70
     9
280
     0
  0
SEQEND
  5
402
330
3B2
100
AcDbEntity
  8
AREA
  0
LINE
  5
406
330
2
100
AcDbEntity
  8
DOTE1
100
AcDbLine
 10
-443836.8662775522
 20
-578393.697519526
 30
0.0
 11
-443836.8662775522
 21
-580793.9281943438
 31
0.0
  0
LINE
  5
407
330
2
100
AcDbEntity
  8
WALL
100
AcDbLine
 10
-443736.8662775487
 20
-580893.9281943421
 30
0.0
 11
-443736.86627755
 21
-578493.6975195257
 31
0.0
  0
LINE
  5
408
330
2
100
AcDbEntity
  8
F
100
AcDbLine
 10
-444110.1722627054
 20
-580691.9810065532
 30
0.0
 11
-444049.5283660313
 21
-580306.2727596376
 31
0.0
  0
LINE
  5
409
330
2
100
AcDbEntity
  8
F
100
AcDbLine
 10
-444205.5579316471
 20
-580306.2727596376
 30
0.0
 11
-444149.3650879738
 21
-580691.9810065534
 31
0.0
  0
LINE
  5
40A
330
2
100
AcDbEntity
  8
F
100
AcDbLine
 10
-444300.3120292803
 20
-580691.9810065534
 30
0.0
 11
-444271.7118642181
 21
-580306.2727596376
 31
0.0
  0
LINE
  5
40B
330
2
100
AcDbEntity
  8
F
100
AcDbLine
 10
-444752.2054632214
 20
-580306.2727596376
 30
0.0
 11
-444596.0126195479
 21
-580691.9810065534
 31
0.0
  0
LINE
  5
40C
330
2
100
AcDbEntity
  8
F
100
AcDbLine
 10
-444557.8099918554
 20
-580306.2727596376
 30
0.0
 11
-444494.9225844496
 21
-580691.9810065534
 31
0.0
  0
LINE
  5
40D
330
2
100
AcDbEntity
  8
F
100
AcDbLine
 10
-444992.4478051136
 20
-580306.2727596376
 30
0.0
 11
-444925.9237947106
 21
-580691.9810065532
 31
0.0
  0
LINE
  5
40E
330
2
100
AcDbEntity
  8
F
100
AcDbLine
 10
-444846.9595608542
 20
-580691.9810065534
 30
0.0
 11
-444818.3593957923
 21
-580306.2727596376
 31
0.0
  0
LINE
  5
40F
330
2
100
AcDbEntity
  8
F
100
AcDbLine
 10
-445104.4575234295
 20
-580306.2727596376
 30
0.0
 11
-445041.5701160236
 21
-580691.9810065534
 31
0.0
  0
LINE
  5
410
330
2
100
AcDbEntity
  8
F
100
AcDbLine
 10
-445247.4221880065
 20
-580306.2727596376
 30
0.0
 11
-445184.5347806009
 21
-580691.9810065534
 31
0.0
  0
LINE
  5
411
330
2
100
AcDbEntity
  8
WALL
100
AcDbLine
 10
-443336.8662775499
 20
-578493.6975195257
 30
0.0
 11
-443336.8662775499
 21
-578293.6975195255
 31
0.0
  0
INSERT
  5
412
330
2
100
AcDbEntity
  8
WINDOW
100
AcDbBlockReference
 66
     1
  2
_WBLK
 10
-442736.8662775498
 20
-578393.6975195254
 30
0.0
 41
-1200.0
 42
200.0000000002328
 43
1200.0
1001
WTHICK
1040
200.0000000002328
  0
ATTRIB
  5
413
330
412
100
AcDbEntity
  8
WINDOW_TEXT
100
AcDbText
 10
-442736.8662775498
 20
-577993.6975195255
 30
0.0
 40
300.0
  1

 41
0.8
  7
SIMPLEX
 72
     4
 11
-442736.8662775498
 21
-577993.6975195255
 31
0.0
100
AcDbAttribute
280
     0
  2
A
 70
     9
280
     0
  0
SEQEND
  5
414
330
412
100
AcDbEntity
  8
WINDOW
  0
LINE
  5
415
330
2
100
AcDbEntity
  8
WALL
100
AcDbLine
 10
-442136.8662775498
 20
-578493.6975195257
 30
0.0
 11
-442136.8662775498
 21
-578293.6975195255
 31
0.0
  0
LINE
  5
416
330
2
100
AcDbEntity
  8
WALL
100
AcDbLine
 10
-444436.8662775502
 20
-577893.6975195259
 30
0.0
 11
-444436.8662775502
 21
-577693.6975195255
 31
0.0
  0
LINE
  5
417
330
2
100
AcDbEntity
  8
WALL
  6
Continuous
100
AcDbLine
 10
-443936.8662775502
 20
-577893.6975195259
 30
0.0
 11
-444436.8662775502
 21
-577893.6975195259
 31
0.0
  0
LINE
  5
418
330
2
100
AcDbEntity
  8
WALL
  6
Continuous
100
AcDbLine
 10
-444436.8662775502
 20
-577693.6975195255
 30
0.0
 11
-443736.8662775504
 21
-577693.6975195255
 31
0.0
  0
DIMENSION
  5
419
330
2
100
AcDbEntity
  8
AXIS
100
AcDbDimension
280
     0
  2
*D60
 10
-448636.8662775522
 20
-564406.1316797448
 30
0.0
 11
-447736.8662775523
 21
-563956.1316797448
 31
0.0
 71
     5
 42
1799.999999999883
 73
     0
 74
     0
 75
     0
  3
DIMN150
100
AcDbAlignedDimension
 13
-446836.8662775524
 23
-565801.2830999478
 33
0.0
 14
-448636.8662775522
 24
-565801.2830999478
 34
0.0
100
AcDbRotatedDimension
1001
ACAD
1000
DSTYLE
1002
{
1070
   178
1070
     7
1002
}
  0
DIMENSION
  5
426
330
2
100
AcDbEntity
  8
AXIS
100
AcDbDimension
280
     0
  2
*D61
 10
-451636.8662775522
 20
-564406.1316797448
 30
0.0
 11
-450136.8662775521
 21
-563956.1316797448
 31
0.0
 71
     5
 42
3000.000000000117
 73
     0
 74
     0
 75
     0
  3
DIMN150
100
AcDbAlignedDimension
 13
-448636.8662775522
 23
-565801.2830999478
 33
0.0
 14
-451636.8662775522
 24
-565801.2830999478
 34
0.0
100
AcDbRotatedDimension
1001
ACAD
1000
DSTYLE
1002
{
1070
   178
1070
     7
1002
}
  0
DIMENSION
  5
433
330
2
100
AcDbEntity
  8
AXIS
100
AcDbDimension
280
     0
  2
*D62
 10
-446836.8662775524
 20
-564406.1316797448
 30
0.0
 11
-445636.8662775523
 21
-563956.1316797448
 31
0.0
 71
     5
 42
2400.0
 73
     0
 74
     0
 75
     0
  3
DIMN150
100
AcDbAlignedDimension
 13
-444436.8662775523
 23
-565801.2830999478
 33
0.0
 14
-446836.8662775524
 24
-565801.2830999478
 34
0.0
100
AcDbRotatedDimension
1001
ACAD
1000
DSTYLE
1002
{
1070
   178
1070
     7
1002
}
  0
DIMENSION
  5
440
330
2
100
AcDbEntity
  8
AXIS
100
AcDbDimension
280
     0
  2
*D63
 10
-454059.4730954276
 20
-571893.6975195259
 30
0.0
 11
-454509.4730954275
 21
-570093.6976246552
 31
0.0
 71
     5
 42
3599.999789741589
 73
     0
 74
     0
 75
     0
  3
DIMN150
100
AcDbAlignedDimension
 13
-452859.4730954274
 23
-568293.6977297843
 33
0.0
 14
-452859.4730954274
 24
-571893.6975195259
 34
0.0
 50
90.0
100
AcDbRotatedDimension
1001
ACAD
1000
DSTYLE
1002
{
1070
   178
1070
     7
1002
}
  0
DIMENSION
  5
44D
330
2
100
AcDbEntity
  8
AXIS
100
AcDbDimension
280
     0
  2
*D64
 10
-454059.4730954276
 20
-573793.6975195259
 30
0.0
 11
-454509.4730954275
 21
-572843.697519526
 31
0.0
 71
     5
 42
1900.0
 73
     0
 74
     0
 75
     0
  3
DIMN150
100
AcDbAlignedDimension
 13
-452859.4730954274
 23
-571893.6975195259
 33
0.0
 14
-452859.4730954274
 24
-573793.6975195259
 34
0.0
 50
90.0
100
AcDbRotatedDimension
1001
ACAD
1000
DSTYLE
1002
{
1070
   178
1070
     7
1002
}
  0
DIMENSION
  5
45A
330
2
100
AcDbEntity
  8
AXIS
100
AcDbDimension
280
     0
  2
*D65
 10
-415014.2591922304
 20
-576493.6975195259
 30
0.0
 11
-415464.2591922304
 21
-575143.697519526
 31
0.0
 71
     5
 42
2700.0
 73
     0
 74
     0
 75
     0
  3
DIMN150
100
AcDbAlignedDimension
 13
-416214.2591922304
 23
-573793.6975195259
 33
0.0
 14
-416214.2591922304
 24
-576493.6975195259
 34
0.0
 50
270.0
100
AcDbRotatedDimension
1001
ACAD
1000
DSTYLE
1002
{
1070
   178
1070
     7
1002
}
  0
DIMENSION
  5
467
330
2
100
AcDbEntity
  8
AXIS
100
AcDbDimension
280
     0
  2
*D66
 10
-414214.2591922303
 20
-597193.6976409557
 30
0.0
 11
-414664.2591922303
 21
-582743.6976853701
 31
0.0
 71
     5
 42
28899.99991117139
 73
     0
 74
     0
 75
     0
  3
DIMN150
100
AcDbAlignedDimension
 13
-415814.2591922304
 23
-568293.6977297843
 33
0.0
 14
-415814.2591922306
 24
-597193.6976409557
 34
0.0
 50
270.0
100
AcDbRotatedDimension
1001
ACAD
1000
DSTYLE
1002
{
1070
   178
1070
     7
1002
}
  0
INSERT
  5
474
330
2
100
AcDbEntity
  8
F
100
AcDbBlockReference
  2
A$C237D42E5
 10
-429759.9251242949
 20
-575456.0625923127
 30
-39758.14702732055
 41
-1.0
 50
180.0
  0
LINE
  5
48F
330
2
100
AcDbEntity
  8
WALL
  6
Continuous
100
AcDbLine
 10
-427736.8658052504
 20
-576393.6975195257
 30
0.0
 11
-427736.8658052504
 21
-575293.6975195259
 31
0.0
  0
LINE
  5
490
330
2
100
AcDbEntity
  8
WALL
  6
Continuous
100
AcDbLine
 10
-427536.8658052506
 20
-575493.6975195259
 30
0.0
 11
-427536.8658052506
 21
-576593.6975195259
 31
0.0
  0
LINE
  5
491
330
2
100
AcDbEntity
  8
WALL
  6
Continuous
100
AcDbLine
 10
-432836.8661438292
 20
-575493.6975195256
 30
0.0
 11
-432836.8661438296
 21
-576493.6975195257
 31
0.0
  0
LINE
  5
492
330
2
100
AcDbEntity
  8
WALL
  6
Continuous
100
AcDbLine
 10
-432636.8661438295
 20
-575493.6975195255
 30
0.0
 11
-432636.8661438295
 21
-576493.6975195259
 31
0.0
  0
LINE
  5
493
330
2
100
AcDbEntity
  8
WALL
100
AcDbLine
 10
-431236.8661441411
 20
-575493.6975195255
 30
0.0
 11
-431236.8661438262
 21
-576593.6975195256
 31
0.0
  0
INSERT
  5
494
330
2
100
AcDbEntity
  8
F
  6
Continuous
100
AcDbBlockReference
  2
A$C38AE43E2
 10
-432386.8662548091
 20
-576493.6975159168
 30
0.0
 41
-1.0
  0
INSERT
  5
4A0
330
2
100
AcDbEntity
  8
WINDOW
  6
Continuous
100
AcDbBlockReference
 66
     1
  2
_DBLK
 10
-433336.8661438295
 20
-575393.6975195257
 30
0.0
 41
-800.0
 42
800.0
 43
800.0
1001
WTHICK
1040
200.0
  0
ATTRIB
  5
4A1
330
4A0
100
AcDbEntity
  8
WINDOW_TEXT
100
AcDbText
 10
-433336.8661438291
 20
-574993.6975195257
 30
0.0
 40
300.0
  1

 50
180.0
 41
0.8
  7
SIMPLEX
 72
     4
 11
-433336.8661438291
 21
-574993.6975195257
 31
0.0
100
AcDbAttribute
280
     0
  2
A
 70
     9
280
     0
  0
SEQEND
  5
4A2
330
4A0
100
AcDbEntity
  8
WINDOW
  6
Continuous
  0
LINE
  5
4A3
330
2
100
AcDbEntity
  8
WALL
  6
Continuous
100
AcDbLine
 10
-431036.866143826
 20
-574793.6975195257
 30
0.0
 11
-431036.866143826
 21
-576393.6975195257
 31
0.0
  0
INSERT
  5
4A4
330
2
100
AcDbEntity
  8
F
  6
Continuous
100
AcDbBlockReference
  2
A$C3FB71EF3
 10
-430436.8661453689
 20
-576393.6976369239
 30
0.0
 50
90.0
  0
LINE
  5
4A5
330
2
100
AcDbEntity
  8
WALL
  6
Continuous
100
AcDbLine
 10
-434636.8661438293
 20
-578293.6975195259
 30
0.0
 11
-434636.8673064063
 21
-575493.6975195255
 31
0.0
  0
LINE
  5
4A6
330
2
100
AcDbEntity
  8
WALL
  6
Continuous
100
AcDbLine
 10
-434436.8661438287
 20
-578293.6975195259
 30
0.0
 11
-434436.8649812515
 21
-575493.6975195255
 31
0.0
  0
INSERT
  5
4A7
330
2
100
AcDbEntity
  8
F
  6
Continuous
100
AcDbBlockReference
  2
A$C38AE43E2
 10
-436686.8660328491
 20
-576493.6975159168
 30
0.0
  0
LINE
  5
4A8
330
2
100
AcDbEntity
  8
WALL
100
AcDbLine
 10
-437836.8661435173
 20
-575493.6975195255
 30
0.0
 11
-437836.8661438321
 21
-576593.6975195256
 31
0.0
  0
LINE
  5
4A9
330
2
100
AcDbEntity
  8
WALL
  6
Continuous
100
AcDbLine
 10
-436436.8661438287
 20
-575493.6975195255
 30
0.0
 11
-436436.8661438287
 21
-576493.6975195259
 31
0.0
  0
LINE
  5
4AA
330
2
100
AcDbEntity
  8
WALL
  6
Continuous
100
AcDbLine
 10
-436236.8661438288
 20
-575493.6975195256
 30
0.0
 11
-436236.8661438288
 21
-576493.6975195257
 31
0.0
  0
LINE
  5
4AB
330
2
100
AcDbEntity
  8
WALL
  6
Continuous
100
AcDbLine
 10
-438036.866143832
 20
-574793.6975195257
 30
0.0
 11
-438036.866143832
 21
-576393.6975195257
 31
0.0
  0
INSERT
  5
4AC
330
2
100
AcDbEntity
  8
WINDOW
  6
Continuous
100
AcDbBlockReference
 66
     1
  2
_DBLK
 10
-435736.8661438287
 20
-575393.6975195257
 30
0.0
 41
800.0
 42
800.0
 43
800.0
1001
WTHICK
1040
200.0
  0
ATTRIB
  5
4AD
330
4AC
100
AcDbEntity
  8
WINDOW_TEXT
100
AcDbText
 10
-435736.8661438289
 20
-574993.6975195257
 30
0.0
 40
300.0
  1

 50
180.0
 41
0.8
  7
SIMPLEX
 72
     4
 11
-435736.8661438289
 21
-574993.6975195257
 31
0.0
100
AcDbAttribute
280
     0
  2
A
 70
     9
280
     0
  0
SEQEND
  5
4AE
330
4AC
100
AcDbEntity
  8
WINDOW
  6
Continuous
  0
INSERT
  5
4AF
330
2
100
AcDbEntity
  8
WC
100
AcDbBlockReference
  2
A$C2D5A5793
 10
-435326.8660734658
 20
-575493.6975748106
 30
-0.000000004573206
 50
270.0
  0
LINE
  5
4C0
330
2
100
AcDbEntity
  8
WALL
  6
Continuous
100
AcDbLine
 10
-434636.8661438122
 20
-575493.6975195255
 30
0.0
 11
-434636.8661438122
 21
-575893.6975195257
 31
0.0
  0
INSERT
  5
4C1
330
2
100
AcDbEntity
  8
WC
100
AcDbBlockReference
  2
A$C2D5A5793
 10
-433746.8662141925
 20
-575493.6975748106
 30
-0.000000004573206
 41
-1.0
 50
90.0
  0
LINE
  5
4C2
330
2
100
AcDbEntity
  8
WALL
  6
Continuous
100
AcDbLine
 10
-441336.8664824075
 20
-576393.6975195257
 30
0.0
 11
-441336.8664824075
 21
-575293.6975195259
 31
0.0
  0
LINE
  5
4C3
330
2
100
AcDbEntity
  8
WALL
  6
Continuous
100
AcDbLine
 10
-441536.8664824074
 20
-575493.6975195259
 30
0.0
 11
-441536.8664824074
 21
-576593.6975195259
 31
0.0
  0
INSERT
  5
4C4
330
2
100
AcDbEntity
  8
F
100
AcDbBlockReference
  2
A$C237D42E5
 10
-439313.8071633631
 20
-575456.0625923127
 30
-39758.14702732055
 50
180.0
  0
LINE
  5
4C5
330
2
100
AcDbEntity
  8
DOTE1
100
AcDbLine
 10
-441436.8664824073
 20
-568293.6977297843
 30
0.0
 11
-441436.8664824077
 21
-576593.6975195259
 31
0.0
  0
INSERT
  5
4C6
330
2
100
AcDbEntity
  8
F
  6
Continuous
100
AcDbBlockReference
  2
A$C3FB71EF3
 10
-438636.8661422892
 20
-576393.6976369239
 30
0.0
 41
-1.0
 50
270.0
  0
LINE
  5
4C7
330
2
100
AcDbEntity
  8
DOTE1
100
AcDbLine
 10
-434536.8661438288
 20
-566693.6975195259
 30
0.0
 11
-434536.8661438288
 21
-578393.6975195265
 31
0.0
  0
DIMENSION
  5
4C8
330
2
100
AcDbEntity
  8
AXIS
100
AcDbDimension
280
     0
  2
*D67
 10
-415014.2591922304
 20
-597193.6976409557
 30
0.0
 11
-415464.2591922304
 21
-595393.6976055874
 31
0.0
 71
     5
 42
3600.000070736744
 73
     0
 74
     0
 75
     0
  3
DIMN150
100
AcDbAlignedDimension
 13
-416214.2591922304
 23
-593593.697570219
 33
0.0
 14
-416214.2591922304
 24
-597193.6976409557
 34
0.0
 50
270.0
100
AcDbRotatedDimension
1001
ACAD
1000
DSTYLE
1002
{
1070
   178
1070
     7
1002
}
  0
INSERT
  5
4D5
330
2
100
AcDbEntity
  8
F
  6
Continuous
100
AcDbBlockReference
  2
A$C19441411
 10
-427736.2645838944
 20
-597093.8275817782
 30
0.0
 41
-1.0
  0
LINE
  5
4D6
330
2
100
AcDbEntity
  8
WALL
100
AcDbLine
 10
-427736.8658052504
 20
-593693.697570219
 30
0.0
 11
-427736.8658052509
 21
-597093.6975702193
 31
0.0
  0
LINE
  5
4D7
330
2
100
AcDbEntity
  8
WALL
  6
Continuous
100
AcDbLine
 10
-427536.8658052506
 20
-597293.6975702193
 30
0.0
 11
-427536.8658052509
 21
-593493.6975702189
 31
0.0
  0
LINE
  5
4D8
330
2
100
AcDbEntity
  8
WALL
100
AcDbLine
 10
-434636.8661438264
 20
-595593.6975702194
 30
0.0
 11
-434636.8661438264
 21
-597093.697570219
 31
0.0
  0
LINE
  5
4D9
330
2
100
AcDbEntity
  8
WALL
100
AcDbLine
 10
-434436.8661438316
 20
-595593.6975702194
 30
0.0
 11
-434436.8661438316
 21
-597093.697570219
 31
0.0
  0
LINE
  5
4DA
330
2
100
AcDbEntity
  8
WALL
100
AcDbLine
 10
-434636.8661438264
 20
-595593.6975702194
 30
0.0
 11
-434636.8661438264
 21
-597093.697570219
 31
0.0
  0
LINE
  5
4DB
330
2
100
AcDbEntity
  8
WALL
  6
Continuous
100
AcDbLine
 10
-431036.8659745416
 20
-592793.697570219
 30
0.0
 11
-431036.8659745416
 21
-597093.6975702191
 31
0.0
  0
LINE
  5
4DC
330
2
100
AcDbEntity
  8
DOTE1
100
AcDbLine
 10
-430936.8658052538
 20
-597793.6975702189
 30
0.0
 11
-430936.8658052538
 21
-592101.5444883037
 31
0.0
  0
LINE
  5
4DD
330
2
100
AcDbEntity
  8
WALL
  6
Continuous
100
AcDbLine
 10
-434436.8661438287
 20
-590193.6975702192
 30
0.0
 11
-434436.8661438287
 21
-597093.6973599607
 31
0.0
  0
LINE
  5
4DE
330
2
100
AcDbEntity
  8
WALL
  6
Continuous
100
AcDbLine
 10
-430836.8659745414
 20
-593393.697570219
 30
0.0
 11
-430836.8659745414
 21
-597093.6975702191
 31
0.0
  0
LINE
  5
4DF
330
2
100
AcDbEntity
  8
WALL
  6
Continuous
100
AcDbLine
 10
-438036.8663131167
 20
-592793.697570219
 30
0.0
 11
-438036.8663131167
 21
-597093.6975702191
 31
0.0
  0
LINE
  5
4E0
330
2
100
AcDbEntity
  8
WALL
  6
Continuous
100
AcDbLine
 10
-438236.8663131167
 20
-593393.697570219
 30
0.0
 11
-438236.8663131167
 21
-597093.6975702191
 31
0.0
  0
LINE
  5
4E1
330
2
100
AcDbEntity
  8
WALL
  6
Continuous
100
AcDbLine
 10
-434636.8661438293
 20
-590193.6975702192
 30
0.0
 11
-434636.8661438293
 21
-597093.6973599607
 31
0.0
  0
LINE
  5
4E2
330
2
100
AcDbEntity
  8
DOTE1
100
AcDbLine
 10
-438136.8663131165
 20
-597793.6975702189
 30
0.0
 11
-438136.8663131165
 21
-592101.5444883037
 31
0.0
  0
LINE
  5
4E3
330
2
100
AcDbEntity
  8
DOTE1
100
AcDbLine
 10
-434536.8661438288
 20
-598793.697570219
 30
0.0
 11
-434536.8661438288
 21
-587093.6975702185
 31
0.0
  0
LINE
  5
4E4
330
2
100
AcDbEntity
  8
DOTE1
100
AcDbLine
 10
-427636.8660101105
 20
-585693.9281943425
 30
0.0
 11
-427636.8660101105
 21
-598413.6676676023
 31
0.0
  0
INSERT
  5
4E5
330
2
100
AcDbEntity
  8
F
  6
Continuous
100
AcDbBlockReference
  2
A$C19441411
 10
-441337.467703764
 20
-597093.8275817782
 30
0.0
  0
LINE
  5
4E6
330
2
100
AcDbEntity
  8
WALL
100
AcDbLine
 10
-441336.8664824075
 20
-593693.697570219
 30
0.0
 11
-441336.8664824072
 21
-597093.6975702193
 31
0.0
  0
LINE
  5
4E7
330
2
100
AcDbEntity
  8
WALL
  6
Continuous
100
AcDbLine
 10
-441536.8664824074
 20
-597293.6975702193
 30
0.0
 11
-441536.8664824074
 21
-593493.6975702189
 31
0.0
  0
LINE
  5
4E8
330
2
100
AcDbEntity
  8
DOTE1
100
AcDbLine
 10
-441436.8664824073
 20
-597193.6973599605
 30
0.0
 11
-441436.8664824077
 21
-588893.697570219
 31
0.0
  0
DIMENSION
  5
4E9
330
2
100
AcDbEntity
  8
AXIS
100
AcDbDimension
280
     0
  2
*D68
 10
-427636.8660101105
 20
-600134.8191990929
 30
0.0
 11
-425736.8660101081
 21
-599684.8191990931
 31
0.0
 71
     5
 42
3800.000000004541
 73
     0
 74
     0
 75
     0
  3
DIMN150
100
AcDbAlignedDimension
 13
-423836.8660101059
 23
-599220.2767161191
 33
0.0
 14
-427636.8660101105
 24
-599220.2767161191
 34
0.0
 50
180.0
100
AcDbRotatedDimension
1001
ACAD
1000
DSTYLE
1002
{
1070
   178
1070
     7
1002
}
  0
LINE
  5
4F6
330
2
100
AcDbEntity
  8
WALL
100
AcDbLine
 10
-434636.8661438293
 20
-598793.6975702192
 30
0.0
 11
-434436.8661438291
 21
-598793.697570219
 31
0.0
  0
LINE
  5
4F7
330
2
100
AcDbEntity
  8
WALL
100
AcDbLine
 10
-434436.8661438291
 20
-598793.6975702192
 30
0.0
 11
-434636.8661438289
 21
-598793.697570219
 31
0.0
  0
LINE
  5
4F8
330
2
100
AcDbEntity
  8
DOTE1
100
AcDbLine
 10
-441436.8664824073
 20
-597193.6973599605
 30
0.0
 11
-427636.8660101059
 21
-597193.6973599605
 31
0.0
  0
LWPOLYLINE
  5
4F9
330
2
100
AcDbEntity
  8
TXT1
100
AcDbPolyline
 90
        2
 70
     0
 43
100.0
 10
-425794.9889530286
 20
-597749.5475481712
 10
-418869.3508128559
 20
-597749.5475481712
  0
TEXT
  5
4FD
330
2
100
AcDbEntity
  8
TXT1
100
AcDbText
 10
-424369.0453682975
 20
-598364.2080838119
 30
0.0
 40
300.0
  1
（本层建筑面积：    ）
 41
0.7
  7
_ZBHZ
100
AcDbText
  0
DIMENSION
  5
4FE
330
2
100
AcDbEntity
  8
AXIS
100
AcDbDimension
280
     0
  2
*D69
 10
-434536.8661438288
 20
-600134.8191990929
 30
0.0
 11
-432736.8659745413
 21
-599684.8191990931
 31
0.0
 71
     5
 42
3600.000338574988
 73
     0
 74
     0
 75
     0
  3
DIMN150
100
AcDbAlignedDimension
 13
-430936.8658052538
 23
-599220.2767161191
 33
0.0
 14
-434536.8661438288
 24
-599220.2767161188
 34
0.0
 50
180.0
100
AcDbRotatedDimension
1001
ACAD
1000
DSTYLE
1002
{
1070
   178
1070
     7
1002
}
  0
DIMENSION
  5
50B
330
2
100
AcDbEntity
  8
AXIS
100
AcDbDimension
280
     0
  2
*D70
 10
-434536.8661438288
 20
-600134.8191990929
 30
0.0
 11
-436336.8663131166
 21
-599684.8191990931
 31
0.0
 71
     5
 42
3600.00033857557
 73
     0
 74
     0
 75
     0
  3
DIMN150
100
AcDbAlignedDimension
 13
-438136.8664824043
 23
-599220.2767161191
 33
0.0
 14
-434536.8661438288
 24
-599220.2767161188
 34
0.0
 50
180.0
100
AcDbRotatedDimension
1001
ACAD
1000
DSTYLE
1002
{
1070
   178
1070
     7
1002
}
  0
LINE
  5
518
330
2
100
AcDbEntity
  8
栏杆
100
AcDbLine
 10
-438136.8664824043
 20
-598793.697570219
 30
0.0
 11
-434636.8661438293
 21
-598793.697570219
 31
0.0
  0
LINE
  5
51C
330
2
100
AcDbEntity
  8
WALL
100
AcDbLine
 10
-438436.8663131199
 20
-597093.6975702191
 30
0.0
 11
-438036.8663131195
 21
-597093.6975702191
 31
0.0
  0
LINE
  5
51D
330
2
100
AcDbEntity
  8
WALL
100
AcDbLine
 10
-438036.8663131195
 20
-597793.6975702189
 30
0.0
 11
-438436.8663131199
 21
-597793.6975702189
 31
0.0
  0
DIMENSION
  5
51E
330
2
100
AcDbEntity
  8
AXIS
100
AcDbDimension
280
     0
  2
*D71
 10
-438136.8664824043
 20
-600134.8191990929
 30
0.0
 11
-439786.866379976
 21
-599684.8191990929
 31
0.0
 71
     5
 42
3299.99979514326
 73
     0
 74
     0
 75
     0
  3
DIMN150
100
AcDbAlignedDimension
 13
-441436.8662775475
 23
-599220.2767161191
 33
0.0
 14
-438136.8664824043
 24
-599220.2767161188
 34
0.0
 50
180.0
100
AcDbRotatedDimension
1001
ACAD
1000
DSTYLE
1002
{
1070
   178
1070
     7
1002
}
  0
LINE
  5
52B
330
2
100
AcDbEntity
  8
WINDOW
  6
DASH
100
AcDbLine
 10
-438436.8663128051
 20
-597093.6975702193
 30
0.0
 11
-440836.8664820929
 21
-597093.6975702193
 31
0.0
  0
LINE
  5
52D
330
2
100
AcDbEntity
  8
WINDOW
100
AcDbLine
 10
-440886.8664820928
 20
-597693.6975702192
 30
0.0
 11
-438436.8663128051
 21
-597693.697570219
 31
0.0
  0
LINE
  5
52E
330
2
100
AcDbEntity
  8
WINDOW
100
AcDbLine
 10
-440836.8664820929
 20
-597643.6975702193
 30
0.0
 11
-438436.8663128051
 21
-597643.6975702193
 31
0.0
  0
LINE
  5
52F
330
2
100
AcDbEntity
  8
WINDOW
100
AcDbLine
 10
-440986.8664820929
 20
-597793.6975702193
 30
0.0
 11
-438436.8663128051
 21
-597793.6975702188
 31
0.0
  0
LINE
  5
530
330
2
100
AcDbEntity
  8
WALL
  6
Continuous
100
AcDbLine
 10
-441336.8664824075
 20
-597093.6975702193
 30
0.0
 11
-440936.8664824072
 21
-597093.6975702191
 31
0.0
  0
LINE
  5
531
330
2
100
AcDbEntity
  8
WALL
  6
Continuous
100
AcDbLine
 10
-440836.8664820929
 20
-597093.6975702193
 30
0.0
 11
-440936.8664820926
 21
-597093.6975702193
 31
0.0
  0
LINE
  5
532
330
2
100
AcDbEntity
  8
WALL
  6
Continuous
100
AcDbLine
 10
-440936.8664824072
 20
-597293.6975702189
 30
0.0
 11
-441536.8664824074
 21
-597293.6975702193
 31
0.0
  0
LINE
  5
533
330
2
100
AcDbEntity
  8
WINDOW
100
AcDbLine
 10
-440886.8664820928
 20
-597293.6975702193
 30
0.0
 11
-440886.8664820928
 21
-597693.6975702192
 31
0.0
  0
LINE
  5
534
330
2
100
AcDbEntity
  8
WINDOW
100
AcDbLine
 10
-440836.8664820929
 20
-597293.6975702193
 30
0.0
 11
-440836.8664820929
 21
-597643.6975702193
 31
0.0
  0
LINE
  5
535
330
2
100
AcDbEntity
  8
WINDOW
100
AcDbLine
 10
-440986.8664820929
 20
-597293.6975702193
 30
0.0
 11
-440986.8664820929
 21
-597793.6975702193
 31
0.0
  0
LINE
  5
536
330
2
100
AcDbEntity
  8
WALL
  6
Continuous
100
AcDbLine
 10
-440936.8664820926
 20
-597293.6975702193
 30
0.0
 11
-440836.8664820929
 21
-597293.6975702193
 31
0.0
  0
LINE
  5
537
330
2
100
AcDbEntity
  8
WALL
  6
Continuous
100
AcDbLine
 10
-440836.8664820929
 20
-597293.6975702193
 30
0.0
 11
-440836.8664820929
 21
-597093.6975702193
 31
0.0
  0
LINE
  5
538
330
2
100
AcDbEntity
  8
栏杆
100
AcDbLine
 10
-438136.8664824043
 20
-597793.6975702189
 30
0.0
 11
-438136.8664824043
 21
-598793.697570219
 31
0.0
  0
LINE
  5
539
330
2
100
AcDbEntity
  8
WALL
100
AcDbLine
 10
-438436.8663131199
 20
-597793.6975702189
 30
0.0
 11
-438436.8663131199
 21
-597093.6975702191
 31
0.0
  0
LINE
  5
53A
330
2
100
AcDbEntity
  8
栏杆
100
AcDbLine
 10
-438036.8663131195
 20
-598693.697570219
 30
0.0
 11
-434636.8661438289
 21
-598693.697570219
 31
0.0
  0
LINE
  5
53B
330
2
100
AcDbEntity
  8
WINDOW
100
AcDbLine
 10
-437836.8666860256
 20
-597293.6973599606
 30
0.0
 11
-434836.866516738
 21
-597293.6973599606
 31
0.0
  0
LWPOLYLINE
  5
53C
330
2
100
AcDbEntity
  8
WINDOW
100
AcDbPolyline
 90
        4
 70
     1
 43
0.0
 10
-437136.8665167381
 20
-597193.6973386219
 10
-435836.8564649665
 20
-597193.6973386219
 10
-435836.8564649665
 20
-597143.6973386221
 10
-437136.8564649666
 20
-597143.6973319034
  0
LINE
  5
53D
330
2
100
AcDbEntity
  8
WALL
  6
Continuous
100
AcDbLine
 10
-437836.8666860256
 20
-597093.6973599607
 30
0.0
 11
-438036.867058935
 21
-597093.6973599607
 31
0.0
  0
LINE
  5
53E
330
2
100
AcDbEntity
  8
栏杆
100
AcDbLine
 10
-438036.8663131195
 20
-597793.6975702189
 30
0.0
 11
-438036.8663131195
 21
-598693.697570219
 31
0.0
  0
LINE
  5
53F
330
2
100
AcDbEntity
  8
WALL
  6
Continuous
100
AcDbLine
 10
-437836.866686026
 20
-597293.6973599606
 30
0.0
 11
-438036.867058935
 21
-597293.6973599606
 31
0.0
  0
LWPOLYLINE
  5
540
330
2
100
AcDbEntity
  8
WINDOW
100
AcDbPolyline
 90
        4
 70
     1
 43
0.0
 10
-437836.8666860256
 20
-597243.6973386221
 10
-437136.8665167381
 20
-597243.6973386221
 10
-437136.8665167381
 20
-597193.6973386219
 10
-437836.8666860256
 20
-597193.6973386219
  0
LINE
  5
541
330
2
100
AcDbEntity
  8
WALL
100
AcDbLine
 10
-438036.8663131195
 20
-597093.6975702191
 30
0.0
 11
-438036.8663131195
 21
-597793.6975702189
 31
0.0
  0
LINE
  5
542
330
2
100
AcDbEntity
  8
WALL
  6
Continuous
100
AcDbLine
 10
-437836.866686026
 20
-597293.6973599606
 30
0.0
 11
-437836.8666860256
 21
-597093.6973599607
 31
0.0
  0
LINE
  5
543
330
2
100
AcDbEntity
  8
WALL
  6
Continuous
100
AcDbLine
 10
-434836.8665167384
 20
-597093.6973599607
 30
0.0
 11
-434636.8661438293
 21
-597093.6973599607
 31
0.0
  0
LINE
  5
544
330
2
100
AcDbEntity
  8
WALL
  6
Continuous
100
AcDbLine
 10
-434836.8661438121
 20
-597093.697570219
 30
0.0
 11
-434636.8661438264
 21
-597093.697570219
 31
0.0
  0
LWPOLYLINE
  5
545
330
2
100
AcDbEntity
  8
WINDOW
100
AcDbPolyline
 90
        4
 70
     1
 43
0.0
 10
-435836.8564649665
 20
-597143.6973386221
 10
-434836.8564649667
 20
-597143.6973386221
 10
-434836.8564649667
 20
-597093.6973386219
 10
-435836.8564649665
 20
-597093.6973386221
  0
LINE
  5
546
330
2
100
AcDbEntity
  8
WALL
  6
Continuous
100
AcDbLine
 10
-434636.8661438293
 20
-597293.6975702193
 30
0.0
 11
-434636.8661438293
 21
-598793.6975702192
 31
0.0
  0
LINE
  5
547
330
2
100
AcDbEntity
  8
WALL
  6
Continuous
100
AcDbLine
 10
-434636.8661438293
 20
-597293.6975702193
 30
0.0
 11
-434636.8661438293
 21
-598793.6975702192
 31
0.0
  0
TEXT
  5
548
330
2
100
AcDbEntity
  8
PUB_TEXT
 62
     3
100
AcDbText
 10
-435452.1546529947
 20
-598316.4419627418
 30
0.0
 40
450.0
  1
阳台
 41
0.8
  7
HZTXT1
100
AcDbText
  0
LINE
  5
549
330
2
100
AcDbEntity
  8
WALL
  6
Continuous
100
AcDbLine
 10
-434836.8665167384
 20
-597293.6973599606
 30
0.0
 11
-434636.8661438293
 21
-597293.6973599606
 31
0.0
  0
LINE
  5
54A
330
2
100
AcDbEntity
  8
WALL
  6
Continuous
100
AcDbLine
 10
-434836.8661438121
 20
-597293.6975702193
 30
0.0
 11
-434836.8661438121
 21
-597093.697570219
 31
0.0
  0
LINE
  5
54B
330
2
100
AcDbEntity
  8
WALL
  6
Continuous
100
AcDbLine
 10
-434836.8665167384
 20
-597293.6973599606
 30
0.0
 11
-434836.8665167384
 21
-597093.6973599607
 31
0.0
  0
TEXT
  5
54C
330
2
100
AcDbEntity
  8
TXT1
100
AcDbText
 10
-421078.3457384894
 20
-598223.7777457169
 30
0.0
 40
125.0
  1
2
 41
0.6
  7
_ROMAND
 72
     4
 11
-421042.6314527751
 21
-598161.2777457169
 31
0.0
100
AcDbText
  0
TEXT
  5
54E
330
2
100
AcDbEntity
  8
TXT1
100
AcDbText
 10
-422215.274376605
 20
-598372.9839781132
 30
0.0
 40
250.0
  1
553.62
 41
0.6
  7
_ROMAND
 72
     4
 11
-421818.8458051765
 21
-598247.9839781132
 31
0.0
100
AcDbText
  0
TEXT
  5
54F
330
2
100
AcDbEntity
  8
TXT1
100
AcDbText
 10
-421323.5136589153
 20
-598348.2486445952
 30
0.0
 40
250.0
  1
m
 41
0.6
  7
_ROMAND
 72
     4
 11
-421212.799373201
 21
-598264.9153112618
 31
0.0
100
AcDbText
  0
LINE
  5
550
330
2
100
AcDbEntity
  8
WALL
100
AcDbLine
 10
-430636.8659745387
 20
-597093.6975702191
 30
0.0
 11
-431036.8659745384
 21
-597093.6975702191
 31
0.0
  0
LINE
  5
551
330
2
100
AcDbEntity
  8
WALL
100
AcDbLine
 10
-431036.8659745384
 20
-597793.6975702189
 30
0.0
 11
-430636.8659745387
 21
-597793.6975702189
 31
0.0
  0
DIMENSION
  5
552
330
2
100
AcDbEntity
  8
AXIS
100
AcDbDimension
280
     0
  2
*D72
 10
-430936.8658052538
 20
-600134.8191990929
 30
0.0
 11
-429286.8659076821
 21
-599684.8191990929
 31
0.0
 71
     5
 42
3299.999795143377
 73
     0
 74
     0
 75
     0
  3
DIMN150
100
AcDbAlignedDimension
 13
-427636.8660101105
 23
-599220.2767161191
 33
0.0
 14
-430936.8658052538
 24
-599220.2767161188
 34
0.0
 50
180.0
100
AcDbRotatedDimension
1001
ACAD
1000
DSTYLE
1002
{
1070
   178
1070
     7
1002
}
  0
LINE
  5
55F
330
2
100
AcDbEntity
  8
WINDOW
100
AcDbLine
 10
-431236.8656016325
 20
-597293.6973599606
 30
0.0
 11
-434236.8657709203
 21
-597293.6973599606
 31
0.0
  0
LWPOLYLINE
  5
560
330
2
100
AcDbEntity
  8
WINDOW
100
AcDbPolyline
 90
        4
 70
     1
 43
0.0
 10
-431936.8657709203
 20
-597193.6973386219
 10
-433236.8758226915
 20
-597193.6973386219
 10
-433236.8758226915
 20
-597143.6973386221
 10
-431936.8758226915
 20
-597143.6973319034
  0
LINE
  5
561
330
2
100
AcDbEntity
  8
栏杆
100
AcDbLine
 10
-431036.8659745384
 20
-598693.697570219
 30
0.0
 11
-434436.8661438291
 21
-598693.697570219
 31
0.0
  0
LINE
  5
562
330
2
100
AcDbEntity
  8
栏杆
100
AcDbLine
 10
-430936.8658052538
 20
-598793.697570219
 30
0.0
 11
-434436.8661438291
 21
-598793.697570219
 31
0.0
  0
LWPOLYLINE
  5
563
330
2
100
AcDbEntity
  8
WINDOW
100
AcDbPolyline
 90
        4
 70
     1
 43
0.0
 10
-433236.8758226915
 20
-597143.6973386221
 10
-434236.8758226915
 20
-597143.6973386221
 10
-434236.8758226915
 20
-597093.6973386219
 10
-433236.8758226915
 20
-597093.6973386221
  0
TEXT
  5
564
330
2
100
AcDbEntity
  8
PUB_TEXT
 62
     3
100
AcDbText
 10
-434219.6878708841
 20
-598316.4419627418
 30
0.0
 40
450.0
  1
阳台
 41
0.8
  7
HZTXT1
100
AcDbText
  0
LINE
  5
565
330
2
100
AcDbEntity
  8
WALL
  6
Continuous
100
AcDbLine
 10
-434236.8657709196
 20
-597293.6973599606
 30
0.0
 11
-434236.8657709196
 21
-597093.6973599607
 31
0.0
  0
LINE
  5
566
330
2
100
AcDbEntity
  8
WALL
  6
Continuous
100
AcDbLine
 10
-434236.866143846
 20
-597293.6975702193
 30
0.0
 11
-434236.866143846
 21
-597093.697570219
 31
0.0
  0
LINE
  5
567
330
2
100
AcDbEntity
  8
WALL
  6
Continuous
100
AcDbLine
 10
-434436.8661438291
 20
-597293.6975702193
 30
0.0
 11
-434436.8661438291
 21
-598793.6975702192
 31
0.0
  0
LINE
  5
568
330
2
100
AcDbEntity
  8
WALL
  6
Continuous
100
AcDbLine
 10
-434236.866143846
 20
-597093.697570219
 30
0.0
 11
-434436.8661438316
 21
-597093.697570219
 31
0.0
  0
LINE
  5
569
330
2
100
AcDbEntity
  8
WALL
  6
Continuous
100
AcDbLine
 10
-434236.8657709196
 20
-597093.6973599607
 30
0.0
 11
-434436.8661438287
 21
-597093.6973599607
 31
0.0
  0
LINE
  5
56A
330
2
100
AcDbEntity
  8
WALL
  6
Continuous
100
AcDbLine
 10
-434236.8657709196
 20
-597293.6973599606
 30
0.0
 11
-434436.8661438287
 21
-597293.6973599606
 31
0.0
  0
LINE
  5
56B
330
2
100
AcDbEntity
  8
WALL
  6
Continuous
100
AcDbLine
 10
-431236.8656016325
 20
-597093.6973599607
 30
0.0
 11
-431036.8652287237
 21
-597093.6973599607
 31
0.0
  0
LINE
  5
56C
330
2
100
AcDbEntity
  8
栏杆
100
AcDbLine
 10
-431036.8659745384
 20
-597793.6975702189
 30
0.0
 11
-431036.8659745384
 21
-598693.697570219
 31
0.0
  0
LINE
  5
56D
330
2
100
AcDbEntity
  8
栏杆
100
AcDbLine
 10
-430936.8658052538
 20
-597793.6975702189
 30
0.0
 11
-430936.8658052538
 21
-598793.697570219
 31
0.0
  0
LWPOLYLINE
  5
56E
330
2
100
AcDbEntity
  8
WINDOW
100
AcDbPolyline
 90
        4
 70
     1
 43
0.0
 10
-431236.8656016325
 20
-597243.6973386221
 10
-431936.8657709203
 20
-597243.6973386221
 10
-431936.8657709203
 20
-597193.6973386219
 10
-431236.8656016325
 20
-597193.6973386219
  0
LINE
  5
56F
330
2
100
AcDbEntity
  8
WALL
  6
Continuous
100
AcDbLine
 10
-431236.8656016325
 20
-597293.6973599606
 30
0.0
 11
-431036.8652287233
 21
-597293.6973599606
 31
0.0
  0
LINE
  5
570
330
2
100
AcDbEntity
  8
WALL
  6
Continuous
100
AcDbLine
 10
-431236.8656016325
 20
-597293.6973599606
 30
0.0
 11
-431236.8656016325
 21
-597093.6973599607
 31
0.0
  0
LINE
  5
571
330
2
100
AcDbEntity
  8
WALL
100
AcDbLine
 10
-431036.8659745384
 20
-597093.6975702191
 30
0.0
 11
-431036.8659745384
 21
-597793.6975702189
 31
0.0
  0
LINE
  5
572
330
2
100
AcDbEntity
  8
WINDOW
100
AcDbLine
 10
-428086.8658055655
 20
-597793.6975702193
 30
0.0
 11
-430636.8659748531
 21
-597793.6975702188
 31
0.0
  0
LINE
  5
573
330
2
100
AcDbEntity
  8
WINDOW
100
AcDbLine
 10
-428236.8658055651
 20
-597643.6975702193
 30
0.0
 11
-430636.8659748531
 21
-597643.6975702193
 31
0.0
  0
LINE
  5
574
330
2
100
AcDbEntity
  8
WINDOW
100
AcDbLine
 10
-428186.8658055652
 20
-597693.6975702192
 30
0.0
 11
-430636.8659748531
 21
-597693.697570219
 31
0.0
  0
LINE
  5
575
330
2
100
AcDbEntity
  8
WINDOW
  6
DASH
100
AcDbLine
 10
-430636.8659748531
 20
-597093.6975702193
 30
0.0
 11
-428236.8658055651
 21
-597093.6975702193
 31
0.0
  0
LINE
  5
576
330
2
100
AcDbEntity
  8
WALL
100
AcDbLine
 10
-430636.8659745387
 20
-597793.6975702189
 30
0.0
 11
-430636.8659745387
 21
-597093.6975702191
 31
0.0
  0
LINE
  5
577
330
2
100
AcDbEntity
  8
WALL
  6
Continuous
100
AcDbLine
 10
-428236.8658055651
 20
-597093.6975702193
 30
0.0
 11
-428136.8658055654
 21
-597093.6975702193
 31
0.0
  0
LINE
  5
578
330
2
100
AcDbEntity
  8
WALL
  6
Continuous
100
AcDbLine
 10
-427736.8658052504
 20
-597093.6975702193
 30
0.0
 11
-428136.8658052509
 21
-597093.6975702191
 31
0.0
  0
LINE
  5
579
330
2
100
AcDbEntity
  8
WINDOW
100
AcDbLine
 10
-428086.8658055655
 20
-597293.6975702193
 30
0.0
 11
-428086.8658055655
 21
-597793.6975702193
 31
0.0
  0
LINE
  5
57A
330
2
100
AcDbEntity
  8
WALL
  6
Continuous
100
AcDbLine
 10
-428136.8658055654
 20
-597293.6975702193
 30
0.0
 11
-428236.8658055651
 21
-597293.6975702193
 31
0.0
  0
LINE
  5
57B
330
2
100
AcDbEntity
  8
WINDOW
100
AcDbLine
 10
-428236.8658055651
 20
-597293.6975702193
 30
0.0
 11
-428236.8658055651
 21
-597643.6975702193
 31
0.0
  0
LINE
  5
57C
330
2
100
AcDbEntity
  8
WINDOW
100
AcDbLine
 10
-428186.8658055652
 20
-597293.6975702193
 30
0.0
 11
-428186.8658055652
 21
-597693.6975702192
 31
0.0
  0
LINE
  5
57D
330
2
100
AcDbEntity
  8
WALL
  6
Continuous
100
AcDbLine
 10
-428136.8658052509
 20
-597293.6975702189
 30
0.0
 11
-427536.8658052506
 21
-597293.6975702193
 31
0.0
  0
LINE
  5
57E
330
2
100
AcDbEntity
  8
WALL
  6
Continuous
100
AcDbLine
 10
-428236.8658055651
 20
-597293.6975702193
 30
0.0
 11
-428236.8658055651
 21
-597093.6975702193
 31
0.0
  0
DIMENSION
  5
57F
330
2
100
AcDbEntity
  8
AXIS
100
AcDbDimension
280
     0
  2
*D73
 10
-421136.8660101061
 20
-600134.8191990929
 30
0.0
 11
-419336.866010106
 21
-599684.8191990931
 31
0.0
 71
     5
 42
3600.000000000117
 73
     0
 74
     0
 75
     0
  3
DIMN150
100
AcDbAlignedDimension
 13
-417536.8660101059
 23
-599220.2767161191
 33
0.0
 14
-421136.8660101061
 24
-599220.2767161191
 34
0.0
 50
180.0
100
AcDbRotatedDimension
1001
ACAD
1000
DSTYLE
1002
{
1070
   178
1070
     7
1002
}
  0
DIMENSION
  5
58C
330
2
100
AcDbEntity
  8
AXIS
100
AcDbDimension
280
     0
  2
*D74
 10
-423836.8660101059
 20
-600134.8191990929
 30
0.0
 11
-422486.866010106
 21
-599684.8191990931
 31
0.0
 71
     5
 42
2699.999999999884
 73
     0
 74
     0
 75
     0
  3
DIMN150
100
AcDbAlignedDimension
 13
-421136.8660101061
 23
-599220.2767161191
 33
0.0
 14
-423836.8660101059
 24
-599220.2767161191
 34
0.0
 50
180.0
100
AcDbRotatedDimension
1001
ACAD
1000
DSTYLE
1002
{
1070
   178
1070
     7
1002
}
  0
INSERT
  5
599
330
2
100
AcDbEntity
  8
WC
100
AcDbBlockReference
 66
     1
  2
A$C3E9936EE
 10
-440227.6227028351
 20
-593452.7657643812
 30
-79516.29405463843
  0
ATTRIB
  5
5AA
330
599
100
AcDbEntity
  8
WC
100
AcDbText
 10
-439962.9831263211
 20
-593452.7538839778
 30
-39758.14702732053
 40
0.5000000000097442
  1
0
 50
179.4692850365978
 41
0.7999999999711133
  7
DIM_FONT
 71
     4
100
AcDbAttribute
280
     0
  2
YSIZE
 70
     9
280
     0
  0
ATTRIB
  5
5AB
330
599
100
AcDbEntity
  8
WC
100
AcDbText
 10
-439962.2212542437
 20
-593452.7609411897
 30
-39758.14702732053
 40
0.5000000000097442
  1
500
 50
179.4692850365978
 41
0.7999999999711133
  7
DIM_FONT
 71
     4
100
AcDbAttribute
280
     0
  2
XSIZE
 70
     9
280
     0
  0
ATTRIB
  5
5AC
330
599
100
AcDbEntity
  8
WC
100
AcDbText
 10
-439962.9831263211
 20
-593452.7538839778
 30
-39758.14702732053
 40
0.5000000000097442
  1
0
 50
179.4692850366075
 41
0.7999999999856648
  7
DIM_FONT
 71
     4
100
AcDbAttribute
280
     0
  2
YSIZE
 70
     9
280
     0
  0
ATTRIB
  5
5AD
330
599
100
AcDbEntity
  8
WC
100
AcDbText
 10
-439962.2212542437
 20
-593452.7609411897
 30
-39758.14702732053
 40
0.5000000000097442
  1
500
 50
179.4692850366075
 41
0.7999999999856648
  7
DIM_FONT
 71
     4
100
AcDbAttribute
280
     0
  2
XSIZE
 70
     9
280
     0
  0
SEQEND
  5
5AE
330
599
100
AcDbEntity
  8
WALL
  0
INSERT
  5
5AF
330
2
100
AcDbEntity
  8
WC
100
AcDbBlockReference
 66
     1
  2
A$C3E9936EE
 10
-428846.1095848229
 20
-593452.7657643812
 30
-79516.29405463843
 41
-1.0
  0
ATTRIB
  5
5B0
330
5AF
100
AcDbEntity
  8
WC
100
AcDbText
 10
-429110.48250611
 20
-593452.7514139532
 30
-39758.14702732053
 40
0.5000000000097442
  1
0
 50
180.5307149634021
 41
0.7999999999711133
  7
DIM_FONT
 71
     4
100
AcDbAttribute
280
     0
  2
YSIZE
 70
     9
280
     0
  0
ATTRIB
  5
5B1
330
5AF
100
AcDbEntity
  8
WC
100
AcDbText
 10
-429110.48250611
 20
-593452.7514139532
 30
-39758.14702732053
 40
0.5000000000097442
  1
500
 50
180.5307149634021
 41
0.7999999999711133
  7
DIM_FONT
 71
     4
100
AcDbAttribute
280
     0
  2
XSIZE
 70
     9
280
     0
  0
ATTRIB
  5
5B2
330
5AF
100
AcDbEntity
  8
WC
100
AcDbText
 10
-429110.48250611
 20
-593452.7514139532
 30
-39758.14702732053
 40
0.5000000000097442
  1
0
 50
180.5307149633924
 41
0.7999999999856648
  7
DIM_FONT
 71
     4
100
AcDbAttribute
280
     0
  2
YSIZE
 70
     9
280
     0
  0
ATTRIB
  5
5B3
330
5AF
100
AcDbEntity
  8
WC
100
AcDbText
 10
-429110.48250611
 20
-593452.7514139532
 30
-39758.14702732053
 40
0.5000000000097442
  1
500
 50
180.5307149633924
 41
0.7999999999856648
  7
DIM_FONT
 71
     4
100
AcDbAttribute
280
     0
  2
XSIZE
 70
     9
280
     0
  0
SEQEND
  5
5B4
330
5AF
100
AcDbEntity
  8
WALL
  0
LINE
  5
5B5
330
2
100
AcDbEntity
  8
WALL
  6
Continuous
100
AcDbLine
 10
-431436.8661438286
 20
-578293.6975195259
 30
0.0
 11
-426936.8660101083
 21
-578293.6975195259
 31
0.0
  0
TEXT
  5
5B6
330
2
100
AcDbEntity
  8
PUB_TEXT
 62
     3
100
AcDbText
 10
-427427.3831072423
 20
-579192.3485943907
 30
0.0
 40
450.0
  1
餐厅
 41
0.8
  7
HZTXT1
100
AcDbText
  0
LINE
  5
5B7
330
2
100
AcDbEntity
  8
WALL
100
AcDbLine
 10
-427036.8660101101
 20
-585493.9281943429
 30
0.0
 11
-427536.8660101101
 21
-585493.9281943425
 31
0.0
  0
LINE
  5
5B8
330
2
100
AcDbEntity
  8
WALL
100
AcDbLine
 10
-427036.8660101101
 20
-585693.9281943429
 30
0.0
 11
-427736.8660101105
 21
-585693.9281943425
 31
0.0
  0
LINE
  5
5B9
330
2
100
AcDbEntity
  8
DOTE1
100
AcDbLine
 10
-427636.8660101059
 20
-585593.9281943443
 30
0.0
 11
-424036.866010106
 21
-585593.9281943435
 31
0.0
  0
INSERT
  5
5BA
330
2
100
AcDbEntity
  8
F
  6
Continuous
100
AcDbBlockReference
  2
A$C21A822AE
 10
425234.7074582405
 20
-581555.9947883887
 30
0.0
 43
-1.0
 50
270.0
210
0.0
220
0.0
230
-1.0
  0
LINE
  5
5BB
330
2
100
AcDbEntity
  8
WALL
  6
Continuous
100
AcDbLine
 10
-428936.8661438235
 20
-578493.6975195257
 30
0.0
 11
-426936.8660101083
 21
-578493.6975195257
 31
0.0
  0
LINE
  5
5BC
330
2
100
AcDbEntity
  8
WINDOW
100
AcDbLine
 10
-431236.8661441623
 20
-586993.6975702191
 30
0.0
 11
-431236.8661457072
 21
-585843.697519525
 31
0.0
  0
LINE
  5
5BD
330
2
100
AcDbEntity
  8
WINDOW
100
AcDbLine
 10
-431036.86614383
 20
-586993.6975702191
 30
0.0
 11
-431036.8661438305
 21
-585843.697519525
 31
0.0
  0
LINE
  5
5BE
330
2
100
AcDbEntity
  8
WINDOW
100
AcDbLine
 10
-431116.86614383
 20
-586993.6975702191
 30
0.0
 11
-431116.8661438304
 21
-585843.697519525
 31
0.0
  0
LINE
  5
5BF
330
2
100
AcDbEntity
  8
WINDOW
100
AcDbLine
 10
-431156.8661441625
 20
-586993.6975702191
 30
0.0
 11
-431156.8661457072
 21
-585843.6975194461
 31
0.0
  0
LINE
  5
5C0
330
2
100
AcDbEntity
  8
WINDOW
100
AcDbLine
 10
-437956.8661422843
 20
-586993.6975702191
 30
0.0
 11
-437956.8661438293
 21
-585843.6975194472
 31
0.0
  0
LINE
  5
5C1
330
2
100
AcDbEntity
  8
WINDOW
100
AcDbLine
 10
-437916.8661419522
 20
-586993.6975702191
 30
0.0
 11
-437916.8661419522
 21
-585843.697519526
 31
0.0
  0
LINE
  5
5C2
330
2
100
AcDbEntity
  8
WINDOW
100
AcDbLine
 10
-437836.8661419523
 20
-586993.6975702191
 30
0.0
 11
-437836.8661419523
 21
-585843.697519526
 31
0.0
  0
LINE
  5
5C3
330
2
100
AcDbEntity
  8
WINDOW
100
AcDbLine
 10
-438036.8661422845
 20
-586993.6975702191
 30
0.0
 11
-438036.8661438292
 21
-585843.697519526
 31
0.0
  0
LINE
  5
5C4
330
2
100
AcDbEntity
  8
DOTE1
100
AcDbLine
 10
-431136.8661438264
 20
-579611.6906620665
 30
0.0
 11
-431136.8661438264
 21
-587193.6975153652
 31
0.0
  0
LINE
  5
5C5
330
2
100
AcDbEntity
  8
WALL
  6
Continuous
100
AcDbLine
 10
-432436.8661438287
 20
-586993.6975702191
 30
0.0
 11
-436636.8661438293
 21
-586993.6975702191
 31
0.0
  0
LINE
  5
5C6
330
2
100
AcDbEntity
  8
DOTE1
100
AcDbLine
 10
-441436.8664824077
 20
-591693.6975702189
 30
0.0
 11
-427636.8660101059
 21
-591693.6975702189
 31
0.0
  0
LINE
  5
5C7
330
2
100
AcDbEntity
  8
DOTE1
100
AcDbLine
 10
-441436.8664824073
 20
-593593.697570219
 30
0.0
 11
-427636.8660101059
 21
-593593.697570219
 31
0.0
  0
LINE
  5
5C8
330
2
100
AcDbEntity
  8
DOTE1
100
AcDbLine
 10
-441436.8664824077
 20
-588993.6975702189
 30
0.0
 11
-427636.8660101059
 21
-588993.6975702189
 31
0.0
  0
TEXT
  5
5C9
330
2
100
AcDbEntity
  8
PUB_TEXT
 62
     3
100
AcDbText
 10
-435616.418782864
 20
-591727.0842686014
 30
0.0
 40
450.0
  1
餐厅
 41
0.8
  7
HZTXT1
100
AcDbText
  0
LINE
  5
5CA
330
2
100
AcDbEntity
  8
WALL
  6
Continuous
100
AcDbLine
 10
-437836.8661438286
 20
-590193.6975702192
 30
0.0
 11
-437836.8661438289
 21
-591793.6975702192
 31
0.0
  0
LINE
  5
5CB
330
2
100
AcDbEntity
  8
WALL
  6
Continuous
100
AcDbLine
 10
-438086.8661438291
 20
-591593.6975702192
 30
0.0
 11
-438086.8661438291
 21
-591793.697570219
 31
0.0
  0
INSERT
  5
5CC
330
2
100
AcDbEntity
  8
F
  6
Continuous
100
AcDbBlockReference
 66
     1
  2
M_C25MYD
 10
435382.9380111014
 20
-591559.6370613965
 30
0.0
 43
-1.0
210
0.0
220
0.0
230
-1.0
  0
ATTRIB
  5
5CD
330
5CC
100
AcDbEntity
  8
0
100
AcDbText
 10
-435383.0713444348
 20
-591559.6370613965
 30
0.0
 40
0.5
  1
1500
 50
180.0
 41
0.7999999999883585
 51
-180.0
 71
     4
100
AcDbAttribute
280
     0
  2
XSIZE
 70
     9
280
     0
  0
ATTRIB
  5
5CE
330
5CC
100
AcDbEntity
  8
0
100
AcDbText
 10
-435382.985630149
 20
-591559.6370613965
 30
0.0
 40
0.5
  1
1809
 50
180.0
 41
0.7999999999883585
 51
-180.0
 71
     4
100
AcDbAttribute
280
     0
  2
YSIZE
 70
     9
280
     0
  0
SEQEND
  5
5CF
330
5CC
100
AcDbEntity
  8
AREA
  0
LINE
  5
5D0
330
2
100
AcDbEntity
  8
F
100
AcDbLine
 10
-439886.8632898984
 20
-591393.6975702171
 30
0.0
 11
-439886.8632898984
 21
-591693.6975702173
 31
0.0
  0
LINE
  5
5D1
330
2
100
AcDbEntity
  8
WINDOW
  6
Continuous
100
AcDbLine
 10
-441436.8663131167
 20
-591743.697570219
 30
0.0
 11
-441436.8663131167
 21
-590193.697570219
 31
0.0
  0
LINE
  5
5D2
330
2
100
AcDbEntity
  8
WINDOW
  6
Continuous
100
AcDbLine
 10
-441386.8663131164
 20
-591693.6975702189
 30
0.0
 11
-441386.8663131164
 21
-590193.697570219
 31
0.0
  0
LINE
  5
5D3
330
2
100
AcDbEntity
  8
WINDOW
  6
DASH
100
AcDbLine
 10
-441336.866482405
 20
-590193.6975702192
 30
0.0
 11
-441336.8664820931
 21
-591693.6975702189
 31
0.0
  0
LINE
  5
5D4
330
2
100
AcDbEntity
  8
WINDOW
  6
Continuous
100
AcDbLine
 10
-441536.8663131165
 20
-591843.6975702189
 30
0.0
 11
-441536.8663131165
 21
-590193.697570219
 31
0.0
  0
INSERT
  5
5D5
330
2
100
AcDbEntity
  8
WINDOW
  6
Continuous
100
AcDbBlockReference
 66
     1
  2
_DBLK
 10
-438536.8661438291
 20
-591743.697570219
 30
0.0
 41
-900.0
 42
-900.0
 43
900.0
1001
WTHICK
1040
100.0
  0
ATTRIB
  5
5D6
330
5D5
100
AcDbEntity
  8
WINDOW_TEXT
100
AcDbText
 10
-438536.8661438291
 20
-591393.6975702188
 30
0.0
 40
300.0
  1

 50
180.0
 41
0.8
  7
SIMPLEX
 72
     4
 11
-438536.8661438291
 21
-591393.6975702188
 31
0.0
100
AcDbAttribute
280
     0
  2
A
 70
     9
280
     0
  0
SEQEND
  5
5D7
330
5D5
100
AcDbEntity
  8
WINDOW
  6
Continuous
  0
LINE
  5
5D8
330
2
100
AcDbEntity
  8
WALL
  6
Continuous
100
AcDbLine
 10
-438236.8663131167
 20
-592793.697570219
 30
0.0
 11
-438036.8663131167
 21
-592793.697570219
 31
0.0
  0
INSERT
  5
5D9
330
2
100
AcDbEntity
  8
WINDOW
  6
Continuous
100
AcDbBlockReference
 66
     1
  2
_DBLK
 10
-438736.8663131165
 20
-593343.6975702188
 30
0.0
 41
-900.0
 42
900.0
 43
900.0
1001
WTHICK
1040
100.0
  0
ATTRIB
  5
5DA
330
5D9
100
AcDbEntity
  8
WINDOW_TEXT
100
AcDbText
 10
-438736.8663131165
 20
-592993.6975702187
 30
0.0
 40
300.0
  1

 50
180.0
 41
0.8
  7
SIMPLEX
 72
     4
 11
-438736.8663131165
 21
-592993.6975702187
 31
0.0
100
AcDbAttribute
280
     0
  2
A
 70
     9
280
     0
  0
SEQEND
  5
5DB
330
5D9
100
AcDbEntity
  8
WINDOW
  6
Continuous
  0
TEXT
  5
5DC
330
2
100
AcDbEntity
  8
PUB_TEXT
 62
     3
100
AcDbText
 10
-440341.3381210969
 20
-596044.1967567579
 30
0.0
 40
450.0
  1
卧室
 41
0.8
  7
HZTXT1
100
AcDbText
  0
INSERT
  5
5DD
330
2
100
AcDbEntity
  8
F
100
AcDbBlockReference
  2
A$C30CA008E
 10
-438780.6108525374
 20
-596681.5400679051
 30
0.0
  0
LINE
  5
5F1
330
2
100
AcDbEntity
  8
WALL
  6
Continuous
100
AcDbLine
 10
-441536.8664824041
 20
-591693.6975702189
 30
0.0
 11
-438986.8661438291
 21
-591693.6975702189
 31
0.0
  0
INSERT
  5
5F2
330
2
100
AcDbEntity
  8
WINDOW
  6
Continuous
100
AcDbBlockReference
 66
     1
  2
_DBLK
 10
-439286.8661438291
 20
-592393.6975702192
 30
0.0
 41
-800.0
 42
-800.0
 43
800.0
 50
90.0
1001
WTHICK
1040
100.0000000000145
  0
ATTRIB
  5
5F3
330
5F2
100
AcDbEntity
  8
WINDOW_TEXT
100
AcDbText
 10
-439636.866143829
 20
-592393.6975702192
 30
0.0
 40
300.0
  1

 50
270.0
 41
0.8
  7
SIMPLEX
 72
     4
 11
-439636.866143829
 21
-592393.6975702192
 31
0.0
100
AcDbAttribute
280
     0
  2
A
 70
     9
280
     0
  0
SEQEND
  5
5F4
330
5F2
100
AcDbEntity
  8
WINDOW
  6
Continuous
  0
LINE
  5
5F5
330
2
100
AcDbEntity
  8
F
100
AcDbLine
 10
-439829.6579198793
 20
-593751.5746203354
 30
0.0
 11
-439897.8833790489
 21
-594097.1479192395
 31
0.0
  0
LINE
  5
5F6
330
2
100
AcDbEntity
  8
F
100
AcDbLine
 10
-439386.8661438286
 20
-593918.6975702335
 30
0.0
 11
-441336.8664824045
 21
-593918.6975702337
 31
0.0
  0
LINE
  5
5F7
330
2
100
AcDbEntity
  8
F
  6
Continuous
100
AcDbLine
 10
-439386.8661438286
 20
-594143.6975702185
 30
0.0
 11
-441336.866482404
 21
-594143.6975702189
 31
0.0
  0
LINE
  5
5F8
330
2
100
AcDbEntity
  8
F
  6
Continuous
100
AcDbLine
 10
-439336.8661438286
 20
-594193.6975702184
 30
0.0
 11
-441336.866482404
 21
-594193.697570219
 31
0.0
  0
LINE
  5
5F9
330
2
100
AcDbEntity
  8
WALL
  6
Continuous
100
AcDbLine
 10
-439336.866143829
 20
-593593.697570219
 30
0.0
 11
-441336.8664824043
 21
-593593.697570219
 31
0.0
  0
LINE
  5
5FA
330
2
100
AcDbEntity
  8
WALL
  6
Continuous
100
AcDbLine
 10
-439236.8661438286
 20
-593693.697570219
 30
0.0
 11
-441336.8664824043
 21
-593693.697570219
 31
0.0
  0
LINE
  5
5FB
330
2
100
AcDbEntity
  8
WALL
  6
Continuous
100
AcDbLine
 10
-441336.8664824043
 20
-591793.6975702193
 30
0.0
 11
-439336.866143829
 21
-591793.6975702192
 31
0.0
  0
TEXT
  5
5FC
330
2
100
AcDbEntity
  8
PUB_TEXT
 62
     3
100
AcDbText
 10
-440627.6816129174
 20
-592907.9771764502
 30
0.0
 40
450.0
  1
卫生间
 41
0.8
  7
HZTXT1
100
AcDbText
  0
LINE
  5
5FD
330
2
100
AcDbEntity
  8
WC
100
AcDbLine
 10
-440549.5877337742
 20
-592993.6975704054
 30
0.0
 11
-439336.866482464
 21
-592993.6975703454
 31
0.0
  0
LINE
  5
5FE
330
2
100
AcDbEntity
  8
WALL
  6
Continuous
100
AcDbLine
 10
-441336.8664824043
 20
-591693.6975702189
 30
0.0
 11
-440736.8664824041
 21
-591693.6975702189
 31
0.0
  0
LINE
  5
5FF
330
2
100
AcDbEntity
  8
WINDOW
  6
Continuous
100
AcDbLine
 10
-441436.8663131167
 20
-591743.697570219
 30
0.0
 11
-441536.8664824041
 21
-591743.697570219
 31
0.0
  0
LINE
  5
600
330
2
100
AcDbEntity
  8
WINDOW
  6
Continuous
100
AcDbLine
 10
-441386.8663131164
 20
-591693.6975702189
 30
0.0
 11
-441536.8664824041
 21
-591693.6975702189
 31
0.0
  0
LINE
  5
601
330
2
100
AcDbEntity
  8
F
100
AcDbLine
 10
-440285.0525722993
 20
-594097.1479192397
 30
0.0
 11
-440345.6964689735
 21
-593761.4396723241
 31
0.0
  0
LINE
  5
602
330
2
100
AcDbEntity
  8
F
100
AcDbLine
 10
-440101.0755811299
 20
-593751.5746203354
 30
0.0
 11
-440169.3010402997
 21
-594097.1479192395
 31
0.0
  0
LINE
  5
603
330
2
100
AcDbEntity
  8
F
100
AcDbLine
 10
-440226.6823075462
 20
-594097.1479192395
 30
0.0
 11
-440231.7128604378
 21
-593761.439672324
 31
0.0
  0
LINE
  5
604
330
2
100
AcDbEntity
  8
F
100
AcDbLine
 10
-439948.265274156
 20
-594097.1479192399
 30
0.0
 11
-439976.8654392182
 21
-593761.439672324
 31
0.0
  0
INSERT
  5
605
330
2
100
AcDbEntity
  8
WC
100
AcDbBlockReference
  2
A$C6A35453C
 10
-440639.1796359049
 20
-591987.3762964527
 30
-39758.14702731787
 50
180.3726361336195
  0
INSERT
  5
617
330
2
100
AcDbEntity
  8
WC
100
AcDbBlockReference
  2
A$C0C2A2C94
 10
-440526.8661119513
 20
-593593.6983317917
 30
-39758.14702732055
 41
-1.0
  0
LINE
  5
62E
330
2
100
AcDbEntity
  8
WALL
  6
Continuous
100
AcDbLine
 10
-441336.8664824043
 20
-591793.6975702193
 30
0.0
 11
-440736.8664824041
 21
-591793.6975702193
 31
0.0
  0
LINE
  5
62F
330
2
100
AcDbEntity
  8
F
100
AcDbLine
 10
-441087.2940293232
 20
-594097.1479192397
 30
0.0
 11
-441248.6609802733
 21
-593761.4396723241
 31
0.0
  0
LINE
  5
630
330
2
100
AcDbEntity
  8
F
100
AcDbLine
 10
-440755.8773572016
 20
-594097.1479192397
 30
0.0
 11
-440816.5212538759
 21
-593761.4396723241
 31
0.0
  0
LINE
  5
631
330
2
100
AcDbEntity
  8
F
100
AcDbLine
 10
-440697.5070924485
 20
-594097.1479192395
 30
0.0
 11
-440702.5376453403
 21
-593761.439672324
 31
0.0
  0
LINE
  5
632
330
2
100
AcDbEntity
  8
F
100
AcDbLine
 10
-440860.3092805536
 20
-593761.4396723241
 30
0.0
 11
-440923.1966879596
 21
-594097.1479192397
 31
0.0
  0
LINE
  5
633
330
2
100
AcDbEntity
  8
F
100
AcDbLine
 10
-440573.6018147989
 20
-593761.439672324
 30
0.0
 11
-440640.125825202
 21
-594097.1479192395
 31
0.0
  0
LINE
  5
634
330
2
100
AcDbEntity
  8
F
100
AcDbLine
 10
-440461.5920964831
 20
-593761.439672324
 30
0.0
 11
-440524.4795038888
 21
-594097.1479192397
 31
0.0
  0
LINE
  5
635
330
2
100
AcDbEntity
  8
F
100
AcDbLine
 10
-440972.3189988695
 20
-593761.4396723241
 30
0.0
 11
-441038.8430092728
 21
-594097.1479192397
 31
0.0
  0
LINE
  5
636
330
2
100
AcDbEntity
  8
WINDOW
100
AcDbLine
 10
-441336.8664824043
 20
-593493.6975702189
 30
0.0
 11
-441336.8664824043
 21
-592693.6975702192
 31
0.0
  0
LINE
  5
637
330
2
100
AcDbEntity
  8
WINDOW
100
AcDbLine
 10
-441403.533149071
 20
-592693.6975702192
 30
0.0
 11
-441403.533149071
 21
-593493.6975702189
 31
0.0
  0
LINE
  5
638
330
2
100
AcDbEntity
  8
WINDOW
100
AcDbLine
 10
-441470.1998157378
 20
-592693.6975702192
 30
0.0
 11
-441470.1998157378
 21
-593493.6975702189
 31
0.0
  0
LINE
  5
639
330
2
100
AcDbEntity
  8
WINDOW
100
AcDbLine
 10
-441536.8664824041
 20
-593493.6975702189
 30
0.0
 11
-441536.8664824041
 21
-592693.6975702192
 31
0.0
  0
LINE
  5
63A
330
2
100
AcDbEntity
  8
WINDOW
  6
Continuous
100
AcDbLine
 10
-441536.8663131165
 20
-591843.6975702189
 30
0.0
 11
-441536.8664824041
 21
-591843.6975702189
 31
0.0
  0
LINE
  5
63B
330
2
100
AcDbEntity
  8
WALL
  6
Continuous
100
AcDbLine
 10
-441336.8664824043
 20
-592693.6975702192
 30
0.0
 11
-441536.8664824041
 21
-592693.6975702192
 31
0.0
  0
LINE
  5
63C
330
2
100
AcDbEntity
  8
WALL
  6
Continuous
100
AcDbLine
 10
-441536.8664824041
 20
-591793.6975702193
 30
0.0
 11
-441536.8664824041
 21
-592693.6975702192
 31
0.0
  0
LINE
  5
63D
330
2
100
AcDbEntity
  8
WALL
  6
Continuous
100
AcDbLine
 10
-441336.8664824043
 20
-591793.6975702193
 30
0.0
 11
-441336.8664824043
 21
-592693.6975702192
 31
0.0
  0
LINE
  5
63E
330
2
100
AcDbEntity
  8
WALL
  6
Continuous
100
AcDbLine
 10
-441336.8664824043
 20
-593493.6975702189
 30
0.0
 11
-441336.8664824043
 21
-593593.697570219
 31
0.0
  0
LINE
  5
63F
330
2
100
AcDbEntity
  8
WALL
  6
Continuous
100
AcDbLine
 10
-441336.8664824043
 20
-593493.6975702189
 30
0.0
 11
-441536.8664824041
 21
-593493.6975702189
 31
0.0
  0
LINE
  5
640
330
2
100
AcDbEntity
  8
WALL
  6
Continuous
100
AcDbLine
 10
-441336.8664824043
 20
-593593.697570219
 30
0.0
 11
-441336.8664824043
 21
-593593.697570219
 31
0.0
  0
LINE
  5
641
330
2
100
AcDbEntity
  8
WALL
  6
Continuous
100
AcDbLine
 10
-441536.8664824041
 20
-591693.6975702189
 30
0.0
 11
-441536.8664824041
 21
-592693.6975702192
 31
0.0
  0
LINE
  5
642
330
2
100
AcDbEntity
  8
WALL
  6
Continuous
100
AcDbLine
 10
-438236.8663131167
 20
-592793.697570219
 30
0.0
 11
-438236.8663131167
 21
-593293.6975702189
 31
0.0
  0
LINE
  5
643
330
2
100
AcDbEntity
  8
WALL
  6
Continuous
100
AcDbLine
 10
-438286.8663131165
 20
-593393.697570219
 30
0.0
 11
-438286.8663131165
 21
-593293.6975702189
 31
0.0
  0
LINE
  5
644
330
2
100
AcDbEntity
  8
WALL
  6
Continuous
100
AcDbLine
 10
-438286.8663131165
 20
-593393.697570219
 30
0.0
 11
-438236.8663131167
 21
-593393.697570219
 31
0.0
  0
LINE
  5
645
330
2
100
AcDbEntity
  8
WALL
100
AcDbLine
 10
-438286.8663131165
 20
-593293.6975702189
 30
0.0
 11
-438236.8663131169
 21
-593293.6975702189
 31
0.0
  0
LINE
  5
646
330
2
100
AcDbEntity
  8
WALL
  6
Continuous
100
AcDbLine
 10
-439186.866143829
 20
-593393.6975702188
 30
0.0
 11
-439186.866143829
 21
-593293.6975702189
 31
0.0
  0
LINE
  5
647
330
2
100
AcDbEntity
  8
see
100
AcDbLine
 10
-439336.866143829
 20
-591993.697570219
 30
0.0
 11
-439336.8661438286
 21
-592793.697570219
 31
0.0
  0
LINE
  5
64C
330
2
100
AcDbEntity
  8
WALL
  6
Continuous
100
AcDbLine
 10
-439336.866143829
 20
-591993.697570219
 30
0.0
 11
-439236.8661438286
 21
-591993.697570219
 31
0.0
  0
LINE
  5
64D
330
2
100
AcDbEntity
  8
WALL
  6
Continuous
100
AcDbLine
 10
-439236.8661438286
 20
-591793.6975702192
 30
0.0
 11
-439236.8661438286
 21
-591993.697570219
 31
0.0
  0
LINE
  5
64E
330
2
100
AcDbEntity
  8
WALL
  6
Continuous
100
AcDbLine
 10
-439336.866143829
 20
-591793.6975702192
 30
0.0
 11
-439336.866143829
 21
-591993.697570219
 31
0.0
  0
LINE
  5
64F
330
2
100
AcDbEntity
  8
WALL
  6
Continuous
100
AcDbLine
 10
-439236.8661438286
 20
-591793.6975702192
 30
0.0
 11
-438986.8661438291
 21
-591793.6975702192
 31
0.0
  0
LINE
  5
650
330
2
100
AcDbEntity
  8
F
100
AcDbLine
 10
-439487.269885588
 20
-593751.5746203354
 30
0.0
 11
-439555.4953447574
 21
-594097.1479192395
 31
0.0
  0
LINE
  5
651
330
2
100
AcDbEntity
  8
F
100
AcDbLine
 10
-439596.7719946304
 20
-593751.5746203354
 30
0.0
 11
-439664.9974538003
 21
-594097.1479192395
 31
0.0
  0
LINE
  5
652
330
2
100
AcDbEntity
  8
F
  6
Continuous
100
AcDbLine
 10
-439386.8661438286
 20
-594143.6975702185
 30
0.0
 11
-439386.8661438291
 21
-593693.6975702185
 31
0.0
  0
LINE
  5
653
330
2
100
AcDbEntity
  8
F
  6
Continuous
100
AcDbLine
 10
-439336.8661438286
 20
-594193.6975702184
 30
0.0
 11
-439336.866143829
 21
-593693.6975702185
 31
0.0
  0
LINE
  5
654
330
2
100
AcDbEntity
  8
F
100
AcDbLine
 10
-439720.1558108362
 20
-593751.5746203354
 30
0.0
 11
-439788.3812700061
 21
-594097.1479192395
 31
0.0
  0
LINE
  5
655
330
2
100
AcDbEntity
  8
WALL
  6
Continuous
100
AcDbLine
 10
-439236.8661438257
 20
-593293.6975702189
 30
0.0
 11
-439236.8661438257
 21
-592793.697570219
 31
0.0
  0
LINE
  5
656
330
2
100
AcDbEntity
  8
WALL
  6
Continuous
100
AcDbLine
 10
-439236.8661438257
 20
-593693.697570219
 30
0.0
 11
-439236.8661438257
 21
-593393.6975702188
 31
0.0
  0
LINE
  5
657
330
2
100
AcDbEntity
  8
WALL
  6
Continuous
100
AcDbLine
 10
-439336.8661438286
 20
-592793.697570219
 30
0.0
 11
-439336.866143829
 21
-593593.697570219
 31
0.0
  0
LINE
  5
658
330
2
100
AcDbEntity
  8
WALL
  6
Continuous
100
AcDbLine
 10
-439336.8661438286
 20
-592793.697570219
 30
0.0
 11
-439236.8661438286
 21
-592793.697570219
 31
0.0
  0
LINE
  5
659
330
2
100
AcDbEntity
  8
WALL
  6
Continuous
100
AcDbLine
 10
-439236.8661438291
 20
-593393.6975702188
 30
0.0
 11
-439186.866143829
 21
-593393.6975702188
 31
0.0
  0
LINE
  5
65A
330
2
100
AcDbEntity
  8
WALL
  6
Continuous
100
AcDbLine
 10
-439236.8661438291
 20
-593293.6975702189
 30
0.0
 11
-439186.866143829
 21
-593293.6975702189
 31
0.0
  0
LINE
  5
65B
330
2
100
AcDbEntity
  8
WALL
  6
Continuous
100
AcDbLine
 10
-439236.8661438291
 20
-593393.6975702188
 30
0.0
 11
-439236.8661438286
 21
-593393.697570219
 31
0.0
  0
LINE
  5
65C
330
2
100
AcDbEntity
  8
WALL
  6
Continuous
100
AcDbLine
 10
-438986.8661438291
 20
-591693.6975702189
 30
0.0
 11
-438986.8661438291
 21
-591793.6975702192
 31
0.0
  0
INSERT
  5
65D
330
2
100
AcDbEntity
  8
F
  6
Continuous
100
AcDbBlockReference
  2
A$C21A822AE
 10
435533.1460512878
 20
-597027.344375113
 30
0.0
 41
-1.0
 43
-1.0
 50
270.0
210
0.0
220
0.0
230
-1.0
  0
INSERT
  5
65E
330
2
100
AcDbEntity
  8
F
  6
Continuous
100
AcDbBlockReference
  2
A$C5DBE159F
 10
434636.8660009971
 20
-593313.4854302426
 30
0.0
 41
-1.0
 43
-1.0
 50
179.9778512501048
210
0.0
220
0.0
230
-1.0
  0
TEXT
  5
65F
330
2
100
AcDbEntity
  8
PUB_TEXT
 62
     3
100
AcDbText
 10
-435574.4134406451
 20
-596803.5449533818
 30
0.0
 40
450.0
  1
客厅
 41
0.8
  7
HZTXT1
100
AcDbText
  0
INSERT
  5
660
330
2
100
AcDbEntity
  8
F
  6
Continuous
100
AcDbBlockReference
  2
A$C7C9A6AE1
 10
435132.4874039788
 20
-594980.3245897698
 30
-0.0000000000183262
 41
-1.0
 43
-1.0
 50
269.9813691779465
210
0.0
220
0.0
230
-1.0
  0
TEXT
  5
661
330
2
100
AcDbEntity
  8
TEXT
100
AcDbText
 10
-437250.3361624075
 20
-592699.5599070196
 30
0.0
 40
350.0
  1
A1
 41
0.65
  7
宋
100
AcDbText
  0
ELLIPSE
  5
666
330
2
100
AcDbEntity
  8
TEXT
100
AcDbEllipse
 10
-437044.3277504628
 20
-592501.3376683082
 30
0.0
 11
496.5249004033391
 21
-0.0000000000325643
 31
0.0
210
0.0
220
0.0
230
1.0
 40
0.727272845916966
 41
0.0
 42
6.283185307179584
  0
LINE
  5
667
330
2
100
AcDbEntity
  8
WALL
  6
Continuous
100
AcDbLine
 10
-438086.8661438291
 20
-591793.697570219
 30
0.0
 11
-437836.8661438289
 21
-591793.6975702192
 31
0.0
  0
INSERT
  5
668
330
2
100
AcDbEntity
  8
F
  6
Continuous
100
AcDbBlockReference
  2
A$C3FB71EF3
 10
-438636.8661422892
 20
-589093.6974528212
 30
0.0
 50
270.0
  0
LINE
  5
669
330
2
100
AcDbEntity
  8
WALL
  6
Continuous
100
AcDbLine
 10
-438036.866143832
 20
-589093.6975702192
 30
0.0
 11
-438836.8661438465
 21
-589093.6975702192
 31
0.0
  0
LINE
  5
66A
330
2
100
AcDbEntity
  8
WALL
  6
Continuous
100
AcDbLine
 10
-438536.8661438465
 20
-588893.697570219
 30
0.0
 11
-437836.8661438321
 21
-588893.6975702193
 31
0.0
  0
INSERT
  5
66B
330
2
100
AcDbEntity
  8
WC
100
AcDbBlockReference
 66
     1
  2
A$C095B46CE
 10
-438589.5545978358
 20
-587765.4910762069
 30
0.0
  0
ATTRIB
  5
68D
330
66B
100
AcDbEntity
  8
WC
100
AcDbText
 10
-438310.1048120617
 20
-587193.6975702189
 30
0.0
 40
0.4049999999344935
  1
705
 50
180.0160618337056
 41
0.8000000001652459
 71
     4
100
AcDbAttribute
280
     0
  2
YSIZE
 70
     9
280
     0
  0
ATTRIB
  5
68E
330
66B
100
AcDbEntity
  8
WC
100
AcDbText
 10
-438310.1048120617
 20
-587193.6975702189
 30
0.0
 40
0.4049999999344935
  1
690
 50
180.0160618337056
 41
0.8000000001652459
 71
     4
100
AcDbAttribute
280
     0
  2
XSIZE
 70
     9
280
     0
  0
SEQEND
  5
68F
330
66B
100
AcDbEntity
  8
栏杆
  0
LINE
  5
690
330
2
100
AcDbEntity
  8
WALL
  6
Continuous
100
AcDbLine
 10
-437836.8661438321
 20
-588893.6975702193
 30
0.0
 11
-441536.8664824074
 21
-588893.6975702193
 31
0.0
  0
LINE
  5
691
330
2
100
AcDbEntity
  8
WALL
  6
Continuous
100
AcDbLine
 10
-438836.8661438315
 20
-586993.6975702191
 30
0.0
 11
-437636.8661438291
 21
-586993.6975702191
 31
0.0
  0
LINE
  5
692
330
2
100
AcDbEntity
  8
WALL
  6
Continuous
100
AcDbLine
 10
-438836.8661438315
 20
-587193.6975702189
 30
0.0
 11
-437636.8661438291
 21
-587193.6975702189
 31
0.0
  0
LINE
  5
693
330
2
100
AcDbEntity
  8
WALL
  6
Continuous
100
AcDbLine
 10
-441536.8664824074
 20
-589993.6975702189
 30
0.0
 11
-441536.8664824074
 21
-588893.697570219
 31
0.0
  0
TEXT
  5
694
330
2
100
AcDbEntity
  8
PUB_TEXT
 62
     3
100
AcDbText
 10
-439966.3282962662
 20
-590853.3937087351
 30
0.0
 40
450.0
  1
卧室
 41
0.8
  7
HZTXT1
100
AcDbText
  0
LINE
  5
695
330
2
100
AcDbEntity
  8
WALL
  6
Continuous
100
AcDbLine
 10
-438436.8661435175
 20
-589093.697570219
 30
0.0
 11
-441336.8664824075
 21
-589093.6975702192
 31
0.0
  0
LINE
  5
696
330
2
100
AcDbEntity
  8
F
100
AcDbLine
 10
-439886.8632898984
 20
-591393.6975702171
 30
0.0
 11
-441336.8664821969
 21
-591393.6975702171
 31
0.0
  0
INSERT
  5
697
330
2
100
AcDbEntity
  8
F
100
AcDbBlockReference
  2
A$C237D42E5
 10
-439313.8071633631
 20
-590031.3324974323
 30
-39758.14702732055
 41
-1.0
  0
LINE
  5
698
330
2
100
AcDbEntity
  8
WALL
  6
Continuous
100
AcDbLine
 10
-441336.8664824075
 20
-590193.697570219
 30
0.0
 11
-441536.8664824074
 21
-590193.697570219
 31
0.0
  0
LINE
  5
699
330
2
100
AcDbEntity
  8
WALL
  6
Continuous
100
AcDbLine
 10
-441336.8664824075
 20
-589093.6975702192
 30
0.0
 11
-441336.8664824075
 21
-590193.697570219
 31
0.0
  0
LINE
  5
69A
330
2
100
AcDbEntity
  8
WALL
100
AcDbLine
 10
-441536.8664824074
 20
-590193.697570219
 30
0.0
 11
-441536.8664824074
 21
-589993.6975702189
 31
0.0
  0
LINE
  5
69B
330
2
100
AcDbEntity
  8
WALL
100
AcDbLine
 10
-441536.8664824074
 20
-590193.697570219
 30
0.0
 11
-441536.8664824074
 21
-589993.6975702189
 31
0.0
  0
LINE
  5
69C
330
2
100
AcDbEntity
  8
WALL
  6
Continuous
100
AcDbLine
 10
-441536.8664824074
 20
-590193.697570219
 30
0.0
 11
-441536.8664824074
 21
-590193.697570219
 31
0.0
  0
LINE
  5
69D
330
2
100
AcDbEntity
  8
WALL
  6
Continuous
100
AcDbLine
 10
-441536.8664824074
 20
-590193.697570219
 30
0.0
 11
-441536.8664824074
 21
-590193.697570219
 31
0.0
  0
LINE
  5
69E
330
2
100
AcDbEntity
  8
WALL
  6
Continuous
100
AcDbLine
 10
-441536.8664824074
 20
-589993.6975702189
 30
0.0
 11
-441536.8664824074
 21
-589993.6975702189
 31
0.0
  0
LINE
  5
69F
330
2
100
AcDbEntity
  8
WALL
  6
Continuous
100
AcDbLine
 10
-441536.8664824074
 20
-589993.6975702189
 30
0.0
 11
-441536.8664824074
 21
-589993.6975702189
 31
0.0
  0
INSERT
  5
6A0
330
2
100
AcDbEntity
  8
F
100
AcDbBlockReference
 66
     1
  2
M_C3
 10
-440744.956726945
 20
-591446.7932699984
 30
0.0
 41
-1.0
  0
ATTRIB
  5
6A1
330
6A0
100
AcDbEntity
  8
0
100
AcDbText
 10
-440745.8900602786
 20
-591446.2932699984
 30
0.0
 40
0.5
  1
315
 50
180.0
 41
0.8
 71
     2
100
AcDbAttribute
280
     0
  2
YSIZE
 70
     9
280
     0
  0
ATTRIB
  5
6A2
330
6A0
100
AcDbEntity
  8
0
100
AcDbText
 10
-440746.0233936116
 20
-591446.2932699984
 30
0.0
 40
0.5
  1
639
 50
180.0
 41
0.8
 71
     2
100
AcDbAttribute
280
     0
  2
XSIZE
 70
     9
280
     0
  0
ATTRIB
  5
6A3
330
6A0
100
AcDbEntity
  8
0
100
AcDbText
 10
-440746.0233936116
 20
-591446.2932699984
 30
0.0
 40
0.5
  1
639
 50
180.0
 41
0.8
 71
     2
100
AcDbAttribute
280
     0
  2
XSIZE
 70
     9
280
     0
  0
ATTRIB
  5
6A4
330
6A0
100
AcDbEntity
  8
0
100
AcDbText
 10
-440745.8900602786
 20
-591446.2932699984
 30
0.0
 40
0.5
  1
315
 50
180.0
 41
0.8
 71
     2
100
AcDbAttribute
280
     0
  2
YSIZE
 70
     9
280
     0
  0
SEQEND
  5
6A5
330
6A0
100
AcDbEntity
  8
PS
 62
     9
  0
LINE
  5
6A6
330
2
100
AcDbEntity
  8
栏杆
100
AcDbLine
 10
-438836.8661438318
 20
-588893.697570219
 30
0.0
 11
-438836.8661438318
 21
-587193.6975702189
 31
0.0
  0
LINE
  5
6A7
330
2
100
AcDbEntity
  8
栏杆
100
AcDbLine
 10
-438736.8661438317
 20
-588893.697570219
 30
0.0
 11
-438736.8661438317
 21
-587193.6975702189
 31
0.0
  0
LINE
  5
6A8
330
2
100
AcDbEntity
  8
百页
  6
Continuous
100
AcDbLine
 10
-439236.86614352
 20
-587893.6975702189
 30
0.0
 11
-439236.86614352
 21
-588893.6975702193
 31
0.0
  0
LINE
  5
6AC
330
2
100
AcDbEntity
  8
百页
  6
Continuous
100
AcDbLine
 10
-439286.86614352
 20
-587843.6975702192
 30
0.0
 11
-439286.86614352
 21
-588893.6975702193
 31
0.0
  0
LINE
  5
6AD
330
2
100
AcDbEntity
  8
8
  6
Continuous
100
AcDbLine
 10
-439336.8661435199
 20
-587793.6975702191
 30
0.0
 11
-439336.8661435199
 21
-588893.697570219
 31
0.0
  0
LINE
  5
6B1
330
2
100
AcDbEntity
  8
8
  6
Continuous
100
AcDbLine
 10
-438836.8661435201
 20
-587793.697570219
 30
0.0
 11
-439336.8661435199
 21
-587793.6975702191
 31
0.0
  0
LINE
  5
6B2
330
2
100
AcDbEntity
  8
百页
  6
Continuous
100
AcDbLine
 10
-438836.8661435201
 20
-587843.6975702189
 30
0.0
 11
-439286.86614352
 21
-587843.6975702192
 31
0.0
  0
LINE
  5
6B3
330
2
100
AcDbEntity
  8
百页
  6
Continuous
100
AcDbLine
 10
-438836.8661435201
 20
-587893.6975702192
 30
0.0
 11
-439236.86614352
 21
-587893.6975702189
 31
0.0
  0
LINE
  5
6B4
330
2
100
AcDbEntity
  8
WALL
  6
Continuous
100
AcDbLine
 10
-438836.8661438315
 20
-587193.6975702189
 30
0.0
 11
-438836.8661438315
 21
-586993.6975702191
 31
0.0
  0
LINE
  5
6B5
330
2
100
AcDbEntity
  8
WALL
  6
Continuous
100
AcDbLine
 10
-436236.8661438288
 20
-589993.6975702189
 30
0.0
 11
-436236.8661438288
 21
-588993.6975702193
 31
0.0
  0
LINE
  5
6B6
330
2
100
AcDbEntity
  8
WALL
  6
Continuous
100
AcDbLine
 10
-436436.8661438287
 20
-589993.6975702193
 30
0.0
 11
-436436.8661438287
 21
-588993.6975702192
 31
0.0
  0
LINE
  5
6B7
330
2
100
AcDbEntity
  8
WALL
100
AcDbLine
 10
-437836.8661435173
 20
-589993.6975702193
 30
0.0
 11
-437836.8661438321
 21
-588893.6975702193
 31
0.0
  0
INSERT
  5
6B8
330
2
100
AcDbEntity
  8
F
  6
Continuous
100
AcDbBlockReference
  2
A$C38AE43E2
 10
-436686.8660328491
 20
-588993.697573828
 30
0.0
 41
-1.0
 50
180.0
  0
LINE
  5
6B9
330
2
100
AcDbEntity
  8
WC
100
AcDbLine
 10
-435236.8661438286
 20
-587793.6975702191
 30
0.0
 11
-435236.8661438286
 21
-589303.6990649587
 31
0.0
  0
LINE
  5
6BA
330
2
100
AcDbEntity
  8
WALL
  6
Continuous
100
AcDbLine
 10
-434636.8661438293
 20
-587193.6975702189
 30
0.0
 11
-434636.8671403237
 21
-589593.6975702191
 31
0.0
  0
LINE
  5
6BB
330
2
100
AcDbEntity
  8
WALL
  6
Continuous
100
AcDbLine
 10
-434636.8661438293
 20
-587193.6975702189
 30
0.0
 11
-434636.8673064063
 21
-589993.6975702193
 31
0.0
  0
LINE
  5
6BC
330
2
100
AcDbEntity
  8
WALL
  6
Continuous
100
AcDbLine
 10
-436136.866143829
 20
-590193.6975702192
 30
0.0
 11
-436336.8661438286
 21
-590193.6975702192
 31
0.0
  0
INSERT
  5
6BD
330
2
100
AcDbEntity
  8
WINDOW
  6
Continuous
100
AcDbBlockReference
 66
     1
  2
_DBLK
 10
-437236.8661438289
 20
-590093.6975702193
 30
0.0
 41
1000.0
 42
1000.0
 43
1000.0
1001
WTHICK
1040
200.0
  0
ATTRIB
  5
6BE
330
6BD
100
AcDbEntity
  8
WINDOW_TEXT
100
AcDbText
 10
-437236.8661438289
 20
-589693.6975702192
 30
0.0
 40
300.0
  1

 50
180.0
 41
0.8
  7
SIMPLEX
 72
     4
 11
-437236.8661438289
 21
-589693.6975702192
 31
0.0
100
AcDbAttribute
280
     0
  2
A
 70
     9
280
     0
  0
SEQEND
  5
6BF
330
6BD
100
AcDbEntity
  8
WINDOW
  6
Continuous
  0
LINE
  5
6C0
330
2
100
AcDbEntity
  8
WALL
  6
Continuous
100
AcDbLine
 10
-438036.866143832
 20
-590693.6975702193
 30
0.0
 11
-438036.866143832
 21
-589093.6975702192
 31
0.0
  0
LINE
  5
6C1
330
2
100
AcDbEntity
  8
WALL
  6
Continuous
100
AcDbLine
 10
-436436.8661438287
 20
-589993.6975702189
 30
0.0
 11
-436736.8661438288
 21
-589993.6975702187
 31
0.0
  0
LINE
  5
6C2
330
2
100
AcDbEntity
  8
see
100
AcDbLine
 10
-437736.8661438286
 20
-589993.6975702193
 30
0.0
 11
-436736.8661438288
 21
-589993.6975702193
 31
0.0
  0
LINE
  5
6C3
330
2
100
AcDbEntity
  8
WALL
  6
Continuous
100
AcDbLine
 10
-436736.8661438287
 20
-590193.6975702192
 30
0.0
 11
-436736.8661438288
 21
-589993.6975702187
 31
0.0
  0
LINE
  5
6C4
330
2
100
AcDbEntity
  8
WALL
  6
Continuous
100
AcDbLine
 10
-437736.8661438286
 20
-590193.6975702192
 30
0.0
 11
-437736.8661438286
 21
-589993.6975702193
 31
0.0
  0
LINE
  5
6C5
330
2
100
AcDbEntity
  8
WALL
  6
Continuous
100
AcDbLine
 10
-437736.8661438286
 20
-590193.6975702192
 30
0.0
 11
-437836.8661438286
 21
-590193.6975702192
 31
0.0
  0
LINE
  5
6C6
330
2
100
AcDbEntity
  8
WALL
  6
Continuous
100
AcDbLine
 10
-437736.8661438286
 20
-589993.6975702193
 30
0.0
 11
-437836.8661435173
 21
-589993.6975702193
 31
0.0
  0
LINE
  5
6C7
330
2
100
AcDbEntity
  8
WALL
  6
Continuous
100
AcDbLine
 10
-436336.8661438286
 20
-590193.6975702192
 30
0.0
 11
-436736.8661438287
 21
-590193.6975702192
 31
0.0
  0
LINE
  5
6C8
330
2
100
AcDbEntity
  8
WALL
  6
Continuous
100
AcDbLine
 10
-438036.8661438291
 20
-590693.6975702193
 30
0.0
 11
-438036.8661438291
 21
-591593.6975702192
 31
0.0
  0
LINE
  5
6C9
330
2
100
AcDbEntity
  8
WALL
  6
Continuous
100
AcDbLine
 10
-438086.8661438291
 20
-591593.6975702192
 30
0.0
 11
-438036.8661438291
 21
-591593.6975702192
 31
0.0
  0
LINE
  5
6CA
330
2
100
AcDbEntity
  8
WALL
  6
Continuous
100
AcDbLine
 10
-436136.866143829
 20
-589993.6975702193
 30
0.0
 11
-436236.8661438288
 21
-589993.6975702189
 31
0.0
  0
LINE
  5
6CB
330
2
100
AcDbEntity
  8
WALL
  6
Continuous
100
AcDbLine
 10
-434636.8661438122
 20
-589993.6975702193
 30
0.0
 11
-434636.8661438122
 21
-589593.6975702193
 31
0.0
  0
LINE
  5
6CC
330
2
100
AcDbEntity
  8
see
100
AcDbLine
 10
-435336.8661438291
 20
-589993.6992679505
 30
0.0
 11
-436136.866143829
 21
-589993.6975702193
 31
0.0
  0
INSERT
  5
6CD
330
2
100
AcDbEntity
  8
WC
100
AcDbBlockReference
  2
A$C2D5A5793
 10
-435326.8660734658
 20
-589993.6975149341
 30
-0.000000004573206
 41
-1.0
 50
270.0
  0
LINE
  5
6CE
330
2
100
AcDbEntity
  8
WALL
  6
Continuous
100
AcDbLine
 10
-435336.8661438461
 20
-589993.6975702193
 30
0.0
 11
-435336.8661438461
 21
-590193.6975702192
 31
0.0
  0
LINE
  5
6CF
330
2
100
AcDbEntity
  8
WALL
100
AcDbLine
 10
-435336.8661438461
 20
-590193.6975702192
 30
0.0
 11
-434636.8661438286
 21
-590193.6975702192
 31
0.0
  0
LINE
  5
6D0
330
2
100
AcDbEntity
  8
WALL
  6
Continuous
100
AcDbLine
 10
-434636.8661438462
 20
-589993.6975702193
 30
0.0
 11
-435336.8661438461
 21
-589993.6975702193
 31
0.0
  0
INSERT
  5
6D1
330
2
100
AcDbEntity
  8
WINDOW
  6
Continuous
100
AcDbBlockReference
 66
     1
  2
_DBLK
 10
-435736.8661438287
 20
-590093.6975702193
 30
0.0
 41
-800.0
 42
800.0
 43
800.0
 50
180.0
1001
WTHICK
1040
200.0
  0
ATTRIB
  5
6D2
330
6D1
100
AcDbEntity
  8
WINDOW_TEXT
100
AcDbText
 10
-435736.8661438289
 20
-590493.6975702193
 30
0.0
 40
300.0
  1

 50
180.0
 41
0.8
  7
SIMPLEX
 72
     4
 11
-435736.8661438289
 21
-590493.6975702193
 31
0.0
100
AcDbAttribute
280
     0
  2
A
 70
     9
280
     0
  0
SEQEND
  5
6D3
330
6D1
100
AcDbEntity
  8
WINDOW
  6
Continuous
  0
LINE
  5
6D4
330
2
100
AcDbEntity
  8
WALL
  6
Continuous
100
AcDbLine
 10
-436136.866143829
 20
-589993.6975702193
 30
0.0
 11
-436136.866143829
 21
-590193.6975702192
 31
0.0
  0
LINE
  5
6D5
330
2
100
AcDbEntity
  8
WALL
  6
Continuous
100
AcDbLine
 10
-436636.8661438293
 20
-587193.6975702189
 30
0.0
 11
-434636.8661438293
 21
-587193.6975702189
 31
0.0
  0
LINE
  5
6D6
330
2
100
AcDbEntity
  8
WALL
  6
Continuous
100
AcDbLine
 10
-436436.8661438287
 20
-588993.6975702192
 30
0.0
 11
-436236.8661438288
 21
-588993.6975702193
 31
0.0
  0
LINE
  5
6D7
330
2
100
AcDbEntity
  8
WALL
  6
Continuous
100
AcDbLine
 10
-436436.8661438294
 20
-587193.6975702189
 30
0.0
 11
-436236.8661438295
 21
-587193.6975702189
 31
0.0
  0
LWPOLYLINE
  5
6D8
330
2
100
AcDbEntity
  8
WINDOW
100
AcDbPolyline
 90
        4
 70
     1
 43
0.0
 10
-436336.8661303912
 20
-587193.7076219904
 10
-436336.8661404694
 20
-588093.6975702192
 10
-436286.8661404692
 20
-588093.6975702192
 10
-436286.866130391
 20
-587193.7076219904
  0
LWPOLYLINE
  5
6D9
330
2
100
AcDbEntity
  8
WINDOW
100
AcDbPolyline
 90
        4
 70
     1
 43
0.0
 10
-436386.8661404696
 20
-588093.6875184477
 10
-436386.8661438288
 20
-588993.6975702192
 10
-436336.8661438286
 20
-588993.6975702192
 10
-436336.8661404694
 20
-588093.6875184477
  0
TEXT
  5
6DA
330
2
100
AcDbEntity
  8
PUB_TEXT
 62
     3
100
AcDbText
 10
-438068.3095457012
 20
-588748.3410173866
 30
0.0
 40
450.0
  1
入户花园
 41
0.8
  7
HZTXT1
100
AcDbText
  0
LINE
  5
6DB
330
2
100
AcDbEntity
  8
WALL
  6
Continuous
100
AcDbLine
 10
-436436.8661438294
 20
-587193.6975702189
 30
0.0
 11
-436436.8661438294
 21
-587193.6975702189
 31
0.0
  0
LINE
  5
6DC
330
2
100
AcDbEntity
  8
see
100
AcDbLine
 10
-436636.8661438293
 20
-587193.6975702189
 30
0.0
 11
-437636.8661438295
 21
-587193.6975702189
 31
0.0
  0
LINE
  5
6DD
330
2
100
AcDbEntity
  8
WALL
  6
Continuous
100
AcDbLine
 10
-436636.8661438293
 20
-586993.6975702191
 30
0.0
 11
-436636.8661438293
 21
-587193.6975702189
 31
0.0
  0
LINE
  5
6DE
330
2
100
AcDbEntity
  8
WINDOW
100
AcDbLine
 10
-436436.8661651671
 20
-587193.6975702189
 30
0.0
 11
-436436.8661651671
 21
-588993.6975702193
 31
0.0
  0
INSERT
  5
6DF
330
2
100
AcDbEntity
  8
WINDOW
  6
Continuous
100
AcDbBlockReference
 66
     1
  2
_DBLK
 10
-437136.8661438286
 20
-587093.6975702193
 30
0.0
 41
-1000.0
 42
1000.0
 43
1000.0
1001
WTHICK
1040
200.0
  0
ATTRIB
  5
6E0
330
6DF
100
AcDbEntity
  8
WINDOW_TEXT
100
AcDbText
 10
-437136.8661438286
 20
-586693.6975702191
 30
0.0
 40
300.0
  1

 50
180.0
 41
0.8
  7
SIMPLEX
 72
     4
 11
-437136.8661438286
 21
-586693.6975702191
 31
0.0
100
AcDbAttribute
280
     0
  2
A
 70
     9
280
     0
  0
SEQEND
  5
6E1
330
6DF
100
AcDbEntity
  8
WINDOW
  6
Continuous
  0
LINE
  5
6E2
330
2
100
AcDbEntity
  8
WALL
  6
Continuous
100
AcDbLine
 10
-437636.8661438291
 20
-586993.6975702191
 30
0.0
 11
-437636.8661438291
 21
-587193.6975702189
 31
0.0
  0
LINE
  5
6E3
330
2
100
AcDbEntity
  8
WC
100
AcDbLine
 10
-436236.8661438288
 20
-587793.6975702191
 30
0.0
 11
-435236.8661438286
 21
-587793.6975702191
 31
0.0
  0
LINE
  5
6E4
330
2
100
AcDbEntity
  8
WALL
  6
Continuous
100
AcDbLine
 10
-436236.8661438295
 20
-587193.6975702189
 30
0.0
 11
-434636.8661438293
 21
-587193.6975702189
 31
0.0
  0
LINE
  5
6E5
330
2
100
AcDbEntity
  8
WALL
  6
Continuous
100
AcDbLine
 10
-436236.8661438295
 20
-587193.6975702189
 30
0.0
 11
-436236.8661438295
 21
-587193.6975702189
 31
0.0
  0
LINE
  5
6E6
330
2
100
AcDbEntity
  8
WINDOW
  6
Continuous
100
AcDbLine
 10
-436236.8661438288
 20
-588993.6975702193
 30
0.0
 11
-436236.8661438288
 21
-587193.6975702189
 31
0.0
  0
TEXT
  5
6E7
330
2
100
AcDbEntity
  8
PUB_TEXT
 62
     3
100
AcDbText
 10
-436047.9962732482
 20
-588848.3766639222
 30
0.0
 40
450.0
  1
厨房
 41
0.8
  7
HZTXT1
100
AcDbText
  0
INSERT
  5
6E8
330
2
100
AcDbEntity
  8
WC
100
AcDbBlockReference
 66
     1
  2
A$C38C125B6
 10
-434691.7122339593
 20
-588762.300076348
 30
0.0
 41
-1.0
  0
ATTRIB
  5
70D
330
6E8
100
AcDbEntity
  8
WC
100
AcDbText
 10
-434692.2263201562
 20
-588761.7999774261
 30
0.0
 40
0.5
  1
500
 50
180.0
 41
0.8
  7
DIM_FONT
100
AcDbAttribute
280
     0
  2
YSIZE
 70
     9
280
     0
  0
ATTRIB
  5
70E
330
6E8
100
AcDbEntity
  8
WC
100
AcDbText
 10
-434692.2263201562
 20
-588761.7999774261
 30
0.0
 40
0.5
  1
500
 50
180.0
 41
0.8
  7
DIM_FONT
100
AcDbAttribute
280
     0
  2
XSIZE
 70
     9
280
     0
  0
SEQEND
  5
70F
330
6E8
100
AcDbEntity
  8
栏杆
  0
INSERT
  5
710
330
2
100
AcDbEntity
  8
烟道
  6
Continuous
100
AcDbBlockReference
  2
YD
 10
-434636.8661438293
 20
-587543.6975702189
 30
0.0
 41
-1.0
  0
INSERT
  5
735
330
2
100
AcDbEntity
  8
WC
100
AcDbBlockReference
 66
     1
  2
M_E25ESP
 10
-435660.3071866523
 20
-587289.101142958
 30
0.0
 41
-1.0
 50
90.0
  0
ATTRIB
  5
75E
330
735
100
AcDbEntity
  8
0
100
AcDbText
 10
-435660.2932977567
 20
-587289.9055873901
 30
0.0
 40
0.5
  1
450
 50
90.0
 41
0.8
  7
DIM_FONT
100
AcDbAttribute
280
     0
  2
XSIZE
 70
     9
280
     0
  0
ATTRIB
  5
75F
330
735
100
AcDbEntity
  8
0
100
AcDbText
 10
-435660.2932977567
 20
-587289.8922540696
 30
0.0
 40
0.5
  1
675
 50
90.0
 41
0.8
  7
DIM_FONT
100
AcDbAttribute
280
     0
  2
YSIZE
 70
     9
280
     0
  0
SEQEND
  5
760
330
735
100
AcDbEntity
  8
0
  0
LINE
  5
761
330
2
100
AcDbEntity
  8
WINDOW
  6
Continuous
100
AcDbLine
 10
-427636.8659745414
 20
-591743.697570219
 30
0.0
 11
-427636.8659745414
 21
-590193.697570219
 31
0.0
  0
LINE
  5
762
330
2
100
AcDbEntity
  8
WINDOW
  6
Continuous
100
AcDbLine
 10
-427686.8659745415
 20
-591693.6975702189
 30
0.0
 11
-427686.8659745415
 21
-590193.697570219
 31
0.0
  0
LINE
  5
763
330
2
100
AcDbEntity
  8
WINDOW
  6
DASH
100
AcDbLine
 10
-427736.8658052534
 20
-590193.6975702192
 30
0.0
 11
-427736.865805565
 21
-591693.6975702189
 31
0.0
  0
LINE
  5
764
330
2
100
AcDbEntity
  8
F
100
AcDbLine
 10
-429186.86899776
 20
-591393.6975702171
 30
0.0
 11
-429186.86899776
 21
-591693.6975702173
 31
0.0
  0
LINE
  5
765
330
2
100
AcDbEntity
  8
WINDOW
  6
Continuous
100
AcDbLine
 10
-427536.8659745415
 20
-591843.6975702189
 30
0.0
 11
-427536.8659745415
 21
-590193.697570219
 31
0.0
  0
TEXT
  5
766
330
2
100
AcDbEntity
  8
PUB_TEXT
 62
     3
100
AcDbText
 10
-434117.7859457388
 20
-591727.0842686014
 30
0.0
 40
450.0
  1
餐厅
 41
0.8
  7
HZTXT1
100
AcDbText
  0
LINE
  5
767
330
2
100
AcDbEntity
  8
WALL
  6
Continuous
100
AcDbLine
 10
-431236.8661438295
 20
-590193.6975702192
 30
0.0
 11
-431236.8661438291
 21
-591793.6975702192
 31
0.0
  0
LINE
  5
768
330
2
100
AcDbEntity
  8
WALL
  6
Continuous
100
AcDbLine
 10
-430986.8661438293
 20
-591593.6975702192
 30
0.0
 11
-430986.8661438293
 21
-591793.697570219
 31
0.0
  0
INSERT
  5
769
330
2
100
AcDbEntity
  8
F
  6
Continuous
100
AcDbBlockReference
 66
     1
  2
M_C25MYD
 10
433690.7942765566
 20
-591559.6370613965
 30
0.0
 41
-1.0
 43
-1.0
210
0.0
220
0.0
230
-1.0
  0
ATTRIB
  5
76A
330
769
100
AcDbEntity
  8
0
100
AcDbText
 10
-433689.4609432234
 20
-591559.6370613965
 30
0.0
 40
0.5
  1
1500
 50
180.0
 41
0.7999999999883585
 51
-180.0
 71
     4
100
AcDbAttribute
280
     0
  2
XSIZE
 70
     9
280
     0
  0
ATTRIB
  5
76B
330
769
100
AcDbEntity
  8
0
100
AcDbText
 10
-433689.4799908426
 20
-591559.6370613965
 30
0.0
 40
0.5
  1
1809
 50
180.0
 41
0.7999999999883585
 51
-180.0
 71
     4
100
AcDbAttribute
280
     0
  2
YSIZE
 70
     9
280
     0
  0
SEQEND
  5
76C
330
769
100
AcDbEntity
  8
AREA
  0
INSERT
  5
76D
330
2
100
AcDbEntity
  8
WINDOW
  6
Continuous
100
AcDbBlockReference
 66
     1
  2
_DBLK
 10
-430536.8661438293
 20
-591743.697570219
 30
0.0
 41
900.0
 42
-900.0
 43
900.0
1001
WTHICK
1040
100.0
  0
ATTRIB
  5
76E
330
76D
100
AcDbEntity
  8
WINDOW_TEXT
100
AcDbText
 10
-430536.8661438293
 20
-591393.6975702188
 30
0.0
 40
300.0
  1

 50
180.0
 41
0.8
  7
SIMPLEX
 72
     4
 11
-430536.8661438293
 21
-591393.6975702188
 31
0.0
100
AcDbAttribute
280
     0
  2
A
 70
     9
280
     0
  0
SEQEND
  5
76F
330
76D
100
AcDbEntity
  8
WINDOW
  6
Continuous
  0
LINE
  5
770
330
2
100
AcDbEntity
  8
WALL
  6
Continuous
100
AcDbLine
 10
-430836.8659745414
 20
-592793.697570219
 30
0.0
 11
-431036.8659745416
 21
-592793.697570219
 31
0.0
  0
INSERT
  5
771
330
2
100
AcDbEntity
  8
F
  6
Continuous
100
AcDbBlockReference
  2
A$C21A822AE
 10
433540.5862363705
 20
-597027.344375113
 30
0.0
 43
-1.0
 50
90.0
210
0.0
220
0.0
230
-1.0
  0
INSERT
  5
772
330
2
100
AcDbEntity
  8
F
  6
Continuous
100
AcDbBlockReference
  2
A$C5DBE159F
 10
434436.8662866609
 20
-593313.4854302426
 30
0.0
 43
-1.0
 50
180.0221487498951
210
0.0
220
0.0
230
-1.0
  0
TEXT
  5
773
330
2
100
AcDbEntity
  8
PUB_TEXT
 62
     3
100
AcDbText
 10
-434151.28735095
 20
-596803.5449533818
 30
0.0
 40
450.0
  1
客厅
 41
0.8
  7
HZTXT1
100
AcDbText
  0
INSERT
  5
774
330
2
100
AcDbEntity
  8
F
  6
Continuous
100
AcDbBlockReference
  2
A$C7C9A6AE1
 10
433941.2448836793
 20
-594980.3245897698
 30
-0.0000000000183042
 43
-1.0
 50
90.01863082205344
210
0.0
220
0.0
230
-1.0
  0
LINE
  5
775
330
2
100
AcDbEntity
  8
WALL
  6
Continuous
100
AcDbLine
 10
-430986.8661438293
 20
-591793.697570219
 30
0.0
 11
-431236.8661438291
 21
-591793.6975702192
 31
0.0
  0
TEXT
  5
776
330
2
100
AcDbEntity
  8
TEXT
100
AcDbText
 10
-432130.5211252504
 20
-592699.5599070196
 30
0.0
 40
350.0
  1
A2
 41
0.65
  7
宋
100
AcDbText
  0
ELLIPSE
  5
777
330
2
100
AcDbEntity
  8
TEXT
100
AcDbEllipse
 10
-432029.4045371954
 20
-592501.3376683082
 30
0.0
 11
-496.5249004033391
 21
-0.0000000000325643
 31
0.0
210
0.0
220
0.0
230
-1.0
 40
0.727272845916966
 41
0.0
 42
6.283185307179584
  0
INSERT
  5
778
330
2
100
AcDbEntity
  8
WINDOW
  6
Continuous
100
AcDbBlockReference
 66
     1
  2
_DBLK
 10
-430336.8659745415
 20
-593343.6975702188
 30
0.0
 41
900.0
 42
900.0
 43
900.0
1001
WTHICK
1040
100.0
  0
ATTRIB
  5
779
330
778
100
AcDbEntity
  8
WINDOW_TEXT
100
AcDbText
 10
-430336.8659745415
 20
-592993.6975702187
 30
0.0
 40
300.0
  1

 50
180.0
 41
0.8
  7
SIMPLEX
 72
     4
 11
-430336.8659745415
 21
-592993.6975702187
 31
0.0
100
AcDbAttribute
280
     0
  2
A
 70
     9
280
     0
  0
SEQEND
  5
77A
330
778
100
AcDbEntity
  8
WINDOW
  6
Continuous
  0
TEXT
  5
77B
330
2
100
AcDbEntity
  8
PUB_TEXT
 62
     3
100
AcDbText
 10
-429361.6855051442
 20
-596044.1967567579
 30
0.0
 40
450.0
  1
卧室
 41
0.8
  7
HZTXT1
100
AcDbText
  0
INSERT
  5
77C
330
2
100
AcDbEntity
  8
F
100
AcDbBlockReference
  2
A$C30CA008E
 10
-430293.1214351207
 20
-596681.5400679051
 30
0.0
 41
-1.0
  0
LINE
  5
77D
330
2
100
AcDbEntity
  8
WALL
  6
Continuous
100
AcDbLine
 10
-427536.8658052538
 20
-591693.6975702189
 30
0.0
 11
-430086.8661438292
 21
-591693.6975702189
 31
0.0
  0
INSERT
  5
77E
330
2
100
AcDbEntity
  8
WINDOW
  6
Continuous
100
AcDbBlockReference
 66
     1
  2
_DBLK
 10
-429786.8661438292
 20
-592393.6975702192
 30
0.0
 41
800.0
 42
-800.0
 43
800.0
 50
270.0
1001
WTHICK
1040
100.0000000000145
  0
ATTRIB
  5
77F
330
77E
100
AcDbEntity
  8
WINDOW_TEXT
100
AcDbText
 10
-429436.8661438292
 20
-592393.6975702192
 30
0.0
 40
300.0
  1

 50
270.0
 41
0.8
  7
SIMPLEX
 72
     4
 11
-429436.8661438292
 21
-592393.6975702192
 31
0.0
100
AcDbAttribute
280
     0
  2
A
 70
     9
280
     0
  0
SEQEND
  5
780
330
77E
100
AcDbEntity
  8
WINDOW
  6
Continuous
  0
LINE
  5
781
330
2
100
AcDbEntity
  8
WC
100
AcDbLine
 10
-428524.1445538839
 20
-592993.6975704054
 30
0.0
 11
-429736.8658051944
 21
-592993.6975703454
 31
0.0
  0
TEXT
  5
782
330
2
100
AcDbEntity
  8
PUB_TEXT
 62
     3
100
AcDbText
 10
-429435.3420133234
 20
-592907.9771764502
 30
0.0
 40
450.0
  1
卫生间
 41
0.8
  7
HZTXT1
100
AcDbText
  0
LINE
  5
783
330
2
100
AcDbEntity
  8
F
100
AcDbLine
 10
-429125.4670135024
 20
-594097.1479192399
 30
0.0
 11
-429096.8668484402
 21
-593761.439672324
 31
0.0
  0
LINE
  5
784
330
2
100
AcDbEntity
  8
WALL
  6
Continuous
100
AcDbLine
 10
-427736.8658052536
 20
-591793.6975702193
 30
0.0
 11
-429736.8661438293
 21
-591793.6975702192
 31
0.0
  0
LINE
  5
785
330
2
100
AcDbEntity
  8
WALL
  6
Continuous
100
AcDbLine
 10
-429836.8661438295
 20
-593693.697570219
 30
0.0
 11
-427736.8658052536
 21
-593693.697570219
 31
0.0
  0
LINE
  5
786
330
2
100
AcDbEntity
  8
WALL
  6
Continuous
100
AcDbLine
 10
-429736.8661438293
 20
-593593.697570219
 30
0.0
 11
-427736.8658052536
 21
-593593.697570219
 31
0.0
  0
LINE
  5
787
330
2
100
AcDbEntity
  8
F
  6
Continuous
100
AcDbLine
 10
-429736.8661438293
 20
-594193.6975702184
 30
0.0
 11
-427736.8658052541
 21
-594193.697570219
 31
0.0
  0
LINE
  5
788
330
2
100
AcDbEntity
  8
F
100
AcDbLine
 10
-429686.8661438295
 20
-593918.6975702335
 30
0.0
 11
-427736.8658052536
 21
-593918.6975702337
 31
0.0
  0
LINE
  5
789
330
2
100
AcDbEntity
  8
F
  6
Continuous
100
AcDbLine
 10
-429686.8661438295
 20
-594143.6975702185
 30
0.0
 11
-427736.8658052541
 21
-594143.6975702189
 31
0.0
  0
LINE
  5
78A
330
2
100
AcDbEntity
  8
see
100
AcDbLine
 10
-429736.8661438293
 20
-591993.697570219
 30
0.0
 11
-429736.8661438293
 21
-592793.697570219
 31
0.0
  0
LINE
  5
78B
330
2
100
AcDbEntity
  8
WALL
  6
Continuous
100
AcDbLine
 10
-429736.8661438293
 20
-591993.697570219
 30
0.0
 11
-429836.8661438295
 21
-591993.697570219
 31
0.0
  0
LINE
  5
78C
330
2
100
AcDbEntity
  8
WALL
  6
Continuous
100
AcDbLine
 10
-429836.8661438295
 20
-591793.6975702192
 30
0.0
 11
-429836.8661438295
 21
-591993.697570219
 31
0.0
  0
LINE
  5
78D
330
2
100
AcDbEntity
  8
WALL
  6
Continuous
100
AcDbLine
 10
-429736.8661438293
 20
-591793.6975702192
 30
0.0
 11
-429736.8661438293
 21
-591993.697570219
 31
0.0
  0
LINE
  5
78E
330
2
100
AcDbEntity
  8
WALL
  6
Continuous
100
AcDbLine
 10
-429736.8661438293
 20
-592793.697570219
 30
0.0
 11
-429736.8661438293
 21
-593593.697570219
 31
0.0
  0
LINE
  5
78F
330
2
100
AcDbEntity
  8
WALL
  6
Continuous
100
AcDbLine
 10
-429736.8661438293
 20
-592793.697570219
 30
0.0
 11
-429836.8661438295
 21
-592793.697570219
 31
0.0
  0
LINE
  5
790
330
2
100
AcDbEntity
  8
WALL
  6
Continuous
100
AcDbLine
 10
-429836.8661438324
 20
-593693.697570219
 30
0.0
 11
-429836.8661438324
 21
-593393.6975702188
 31
0.0
  0
LINE
  5
791
330
2
100
AcDbEntity
  8
WALL
  6
Continuous
100
AcDbLine
 10
-429836.8661438291
 20
-593393.6975702188
 30
0.0
 11
-429886.8661438293
 21
-593393.6975702188
 31
0.0
  0
LINE
  5
792
330
2
100
AcDbEntity
  8
WALL
  6
Continuous
100
AcDbLine
 10
-429836.8661438291
 20
-593293.6975702189
 30
0.0
 11
-429886.8661438293
 21
-593293.6975702189
 31
0.0
  0
LINE
  5
793
330
2
100
AcDbEntity
  8
WALL
  6
Continuous
100
AcDbLine
 10
-429836.8661438291
 20
-593393.6975702188
 30
0.0
 11
-429836.8661438295
 21
-593393.697570219
 31
0.0
  0
LINE
  5
794
330
2
100
AcDbEntity
  8
WALL
  6
Continuous
100
AcDbLine
 10
-429886.8661438293
 20
-593393.6975702188
 30
0.0
 11
-429886.8661438293
 21
-593293.6975702189
 31
0.0
  0
LINE
  5
795
330
2
100
AcDbEntity
  8
WALL
  6
Continuous
100
AcDbLine
 10
-429836.8661438295
 20
-591793.6975702192
 30
0.0
 11
-430086.8661438292
 21
-591793.6975702192
 31
0.0
  0
LINE
  5
796
330
2
100
AcDbEntity
  8
WALL
  6
Continuous
100
AcDbLine
 10
-429836.8661438324
 20
-593293.6975702189
 30
0.0
 11
-429836.8661438324
 21
-592793.697570219
 31
0.0
  0
LINE
  5
797
330
2
100
AcDbEntity
  8
F
  6
Continuous
100
AcDbLine
 10
-429736.8661438293
 20
-594193.6975702184
 30
0.0
 11
-429736.8661438293
 21
-593693.6975702185
 31
0.0
  0
LINE
  5
798
330
2
100
AcDbEntity
  8
F
100
AcDbLine
 10
-429353.576476822
 20
-593751.5746203354
 30
0.0
 11
-429285.3510176521
 21
-594097.1479192395
 31
0.0
  0
LINE
  5
799
330
2
100
AcDbEntity
  8
F
100
AcDbLine
 10
-429244.0743677792
 20
-593751.5746203354
 30
0.0
 11
-429175.8489086093
 21
-594097.1479192395
 31
0.0
  0
LINE
  5
79A
330
2
100
AcDbEntity
  8
F
  6
Continuous
100
AcDbLine
 10
-429686.8661438295
 20
-594143.6975702185
 30
0.0
 11
-429686.8661438291
 21
-593693.6975702185
 31
0.0
  0
LINE
  5
79B
330
2
100
AcDbEntity
  8
F
100
AcDbLine
 10
-429476.9602930278
 20
-593751.5746203354
 30
0.0
 11
-429408.7348338581
 21
-594097.1479192395
 31
0.0
  0
LINE
  5
79C
330
2
100
AcDbEntity
  8
F
100
AcDbLine
 10
-429586.4624020704
 20
-593751.5746203354
 30
0.0
 11
-429518.2369429006
 21
-594097.1479192395
 31
0.0
  0
LINE
  5
79D
330
2
100
AcDbEntity
  8
WALL
  6
Continuous
100
AcDbLine
 10
-430086.8661438292
 20
-591693.6975702189
 30
0.0
 11
-430086.8661438292
 21
-591793.6975702192
 31
0.0
  0
LINE
  5
79E
330
2
100
AcDbEntity
  8
WALL
  6
Continuous
100
AcDbLine
 10
-430836.8659745414
 20
-592793.697570219
 30
0.0
 11
-430836.8659745414
 21
-593293.6975702189
 31
0.0
  0
LINE
  5
79F
330
2
100
AcDbEntity
  8
WALL
100
AcDbLine
 10
-430786.8659745415
 20
-593293.6975702189
 30
0.0
 11
-430836.8659745414
 21
-593293.6975702189
 31
0.0
  0
LINE
  5
7A0
330
2
100
AcDbEntity
  8
WALL
  6
Continuous
100
AcDbLine
 10
-430786.8659745415
 20
-593393.697570219
 30
0.0
 11
-430836.8659745414
 21
-593393.697570219
 31
0.0
  0
LINE
  5
7A1
330
2
100
AcDbEntity
  8
WALL
  6
Continuous
100
AcDbLine
 10
-430786.8659745415
 20
-593393.697570219
 30
0.0
 11
-430786.8659745415
 21
-593293.6975702189
 31
0.0
  0
LINE
  5
7A2
330
2
100
AcDbEntity
  8
WINDOW
  6
Continuous
100
AcDbLine
 10
-427686.8659745415
 20
-591693.6975702189
 30
0.0
 11
-427536.8658052538
 21
-591693.6975702189
 31
0.0
  0
LINE
  5
7A3
330
2
100
AcDbEntity
  8
WINDOW
  6
Continuous
100
AcDbLine
 10
-427636.8659745414
 20
-591743.697570219
 30
0.0
 11
-427536.8658052538
 21
-591743.697570219
 31
0.0
  0
LINE
  5
7A4
330
2
100
AcDbEntity
  8
WALL
  6
Continuous
100
AcDbLine
 10
-427736.8658052536
 20
-591693.6975702189
 30
0.0
 11
-428336.8658052537
 21
-591693.6975702189
 31
0.0
  0
LINE
  5
7A5
330
2
100
AcDbEntity
  8
WALL
  6
Continuous
100
AcDbLine
 10
-427736.8658052536
 20
-593493.6975702189
 30
0.0
 11
-427736.8658052536
 21
-593593.697570219
 31
0.0
  0
LINE
  5
7A6
330
2
100
AcDbEntity
  8
WALL
  6
Continuous
100
AcDbLine
 10
-427536.8658052538
 20
-591793.6975702193
 30
0.0
 11
-427536.8658052538
 21
-592693.6975702192
 31
0.0
  0
LINE
  5
7A7
330
2
100
AcDbEntity
  8
WALL
  6
Continuous
100
AcDbLine
 10
-427736.8658052536
 20
-591793.6975702193
 30
0.0
 11
-427736.8658052536
 21
-592693.6975702192
 31
0.0
  0
LINE
  5
7A8
330
2
100
AcDbEntity
  8
WINDOW
100
AcDbLine
 10
-427536.8658052538
 20
-593493.6975702189
 30
0.0
 11
-427536.8658052538
 21
-592693.6975702192
 31
0.0
  0
LINE
  5
7A9
330
2
100
AcDbEntity
  8
WINDOW
100
AcDbLine
 10
-427603.5324719206
 20
-592693.6975702192
 30
0.0
 11
-427603.5324719206
 21
-593493.6975702189
 31
0.0
  0
LINE
  5
7AA
330
2
100
AcDbEntity
  8
WINDOW
100
AcDbLine
 10
-427670.199138587
 20
-592693.6975702192
 30
0.0
 11
-427670.199138587
 21
-593493.6975702189
 31
0.0
  0
LINE
  5
7AB
330
2
100
AcDbEntity
  8
WINDOW
100
AcDbLine
 10
-427736.8658052536
 20
-593493.6975702189
 30
0.0
 11
-427736.8658052536
 21
-592693.6975702192
 31
0.0
  0
LINE
  5
7AC
330
2
100
AcDbEntity
  8
WALL
  6
Continuous
100
AcDbLine
 10
-427736.8658052536
 20
-592693.6975702192
 30
0.0
 11
-427536.8658052538
 21
-592693.6975702192
 31
0.0
  0
LINE
  5
7AD
330
2
100
AcDbEntity
  8
WALL
  6
Continuous
100
AcDbLine
 10
-427736.8658052536
 20
-593593.697570219
 30
0.0
 11
-427736.8658052536
 21
-593593.697570219
 31
0.0
  0
LINE
  5
7AE
330
2
100
AcDbEntity
  8
F
100
AcDbLine
 10
-427986.4382583354
 20
-594097.1479192397
 30
0.0
 11
-427825.0713073847
 21
-593761.4396723241
 31
0.0
  0
LINE
  5
7AF
330
2
100
AcDbEntity
  8
WALL
  6
Continuous
100
AcDbLine
 10
-427736.8658052536
 20
-593493.6975702189
 30
0.0
 11
-427536.8658052538
 21
-593493.6975702189
 31
0.0
  0
LINE
  5
7B0
330
2
100
AcDbEntity
  8
WINDOW
  6
Continuous
100
AcDbLine
 10
-427536.8659745415
 20
-591843.6975702189
 30
0.0
 11
-427536.8658052538
 21
-591843.6975702189
 31
0.0
  0
LINE
  5
7B1
330
2
100
AcDbEntity
  8
F
100
AcDbLine
 10
-428847.0499801118
 20
-594097.1479192395
 30
0.0
 11
-428842.0194272204
 21
-593761.439672324
 31
0.0
  0
LINE
  5
7B2
330
2
100
AcDbEntity
  8
F
100
AcDbLine
 10
-428972.6567065282
 20
-593751.5746203354
 30
0.0
 11
-428904.4312473584
 21
-594097.1479192395
 31
0.0
  0
LINE
  5
7B3
330
2
100
AcDbEntity
  8
F
100
AcDbLine
 10
-428788.6797153588
 20
-594097.1479192397
 30
0.0
 11
-428728.0358186846
 21
-593761.4396723241
 31
0.0
  0
LINE
  5
7B4
330
2
100
AcDbEntity
  8
F
100
AcDbLine
 10
-428612.1401911749
 20
-593761.439672324
 30
0.0
 11
-428549.2527837692
 21
-594097.1479192397
 31
0.0
  0
LINE
  5
7B5
330
2
100
AcDbEntity
  8
F
100
AcDbLine
 10
-428500.1304728591
 20
-593761.439672324
 30
0.0
 11
-428433.606462456
 21
-594097.1479192395
 31
0.0
  0
LINE
  5
7B6
330
2
100
AcDbEntity
  8
F
100
AcDbLine
 10
-428213.4230071045
 20
-593761.4396723241
 30
0.0
 11
-428150.5355996989
 21
-594097.1479192397
 31
0.0
  0
LINE
  5
7B7
330
2
100
AcDbEntity
  8
F
100
AcDbLine
 10
-428376.2251952095
 20
-594097.1479192395
 30
0.0
 11
-428371.194642318
 21
-593761.439672324
 31
0.0
  0
LINE
  5
7B8
330
2
100
AcDbEntity
  8
F
100
AcDbLine
 10
-428317.8549304565
 20
-594097.1479192397
 30
0.0
 11
-428257.2110337822
 21
-593761.4396723241
 31
0.0
  0
LINE
  5
7B9
330
2
100
AcDbEntity
  8
WALL
  6
Continuous
100
AcDbLine
 10
-427736.8658052536
 20
-591793.6975702193
 30
0.0
 11
-428336.8658052537
 21
-591793.6975702193
 31
0.0
  0
INSERT
  5
7BA
330
2
100
AcDbEntity
  8
WC
100
AcDbBlockReference
  2
A$C6A35453C
 10
-428434.5526517529
 20
-591987.3762964527
 30
-39758.14702731787
 41
-1.0
 50
179.6273638663802
  0
INSERT
  5
7BB
330
2
100
AcDbEntity
  8
WC
100
AcDbBlockReference
  2
A$C0C2A2C94
 10
-428546.8661757071
 20
-593593.6983317917
 30
-39758.14702732055
  0
LINE
  5
7BC
330
2
100
AcDbEntity
  8
F
100
AcDbLine
 10
-428101.4132887885
 20
-593761.4396723241
 30
0.0
 11
-428034.8892783853
 21
-594097.1479192397
 31
0.0
  0
LINE
  5
7BD
330
2
100
AcDbEntity
  8
WALL
  6
Continuous
100
AcDbLine
 10
-427536.8658052538
 20
-591693.6975702189
 30
0.0
 11
-427536.8658052538
 21
-592693.6975702192
 31
0.0
  0
LINE
  5
7BE
330
2
100
AcDbEntity
  8
WALL
  6
Continuous
100
AcDbLine
 10
-430536.8661438118
 20
-588893.697570219
 30
0.0
 11
-431236.8661438262
 21
-588893.6975702193
 31
0.0
  0
LINE
  5
7BF
330
2
100
AcDbEntity
  8
WALL
  6
Continuous
100
AcDbLine
 10
-430236.8661438265
 20
-586993.6975702191
 30
0.0
 11
-431436.8661438286
 21
-586993.6975702191
 31
0.0
  0
INSERT
  5
7C0
330
2
100
AcDbEntity
  8
WC
100
AcDbBlockReference
 66
     1
  2
A$C095B46CE
 10
-430484.1776898224
 20
-587765.4910762069
 30
0.0
 41
-1.0
  0
ATTRIB
  5
7C1
330
7C0
100
AcDbEntity
  8
WC
100
AcDbText
 10
-430762.8174756284
 20
-587193.6977972881
 30
0.0
 40
0.4049999999344935
  1
705
 50
179.9839381662944
 41
0.8000000001652459
 71
     4
100
AcDbAttribute
280
     0
  2
YSIZE
 70
     9
280
     0
  0
ATTRIB
  5
7C2
330
7C0
100
AcDbEntity
  8
WC
100
AcDbText
 10
-430762.8174756284
 20
-587193.6977972881
 30
0.0
 40
0.4049999999344935
  1
690
 50
179.9839381662944
 41
0.8000000001652459
 71
     4
100
AcDbAttribute
280
     0
  2
XSIZE
 70
     9
280
     0
  0
SEQEND
  5
7C3
330
7C0
100
AcDbEntity
  8
栏杆
  0
LINE
  5
7C4
330
2
100
AcDbEntity
  8
WALL
  6
Continuous
100
AcDbLine
 10
-430236.8661438265
 20
-587193.6975702189
 30
0.0
 11
-431436.8661438286
 21
-587193.6975702189
 31
0.0
  0
LINE
  5
7C5
330
2
100
AcDbEntity
  8
WALL
  6
Continuous
100
AcDbLine
 10
-431236.8661438262
 20
-588893.6975702193
 30
0.0
 11
-427836.8658055653
 21
-588893.6975702193
 31
0.0
  0
INSERT
  5
7C6
330
2
100
AcDbEntity
  8
F
  6
Continuous
100
AcDbBlockReference
  2
A$C3FB71EF3
 10
-430436.8661453689
 20
-589093.6974528212
 30
0.0
 41
-1.0
 50
90.0
  0
LINE
  5
7C7
330
2
100
AcDbEntity
  8
WALL
  6
Continuous
100
AcDbLine
 10
-431036.866143826
 20
-589093.6975702192
 30
0.0
 11
-430236.8661438118
 21
-589093.6975702192
 31
0.0
  0
LINE
  5
7C8
330
2
100
AcDbEntity
  8
WC
100
AcDbLine
 10
-433836.8661438295
 20
-587793.6975702191
 30
0.0
 11
-433836.8661438295
 21
-589303.6990649587
 31
0.0
  0
INSERT
  5
7C9
330
2
100
AcDbEntity
  8
F
  6
Continuous
100
AcDbBlockReference
  2
A$C38AE43E2
 10
-432386.8662548091
 20
-588993.697573828
 30
0.0
 50
180.0
  0
LINE
  5
7CA
330
2
100
AcDbEntity
  8
WALL
100
AcDbLine
 10
-431236.8661441411
 20
-589993.6975702193
 30
0.0
 11
-431236.8661438262
 21
-588893.6975702193
 31
0.0
  0
LINE
  5
7CB
330
2
100
AcDbEntity
  8
WALL
  6
Continuous
100
AcDbLine
 10
-432636.8661438295
 20
-589993.6975702193
 30
0.0
 11
-432636.8661438295
 21
-588993.6975702192
 31
0.0
  0
LINE
  5
7CC
330
2
100
AcDbEntity
  8
WALL
  6
Continuous
100
AcDbLine
 10
-432836.8661438292
 20
-589993.6975702189
 30
0.0
 11
-432836.8661438296
 21
-588993.6975702193
 31
0.0
  0
LINE
  5
7CD
330
2
100
AcDbEntity
  8
WALL
  6
Continuous
100
AcDbLine
 10
-434436.8661438287
 20
-587193.6975702189
 30
0.0
 11
-434436.8649812515
 21
-589993.6975702193
 31
0.0
  0
LINE
  5
7CE
330
2
100
AcDbEntity
  8
WALL
  6
Continuous
100
AcDbLine
 10
-432736.8661438295
 20
-590193.6975702192
 30
0.0
 11
-432336.8661438295
 21
-590193.6975702192
 31
0.0
  0
INSERT
  5
7CF
330
2
100
AcDbEntity
  8
WINDOW
  6
Continuous
100
AcDbBlockReference
 66
     1
  2
_DBLK
 10
-433336.8661438295
 20
-590093.6975702193
 30
0.0
 41
800.0
 42
800.0
 43
800.0
 50
180.0
1001
WTHICK
1040
200.0
  0
ATTRIB
  5
7D0
330
7CF
100
AcDbEntity
  8
WINDOW_TEXT
100
AcDbText
 10
-433336.8661438291
 20
-590493.6975702193
 30
0.0
 40
300.0
  1

 50
180.0
 41
0.8
  7
SIMPLEX
 72
     4
 11
-433336.8661438291
 21
-590493.6975702193
 31
0.0
100
AcDbAttribute
280
     0
  2
A
 70
     9
280
     0
  0
SEQEND
  5
7D1
330
7CF
100
AcDbEntity
  8
WINDOW
  6
Continuous
  0
LINE
  5
7D2
330
2
100
AcDbEntity
  8
see
100
AcDbLine
 10
-433736.8661438293
 20
-589993.6992679505
 30
0.0
 11
-432936.8661438293
 21
-589993.6975702193
 31
0.0
  0
LINE
  5
7D3
330
2
100
AcDbEntity
  8
WALL
  6
Continuous
100
AcDbLine
 10
-432936.8661438293
 20
-589993.6975702193
 30
0.0
 11
-432836.8661438292
 21
-589993.6975702189
 31
0.0
  0
LINE
  5
7D4
330
2
100
AcDbEntity
  8
WALL
  6
Continuous
100
AcDbLine
 10
-432936.8661438293
 20
-589993.6975702193
 30
0.0
 11
-432936.8661438293
 21
-590193.6975702192
 31
0.0
  0
LINE
  5
7D5
330
2
100
AcDbEntity
  8
WALL
  6
Continuous
100
AcDbLine
 10
-432936.8661438293
 20
-590193.6975702192
 30
0.0
 11
-432736.8661438295
 21
-590193.6975702192
 31
0.0
  0
LINE
  5
7D6
330
2
100
AcDbEntity
  8
WALL
  6
Continuous
100
AcDbLine
 10
-433736.866143812
 20
-589993.6975702193
 30
0.0
 11
-433736.866143812
 21
-590193.6975702192
 31
0.0
  0
LINE
  5
7D7
330
2
100
AcDbEntity
  8
WALL
  6
Continuous
100
AcDbLine
 10
-434436.866143812
 20
-589993.6975702193
 30
0.0
 11
-433736.866143812
 21
-589993.6975702193
 31
0.0
  0
LINE
  5
7D8
330
2
100
AcDbEntity
  8
WALL
100
AcDbLine
 10
-433736.866143812
 20
-590193.6975702192
 30
0.0
 11
-434436.8661438295
 21
-590193.6975702192
 31
0.0
  0
INSERT
  5
7D9
330
2
100
AcDbEntity
  8
WC
100
AcDbBlockReference
  2
A$C2D5A5793
 10
-433746.8662141925
 20
-589993.6975149341
 30
-0.000000004573206
 50
90.0
  0
LINE
  5
7DA
330
2
100
AcDbEntity
  8
WALL
  6
Continuous
100
AcDbLine
 10
-431036.866143826
 20
-590693.6975702193
 30
0.0
 11
-431036.866143826
 21
-589093.6975702192
 31
0.0
  0
LINE
  5
7DB
330
2
100
AcDbEntity
  8
WALL
  6
Continuous
100
AcDbLine
 10
-431336.8661438294
 20
-589993.6975702193
 30
0.0
 11
-431236.8661441411
 21
-589993.6975702193
 31
0.0
  0
LINE
  5
7DC
330
2
100
AcDbEntity
  8
WALL
  6
Continuous
100
AcDbLine
 10
-431336.8661438294
 20
-590193.6975702192
 30
0.0
 11
-431236.8661438295
 21
-590193.6975702192
 31
0.0
  0
LINE
  5
7DD
330
2
100
AcDbEntity
  8
WALL
  6
Continuous
100
AcDbLine
 10
-431336.8661438294
 20
-590193.6975702192
 30
0.0
 11
-431336.8661438294
 21
-589993.6975702193
 31
0.0
  0
LINE
  5
7DE
330
2
100
AcDbEntity
  8
WALL
  6
Continuous
100
AcDbLine
 10
-430986.8661438293
 20
-591593.6975702192
 30
0.0
 11
-431036.8661438293
 21
-591593.6975702192
 31
0.0
  0
LINE
  5
7DF
330
2
100
AcDbEntity
  8
WALL
  6
Continuous
100
AcDbLine
 10
-431036.8661438293
 20
-590693.6975702193
 30
0.0
 11
-431036.8661438293
 21
-591593.6975702192
 31
0.0
  0
LINE
  5
7E0
330
2
100
AcDbEntity
  8
WALL
  6
Continuous
100
AcDbLine
 10
-432336.8661438295
 20
-590193.6975702192
 30
0.0
 11
-432336.8661438292
 21
-589993.6975702187
 31
0.0
  0
LINE
  5
7E1
330
2
100
AcDbEntity
  8
WALL
  6
Continuous
100
AcDbLine
 10
-432636.8661438295
 20
-589993.6975702189
 30
0.0
 11
-432336.8661438292
 21
-589993.6975702187
 31
0.0
  0
INSERT
  5
7E2
330
2
100
AcDbEntity
  8
WINDOW
  6
Continuous
100
AcDbBlockReference
 66
     1
  2
_DBLK
 10
-431836.8661438293
 20
-590093.6975702193
 30
0.0
 41
-1000.0
 42
1000.0
 43
1000.0
1001
WTHICK
1040
200.0
  0
ATTRIB
  5
7E3
330
7E2
100
AcDbEntity
  8
WINDOW_TEXT
100
AcDbText
 10
-431836.8661438293
 20
-589693.6975702192
 30
0.0
 40
300.0
  1

 50
180.0
 41
0.8
  7
SIMPLEX
 72
     4
 11
-431836.8661438293
 21
-589693.6975702192
 31
0.0
100
AcDbAttribute
280
     0
  2
A
 70
     9
280
     0
  0
SEQEND
  5
7E4
330
7E2
100
AcDbEntity
  8
WINDOW
  6
Continuous
  0
LINE
  5
7E5
330
2
100
AcDbEntity
  8
see
100
AcDbLine
 10
-431336.8661438294
 20
-589993.6975702193
 30
0.0
 11
-432336.8661438292
 21
-589993.6975702193
 31
0.0
  0
LWPOLYLINE
  5
7E6
330
2
100
AcDbEntity
  8
WINDOW
100
AcDbPolyline
 90
        4
 70
     1
 43
0.0
 10
-432686.8661471887
 20
-588093.6875184477
 10
-432686.8661438292
 20
-588993.6975702192
 10
-432736.8661438295
 20
-588993.6975702192
 10
-432736.8661471886
 20
-588093.6875184477
  0
LINE
  5
7E7
330
2
100
AcDbEntity
  8
WALL
  6
Continuous
100
AcDbLine
 10
-432636.8661438295
 20
-588993.6975702192
 30
0.0
 11
-432836.8661438296
 21
-588993.6975702193
 31
0.0
  0
LINE
  5
7E8
330
2
100
AcDbEntity
  8
WALL
  6
Continuous
100
AcDbLine
 10
-432636.8661438286
 20
-587193.6975702189
 30
0.0
 11
-432836.8661438286
 21
-587193.6975702189
 31
0.0
  0
LINE
  5
7E9
330
2
100
AcDbEntity
  8
WALL
  6
Continuous
100
AcDbLine
 10
-432436.8661438287
 20
-587193.6975702189
 30
0.0
 11
-434436.8661438287
 21
-587193.6975702189
 31
0.0
  0
TEXT
  5
7EA
330
2
100
AcDbEntity
  8
PUB_TEXT
 62
     3
100
AcDbText
 10
-433686.2084553547
 20
-588848.3766639222
 30
0.0
 40
450.0
  1
厨房
 41
0.8
  7
HZTXT1
100
AcDbText
  0
LINE
  5
7EB
330
2
100
AcDbEntity
  8
WC
100
AcDbLine
 10
-432836.8661438292
 20
-587793.6975702191
 30
0.0
 11
-433836.8661438295
 21
-587793.6975702191
 31
0.0
  0
LINE
  5
7EC
330
2
100
AcDbEntity
  8
WALL
  6
Continuous
100
AcDbLine
 10
-432836.8661438286
 20
-587193.6975702189
 30
0.0
 11
-432836.8661438286
 21
-587193.6975702189
 31
0.0
  0
LINE
  5
7ED
330
2
100
AcDbEntity
  8
WINDOW
  6
Continuous
100
AcDbLine
 10
-432836.8661438296
 20
-588993.6975702193
 30
0.0
 11
-432836.8661438296
 21
-587193.6975702189
 31
0.0
  0
LWPOLYLINE
  5
7EE
330
2
100
AcDbEntity
  8
WINDOW
100
AcDbPolyline
 90
        4
 70
     1
 43
0.0
 10
-432736.866157267
 20
-587193.7076219904
 10
-432736.8661471886
 20
-588093.6975702192
 10
-432786.8661471891
 20
-588093.6975702192
 10
-432786.866157267
 20
-587193.7076219904
  0
INSERT
  5
7EF
330
2
100
AcDbEntity
  8
WC
100
AcDbBlockReference
 66
     1
  2
M_E25ESP
 10
-433413.4251010058
 20
-587289.101142958
 30
0.0
 50
270.0
  0
ATTRIB
  5
7F0
330
7EF
100
AcDbEntity
  8
0
100
AcDbText
 10
-433412.9389899011
 20
-587289.9055873901
 30
0.0
 40
0.5
  1
450
 50
90.0
 41
0.8
  7
DIM_FONT
100
AcDbAttribute
280
     0
  2
XSIZE
 70
     9
280
     0
  0
ATTRIB
  5
7F1
330
7EF
100
AcDbEntity
  8
0
100
AcDbText
 10
-433412.9389899011
 20
-587289.8922540696
 30
0.0
 40
0.5
  1
675
 50
90.0
 41
0.8
  7
DIM_FONT
100
AcDbAttribute
280
     0
  2
YSIZE
 70
     9
280
     0
  0
SEQEND
  5
7F2
330
7EF
100
AcDbEntity
  8
0
  0
INSERT
  5
7F3
330
2
100
AcDbEntity
  8
WC
100
AcDbBlockReference
 66
     1
  2
A$C38C125B6
 10
-434382.0200536989
 20
-588762.300076348
 30
0.0
  0
ATTRIB
  5
7F4
330
7F3
100
AcDbEntity
  8
WC
100
AcDbText
 10
-434380.4773960736
 20
-588761.7999774261
 30
0.0
 40
0.5
  1
500
 50
179.9999999999999
 41
0.8
  7
DIM_FONT
100
AcDbAttribute
280
     0
  2
YSIZE
 70
     9
280
     0
  0
ATTRIB
  5
7F5
330
7F3
100
AcDbEntity
  8
WC
100
AcDbText
 10
-434380.4773960736
 20
-588761.7999774261
 30
0.0
 40
0.5
  1
500
 50
179.9999999999999
 41
0.8
  7
DIM_FONT
100
AcDbAttribute
280
     0
  2
XSIZE
 70
     9
280
     0
  0
SEQEND
  5
7F6
330
7F3
100
AcDbEntity
  8
栏杆
  0
INSERT
  5
7F7
330
2
100
AcDbEntity
  8
烟道
  6
Continuous
100
AcDbBlockReference
  2
YD
 10
-434436.8661438287
 20
-587543.6975702189
 30
0.0
  0
LINE
  5
7F8
330
2
100
AcDbEntity
  8
WALL
  6
Continuous
100
AcDbLine
 10
-431436.8661438286
 20
-586993.6975702191
 30
0.0
 11
-431436.8661438286
 21
-587193.6975702189
 31
0.0
  0
LINE
  5
7F9
330
2
100
AcDbEntity
  8
WALL
  6
Continuous
100
AcDbLine
 10
-432436.8661438287
 20
-587193.6975702189
 30
0.0
 11
-432436.8661438287
 21
-586993.6975702191
 31
0.0
  0
LINE
  5
7FA
330
2
100
AcDbEntity
  8
WALL
  6
Continuous
100
AcDbLine
 10
-432636.8661438286
 20
-587193.6975702189
 30
0.0
 11
-432636.8661438286
 21
-587193.6975702189
 31
0.0
  0
LINE
  5
7FB
330
2
100
AcDbEntity
  8
WINDOW
100
AcDbLine
 10
-432636.8661224909
 20
-587193.6975702189
 30
0.0
 11
-432636.8661224909
 21
-588993.6975702193
 31
0.0
  0
TEXT
  5
7FC
330
2
100
AcDbEntity
  8
PUB_TEXT
 62
     3
100
AcDbText
 10
-432380.2258915635
 20
-588748.3410173866
 30
0.0
 40
450.0
  1
入户花园
 41
0.8
  7
HZTXT1
100
AcDbText
  0
LINE
  5
7FD
330
2
100
AcDbEntity
  8
see
100
AcDbLine
 10
-432436.8661438287
 20
-587193.6975702189
 30
0.0
 11
-431436.8661438286
 21
-587193.6975702189
 31
0.0
  0
INSERT
  5
7FE
330
2
100
AcDbEntity
  8
WINDOW
  6
Continuous
100
AcDbBlockReference
 66
     1
  2
_DBLK
 10
-431936.8661438292
 20
-587093.6975702193
 30
0.0
 41
1000.0
 42
1000.0
 43
1000.0
1001
WTHICK
1040
200.0
  0
ATTRIB
  5
7FF
330
7FE
100
AcDbEntity
  8
WINDOW_TEXT
100
AcDbText
 10
-431936.8661438292
 20
-586693.6975702191
 30
0.0
 40
300.0
  1

 50
180.0
 41
0.8
  7
SIMPLEX
 72
     4
 11
-431936.8661438292
 21
-586693.6975702191
 31
0.0
100
AcDbAttribute
280
     0
  2
A
 70
     9
280
     0
  0
SEQEND
  5
800
330
7FE
100
AcDbEntity
  8
WINDOW
  6
Continuous
  0
LINE
  5
801
330
2
100
AcDbEntity
  8
WALL
  6
Continuous
100
AcDbLine
 10
-427536.8658052506
 20
-589993.6975702189
 30
0.0
 11
-427536.8658052506
 21
-588893.697570219
 31
0.0
  0
TEXT
  5
802
330
2
100
AcDbEntity
  8
PUB_TEXT
 62
     3
100
AcDbText
 10
-429736.6953299746
 20
-590853.3937087351
 30
0.0
 40
450.0
  1
卧室
 41
0.8
  7
HZTXT1
100
AcDbText
  0
LINE
  5
803
330
2
100
AcDbEntity
  8
F
100
AcDbLine
 10
-429186.86899776
 20
-591393.6975702171
 30
0.0
 11
-427736.8658054611
 21
-591393.6975702171
 31
0.0
  0
LINE
  5
804
330
2
100
AcDbEntity
  8
WALL
  6
Continuous
100
AcDbLine
 10
-430636.8661441406
 20
-589093.697570219
 30
0.0
 11
-427736.8658052504
 21
-589093.6975702192
 31
0.0
  0
INSERT
  5
805
330
2
100
AcDbEntity
  8
F
100
AcDbBlockReference
  2
A$C237D42E5
 10
-429759.9251242949
 20
-590031.3324974323
 30
-39758.14702732055
  0
LINE
  5
806
330
2
100
AcDbEntity
  8
WALL
  6
Continuous
100
AcDbLine
 10
-427536.8658052506
 20
-589993.6975702189
 30
0.0
 11
-427536.8658052506
 21
-589993.6975702189
 31
0.0
  0
LINE
  5
807
330
2
100
AcDbEntity
  8
WALL
  6
Continuous
100
AcDbLine
 10
-427536.8658052506
 20
-589993.6975702189
 30
0.0
 11
-427536.8658052506
 21
-589993.6975702189
 31
0.0
  0
LINE
  5
808
330
2
100
AcDbEntity
  8
WALL
  6
Continuous
100
AcDbLine
 10
-427536.8658052506
 20
-590193.697570219
 30
0.0
 11
-427536.8658052506
 21
-590193.697570219
 31
0.0
  0
LINE
  5
809
330
2
100
AcDbEntity
  8
WALL
  6
Continuous
100
AcDbLine
 10
-427536.8658052506
 20
-590193.697570219
 30
0.0
 11
-427536.8658052506
 21
-590193.697570219
 31
0.0
  0
LINE
  5
80A
330
2
100
AcDbEntity
  8
WALL
100
AcDbLine
 10
-427536.8658052506
 20
-590193.697570219
 30
0.0
 11
-427536.8658052506
 21
-589993.6975702189
 31
0.0
  0
LINE
  5
80B
330
2
100
AcDbEntity
  8
WALL
100
AcDbLine
 10
-427536.8658052506
 20
-590193.697570219
 30
0.0
 11
-427536.8658052506
 21
-589993.6975702189
 31
0.0
  0
LINE
  5
80C
330
2
100
AcDbEntity
  8
WALL
  6
Continuous
100
AcDbLine
 10
-427736.8658052504
 20
-589093.6975702192
 30
0.0
 11
-427736.8658052504
 21
-590193.697570219
 31
0.0
  0
LINE
  5
80D
330
2
100
AcDbEntity
  8
WALL
  6
Continuous
100
AcDbLine
 10
-427736.8658052504
 20
-590193.697570219
 30
0.0
 11
-427536.8658052506
 21
-590193.697570219
 31
0.0
  0
INSERT
  5
80E
330
2
100
AcDbEntity
  8
F
100
AcDbBlockReference
 66
     1
  2
M_C3
 10
-428328.7755607132
 20
-591446.7932699984
 30
0.0
  0
ATTRIB
  5
80F
330
80E
100
AcDbEntity
  8
0
100
AcDbText
 10
-428328.7755607132
 20
-591446.2932699984
 30
0.0
 40
0.5
  1
315
 50
180.0
 41
0.8
 71
     2
100
AcDbAttribute
280
     0
  2
YSIZE
 70
     9
280
     0
  0
ATTRIB
  5
810
330
80E
100
AcDbEntity
  8
0
100
AcDbText
 10
-428328.7755607132
 20
-591446.2932699984
 30
0.0
 40
0.5
  1
639
 50
180.0
 41
0.8
 71
     2
100
AcDbAttribute
280
     0
  2
XSIZE
 70
     9
280
     0
  0
ATTRIB
  5
811
330
80E
100
AcDbEntity
  8
0
100
AcDbText
 10
-428328.7755607132
 20
-591446.2932699984
 30
0.0
 40
0.5
  1
639
 50
180.0
 41
0.8
 71
     2
100
AcDbAttribute
280
     0
  2
XSIZE
 70
     9
280
     0
  0
ATTRIB
  5
812
330
80E
100
AcDbEntity
  8
0
100
AcDbText
 10
-428328.7755607132
 20
-591446.2932699984
 30
0.0
 40
0.5
  1
315
 50
180.0
 41
0.8
 71
     2
100
AcDbAttribute
280
     0
  2
YSIZE
 70
     9
280
     0
  0
SEQEND
  5
813
330
80E
100
AcDbEntity
  8
PS
 62
     9
  0
LINE
  5
814
330
2
100
AcDbEntity
  8
8
  6
Continuous
100
AcDbLine
 10
-429736.8661441381
 20
-587793.6975702191
 30
0.0
 11
-429736.8661441381
 21
-588893.697570219
 31
0.0
  0
LINE
  5
815
330
2
100
AcDbEntity
  8
百页
  6
Continuous
100
AcDbLine
 10
-429786.8661441381
 20
-587843.6975702192
 30
0.0
 11
-429786.8661441381
 21
-588893.6975702193
 31
0.0
  0
LINE
  5
816
330
2
100
AcDbEntity
  8
百页
  6
Continuous
100
AcDbLine
 10
-429836.8661441382
 20
-587893.6975702189
 30
0.0
 11
-429836.8661441382
 21
-588893.6975702193
 31
0.0
  0
LINE
  5
817
330
2
100
AcDbEntity
  8
栏杆
100
AcDbLine
 10
-430336.8661438264
 20
-588893.697570219
 30
0.0
 11
-430336.8661438264
 21
-587193.6975702189
 31
0.0
  0
LINE
  5
818
330
2
100
AcDbEntity
  8
栏杆
100
AcDbLine
 10
-430236.8661438265
 20
-588893.697570219
 30
0.0
 11
-430236.8661438265
 21
-587193.6975702189
 31
0.0
  0
LINE
  5
819
330
2
100
AcDbEntity
  8
WALL
  6
Continuous
100
AcDbLine
 10
-430236.8661438265
 20
-587193.6975702189
 30
0.0
 11
-430236.8661438265
 21
-586993.6975702191
 31
0.0
  0
LINE
  5
81A
330
2
100
AcDbEntity
  8
百页
  6
Continuous
100
AcDbLine
 10
-430236.8661441382
 20
-587893.6975702192
 30
0.0
 11
-429836.8661441382
 21
-587893.6975702189
 31
0.0
  0
LINE
  5
81B
330
2
100
AcDbEntity
  8
百页
  6
Continuous
100
AcDbLine
 10
-430236.8661441382
 20
-587843.6975702189
 30
0.0
 11
-429786.8661441381
 21
-587843.6975702192
 31
0.0
  0
LINE
  5
81C
330
2
100
AcDbEntity
  8
8
  6
Continuous
100
AcDbLine
 10
-430236.8661441382
 20
-587793.697570219
 30
0.0
 11
-429736.8661441381
 21
-587793.6975702191
 31
0.0
  0
LINE
  5
81D
330
2
100
AcDbEntity
  8
WALL
  6
Continuous
100
AcDbLine
 10
-427536.8658052506
 20
-588893.697570219
 30
0.0
 11
-427836.8658052506
 21
-588893.697570219
 31
0.0
  0
LINE
  5
81E
330
2
100
AcDbEntity
  8
DOTE1
100
AcDbLine
 10
-441436.8664824077
 20
-576493.6975195259
 30
0.0
 11
-427636.8660101059
 21
-576493.6975195259
 31
0.0
  0
LINE
  5
81F
330
2
100
AcDbEntity
  8
WALL
  6
Continuous
100
AcDbLine
 10
-432436.8661438287
 20
-578493.6975195257
 30
0.0
 11
-436636.8661438293
 21
-578493.6975195257
 31
0.0
  0
INSERT
  5
820
330
2
100
AcDbEntity
  8
WINDOW
  6
Continuous
100
AcDbBlockReference
 66
     1
  2
M_A17ORW
 10
-434736.8661438291
 20
-579993.6975195259
 30
0.0
 41
-1200.0
 42
-1200.0
 43
1200.0
 50
180.0
1001
WTHICK
1040
200.0
  0
ATTRIB
  5
828
330
820
100
AcDbEntity
  8
WINDOW_TEXT
100
AcDbText
 10
-434736.8661438291
 20
-579593.6975195259
 30
0.0
 40
300.0
  1

 41
0.8
  7
SIMPLEX
 72
     4
 11
-434736.8661438291
 21
-579593.6975195259
 31
0.0
100
AcDbAttribute
280
     0
  2
A
 70
     9
280
     0
  0
SEQEND
  5
829
330
820
100
AcDbEntity
  8
WINDOW
  6
Continuous
  0
LINE
  5
82A
330
2
100
AcDbEntity
  8
WALL
100
AcDbLine
 10
-440336.8661438322
 20
-581893.6975195271
 30
0.0
 11
-440336.8661438338
 21
-580093.6975195261
 31
0.0
  0
LINE
  5
82B
330
2
100
AcDbEntity
  8
WALL
100
AcDbLine
 10
-440436.8661438319
 20
-581893.6975195273
 30
0.0
 11
-440436.8661438341
 21
-579893.697519526
 31
0.0
  0
LINE
  5
82C
330
2
100
AcDbEntity
  8
DOTE1
100
AcDbLine
 10
-440036.8661438291
 20
-578393.6975195273
 30
0.0
 11
-440036.8661438291
 21
-585843.697519526
 31
0.0
  0
LINE
  5
82D
330
2
100
AcDbEntity
  8
WALL
100
AcDbLine
 10
-437836.8661438293
 20
-580593.6975195256
 30
0.0
 11
-437836.8661438289
 21
-582693.6975195252
 31
0.0
  0
LINE
  5
82E
330
2
100
AcDbEntity
  8
WALL
  6
Continuous
100
AcDbLine
 10
-437836.8661438293
 20
-581093.6975195257
 30
0.0
 11
-437836.8661438293
 21
-580093.6975195259
 31
0.0
  0
LINE
  5
82F
330
2
100
AcDbEntity
  8
WALL
  6
Continuous
100
AcDbLine
 10
-435836.8661438293
 20
-580793.6975195259
 30
0.0
 11
-435836.8661438293
 21
-581093.6975195259
 31
0.0
  0
LINE
  5
830
330
2
100
AcDbEntity
  8
WALL
  6
Continuous
100
AcDbLine
 10
-435636.8661438292
 20
-580793.6975195259
 30
0.0
 11
-435636.8661438292
 21
-581693.6975195259
 31
0.0
  0
LINE
  5
831
330
2
100
AcDbEntity
  8
WALL
100
AcDbLine
 10
-438036.8661438314
 20
-581893.6975195273
 30
0.0
 11
-438036.8661438331
 21
-580093.6975195259
 31
0.0
  0
LINE
  5
832
330
2
100
AcDbEntity
  8
DOTE1
100
AcDbLine
 10
-437936.8661438292
 20
-578393.6975195273
 30
0.0
 11
-437936.8661438292
 21
-585843.697519526
 31
0.0
  0
LINE
  5
833
330
2
100
AcDbEntity
  8
WALL
  6
Continuous
100
AcDbLine
 10
-438036.8661438292
 20
-580093.6975195259
 30
0.0
 11
-438036.8661438292
 21
-585843.697519526
 31
0.0
  0
LINE
  5
834
330
2
100
AcDbEntity
  8
WC
100
AcDbLine
 10
-438636.8661438321
 20
-581293.6975195273
 30
0.0
 11
-438636.8661438331
 21
-580093.6975195265
 31
0.0
  0
LINE
  5
835
330
2
100
AcDbEntity
  8
DOTE1
100
AcDbLine
 10
-441436.8662775522
 20
-578393.697519526
 30
0.0
 11
-441436.8662775522
 21
-585593.9281943443
 31
0.0
  0
INSERT
  5
836
330
2
100
AcDbEntity
  8
WC
100
AcDbBlockReference
 66
     1
  2
A$C38C125B6
 10
-438110.8732626397
 20
-581202.1010963945
 30
0.0
 41
-1.0
  0
ATTRIB
  5
837
330
836
100
AcDbEntity
  8
WC
100
AcDbText
 10
-438111.3873488366
 20
-581201.6009974728
 30
0.0
 40
0.5
  1
500
 50
180.0
 41
0.8
  7
DIM_FONT
100
AcDbAttribute
280
     0
  2
YSIZE
 70
     9
280
     0
  0
ATTRIB
  5
838
330
836
100
AcDbEntity
  8
WC
100
AcDbText
 10
-438111.3873488366
 20
-581201.6009974728
 30
0.0
 40
0.5
  1
500
 50
180.0
 41
0.8
  7
DIM_FONT
100
AcDbAttribute
280
     0
  2
XSIZE
 70
     9
280
     0
  0
SEQEND
  5
839
330
836
100
AcDbEntity
  8
栏杆
  0
LINE
  5
83A
330
2
100
AcDbEntity
  8
栏杆
100
AcDbLine
 10
-441336.8662775515
 20
-583093.6975195275
 30
0.0
 11
-438036.8661438313
 21
-583093.6975195275
 31
0.0
  0
LINE
  5
83B
330
2
100
AcDbEntity
  8
栏杆
100
AcDbLine
 10
-441336.8662775515
 20
-582993.6975195274
 30
0.0
 11
-438036.8661438313
 21
-582993.6975195273
 31
0.0
  0
LINE
  5
83C
330
2
100
AcDbEntity
  8
WALL
100
AcDbLine
 10
-440486.8662775515
 20
-582093.6975195273
 30
0.0
 11
-438036.8661438313
 21
-582093.6975195273
 31
0.0
  0
LINE
  5
83D
330
2
100
AcDbEntity
  8
WALL
100
AcDbLine
 10
-440486.8662775515
 20
-581893.6975195273
 30
0.0
 11
-438036.8661438314
 21
-581893.6975195273
 31
0.0
  0
LINE
  5
83E
330
2
100
AcDbEntity
  8
WALL
100
AcDbLine
 10
-441536.8662775478
 20
-585493.9281943425
 30
0.0
 11
-441536.8662775516
 21
-581893.6975195274
 31
0.0
  0
LINE
  5
83F
330
2
100
AcDbEntity
  8
WALL
100
AcDbLine
 10
-441336.8662775479
 20
-585693.9281943425
 30
0.0
 11
-441336.8662775515
 21
-582093.6975195274
 31
0.0
  0
LINE
  5
840
330
2
100
AcDbEntity
  8
WC
100
AcDbLine
 10
-440486.8662775515
 20
-581293.6975195273
 30
0.0
 11
-438636.8661438321
 21
-581293.6975195273
 31
0.0
  0
LINE
  5
841
330
2
100
AcDbEntity
  8
WINDOW
100
AcDbLine
 10
-440486.8662775515
 20
-582093.6975195273
 30
0.0
 11
-441286.8662775514
 21
-582093.6975195274
 31
0.0
  0
LINE
  5
842
330
2
100
AcDbEntity
  8
WALL
100
AcDbLine
 10
-440486.8662775515
 20
-582093.6975195273
 30
0.0
 11
-440486.8662775515
 21
-581893.6975195273
 31
0.0
  0
LINE
  5
843
330
2
100
AcDbEntity
  8
WC
100
AcDbLine
 10
-440486.8662775515
 20
-581893.6975195273
 30
0.0
 11
-440486.8662775515
 21
-581293.6975195273
 31
0.0
  0
LINE
  5
844
330
2
100
AcDbEntity
  8
WALL
100
AcDbLine
 10
-441336.8662775515
 20
-582093.6975195274
 30
0.0
 11
-441286.8662775514
 21
-582093.6975195274
 31
0.0
  0
LINE
  5
845
330
2
100
AcDbEntity
  8
WALL
100
AcDbLine
 10
-441536.8662775516
 20
-581893.6975195274
 30
0.0
 11
-441286.8662775514
 21
-581893.6975195274
 31
0.0
  0
LINE
  5
846
330
2
100
AcDbEntity
  8
WALL
100
AcDbLine
 10
-441286.8662775514
 20
-582093.6975195274
 30
0.0
 11
-441286.8662775514
 21
-581893.6975195274
 31
0.0
  0
INSERT
  5
847
330
2
100
AcDbEntity
  8
WINDOW
100
AcDbBlockReference
 66
     1
  2
_DBLK
 10
-440886.8662775515
 20
-581993.6975195274
 30
0.0
 41
800.0
 42
800.0
 43
800.0
1001
WTHICK
1040
200.0
  0
ATTRIB
  5
848
330
847
100
AcDbEntity
  8
WINDOW_TEXT
100
AcDbText
 10
-440886.8662775515
 20
-581593.6975195273
 30
0.0
 40
300.0
  1

 41
0.8
  7
SIMPLEX
 72
     4
 11
-440886.8662775515
 21
-581593.6975195273
 31
0.0
100
AcDbAttribute
280
     0
  2
A
 70
     9
280
     0
  0
SEQEND
  5
849
330
847
100
AcDbEntity
  8
WINDOW
  0
INSERT
  5
84A
330
2
100
AcDbEntity
  8
WC
100
AcDbBlockReference
 66
     1
  2
M_E25ESP
 10
-439546.4075822721
 20
-581803.0834217973
 30
0.0
 41
-1.0
 50
270.0
  0
ATTRIB
  5
84B
330
84A
100
AcDbEntity
  8
0
100
AcDbText
 10
-439546.4214711678
 20
-581802.2789773651
 30
0.0
 40
0.5
  1
450
 50
270.0
 41
0.8
  7
DIM_FONT
100
AcDbAttribute
280
     0
  2
XSIZE
 70
     9
280
     0
  0
ATTRIB
  5
84C
330
84A
100
AcDbEntity
  8
0
100
AcDbText
 10
-439546.4214711678
 20
-581802.2923106855
 30
0.0
 40
0.5
  1
675
 50
270.0
 41
0.8
  7
DIM_FONT
100
AcDbAttribute
280
     0
  2
YSIZE
 70
     9
280
     0
  0
SEQEND
  5
84D
330
84A
100
AcDbEntity
  8
0
  0
LINE
  5
84E
330
2
100
AcDbEntity
  8
WALL
  6
Continuous
100
AcDbLine
 10
-437836.8661438293
 20
-585643.6975195259
 30
0.0
 11
-437836.8661438293
 21
-583543.6975195261
 31
0.0
  0
LINE
  5
84F
330
2
100
AcDbEntity
  8
WALL
  6
Continuous
100
AcDbLine
 10
-435636.8661438292
 20
-582893.6975195259
 30
0.0
 11
-435636.8661438292
 21
-583993.6975195259
 31
0.0
  0
LINE
  5
850
330
2
100
AcDbEntity
  8
WALL
  6
Continuous
100
AcDbLine
 10
-435836.8661438293
 20
-583543.6975195261
 30
0.0
 11
-435836.8661438293
 21
-583993.6975195259
 31
0.0
  0
LINE
  5
851
330
2
100
AcDbEntity
  8
WALL
100
AcDbLine
 10
-438036.8661438278
 20
-585843.697519525
 30
0.0
 11
-438036.8661438313
 21
-582093.6975195273
 31
0.0
  0
LINE
  5
852
330
2
100
AcDbEntity
  8
WALL
  6
Continuous
100
AcDbLine
 10
-438036.8661438292
 20
-585843.697519526
 30
0.0
 11
-435636.8661438292
 21
-585843.6975195257
 31
0.0
  0
LINE
  5
853
330
2
100
AcDbEntity
  8
STAIR
  6
Continuous
100
AcDbLine
 10
-435978.2201438292
 20
-585393.6975195259
 30
0.0
 11
-437378.2201438292
 21
-583793.6975195258
 31
0.0
  0
LINE
  5
857
330
2
100
AcDbEntity
  8
STAIR
  6
Continuous
100
AcDbLine
 10
-437378.2201438292
 20
-585393.6975195259
 30
0.0
 11
-435978.2201438292
 21
-583793.6975195258
 31
0.0
  0
LWPOLYLINE
  5
858
330
2
100
AcDbEntity
  8
STAIR
  6
Continuous
100
AcDbPolyline
 90
        4
 70
     1
 43
0.0
 10
-437378.2201438292
 20
-583793.6975195258
 10
-435978.2201438292
 20
-583793.6975195258
 10
-435978.2201438292
 20
-585393.6975195259
 10
-437378.2201438292
 20
-585393.6975195259
  0
LINE
  5
859
330
2
100
AcDbEntity
  8
WALL
  6
Continuous
100
AcDbLine
 10
-435836.8661438293
 20
-585643.6975195259
 30
0.0
 11
-437836.8661438293
 21
-585643.6975195259
 31
0.0
  0
LINE
  5
85A
330
2
100
AcDbEntity
  8
STAIR
100
AcDbLine
 10
-437501.9221074456
 20
-583943.6975195258
 30
0.0
 11
-437754.4681220024
 21
-583943.6975195258
 31
0.0
  0
LINE
  5
85B
330
2
100
AcDbEntity
  8
STAIR
100
AcDbLine
 10
-437501.9221074456
 20
-585243.6975195259
 30
0.0
 11
-437501.9221074456
 21
-583943.6975195258
 31
0.0
  0
LINE
  5
85C
330
2
100
AcDbEntity
  8
STAIR
100
AcDbLine
 10
-437754.4681220024
 20
-585243.6975195259
 30
0.0
 11
-437501.9221074456
 21
-585243.6975195259
 31
0.0
  0
LINE
  5
85D
330
2
100
AcDbEntity
  8
STAIR
100
AcDbLine
 10
-437754.4681220024
 20
-583943.6975195258
 30
0.0
 11
-437754.4681220024
 21
-585243.6975195259
 31
0.0
  0
INSERT
  5
85E
330
2
100
AcDbEntity
  8
WINDOW
  6
Continuous
100
AcDbBlockReference
  2
A$C7C275939
 10
-435933.8085955349
 20
-583910.7977329883
 30
0.0
 41
-1.0
 50
180.0
  0
LINE
  5
86A
330
2
100
AcDbEntity
  8
WALL
  6
Continuous
100
AcDbLine
 10
-435836.8661438293
 20
-585243.6975195259
 30
0.0
 11
-435636.8661438292
 21
-585243.6975195259
 31
0.0
  0
LINE
  5
86B
330
2
100
AcDbEntity
  8
WALL
  6
Continuous
100
AcDbLine
 10
-435836.8661438293
 20
-583993.6975195259
 30
0.0
 11
-435636.8661438292
 21
-583993.6975195259
 31
0.0
  0
LINE
  5
86C
330
2
100
AcDbEntity
  8
WALL
  6
Continuous
100
AcDbLine
 10
-435636.8661438292
 20
-585243.6975195259
 30
0.0
 11
-435636.8661438292
 21
-585843.6975195257
 31
0.0
  0
LINE
  5
86D
330
2
100
AcDbEntity
  8
WALL
  6
Continuous
100
AcDbLine
 10
-435836.8661438293
 20
-585243.6975195259
 30
0.0
 11
-435836.8661438293
 21
-585643.6975195259
 31
0.0
  0
LINE
  5
86E
330
2
100
AcDbEntity
  8
STAIR
  6
Continuous
100
AcDbLine
 10
-435836.8661438293
 20
-585243.6975195259
 30
0.0
 11
-435836.8661438293
 21
-583993.6975195259
 31
0.0
  0
LINE
  5
86F
330
2
100
AcDbEntity
  8
WALL
  6
Continuous
100
AcDbLine
 10
-437836.8661438293
 20
-581243.6975195259
 30
0.0
 11
-435836.8661438293
 21
-581243.6975195259
 31
0.0
  0
LINE
  5
870
330
2
100
AcDbEntity
  8
STAIR
  6
Continuous
100
AcDbLine
 10
-435978.2201438292
 20
-583093.6975195259
 30
0.0
 11
-437378.2201438292
 21
-581543.6975195259
 31
0.0
  0
LINE
  5
871
330
2
100
AcDbEntity
  8
STAIR
  6
Continuous
100
AcDbLine
 10
-437378.2201438292
 20
-583093.6975195259
 30
0.0
 11
-435978.2201438292
 21
-581543.6975195259
 31
0.0
  0
LWPOLYLINE
  5
872
330
2
100
AcDbEntity
  8
STAIR
  6
Continuous
100
AcDbPolyline
 90
        4
 70
     1
 43
0.0
 10
-437378.2201438292
 20
-581543.6975195259
 10
-435978.2201438292
 20
-581543.6975195259
 10
-435978.2201438292
 20
-583093.6975195259
 10
-437378.2201438292
 20
-583093.6975195259
  0
LINE
  5
873
330
2
100
AcDbEntity
  8
WALL
  6
Continuous
100
AcDbLine
 10
-435836.8661438293
 20
-583343.6975195259
 30
0.0
 11
-437836.8661438293
 21
-583343.6975195259
 31
0.0
  0
LINE
  5
874
330
2
100
AcDbEntity
  8
WALL
  6
Continuous
100
AcDbLine
 10
-435836.8661438293
 20
-583543.6975195261
 30
0.0
 11
-437836.8661438293
 21
-583543.6975195261
 31
0.0
  0
LINE
  5
875
330
2
100
AcDbEntity
  8
WALL
  6
Continuous
100
AcDbLine
 10
-437836.8661438293
 20
-581093.6975195254
 30
0.0
 11
-435836.8661438293
 21
-581093.6975195259
 31
0.0
  0
LINE
  5
876
330
2
100
AcDbEntity
  8
STAIR
100
AcDbLine
 10
-437501.9221074456
 20
-582943.6975195259
 30
0.0
 11
-437501.9221074456
 21
-581693.6975195259
 31
0.0
  0
LINE
  5
877
330
2
100
AcDbEntity
  8
STAIR
100
AcDbLine
 10
-437754.4681220024
 20
-581693.6975195259
 30
0.0
 11
-437754.4681220024
 21
-582943.6975195259
 31
0.0
  0
LINE
  5
878
330
2
100
AcDbEntity
  8
WALL
  6
Continuous
100
AcDbLine
 10
-437836.8661438293
 20
-583343.6975195259
 30
0.0
 11
-437836.8661438293
 21
-581243.6975195259
 31
0.0
  0
LINE
  5
879
330
2
100
AcDbEntity
  8
STAIR
100
AcDbLine
 10
-437754.4681220024
 20
-582943.6975195259
 30
0.0
 11
-437501.9221074456
 21
-582943.6975195259
 31
0.0
  0
LINE
  5
87A
330
2
100
AcDbEntity
  8
STAIR
100
AcDbLine
 10
-437501.9221074456
 20
-581693.6975195259
 30
0.0
 11
-437754.4681220024
 21
-581693.6975195259
 31
0.0
  0
INSERT
  5
87B
330
2
100
AcDbEntity
  8
WINDOW
  6
Continuous
100
AcDbBlockReference
  2
A$C7C275939
 10
-435933.8085955349
 20
-581610.797732988
 30
0.0
 41
-1.0
 50
180.0
  0
LINE
  5
87C
330
2
100
AcDbEntity
  8
STAIR
  6
Continuous
100
AcDbLine
 10
-435836.8661438293
 20
-582893.6975195259
 30
0.0
 11
-435836.8661438293
 21
-581693.6975195259
 31
0.0
  0
LINE
  5
87D
330
2
100
AcDbEntity
  8
WALL
  6
Continuous
100
AcDbLine
 10
-435836.8661438293
 20
-582893.6975195259
 30
0.0
 11
-435636.8661438292
 21
-582893.6975195259
 31
0.0
  0
LINE
  5
87E
330
2
100
AcDbEntity
  8
WALL
  6
Continuous
100
AcDbLine
 10
-435836.8661438293
 20
-582893.6975195259
 30
0.0
 11
-435836.8661438293
 21
-583343.6975195259
 31
0.0
  0
LINE
  5
87F
330
2
100
AcDbEntity
  8
WALL
  6
Continuous
100
AcDbLine
 10
-435836.8661438293
 20
-581243.6975195259
 30
0.0
 11
-435836.8661438293
 21
-581693.6975195259
 31
0.0
  0
LINE
  5
880
330
2
100
AcDbEntity
  8
WALL
  6
Continuous
100
AcDbLine
 10
-435836.8661438293
 20
-581693.6975195259
 30
0.0
 11
-435636.8661438292
 21
-581693.6975195259
 31
0.0
  0
INSERT
  5
881
330
2
100
AcDbEntity
  8
WC
100
AcDbBlockReference
 66
     1
  2
A$C095B46CE
 10
-438589.5545978358
 20
-577721.904013538
 30
0.0
 41
-1.0
 50
180.0
  0
ATTRIB
  5
882
330
881
100
AcDbEntity
  8
WC
100
AcDbText
 10
-438310.1049255959
 20
-578294.1025195097
 30
0.0
 40
0.4049999999344935
  1
705
 50
179.9839381662944
 41
0.8000000001652459
 71
     4
100
AcDbAttribute
280
     0
  2
YSIZE
 70
     9
280
     0
  0
ATTRIB
  5
883
330
881
100
AcDbEntity
  8
WC
100
AcDbText
 10
-438310.1049255959
 20
-578294.1025195097
 30
0.0
 40
0.4049999999344935
  1
690
 50
179.9839381662944
 41
0.8000000001652459
 71
     4
100
AcDbAttribute
280
     0
  2
XSIZE
 70
     9
280
     0
  0
SEQEND
  5
884
330
881
100
AcDbEntity
  8
栏杆
  0
LINE
  5
885
330
2
100
AcDbEntity
  8
WALL
  6
Continuous
100
AcDbLine
 10
-438536.8661438465
 20
-576593.6975195256
 30
0.0
 11
-437836.8661438321
 21
-576593.6975195256
 31
0.0
  0
LINE
  5
886
330
2
100
AcDbEntity
  8
WALL
  6
Continuous
100
AcDbLine
 10
-437836.8661438321
 20
-576593.6975195256
 30
0.0
 11
-441536.8664824074
 21
-576593.6975195256
 31
0.0
  0
LINE
  5
887
330
2
100
AcDbEntity
  8
WALL
  6
Continuous
100
AcDbLine
 10
-438036.866143832
 20
-576393.6975195257
 30
0.0
 11
-438836.8661438465
 21
-576393.6975195257
 31
0.0
  0
LINE
  5
888
330
2
100
AcDbEntity
  8
WALL
  6
Continuous
100
AcDbLine
 10
-439936.8661438272
 20
-578493.6975195265
 30
0.0
 11
-437636.8661438295
 21
-578493.6975195257
 31
0.0
  0
LINE
  5
889
330
2
100
AcDbEntity
  8
WALL
  6
Continuous
100
AcDbLine
 10
-435336.8661438293
 20
-579893.6975195257
 30
0.0
 11
-439936.8661438289
 21
-579893.6975195257
 31
0.0
  0
LINE
  5
88A
330
2
100
AcDbEntity
  8
WALL
100
AcDbLine
 10
-440336.8661438338
 20
-580093.6975195261
 30
0.0
 11
-438036.8661438292
 21
-580093.6975195259
 31
0.0
  0
LINE
  5
88B
330
2
100
AcDbEntity
  8
栏杆
100
AcDbLine
 10
-438736.8661438317
 20
-576593.6975195259
 30
0.0
 11
-438736.8661438317
 21
-578293.6975195259
 31
0.0
  0
LINE
  5
88C
330
2
100
AcDbEntity
  8
栏杆
100
AcDbLine
 10
-438836.8661438318
 20
-576593.6975195259
 30
0.0
 11
-438836.8661438318
 21
-578293.6975195259
 31
0.0
  0
LINE
  5
88D
330
2
100
AcDbEntity
  8
WALL
100
AcDbLine
 10
-440436.8661438341
 20
-579893.697519526
 30
0.0
 11
-440136.8661438341
 21
-579893.697519526
 31
0.0
  0
LINE
  5
88E
330
2
100
AcDbEntity
  8
see
100
AcDbLine
 10
-440136.8661438346
 20
-578593.6975195259
 30
0.0
 11
-440136.8661438335
 21
-579593.6975195257
 31
0.0
  0
LINE
  5
88F
330
2
100
AcDbEntity
  8
WALL
100
AcDbLine
 10
-440136.8661438335
 20
-579593.6975195257
 30
0.0
 11
-439936.8661438286
 21
-579593.6975195257
 31
0.0
  0
LINE
  5
890
330
2
100
AcDbEntity
  8
WALL
  6
Continuous
100
AcDbLine
 10
-439936.8661438286
 20
-579593.6975195257
 30
0.0
 11
-439936.8661438289
 21
-579893.6975195257
 31
0.0
  0
LINE
  5
891
330
2
100
AcDbEntity
  8
WALL
  6
Continuous
100
AcDbLine
 10
-440136.8661438335
 20
-579593.6975195257
 30
0.0
 11
-440136.8661438341
 21
-579893.697519526
 31
0.0
  0
LINE
  5
892
330
2
100
AcDbEntity
  8
WALL
100
AcDbLine
 10
-440136.8661438346
 20
-578593.6975195259
 30
0.0
 11
-439936.8661438276
 21
-578593.6975195254
 31
0.0
  0
LINE
  5
893
330
2
100
AcDbEntity
  8
WALL
  6
Continuous
100
AcDbLine
 10
-439936.8661438272
 20
-578493.6975195265
 30
0.0
 11
-439936.8661438276
 21
-578593.6975195254
 31
0.0
  0
LINE
  5
894
330
2
100
AcDbEntity
  8
WALL
100
AcDbLine
 10
-440136.8661438346
 20
-578593.6975195259
 30
0.0
 11
-440136.8661438346
 21
-578493.6975195257
 31
0.0
  0
INSERT
  5
895
330
2
100
AcDbEntity
  8
WINDOW
100
AcDbBlockReference
 66
     1
  2
M_A2ZXL
 10
-440036.8661438315
 20
-579093.6975195254
 30
0.0
 41
-1000.0
 42
-1000.0
 43
1000.0
 50
90.0
1001
WTHICK
1040
200.0000000070431
  0
ATTRIB
  5
89D
330
895
100
AcDbEntity
  8
WINDOW_TEXT
100
AcDbText
 10
-440436.866143835
 20
-579093.6975195261
 30
0.0
 40
300.0
  1

 50
90.0
 41
0.8
  7
SIMPLEX
 72
     4
 11
-440436.866143835
 21
-579093.6975195261
 31
0.0
100
AcDbAttribute
280
     0
  2
A
 70
     9
280
     0
  0
SEQEND
  5
89E
330
895
100
AcDbEntity
  8
WINDOW
  0
LINE
  5
89F
330
2
100
AcDbEntity
  8
WALL
  6
Continuous
100
AcDbLine
 10
-438436.8661435175
 20
-576393.6975195259
 30
0.0
 11
-441336.8664824075
 21
-576393.6975195257
 31
0.0
  0
LINE
  5
8A0
330
2
100
AcDbEntity
  8
百页
  6
Continuous
100
AcDbLine
 10
-438836.8661435201
 20
-577593.6975195259
 30
0.0
 11
-439236.86614352
 21
-577593.6975195261
 31
0.0
  0
LINE
  5
8A1
330
2
100
AcDbEntity
  8
百页
  6
Continuous
100
AcDbLine
 10
-438836.8661435201
 20
-577643.697519526
 30
0.0
 11
-439286.86614352
 21
-577643.697519526
 31
0.0
  0
LINE
  5
8A2
330
2
100
AcDbEntity
  8
8
  6
Continuous
100
AcDbLine
 10
-438836.8661435201
 20
-577693.6975195258
 30
0.0
 11
-439336.8661435199
 21
-577693.6975195257
 31
0.0
  0
LINE
  5
8A3
330
2
100
AcDbEntity
  8
8
  6
Continuous
100
AcDbLine
 10
-439336.8661435199
 20
-577693.6975195257
 30
0.0
 11
-439336.8661435199
 21
-576593.6975195256
 31
0.0
  0
LINE
  5
8A4
330
2
100
AcDbEntity
  8
百页
  6
Continuous
100
AcDbLine
 10
-439286.86614352
 20
-577643.697519526
 30
0.0
 11
-439286.86614352
 21
-576593.6975195256
 31
0.0
  0
LINE
  5
8A5
330
2
100
AcDbEntity
  8
百页
  6
Continuous
100
AcDbLine
 10
-439236.86614352
 20
-577593.6975195261
 30
0.0
 11
-439236.86614352
 21
-576593.6975195256
 31
0.0
  0
LINE
  5
8A6
330
2
100
AcDbEntity
  8
WINDOW
  6
Continuous
100
AcDbLine
 10
-436236.8661438288
 20
-576493.6975195257
 30
0.0
 11
-436236.8661438288
 21
-578293.6975195259
 31
0.0
  0
LINE
  5
8A7
330
2
100
AcDbEntity
  8
WALL
  6
Continuous
100
AcDbLine
 10
-434636.8661438293
 20
-578293.6975195259
 30
0.0
 11
-434636.8671403237
 21
-575893.6975195259
 31
0.0
  0
INSERT
  5
8A8
330
2
100
AcDbEntity
  8
烟道
  6
Continuous
100
AcDbBlockReference
  2
YD
 10
-434636.8661438293
 20
-577943.697519526
 30
0.0
 50
180.0
  0
LINE
  5
8A9
330
2
100
AcDbEntity
  8
WINDOW
100
AcDbLine
 10
-436436.8661651671
 20
-578293.6975195259
 30
0.0
 11
-436436.8661651671
 21
-576493.6975195257
 31
0.0
  0
LWPOLYLINE
  5
8AA
330
2
100
AcDbEntity
  8
WINDOW
100
AcDbPolyline
 90
        4
 70
     1
 43
0.0
 10
-436336.8661303912
 20
-578293.6874677545
 10
-436336.8661404694
 20
-577393.6975195256
 10
-436286.8661404692
 20
-577393.6975195256
 10
-436286.866130391
 20
-578293.6874677545
  0
INSERT
  5
8AB
330
2
100
AcDbEntity
  8
WINDOW
  6
Continuous
100
AcDbBlockReference
 66
     1
  2
_DBLK
 10
-437136.8661438286
 20
-578393.6975195254
 30
0.0
 41
1000.0
 42
1000.0
 43
1000.0
 50
180.0
1001
WTHICK
1040
200.0
  0
ATTRIB
  5
8AC
330
8AB
100
AcDbEntity
  8
WINDOW_TEXT
100
AcDbText
 10
-437136.8661438286
 20
-578793.6975195258
 30
0.0
 40
300.0
  1

 50
180.0
 41
0.8
  7
SIMPLEX
 72
     4
 11
-437136.8661438286
 21
-578793.6975195258
 31
0.0
100
AcDbAttribute
280
     0
  2
A
 70
     9
280
     0
  0
SEQEND
  5
8AD
330
8AB
100
AcDbEntity
  8
WINDOW
  6
Continuous
  0
LINE
  5
8AE
330
2
100
AcDbEntity
  8
WALL
  6
Continuous
100
AcDbLine
 10
-436636.8661438293
 20
-578293.6975195259
 30
0.0
 11
-434636.8661438293
 21
-578293.6975195259
 31
0.0
  0
LINE
  5
8AF
330
2
100
AcDbEntity
  8
WALL
  6
Continuous
100
AcDbLine
 10
-436436.8661438294
 20
-578293.6975195259
 30
0.0
 11
-436236.8661438295
 21
-578293.6975195259
 31
0.0
  0
LINE
  5
8B0
330
2
100
AcDbEntity
  8
WALL
  6
Continuous
100
AcDbLine
 10
-437836.8661438293
 20
-580093.6975195259
 30
0.0
 11
-435836.8661438293
 21
-580093.6975195259
 31
0.0
  0
LINE
  5
8B1
330
2
100
AcDbEntity
  8
see
100
AcDbLine
 10
-436636.8661438293
 20
-578293.6975195259
 30
0.0
 11
-437636.8661438295
 21
-578293.6975195259
 31
0.0
  0
LINE
  5
8B2
330
2
100
AcDbEntity
  8
WALL
  6
Continuous
100
AcDbLine
 10
-436436.8661438294
 20
-578293.6975195259
 30
0.0
 11
-436436.8661438294
 21
-578293.6975195259
 31
0.0
  0
LINE
  5
8B3
330
2
100
AcDbEntity
  8
WALL
  6
Continuous
100
AcDbLine
 10
-436636.8661438293
 20
-578493.6975195257
 30
0.0
 11
-436636.8661438293
 21
-578293.6975195259
 31
0.0
  0
LINE
  5
8B4
330
2
100
AcDbEntity
  8
WALL
  6
Continuous
100
AcDbLine
 10
-437636.8661438295
 20
-578493.6975195257
 30
0.0
 11
-437636.8661438295
 21
-578293.6975195259
 31
0.0
  0
LINE
  5
8B5
330
2
100
AcDbEntity
  8
WALL
  6
Continuous
100
AcDbLine
 10
-436236.8661438295
 20
-578293.6975195259
 30
0.0
 11
-434636.8661438293
 21
-578293.6975195259
 31
0.0
  0
LINE
  5
8B6
330
2
100
AcDbEntity
  8
WALL
  6
Continuous
100
AcDbLine
 10
-436236.8661438295
 20
-578293.6975195259
 30
0.0
 11
-436236.8661438295
 21
-578293.6975195259
 31
0.0
  0
LINE
  5
8B7
330
2
100
AcDbEntity
  8
see
100
AcDbLine
 10
-435636.8661438292
 20
-580793.6975195259
 30
0.0
 11
-435636.8661438292
 21
-580193.6975195259
 31
0.0
  0
LINE
  5
8B8
330
2
100
AcDbEntity
  8
see
100
AcDbLine
 10
-435836.8661438293
 20
-580193.6975195259
 30
0.0
 11
-435836.8661438293
 21
-580793.6975195259
 31
0.0
  0
LINE
  5
8B9
330
2
100
AcDbEntity
  8
WINDOW
  6
Continuous
100
AcDbLine
 10
-435736.8661438292
 20
-580793.6975195259
 30
0.0
 11
-435421.1471937996
 21
-580283.4803651768
 31
0.0
  0
ARC
  5
8BA
330
2
100
AcDbEntity
  8
WINDOW
  6
Continuous
100
AcDbCircle
 10
-435736.8661438292
 20
-580793.6975195259
 30
0.0
 40
600.0
100
AcDbArc
 50
58.25105606673406
 51
90.0
  0
LINE
  5
8BB
330
2
100
AcDbEntity
  8
WALL
100
AcDbLine
 10
-435836.8661438293
 20
-580193.6975195259
 30
0.0
 11
-435636.8661438292
 21
-580193.6975195259
 31
0.0
  0
LINE
  5
8BC
330
2
100
AcDbEntity
  8
WALL
100
AcDbLine
 10
-435836.8661438293
 20
-580793.6975195259
 30
0.0
 11
-435636.8661438292
 21
-580793.6975195259
 31
0.0
  0
LINE
  5
8BD
330
2
100
AcDbEntity
  8
WALL
  6
Continuous
100
AcDbLine
 10
-435636.8661438292
 20
-580093.6975195259
 30
0.0
 11
-435636.8661438292
 21
-580193.6975195259
 31
0.0
  0
LINE
  5
8BE
330
2
100
AcDbEntity
  8
WALL
  6
Continuous
100
AcDbLine
 10
-435836.8661438293
 20
-580093.6975195259
 30
0.0
 11
-435836.8661438293
 21
-580193.6975195259
 31
0.0
  0
LINE
  5
8BF
330
2
100
AcDbEntity
  8
WALL
  6
Continuous
100
AcDbLine
 10
-435336.8661438293
 20
-580093.6975195259
 30
0.0
 11
-435336.8661438293
 21
-579893.6975195257
 31
0.0
  0
LINE
  5
8C0
330
2
100
AcDbEntity
  8
WALL
100
AcDbLine
 10
-435636.8661438292
 20
-580093.6975195259
 30
0.0
 11
-435336.8661438293
 21
-580093.6975195259
 31
0.0
  0
LINE
  5
8C1
330
2
100
AcDbEntity
  8
WALL
  6
Continuous
100
AcDbLine
 10
-436436.8661438287
 20
-576493.6975195259
 30
0.0
 11
-436236.8661438288
 21
-576493.6975195257
 31
0.0
  0
TEXT
  5
8C2
330
2
100
AcDbEntity
  8
PUB_TEXT
 62
     3
100
AcDbText
 10
-438068.3095457012
 20
-577189.0540723582
 30
0.0
 40
450.0
  1
入户花园
 41
0.8
  7
HZTXT1
100
AcDbText
  0
LWPOLYLINE
  5
8C3
330
2
100
AcDbEntity
  8
WINDOW
100
AcDbPolyline
 90
        4
 70
     1
 43
0.0
 10
-436386.8661404696
 20
-577393.7075712971
 10
-436386.8661438288
 20
-576493.6975195259
 10
-436336.8661438286
 20
-576493.6975195259
 10
-436336.8661404694
 20
-577393.7075712973
  0
INSERT
  5
8C4
330
2
100
AcDbEntity
  8
WC
100
AcDbBlockReference
 66
     1
  2
M_E25ESP
 10
-435660.3071866523
 20
-578198.2939467869
 30
0.0
 50
90.0
  0
ATTRIB
  5
8C5
330
8C4
100
AcDbEntity
  8
0
100
AcDbText
 10
-435660.2932977567
 20
-578198.5180737833
 30
0.0
 40
0.5
  1
450
 50
90.0
 41
0.8
  7
DIM_FONT
100
AcDbAttribute
280
     0
  2
XSIZE
 70
     9
280
     0
  0
ATTRIB
  5
8C6
330
8C4
100
AcDbEntity
  8
0
100
AcDbText
 10
-435660.2932977567
 20
-578198.5314071039
 30
0.0
 40
0.5
  1
675
 50
90.0
 41
0.8
  7
DIM_FONT
100
AcDbAttribute
280
     0
  2
YSIZE
 70
     9
280
     0
  0
SEQEND
  5
8C7
330
8C4
100
AcDbEntity
  8
0
  0
LINE
  5
8C8
330
2
100
AcDbEntity
  8
WC
100
AcDbLine
 10
-436236.8661438288
 20
-577693.6975195257
 30
0.0
 11
-435236.8661438286
 21
-577693.6975195257
 31
0.0
  0
LINE
  5
8C9
330
2
100
AcDbEntity
  8
WC
100
AcDbLine
 10
-435236.8661438286
 20
-577693.6975195257
 30
0.0
 11
-435236.8661438286
 21
-576183.6960247862
 31
0.0
  0
INSERT
  5
8CA
330
2
100
AcDbEntity
  8
WC
100
AcDbBlockReference
 66
     1
  2
A$C38C125B6
 10
-434691.7122339593
 20
-576725.0950133968
 30
0.0
 50
180.0
  0
ATTRIB
  5
8CB
330
8CA
100
AcDbEntity
  8
WC
100
AcDbText
 10
-434692.2263201562
 20
-576725.0951123187
 30
0.0
 40
0.5
  1
500
 50
180.0
 41
0.8
  7
DIM_FONT
100
AcDbAttribute
280
     0
  2
YSIZE
 70
     9
280
     0
  0
ATTRIB
  5
8CC
330
8CA
100
AcDbEntity
  8
WC
100
AcDbText
 10
-434692.2263201562
 20
-576725.0951123187
 30
0.0
 40
0.5
  1
500
 50
180.0
 41
0.8
  7
DIM_FONT
100
AcDbAttribute
280
     0
  2
XSIZE
 70
     9
280
     0
  0
SEQEND
  5
8CD
330
8CA
100
AcDbEntity
  8
栏杆
  0
TEXT
  5
8CE
330
2
100
AcDbEntity
  8
PUB_TEXT
 62
     3
100
AcDbText
 10
-436047.9962732482
 20
-577092.5617329093
 30
0.0
 40
450.0
  1
厨房
 41
0.8
  7
HZTXT1
100
AcDbText
  0
INSERT
  5
8CF
330
2
100
AcDbEntity
  8
WC
100
AcDbBlockReference
 66
     1
  2
A$C38C125B6
 10
-430962.8590250182
 20
-581202.1010963945
 30
0.0
  0
ATTRIB
  5
8D0
330
8CF
100
AcDbEntity
  8
WC
100
AcDbText
 10
-430961.3163673929
 20
-581201.6009974728
 30
0.0
 40
0.5
  1
500
 50
180.0
 41
0.8
  7
DIM_FONT
100
AcDbAttribute
280
     0
  2
YSIZE
 70
     9
280
     0
  0
ATTRIB
  5
8D1
330
8CF
100
AcDbEntity
  8
WC
100
AcDbText
 10
-430961.3163673929
 20
-581201.6009974728
 30
0.0
 40
0.5
  1
500
 50
180.0
 41
0.8
  7
DIM_FONT
100
AcDbAttribute
280
     0
  2
XSIZE
 70
     9
280
     0
  0
SEQEND
  5
8D2
330
8CF
100
AcDbEntity
  8
栏杆
  0
LINE
  5
8D3
330
2
100
AcDbEntity
  8
WC
100
AcDbLine
 10
-430436.8661438259
 20
-581293.6975195273
 30
0.0
 11
-430436.866143825
 21
-580093.6975195265
 31
0.0
  0
LINE
  5
8D4
330
2
100
AcDbEntity
  8
DOTE1
100
AcDbLine
 10
-429036.8661438288
 20
-578393.6975195273
 30
0.0
 11
-429036.8661438288
 21
-585843.697519526
 31
0.0
  0
LINE
  5
8D5
330
2
100
AcDbEntity
  8
WALL
100
AcDbLine
 10
-428636.8661438261
 20
-581893.6975195273
 30
0.0
 11
-428636.8661438241
 21
-579893.697519526
 31
0.0
  0
LINE
  5
8D6
330
2
100
AcDbEntity
  8
WALL
100
AcDbLine
 10
-428736.8661438259
 20
-581893.6975195271
 30
0.0
 11
-428736.8661438243
 21
-580093.6975195261
 31
0.0
  0
LINE
  5
8D7
330
2
100
AcDbEntity
  8
DOTE1
100
AcDbLine
 10
-427636.8660101057
 20
-578393.697519526
 30
0.0
 11
-427636.8660101059
 21
-585593.9281943443
 31
0.0
  0
LINE
  5
8D8
330
2
100
AcDbEntity
  8
WALL
100
AcDbLine
 10
-431036.866143827
 20
-582493.6975195265
 30
0.0
 11
-431036.866143825
 21
-580093.6975195259
 31
0.0
  0
LINE
  5
8D9
330
2
100
AcDbEntity
  8
DOTE
100
AcDbLine
 10
-433836.8664245566
 20
-584993.6975195259
 30
0.0
 11
-433836.8664245566
 21
-579993.6975195259
 31
0.0
  0
LINE
  5
8DD
330
2
100
AcDbEntity
  8
DOTE
100
AcDbLine
 10
-433836.8664245566
 20
-584993.6975195259
 30
0.0
 11
-433836.8664245566
 21
-579993.6975195259
 31
0.0
  0
LINE
  5
8DE
330
2
100
AcDbEntity
  8
WALL
100
AcDbLine
 10
-433936.8664245567
 20
-583793.6975195258
 30
0.0
 11
-433936.8664245567
 21
-580093.6975195259
 31
0.0
  0
LINE
  5
8DF
330
2
100
AcDbEntity
  8
DOTE
100
AcDbLine
 10
-433836.8664245566
 20
-584993.6975195259
 30
0.0
 11
-433836.8664245566
 21
-579993.6975195259
 31
0.0
  0
LINE
  5
8E0
330
2
100
AcDbEntity
  8
DOTE
100
AcDbLine
 10
-433836.8664245563
 20
-584993.6975195269
 30
0.0
 11
-433836.8664245563
 21
-579993.6975195269
 31
0.0
  0
LINE
  5
8E1
330
2
100
AcDbEntity
  8
WALL
100
AcDbLine
 10
-428586.8660101064
 20
-581893.6975195273
 30
0.0
 11
-431036.8661438267
 21
-581893.6975195273
 31
0.0
  0
LINE
  5
8E2
330
2
100
AcDbEntity
  8
WALL
100
AcDbLine
 10
-428586.8660101064
 20
-582093.6975195273
 30
0.0
 11
-431036.8661438267
 21
-582093.6975195273
 31
0.0
  0
LINE
  5
8E3
330
2
100
AcDbEntity
  8
栏杆
100
AcDbLine
 10
-427736.8660101067
 20
-582993.6975195274
 30
0.0
 11
-431036.8661438267
 21
-582993.6975195273
 31
0.0
  0
LINE
  5
8E4
330
2
100
AcDbEntity
  8
栏杆
100
AcDbLine
 10
-427736.8660101067
 20
-583093.6975195275
 30
0.0
 11
-431036.8661438267
 21
-583093.6975195275
 31
0.0
  0
LINE
  5
8E5
330
2
100
AcDbEntity
  8
WALL
  6
Continuous
100
AcDbLine
 10
-431236.8661438282
 20
-580983.6974918586
 30
0.0
 11
-431236.8661438229
 21
-585643.697519525
 31
0.0
  0
LINE
  5
8E6
330
2
100
AcDbEntity
  8
WALL
100
AcDbLine
 10
-433736.8664245565
 20
-583793.6975195258
 30
0.0
 11
-433736.8664245565
 21
-580983.6976054037
 31
0.0
  0
LINE
  5
8E7
330
2
100
AcDbEntity
  8
STAIR
100
AcDbLine
 10
-433309.0242232812
 20
-581797.5760146398
 30
0.0
 11
-433309.0242232764
 21
-584443.6975472007
 31
0.0
  0
LINE
  5
8E8
330
2
100
AcDbEntity
  8
WALL
100
AcDbLine
 10
-433936.8663782656
 20
-581193.697511269
 30
0.0
 11
-433936.8661831481
 21
-585843.6975195254
 31
0.0
  0
LINE
  5
8E9
330
2
100
AcDbEntity
  8
WALL
100
AcDbLine
 10
-433736.8663783746
 20
-581193.6975195257
 30
0.0
 11
-433736.8661915482
 21
-585643.6975195254
 31
0.0
  0
LINE
  5
8EA
330
2
100
AcDbEntity
  8
WALL
100
AcDbLine
 10
-431036.8661438305
 20
-585843.697519525
 30
0.0
 11
-431036.8661438274
 21
-582693.6975195265
 31
0.0
  0
INSERT
  5
8EB
330
2
100
AcDbEntity
  8
STAIR
100
AcDbBlockReference
  2
_ARROW
 10
-431906.8664244705
 20
-583514.822155384
 30
-0.0000000514529726
 41
320.0
 42
320.0
 43
320.0
 50
90.0
  0
LINE
  5
8F3
330
2
100
AcDbEntity
  8
DOTE
100
AcDbLine
 10
-432536.8664245567
 20
-584543.6974918595
 30
0.0
 11
-432536.8664245567
 21
-582343.6974918593
 31
0.0
  0
LINE
  5
8F4
330
2
100
AcDbEntity
  8
DOTE
100
AcDbLine
 10
-432536.8664245567
 20
-584543.6974918587
 30
0.0
 11
-432536.8664245567
 21
-582343.6974918586
 31
0.0
  0
LINE
  5
8F5
330
2
100
AcDbEntity
  8
STAIR
100
AcDbLine
 10
-432636.8664245573
 20
-584443.6975250637
 30
0.0
 11
-432636.8664245553
 21
-582283.6975250623
 31
0.0
  0
LINE
  5
8F6
330
2
100
AcDbEntity
  8
STAIR
100
AcDbLine
 10
-432696.8664245507
 20
-584503.6975250596
 30
0.0
 11
-432696.8664245545
 21
-582223.697525058
 31
0.0
  0
LINE
  5
8F7
330
2
100
AcDbEntity
  8
STAIR
100
AcDbLine
 10
-432476.8664245506
 20
-584503.697545346
 30
0.0
 11
-432476.8664245506
 21
-583217.889686486
 31
0.0
  0
LINE
  5
8F8
330
2
100
AcDbEntity
  8
DOTE
100
AcDbLine
 10
-432536.8664245567
 20
-584543.6974918587
 30
0.0
 11
-432536.8664245567
 21
-582343.6974918586
 31
0.0
  0
LINE
  5
8F9
330
2
100
AcDbEntity
  8
STAIR
100
AcDbLine
 10
-433736.8664245542
 20
-583633.697603564
 30
0.0
 11
-432696.8664245539
 21
-583633.6975250587
 31
0.0
  0
LINE
  5
8FA
330
2
100
AcDbEntity
  8
STAIR
100
AcDbLine
 10
-432696.8664245575
 20
-584443.6975250594
 30
0.0
 11
-433736.8664245542
 21
-584443.697602521
 31
0.0
  0
LINE
  5
8FB
330
2
100
AcDbEntity
  8
STAIR
100
AcDbLine
 10
-433736.8664245542
 20
-583903.697603564
 30
0.0
 11
-432696.866424555
 21
-583903.6975250589
 31
0.0
  0
LINE
  5
8FC
330
2
100
AcDbEntity
  8
STAIR
100
AcDbLine
 10
-433736.8664245542
 20
-584173.697603564
 30
0.0
 11
-432696.8664245561
 21
-584173.6975250591
 31
0.0
  0
LINE
  5
8FD
330
2
100
AcDbEntity
  8
WALL
  6
Continuous
100
AcDbLine
 10
-433736.8661915482
 20
-585643.6975195254
 30
0.0
 11
-431236.8661438229
 21
-585643.697519525
 31
0.0
  0
LINE
  5
8FE
330
2
100
AcDbEntity
  8
WALL
  6
Continuous
100
AcDbLine
 10
-433936.8661831481
 20
-585843.6975195254
 30
0.0
 11
-431036.8661438305
 21
-585843.697519525
 31
0.0
  0
LINE
  5
8FF
330
2
100
AcDbEntity
  8
DOTE
100
AcDbLine
 10
-431136.8664245565
 20
-584543.6974918595
 30
0.0
 11
-433836.8664245566
 21
-584543.6974918595
 31
0.0
  0
LINE
  5
900
330
2
100
AcDbEntity
  8
STAIR
100
AcDbLine
 10
-431236.8664245567
 20
-583633.6974918594
 30
0.0
 11
-432476.8664245506
 21
-583633.6975471898
 31
0.0
  0
LWPOLYLINE
  5
901
330
2
100
AcDbEntity
  8
STAIR
100
AcDbPolyline
 90
        2
 70
     1
 43
19.99999999999999
 38
-0.0000000006111804
 10
-431896.8664245506
 20
-584445.4340074379
 42
-0.9999999999999996
 10
-431916.866424543
 20
-584445.4340074412
 42
-1.0
  0
LINE
  5
902
330
2
100
AcDbEntity
  8
STAIR
100
AcDbLine
 10
-431906.8664244698
 20
-583834.822155384
 30
-0.000000045489287
 11
-431906.8664245498
 21
-584443.697519525
 31
0.0
  0
LINE
  5
903
330
2
100
AcDbEntity
  8
STAIR
100
AcDbLine
 10
-432636.8664245573
 20
-584443.6975250637
 30
0.0
 11
-432536.8664245573
 21
-584443.6975434988
 31
0.0
  0
LINE
  5
904
330
2
100
AcDbEntity
  8
STAIR
100
AcDbLine
 10
-432696.8664245507
 20
-584503.6975250596
 30
0.0
 11
-432476.8664245506
 21
-584503.697545346
 31
0.0
  0
LINE
  5
905
330
2
100
AcDbEntity
  8
STAIR
100
AcDbLine
 10
-432476.8664245429
 20
-584443.6975471904
 30
0.0
 11
-431236.8664245566
 21
-584443.6974918601
 31
0.0
  0
LINE
  5
906
330
2
100
AcDbEntity
  8
STAIR
100
AcDbLine
 10
-431236.866424558
 20
-583903.6974918598
 30
0.0
 11
-432476.866424548
 21
-583903.6975471898
 31
0.0
  0
LINE
  5
907
330
2
100
AcDbEntity
  8
STAIR
100
AcDbLine
 10
-431236.8664245553
 20
-584173.69749186
 30
0.0
 11
-432476.8664245417
 21
-584173.6975471899
 31
0.0
  0
LINE
  5
908
330
2
100
AcDbEntity
  8
WALL
100
AcDbLine
 10
-431236.866483598
 20
-580983.6974918586
 30
0.0
 11
-433736.8664245565
 21
-580983.6976054037
 31
0.0
  0
LINE
  5
909
330
2
100
AcDbEntity
  8
STAIR
100
AcDbLine
 10
-433736.8664245594
 20
-582283.6976025198
 30
0.0
 11
-432696.866424555
 21
-582283.697525058
 31
0.0
  0
LINE
  5
90A
330
2
100
AcDbEntity
  8
STAIR
100
AcDbLine
 10
-433736.8664245582
 20
-582823.6976025204
 30
0.0
 11
-432696.8664245575
 21
-582823.6975250582
 31
0.0
  0
LINE
  5
90B
330
2
100
AcDbEntity
  8
STAIR
100
AcDbLine
 10
-433736.866424561
 20
-582553.6976025201
 30
0.0
 11
-432696.8664245603
 21
-582553.6975250728
 31
0.0
  0
LINE
  5
90C
330
2
100
AcDbEntity
  8
STAIR
100
AcDbLine
 10
-433736.866424552
 20
-583093.6976025204
 30
0.0
 11
-432696.866424555
 21
-583093.6975250584
 31
0.0
  0
LINE
  5
90D
330
2
100
AcDbEntity
  8
STAIR
100
AcDbLine
 10
-433736.8664245533
 20
-583363.6976025204
 30
0.0
 11
-432696.8664245566
 21
-583363.6975250587
 31
0.0
  0
LWPOLYLINE
  5
90E
330
2
100
AcDbEntity
  8
STAIR
100
AcDbPolyline
 90
        3
 70
     0
 43
0.0
 10
-431913.9840517022
 20
-582938.7084090124
 10
-431913.9840517022
 20
-581797.5760146381
 10
-433309.0242232812
 20
-581797.5760146398
  0
LINE
  5
90F
330
2
100
AcDbEntity
  8
DOTE
100
AcDbLine
 10
-431136.8664245565
 20
-582343.6974918593
 30
0.0
 11
-433836.8664245566
 21
-582343.6974918593
 31
0.0
  0
LINE
  5
910
330
2
100
AcDbEntity
  8
STAIR
100
AcDbLine
 10
-431979.1240839786
 20
-583001.9512233509
 30
0.0
 11
-431236.8733329939
 21
-582723.3198335613
 31
0.0
  0
LINE
  5
911
330
2
100
AcDbEntity
  8
STAIR
100
AcDbLine
 10
-431236.8664912495
 20
-583043.697491859
 30
0.0
 11
-432026.4161393756
 21
-583043.6975887327
 31
0.0
  0
LINE
  5
912
330
2
100
AcDbEntity
  8
STAIR
100
AcDbLine
 10
-431986.4078644108
 20
-583135.9174375294
 30
0.0
 11
-432081.9267870665
 21
-582915.7444705036
 31
0.0
  0
LINE
  5
913
330
2
100
AcDbEntity
  8
STAIR
100
AcDbLine
 10
-432089.2105675063
 20
-583049.7106846826
 30
0.0
 11
-431986.4078644108
 21
-583135.9174375294
 31
0.0
  0
LINE
  5
914
330
2
100
AcDbEntity
  8
STAIR
100
AcDbLine
 10
-432081.9267870665
 20
-582915.7444705036
 30
0.0
 11
-431979.1240839786
 21
-583001.9512233509
 31
0.0
  0
INSERT
  5
915
330
2
100
AcDbEntity
  8
STAIR
100
AcDbBlockReference
  2
_ARROW
 10
-431913.9840516136
 20
-582938.7084092481
 30
-0.0000000515209427
 41
320.0
 42
320.0
 43
320.0
 50
270.0
  0
LINE
  5
916
330
2
100
AcDbEntity
  8
STAIR
100
AcDbLine
 10
-432536.866424559
 20
-582283.6975435098
 30
0.0
 11
-432636.8664245553
 21
-582283.6975250623
 31
0.0
  0
LINE
  5
917
330
2
100
AcDbEntity
  8
STAIR
100
AcDbLine
 10
-432476.8664245617
 20
-582223.6975453446
 30
0.0
 11
-432696.8664245545
 21
-582223.697525058
 31
0.0
  0
LINE
  5
918
330
2
100
AcDbEntity
  8
STAIR
100
AcDbLine
 10
-432536.866424556
 20
-583243.9198364911
 30
0.0
 11
-432536.866424559
 21
-582283.6975435098
 31
0.0
  0
LINE
  5
919
330
2
100
AcDbEntity
  8
STAIR
100
AcDbLine
 10
-432476.8664245567
 20
-583217.8896864888
 30
0.0
 11
-432476.8664245617
 21
-582223.6975453446
 31
0.0
  0
LINE
  5
91A
330
2
100
AcDbEntity
  8
STAIR
100
AcDbLine
 10
-431236.8664245553
 20
-583363.6974918594
 30
0.0
 11
-432476.8664245506
 21
-583363.6975539344
 31
0.0
  0
LINE
  5
91B
330
2
100
AcDbEntity
  8
STAIR
100
AcDbLine
 10
-431236.8664245545
 20
-582283.6974918587
 30
0.0
 11
-432476.8664245616
 21
-582283.6975481767
 31
0.0
  0
LINE
  5
91C
330
2
100
AcDbEntity
  8
STAIR
100
AcDbLine
 10
-431236.8664245556
 20
-582553.6974918589
 30
0.0
 11
-432476.8664245602
 21
-582553.6975481771
 31
0.0
  0
LINE
  5
91D
330
2
100
AcDbEntity
  8
STAIR
100
AcDbLine
 10
-432536.866424556
 20
-583243.9198364911
 30
0.0
 11
-432089.2105675063
 21
-583049.7106846826
 31
0.0
  0
LINE
  5
91E
330
2
100
AcDbEntity
  8
STAIR
100
AcDbLine
 10
-432190.6011377032
 20
-583093.6975471995
 30
0.0
 11
-432476.8664245573
 21
-583093.6975471885
 31
0.0
  0
LINE
  5
91F
330
2
100
AcDbEntity
  8
STAIR
100
AcDbLine
 10
-431418.2459074188
 20
-582823.6974918522
 30
0.0
 11
-432476.8664245587
 21
-582823.6975483683
 31
0.0
  0
LINE
  5
920
330
2
100
AcDbEntity
  8
WALL
100
AcDbLine
 10
-427736.8660101105
 20
-585693.9281943425
 30
0.0
 11
-427736.8660101064
 21
-582093.6975195274
 31
0.0
  0
LINE
  5
921
330
2
100
AcDbEntity
  8
WALL
100
AcDbLine
 10
-427536.8660101101
 20
-585493.9281943425
 30
0.0
 11
-427536.8660101064
 21
-581893.6975195274
 31
0.0
  0
LINE
  5
922
330
2
100
AcDbEntity
  8
WC
100
AcDbLine
 10
-428586.8660101064
 20
-581293.6975195273
 30
0.0
 11
-430436.8661438259
 21
-581293.6975195273
 31
0.0
  0
INSERT
  5
923
330
2
100
AcDbEntity
  8
WC
100
AcDbBlockReference
 66
     1
  2
M_E25ESP
 10
-429527.324705386
 20
-581803.0834217973
 30
0.0
 50
90.0
  0
ATTRIB
  5
924
330
923
100
AcDbEntity
  8
0
100
AcDbText
 10
-429527.8108164904
 20
-581802.2789773651
 30
0.0
 40
0.5
  1
450
 50
270.0
 41
0.8
  7
DIM_FONT
100
AcDbAttribute
280
     0
  2
XSIZE
 70
     9
280
     0
  0
ATTRIB
  5
925
330
923
100
AcDbEntity
  8
0
100
AcDbText
 10
-429527.8108164904
 20
-581802.2923106855
 30
0.0
 40
0.5
  1
675
 50
270.0
 41
0.8
  7
DIM_FONT
100
AcDbAttribute
280
     0
  2
YSIZE
 70
     9
280
     0
  0
SEQEND
  5
926
330
923
100
AcDbEntity
  8
0
  0
INSERT
  5
927
330
2
100
AcDbEntity
  8
WINDOW
100
AcDbBlockReference
 66
     1
  2
_DBLK
 10
-428186.8660101063
 20
-581993.6975195274
 30
0.0
 41
-800.0
 42
800.0
 43
800.0
1001
WTHICK
1040
200.0
  0
ATTRIB
  5
928
330
927
100
AcDbEntity
  8
WINDOW_TEXT
100
AcDbText
 10
-428186.8660101063
 20
-581593.6975195273
 30
0.0
 40
300.0
  1

 41
0.8
  7
SIMPLEX
 72
     4
 11
-428186.8660101063
 21
-581593.6975195273
 31
0.0
100
AcDbAttribute
280
     0
  2
A
 70
     9
280
     0
  0
SEQEND
  5
929
330
927
100
AcDbEntity
  8
WINDOW
  0
LINE
  5
92A
330
2
100
AcDbEntity
  8
WALL
100
AcDbLine
 10
-427786.8660101064
 20
-582093.6975195274
 30
0.0
 11
-427786.8660101064
 21
-581893.6975195274
 31
0.0
  0
LINE
  5
92B
330
2
100
AcDbEntity
  8
WALL
100
AcDbLine
 10
-427736.8660101064
 20
-582093.6975195274
 30
0.0
 11
-427786.8660101064
 21
-582093.6975195274
 31
0.0
  0
LINE
  5
92C
330
2
100
AcDbEntity
  8
WC
100
AcDbLine
 10
-428586.8660101064
 20
-581893.6975195273
 30
0.0
 11
-428586.8660101064
 21
-581293.6975195273
 31
0.0
  0
LINE
  5
92D
330
2
100
AcDbEntity
  8
WALL
100
AcDbLine
 10
-428586.8660101064
 20
-582093.6975195273
 30
0.0
 11
-428586.8660101064
 21
-581893.6975195273
 31
0.0
  0
LINE
  5
92E
330
2
100
AcDbEntity
  8
WINDOW
100
AcDbLine
 10
-428586.8660101064
 20
-582093.6975195273
 30
0.0
 11
-427786.8660101064
 21
-582093.6975195274
 31
0.0
  0
LINE
  5
92F
330
2
100
AcDbEntity
  8
WALL
100
AcDbLine
 10
-427536.8660101064
 20
-581893.6975195274
 30
0.0
 11
-427786.8660101064
 21
-581893.6975195274
 31
0.0
  0
LINE
  5
930
330
2
100
AcDbEntity
  8
WALL
100
AcDbLine
 10
-428736.8661438243
 20
-580093.6975195261
 30
0.0
 11
-431036.866143825
 21
-580093.6975195259
 31
0.0
  0
INSERT
  5
931
330
2
100
AcDbEntity
  8
WC
100
AcDbBlockReference
 66
     1
  2
A$C095B46CE
 10
-430484.1776898224
 20
-577721.904013538
 30
0.0
 50
180.0
  0
ATTRIB
  5
932
330
931
100
AcDbEntity
  8
WC
100
AcDbText
 10
-430762.817362094
 20
-578294.1022924411
 30
0.0
 40
0.4049999999344935
  1
705
 50
180.0160618337056
 41
0.8000000001652459
 71
     4
100
AcDbAttribute
280
     0
  2
YSIZE
 70
     9
280
     0
  0
ATTRIB
  5
933
330
931
100
AcDbEntity
  8
WC
100
AcDbText
 10
-430762.817362094
 20
-578294.1022924411
 30
0.0
 40
0.4049999999344935
  1
690
 50
180.0160618337056
 41
0.8000000001652459
 71
     4
100
AcDbAttribute
280
     0
  2
XSIZE
 70
     9
280
     0
  0
SEQEND
  5
934
330
931
100
AcDbEntity
  8
栏杆
  0
LINE
  5
935
330
2
100
AcDbEntity
  8
WALL
  6
Continuous
100
AcDbLine
 10
-431036.866143826
 20
-576393.6975195257
 30
0.0
 11
-430236.8661438118
 21
-576393.6975195257
 31
0.0
  0
LINE
  5
936
330
2
100
AcDbEntity
  8
WALL
  6
Continuous
100
AcDbLine
 10
-430536.8661438118
 20
-576593.6975195256
 30
0.0
 11
-431236.8661438262
 21
-576593.6975195256
 31
0.0
  0
LINE
  5
937
330
2
100
AcDbEntity
  8
WALL
  6
Continuous
100
AcDbLine
 10
-431236.8661438262
 20
-576593.6975195256
 30
0.0
 11
-427836.8658055653
 21
-576593.6975195256
 31
0.0
  0
LINE
  5
938
330
2
100
AcDbEntity
  8
WALL
  6
Continuous
100
AcDbLine
 10
-429136.8661438307
 20
-578493.6975195259
 30
0.0
 11
-431436.8661438286
 21
-578493.6975195257
 31
0.0
  0
LINE
  5
939
330
2
100
AcDbEntity
  8
DOTE
100
AcDbLine
 10
-427636.8660101059
 20
-579993.6975195269
 30
0.0
 11
-433836.8664245566
 21
-579993.6975195269
 31
0.0
  0
LINE
  5
93A
330
2
100
AcDbEntity
  8
WALL
100
AcDbLine
 10
-429136.8661438291
 20
-579893.697519526
 30
0.0
 11
-431786.8664245565
 21
-579893.6975195259
 31
0.0
  0
LINE
  5
93B
330
2
100
AcDbEntity
  8
WALL
100
AcDbLine
 10
-428936.8661438238
 20
-580093.6975195261
 30
0.0
 11
-431036.866143825
 21
-580093.6975195259
 31
0.0
  0
LWPOLYLINE
  5
93C
330
2
100
AcDbEntity
  8
WINDOW
100
AcDbPolyline
 90
        4
 70
     1
 43
0.0
 10
-432736.866157267
 20
-578293.6874677545
 10
-432736.8661471886
 20
-577393.6975195256
 10
-432786.8661471891
 20
-577393.6975195256
 10
-432786.866157267
 20
-578293.6874677545
  0
LINE
  5
93D
330
2
100
AcDbEntity
  8
WINDOW
  6
Continuous
100
AcDbLine
 10
-432836.8661438296
 20
-576493.6975195257
 30
0.0
 11
-432836.8661438296
 21
-578293.6975195259
 31
0.0
  0
LINE
  5
93E
330
2
100
AcDbEntity
  8
WINDOW
100
AcDbLine
 10
-432636.8661224909
 20
-578293.6975195259
 30
0.0
 11
-432636.8661224909
 21
-576493.6975195257
 31
0.0
  0
INSERT
  5
93F
330
2
100
AcDbEntity
  8
烟道
  6
Continuous
100
AcDbBlockReference
  2
YD
 10
-434436.8661438287
 20
-577943.697519526
 30
0.0
 41
-1.0
 50
180.0
  0
INSERT
  5
940
330
2
100
AcDbEntity
  8
WINDOW
  6
Continuous
100
AcDbBlockReference
 66
     1
  2
_DBLK
 10
-431936.8661438292
 20
-578393.6975195254
 30
0.0
 41
-1000.0
 42
1000.0
 43
1000.0
 50
180.0
1001
WTHICK
1040
200.0
  0
ATTRIB
  5
941
330
940
100
AcDbEntity
  8
WINDOW_TEXT
100
AcDbText
 10
-431936.8661438292
 20
-578793.6975195258
 30
0.0
 40
300.0
  1

 50
180.0
 41
0.8
  7
SIMPLEX
 72
     4
 11
-431936.8661438292
 21
-578793.6975195258
 31
0.0
100
AcDbAttribute
280
     0
  2
A
 70
     9
280
     0
  0
SEQEND
  5
942
330
940
100
AcDbEntity
  8
WINDOW
  6
Continuous
  0
LINE
  5
943
330
2
100
AcDbEntity
  8
WALL
  6
Continuous
100
AcDbLine
 10
-432636.8661438286
 20
-578293.6975195259
 30
0.0
 11
-432836.8661438286
 21
-578293.6975195259
 31
0.0
  0
LINE
  5
944
330
2
100
AcDbEntity
  8
WALL
  6
Continuous
100
AcDbLine
 10
-432436.8661438287
 20
-578293.6975195259
 30
0.0
 11
-434436.8661438287
 21
-578293.6975195259
 31
0.0
  0
LINE
  5
945
330
2
100
AcDbEntity
  8
see
100
AcDbLine
 10
-433186.8664245566
 20
-579893.6975195259
 30
0.0
 11
-431786.8664245565
 21
-579893.6975195259
 31
0.0
  0
LINE
  5
946
330
2
100
AcDbEntity
  8
see
100
AcDbLine
 10
-433186.8664245566
 20
-580093.6975195259
 30
0.0
 11
-431786.8664245565
 21
-580093.6975195259
 31
0.0
  0
INSERT
  5
947
330
2
100
AcDbEntity
  8
WINDOW
100
AcDbBlockReference
 66
     1
  2
M_A0GGR
 10
-432486.8664245566
 20
-579993.6975195259
 30
0.0
 41
1400.0
 42
-1400.0
 43
1400.0
1001
WTHICK
1040
200.0
  0
ATTRIB
  5
94F
330
947
100
AcDbEntity
  8
WINDOW_TEXT
100
AcDbText
 10
-432486.8664245566
 20
-579593.6975195259
 30
0.0
 40
300.0
  1

 41
0.8
  7
SIMPLEX
 72
     4
 11
-432486.8664245566
 21
-579593.6975195259
 31
0.0
100
AcDbAttribute
280
     0
  2
A
 70
     9
280
     0
  0
SEQEND
  5
950
330
947
100
AcDbEntity
  8
WINDOW
  0
LINE
  5
951
330
2
100
AcDbEntity
  8
WALL
100
AcDbLine
 10
-431236.8664926816
 20
-580783.6974918586
 30
0.0
 11
-433736.8664336405
 21
-580783.6976054037
 31
0.0
  0
LINE
  5
952
330
2
100
AcDbEntity
  8
WALL
  6
Continuous
100
AcDbLine
 10
-432836.8661438286
 20
-578293.6975195259
 30
0.0
 11
-432836.8661438286
 21
-578293.6975195259
 31
0.0
  0
LINE
  5
953
330
2
100
AcDbEntity
  8
WALL
100
AcDbLine
 10
-433186.8664245566
 20
-580093.6975195259
 30
0.0
 11
-433186.8664245566
 21
-579893.6975195259
 31
0.0
  0
LINE
  5
954
330
2
100
AcDbEntity
  8
WALL
100
AcDbLine
 10
-433186.8664245566
 20
-579893.6975195259
 30
0.0
 11
-433936.8664245567
 21
-579893.6975195259
 31
0.0
  0
LINE
  5
955
330
2
100
AcDbEntity
  8
WALL
100
AcDbLine
 10
-433186.8664245566
 20
-580093.6975195259
 30
0.0
 11
-433736.8664245565
 21
-580093.6975195259
 31
0.0
  0
LINE
  5
956
330
2
100
AcDbEntity
  8
WALL
100
AcDbLine
 10
-433736.8664245565
 20
-580783.6976054037
 30
0.0
 11
-433736.8664245565
 21
-580093.6975195259
 31
0.0
  0
LINE
  5
957
330
2
100
AcDbEntity
  8
WALL
  6
Continuous
100
AcDbLine
 10
-434136.866143829
 20
-580093.6975195259
 30
0.0
 11
-434136.866143829
 21
-579893.6975195261
 31
0.0
  0
LINE
  5
958
330
2
100
AcDbEntity
  8
WALL
100
AcDbLine
 10
-433736.8664245565
 20
-580093.6975195259
 30
0.0
 11
-433736.8664203583
 21
-580193.6975195259
 31
0.0
  0
LINE
  5
959
330
2
100
AcDbEntity
  8
WALL
100
AcDbLine
 10
-433936.8664244226
 20
-580093.6975195259
 30
0.0
 11
-433936.8664202264
 21
-580193.6975112693
 31
0.0
  0
LINE
  5
95A
330
2
100
AcDbEntity
  8
WALL
  6
Continuous
100
AcDbLine
 10
-434136.866143829
 20
-579893.6975195261
 30
0.0
 11
-433186.8664245566
 21
-579893.6975195261
 31
0.0
  0
LINE
  5
95B
330
2
100
AcDbEntity
  8
WALL
  6
Continuous
100
AcDbLine
 10
-433736.8664245565
 20
-580093.6975195259
 30
0.0
 11
-433186.8664245566
 21
-580093.6975195259
 31
0.0
  0
LINE
  5
95C
330
2
100
AcDbEntity
  8
WALL
  6
Continuous
100
AcDbLine
 10
-434136.866143829
 20
-579893.6975195261
 30
0.0
 11
-434136.866143829
 21
-579893.6975195259
 31
0.0
  0
LINE
  5
95D
330
2
100
AcDbEntity
  8
WALL
100
AcDbLine
 10
-434136.866143829
 20
-580093.6975195259
 30
0.0
 11
-433936.8664245567
 21
-580093.6975195259
 31
0.0
  0
LINE
  5
95E
330
2
100
AcDbEntity
  8
WALL
  6
Continuous
100
AcDbLine
 10
-432636.8661438286
 20
-578293.6975195259
 30
0.0
 11
-432636.8661438286
 21
-578293.6975195259
 31
0.0
  0
LINE
  5
95F
330
2
100
AcDbEntity
  8
see
100
AcDbLine
 10
-432436.8661438287
 20
-578293.6975195259
 30
0.0
 11
-431436.8661438286
 21
-578293.6975195259
 31
0.0
  0
LINE
  5
960
330
2
100
AcDbEntity
  8
WALL
  6
Continuous
100
AcDbLine
 10
-431786.8664245565
 20
-579893.6975195261
 30
0.0
 11
-431236.8661438291
 21
-579893.6975195261
 31
0.0
  0
LINE
  5
961
330
2
100
AcDbEntity
  8
WALL
  6
Continuous
100
AcDbLine
 10
-431786.8664245565
 20
-580093.6975195259
 30
0.0
 11
-431236.8661438291
 21
-580093.6975195259
 31
0.0
  0
LINE
  5
962
330
2
100
AcDbEntity
  8
WALL
100
AcDbLine
 10
-431786.8664245565
 20
-580093.6975195259
 30
0.0
 11
-431786.8664245565
 21
-579893.6975195259
 31
0.0
  0
LINE
  5
963
330
2
100
AcDbEntity
  8
WALL
  6
Continuous
100
AcDbLine
 10
-431236.8661438291
 20
-580093.6975195259
 30
0.0
 11
-431236.8661438282
 21
-580783.6974918586
 31
0.0
  0
LINE
  5
964
330
2
100
AcDbEntity
  8
WALL
100
AcDbLine
 10
-431236.8661438291
 20
-580093.6975195259
 30
0.0
 11
-431786.8664245565
 21
-580093.6975195259
 31
0.0
  0
LINE
  5
965
330
2
100
AcDbEntity
  8
WALL
  6
Continuous
100
AcDbLine
 10
-431436.8661438286
 20
-578493.6975195257
 30
0.0
 11
-431436.8661438286
 21
-578293.6975195259
 31
0.0
  0
LINE
  5
966
330
2
100
AcDbEntity
  8
WALL
  6
Continuous
100
AcDbLine
 10
-432436.8661438287
 20
-578293.6975195259
 30
0.0
 11
-432436.8661438287
 21
-578493.6975195257
 31
0.0
  0
LINE
  5
967
330
2
100
AcDbEntity
  8
WALL
  6
Continuous
100
AcDbLine
 10
-432636.8661438295
 20
-576493.6975195259
 30
0.0
 11
-432836.8661438296
 21
-576493.6975195257
 31
0.0
  0
LWPOLYLINE
  5
968
330
2
100
AcDbEntity
  8
WINDOW
100
AcDbPolyline
 90
        4
 70
     1
 43
0.0
 10
-432686.8661471887
 20
-577393.7075712971
 10
-432686.8661438292
 20
-576493.6975195259
 10
-432736.8661438295
 20
-576493.6975195259
 10
-432736.8661471886
 20
-577393.7075712973
  0
INSERT
  5
969
330
2
100
AcDbEntity
  8
WC
100
AcDbBlockReference
 66
     1
  2
M_E25ESP
 10
-433413.4251010058
 20
-578198.2939467869
 30
0.0
 41
-1.0
 50
270.0
  0
ATTRIB
  5
96A
330
969
100
AcDbEntity
  8
0
100
AcDbText
 10
-433412.9389899011
 20
-578198.5180737833
 30
0.0
 40
0.5
  1
450
 50
90.0
 41
0.8
  7
DIM_FONT
100
AcDbAttribute
280
     0
  2
XSIZE
 70
     9
280
     0
  0
ATTRIB
  5
96B
330
969
100
AcDbEntity
  8
0
100
AcDbText
 10
-433412.9389899011
 20
-578198.5314071039
 30
0.0
 40
0.5
  1
675
 50
90.0
 41
0.8
  7
DIM_FONT
100
AcDbAttribute
280
     0
  2
YSIZE
 70
     9
280
     0
  0
SEQEND
  5
96C
330
969
100
AcDbEntity
  8
0
  0
LINE
  5
96D
330
2
100
AcDbEntity
  8
WC
100
AcDbLine
 10
-432836.8661438292
 20
-577693.6975195257
 30
0.0
 11
-433836.8661438295
 21
-577693.6975195257
 31
0.0
  0
TEXT
  5
96E
330
2
100
AcDbEntity
  8
PUB_TEXT
 62
     3
100
AcDbText
 10
-433686.2084553547
 20
-577092.5617329093
 30
0.0
 40
450.0
  1
厨房
 41
0.8
  7
HZTXT1
100
AcDbText
  0
LINE
  5
96F
330
2
100
AcDbEntity
  8
WC
100
AcDbLine
 10
-433836.8661438295
 20
-577693.6975195257
 30
0.0
 11
-433836.8661438295
 21
-576183.6960247862
 31
0.0
  0
INSERT
  5
970
330
2
100
AcDbEntity
  8
WC
100
AcDbBlockReference
 66
     1
  2
A$C38C125B6
 10
-434382.0200536989
 20
-576725.0950133968
 30
0.0
 41
-1.0
 50
180.0
  0
ATTRIB
  5
971
330
970
100
AcDbEntity
  8
WC
100
AcDbText
 10
-434380.4773960736
 20
-576725.0951123187
 30
0.0
 40
0.5
  1
500
 50
180.0
 41
0.8
  7
DIM_FONT
100
AcDbAttribute
280
     0
  2
YSIZE
 70
     9
280
     0
  0
ATTRIB
  5
972
330
970
100
AcDbEntity
  8
WC
100
AcDbText
 10
-434380.4773960736
 20
-576725.0951123187
 30
0.0
 40
0.5
  1
500
 50
180.0
 41
0.8
  7
DIM_FONT
100
AcDbAttribute
280
     0
  2
XSIZE
 70
     9
280
     0
  0
SEQEND
  5
973
330
970
100
AcDbEntity
  8
栏杆
  0
TEXT
  5
974
330
2
100
AcDbEntity
  8
PUB_TEXT
 62
     3
100
AcDbText
 10
-432380.2258915635
 20
-577189.0540723582
 30
0.0
 40
450.0
  1
入户花园
 41
0.8
  7
HZTXT1
100
AcDbText
  0
LINE
  5
975
330
2
100
AcDbEntity
  8
栏杆
100
AcDbLine
 10
-430236.8661438265
 20
-576593.6975195259
 30
0.0
 11
-430236.8661438265
 21
-578293.6975195259
 31
0.0
  0
LINE
  5
976
330
2
100
AcDbEntity
  8
栏杆
100
AcDbLine
 10
-430336.8661438264
 20
-576593.6975195259
 30
0.0
 11
-430336.8661438264
 21
-578293.6975195259
 31
0.0
  0
LINE
  5
977
330
2
100
AcDbEntity
  8
WALL
100
AcDbLine
 10
-428936.8661438235
 20
-578593.6975195259
 30
0.0
 11
-429136.8661438307
 21
-578593.6975195254
 31
0.0
  0
LINE
  5
978
330
2
100
AcDbEntity
  8
WALL
100
AcDbLine
 10
-428936.8661438245
 20
-579593.6975195257
 30
0.0
 11
-429136.8661438293
 21
-579593.6975195257
 31
0.0
  0
LINE
  5
979
330
2
100
AcDbEntity
  8
WALL
100
AcDbLine
 10
-428936.8661438245
 20
-579593.6975195257
 30
0.0
 11
-429136.8661438293
 21
-579593.6975195257
 31
0.0
  0
LINE
  5
97A
330
2
100
AcDbEntity
  8
WALL
100
AcDbLine
 10
-428936.8661438238
 20
-578593.6975195259
 30
0.0
 11
-429136.8661438307
 21
-578593.6975195254
 31
0.0
  0
LINE
  5
97B
330
2
100
AcDbEntity
  8
WALL
  6
Continuous
100
AcDbLine
 10
-429136.8661438307
 20
-578493.6975195257
 30
0.0
 11
-429136.8661438307
 21
-578593.6975195254
 31
0.0
  0
LINE
  5
97C
330
2
100
AcDbEntity
  8
WALL
  6
Continuous
100
AcDbLine
 10
-429136.8661438293
 20
-579593.6975195257
 30
0.0
 11
-429136.8661438291
 21
-579893.6975195261
 31
0.0
  0
LINE
  5
97D
330
2
100
AcDbEntity
  8
WALL
  6
Continuous
100
AcDbLine
 10
-429136.8661438293
 20
-579593.6975195257
 30
0.0
 11
-429136.8661438291
 21
-579893.6975195261
 31
0.0
  0
LINE
  5
97E
330
2
100
AcDbEntity
  8
WALL
  6
Continuous
100
AcDbLine
 10
-429136.8661438307
 20
-578493.6975195257
 30
0.0
 11
-429136.8661438307
 21
-578593.6975195254
 31
0.0
  0
LINE
  5
97F
330
2
100
AcDbEntity
  8
WALL
100
AcDbLine
 10
-428936.8661438235
 20
-578593.6975195259
 30
0.0
 11
-428936.8661438235
 21
-578493.6975195257
 31
0.0
  0
LINE
  5
980
330
2
100
AcDbEntity
  8
see
100
AcDbLine
 10
-428936.8661438235
 20
-578593.6975195259
 30
0.0
 11
-428936.8661438245
 21
-579593.6975195257
 31
0.0
  0
LINE
  5
981
330
2
100
AcDbEntity
  8
WALL
  6
Continuous
100
AcDbLine
 10
-428936.8661438245
 20
-579593.6975195257
 30
0.0
 11
-428936.8661438241
 21
-579893.697519526
 31
0.0
  0
INSERT
  5
982
330
2
100
AcDbEntity
  8
WINDOW
100
AcDbBlockReference
 66
     1
  2
M_A2ZXL
 10
-429036.8661438264
 20
-579093.6975195254
 30
0.0
 41
1000.0
 42
-1000.0
 43
1000.0
 50
270.0
1001
WTHICK
1040
200.0000000070431
  0
ATTRIB
  5
983
330
982
100
AcDbEntity
  8
WINDOW_TEXT
100
AcDbText
 10
-428636.8661438229
 20
-579093.6975195261
 30
0.0
 40
300.0
  1

 50
90.0
 41
0.8
  7
SIMPLEX
 72
     4
 11
-428636.8661438229
 21
-579093.6975195261
 31
0.0
100
AcDbAttribute
280
     0
  2
A
 70
     9
280
     0
  0
SEQEND
  5
984
330
982
100
AcDbEntity
  8
WINDOW
  0
LINE
  5
985
330
2
100
AcDbEntity
  8
WALL
100
AcDbLine
 10
-428636.8661438241
 20
-579893.697519526
 30
0.0
 11
-428936.8661438241
 21
-579893.697519526
 31
0.0
  0
LINE
  5
986
330
2
100
AcDbEntity
  8
see
100
AcDbLine
 10
-428936.8661438238
 20
-578593.6975195259
 30
0.0
 11
-428936.8661438245
 21
-579593.6975195257
 31
0.0
  0
LINE
  5
987
330
2
100
AcDbEntity
  8
WALL
100
AcDbLine
 10
-428936.8661438238
 20
-578593.6975195259
 30
0.0
 11
-428936.8661438235
 21
-578493.6975195257
 31
0.0
  0
LINE
  5
988
330
2
100
AcDbEntity
  8
WALL
  6
Continuous
100
AcDbLine
 10
-428936.8661438245
 20
-579593.6975195257
 30
0.0
 11
-428936.8661438238
 21
-580093.6975195261
 31
0.0
  0
INSERT
  5
989
330
2
100
AcDbEntity
  8
WINDOW
100
AcDbBlockReference
 66
     1
  2
M_A2ZXL
 10
-429036.8661438267
 20
-579093.6975195254
 30
0.0
 41
1000.0
 42
-1000.0
 43
1000.0
 50
270.0
1001
WTHICK
1040
200.0000000070431
  0
ATTRIB
  5
98A
330
989
100
AcDbEntity
  8
WINDOW_TEXT
100
AcDbText
 10
-428636.8661438229
 20
-579093.6975195261
 30
0.0
 40
300.0
  1

 50
90.0
 41
0.8
  7
SIMPLEX
 72
     4
 11
-428636.8661438229
 21
-579093.6975195261
 31
0.0
100
AcDbAttribute
280
     0
  2
A
 70
     9
280
     0
  0
SEQEND
  5
98B
330
989
100
AcDbEntity
  8
WINDOW
  0
LINE
  5
98C
330
2
100
AcDbEntity
  8
WALL
  6
Continuous
100
AcDbLine
 10
-430636.8661441406
 20
-576393.6975195259
 30
0.0
 11
-427736.8658052504
 21
-576393.6975195257
 31
0.0
  0
LINE
  5
98D
330
2
100
AcDbEntity
  8
百页
  6
Continuous
100
AcDbLine
 10
-429836.8661441382
 20
-577593.6975195261
 30
0.0
 11
-429836.8661441382
 21
-576593.6975195256
 31
0.0
  0
LINE
  5
98E
330
2
100
AcDbEntity
  8
百页
  6
Continuous
100
AcDbLine
 10
-429786.8661441381
 20
-577643.697519526
 30
0.0
 11
-429786.8661441381
 21
-576593.6975195256
 31
0.0
  0
LINE
  5
98F
330
2
100
AcDbEntity
  8
8
  6
Continuous
100
AcDbLine
 10
-429736.8661441381
 20
-577693.6975195257
 30
0.0
 11
-429736.8661441381
 21
-576593.6975195256
 31
0.0
  0
LINE
  5
990
330
2
100
AcDbEntity
  8
8
  6
Continuous
100
AcDbLine
 10
-430236.8661441382
 20
-577693.6975195258
 30
0.0
 11
-429736.8661441381
 21
-577693.6975195257
 31
0.0
  0
LINE
  5
991
330
2
100
AcDbEntity
  8
百页
  6
Continuous
100
AcDbLine
 10
-430236.8661441382
 20
-577643.697519526
 30
0.0
 11
-429786.8661441381
 21
-577643.697519526
 31
0.0
  0
LINE
  5
992
330
2
100
AcDbEntity
  8
百页
  6
Continuous
100
AcDbLine
 10
-430236.8661441382
 20
-577593.6975195259
 30
0.0
 11
-429836.8661441382
 21
-577593.6975195261
 31
0.0
  0
LINE
  5
993
330
2
100
AcDbEntity
  8
WALL
  6
Continuous
100
AcDbLine
 10
-427536.8658052506
 20
-576593.6975195259
 30
0.0
 11
-427836.8658052506
 21
-576593.6975195259
 31
0.0
  0
LINE
  5
994
330
2
100
AcDbEntity
  8
DOTE1
100
AcDbLine
 10
-424036.8660101057
 20
-581993.9281943437
 30
0.0
 11
-423836.8660101059
 21
-586793.9281943437
 31
0.0
  0
LINE
  5
995
330
2
100
AcDbEntity
  8
DOTE1
100
AcDbLine
 10
-421236.8660101064
 20
-581993.9281943419
 30
0.0
 11
-421236.8660101059
 21
-586793.9281943431
 31
0.0
  0
DIMENSION
  5
996
330
2
100
AcDbEntity
  8
AXIS
100
AcDbDimension
280
     0
  2
*D75
 10
-415014.2591922304
 20
-587093.6975702193
 30
0.0
 11
-415464.2591922304
 21
-586343.8128822809
 31
0.0
 71
     5
 42
1499.769375876873
 73
     0
 74
     0
 75
     0
  3
DIMN150
100
AcDbAlignedDimension
 13
-416214.2591922304
 23
-585593.9281943424
 33
0.0
 14
-416214.2591922304
 24
-587093.6975702193
 34
0.0
 50
270.0
100
AcDbRotatedDimension
1001
ACAD
1000
DSTYLE
1002
{
1070
   178
1070
     7
1002
}
  0
DIMENSION
  5
9A5
330
2
100
AcDbEntity
  8
AXIS
100
AcDbDimension
280
     0
  2
*D76
 10
-415014.2591922304
 20
-593593.697570219
 30
0.0
 11
-415464.2591922304
 21
-592643.6975702189
 31
0.0
 71
     5
 42
1900.000000000116
 73
     0
 74
     0
 75
     0
  3
DIMN150
100
AcDbAlignedDimension
 13
-416214.2591922304
 23
-591693.6975702189
 33
0.0
 14
-416214.2591922304
 24
-593593.697570219
 34
0.0
 50
270.0
100
AcDbRotatedDimension
1001
ACAD
1000
DSTYLE
1002
{
1070
   178
1070
     7
1002
}
  0
DIMENSION
  5
9B2
330
2
100
AcDbEntity
  8
AXIS
100
AcDbDimension
280
     0
  2
*D77
 10
-415014.2591922304
 20
-591693.6975702189
 30
0.0
 11
-415464.2591922304
 21
-590343.697570219
 31
0.0
 71
     5
 42
2699.999999999884
 73
     0
 74
     0
 75
     0
  3
DIMN150
100
AcDbAlignedDimension
 13
-416214.2591922304
 23
-588993.6975702189
 33
0.0
 14
-416214.2591922304
 24
-591693.6975702189
 34
0.0
 50
270.0
100
AcDbRotatedDimension
1001
ACAD
1000
DSTYLE
1002
{
1070
   178
1070
     7
1002
}
  0
DIMENSION
  5
9BF
330
2
100
AcDbEntity
  8
AXIS
100
AcDbDimension
280
     0
  2
*D78
 10
-415014.2591922304
 20
-588993.6975702189
 30
0.0
 11
-415464.2591922304
 21
-588043.6975702192
 31
0.0
 71
     5
 42
1899.999999999651
 73
     0
 74
     0
 75
     0
  3
DIMN150
100
AcDbAlignedDimension
 13
-416214.2591922304
 23
-587093.6975702193
 33
0.0
 14
-416214.2591922304
 24
-588993.6975702189
 34
0.0
 50
270.0
100
AcDbRotatedDimension
1001
ACAD
1000
DSTYLE
1002
{
1070
   178
1070
     7
1002
}
  0
TEXT
  5
9CC
330
2
100
AcDbEntity
  8
PUB_TEXT
 62
     3
100
AcDbText
 10
-420556.4655057925
 20
-577488.0539914862
 30
0.0
 40
450.0
  1
卧室
 41
0.8
  7
HZTXT1
100
AcDbText
  0
INSERT
  5
9CD
330
2
100
AcDbEntity
  8
WINDOW
100
AcDbBlockReference
 66
     1
  2
_WBLK
 10
-419236.8660101045
 20
-576993.6975195252
 30
0.0
 41
1800.0
 42
200.0
 43
1800.0
1001
WTHICK
1040
200.0
  0
ATTRIB
  5
9CE
330
9CD
100
AcDbEntity
  8
WINDOW_TEXT
100
AcDbText
 10
-419236.8660101045
 20
-576593.6975195252
 30
0.0
 40
300.0
  1

 41
0.8
  7
SIMPLEX
 72
     4
 11
-419236.8660101045
 21
-576593.6975195252
 31
0.0
100
AcDbAttribute
280
     0
  2
A
 70
     9
280
     0
  0
SEQEND
  5
9CF
330
9CD
100
AcDbEntity
  8
WINDOW
  0
LINE
  5
9D0
330
2
100
AcDbEntity
  8
DOTE1
100
AcDbLine
 10
-420736.8660101056
 20
-576993.6975195268
 30
0.0
 11
-417736.8660101059
 21
-576993.697519526
 31
0.0
  0
INSERT
  5
9D1
330
2
100
AcDbEntity
  8
WINDOW
100
AcDbBlockReference
 66
     1
  2
_DBLK
 10
-420136.8660101103
 20
-580843.9281943424
 30
0.0
 41
-900.0
 42
900.0
 43
900.0
 50
180.0
1001
WTHICK
1040
100.0000000000073
  0
ATTRIB
  5
9D2
330
9D1
100
AcDbEntity
  8
WINDOW_TEXT
100
AcDbText
 10
-420136.8660101103
 20
-581193.9281943423
 30
0.0
 40
300.0
  1

 41
0.8
  7
SIMPLEX
 72
     4
 11
-420136.8660101103
 21
-581193.9281943423
 31
0.0
100
AcDbAttribute
280
     0
  2
A
 70
     9
280
     0
  0
SEQEND
  5
9D3
330
9D1
100
AcDbEntity
  8
WINDOW
  0
LINE
  5
9D4
330
2
100
AcDbEntity
  8
WALL
100
AcDbLine
 10
-419636.8660101081
 20
-581893.9281943418
 30
0.0
 11
-420136.8660101063
 21
-581893.9281943418
 31
0.0
  0
LINE
  5
9D5
330
2
100
AcDbEntity
  8
WALL
100
AcDbLine
 10
-419386.8660101059
 20
-581993.9281943419
 30
0.0
 11
-420136.8660101063
 21
-581993.9281943419
 31
0.0
  0
INSERT
  5
9D6
330
2
100
AcDbEntity
  8
WINDOW
100
AcDbBlockReference
 66
     1
  2
_WBLK
 10
-419436.86601011
 20
-585593.9281943419
 30
0.0
 41
1800.0
 42
200.0
 43
1800.0
 50
180.0
1001
WTHICK
1040
200.0000000000146
  0
ATTRIB
  5
9D7
330
9D6
100
AcDbEntity
  8
WINDOW_TEXT
100
AcDbText
 10
-419436.86601011
 20
-585993.9281943418
 30
0.0
 40
300.0
  1

 41
0.8
  7
SIMPLEX
 72
     4
 11
-419436.86601011
 21
-585993.9281943418
 31
0.0
100
AcDbAttribute
280
     0
  2
A
 70
     9
280
     0
  0
SEQEND
  5
9D8
330
9D6
100
AcDbEntity
  8
WINDOW
  0
TEXT
  5
9D9
330
2
100
AcDbEntity
  8
PUB_TEXT
 62
     3
100
AcDbText
 10
-421045.8948686842
 20
-585498.4656056558
 30
0.0
 40
450.0
  1
主卧室
 41
0.8
  7
HZTXT1
100
AcDbText
  0
LINE
  5
9DA
330
2
100
AcDbEntity
  8
DOTE1
100
AcDbLine
 10
-425236.8660101057
 20
-580793.9281943438
 30
0.0
 11
-419536.8660101058
 21
-580793.9281943429
 31
0.0
  0
LINE
  5
9DB
330
2
100
AcDbEntity
  8
DOTE1
100
AcDbLine
 10
-424036.8660101057
 20
-581993.9281943437
 30
0.0
 11
-417736.8660101056
 21
-581993.9281943428
 31
0.0
  0
LINE
  5
9DC
330
2
100
AcDbEntity
  8
DOTE1
100
AcDbLine
 10
-421236.8660101059
 20
-585593.9281943435
 30
0.0
 11
-417736.8660101059
 21
-585593.9281943427
 31
0.0
  0
INSERT
  5
9DD
330
2
100
AcDbEntity
  8
WINDOW
100
AcDbBlockReference
 66
     1
  2
_DBLK
 10
-420586.8660101064
 20
-581943.9281943418
 30
0.0
 41
-900.0
 42
-900.0
 43
900.0
 50
180.0
1001
WTHICK
1040
100.0
  0
ATTRIB
  5
9DE
330
9DD
100
AcDbEntity
  8
WINDOW_TEXT
100
AcDbText
 10
-420586.8660101064
 20
-582293.9281943419
 30
0.0
 40
300.0
  1

 41
0.8
  7
SIMPLEX
 72
     4
 11
-420586.8660101064
 21
-582293.9281943419
 31
0.0
100
AcDbAttribute
280
     0
  2
A
 70
     9
280
     0
  0
SEQEND
  5
9DF
330
9DD
100
AcDbEntity
  8
WINDOW
  0
LINE
  5
9E0
330
2
100
AcDbEntity
  8
WINDOW
100
AcDbLine
 10
-421336.8660101064
 20
-581893.9281943418
 30
0.0
 11
-424136.8660101096
 21
-581893.9281943418
 31
0.0
  0
LINE
  5
9E1
330
2
100
AcDbEntity
  8
WINDOW
100
AcDbLine
 10
-421336.8660101064
 20
-581963.9281943419
 30
0.0
 11
-424066.8660101095
 21
-581963.9281943419
 31
0.0
  0
LINE
  5
9E2
330
2
100
AcDbEntity
  8
WINDOW
100
AcDbLine
 10
-421336.8660101064
 20
-582023.9281943418
 30
0.0
 11
-424006.8660101092
 21
-582023.9281943418
 31
0.0
  0
LINE
  5
9E3
330
2
100
AcDbEntity
  8
WINDOW
100
AcDbLine
 10
-421336.8660101064
 20
-582093.9281943418
 30
0.0
 11
-423936.8660101091
 21
-582093.9281943418
 31
0.0
  0
LINE
  5
9E4
330
2
100
AcDbEntity
  8
WINDOW
100
AcDbLine
 10
-423936.8660101091
 20
-585093.9281943425
 30
0.0
 11
-423936.8660101091
 21
-582093.9281943418
 31
0.0
  0
LINE
  5
9E5
330
2
100
AcDbEntity
  8
WINDOW
100
AcDbLine
 10
-424006.8660101092
 20
-585093.9281943425
 30
0.0
 11
-424006.8660101092
 21
-582023.9281943418
 31
0.0
  0
LINE
  5
9E6
330
2
100
AcDbEntity
  8
WINDOW
100
AcDbLine
 10
-424066.8660101095
 20
-585093.9281943425
 30
0.0
 11
-424066.8660101095
 21
-581963.9281943419
 31
0.0
  0
LINE
  5
9E7
330
2
100
AcDbEntity
  8
WINDOW
100
AcDbLine
 10
-424136.8660101096
 20
-585093.9281943425
 30
0.0
 11
-424136.8660101096
 21
-581893.9281943418
 31
0.0
  0
INSERT
  5
9E8
330
2
100
AcDbEntity
  8
F
  6
Continuous
100
AcDbBlockReference
  2
A$C5DBE159F
 10
424136.8658672804
 20
-582143.9417526721
 30
0.0
 41
-1.0
 43
-1.0
 50
179.9778512501048
210
0.0
220
0.0
230
-1.0
  0
INSERT
  5
9E9
330
2
100
AcDbEntity
  8
F
  6
Continuous
100
AcDbBlockReference
  2
A$C7C9A6AE1
 10
424720.4792076326
 20
-583810.5508403615
 30
-0.000000000018326
 41
-1.0
 43
-1.0
 50
269.9813691779465
210
0.0
220
0.0
230
-1.0
  0
INSERT
  5
9EA
330
2
100
AcDbEntity
  8
WINDOW
100
AcDbBlockReference
 66
     1
  2
_WBLK
 10
-425886.86601011
 20
-585593.9281943429
 30
0.0
 41
2700.0
 42
200.0
 43
2700.0
 50
180.0
1001
WTHICK
1040
199.9999999999926
  0
ATTRIB
  5
9EB
330
9EA
100
AcDbEntity
  8
WINDOW_TEXT
100
AcDbText
 10
-425886.86601011
 20
-585993.9281943429
 30
0.0
 40
300.0
  1

 41
0.8
  7
SIMPLEX
 72
     4
 11
-425886.86601011
 21
-585993.9281943429
 31
0.0
100
AcDbAttribute
280
     0
  2
A
 70
     9
280
     0
  0
SEQEND
  5
9EC
330
9EA
100
AcDbEntity
  8
WINDOW
  0
LINE
  5
9ED
330
2
100
AcDbEntity
  8
WALL
100
AcDbLine
 10
-427036.8660101101
 20
-585493.9281943429
 30
0.0
 11
-427036.8660101101
 21
-585693.9281943429
 31
0.0
  0
LINE
  5
9EE
330
2
100
AcDbEntity
  8
WALL
100
AcDbLine
 10
-424136.8660101101
 20
-585493.928194343
 30
0.0
 11
-424136.8660101096
 21
-585093.9281943425
 31
0.0
  0
LINE
  5
9EF
330
2
100
AcDbEntity
  8
WALL
100
AcDbLine
 10
-423936.8660101091
 20
-585093.9281943425
 30
0.0
 11
-424136.8660101096
 21
-585093.9281943425
 31
0.0
  0
LINE
  5
9F0
330
2
100
AcDbEntity
  8
WALL
100
AcDbLine
 10
-423936.8660101105
 20
-585693.9281943429
 30
0.0
 11
-423936.8660101091
 21
-585093.9281943425
 31
0.0
  0
LINE
  5
9F1
330
2
100
AcDbEntity
  8
WALL
100
AcDbLine
 10
-424136.8660101101
 20
-585493.928194343
 30
0.0
 11
-424536.86601011
 21
-585493.928194343
 31
0.0
  0
LINE
  5
9F2
330
2
100
AcDbEntity
  8
WALL
100
AcDbLine
 10
-423936.8660101105
 20
-585693.9281943429
 30
0.0
 11
-424536.86601011
 21
-585693.9281943429
 31
0.0
  0
LINE
  5
9F3
330
2
100
AcDbEntity
  8
WALL
100
AcDbLine
 10
-424536.86601011
 20
-585493.928194343
 30
0.0
 11
-424536.86601011
 21
-585693.9281943429
 31
0.0
  0
TEXT
  5
9F4
330
2
100
AcDbEntity
  8
PUB_TEXT
 62
     3
100
AcDbText
 10
-425112.599413369
 20
-585239.1331378624
 30
0.0
 40
450.0
  1
客厅
 41
0.8
  7
HZTXT1
100
AcDbText
  0
TEXT
  5
9F5
330
2
100
AcDbEntity
  8
PUB_TEXT
 62
     3
100
AcDbText
 10
-423701.5607494277
 20
-583645.2348671345
 30
0.0
 40
450.0
  1
空中花园
 41
0.8
  7
HZTXT1
100
AcDbText
  0
LINE
  5
9F6
330
2
100
AcDbEntity
  8
WALL
100
AcDbLine
 10
-421136.8660101102
 20
-585493.9281943416
 30
0.0
 11
-421136.8660101064
 21
-581993.9281943419
 31
0.0
  0
LINE
  5
9F7
330
2
100
AcDbEntity
  8
WALL
100
AcDbLine
 10
-421336.8660101098
 20
-585693.9281943418
 30
0.0
 11
-421336.8660101064
 21
-581893.9281943418
 31
0.0
  0
LWPOLYLINE
  5
9F8
330
2
100
AcDbEntity
  8
F
  6
Continuous
100
AcDbPolyline
 90
        4
 70
     1
 43
0.0
 10
-421136.8660101078
 20
-583387.3843455219
 10
-420536.8660101079
 20
-583387.3843455219
 10
-420536.8660101083
 20
-585014.2988429535
 10
-421136.8660101078
 20
-585014.2988429535
  0
LINE
  5
9F9
330
2
100
AcDbEntity
  8
WALL
100
AcDbLine
 10
-420336.8660101101
 20
-585493.9281943416
 30
0.0
 11
-420336.8660101101
 21
-585693.9281943418
 31
0.0
  0
INSERT
  5
9FA
330
2
100
AcDbEntity
  8
F
  6
Continuous
100
AcDbBlockReference
 66
     1
  2
M_C4
 10
-420834.311293241
 20
-584569.8295323958
 30
0.0
 41
1.648349999974015
 42
0.6906099999905564
 50
90.0
  0
ATTRIB
  5
9FB
330
9FA
100
AcDbEntity
  8
0
100
AcDbText
 10
-420731.0650982411
 20
-584198.950782396
 30
0.0
 40
0.345305
  1
724
 50
270.0
 41
1.909442377029003
 71
     2
100
AcDbAttribute
280
     0
  2
YSIZE
 70
     9
280
     0
  0
ATTRIB
  5
9FC
330
9FA
100
AcDbEntity
  8
0
100
AcDbText
 10
-420731.0650982411
 20
-584198.950782396
 30
0.0
 40
0.345305
  1
546
 50
270.0
 41
1.909442377029003
 71
     2
100
AcDbAttribute
280
     0
  2
XSIZE
 70
     9
280
     0
  0
ATTRIB
  5
9FD
330
9FA
100
AcDbEntity
  8
0
100
AcDbText
 10
-420731.0650982411
 20
-584198.950782396
 30
0.0
 40
0.345305
  1
546
 50
270.0
 41
1.909442377029003
 71
     2
100
AcDbAttribute
280
     0
  2
XSIZE
 70
     9
280
     0
  0
ATTRIB
  5
9FE
330
9FA
100
AcDbEntity
  8
0
100
AcDbText
 10
-420731.0650982411
 20
-584198.950782396
 30
0.0
 40
0.345305
  1
724
 50
270.0
 41
1.909442377029003
 71
     2
100
AcDbAttribute
280
     0
  2
YSIZE
 70
     9
280
     0
  0
ATTRIB
  5
9FF
330
9FA
100
AcDbEntity
  8
0
100
AcDbText
 10
-420834.6565982409
 20
-584569.8295323962
 30
0.0
 40
0.345305
  1
546
 50
270.0
 41
2.386802971286253
 71
     2
100
AcDbAttribute
280
     0
  2
XSIZE
 70
     9
280
     0
  0
ATTRIB
  5
A00
330
9FA
100
AcDbEntity
  8
0
100
AcDbText
 10
-420834.6565982409
 20
-584569.8295323962
 30
0.0
 40
0.345305
  1
724
 50
270.0
 41
2.386802971286253
 71
     2
100
AcDbAttribute
280
     0
  2
YSIZE
 70
     9
280
     0
  0
SEQEND
  5
A01
330
9FA
100
AcDbEntity
  8
PUB_TITLE
 62
     9
  0
LINE
  5
A02
330
2
100
AcDbEntity
  8
WALL
100
AcDbLine
 10
-420336.8660101101
 20
-585493.9281943416
 30
0.0
 11
-421136.8660101102
 21
-585493.9281943416
 31
0.0
  0
LINE
  5
A03
330
2
100
AcDbEntity
  8
WALL
100
AcDbLine
 10
-420336.8660101101
 20
-585693.9281943418
 30
0.0
 11
-421336.8660101098
 21
-585693.9281943418
 31
0.0
  0
LINE
  5
A04
330
2
100
AcDbEntity
  8
WALL
100
AcDbLine
 10
-421036.8660101064
 20
-581993.9281943419
 30
0.0
 11
-421036.8660101064
 21
-581893.9281943418
 31
0.0
  0
LINE
  5
A05
330
2
100
AcDbEntity
  8
WALL
100
AcDbLine
 10
-421036.8660101064
 20
-581993.9281943419
 30
0.0
 11
-421136.8660101064
 21
-581993.9281943419
 31
0.0
  0
LINE
  5
A06
330
2
100
AcDbEntity
  8
WALL
100
AcDbLine
 10
-421036.8660101064
 20
-581893.9281943418
 30
0.0
 11
-421336.8660101064
 21
-581893.9281943418
 31
0.0
  0
LINE
  5
A07
330
2
100
AcDbEntity
  8
WALL
100
AcDbLine
 10
-420136.8660101063
 20
-581993.9281943419
 30
0.0
 11
-420136.8660101063
 21
-581893.9281943418
 31
0.0
  0
INSERT
  5
A08
330
2
100
AcDbEntity
  8
WINDOW
100
AcDbBlockReference
 66
     1
  2
_WBLK
 10
-423786.8660101079
 20
-577793.6975195256
 30
0.0
 41
1500.0
 42
200.0000000002911
 43
1500.0
1001
WTHICK
1040
200.0000000002765
  0
ATTRIB
  5
A09
330
A08
100
AcDbEntity
  8
WINDOW_TEXT
100
AcDbText
 10
-423786.8660101079
 20
-577393.6975195256
 30
0.0
 40
300.0
  1

 41
0.8
  7
SIMPLEX
 72
     4
 11
-423786.8660101079
 21
-577393.6975195256
 31
0.0
100
AcDbAttribute
280
     0
  2
A
 70
     9
280
     0
  0
SEQEND
  5
A0A
330
A08
100
AcDbEntity
  8
WINDOW
  0
LINE
  5
A0B
330
2
100
AcDbEntity
  8
F
100
AcDbLine
 10
-423673.1050253559
 20
-580306.2727596376
 30
0.0
 11
-423735.9924327617
 21
-580691.9810065534
 31
0.0
  0
LINE
  5
A0C
330
2
100
AcDbEntity
  8
WALL
100
AcDbLine
 10
-423486.8660101104
 20
-580793.9281943435
 30
0.0
 11
-425136.8660101092
 21
-580793.9281943435
 31
0.0
  0
LINE
  5
A0D
330
2
100
AcDbEntity
  8
WALL
100
AcDbLine
 10
-423486.8660101104
 20
-580893.9281943421
 30
0.0
 11
-425336.8660101095
 21
-580893.9281943421
 31
0.0
  0
LINE
  5
A0E
330
2
100
AcDbEntity
  8
F
100
AcDbLine
 10
-423597.0761316226
 20
-580488.5306575459
 30
0.0
 11
-425136.8660101095
 21
-580488.5306575479
 31
0.0
  0
LINE
  5
A0F
330
2
100
AcDbEntity
  8
F
100
AcDbLine
 10
-423567.0761316227
 20
-580193.928194344
 30
0.0
 11
-425136.8660101092
 21
-580193.9281943457
 31
0.0
  0
LINE
  5
A10
330
2
100
AcDbEntity
  8
F
100
AcDbLine
 10
-423597.0761316231
 20
-580223.9281943439
 30
0.0
 11
-425136.8660101092
 21
-580223.9281943457
 31
0.0
  0
INSERT
  5
A11
330
2
100
AcDbEntity
  8
F
100
AcDbBlockReference
 66
     1
  2
M_C3
 10
-423183.7201135107
 20
-578574.3100639772
 30
0.0
 50
90.0
  0
ATTRIB
  5
A12
330
A11
100
AcDbEntity
  8
0
100
AcDbText
 10
-423183.7201135107
 20
-578574.3100639772
 30
0.0
 40
0.5
  1
315
 50
270.0
 41
0.7999999999883585
 51
-180.0
 71
     6
100
AcDbAttribute
280
     0
  2
YSIZE
 70
     9
280
     0
  0
ATTRIB
  5
A13
330
A11
100
AcDbEntity
  8
0
100
AcDbText
 10
-423183.7201135107
 20
-578574.3100639772
 30
0.0
 40
0.5
  1
639
 50
270.0
 41
0.7999999999883585
 51
-180.0
 71
     6
100
AcDbAttribute
280
     0
  2
XSIZE
 70
     9
280
     0
  0
ATTRIB
  5
A14
330
A11
100
AcDbEntity
  8
0
100
AcDbText
 10
-423183.7201135107
 20
-578574.3100639772
 30
0.0
 40
0.5
  1
639
 50
270.0
 41
0.7999999999883585
 51
-180.0
 71
     6
100
AcDbAttribute
280
     0
  2
XSIZE
 70
     9
280
     0
  0
ATTRIB
  5
A15
330
A11
100
AcDbEntity
  8
0
100
AcDbText
 10
-423183.7201135107
 20
-578574.3100639772
 30
0.0
 40
0.5
  1
315
 50
270.0
 41
0.7999999999883585
 51
-180.0
 71
     6
100
AcDbAttribute
280
     0
  2
YSIZE
 70
     9
280
     0
  0
SEQEND
  5
A16
330
A11
100
AcDbEntity
  8
PS
 62
     9
  0
LINE
  5
A17
330
2
100
AcDbEntity
  8
WALL
100
AcDbLine
 10
-425336.8660101081
 20
-578293.6975195255
 30
0.0
 11
-425336.8660101079
 21
-577693.6975195255
 31
0.0
  0
LINE
  5
A18
330
2
100
AcDbEntity
  8
WALL
100
AcDbLine
 10
-425136.8660101092
 20
-580793.9281943435
 30
0.0
 11
-425136.8660101078
 21
-577893.6975195259
 31
0.0
  0
INSERT
  5
A19
330
2
100
AcDbEntity
  8
F
  6
Continuous
100
AcDbBlockReference
  2
A$C654F21E2
 10
-424099.2142028264
 20
-579916.8866927331
 30
0.0
 41
-1.0
  0
LINE
  5
A1A
330
2
100
AcDbEntity
  8
WALL
  6
Continuous
100
AcDbLine
 10
-425336.8660101081
 20
-578293.6975195255
 30
0.0
 11
-425736.8660101081
 21
-578293.6975195255
 31
0.0
  0
LINE
  5
A1B
330
2
100
AcDbEntity
  8
WALL
  6
Continuous
100
AcDbLine
 10
-425736.8660101081
 20
-578493.6975195257
 30
0.0
 11
-425336.8660101083
 21
-578493.6975195257
 31
0.0
  0
INSERT
  5
A1C
330
2
100
AcDbEntity
  8
F
  6
Continuous
100
AcDbBlockReference
 66
     1
  2
M_C25MYD
 10
426114.8347298653
 20
-579451.9527715419
 30
0.0
 43
-1.0
 50
180.0
210
0.0
220
0.0
230
-1.0
  0
ATTRIB
  5
A1D
330
A1C
100
AcDbEntity
  8
0
100
AcDbText
 10
-426113.501396532
 20
-579452.4527715419
 30
0.0
 40
0.5
  1
1500
 50
180.0
 41
0.7999999999883585
 51
-180.0
 71
     4
100
AcDbAttribute
280
     0
  2
XSIZE
 70
     9
280
     0
  0
ATTRIB
  5
A1E
330
A1C
100
AcDbEntity
  8
0
100
AcDbText
 10
-426113.5204441511
 20
-579452.4527715418
 30
0.0
 40
0.5
  1
1809
 50
180.0
 41
0.7999999999883585
 51
-180.0
 71
     4
100
AcDbAttribute
280
     0
  2
YSIZE
 70
     9
280
     0
  0
SEQEND
  5
A1F
330
A1C
100
AcDbEntity
  8
AREA
  0
LINE
  5
A20
330
2
100
AcDbEntity
  8
WALL
100
AcDbLine
 10
-426936.8660101083
 20
-578493.6975195257
 30
0.0
 11
-426936.8660101083
 21
-578293.6975195255
 31
0.0
  0
INSERT
  5
A21
330
2
100
AcDbEntity
  8
WINDOW
100
AcDbBlockReference
 66
     1
  2
_WBLK
 10
-426336.8660101082
 20
-578393.6975195254
 30
0.0
 41
1200.0
 42
200.0000000002328
 43
1200.0
1001
WTHICK
1040
200.0000000002328
  0
ATTRIB
  5
A22
330
A21
100
AcDbEntity
  8
WINDOW_TEXT
100
AcDbText
 10
-426336.8660101082
 20
-577993.6975195255
 30
0.0
 40
300.0
  1

 41
0.8
  7
SIMPLEX
 72
     4
 11
-426336.8660101082
 21
-577993.6975195255
 31
0.0
100
AcDbAttribute
280
     0
  2
A
 70
     9
280
     0
  0
SEQEND
  5
A23
330
A21
100
AcDbEntity
  8
WINDOW
  0
LINE
  5
A24
330
2
100
AcDbEntity
  8
WALL
100
AcDbLine
 10
-425736.8660101081
 20
-578493.6975195257
 30
0.0
 11
-425736.8660101081
 21
-578293.6975195255
 31
0.0
  0
LINE
  5
A25
330
2
100
AcDbEntity
  8
F
100
AcDbLine
 10
-424963.5600249527
 20
-580691.9810065532
 30
0.0
 11
-425024.2039216265
 21
-580306.2727596376
 31
0.0
  0
LINE
  5
A26
330
2
100
AcDbEntity
  8
F
100
AcDbLine
 10
-424868.1743560106
 20
-580306.2727596376
 30
0.0
 11
-424924.3671996842
 21
-580691.9810065534
 31
0.0
  0
LINE
  5
A27
330
2
100
AcDbEntity
  8
DOTE1
100
AcDbLine
 10
-425236.8660101057
 20
-578393.697519526
 30
0.0
 11
-425236.8660101057
 21
-580793.9281943438
 31
0.0
  0
LINE
  5
A28
330
2
100
AcDbEntity
  8
WALL
100
AcDbLine
 10
-425336.8660101095
 20
-580893.9281943421
 30
0.0
 11
-425336.8660101081
 21
-578493.6975195257
 31
0.0
  0
LINE
  5
A29
330
2
100
AcDbEntity
  8
F
100
AcDbLine
 10
-424321.5268244365
 20
-580306.2727596376
 30
0.0
 11
-424477.7196681101
 21
-580691.9810065534
 31
0.0
  0
LINE
  5
A2A
330
2
100
AcDbEntity
  8
F
100
AcDbLine
 10
-424515.9222958025
 20
-580306.2727596376
 30
0.0
 11
-424578.8097032082
 21
-580691.9810065534
 31
0.0
  0
LINE
  5
A2B
330
2
100
AcDbEntity
  8
F
100
AcDbLine
 10
-424081.2844825444
 20
-580306.2727596376
 30
0.0
 11
-424147.8084929473
 21
-580691.9810065532
 31
0.0
  0
LINE
  5
A2C
330
2
100
AcDbEntity
  8
F
100
AcDbLine
 10
-424226.7727268036
 20
-580691.9810065534
 30
0.0
 11
-424255.3728918657
 21
-580306.2727596376
 31
0.0
  0
LINE
  5
A2D
330
2
100
AcDbEntity
  8
F
100
AcDbLine
 10
-423762.3724897476
 20
-580691.9810065532
 30
0.0
 11
-423767.4030426393
 21
-580306.2727596376
 31
0.0
  0
LINE
  5
A2E
330
2
100
AcDbEntity
  8
F
100
AcDbLine
 10
-423785.1147436717
 20
-580306.2727596376
 30
0.0
 11
-423851.6387540747
 21
-580691.9810065532
 31
0.0
  0
LINE
  5
A2F
330
2
100
AcDbEntity
  8
F
100
AcDbLine
 10
-423730.6029879311
 20
-580691.9810065534
 30
0.0
 11
-423759.2031529932
 21
-580306.2727596376
 31
0.0
  0
LINE
  5
A30
330
2
100
AcDbEntity
  8
F
100
AcDbLine
 10
-423969.2747642282
 20
-580306.2727596376
 30
0.0
 11
-424032.1621716343
 21
-580691.9810065534
 31
0.0
  0
LINE
  5
A31
330
2
100
AcDbEntity
  8
F
100
AcDbLine
 10
-423826.3100996515
 20
-580306.2727596376
 30
0.0
 11
-423889.1975070575
 21
-580691.9810065534
 31
0.0
  0
LINE
  5
A32
330
2
100
AcDbEntity
  8
F
100
AcDbLine
 10
-424773.4202583777
 20
-580691.9810065534
 30
0.0
 11
-424802.0204234397
 21
-580306.2727596376
 31
0.0
  0
LINE
  5
A33
330
2
100
AcDbEntity
  8
WALL
100
AcDbLine
 10
-424536.8660101077
 20
-577893.6975195257
 30
0.0
 11
-424536.8660101077
 21
-577693.6975195255
 31
0.0
  0
LINE
  5
A34
330
2
100
AcDbEntity
  8
WALL
  6
Continuous
100
AcDbLine
 10
-425136.8660101078
 20
-577893.6975195259
 30
0.0
 11
-424536.8660101077
 21
-577893.6975195257
 31
0.0
  0
LINE
  5
A35
330
2
100
AcDbEntity
  8
WALL
  6
Continuous
100
AcDbLine
 10
-424536.8660101077
 20
-577693.6975195255
 30
0.0
 11
-425336.8660101079
 21
-577693.6975195255
 31
0.0
  0
LINE
  5
A36
330
2
100
AcDbEntity
  8
WALL
100
AcDbLine
 10
-422536.8660101101
 20
-580793.9281943435
 30
0.0
 11
-422536.8660101079
 21
-577893.6975195259
 31
0.0
  0
LINE
  5
A37
330
2
100
AcDbEntity
  8
F
100
AcDbLine
 10
-423236.8568025868
 20
-579189.7255195087
 30
0.0
 11
-423236.828283366
 21
-577893.6975195087
 31
0.0
  0
LINE
  5
A38
330
2
100
AcDbEntity
  8
WALL
100
AcDbLine
 10
-422436.8660101101
 20
-580793.9281943419
 30
0.0
 11
-422436.8660101077
 21
-577693.6975195255
 31
0.0
  0
LINE
  5
A39
330
2
100
AcDbEntity
  8
WALL
100
AcDbLine
 10
-420636.8660101101
 20
-580793.9281943423
 30
0.0
 11
-420636.8660101071
 21
-577093.6975195251
 31
0.0
  0
LINE
  5
A3A
330
2
100
AcDbEntity
  8
DOTE1
100
AcDbLine
 10
-420736.8660101056
 20
-576993.6975195268
 30
0.0
 11
-420736.8660101056
 21
-580793.9281943438
 31
0.0
  0
LINE
  5
A3B
330
2
100
AcDbEntity
  8
WALL
100
AcDbLine
 10
-420836.8660101082
 20
-578493.6975195257
 30
0.0
 11
-420836.8660101068
 21
-576893.6975195252
 31
0.0
  0
LINE
  5
A3C
330
2
100
AcDbEntity
  8
WINDOW
100
AcDbLine
 10
-422436.8660101083
 20
-578493.6975195257
 30
0.0
 11
-420836.8660101082
 21
-578493.6975195257
 31
0.0
  0
INSERT
  5
A3D
330
2
100
AcDbEntity
  8
WINDOW
100
AcDbBlockReference
 66
     1
  2
_DBLK
 10
-421936.8660101105
 20
-580843.9281943421
 30
0.0
 41
-800.0
 42
800.0
 43
800.0
 50
180.0
1001
WTHICK
1040
100.0
  0
ATTRIB
  5
A3E
330
A3D
100
AcDbEntity
  8
WINDOW_TEXT
100
AcDbText
 10
-421936.8660101105
 20
-581193.9281943421
 30
0.0
 40
300.0
  1

 41
0.8
  7
SIMPLEX
 72
     4
 11
-421936.8660101105
 21
-581193.9281943421
 31
0.0
100
AcDbAttribute
280
     0
  2
A
 70
     9
280
     0
  0
SEQEND
  5
A3F
330
A3D
100
AcDbEntity
  8
WINDOW
  0
INSERT
  5
A40
330
2
100
AcDbEntity
  8
LVTRY
100
AcDbBlockReference
 66
     1
  2
_E0YYN
 10
-422011.8660101247
 20
-578493.6975195196
 30
0.0
 41
-1.0
 50
270.0
  0
ATTRIB
  5
A41
330
A40
100
AcDbEntity
  8
0
100
AcDbText
 10
-422011.3660101246
 20
-578493.6975195196
 30
0.0
 40
0.5
  1
500
 50
90.00000000333505
 41
0.8
  7
DIM_FONT
100
AcDbAttribute
280
     0
  2
XSIZE
 70
     9
280
     0
  0
ATTRIB
  5
A42
330
A40
100
AcDbEntity
  8
0
100
AcDbText
 10
-422011.3660101246
 20
-578493.6975195196
 30
0.0
 40
0.5
  1
500
 50
90.00000000333505
 41
0.8
  7
DIM_FONT
100
AcDbAttribute
280
     0
  2
YSIZE
 70
     9
280
     0
  0
SEQEND
  5
A43
330
A40
100
AcDbEntity
  8
WUDING坡度
  0
TEXT
  5
A44
330
2
100
AcDbEntity
  8
PUB_TEXT
 62
     3
100
AcDbText
 10
-423415.9126341615
 20
-579930.5828441664
 30
0.0
 40
450.0
  1
卧室
 41
0.8
  7
HZTXT1
100
AcDbText
  0
LINE
  5
A45
330
2
100
AcDbEntity
  8
F
100
AcDbLine
 10
-423654.2110632831
 20
-580691.9810065534
 30
0.0
 11
-423682.8112283455
 21
-580306.2727596376
 31
0.0
  0
LINE
  5
A46
330
2
100
AcDbEntity
  8
F
100
AcDbLine
 10
-423567.0761316227
 20
-580793.9281943435
 30
0.0
 11
-423567.0761316227
 21
-580193.9281943437
 31
0.0
  0
LINE
  5
A47
330
2
100
AcDbEntity
  8
F
100
AcDbLine
 10
-423597.0761316226
 20
-580793.9281943435
 30
0.0
 11
-423597.0761316231
 21
-580193.9281943437
 31
0.0
  0
LINE
  5
A48
330
2
100
AcDbEntity
  8
WALL
100
AcDbLine
 10
-423486.8660101104
 20
-580793.9281943435
 30
0.0
 11
-423486.8660101104
 21
-580893.9281943421
 31
0.0
  0
LINE
  5
A49
330
2
100
AcDbEntity
  8
DOTE1
100
AcDbLine
 10
-422536.8660101056
 20
-578393.697519526
 30
0.0
 11
-422536.8660101056
 21
-580793.9281943438
 31
0.0
  0
LINE
  5
A4A
330
2
100
AcDbEntity
  8
WALL
100
AcDbLine
 10
-422586.8660101101
 20
-580793.9281943435
 30
0.0
 11
-422586.8660101101
 21
-580893.9281943421
 31
0.0
  0
LINE
  5
A4B
330
2
100
AcDbEntity
  8
WALL
100
AcDbLine
 10
-422336.8660101105
 20
-580893.9281943421
 30
0.0
 11
-422586.8660101101
 21
-580893.9281943421
 31
0.0
  0
LINE
  5
A4C
330
2
100
AcDbEntity
  8
WALL
100
AcDbLine
 10
-422536.8660101101
 20
-580793.9281943435
 30
0.0
 11
-422586.8660101101
 21
-580793.9281943435
 31
0.0
  0
LINE
  5
A4D
330
2
100
AcDbEntity
  8
WALL
100
AcDbLine
 10
-422336.8660101105
 20
-580793.9281943421
 30
0.0
 11
-422436.8660101101
 21
-580793.9281943421
 31
0.0
  0
LINE
  5
A4E
330
2
100
AcDbEntity
  8
WALL
100
AcDbLine
 10
-422336.8660101105
 20
-580793.9281943421
 30
0.0
 11
-422336.8660101105
 21
-580893.9281943421
 31
0.0
  0
INSERT
  5
A4F
330
2
100
AcDbEntity
  8
WINDOW
100
AcDbBlockReference
 66
     1
  2
_DBLK
 10
-423036.8660101105
 20
-580843.9281943429
 30
0.0
 41
900.0
 42
900.0
 43
900.0
 50
180.0
1001
WTHICK
1040
99.99999999841385
  0
ATTRIB
  5
A50
330
A4F
100
AcDbEntity
  8
WINDOW_TEXT
100
AcDbText
 10
-423036.8660101105
 20
-581193.9281943421
 30
0.0
 40
300.0
  1

 41
0.8
  7
SIMPLEX
 72
     4
 11
-423036.8660101105
 21
-581193.9281943421
 31
0.0
100
AcDbAttribute
280
     0
  2
A
 70
     9
280
     0
  0
SEQEND
  5
A51
330
A4F
100
AcDbEntity
  8
WINDOW
  0
LINE
  5
A52
330
2
100
AcDbEntity
  8
F
100
AcDbLine
 10
-423236.8568025868
 20
-579189.7255195087
 30
0.0
 11
-422536.8660101088
 21
-579189.7255195087
 31
0.0
  0
INSERT
  5
A53
330
2
100
AcDbEntity
  8
WALL
  6
Continuous
100
AcDbBlockReference
  2
A$C2EE22F3D
 10
-421636.8658688584
 20
-578493.6973494379
 30
0.0
 50
270.0
  0
LINE
  5
A54
330
2
100
AcDbEntity
  8
WALL
100
AcDbLine
 10
-420736.8660101101
 20
-580793.9281943423
 30
0.0
 11
-421536.8660101105
 21
-580793.9281943423
 31
0.0
  0
INSERT
  5
A55
330
2
100
AcDbEntity
  8
LVTRY
  6
Continuous
100
AcDbBlockReference
  2
A$C14555FE0
 10
-421207.0470697057
 20
-580042.6648114926
 30
0.0000000000004547
 41
-1.0
 50
180.0000000066701
  0
LINE
  5
A56
330
2
100
AcDbEntity
  8
WALL
100
AcDbLine
 10
-420736.8660101101
 20
-580793.9281943423
 30
0.0
 11
-420736.8660101082
 21
-578493.6975195257
 31
0.0
  0
LINE
  5
A57
330
2
100
AcDbEntity
  8
WALL
  6
Continuous
100
AcDbLine
 10
-420836.8660101082
 20
-578493.6975195257
 30
0.0
 11
-420736.8660101082
 21
-578493.6975195257
 31
0.0
  0
LINE
  5
A58
330
2
100
AcDbEntity
  8
WALL
100
AcDbLine
 10
-421536.8660101105
 20
-580793.9281943423
 30
0.0
 11
-421536.8660101105
 21
-580893.9281943421
 31
0.0
  0
LINE
  5
A59
330
2
100
AcDbEntity
  8
LVTRY
  6
Continuous
100
AcDbLine
 10
-421336.8660101081
 20
-580793.9281943435
 30
0.0
 11
-421336.8660101081
 21
-579393.6975195259
 31
0.0
  0
LINE
  5
A5A
330
2
100
AcDbEntity
  8
WALL
100
AcDbLine
 10
-420586.8660101105
 20
-580793.9281943423
 30
0.0
 11
-420636.8660101101
 21
-580793.9281943423
 31
0.0
  0
LINE
  5
A5B
330
2
100
AcDbEntity
  8
WALL
100
AcDbLine
 10
-420586.8660101105
 20
-580793.9281943423
 30
0.0
 11
-420586.8660101105
 21
-580893.9281943421
 31
0.0
  0
LINE
  5
A5C
330
2
100
AcDbEntity
  8
WALL
100
AcDbLine
 10
-420586.8660101105
 20
-580893.9281943421
 30
0.0
 11
-421536.8660101105
 21
-580893.9281943421
 31
0.0
  0
LINE
  5
A5D
330
2
100
AcDbEntity
  8
WINDOW
100
AcDbLine
 10
-422436.8660101077
 20
-577893.6975195259
 30
0.0
 11
-420836.8660101077
 21
-577893.6975195259
 31
0.0
  0
LINE
  5
A5E
330
2
100
AcDbEntity
  8
WINDOW
100
AcDbLine
 10
-420836.8660101077
 20
-577827.030852859
 30
0.0
 11
-422436.8660101077
 21
-577827.030852859
 31
0.0
  0
LINE
  5
A5F
330
2
100
AcDbEntity
  8
WINDOW
100
AcDbLine
 10
-420836.8660101073
 20
-577760.3641861922
 30
0.0
 11
-422436.8660101077
 21
-577760.3641861922
 31
0.0
  0
LINE
  5
A60
330
2
100
AcDbEntity
  8
WINDOW
100
AcDbLine
 10
-422436.8660101077
 20
-577693.6975195255
 30
0.0
 11
-420836.8660101073
 21
-577693.6975195255
 31
0.0
  0
LINE
  5
A61
330
2
100
AcDbEntity
  8
WALL
100
AcDbLine
 10
-423036.8660101078
 20
-577893.6975195259
 30
0.0
 11
-423036.8660101078
 21
-577693.6975195255
 31
0.0
  0
LINE
  5
A62
330
2
100
AcDbEntity
  8
WALL
  6
Continuous
100
AcDbLine
 10
-423036.8660101078
 20
-577893.6975195259
 30
0.0
 11
-422536.8660101079
 21
-577893.6975195259
 31
0.0
  0
LINE
  5
A63
330
2
100
AcDbEntity
  8
WALL
  6
Continuous
100
AcDbLine
 10
-422436.8660101077
 20
-577693.6975195255
 30
0.0
 11
-423036.8660101078
 21
-577693.6975195255
 31
0.0
  0
LINE
  5
A64
330
2
100
AcDbEntity
  8
WALL
100
AcDbLine
 10
-420136.8660101044
 20
-577093.6975195251
 30
0.0
 11
-420636.8660101071
 21
-577093.6975195251
 31
0.0
  0
LINE
  5
A65
330
2
100
AcDbEntity
  8
WALL
100
AcDbLine
 10
-420136.8660101044
 20
-577093.6975195251
 30
0.0
 11
-420136.8660101044
 21
-576893.6975195252
 31
0.0
  0
LINE
  5
A66
330
2
100
AcDbEntity
  8
WALL
100
AcDbLine
 10
-420136.8660101044
 20
-576893.6975195252
 30
0.0
 11
-420836.8660101068
 21
-576893.6975195252
 31
0.0
  0
LINE
  5
A67
330
2
100
AcDbEntity
  8
WALL
100
AcDbLine
 10
-419536.8660101081
 20
-581893.9281943418
 30
0.0
 11
-419536.8660101064
 21
-580193.9281943416
 31
0.0
  0
LINE
  5
A68
330
2
100
AcDbEntity
  8
DOTE1
100
AcDbLine
 10
-419536.8660101058
 20
-580193.9281943429
 30
0.0
 11
-419536.8660101058
 21
-581993.928194343
 31
0.0
  0
LINE
  5
A69
330
2
100
AcDbEntity
  8
WALL
100
AcDbLine
 10
-419636.8660101081
 20
-581893.9281943418
 30
0.0
 11
-419636.8660101072
 21
-580893.9281943421
 31
0.0
  0
INSERT
  5
A6A
330
2
100
AcDbEntity
  8
WINDOW
100
AcDbBlockReference
 66
     1
  2
_WBLK
 10
-417736.8660101055
 20
-581043.9281943424
 30
0.0
 41
900.0
 42
200.0
 43
900.0
 50
270.0
1001
WTHICK
1040
200.0
  0
ATTRIB
  5
A6B
330
A6A
100
AcDbEntity
  8
WINDOW_TEXT
100
AcDbText
 10
-417336.8660101054
 20
-581043.9281943425
 30
0.0
 40
300.0
  1

 50
90.0
 41
0.8
  7
SIMPLEX
 72
     4
 11
-417336.8660101054
 21
-581043.9281943425
 31
0.0
100
AcDbAttribute
280
     0
  2
A
 70
     9
280
     0
  0
SEQEND
  5
A6C
330
A6A
100
AcDbEntity
  8
WINDOW
  0
INSERT
  5
A6D
330
2
100
AcDbEntity
  8
WALL
  6
Continuous
100
AcDbBlockReference
  2
A$C2EE22F3D
 10
-418736.8658688551
 20
-580193.9280242541
 30
0.0
 50
270.0
  0
LINE
  5
A6E
330
2
100
AcDbEntity
  8
DOTE1
100
AcDbLine
 10
-417736.8660101059
 20
-576993.697519526
 30
0.0
 11
-417736.8660101059
 21
-585593.9281943427
 31
0.0
  0
DIMENSION
  5
A6F
330
2
100
AcDbEntity
  8
AXIS
100
AcDbDimension
280
     0
  2
*D79
 10
-415014.2591922304
 20
-581993.9281943424
 30
0.0
 11
-415464.2591922304
 21
-581093.9281943423
 31
0.0
 71
     5
 42
1800.000000000466
 73
     0
 74
     0
 75
     0
  3
DIMN150
100
AcDbAlignedDimension
 13
-416214.2591922303
 23
-580193.9281943418
 33
0.0
 14
-416214.2591922303
 24
-581993.9281943424
 34
0.0
 50
270.0
100
AcDbRotatedDimension
1001
ACAD
1000
DSTYLE
1002
{
1070
   178
1070
     7
1002
}
  0
INSERT
  5
A7C
330
2
100
AcDbEntity
  8
F
  6
Continuous
100
AcDbBlockReference
  2
A$C19441411
 10
-417836.2786774992
 20
-585493.9283226562
 30
0.0
 41
-1.0
  0
LINE
  5
A7D
330
2
100
AcDbEntity
  8
WALL
100
AcDbLine
 10
-417836.86601011
 20
-585493.9281943419
 30
0.0
 11
-417836.8660101065
 21
-581993.9281943419
 31
0.0
  0
LINE
  5
A7E
330
2
100
AcDbEntity
  8
WALL
100
AcDbLine
 10
-417636.8660101105
 20
-585693.9281943421
 30
0.0
 11
-417636.8660101061
 21
-581493.9281943424
 31
0.0
  0
LINE
  5
A7F
330
2
100
AcDbEntity
  8
WALL
100
AcDbLine
 10
-417636.8660101105
 20
-585693.9281943421
 30
0.0
 11
-418536.86601011
 21
-585693.9281943421
 31
0.0
  0
LINE
  5
A80
330
2
100
AcDbEntity
  8
WALL
100
AcDbLine
 10
-417836.86601011
 20
-585493.9281943419
 30
0.0
 11
-418536.86601011
 21
-585493.9281943419
 31
0.0
  0
LINE
  5
A81
330
2
100
AcDbEntity
  8
WALL
100
AcDbLine
 10
-418536.86601011
 20
-585493.9281943419
 30
0.0
 11
-418536.86601011
 21
-585693.9281943421
 31
0.0
  0
LINE
  5
A82
330
2
100
AcDbEntity
  8
WALL
100
AcDbLine
 10
-417836.8660101065
 20
-581893.9281943421
 30
0.0
 11
-418586.8660101057
 21
-581893.9281943421
 31
0.0
  0
LINE
  5
A83
330
2
100
AcDbEntity
  8
WALL
100
AcDbLine
 10
-417836.8660101065
 20
-581993.9281943419
 30
0.0
 11
-418586.8660101057
 21
-581993.9281943419
 31
0.0
  0
INSERT
  5
A84
330
2
100
AcDbEntity
  8
LVTRY
100
AcDbBlockReference
 66
     1
  2
_E0YYN
 10
-417836.8660100987
 20
-581537.0662890217
 30
0.0
 41
-1.0
 50
180.000000003335
  0
ATTRIB
  5
A85
330
A84
100
AcDbEntity
  8
0
100
AcDbText
 10
-417836.8660100986
 20
-581537.5662890215
 30
0.0
 40
0.5
  1
500
 41
0.8
  7
DIM_FONT
100
AcDbAttribute
280
     0
  2
XSIZE
 70
     9
280
     0
  0
ATTRIB
  5
A86
330
A84
100
AcDbEntity
  8
0
100
AcDbText
 10
-417836.8660100986
 20
-581537.5662890215
 30
0.0
 40
0.5
  1
500
 41
0.8
  7
DIM_FONT
100
AcDbAttribute
280
     0
  2
YSIZE
 70
     9
280
     0
  0
SEQEND
  5
A87
330
A84
100
AcDbEntity
  8
WUDING坡度
  0
LINE
  5
A88
330
2
100
AcDbEntity
  8
F
100
AcDbLine
 10
-419636.8660101088
 20
-582467.7029811932
 30
0.0
 11
-417836.8660101265
 21
-582467.7029811943
 31
0.0
  0
LINE
  5
A89
330
2
100
AcDbEntity
  8
F
100
AcDbLine
 10
-419606.8660101087
 20
-582497.7029811936
 30
0.0
 11
-417836.8660101265
 21
-582497.702981194
 31
0.0
  0
LINE
  5
A8A
330
2
100
AcDbEntity
  8
F
100
AcDbLine
 10
-419606.8660101087
 20
-583048.4980547893
 30
0.0
 11
-417836.8660101265
 21
-583048.4980547887
 31
0.0
  0
LINE
  5
A8B
330
2
100
AcDbEntity
  8
F
100
AcDbLine
 10
-419636.8660101088
 20
-583078.4980547895
 30
0.0
 11
-417836.8660101265
 21
-583078.4980547885
 31
0.0
  0
LINE
  5
A8C
330
2
100
AcDbEntity
  8
F
100
AcDbLine
 10
-419606.8660101087
 20
-582773.1005179915
 30
0.0
 11
-417836.8660101265
 21
-582773.1005179902
 31
0.0
  0
LINE
  5
A8D
330
2
100
AcDbEntity
  8
F
100
AcDbLine
 10
-418883.3390419158
 20
-582590.8426200806
 30
0.0
 11
-418820.4516345098
 21
-582976.5508669964
 31
0.0
  0
LINE
  5
A8E
330
2
100
AcDbEntity
  8
F
100
AcDbLine
 10
-418761.5554270592
 20
-582976.5508669964
 30
0.0
 11
-418732.955261997
 21
-582590.8426200806
 31
0.0
  0
LINE
  5
A8F
330
2
100
AcDbEntity
  8
F
100
AcDbLine
 10
-418700.6269948797
 20
-582590.8426200806
 30
0.0
 11
-418637.7395874743
 21
-582976.5508669964
 31
0.0
  0
LINE
  5
A90
330
2
100
AcDbEntity
  8
F
100
AcDbLine
 10
-419636.8660101088
 20
-583078.4980547893
 30
0.0
 11
-419636.8660101088
 21
-582478.4980547892
 31
0.0
  0
LINE
  5
A91
330
2
100
AcDbEntity
  8
F
100
AcDbLine
 10
-419606.8660101087
 20
-583078.4980547893
 30
0.0
 11
-419606.8660101087
 21
-582478.4980547892
 31
0.0
  0
LINE
  5
A92
330
2
100
AcDbEntity
  8
F
100
AcDbLine
 10
-419212.0953162445
 20
-582976.5508669964
 30
0.0
 11
-419183.4951511823
 21
-582590.8426200806
 31
0.0
  0
LINE
  5
A93
330
2
100
AcDbEntity
  8
F
100
AcDbLine
 10
-419347.4280310158
 20
-582590.8426200806
 30
0.0
 11
-419284.5406236098
 21
-582976.5508669964
 31
0.0
  0
LINE
  5
A94
330
2
100
AcDbEntity
  8
F
100
AcDbLine
 10
-418964.8069569527
 20
-582976.5508669964
 30
0.0
 11
-418936.2067918906
 21
-582590.8426200806
 31
0.0
  0
LINE
  5
A95
330
2
100
AcDbEntity
  8
F
100
AcDbLine
 10
-419093.3636186491
 20
-582590.8426200806
 30
0.0
 11
-419030.4762112432
 21
-582976.5508669964
 31
0.0
  0
LINE
  5
A96
330
2
100
AcDbEntity
  8
WALL
100
AcDbLine
 10
-419386.8660101058
 20
-581893.9281943418
 30
0.0
 11
-419536.8660101058
 21
-581893.9281943418
 31
0.0
  0
LINE
  5
A97
330
2
100
AcDbEntity
  8
WALL
100
AcDbLine
 10
-419386.8660101058
 20
-581893.9281943418
 30
0.0
 11
-419386.8660101059
 21
-581993.9281943419
 31
0.0
  0
LINE
  5
A98
330
2
100
AcDbEntity
  8
F
100
AcDbLine
 10
-418611.3595304884
 20
-582976.5508669962
 30
0.0
 11
-418606.3289775967
 21
-582590.8426200806
 31
0.0
  0
LINE
  5
A99
330
2
100
AcDbEntity
  8
F
100
AcDbLine
 10
-418543.1290323047
 20
-582976.5508669964
 30
0.0
 11
-418514.5288672425
 21
-582590.8426200806
 31
0.0
  0
LINE
  5
A9A
330
2
100
AcDbEntity
  8
F
100
AcDbLine
 10
-418447.4219205844
 20
-582590.8426200806
 30
0.0
 11
-418384.5345131785
 21
-582976.5508669964
 31
0.0
  0
LINE
  5
A9B
330
2
100
AcDbEntity
  8
WALL
100
AcDbLine
 10
-418586.8660101057
 20
-581893.9281943421
 30
0.0
 11
-418586.8660101057
 21
-581993.9281943419
 31
0.0
  0
INSERT
  5
A9C
330
2
100
AcDbEntity
  8
WINDOW
100
AcDbBlockReference
 66
     1
  2
_DBLK
 10
-418986.8660101057
 20
-581943.928194342
 30
0.0
 41
-800.0
 42
800.0
 43
800.0
 50
180.0
1001
WTHICK
1040
100.0
  0
ATTRIB
  5
A9D
330
A9C
100
AcDbEntity
  8
WINDOW_TEXT
100
AcDbText
 10
-418986.8660101059
 20
-582293.9281943419
 30
0.0
 40
300.0
  1

 41
0.8
  7
SIMPLEX
 72
     4
 11
-418986.8660101059
 21
-582293.9281943419
 31
0.0
100
AcDbAttribute
280
     0
  2
A
 70
     9
280
     0
  0
SEQEND
  5
A9E
330
A9C
100
AcDbEntity
  8
WINDOW
  0
LINE
  5
A9F
330
2
100
AcDbEntity
  8
F
100
AcDbLine
 10
-418588.617276564
 20
-582590.8426200806
 30
0.0
 11
-418622.0932661609
 21
-582976.5508669962
 31
0.0
  0
LINE
  5
AA0
330
2
100
AcDbEntity
  8
F
100
AcDbLine
 10
-418304.4572560072
 20
-582590.8426200806
 30
0.0
 11
-418241.5698486017
 21
-582976.5508669964
 31
0.0
  0
LINE
  5
AA1
330
2
100
AcDbEntity
  8
F
100
AcDbLine
 10
-418192.4475376916
 20
-582590.8426200806
 30
0.0
 11
-418125.9235272885
 21
-582976.5508669962
 31
0.0
  0
LINE
  5
AA2
330
2
100
AcDbEntity
  8
F
100
AcDbLine
 10
-418046.9592934322
 20
-582976.5508669964
 30
0.0
 11
-418018.3591283703
 21
-582590.8426200806
 31
0.0
  0
LINE
  5
AA3
330
2
100
AcDbEntity
  8
WALL
100
AcDbLine
 10
-417836.8660101065
 20
-581893.9281943421
 30
0.0
 11
-417836.8660101059
 21
-581493.9281943424
 31
0.0
  0
LINE
  5
AA4
330
2
100
AcDbEntity
  8
WALL
100
AcDbLine
 10
-417836.8660101059
 20
-581493.9281943424
 30
0.0
 11
-417636.8660101061
 21
-581493.9281943424
 31
0.0
  0
DIMENSION
  5
AA5
330
2
100
AcDbEntity
  8
AXIS
100
AcDbDimension
280
     0
  2
*D80
 10
-415014.2591922304
 20
-585593.9281943424
 30
0.0
 11
-415464.2591922304
 21
-583793.9281943426
 31
0.0
 71
     5
 42
3600.0
 73
     0
 74
     0
 75
     0
  3
DIMN150
100
AcDbAlignedDimension
 13
-416214.2591922304
 23
-581993.9281943424
 33
0.0
 14
-416214.2591922299
 24
-585593.9281943424
 34
0.0
 50
270.0
100
AcDbRotatedDimension
1001
ACAD
1000
DSTYLE
1002
{
1070
   178
1070
     7
1002
}
  0
LINE
  5
AB2
330
2
100
AcDbEntity
  8
WALL
100
AcDbLine
 10
-417636.866010105
 20
-580593.9281943424
 30
0.0
 11
-417636.8660101018
 21
-576893.6975195255
 31
0.0
  0
LINE
  5
AB3
330
2
100
AcDbEntity
  8
WALL
100
AcDbLine
 10
-417836.8660101049
 20
-580093.9281943421
 30
0.0
 11
-417836.8660101017
 21
-577093.6975195255
 31
0.0
  0
INSERT
  5
AB4
330
2
100
AcDbEntity
  8
F
  6
Continuous
100
AcDbBlockReference
  2
A$C19441411
 10
-417836.2786774779
 20
-579409.3585119698
 30
0.0
 41
-1.0
  0
LINE
  5
AB5
330
2
100
AcDbEntity
  8
WALL
100
AcDbLine
 10
-417836.8660101049
 20
-580093.9281943421
 30
0.0
 11
-419636.8660101064
 21
-580093.9281943418
 31
0.0
  0
LINE
  5
AB6
330
2
100
AcDbEntity
  8
WALL
100
AcDbLine
 10
-417836.8660101049
 20
-580193.9281943418
 30
0.0
 11
-419536.8660101064
 21
-580193.9281943416
 31
0.0
  0
LINE
  5
AB7
330
2
100
AcDbEntity
  8
DOTE1
100
AcDbLine
 10
-419536.8660101058
 20
-580193.9281943429
 30
0.0
 11
-417736.8660101064
 21
-580193.9281943425
 31
0.0
  0
INSERT
  5
AB8
330
2
100
AcDbEntity
  8
F
  6
Continuous
100
AcDbBlockReference
  2
A$C3FB71EF3
 10
-417836.8658927067
 20
-580093.9281928023
 30
0.0
 41
-1.0
  0
LINE
  5
AB9
330
2
100
AcDbEntity
  8
LVTRY
  6
Continuous
100
AcDbLine
 10
-419536.8660101038
 20
-580793.9281943419
 30
0.0
 11
-418736.8660101049
 21
-580793.9281943419
 31
0.0
  0
INSERT
  5
ABA
330
2
100
AcDbEntity
  8
LVTRY
  6
Continuous
100
AcDbBlockReference
  2
A$C14555FE0
 10
-418776.6691388937
 20
-580664.1092539397
 30
0.0000000000004547
 50
90.0
  0
LINE
  5
ABB
330
2
100
AcDbEntity
  8
WALL
100
AcDbLine
 10
-419636.8660101067
 20
-580793.9281943423
 30
0.0
 11
-419636.8660101064
 21
-580093.9281943418
 31
0.0
  0
LINE
  5
ABC
330
2
100
AcDbEntity
  8
WALL
100
AcDbLine
 10
-419636.8660101067
 20
-580793.9281943423
 30
0.0
 11
-419686.8660101102
 21
-580793.9281943423
 31
0.0
  0
LINE
  5
ABD
330
2
100
AcDbEntity
  8
WALL
100
AcDbLine
 10
-419636.8660101064
 20
-580893.9281943421
 30
0.0
 11
-419686.8660101102
 21
-580893.9281943421
 31
0.0
  0
LINE
  5
ABE
330
2
100
AcDbEntity
  8
WALL
100
AcDbLine
 10
-419686.8660101102
 20
-580793.9281943423
 30
0.0
 11
-419686.8660101102
 21
-580893.9281943421
 31
0.0
  0
LINE
  5
ABF
330
2
100
AcDbEntity
  8
WALL
100
AcDbLine
 10
-417836.8660101051
 20
-580593.9281943421
 30
0.0
 11
-417836.8660101049
 21
-580193.9281943425
 31
0.0
  0
LINE
  5
AC0
330
2
100
AcDbEntity
  8
WALL
100
AcDbLine
 10
-417836.8660101051
 20
-580593.9281943421
 30
0.0
 11
-417636.866010105
 21
-580593.9281943424
 31
0.0
  0
LINE
  5
AC1
330
2
100
AcDbEntity
  8
WALL
100
AcDbLine
 10
-417836.8660101017
 20
-577093.6975195255
 30
0.0
 11
-418336.8660101042
 21
-577093.6975195251
 31
0.0
  0
LINE
  5
AC2
330
2
100
AcDbEntity
  8
WALL
100
AcDbLine
 10
-417636.8660101018
 20
-576893.6975195255
 30
0.0
 11
-418336.8660101042
 21
-576893.6975195252
 31
0.0
  0
LINE
  5
AC3
330
2
100
AcDbEntity
  8
WALL
100
AcDbLine
 10
-418336.8660101042
 20
-577093.6975195251
 30
0.0
 11
-418336.8660101042
 21
-576893.6975195252
 31
0.0
  0
DIMENSION
  5
AC4
330
2
100
AcDbEntity
  8
AXIS
100
AcDbDimension
280
     0
  2
*D81
 10
-415014.2591922304
 20
-580193.9281943418
 30
0.0
 11
-415464.2591922304
 21
-578543.8128569341
 31
0.0
 71
     5
 42
3300.230674816063
 73
     0
 74
     0
 75
     0
  3
DIMN150
100
AcDbAlignedDimension
 13
-416214.2591922304
 23
-576893.6975195259
 33
0.0
 14
-416214.2591922303
 24
-580193.9281943418
 34
0.0
 50
270.0
100
AcDbRotatedDimension
1001
ACAD
1000
DSTYLE
1002
{
1070
   178
1070
     7
1002
}
  0
DIMENSION
  5
AD1
330
2
100
AcDbEntity
  8
AXIS
100
AcDbDimension
280
     0
  2
*D82
 10
-415014.2591922304
 20
-576493.6975195259
 30
0.0
 11
-415464.2591922304
 21
-576693.697519526
 31
0.0
 71
     5
 42
400.0
 73
     0
 74
     0
 75
     0
  3
DIMN150
100
AcDbAlignedDimension
 13
-416214.2591922304
 23
-576893.6975195259
 33
0.0
 14
-416214.2591922304
 24
-576493.6975195259
 34
0.0
 50
270.0
100
AcDbRotatedDimension
1001
ACAD
1000
DSTYLE
1002
{
1070
   178
1070
     7
1002
}
  0
TEXT
  5
AE0
330
2
100
AcDbEntity
  8
TXT1
100
AcDbText
 10
-425749.5803066706
 20
-597412.2416186713
 30
86103.75451171215
 40
500.0
  1
39#楼一梯六户标准层平面图
 41
0.8
  7
ZBTQHTHZ
100
AcDbText
  0
INSERT
  5
AE2
330
2
100
AcDbEntity
  8
WC
100
AcDbBlockReference
 66
     1
  2
A$C3E9936EE
 10
-440227.6227028351
 20
-572034.6293253637
 30
-79516.29405463843
 41
-1.0
 50
180.0
  0
ATTRIB
  5
AE3
330
AE2
100
AcDbEntity
  8
WC
100
AcDbText
 10
-439962.9784950255
 20
-572035.1411843179
 30
-39758.14702732053
 40
0.5000000000097442
  1
0
 50
180.5307149634021
 41
0.7999999999711133
  7
DIM_FONT
 71
     4
100
AcDbAttribute
280
     0
  2
YSIZE
 70
     9
280
     0
  0
ATTRIB
  5
AE4
330
AE2
100
AcDbEntity
  8
WC
100
AcDbText
 10
-439962.2166229484
 20
-572035.1341271056
 30
-39758.14702732053
 40
0.5000000000097442
  1
500
 50
180.5307149634021
 41
0.7999999999711133
  7
DIM_FONT
 71
     4
100
AcDbAttribute
280
     0
  2
XSIZE
 70
     9
280
     0
  0
ATTRIB
  5
AE5
330
AE2
100
AcDbEntity
  8
WC
100
AcDbText
 10
-439962.9784950255
 20
-572035.1411843179
 30
-39758.14702732053
 40
0.5000000000097442
  1
0
 50
180.5307149633924
 41
0.7999999999856648
  7
DIM_FONT
 71
     4
100
AcDbAttribute
280
     0
  2
YSIZE
 70
     9
280
     0
  0
ATTRIB
  5
AE6
330
AE2
100
AcDbEntity
  8
WC
100
AcDbText
 10
-439962.2166229484
 20
-572035.1341271056
 30
-39758.14702732053
 40
0.5000000000097442
  1
500
 50
180.5307149633924
 41
0.7999999999856648
  7
DIM_FONT
 71
     4
100
AcDbAttribute
280
     0
  2
XSIZE
 70
     9
280
     0
  0
SEQEND
  5
AE7
330
AE2
100
AcDbEntity
  8
WALL
  0
INSERT
  5
AE8
330
2
100
AcDbEntity
  8
WC
100
AcDbBlockReference
 66
     1
  2
A$C3E9936EE
 10
-428846.1095848229
 20
-572034.6293253637
 30
-79516.29405463843
 50
180.0
  0
ATTRIB
  5
AE9
330
AE8
100
AcDbEntity
  8
WC
100
AcDbText
 10
-429110.4871374058
 20
-572035.1436543423
 30
-39758.14702732053
 40
0.5000000000097442
  1
0
 50
179.4692850365978
 41
0.7999999999711133
  7
DIM_FONT
 71
     4
100
AcDbAttribute
280
     0
  2
YSIZE
 70
     9
280
     0
  0
ATTRIB
  5
AEA
330
AE8
100
AcDbEntity
  8
WC
100
AcDbText
 10
-429110.4871374058
 20
-572035.1436543423
 30
-39758.14702732053
 40
0.5000000000097442
  1
500
 50
179.4692850365978
 41
0.7999999999711133
  7
DIM_FONT
 71
     4
100
AcDbAttribute
280
     0
  2
XSIZE
 70
     9
280
     0
  0
ATTRIB
  5
AEB
330
AE8
100
AcDbEntity
  8
WC
100
AcDbText
 10
-429110.4871374058
 20
-572035.1436543423
 30
-39758.14702732053
 40
0.5000000000097442
  1
0
 50
179.4692850366075
 41
0.7999999999856648
  7
DIM_FONT
 71
     4
100
AcDbAttribute
280
     0
  2
YSIZE
 70
     9
280
     0
  0
ATTRIB
  5
AEC
330
AE8
100
AcDbEntity
  8
WC
100
AcDbText
 10
-429110.4871374058
 20
-572035.1436543423
 30
-39758.14702732053
 40
0.5000000000097442
  1
500
 50
179.4692850366075
 41
0.7999999999856648
  7
DIM_FONT
 71
     4
100
AcDbAttribute
280
     0
  2
XSIZE
 70
     9
280
     0
  0
SEQEND
  5
AED
330
AE8
100
AcDbEntity
  8
WALL
  0
DIMENSION
  5
AEE
330
2
100
AcDbEntity
  8
AXIS
100
AcDbDimension
280
     0
  2
*D83
 10
-425036.8660101059
 20
-564406.1316797448
 30
0.0
 11
-426336.8660101059
 21
-563956.1316797448
 31
0.0
 71
     5
 42
2600.0
 73
     0
 74
     0
 75
     0
  3
DIMN150
100
AcDbAlignedDimension
 13
-427636.8660101059
 23
-565801.2830999478
 33
0.0
 14
-425036.8660101059
 24
-565801.2830999478
 34
0.0
100
AcDbRotatedDimension
1001
ACAD
1000
DSTYLE
1002
{
1070
   178
1070
     7
1002
}
  0
DIMENSION
  5
AFB
330
2
100
AcDbEntity
  8
AXIS
100
AcDbDimension
280
     0
  2
*D84
 10
-438136.8663131165
 20
-564406.1316797448
 30
0.0
 11
-436336.8662284726
 21
-563956.1316797448
 31
0.0
 71
     5
 42
3600.00016928767
 73
     0
 74
     0
 75
     0
  3
DIMN150
100
AcDbAlignedDimension
 13
-434536.8661438288
 23
-565801.2830999478
 33
0.0
 14
-438136.8663131165
 24
-565801.2830999478
 34
0.0
100
AcDbRotatedDimension
1001
ACAD
1000
DSTYLE
1002
{
1070
   178
1070
     7
1002
}
  0
DIMENSION
  5
B08
330
2
100
AcDbEntity
  8
AXIS
100
AcDbDimension
280
     0
  2
*D85
 10
-430936.8659745415
 20
-564406.1316797448
 30
0.0
 11
-432736.8660591853
 21
-563956.1316797448
 31
0.0
 71
     5
 42
3600.000169287319
 73
     0
 74
     0
 75
     0
  3
DIMN150
100
AcDbAlignedDimension
 13
-434536.8661438288
 23
-565801.2830999478
 33
0.0
 14
-430936.8659745415
 24
-565801.2830999478
 34
0.0
100
AcDbRotatedDimension
1001
ACAD
1000
DSTYLE
1002
{
1070
   178
1070
     7
1002
}
  0
DIMENSION
  5
B15
330
2
100
AcDbEntity
  8
AXIS
100
AcDbDimension
280
     0
  2
*D86
 10
-427636.8658052507
 20
-564406.1316797448
 30
0.0
 11
-429286.8658898959
 21
-563956.1316797448
 31
0.0
 71
     5
 42
3300.000169290928
 73
     0
 74
     0
 75
     0
  3
DIMN150
100
AcDbAlignedDimension
 13
-430936.8659745415
 23
-565801.2830999478
 33
0.0
 14
-427636.8658052507
 24
-565801.2830999478
 34
0.0
100
AcDbRotatedDimension
1001
ACAD
1000
DSTYLE
1002
{
1070
   178
1070
     7
1002
}
  0
DIMENSION
  5
B22
330
2
100
AcDbEntity
  8
AXIS
100
AcDbDimension
280
     0
  2
*D87
 10
-441436.8664824073
 20
-564406.1316797448
 30
0.0
 11
-439786.8663977618
 21
-563956.1316797448
 31
0.0
 71
     5
 42
3300.000169290812
 73
     0
 74
     0
 75
     0
  3
DIMN150
100
AcDbAlignedDimension
 13
-438136.8663131165
 23
-565801.2830999478
 33
0.0
 14
-441436.8664824073
 24
-565801.2830999478
 34
0.0
100
AcDbRotatedDimension
1001
ACAD
1000
DSTYLE
1002
{
1070
   178
1070
     7
1002
}
  0
LINE
  5
B2F
330
2
100
AcDbEntity
  8
WALL
100
AcDbLine
 10
-434436.8661438291
 20
-566693.6975195259
 30
0.0
 11
-434636.8661438289
 21
-566693.6975195259
 31
0.0
  0
LINE
  5
B30
330
2
100
AcDbEntity
  8
WALL
100
AcDbLine
 10
-434636.8661438293
 20
-566693.6975195259
 30
0.0
 11
-434436.8661438291
 21
-566693.6975195259
 31
0.0
  0
LINE
  5
B31
330
2
100
AcDbEntity
  8
DOTE1
100
AcDbLine
 10
-441436.8664824073
 20
-571893.6975195259
 30
0.0
 11
-427636.8660101059
 21
-571893.6975195259
 31
0.0
  0
LINE
  5
B32
330
2
100
AcDbEntity
  8
DOTE1
100
AcDbLine
 10
-441436.8664824077
 20
-573793.6975195259
 30
0.0
 11
-427636.8660101059
 21
-573793.6975195259
 31
0.0
  0
LINE
  5
B33
330
2
100
AcDbEntity
  8
DOTE1
100
AcDbLine
 10
-441436.8664824073
 20
-568293.6977297843
 30
0.0
 11
-427636.8660101059
 21
-568293.6977297843
 31
0.0
  0
INSERT
  5
B34
330
2
100
AcDbEntity
  8
F
  6
Continuous
100
AcDbBlockReference
  2
A$C5DBE159F
 10
434636.8660009971
 20
-572173.9096595022
 30
0.0
 43
-1.0
 50
0.0221487498951451
210
0.0
220
0.0
230
-1.0
  0
INSERT
  5
B35
330
2
100
AcDbEntity
  8
F
  6
Continuous
100
AcDbBlockReference
  2
A$C21A822AE
 10
435533.1460512878
 20
-568460.0507146318
 30
0.0
 43
-1.0
 50
270.0
210
0.0
220
0.0
230
-1.0
  0
LINE
  5
B36
330
2
100
AcDbEntity
  8
WALL
  6
Continuous
100
AcDbLine
 10
-438236.8663131167
 20
-572093.6975195259
 30
0.0
 11
-438236.8663131167
 21
-568393.6975195258
 31
0.0
  0
LINE
  5
B37
330
2
100
AcDbEntity
  8
WALL
  6
Continuous
100
AcDbLine
 10
-438036.8663131167
 20
-572693.6975195259
 30
0.0
 11
-438036.8663131167
 21
-568393.6975195258
 31
0.0
  0
LINE
  5
B38
330
2
100
AcDbEntity
  8
DOTE1
100
AcDbLine
 10
-438136.8663131165
 20
-567693.6975195257
 30
0.0
 11
-438136.8663131165
 21
-573385.8506014414
 31
0.0
  0
LINE
  5
B39
330
2
100
AcDbEntity
  8
WALL
  6
Continuous
100
AcDbLine
 10
-434636.8661438293
 20
-575293.6975195257
 30
0.0
 11
-434636.8661438293
 21
-568393.6977297843
 31
0.0
  0
LINE
  5
B3A
330
2
100
AcDbEntity
  8
WALL
  6
Continuous
100
AcDbLine
 10
-441536.8664824074
 20
-568193.6975195257
 30
0.0
 11
-441536.8664824074
 21
-571993.697519526
 31
0.0
  0
LINE
  5
B3B
330
2
100
AcDbEntity
  8
WALL
100
AcDbLine
 10
-441336.8664824075
 20
-571793.6975195259
 30
0.0
 11
-441336.8664824072
 21
-568393.6975195257
 31
0.0
  0
INSERT
  5
B3C
330
2
100
AcDbEntity
  8
F
  6
Continuous
100
AcDbBlockReference
  2
A$C19441411
 10
-441337.467703764
 20
-568393.5675079668
 30
0.0
 41
-1.0
 50
180.0
  0
INSERT
  5
B3D
330
2
100
AcDbEntity
  8
F
100
AcDbBlockReference
  2
A$C30CA008E
 10
-438780.6108525374
 20
-568805.8550218396
 30
0.0
 41
-1.0
 50
180.0
  0
LINE
  5
B3E
330
2
100
AcDbEntity
  8
WALL
  6
Continuous
100
AcDbLine
 10
-438236.8663131167
 20
-572693.6975195259
 30
0.0
 11
-438036.8663131167
 21
-572693.6975195259
 31
0.0
  0
LINE
  5
B3F
330
2
100
AcDbEntity
  8
WALL
  6
Continuous
100
AcDbLine
 10
-441536.8664824041
 20
-573793.6975195259
 30
0.0
 11
-441536.8664824041
 21
-572793.6975195254
 31
0.0
  0
LINE
  5
B40
330
2
100
AcDbEntity
  8
WALL
  6
Continuous
100
AcDbLine
 10
-441336.8664824043
 20
-573693.6975195257
 30
0.0
 11
-441336.8664824043
 21
-572793.6975195254
 31
0.0
  0
LINE
  5
B41
330
2
100
AcDbEntity
  8
WALL
  6
Continuous
100
AcDbLine
 10
-441536.8664824041
 20
-573693.6975195257
 30
0.0
 11
-441536.8664824041
 21
-572793.6975195254
 31
0.0
  0
LINE
  5
B42
330
2
100
AcDbEntity
  8
see
100
AcDbLine
 10
-439336.866143829
 20
-573493.6975195259
 30
0.0
 11
-439336.8661438286
 21
-572693.6975195259
 31
0.0
  0
INSERT
  5
B43
330
2
100
AcDbEntity
  8
WINDOW
  6
Continuous
100
AcDbBlockReference
 66
     1
  2
_DBLK
 10
-439286.8661438291
 20
-573093.6975195259
 30
0.0
 41
800.0
 42
-800.0
 43
800.0
 50
90.0
1001
WTHICK
1040
100.0000000000145
  0
ATTRIB
  5
B44
330
B43
100
AcDbEntity
  8
WINDOW_TEXT
100
AcDbText
 10
-439636.866143829
 20
-573093.6975195259
 30
0.0
 40
300.0
  1

 50
270.0
 41
0.8
  7
SIMPLEX
 72
     4
 11
-439636.866143829
 21
-573093.6975195259
 31
0.0
100
AcDbAttribute
280
     0
  2
A
 70
     9
280
     0
  0
SEQEND
  5
B45
330
B43
100
AcDbEntity
  8
WINDOW
  6
Continuous
  0
TEXT
  5
B46
330
2
100
AcDbEntity
  8
PUB_TEXT
 62
     3
100
AcDbText
 10
-440627.6816129174
 20
-573032.9612203814
 30
0.0
 40
450.0
  1
卫生间
 41
0.8
  7
HZTXT1
100
AcDbText
  0
TEXT
  5
B47
330
2
100
AcDbEntity
  8
PUB_TEXT
 62
     3
100
AcDbText
 10
-439966.3282962662
 20
-575087.5446880965
 30
0.0
 40
450.0
  1
卧室
 41
0.8
  7
HZTXT1
100
AcDbText
  0
LINE
  5
B48
330
2
100
AcDbEntity
  8
F
100
AcDbLine
 10
-439886.8632898984
 20
-574093.6975195281
 30
0.0
 11
-441336.8664821969
 21
-574093.6975195278
 31
0.0
  0
LINE
  5
B49
330
2
100
AcDbEntity
  8
WALL
  6
Continuous
100
AcDbLine
 10
-441536.8664824041
 20
-573793.6975195259
 30
0.0
 11
-438986.8661438291
 21
-573793.6975195259
 31
0.0
  0
LINE
  5
B4A
330
2
100
AcDbEntity
  8
WALL
  6
Continuous
100
AcDbLine
 10
-441336.8664824043
 20
-573693.6975195257
 30
0.0
 11
-439336.866143829
 21
-573693.6975195259
 31
0.0
  0
LINE
  5
B4B
330
2
100
AcDbEntity
  8
WINDOW
  6
DASH
100
AcDbLine
 10
-441336.866482405
 20
-575293.6975195257
 30
0.0
 11
-441336.8664820931
 21
-573793.6975195259
 31
0.0
  0
LINE
  5
B4C
330
2
100
AcDbEntity
  8
WINDOW
  6
Continuous
100
AcDbLine
 10
-441386.8663131164
 20
-573793.6975195259
 30
0.0
 11
-441386.8663131164
 21
-575293.6975195259
 31
0.0
  0
LINE
  5
B4D
330
2
100
AcDbEntity
  8
WINDOW
  6
Continuous
100
AcDbLine
 10
-441436.8663131167
 20
-573743.6975195259
 30
0.0
 11
-441436.8663131167
 21
-575293.6975195259
 31
0.0
  0
LINE
  5
B4E
330
2
100
AcDbEntity
  8
WINDOW
  6
Continuous
100
AcDbLine
 10
-441536.8663131165
 20
-573643.6975195259
 30
0.0
 11
-441536.8663131165
 21
-575293.6975195259
 31
0.0
  0
LINE
  5
B4F
330
2
100
AcDbEntity
  8
WALL
  6
Continuous
100
AcDbLine
 10
-441536.8664824074
 20
-575493.6975195259
 30
0.0
 11
-441536.8664824074
 21
-575493.6975195259
 31
0.0
  0
LINE
  5
B50
330
2
100
AcDbEntity
  8
WALL
  6
Continuous
100
AcDbLine
 10
-441536.8664824074
 20
-575493.6975195259
 30
0.0
 11
-441536.8664824074
 21
-575493.6975195259
 31
0.0
  0
LINE
  5
B51
330
2
100
AcDbEntity
  8
WALL
  6
Continuous
100
AcDbLine
 10
-441536.8664824074
 20
-575293.6975195259
 30
0.0
 11
-441536.8664824074
 21
-575293.6975195259
 31
0.0
  0
LINE
  5
B52
330
2
100
AcDbEntity
  8
WALL
  6
Continuous
100
AcDbLine
 10
-441536.8664824074
 20
-575293.6975195259
 30
0.0
 11
-441536.8664824074
 21
-575293.6975195259
 31
0.0
  0
LINE
  5
B53
330
2
100
AcDbEntity
  8
WALL
100
AcDbLine
 10
-441536.8664824074
 20
-575293.6975195259
 30
0.0
 11
-441536.8664824074
 21
-575493.6975195259
 31
0.0
  0
LINE
  5
B54
330
2
100
AcDbEntity
  8
WALL
100
AcDbLine
 10
-441536.8664824074
 20
-575293.6975195259
 30
0.0
 11
-441536.8664824074
 21
-575493.6975195259
 31
0.0
  0
LINE
  5
B55
330
2
100
AcDbEntity
  8
WALL
  6
Continuous
100
AcDbLine
 10
-441336.8664824075
 20
-575293.6975195259
 30
0.0
 11
-441536.8664824074
 21
-575293.6975195259
 31
0.0
  0
INSERT
  5
B56
330
2
100
AcDbEntity
  8
F
100
AcDbBlockReference
 66
     1
  2
M_C3
 10
-440744.956726945
 20
-574040.6018197464
 30
0.0
 50
180.0
  0
ATTRIB
  5
B57
330
B56
100
AcDbEntity
  8
0
100
AcDbText
 10
-440745.8900602786
 20
-574040.6018197464
 30
0.0
 40
0.5
  1
315
 50
180.0
 41
0.8
 71
     2
100
AcDbAttribute
280
     0
  2
YSIZE
 70
     9
280
     0
  0
ATTRIB
  5
B58
330
B56
100
AcDbEntity
  8
0
100
AcDbText
 10
-440746.0233936116
 20
-574040.6018197464
 30
0.0
 40
0.5
  1
639
 50
180.0
 41
0.8
 71
     2
100
AcDbAttribute
280
     0
  2
XSIZE
 70
     9
280
     0
  0
ATTRIB
  5
B59
330
B56
100
AcDbEntity
  8
0
100
AcDbText
 10
-440746.0233936116
 20
-574040.6018197464
 30
0.0
 40
0.5
  1
639
 50
180.0
 41
0.8
 71
     2
100
AcDbAttribute
280
     0
  2
XSIZE
 70
     9
280
     0
  0
ATTRIB
  5
B5A
330
B56
100
AcDbEntity
  8
0
100
AcDbText
 10
-440745.8900602786
 20
-574040.6018197464
 30
0.0
 40
0.5
  1
315
 50
180.0
 41
0.8
 71
     2
100
AcDbAttribute
280
     0
  2
YSIZE
 70
     9
280
     0
  0
SEQEND
  5
B5B
330
B56
100
AcDbEntity
  8
PS
 62
     9
  0
LINE
  5
B5C
330
2
100
AcDbEntity
  8
WINDOW
  6
Continuous
100
AcDbLine
 10
-441386.8663131164
 20
-573793.6975195259
 30
0.0
 11
-441536.8664824041
 21
-573793.6975195259
 31
0.0
  0
LINE
  5
B5D
330
2
100
AcDbEntity
  8
WINDOW
  6
Continuous
100
AcDbLine
 10
-441436.8663131167
 20
-573743.6975195259
 30
0.0
 11
-441536.8664824041
 21
-573743.6975195259
 31
0.0
  0
LINE
  5
B5E
330
2
100
AcDbEntity
  8
WINDOW
  6
Continuous
100
AcDbLine
 10
-441536.8663131165
 20
-573643.6975195259
 30
0.0
 11
-441536.8664824041
 21
-573643.6975195259
 31
0.0
  0
LINE
  5
B5F
330
2
100
AcDbEntity
  8
WALL
  6
Continuous
100
AcDbLine
 10
-441336.8664824043
 20
-573693.6975195257
 30
0.0
 11
-440736.8664824041
 21
-573693.6975195257
 31
0.0
  0
LINE
  5
B60
330
2
100
AcDbEntity
  8
WALL
  6
Continuous
100
AcDbLine
 10
-441336.8664824043
 20
-573793.6975195257
 30
0.0
 11
-440736.8664824041
 21
-573793.6975195257
 31
0.0
  0
INSERT
  5
B61
330
2
100
AcDbEntity
  8
WC
100
AcDbBlockReference
  2
A$C6A35453C
 10
-440639.1796359049
 20
-573500.0187932921
 30
-39758.14702731787
 41
-1.0
 50
359.6273638663804
  0
LINE
  5
B62
330
2
100
AcDbEntity
  8
F
100
AcDbLine
 10
-439886.8632898984
 20
-574093.6975195281
 30
0.0
 11
-439886.8632898984
 21
-573793.6975195276
 31
0.0
  0
LINE
  5
B63
330
2
100
AcDbEntity
  8
WALL
  6
Continuous
100
AcDbLine
 10
-438986.8661438291
 20
-573793.6975195259
 30
0.0
 11
-438986.8661438291
 21
-573693.6975195259
 31
0.0
  0
LINE
  5
B64
330
2
100
AcDbEntity
  8
WALL
  6
Continuous
100
AcDbLine
 10
-439236.8661438286
 20
-573693.6975195259
 30
0.0
 11
-438986.8661438291
 21
-573693.6975195259
 31
0.0
  0
LINE
  5
B65
330
2
100
AcDbEntity
  8
WALL
  6
Continuous
100
AcDbLine
 10
-439336.866143829
 20
-573693.6975195259
 30
0.0
 11
-439336.866143829
 21
-573493.6975195259
 31
0.0
  0
LINE
  5
B66
330
2
100
AcDbEntity
  8
WALL
  6
Continuous
100
AcDbLine
 10
-439236.8661438286
 20
-573693.6975195259
 30
0.0
 11
-439236.8661438286
 21
-573493.6975195259
 31
0.0
  0
LINE
  5
B67
330
2
100
AcDbEntity
  8
WALL
  6
Continuous
100
AcDbLine
 10
-439336.866143829
 20
-573493.6975195259
 30
0.0
 11
-439236.8661438286
 21
-573493.6975195259
 31
0.0
  0
INSERT
  5
B68
330
2
100
AcDbEntity
  8
WINDOW
  6
Continuous
100
AcDbBlockReference
 66
     1
  2
_DBLK
 10
-438536.8661438291
 20
-573743.6975195259
 30
0.0
 41
900.0
 42
-900.0
 43
900.0
 50
180.0
1001
WTHICK
1040
100.0
  0
ATTRIB
  5
B69
330
B68
100
AcDbEntity
  8
WINDOW_TEXT
100
AcDbText
 10
-438536.8661438291
 20
-574093.6975195259
 30
0.0
 40
300.0
  1

 50
180.0
 41
0.8
  7
SIMPLEX
 72
     4
 11
-438536.8661438291
 21
-574093.6975195259
 31
0.0
100
AcDbAttribute
280
     0
  2
A
 70
     9
280
     0
  0
SEQEND
  5
B6A
330
B68
100
AcDbEntity
  8
WINDOW
  6
Continuous
  0
LINE
  5
B6B
330
2
100
AcDbEntity
  8
F
100
AcDbLine
 10
-439829.6579198793
 20
-571735.8204694096
 30
0.0
 11
-439897.8833790489
 21
-571390.2471705054
 31
0.0
  0
LINE
  5
B6C
330
2
100
AcDbEntity
  8
WC
100
AcDbLine
 10
-440549.5877337742
 20
-572493.6975193395
 30
0.0
 11
-439336.866482464
 21
-572493.6975193996
 31
0.0
  0
LINE
  5
B6D
330
2
100
AcDbEntity
  8
WALL
  6
Continuous
100
AcDbLine
 10
-439236.8661438286
 20
-571793.6975195259
 30
0.0
 11
-441336.8664824043
 21
-571793.6975195259
 31
0.0
  0
LINE
  5
B6E
330
2
100
AcDbEntity
  8
WALL
  6
Continuous
100
AcDbLine
 10
-439336.866143829
 20
-571893.6975195259
 30
0.0
 11
-441336.8664824043
 21
-571893.6975195259
 31
0.0
  0
LINE
  5
B6F
330
2
100
AcDbEntity
  8
F
  6
Continuous
100
AcDbLine
 10
-439336.8661438286
 20
-571293.6975195264
 30
0.0
 11
-441336.866482404
 21
-571293.6975195258
 31
0.0
  0
LINE
  5
B70
330
2
100
AcDbEntity
  8
F
  6
Continuous
100
AcDbLine
 10
-439386.8661438286
 20
-571343.6975195264
 30
0.0
 11
-441336.866482404
 21
-571343.6975195261
 31
0.0
  0
LINE
  5
B71
330
2
100
AcDbEntity
  8
F
100
AcDbLine
 10
-439386.8661438286
 20
-571568.6975195115
 30
0.0
 11
-441336.8664824045
 21
-571568.697519511
 31
0.0
  0
LINE
  5
B72
330
2
100
AcDbEntity
  8
F
100
AcDbLine
 10
-439948.265274156
 20
-571390.2471705051
 30
0.0
 11
-439976.8654392182
 21
-571725.9554174209
 31
0.0
  0
LINE
  5
B73
330
2
100
AcDbEntity
  8
F
100
AcDbLine
 10
-440226.6823075462
 20
-571390.2471705054
 30
0.0
 11
-440231.7128604378
 21
-571725.9554174209
 31
0.0
  0
LINE
  5
B74
330
2
100
AcDbEntity
  8
F
100
AcDbLine
 10
-440101.0755811299
 20
-571735.8204694096
 30
0.0
 11
-440169.3010402997
 21
-571390.2471705054
 31
0.0
  0
LINE
  5
B75
330
2
100
AcDbEntity
  8
F
100
AcDbLine
 10
-440285.0525722993
 20
-571390.2471705051
 30
0.0
 11
-440345.6964689735
 21
-571725.9554174209
 31
0.0
  0
LINE
  5
B76
330
2
100
AcDbEntity
  8
WALL
  6
Continuous
100
AcDbLine
 10
-441336.8664824043
 20
-571893.6975195259
 30
0.0
 11
-441336.8664824043
 21
-571893.6975195259
 31
0.0
  0
LINE
  5
B77
330
2
100
AcDbEntity
  8
WALL
  6
Continuous
100
AcDbLine
 10
-441336.8664824043
 20
-571993.697519526
 30
0.0
 11
-441536.8664824041
 21
-571993.697519526
 31
0.0
  0
LINE
  5
B78
330
2
100
AcDbEntity
  8
WALL
  6
Continuous
100
AcDbLine
 10
-441336.8664824043
 20
-571993.697519526
 30
0.0
 11
-441336.8664824043
 21
-571893.6975195259
 31
0.0
  0
LINE
  5
B79
330
2
100
AcDbEntity
  8
WALL
  6
Continuous
100
AcDbLine
 10
-441336.8664824043
 20
-572793.6975195254
 30
0.0
 11
-441536.8664824041
 21
-572793.6975195254
 31
0.0
  0
LINE
  5
B7A
330
2
100
AcDbEntity
  8
WINDOW
100
AcDbLine
 10
-441536.8664824041
 20
-571993.697519526
 30
0.0
 11
-441536.8664824041
 21
-572793.6975195254
 31
0.0
  0
LINE
  5
B7B
330
2
100
AcDbEntity
  8
WINDOW
100
AcDbLine
 10
-441470.1998157378
 20
-572793.6975195254
 30
0.0
 11
-441470.1998157378
 21
-571993.697519526
 31
0.0
  0
LINE
  5
B7C
330
2
100
AcDbEntity
  8
WINDOW
100
AcDbLine
 10
-441403.533149071
 20
-572793.6975195254
 30
0.0
 11
-441403.533149071
 21
-571993.697519526
 31
0.0
  0
LINE
  5
B7D
330
2
100
AcDbEntity
  8
WINDOW
100
AcDbLine
 10
-441336.8664824043
 20
-571993.697519526
 30
0.0
 11
-441336.8664824043
 21
-572793.6975195254
 31
0.0
  0
LINE
  5
B7E
330
2
100
AcDbEntity
  8
F
100
AcDbLine
 10
-440972.3189988695
 20
-571725.9554174209
 30
0.0
 11
-441038.8430092728
 21
-571390.2471705051
 31
0.0
  0
LINE
  5
B7F
330
2
100
AcDbEntity
  8
F
100
AcDbLine
 10
-440461.5920964831
 20
-571725.9554174209
 30
0.0
 11
-440524.4795038888
 21
-571390.2471705051
 31
0.0
  0
LINE
  5
B80
330
2
100
AcDbEntity
  8
F
100
AcDbLine
 10
-440573.6018147989
 20
-571725.9554174209
 30
0.0
 11
-440640.125825202
 21
-571390.2471705054
 31
0.0
  0
LINE
  5
B81
330
2
100
AcDbEntity
  8
F
100
AcDbLine
 10
-440860.3092805536
 20
-571725.9554174209
 30
0.0
 11
-440923.1966879596
 21
-571390.2471705051
 31
0.0
  0
LINE
  5
B82
330
2
100
AcDbEntity
  8
F
100
AcDbLine
 10
-440697.5070924485
 20
-571390.2471705054
 30
0.0
 11
-440702.5376453403
 21
-571725.9554174209
 31
0.0
  0
LINE
  5
B83
330
2
100
AcDbEntity
  8
F
100
AcDbLine
 10
-440755.8773572016
 20
-571390.2471705051
 30
0.0
 11
-440816.5212538759
 21
-571725.9554174209
 31
0.0
  0
LINE
  5
B84
330
2
100
AcDbEntity
  8
F
100
AcDbLine
 10
-441087.2940293232
 20
-571390.2471705051
 30
0.0
 11
-441248.6609802733
 21
-571725.9554174209
 31
0.0
  0
INSERT
  5
B85
330
2
100
AcDbEntity
  8
WC
100
AcDbBlockReference
  2
A$C0C2A2C94
 10
-440526.8661119513
 20
-571893.6967579529
 30
-39758.14702732055
 50
180.0
  0
LINE
  5
B86
330
2
100
AcDbEntity
  8
WALL
100
AcDbLine
 10
-438286.8663131165
 20
-572193.697519526
 30
0.0
 11
-438236.8663131169
 21
-572193.697519526
 31
0.0
  0
LINE
  5
B87
330
2
100
AcDbEntity
  8
WALL
  6
Continuous
100
AcDbLine
 10
-438286.8663131165
 20
-572093.6975195259
 30
0.0
 11
-438236.8663131167
 21
-572093.6975195259
 31
0.0
  0
LINE
  5
B88
330
2
100
AcDbEntity
  8
WALL
  6
Continuous
100
AcDbLine
 10
-438286.8663131165
 20
-572093.6975195259
 30
0.0
 11
-438286.8663131165
 21
-572193.697519526
 31
0.0
  0
LINE
  5
B89
330
2
100
AcDbEntity
  8
WALL
  6
Continuous
100
AcDbLine
 10
-438236.8663131167
 20
-572693.6975195259
 30
0.0
 11
-438236.8663131167
 21
-572193.697519526
 31
0.0
  0
LINE
  5
B8A
330
2
100
AcDbEntity
  8
WALL
  6
Continuous
100
AcDbLine
 10
-439186.866143829
 20
-572093.6975195261
 30
0.0
 11
-439186.866143829
 21
-572193.697519526
 31
0.0
  0
LINE
  5
B8B
330
2
100
AcDbEntity
  8
WALL
  6
Continuous
100
AcDbLine
 10
-439236.8661438291
 20
-572093.697519526
 30
0.0
 11
-439236.8661438286
 21
-572093.6975195259
 31
0.0
  0
LINE
  5
B8C
330
2
100
AcDbEntity
  8
WALL
  6
Continuous
100
AcDbLine
 10
-439236.8661438291
 20
-572193.697519526
 30
0.0
 11
-439186.866143829
 21
-572193.697519526
 31
0.0
  0
LINE
  5
B8D
330
2
100
AcDbEntity
  8
WALL
  6
Continuous
100
AcDbLine
 10
-439236.8661438291
 20
-572093.697519526
 30
0.0
 11
-439186.866143829
 21
-572093.697519526
 31
0.0
  0
LINE
  5
B8E
330
2
100
AcDbEntity
  8
WALL
  6
Continuous
100
AcDbLine
 10
-439336.8661438286
 20
-572693.6975195259
 30
0.0
 11
-439236.8661438286
 21
-572693.6975195259
 31
0.0
  0
LINE
  5
B8F
330
2
100
AcDbEntity
  8
WALL
  6
Continuous
100
AcDbLine
 10
-439336.8661438286
 20
-572693.6975195259
 30
0.0
 11
-439336.866143829
 21
-571893.6975195259
 31
0.0
  0
LINE
  5
B90
330
2
100
AcDbEntity
  8
WALL
  6
Continuous
100
AcDbLine
 10
-439236.8661438257
 20
-571793.6975195259
 30
0.0
 11
-439236.8661438257
 21
-572093.697519526
 31
0.0
  0
LINE
  5
B91
330
2
100
AcDbEntity
  8
WALL
  6
Continuous
100
AcDbLine
 10
-439236.8661438257
 20
-572193.697519526
 30
0.0
 11
-439236.8661438257
 21
-572693.6975195259
 31
0.0
  0
LINE
  5
B92
330
2
100
AcDbEntity
  8
F
100
AcDbLine
 10
-439720.1558108362
 20
-571735.8204694096
 30
0.0
 11
-439788.3812700061
 21
-571390.2471705054
 31
0.0
  0
LINE
  5
B93
330
2
100
AcDbEntity
  8
F
  6
Continuous
100
AcDbLine
 10
-439336.8661438286
 20
-571293.6975195264
 30
0.0
 11
-439336.866143829
 21
-571793.6975195264
 31
0.0
  0
LINE
  5
B94
330
2
100
AcDbEntity
  8
F
  6
Continuous
100
AcDbLine
 10
-439386.8661438286
 20
-571343.6975195264
 30
0.0
 11
-439386.8661438291
 21
-571793.6975195264
 31
0.0
  0
LINE
  5
B95
330
2
100
AcDbEntity
  8
F
100
AcDbLine
 10
-439596.7719946304
 20
-571735.8204694096
 30
0.0
 11
-439664.9974538003
 21
-571390.2471705054
 31
0.0
  0
LINE
  5
B96
330
2
100
AcDbEntity
  8
F
100
AcDbLine
 10
-439487.269885588
 20
-571735.8204694096
 30
0.0
 11
-439555.4953447574
 21
-571390.2471705054
 31
0.0
  0
INSERT
  5
B97
330
2
100
AcDbEntity
  8
WINDOW
  6
Continuous
100
AcDbBlockReference
 66
     1
  2
_DBLK
 10
-438736.8663131165
 20
-572143.697519526
 30
0.0
 41
900.0
 42
900.0
 43
900.0
 50
180.0
1001
WTHICK
1040
100.0
  0
ATTRIB
  5
B98
330
B97
100
AcDbEntity
  8
WINDOW_TEXT
100
AcDbText
 10
-438736.8663131165
 20
-572493.6975195261
 30
0.0
 40
300.0
  1

 50
180.0
 41
0.8
  7
SIMPLEX
 72
     4
 11
-438736.8663131165
 21
-572493.6975195261
 31
0.0
100
AcDbAttribute
280
     0
  2
A
 70
     9
280
     0
  0
SEQEND
  5
B99
330
B97
100
AcDbEntity
  8
WINDOW
  6
Continuous
  0
ELLIPSE
  5
B9A
330
2
100
AcDbEntity
  8
TEXT
100
AcDbEllipse
 10
-437044.3277504628
 20
-572986.0574214368
 30
0.0
 11
496.5249004033391
 21
0.0000000000325643
 31
0.0
210
0.0
220
0.0
230
-1.0
 40
0.727272845916966
 41
0.0
 42
6.283185307179584
  0
TEXT
  5
B9B
330
2
100
AcDbEntity
  8
TEXT
100
AcDbText
 10
-437250.3361624075
 20
-573130.0574049476
 30
0.0
 40
350.0
  1
A1
 41
0.65
  7
宋
100
AcDbText
  0
LINE
  5
B9C
330
2
100
AcDbEntity
  8
WALL
  6
Continuous
100
AcDbLine
 10
-436136.866143829
 20
-575293.6975195257
 30
0.0
 11
-436336.8661438286
 21
-575293.6975195257
 31
0.0
  0
LINE
  5
B9D
330
2
100
AcDbEntity
  8
WALL
  6
Continuous
100
AcDbLine
 10
-438086.8661438291
 20
-573893.6975195259
 30
0.0
 11
-438086.8661438291
 21
-573693.6975195259
 31
0.0
  0
LINE
  5
B9E
330
2
100
AcDbEntity
  8
WALL
  6
Continuous
100
AcDbLine
 10
-437836.8661438286
 20
-575293.6975195257
 30
0.0
 11
-437836.8661438289
 21
-573693.6975195259
 31
0.0
  0
LINE
  5
B9F
330
2
100
AcDbEntity
  8
WALL
  6
Continuous
100
AcDbLine
 10
-438086.8661438291
 20
-573893.6975195259
 30
0.0
 11
-438036.8661438291
 21
-573893.6975195259
 31
0.0
  0
LINE
  5
BA0
330
2
100
AcDbEntity
  8
WALL
  6
Continuous
100
AcDbLine
 10
-438036.8661438291
 20
-574793.6975195257
 30
0.0
 11
-438036.8661438291
 21
-573893.6975195259
 31
0.0
  0
LINE
  5
BA1
330
2
100
AcDbEntity
  8
WALL
  6
Continuous
100
AcDbLine
 10
-436336.8661438286
 20
-575293.6975195257
 30
0.0
 11
-436736.8661438287
 21
-575293.6975195257
 31
0.0
  0
LINE
  5
BA2
330
2
100
AcDbEntity
  8
WALL
  6
Continuous
100
AcDbLine
 10
-437736.8661438286
 20
-575493.6975195255
 30
0.0
 11
-437836.8661435173
 21
-575493.6975195255
 31
0.0
  0
LINE
  5
BA3
330
2
100
AcDbEntity
  8
WALL
  6
Continuous
100
AcDbLine
 10
-437736.8661438286
 20
-575293.6975195257
 30
0.0
 11
-437836.8661438286
 21
-575293.6975195257
 31
0.0
  0
LINE
  5
BA4
330
2
100
AcDbEntity
  8
WALL
  6
Continuous
100
AcDbLine
 10
-437736.8661438286
 20
-575293.6975195257
 30
0.0
 11
-437736.8661438286
 21
-575493.6975195255
 31
0.0
  0
LINE
  5
BA5
330
2
100
AcDbEntity
  8
WALL
  6
Continuous
100
AcDbLine
 10
-436736.8661438287
 20
-575293.6975195257
 30
0.0
 11
-436736.8661438288
 21
-575493.6975195262
 31
0.0
  0
LINE
  5
BA6
330
2
100
AcDbEntity
  8
see
100
AcDbLine
 10
-437736.8661438286
 20
-575493.6975195255
 30
0.0
 11
-436736.8661438288
 21
-575493.6975195255
 31
0.0
  0
LINE
  5
BA7
330
2
100
AcDbEntity
  8
WALL
  6
Continuous
100
AcDbLine
 10
-436436.8661438287
 20
-575493.6975195259
 30
0.0
 11
-436736.8661438288
 21
-575493.6975195262
 31
0.0
  0
INSERT
  5
BA8
330
2
100
AcDbEntity
  8
WINDOW
  6
Continuous
100
AcDbBlockReference
 66
     1
  2
_DBLK
 10
-437236.8661438289
 20
-575393.6975195257
 30
0.0
 41
-1000.0
 42
1000.0
 43
1000.0
 50
180.0
1001
WTHICK
1040
200.0
  0
ATTRIB
  5
BA9
330
BA8
100
AcDbEntity
  8
WINDOW_TEXT
100
AcDbText
 10
-437236.8661438289
 20
-575793.6975195256
 30
0.0
 40
300.0
  1

 50
180.0
 41
0.8
  7
SIMPLEX
 72
     4
 11
-437236.8661438289
 21
-575793.6975195256
 31
0.0
100
AcDbAttribute
280
     0
  2
A
 70
     9
280
     0
  0
SEQEND
  5
BAA
330
BA8
100
AcDbEntity
  8
WINDOW
  6
Continuous
  0
LINE
  5
BAB
330
2
100
AcDbEntity
  8
WALL
  6
Continuous
100
AcDbLine
 10
-438086.8661438291
 20
-573693.6975195259
 30
0.0
 11
-437836.8661438289
 21
-573693.6975195259
 31
0.0
  0
LINE
  5
BAC
330
2
100
AcDbEntity
  8
WALL
  6
Continuous
100
AcDbLine
 10
-436136.866143829
 20
-575493.6975195255
 30
0.0
 11
-436236.8661438288
 21
-575493.6975195256
 31
0.0
  0
TEXT
  5
BAD
330
2
100
AcDbEntity
  8
PUB_TEXT
 62
     3
100
AcDbText
 10
-435616.418782864
 20
-574213.8541282301
 30
0.0
 40
450.0
  1
餐厅
 41
0.8
  7
HZTXT1
100
AcDbText
  0
INSERT
  5
BAE
330
2
100
AcDbEntity
  8
F
  6
Continuous
100
AcDbBlockReference
 66
     1
  2
M_C25MYD
 10
435382.9380111014
 20
-573927.7580283483
 30
0.0
 41
-1.0
 43
-1.0
 50
180.0
210
0.0
220
0.0
230
-1.0
  0
ATTRIB
  5
BAF
330
BAE
100
AcDbEntity
  8
0
100
AcDbText
 10
-435383.0713444348
 20
-573928.2580283483
 30
0.0
 40
0.5
  1
1500
 50
180.0
 41
0.7999999999883585
 51
-180.0
 71
     4
100
AcDbAttribute
280
     0
  2
XSIZE
 70
     9
280
     0
  0
ATTRIB
  5
BB0
330
BAE
100
AcDbEntity
  8
0
100
AcDbText
 10
-435382.985630149
 20
-573928.2580283482
 30
0.0
 40
0.5
  1
1809
 50
180.0
 41
0.7999999999883585
 51
-180.0
 71
     4
100
AcDbAttribute
280
     0
  2
YSIZE
 70
     9
280
     0
  0
SEQEND
  5
BB1
330
BAE
100
AcDbEntity
  8
AREA
  0
LINE
  5
BB2
330
2
100
AcDbEntity
  8
WALL
  6
Continuous
100
AcDbLine
 10
-436136.866143829
 20
-575493.6975195255
 30
0.0
 11
-436136.866143829
 21
-575293.6975195257
 31
0.0
  0
LINE
  5
BB3
330
2
100
AcDbEntity
  8
WALL
  6
Continuous
100
AcDbLine
 10
-434636.8661438462
 20
-575493.6975195255
 30
0.0
 11
-435336.8661438461
 21
-575493.6975195255
 31
0.0
  0
LINE
  5
BB4
330
2
100
AcDbEntity
  8
WALL
100
AcDbLine
 10
-435336.8661438461
 20
-575293.6975195257
 30
0.0
 11
-434636.8661438286
 21
-575293.6975195257
 31
0.0
  0
LINE
  5
BB5
330
2
100
AcDbEntity
  8
WALL
  6
Continuous
100
AcDbLine
 10
-435336.8661438461
 20
-575493.6975195255
 30
0.0
 11
-435336.8661438461
 21
-575293.6975195257
 31
0.0
  0
LINE
  5
BB6
330
2
100
AcDbEntity
  8
see
100
AcDbLine
 10
-435336.8661438291
 20
-575493.6958217943
 30
0.0
 11
-436136.866143829
 21
-575493.6975195255
 31
0.0
  0
INSERT
  5
BB7
330
2
100
AcDbEntity
  8
F
  6
Continuous
100
AcDbBlockReference
  2
A$C7C9A6AE1
 10
435132.4874039788
 20
-570507.0704999751
 30
-0.0000000000183276
 43
-1.0
 50
270.0186308220534
210
0.0
220
0.0
230
-1.0
  0
LINE
  5
BB8
330
2
100
AcDbEntity
  8
栏杆
100
AcDbLine
 10
-438136.8664824043
 20
-566693.6975195259
 30
0.0
 11
-434636.8661438293
 21
-566693.6975195259
 31
0.0
  0
LINE
  5
BB9
330
2
100
AcDbEntity
  8
WALL
100
AcDbLine
 10
-438036.8663131195
 20
-567693.6975195257
 30
0.0
 11
-438436.8663131199
 21
-567693.6975195257
 31
0.0
  0
LINE
  5
BBA
330
2
100
AcDbEntity
  8
WALL
100
AcDbLine
 10
-438436.8663131199
 20
-568393.6975195258
 30
0.0
 11
-438036.8663131195
 21
-568393.6975195258
 31
0.0
  0
LINE
  5
BBB
330
2
100
AcDbEntity
  8
栏杆
100
AcDbLine
 10
-438136.8664824043
 20
-567693.6975195257
 30
0.0
 11
-438136.8664824043
 21
-566693.6975195259
 31
0.0
  0
TEXT
  5
BBC
330
2
100
AcDbEntity
  8
PUB_TEXT
 62
     3
100
AcDbText
 10
-440341.3381210969
 20
-569896.7416400737
 30
0.0
 40
450.0
  1
卧室
 41
0.8
  7
HZTXT1
100
AcDbText
  0
LINE
  5
BBD
330
2
100
AcDbEntity
  8
WINDOW
100
AcDbLine
 10
-440986.8664820929
 20
-567693.6975195257
 30
0.0
 11
-438436.8663128051
 21
-567693.6975195259
 31
0.0
  0
LINE
  5
BBE
330
2
100
AcDbEntity
  8
WINDOW
100
AcDbLine
 10
-440836.8664820929
 20
-567843.6975195254
 30
0.0
 11
-438436.8663128051
 21
-567843.6975195254
 31
0.0
  0
LINE
  5
BBF
330
2
100
AcDbEntity
  8
WINDOW
100
AcDbLine
 10
-440886.8664820928
 20
-567793.6975195255
 30
0.0
 11
-438436.8663128051
 21
-567793.6975195259
 31
0.0
  0
LINE
  5
BC0
330
2
100
AcDbEntity
  8
WINDOW
  6
DASH
100
AcDbLine
 10
-438436.8663128051
 20
-568393.6975195257
 30
0.0
 11
-440836.8664820929
 21
-568393.6975195257
 31
0.0
  0
LINE
  5
BC1
330
2
100
AcDbEntity
  8
WALL
  6
Continuous
100
AcDbLine
 10
-440936.8664820926
 20
-568193.6975195257
 30
0.0
 11
-440836.8664820929
 21
-568193.6975195257
 31
0.0
  0
LINE
  5
BC2
330
2
100
AcDbEntity
  8
WINDOW
100
AcDbLine
 10
-440986.8664820929
 20
-568193.6975195257
 30
0.0
 11
-440986.8664820929
 21
-567693.6975195257
 31
0.0
  0
LINE
  5
BC3
330
2
100
AcDbEntity
  8
WINDOW
100
AcDbLine
 10
-440836.8664820929
 20
-568193.6975195257
 30
0.0
 11
-440836.8664820929
 21
-567843.6975195254
 31
0.0
  0
LINE
  5
BC4
330
2
100
AcDbEntity
  8
WINDOW
100
AcDbLine
 10
-440886.8664820928
 20
-568193.6975195257
 30
0.0
 11
-440886.8664820928
 21
-567793.6975195255
 31
0.0
  0
LINE
  5
BC5
330
2
100
AcDbEntity
  8
WALL
  6
Continuous
100
AcDbLine
 10
-440836.8664820929
 20
-568393.6975195257
 30
0.0
 11
-440936.8664820926
 21
-568393.6975195257
 31
0.0
  0
LINE
  5
BC6
330
2
100
AcDbEntity
  8
WALL
  6
Continuous
100
AcDbLine
 10
-440836.8664820929
 20
-568193.6975195257
 30
0.0
 11
-440836.8664820929
 21
-568393.6975195257
 31
0.0
  0
LINE
  5
BC7
330
2
100
AcDbEntity
  8
WALL
  6
Continuous
100
AcDbLine
 10
-440936.8664824072
 20
-568193.6975195259
 30
0.0
 11
-441536.8664824074
 21
-568193.6975195257
 31
0.0
  0
LINE
  5
BC8
330
2
100
AcDbEntity
  8
WALL
  6
Continuous
100
AcDbLine
 10
-441336.8664824075
 20
-568393.6975195257
 30
0.0
 11
-440936.8664824072
 21
-568393.6975195258
 31
0.0
  0
LINE
  5
BC9
330
2
100
AcDbEntity
  8
WALL
100
AcDbLine
 10
-438436.8663131199
 20
-567693.6975195257
 30
0.0
 11
-438436.8663131199
 21
-568393.6975195258
 31
0.0
  0
LINE
  5
BCA
330
2
100
AcDbEntity
  8
栏杆
100
AcDbLine
 10
-438036.8663131195
 20
-567693.6975195257
 30
0.0
 11
-438036.8663131195
 21
-566793.6975195259
 31
0.0
  0
TEXT
  5
BCB
330
2
100
AcDbEntity
  8
PUB_TEXT
 62
     3
100
AcDbText
 10
-435452.1546529947
 20
-567624.4964340898
 30
0.0
 40
450.0
  1
阳台
 41
0.8
  7
HZTXT1
100
AcDbText
  0
LINE
  5
BCC
330
2
100
AcDbEntity
  8
WALL
  6
Continuous
100
AcDbLine
 10
-434636.8661438293
 20
-568193.6975195257
 30
0.0
 11
-434636.8661438293
 21
-566693.6975195259
 31
0.0
  0
LINE
  5
BCD
330
2
100
AcDbEntity
  8
WALL
  6
Continuous
100
AcDbLine
 10
-434636.8661438293
 20
-568193.6975195257
 30
0.0
 11
-434636.8661438293
 21
-566693.6975195259
 31
0.0
  0
LINE
  5
BCE
330
2
100
AcDbEntity
  8
WINDOW
100
AcDbLine
 10
-437836.8666860256
 20
-568193.6977297844
 30
0.0
 11
-434836.866516738
 21
-568193.6977297843
 31
0.0
  0
LWPOLYLINE
  5
BCF
330
2
100
AcDbEntity
  8
WINDOW
100
AcDbPolyline
 90
        4
 70
     1
 43
0.0
 10
-437136.8665167381
 20
-568293.6977511229
 10
-435836.8564649665
 20
-568293.6977511229
 10
-435836.8564649665
 20
-568343.6977511229
 10
-437136.8564649666
 20
-568343.6977578416
  0
LWPOLYLINE
  5
BD0
330
2
100
AcDbEntity
  8
WINDOW
100
AcDbPolyline
 90
        4
 70
     1
 43
0.0
 10
-437836.8666860256
 20
-568243.6977511229
 10
-437136.8665167381
 20
-568243.6977511229
 10
-437136.8665167381
 20
-568293.6977511229
 10
-437836.8666860256
 20
-568293.6977511229
  0
LINE
  5
BD1
330
2
100
AcDbEntity
  8
WALL
  6
Continuous
100
AcDbLine
 10
-437836.866686026
 20
-568193.6977297843
 30
0.0
 11
-437836.8666860256
 21
-568393.6977297843
 31
0.0
  0
LINE
  5
BD2
330
2
100
AcDbEntity
  8
WALL
  6
Continuous
100
AcDbLine
 10
-437836.8666860256
 20
-568393.6977297843
 30
0.0
 11
-438036.867058935
 21
-568393.6977297843
 31
0.0
  0
LINE
  5
BD3
330
2
100
AcDbEntity
  8
WALL
  6
Continuous
100
AcDbLine
 10
-437836.866686026
 20
-568193.6977297843
 30
0.0
 11
-438036.867058935
 21
-568193.6977297843
 31
0.0
  0
LINE
  5
BD4
330
2
100
AcDbEntity
  8
WALL
100
AcDbLine
 10
-438036.8663131195
 20
-568393.6975195258
 30
0.0
 11
-438036.8663131195
 21
-567693.6975195257
 31
0.0
  0
LINE
  5
BD5
330
2
100
AcDbEntity
  8
WALL
100
AcDbLine
 10
-434636.8661438264
 20
-569893.6975195256
 30
0.0
 11
-434636.8661438264
 21
-568393.6975195258
 31
0.0
  0
LINE
  5
BD6
330
2
100
AcDbEntity
  8
WALL
100
AcDbLine
 10
-434636.8661438264
 20
-569893.6975195256
 30
0.0
 11
-434636.8661438264
 21
-568393.6975195258
 31
0.0
  0
LWPOLYLINE
  5
BD7
330
2
100
AcDbEntity
  8
WINDOW
100
AcDbPolyline
 90
        4
 70
     1
 43
0.0
 10
-435836.8564649665
 20
-568343.6977511229
 10
-434836.8564649667
 20
-568343.6977511227
 10
-434836.8564649667
 20
-568393.697751123
 10
-435836.8564649665
 20
-568393.6977511229
  0
LINE
  5
BD8
330
2
100
AcDbEntity
  8
WALL
  6
Continuous
100
AcDbLine
 10
-434836.8665167384
 20
-568193.6977297843
 30
0.0
 11
-434836.8665167384
 21
-568393.6977297843
 31
0.0
  0
LINE
  5
BD9
330
2
100
AcDbEntity
  8
WALL
  6
Continuous
100
AcDbLine
 10
-434836.8661438121
 20
-568193.6975195257
 30
0.0
 11
-434836.8661438121
 21
-568393.6975195258
 31
0.0
  0
LINE
  5
BDA
330
2
100
AcDbEntity
  8
WALL
  6
Continuous
100
AcDbLine
 10
-434836.8661438121
 20
-568393.6975195258
 30
0.0
 11
-434636.8661438264
 21
-568393.6975195258
 31
0.0
  0
LINE
  5
BDB
330
2
100
AcDbEntity
  8
WALL
  6
Continuous
100
AcDbLine
 10
-434836.8665167384
 20
-568393.6977297843
 30
0.0
 11
-434636.8661438293
 21
-568393.6977297843
 31
0.0
  0
LINE
  5
BDC
330
2
100
AcDbEntity
  8
WALL
  6
Continuous
100
AcDbLine
 10
-434836.8665167384
 20
-568193.6977297843
 30
0.0
 11
-434636.8661438293
 21
-568193.6977297843
 31
0.0
  0
TEXT
  5
BDD
330
2
100
AcDbEntity
  8
PUB_TEXT
 62
     3
100
AcDbText
 10
-435574.4134406451
 20
-569137.3934434498
 30
0.0
 40
450.0
  1
客厅
 41
0.8
  7
HZTXT1
100
AcDbText
  0
LINE
  5
BDE
330
2
100
AcDbEntity
  8
栏杆
100
AcDbLine
 10
-438036.8663131195
 20
-566793.6975195259
 30
0.0
 11
-434636.8661438289
 21
-566793.6975195259
 31
0.0
  0
INSERT
  5
BDF
330
2
100
AcDbEntity
  8
F
  6
Continuous
100
AcDbBlockReference
  2
A$C19441411
 10
-427736.2645838944
 20
-568393.5675079668
 30
0.0
 50
180.0
  0
LINE
  5
BE0
330
2
100
AcDbEntity
  8
WALL
  6
Continuous
100
AcDbLine
 10
-427536.8658052506
 20
-568193.6975195257
 30
0.0
 11
-427536.8658052509
 21
-571993.697519526
 31
0.0
  0
LINE
  5
BE1
330
2
100
AcDbEntity
  8
WALL
100
AcDbLine
 10
-427736.8658052504
 20
-571793.6975195259
 30
0.0
 11
-427736.8658052509
 21
-568393.6975195257
 31
0.0
  0
INSERT
  5
BE2
330
2
100
AcDbEntity
  8
F
100
AcDbBlockReference
  2
A$C30CA008E
 10
-430293.1214351207
 20
-568805.8550218396
 30
0.0
 50
180.0
  0
LINE
  5
BE3
330
2
100
AcDbEntity
  8
WALL
  6
Continuous
100
AcDbLine
 10
-430836.8659745414
 20
-572093.6975195259
 30
0.0
 11
-430836.8659745414
 21
-568393.6975195258
 31
0.0
  0
INSERT
  5
BE4
330
2
100
AcDbEntity
  8
F
  6
Continuous
100
AcDbBlockReference
  2
A$C21A822AE
 10
433540.5862363705
 20
-568460.0507146318
 30
0.0
 41
-1.0
 43
-1.0
 50
90.0
210
0.0
220
0.0
230
-1.0
  0
LINE
  5
BE5
330
2
100
AcDbEntity
  8
WALL
  6
Continuous
100
AcDbLine
 10
-431036.8659745416
 20
-572693.6975195259
 30
0.0
 11
-431036.8659745416
 21
-568393.6975195258
 31
0.0
  0
INSERT
  5
BE6
330
2
100
AcDbEntity
  8
F
  6
Continuous
100
AcDbBlockReference
  2
A$C5DBE159F
 10
434436.8662866609
 20
-572173.9096595022
 30
0.0
 41
-1.0
 43
-1.0
 50
359.9778512501048
210
0.0
220
0.0
230
-1.0
  0
LINE
  5
BE7
330
2
100
AcDbEntity
  8
WALL
  6
Continuous
100
AcDbLine
 10
-434436.8661438287
 20
-575293.6975195257
 30
0.0
 11
-434436.8661438287
 21
-568393.6977297843
 31
0.0
  0
LINE
  5
BE8
330
2
100
AcDbEntity
  8
DOTE1
100
AcDbLine
 10
-430936.8658052538
 20
-567693.6975195257
 30
0.0
 11
-430936.8658052538
 21
-573385.8506014414
 31
0.0
  0
LINE
  5
BE9
330
2
100
AcDbEntity
  8
WALL
  6
Continuous
100
AcDbLine
 10
-430836.8659745414
 20
-572693.6975195259
 30
0.0
 11
-431036.8659745416
 21
-572693.6975195259
 31
0.0
  0
INSERT
  5
BEA
330
2
100
AcDbEntity
  8
WINDOW
  6
Continuous
100
AcDbBlockReference
 66
     1
  2
_DBLK
 10
-430536.8661438293
 20
-573743.6975195259
 30
0.0
 41
-900.0
 42
-900.0
 43
900.0
 50
180.0
1001
WTHICK
1040
100.0
  0
ATTRIB
  5
BEB
330
BEA
100
AcDbEntity
  8
WINDOW_TEXT
100
AcDbText
 10
-430536.8661438293
 20
-574093.6975195259
 30
0.0
 40
300.0
  1

 50
180.0
 41
0.8
  7
SIMPLEX
 72
     4
 11
-430536.8661438293
 21
-574093.6975195259
 31
0.0
100
AcDbAttribute
280
     0
  2
A
 70
     9
280
     0
  0
SEQEND
  5
BEC
330
BEA
100
AcDbEntity
  8
WINDOW
  6
Continuous
  0
LINE
  5
BED
330
2
100
AcDbEntity
  8
WALL
  6
Continuous
100
AcDbLine
 10
-432736.8661438295
 20
-575293.6975195257
 30
0.0
 11
-432336.8661438295
 21
-575293.6975195257
 31
0.0
  0
TEXT
  5
BEE
330
2
100
AcDbEntity
  8
PUB_TEXT
 62
     3
100
AcDbText
 10
-434117.7859457388
 20
-574213.8541282301
 30
0.0
 40
450.0
  1
餐厅
 41
0.8
  7
HZTXT1
100
AcDbText
  0
LINE
  5
BEF
330
2
100
AcDbEntity
  8
WALL
  6
Continuous
100
AcDbLine
 10
-433736.866143812
 20
-575493.6975195255
 30
0.0
 11
-433736.866143812
 21
-575293.6975195257
 31
0.0
  0
LINE
  5
BF0
330
2
100
AcDbEntity
  8
WALL
  6
Continuous
100
AcDbLine
 10
-432936.8661438293
 20
-575293.6975195257
 30
0.0
 11
-432736.8661438295
 21
-575293.6975195257
 31
0.0
  0
LINE
  5
BF1
330
2
100
AcDbEntity
  8
WALL
  6
Continuous
100
AcDbLine
 10
-432936.8661438293
 20
-575493.6975195255
 30
0.0
 11
-432936.8661438293
 21
-575293.6975195257
 31
0.0
  0
LINE
  5
BF2
330
2
100
AcDbEntity
  8
WALL
  6
Continuous
100
AcDbLine
 10
-432936.8661438293
 20
-575493.6975195255
 30
0.0
 11
-432836.8661438292
 21
-575493.6975195256
 31
0.0
  0
LINE
  5
BF3
330
2
100
AcDbEntity
  8
see
100
AcDbLine
 10
-433736.8661438293
 20
-575493.6958217943
 30
0.0
 11
-432936.8661438293
 21
-575493.6975195255
 31
0.0
  0
INSERT
  5
BF4
330
2
100
AcDbEntity
  8
F
  6
Continuous
100
AcDbBlockReference
 66
     1
  2
M_C25MYD
 10
433690.7942765566
 20
-573927.7580283483
 30
0.0
 43
-1.0
 50
180.0
210
0.0
220
0.0
230
-1.0
  0
ATTRIB
  5
BF5
330
BF4
100
AcDbEntity
  8
0
100
AcDbText
 10
-433689.4609432234
 20
-573928.2580283483
 30
0.0
 40
0.5
  1
1500
 50
180.0
 41
0.7999999999883585
 51
-180.0
 71
     4
100
AcDbAttribute
280
     0
  2
XSIZE
 70
     9
280
     0
  0
ATTRIB
  5
BF6
330
BF4
100
AcDbEntity
  8
0
100
AcDbText
 10
-433689.4799908426
 20
-573928.2580283482
 30
0.0
 40
0.5
  1
1809
 50
180.0
 41
0.7999999999883585
 51
-180.0
 71
     4
100
AcDbAttribute
280
     0
  2
YSIZE
 70
     9
280
     0
  0
SEQEND
  5
BF7
330
BF4
100
AcDbEntity
  8
AREA
  0
LINE
  5
BF8
330
2
100
AcDbEntity
  8
WALL
100
AcDbLine
 10
-433736.866143812
 20
-575293.6975195257
 30
0.0
 11
-434436.8661438295
 21
-575293.6975195257
 31
0.0
  0
LINE
  5
BF9
330
2
100
AcDbEntity
  8
WALL
  6
Continuous
100
AcDbLine
 10
-434436.866143812
 20
-575493.6975195255
 30
0.0
 11
-433736.866143812
 21
-575493.6975195255
 31
0.0
  0
LINE
  5
BFA
330
2
100
AcDbEntity
  8
WALL
  6
Continuous
100
AcDbLine
 10
-431236.8661438295
 20
-575293.6975195257
 30
0.0
 11
-431236.8661438291
 21
-573693.6975195259
 31
0.0
  0
LINE
  5
BFB
330
2
100
AcDbEntity
  8
WALL
  6
Continuous
100
AcDbLine
 10
-430986.8661438293
 20
-573893.6975195259
 30
0.0
 11
-430986.8661438293
 21
-573693.6975195259
 31
0.0
  0
LINE
  5
BFC
330
2
100
AcDbEntity
  8
WALL
  6
Continuous
100
AcDbLine
 10
-431036.8661438293
 20
-574793.6975195257
 30
0.0
 11
-431036.8661438293
 21
-573893.6975195259
 31
0.0
  0
LINE
  5
BFD
330
2
100
AcDbEntity
  8
WALL
  6
Continuous
100
AcDbLine
 10
-431336.8661438294
 20
-575293.6975195257
 30
0.0
 11
-431336.8661438294
 21
-575493.6975195255
 31
0.0
  0
LINE
  5
BFE
330
2
100
AcDbEntity
  8
WALL
  6
Continuous
100
AcDbLine
 10
-431336.8661438294
 20
-575293.6975195257
 30
0.0
 11
-431236.8661438295
 21
-575293.6975195257
 31
0.0
  0
LINE
  5
BFF
330
2
100
AcDbEntity
  8
WALL
  6
Continuous
100
AcDbLine
 10
-431336.8661438294
 20
-575493.6975195255
 30
0.0
 11
-431236.8661441411
 21
-575493.6975195255
 31
0.0
  0
LINE
  5
C00
330
2
100
AcDbEntity
  8
WALL
  6
Continuous
100
AcDbLine
 10
-430986.8661438293
 20
-573893.6975195259
 30
0.0
 11
-431036.8661438293
 21
-573893.6975195259
 31
0.0
  0
LINE
  5
C01
330
2
100
AcDbEntity
  8
WALL
  6
Continuous
100
AcDbLine
 10
-430986.8661438293
 20
-573693.6975195259
 30
0.0
 11
-431236.8661438291
 21
-573693.6975195259
 31
0.0
  0
LINE
  5
C02
330
2
100
AcDbEntity
  8
WALL
  6
Continuous
100
AcDbLine
 10
-432636.8661438295
 20
-575493.6975195259
 30
0.0
 11
-432336.8661438292
 21
-575493.6975195262
 31
0.0
  0
LINE
  5
C03
330
2
100
AcDbEntity
  8
WALL
  6
Continuous
100
AcDbLine
 10
-432336.8661438295
 20
-575293.6975195257
 30
0.0
 11
-432336.8661438292
 21
-575493.6975195262
 31
0.0
  0
LINE
  5
C04
330
2
100
AcDbEntity
  8
see
100
AcDbLine
 10
-431336.8661438294
 20
-575493.6975195255
 30
0.0
 11
-432336.8661438292
 21
-575493.6975195255
 31
0.0
  0
INSERT
  5
C05
330
2
100
AcDbEntity
  8
WINDOW
  6
Continuous
100
AcDbBlockReference
 66
     1
  2
_DBLK
 10
-431836.8661438293
 20
-575393.6975195257
 30
0.0
 41
1000.0
 42
1000.0
 43
1000.0
 50
180.0
1001
WTHICK
1040
200.0
  0
ATTRIB
  5
C06
330
C05
100
AcDbEntity
  8
WINDOW_TEXT
100
AcDbText
 10
-431836.8661438293
 20
-575793.6975195256
 30
0.0
 40
300.0
  1

 50
180.0
 41
0.8
  7
SIMPLEX
 72
     4
 11
-431836.8661438293
 21
-575793.6975195256
 31
0.0
100
AcDbAttribute
280
     0
  2
A
 70
     9
280
     0
  0
SEQEND
  5
C07
330
C05
100
AcDbEntity
  8
WINDOW
  6
Continuous
  0
INSERT
  5
C08
330
2
100
AcDbEntity
  8
F
  6
Continuous
100
AcDbBlockReference
  2
A$C7C9A6AE1
 10
433941.2448836793
 20
-570507.0704999751
 30
-0.0000000000183056
 41
-1.0
 43
-1.0
 50
89.98136917794658
210
0.0
220
0.0
230
-1.0
  0
INSERT
  5
C09
330
2
100
AcDbEntity
  8
WINDOW
  6
Continuous
100
AcDbBlockReference
 66
     1
  2
_DBLK
 10
-429786.8661438292
 20
-573093.6975195259
 30
0.0
 41
-800.0
 42
-800.0
 43
800.0
 50
270.0
1001
WTHICK
1040
100.0000000000145
  0
ATTRIB
  5
C0A
330
C09
100
AcDbEntity
  8
WINDOW_TEXT
100
AcDbText
 10
-429436.8661438292
 20
-573093.6975195259
 30
0.0
 40
300.0
  1

 50
270.0
 41
0.8
  7
SIMPLEX
 72
     4
 11
-429436.8661438292
 21
-573093.6975195259
 31
0.0
100
AcDbAttribute
280
     0
  2
A
 70
     9
280
     0
  0
SEQEND
  5
C0B
330
C09
100
AcDbEntity
  8
WINDOW
  6
Continuous
  0
LINE
  5
C0C
330
2
100
AcDbEntity
  8
see
100
AcDbLine
 10
-429736.8661438293
 20
-573493.6975195259
 30
0.0
 11
-429736.8661438293
 21
-572693.6975195259
 31
0.0
  0
LINE
  5
C0D
330
2
100
AcDbEntity
  8
WALL
  6
Continuous
100
AcDbLine
 10
-427536.8658052538
 20
-573793.6975195259
 30
0.0
 11
-427536.8658052538
 21
-572793.6975195254
 31
0.0
  0
TEXT
  5
C0E
330
2
100
AcDbEntity
  8
PUB_TEXT
 62
     3
100
AcDbText
 10
-429435.3420133234
 20
-573032.9612203814
 30
0.0
 40
450.0
  1
卫生间
 41
0.8
  7
HZTXT1
100
AcDbText
  0
LINE
  5
C0F
330
2
100
AcDbEntity
  8
WALL
  6
Continuous
100
AcDbLine
 10
-427736.8658052536
 20
-573693.6975195257
 30
0.0
 11
-427736.8658052536
 21
-572793.6975195254
 31
0.0
  0
LINE
  5
C10
330
2
100
AcDbEntity
  8
WALL
  6
Continuous
100
AcDbLine
 10
-427536.8658052538
 20
-573693.6975195257
 30
0.0
 11
-427536.8658052538
 21
-572793.6975195254
 31
0.0
  0
TEXT
  5
C11
330
2
100
AcDbEntity
  8
PUB_TEXT
 62
     3
100
AcDbText
 10
-429736.6953299746
 20
-575087.5446880965
 30
0.0
 40
450.0
  1
卧室
 41
0.8
  7
HZTXT1
100
AcDbText
  0
LINE
  5
C12
330
2
100
AcDbEntity
  8
F
100
AcDbLine
 10
-429186.86899776
 20
-574093.6975195281
 30
0.0
 11
-427736.8658054611
 21
-574093.6975195278
 31
0.0
  0
LINE
  5
C13
330
2
100
AcDbEntity
  8
WALL
  6
Continuous
100
AcDbLine
 10
-427736.8658052536
 20
-573693.6975195257
 30
0.0
 11
-429736.8661438293
 21
-573693.6975195259
 31
0.0
  0
LINE
  5
C14
330
2
100
AcDbEntity
  8
WALL
  6
Continuous
100
AcDbLine
 10
-427536.8658052538
 20
-573793.6975195259
 30
0.0
 11
-430086.8661438292
 21
-573793.6975195259
 31
0.0
  0
LINE
  5
C15
330
2
100
AcDbEntity
  8
F
100
AcDbLine
 10
-429186.86899776
 20
-574093.6975195281
 30
0.0
 11
-429186.86899776
 21
-573793.6975195276
 31
0.0
  0
LINE
  5
C16
330
2
100
AcDbEntity
  8
WALL
  6
Continuous
100
AcDbLine
 10
-429836.8661438295
 20
-573693.6975195259
 30
0.0
 11
-430086.8661438292
 21
-573693.6975195259
 31
0.0
  0
LINE
  5
C17
330
2
100
AcDbEntity
  8
WALL
  6
Continuous
100
AcDbLine
 10
-430086.8661438292
 20
-573793.6975195259
 30
0.0
 11
-430086.8661438292
 21
-573693.6975195259
 31
0.0
  0
LINE
  5
C18
330
2
100
AcDbEntity
  8
WALL
  6
Continuous
100
AcDbLine
 10
-429736.8661438293
 20
-573693.6975195259
 30
0.0
 11
-429736.8661438293
 21
-573493.6975195259
 31
0.0
  0
LINE
  5
C19
330
2
100
AcDbEntity
  8
WALL
  6
Continuous
100
AcDbLine
 10
-429836.8661438295
 20
-573693.6975195259
 30
0.0
 11
-429836.8661438295
 21
-573493.6975195259
 31
0.0
  0
LINE
  5
C1A
330
2
100
AcDbEntity
  8
WALL
  6
Continuous
100
AcDbLine
 10
-429736.8661438293
 20
-573493.6975195259
 30
0.0
 11
-429836.8661438295
 21
-573493.6975195259
 31
0.0
  0
LINE
  5
C1B
330
2
100
AcDbEntity
  8
WINDOW
  6
DASH
100
AcDbLine
 10
-427736.8658052534
 20
-575293.6975195257
 30
0.0
 11
-427736.865805565
 21
-573793.6975195259
 31
0.0
  0
LINE
  5
C1C
330
2
100
AcDbEntity
  8
WINDOW
  6
Continuous
100
AcDbLine
 10
-427686.8659745415
 20
-573793.6975195259
 30
0.0
 11
-427686.8659745415
 21
-575293.6975195259
 31
0.0
  0
LINE
  5
C1D
330
2
100
AcDbEntity
  8
WINDOW
  6
Continuous
100
AcDbLine
 10
-427636.8659745414
 20
-573743.6975195259
 30
0.0
 11
-427636.8659745414
 21
-575293.6975195259
 31
0.0
  0
LINE
  5
C1E
330
2
100
AcDbEntity
  8
WINDOW
  6
Continuous
100
AcDbLine
 10
-427536.8659745415
 20
-573643.6975195259
 30
0.0
 11
-427536.8659745415
 21
-575293.6975195259
 31
0.0
  0
LINE
  5
C1F
330
2
100
AcDbEntity
  8
WALL
  6
Continuous
100
AcDbLine
 10
-427736.8658052504
 20
-575293.6975195259
 30
0.0
 11
-427536.8658052506
 21
-575293.6975195259
 31
0.0
  0
LINE
  5
C20
330
2
100
AcDbEntity
  8
WALL
100
AcDbLine
 10
-427536.8658052506
 20
-575293.6975195259
 30
0.0
 11
-427536.8658052506
 21
-575493.6975195259
 31
0.0
  0
LINE
  5
C21
330
2
100
AcDbEntity
  8
WALL
100
AcDbLine
 10
-427536.8658052506
 20
-575293.6975195259
 30
0.0
 11
-427536.8658052506
 21
-575493.6975195259
 31
0.0
  0
LINE
  5
C22
330
2
100
AcDbEntity
  8
WALL
  6
Continuous
100
AcDbLine
 10
-427536.8658052506
 20
-575293.6975195259
 30
0.0
 11
-427536.8658052506
 21
-575293.6975195259
 31
0.0
  0
LINE
  5
C23
330
2
100
AcDbEntity
  8
WALL
  6
Continuous
100
AcDbLine
 10
-427536.8658052506
 20
-575293.6975195259
 30
0.0
 11
-427536.8658052506
 21
-575293.6975195259
 31
0.0
  0
LINE
  5
C24
330
2
100
AcDbEntity
  8
WALL
  6
Continuous
100
AcDbLine
 10
-427536.8658052506
 20
-575493.6975195259
 30
0.0
 11
-427536.8658052506
 21
-575493.6975195259
 31
0.0
  0
LINE
  5
C25
330
2
100
AcDbEntity
  8
WALL
  6
Continuous
100
AcDbLine
 10
-427536.8658052506
 20
-575493.6975195259
 30
0.0
 11
-427536.8658052506
 21
-575493.6975195259
 31
0.0
  0
LINE
  5
C26
330
2
100
AcDbEntity
  8
WINDOW
  6
Continuous
100
AcDbLine
 10
-427536.8659745415
 20
-573643.6975195259
 30
0.0
 11
-427536.8658052538
 21
-573643.6975195259
 31
0.0
  0
LINE
  5
C27
330
2
100
AcDbEntity
  8
WINDOW
  6
Continuous
100
AcDbLine
 10
-427636.8659745414
 20
-573743.6975195259
 30
0.0
 11
-427536.8658052538
 21
-573743.6975195259
 31
0.0
  0
LINE
  5
C28
330
2
100
AcDbEntity
  8
WINDOW
  6
Continuous
100
AcDbLine
 10
-427686.8659745415
 20
-573793.6975195259
 30
0.0
 11
-427536.8658052538
 21
-573793.6975195259
 31
0.0
  0
INSERT
  5
C29
330
2
100
AcDbEntity
  8
F
100
AcDbBlockReference
 66
     1
  2
M_C3
 10
-428328.7755607132
 20
-574040.6018197464
 30
0.0
 41
-1.0
 50
180.0
  0
ATTRIB
  5
C2A
330
C29
100
AcDbEntity
  8
0
100
AcDbText
 10
-428328.7755607132
 20
-574040.6018197464
 30
0.0
 40
0.5
  1
315
 50
180.0
 41
0.8
 71
     2
100
AcDbAttribute
280
     0
  2
YSIZE
 70
     9
280
     0
  0
ATTRIB
  5
C2B
330
C29
100
AcDbEntity
  8
0
100
AcDbText
 10
-428328.7755607132
 20
-574040.6018197464
 30
0.0
 40
0.5
  1
639
 50
180.0
 41
0.8
 71
     2
100
AcDbAttribute
280
     0
  2
XSIZE
 70
     9
280
     0
  0
ATTRIB
  5
C2C
330
C29
100
AcDbEntity
  8
0
100
AcDbText
 10
-428328.7755607132
 20
-574040.6018197464
 30
0.0
 40
0.5
  1
639
 50
180.0
 41
0.8
 71
     2
100
AcDbAttribute
280
     0
  2
XSIZE
 70
     9
280
     0
  0
ATTRIB
  5
C2D
330
C29
100
AcDbEntity
  8
0
100
AcDbText
 10
-428328.7755607132
 20
-574040.6018197464
 30
0.0
 40
0.5
  1
315
 50
180.0
 41
0.8
 71
     2
100
AcDbAttribute
280
     0
  2
YSIZE
 70
     9
280
     0
  0
SEQEND
  5
C2E
330
C29
100
AcDbEntity
  8
PS
 62
     9
  0
INSERT
  5
C2F
330
2
100
AcDbEntity
  8
WC
100
AcDbBlockReference
  2
A$C6A35453C
 10
-428434.5526517529
 20
-573500.0187932921
 30
-39758.14702731787
 50
0.3726361336196267
  0
LINE
  5
C30
330
2
100
AcDbEntity
  8
WALL
  6
Continuous
100
AcDbLine
 10
-427736.8658052536
 20
-573793.6975195257
 30
0.0
 11
-428336.8658052537
 21
-573793.6975195257
 31
0.0
  0
LINE
  5
C31
330
2
100
AcDbEntity
  8
WALL
  6
Continuous
100
AcDbLine
 10
-427736.8658052536
 20
-573693.6975195257
 30
0.0
 11
-428336.8658052537
 21
-573693.6975195257
 31
0.0
  0
LINE
  5
C32
330
2
100
AcDbEntity
  8
WC
100
AcDbLine
 10
-428524.1445538839
 20
-572493.6975193395
 30
0.0
 11
-429736.8658051944
 21
-572493.6975193996
 31
0.0
  0
LINE
  5
C33
330
2
100
AcDbEntity
  8
F
100
AcDbLine
 10
-429125.4670135024
 20
-571390.2471705051
 30
0.0
 11
-429096.8668484402
 21
-571725.9554174209
 31
0.0
  0
LINE
  5
C34
330
2
100
AcDbEntity
  8
F
  6
Continuous
100
AcDbLine
 10
-429736.8661438293
 20
-571293.6975195264
 30
0.0
 11
-427736.8658052541
 21
-571293.6975195258
 31
0.0
  0
LINE
  5
C35
330
2
100
AcDbEntity
  8
WALL
  6
Continuous
100
AcDbLine
 10
-429736.8661438293
 20
-571893.6975195259
 30
0.0
 11
-427736.8658052536
 21
-571893.6975195259
 31
0.0
  0
LINE
  5
C36
330
2
100
AcDbEntity
  8
WALL
  6
Continuous
100
AcDbLine
 10
-429836.8661438295
 20
-571793.6975195259
 30
0.0
 11
-427736.8658052536
 21
-571793.6975195259
 31
0.0
  0
LINE
  5
C37
330
2
100
AcDbEntity
  8
F
  6
Continuous
100
AcDbLine
 10
-429686.8661438295
 20
-571343.6975195264
 30
0.0
 11
-427736.8658052541
 21
-571343.6975195261
 31
0.0
  0
LINE
  5
C38
330
2
100
AcDbEntity
  8
F
100
AcDbLine
 10
-429686.8661438295
 20
-571568.6975195115
 30
0.0
 11
-427736.8658052536
 21
-571568.697519511
 31
0.0
  0
LINE
  5
C39
330
2
100
AcDbEntity
  8
F
  6
Continuous
100
AcDbLine
 10
-429736.8661438293
 20
-571293.6975195264
 30
0.0
 11
-429736.8661438293
 21
-571793.6975195264
 31
0.0
  0
LINE
  5
C3A
330
2
100
AcDbEntity
  8
WALL
  6
Continuous
100
AcDbLine
 10
-429836.8661438324
 20
-572193.697519526
 30
0.0
 11
-429836.8661438324
 21
-572693.6975195259
 31
0.0
  0
LINE
  5
C3B
330
2
100
AcDbEntity
  8
WALL
  6
Continuous
100
AcDbLine
 10
-429886.8661438293
 20
-572093.6975195261
 30
0.0
 11
-429886.8661438293
 21
-572193.697519526
 31
0.0
  0
LINE
  5
C3C
330
2
100
AcDbEntity
  8
WALL
  6
Continuous
100
AcDbLine
 10
-429836.8661438291
 20
-572093.697519526
 30
0.0
 11
-429836.8661438295
 21
-572093.6975195259
 31
0.0
  0
LINE
  5
C3D
330
2
100
AcDbEntity
  8
WALL
  6
Continuous
100
AcDbLine
 10
-429836.8661438291
 20
-572193.697519526
 30
0.0
 11
-429886.8661438293
 21
-572193.697519526
 31
0.0
  0
LINE
  5
C3E
330
2
100
AcDbEntity
  8
WALL
  6
Continuous
100
AcDbLine
 10
-429836.8661438291
 20
-572093.697519526
 30
0.0
 11
-429886.8661438293
 21
-572093.697519526
 31
0.0
  0
LINE
  5
C3F
330
2
100
AcDbEntity
  8
WALL
  6
Continuous
100
AcDbLine
 10
-429836.8661438324
 20
-571793.6975195259
 30
0.0
 11
-429836.8661438324
 21
-572093.697519526
 31
0.0
  0
LINE
  5
C40
330
2
100
AcDbEntity
  8
WALL
  6
Continuous
100
AcDbLine
 10
-429736.8661438293
 20
-572693.6975195259
 30
0.0
 11
-429836.8661438295
 21
-572693.6975195259
 31
0.0
  0
LINE
  5
C41
330
2
100
AcDbEntity
  8
WALL
  6
Continuous
100
AcDbLine
 10
-429736.8661438293
 20
-572693.6975195259
 30
0.0
 11
-429736.8661438293
 21
-571893.6975195259
 31
0.0
  0
LINE
  5
C42
330
2
100
AcDbEntity
  8
F
100
AcDbLine
 10
-429586.4624020704
 20
-571735.8204694096
 30
0.0
 11
-429518.2369429006
 21
-571390.2471705054
 31
0.0
  0
LINE
  5
C43
330
2
100
AcDbEntity
  8
F
100
AcDbLine
 10
-429476.9602930278
 20
-571735.8204694096
 30
0.0
 11
-429408.7348338581
 21
-571390.2471705054
 31
0.0
  0
LINE
  5
C44
330
2
100
AcDbEntity
  8
F
  6
Continuous
100
AcDbLine
 10
-429686.8661438295
 20
-571343.6975195264
 30
0.0
 11
-429686.8661438291
 21
-571793.6975195264
 31
0.0
  0
LINE
  5
C45
330
2
100
AcDbEntity
  8
F
100
AcDbLine
 10
-429244.0743677792
 20
-571735.8204694096
 30
0.0
 11
-429175.8489086093
 21
-571390.2471705054
 31
0.0
  0
LINE
  5
C46
330
2
100
AcDbEntity
  8
F
100
AcDbLine
 10
-429353.576476822
 20
-571735.8204694096
 30
0.0
 11
-429285.3510176521
 21
-571390.2471705054
 31
0.0
  0
LINE
  5
C47
330
2
100
AcDbEntity
  8
WALL
  6
Continuous
100
AcDbLine
 10
-430786.8659745415
 20
-572093.6975195259
 30
0.0
 11
-430786.8659745415
 21
-572193.697519526
 31
0.0
  0
LINE
  5
C48
330
2
100
AcDbEntity
  8
WALL
  6
Continuous
100
AcDbLine
 10
-430786.8659745415
 20
-572093.6975195259
 30
0.0
 11
-430836.8659745414
 21
-572093.6975195259
 31
0.0
  0
LINE
  5
C49
330
2
100
AcDbEntity
  8
WALL
100
AcDbLine
 10
-430786.8659745415
 20
-572193.697519526
 30
0.0
 11
-430836.8659745414
 21
-572193.697519526
 31
0.0
  0
LINE
  5
C4A
330
2
100
AcDbEntity
  8
WALL
  6
Continuous
100
AcDbLine
 10
-430836.8659745414
 20
-572693.6975195259
 30
0.0
 11
-430836.8659745414
 21
-572193.697519526
 31
0.0
  0
INSERT
  5
C4B
330
2
100
AcDbEntity
  8
WINDOW
  6
Continuous
100
AcDbBlockReference
 66
     1
  2
_DBLK
 10
-430336.8659745415
 20
-572143.697519526
 30
0.0
 41
-900.0
 42
900.0
 43
900.0
 50
180.0
1001
WTHICK
1040
100.0
  0
ATTRIB
  5
C4C
330
C4B
100
AcDbEntity
  8
WINDOW_TEXT
100
AcDbText
 10
-430336.8659745415
 20
-572493.6975195261
 30
0.0
 40
300.0
  1

 50
180.0
 41
0.8
  7
SIMPLEX
 72
     4
 11
-430336.8659745415
 21
-572493.6975195261
 31
0.0
100
AcDbAttribute
280
     0
  2
A
 70
     9
280
     0
  0
SEQEND
  5
C4D
330
C4B
100
AcDbEntity
  8
WINDOW
  6
Continuous
  0
LINE
  5
C4E
330
2
100
AcDbEntity
  8
WALL
  6
Continuous
100
AcDbLine
 10
-427736.8658052536
 20
-571993.697519526
 30
0.0
 11
-427536.8658052538
 21
-571993.697519526
 31
0.0
  0
LINE
  5
C4F
330
2
100
AcDbEntity
  8
F
100
AcDbLine
 10
-427986.4382583354
 20
-571390.2471705051
 30
0.0
 11
-427825.0713073847
 21
-571725.9554174209
 31
0.0
  0
LINE
  5
C50
330
2
100
AcDbEntity
  8
WALL
  6
Continuous
100
AcDbLine
 10
-427736.8658052536
 20
-571893.6975195259
 30
0.0
 11
-427736.8658052536
 21
-571893.6975195259
 31
0.0
  0
LINE
  5
C51
330
2
100
AcDbEntity
  8
WALL
  6
Continuous
100
AcDbLine
 10
-427736.8658052536
 20
-572793.6975195254
 30
0.0
 11
-427536.8658052538
 21
-572793.6975195254
 31
0.0
  0
LINE
  5
C52
330
2
100
AcDbEntity
  8
WINDOW
100
AcDbLine
 10
-427736.8658052536
 20
-571993.697519526
 30
0.0
 11
-427736.8658052536
 21
-572793.6975195254
 31
0.0
  0
LINE
  5
C53
330
2
100
AcDbEntity
  8
WINDOW
100
AcDbLine
 10
-427670.199138587
 20
-572793.6975195254
 30
0.0
 11
-427670.199138587
 21
-571993.697519526
 31
0.0
  0
LINE
  5
C54
330
2
100
AcDbEntity
  8
WINDOW
100
AcDbLine
 10
-427603.5324719206
 20
-572793.6975195254
 30
0.0
 11
-427603.5324719206
 21
-571993.697519526
 31
0.0
  0
LINE
  5
C55
330
2
100
AcDbEntity
  8
WINDOW
100
AcDbLine
 10
-427536.8658052538
 20
-571993.697519526
 30
0.0
 11
-427536.8658052538
 21
-572793.6975195254
 31
0.0
  0
LINE
  5
C56
330
2
100
AcDbEntity
  8
WALL
  6
Continuous
100
AcDbLine
 10
-427736.8658052536
 20
-571993.697519526
 30
0.0
 11
-427736.8658052536
 21
-571893.6975195259
 31
0.0
  0
LINE
  5
C57
330
2
100
AcDbEntity
  8
F
100
AcDbLine
 10
-428317.8549304565
 20
-571390.2471705051
 30
0.0
 11
-428257.2110337822
 21
-571725.9554174209
 31
0.0
  0
LINE
  5
C58
330
2
100
AcDbEntity
  8
F
100
AcDbLine
 10
-428376.2251952095
 20
-571390.2471705054
 30
0.0
 11
-428371.194642318
 21
-571725.9554174209
 31
0.0
  0
LINE
  5
C59
330
2
100
AcDbEntity
  8
F
100
AcDbLine
 10
-428213.4230071045
 20
-571725.9554174209
 30
0.0
 11
-428150.5355996989
 21
-571390.2471705051
 31
0.0
  0
LINE
  5
C5A
330
2
100
AcDbEntity
  8
F
100
AcDbLine
 10
-428500.1304728591
 20
-571725.9554174209
 30
0.0
 11
-428433.606462456
 21
-571390.2471705054
 31
0.0
  0
LINE
  5
C5B
330
2
100
AcDbEntity
  8
F
100
AcDbLine
 10
-428612.1401911749
 20
-571725.9554174209
 30
0.0
 11
-428549.2527837692
 21
-571390.2471705051
 31
0.0
  0
LINE
  5
C5C
330
2
100
AcDbEntity
  8
F
100
AcDbLine
 10
-428788.6797153588
 20
-571390.2471705051
 30
0.0
 11
-428728.0358186846
 21
-571725.9554174209
 31
0.0
  0
LINE
  5
C5D
330
2
100
AcDbEntity
  8
F
100
AcDbLine
 10
-428972.6567065282
 20
-571735.8204694096
 30
0.0
 11
-428904.4312473584
 21
-571390.2471705054
 31
0.0
  0
LINE
  5
C5E
330
2
100
AcDbEntity
  8
F
100
AcDbLine
 10
-428847.0499801118
 20
-571390.2471705054
 30
0.0
 11
-428842.0194272204
 21
-571725.9554174209
 31
0.0
  0
LINE
  5
C5F
330
2
100
AcDbEntity
  8
F
100
AcDbLine
 10
-428101.4132887885
 20
-571725.9554174209
 30
0.0
 11
-428034.8892783853
 21
-571390.2471705051
 31
0.0
  0
INSERT
  5
C60
330
2
100
AcDbEntity
  8
WC
100
AcDbBlockReference
  2
A$C0C2A2C94
 10
-428546.8661757071
 20
-571893.6967579529
 30
-39758.14702732055
 41
-1.0
 50
180.0
  0
LINE
  5
C61
330
2
100
AcDbEntity
  8
WALL
100
AcDbLine
 10
-430636.8659745387
 20
-568393.6975195258
 30
0.0
 11
-431036.8659745384
 21
-568393.6975195258
 31
0.0
  0
LINE
  5
C62
330
2
100
AcDbEntity
  8
WALL
100
AcDbLine
 10
-431036.8659745384
 20
-567693.6975195257
 30
0.0
 11
-430636.8659745387
 21
-567693.6975195257
 31
0.0
  0
LINE
  5
C63
330
2
100
AcDbEntity
  8
栏杆
100
AcDbLine
 10
-430936.8658052538
 20
-567693.6975195257
 30
0.0
 11
-430936.8658052538
 21
-566693.6975195259
 31
0.0
  0
LINE
  5
C64
330
2
100
AcDbEntity
  8
栏杆
100
AcDbLine
 10
-431036.8659745384
 20
-567693.6975195257
 30
0.0
 11
-431036.8659745384
 21
-566793.6975195259
 31
0.0
  0
LINE
  5
C65
330
2
100
AcDbEntity
  8
WALL
  6
Continuous
100
AcDbLine
 10
-434436.8661438291
 20
-568193.6975195257
 30
0.0
 11
-434436.8661438291
 21
-566693.6975195259
 31
0.0
  0
TEXT
  5
C66
330
2
100
AcDbEntity
  8
PUB_TEXT
 62
     3
100
AcDbText
 10
-434219.6878708841
 20
-567624.4964340898
 30
0.0
 40
450.0
  1
阳台
 41
0.8
  7
HZTXT1
100
AcDbText
  0
LWPOLYLINE
  5
C67
330
2
100
AcDbEntity
  8
WINDOW
100
AcDbPolyline
 90
        4
 70
     1
 43
0.0
 10
-431936.8657709203
 20
-568293.6977511229
 10
-433236.8758226915
 20
-568293.6977511229
 10
-433236.8758226915
 20
-568343.6977511229
 10
-431936.8758226915
 20
-568343.6977578416
  0
LINE
  5
C68
330
2
100
AcDbEntity
  8
WINDOW
100
AcDbLine
 10
-431236.8656016325
 20
-568193.6977297844
 30
0.0
 11
-434236.8657709203
 21
-568193.6977297843
 31
0.0
  0
LINE
  5
C69
330
2
100
AcDbEntity
  8
WALL
  6
Continuous
100
AcDbLine
 10
-434236.866143846
 20
-568193.6975195257
 30
0.0
 11
-434236.866143846
 21
-568393.6975195258
 31
0.0
  0
LINE
  5
C6A
330
2
100
AcDbEntity
  8
WALL
  6
Continuous
100
AcDbLine
 10
-434236.8657709196
 20
-568193.6977297843
 30
0.0
 11
-434236.8657709196
 21
-568393.6977297843
 31
0.0
  0
LWPOLYLINE
  5
C6B
330
2
100
AcDbEntity
  8
WINDOW
100
AcDbPolyline
 90
        4
 70
     1
 43
0.0
 10
-433236.8758226915
 20
-568343.6977511229
 10
-434236.8758226915
 20
-568343.6977511227
 10
-434236.8758226915
 20
-568393.697751123
 10
-433236.8758226915
 20
-568393.6977511229
  0
TEXT
  5
C6C
330
2
100
AcDbEntity
  8
PUB_TEXT
 62
     3
100
AcDbText
 10
-434151.28735095
 20
-569137.3934434498
 30
0.0
 40
450.0
  1
客厅
 41
0.8
  7
HZTXT1
100
AcDbText
  0
LINE
  5
C6D
330
2
100
AcDbEntity
  8
WALL
100
AcDbLine
 10
-434436.8661438316
 20
-569893.6975195256
 30
0.0
 11
-434436.8661438316
 21
-568393.6975195258
 31
0.0
  0
LINE
  5
C6E
330
2
100
AcDbEntity
  8
WALL
  6
Continuous
100
AcDbLine
 10
-434236.8657709196
 20
-568193.6977297843
 30
0.0
 11
-434436.8661438287
 21
-568193.6977297843
 31
0.0
  0
LINE
  5
C6F
330
2
100
AcDbEntity
  8
WALL
  6
Continuous
100
AcDbLine
 10
-434236.8657709196
 20
-568393.6977297843
 30
0.0
 11
-434436.8661438287
 21
-568393.6977297843
 31
0.0
  0
LINE
  5
C70
330
2
100
AcDbEntity
  8
WALL
  6
Continuous
100
AcDbLine
 10
-434236.866143846
 20
-568393.6975195258
 30
0.0
 11
-434436.8661438316
 21
-568393.6975195258
 31
0.0
  0
LINE
  5
C71
330
2
100
AcDbEntity
  8
WALL
  6
Continuous
100
AcDbLine
 10
-431236.8656016325
 20
-568193.6977297843
 30
0.0
 11
-431036.8652287233
 21
-568193.6977297843
 31
0.0
  0
LINE
  5
C72
330
2
100
AcDbEntity
  8
WALL
100
AcDbLine
 10
-431036.8659745384
 20
-568393.6975195258
 30
0.0
 11
-431036.8659745384
 21
-567693.6975195257
 31
0.0
  0
LINE
  5
C73
330
2
100
AcDbEntity
  8
WALL
  6
Continuous
100
AcDbLine
 10
-431236.8656016325
 20
-568393.6977297843
 30
0.0
 11
-431036.8652287237
 21
-568393.6977297843
 31
0.0
  0
LINE
  5
C74
330
2
100
AcDbEntity
  8
WALL
  6
Continuous
100
AcDbLine
 10
-431236.8656016325
 20
-568193.6977297843
 30
0.0
 11
-431236.8656016325
 21
-568393.6977297843
 31
0.0
  0
LWPOLYLINE
  5
C75
330
2
100
AcDbEntity
  8
WINDOW
100
AcDbPolyline
 90
        4
 70
     1
 43
0.0
 10
-431236.8656016325
 20
-568243.6977511229
 10
-431936.8657709203
 20
-568243.6977511229
 10
-431936.8657709203
 20
-568293.6977511229
 10
-431236.8656016325
 20
-568293.6977511229
  0
LINE
  5
C76
330
2
100
AcDbEntity
  8
栏杆
100
AcDbLine
 10
-430936.8658052538
 20
-566693.6975195259
 30
0.0
 11
-434436.8661438291
 21
-566693.6975195259
 31
0.0
  0
LINE
  5
C77
330
2
100
AcDbEntity
  8
栏杆
100
AcDbLine
 10
-431036.8659745384
 20
-566793.6975195259
 30
0.0
 11
-434436.8661438291
 21
-566793.6975195259
 31
0.0
  0
TEXT
  5
C78
330
2
100
AcDbEntity
  8
PUB_TEXT
 62
     3
100
AcDbText
 10
-429361.6855051442
 20
-569896.7416400737
 30
0.0
 40
450.0
  1
卧室
 41
0.8
  7
HZTXT1
100
AcDbText
  0
LINE
  5
C79
330
2
100
AcDbEntity
  8
WINDOW
  6
DASH
100
AcDbLine
 10
-430636.8659748531
 20
-568393.6975195257
 30
0.0
 11
-428236.8658055651
 21
-568393.6975195257
 31
0.0
  0
LINE
  5
C7A
330
2
100
AcDbEntity
  8
WINDOW
100
AcDbLine
 10
-428186.8658055652
 20
-567793.6975195255
 30
0.0
 11
-430636.8659748531
 21
-567793.6975195259
 31
0.0
  0
LINE
  5
C7B
330
2
100
AcDbEntity
  8
WINDOW
100
AcDbLine
 10
-428236.8658055651
 20
-567843.6975195254
 30
0.0
 11
-430636.8659748531
 21
-567843.6975195254
 31
0.0
  0
LINE
  5
C7C
330
2
100
AcDbEntity
  8
WINDOW
100
AcDbLine
 10
-428086.8658055655
 20
-567693.6975195257
 30
0.0
 11
-430636.8659748531
 21
-567693.6975195259
 31
0.0
  0
LINE
  5
C7D
330
2
100
AcDbEntity
  8
WALL
100
AcDbLine
 10
-430636.8659745387
 20
-567693.6975195257
 30
0.0
 11
-430636.8659745387
 21
-568393.6975195258
 31
0.0
  0
LINE
  5
C7E
330
2
100
AcDbEntity
  8
WINDOW
100
AcDbLine
 10
-428086.8658055655
 20
-568193.6975195257
 30
0.0
 11
-428086.8658055655
 21
-567693.6975195257
 31
0.0
  0
LINE
  5
C7F
330
2
100
AcDbEntity
  8
WALL
  6
Continuous
100
AcDbLine
 10
-428236.8658055651
 20
-568193.6975195257
 30
0.0
 11
-428236.8658055651
 21
-568393.6975195257
 31
0.0
  0
LINE
  5
C80
330
2
100
AcDbEntity
  8
WALL
  6
Continuous
100
AcDbLine
 10
-428236.8658055651
 20
-568393.6975195257
 30
0.0
 11
-428136.8658055654
 21
-568393.6975195257
 31
0.0
  0
LINE
  5
C81
330
2
100
AcDbEntity
  8
WINDOW
100
AcDbLine
 10
-428186.8658055652
 20
-568193.6975195257
 30
0.0
 11
-428186.8658055652
 21
-567793.6975195255
 31
0.0
  0
LINE
  5
C82
330
2
100
AcDbEntity
  8
WINDOW
100
AcDbLine
 10
-428236.8658055651
 20
-568193.6975195257
 30
0.0
 11
-428236.8658055651
 21
-567843.6975195254
 31
0.0
  0
LINE
  5
C83
330
2
100
AcDbEntity
  8
WALL
  6
Continuous
100
AcDbLine
 10
-428136.8658055654
 20
-568193.6975195257
 30
0.0
 11
-428236.8658055651
 21
-568193.6975195257
 31
0.0
  0
LINE
  5
C84
330
2
100
AcDbEntity
  8
WALL
  6
Continuous
100
AcDbLine
 10
-427736.8658052504
 20
-568393.6975195257
 30
0.0
 11
-428136.8658052509
 21
-568393.6975195258
 31
0.0
  0
LINE
  5
C85
330
2
100
AcDbEntity
  8
WALL
  6
Continuous
100
AcDbLine
 10
-428136.8658052509
 20
-568193.6975195259
 30
0.0
 11
-427536.8658052506
 21
-568193.6975195257
 31
0.0
  0
DIMENSION
  5
C86
330
2
100
AcDbEntity
  8
AXIS
100
AcDbDimension
280
     0
  2
*D88
 10
-417536.8660101059
 20
-564406.1316797448
 30
0.0
 11
-419036.866010106
 21
-563956.1316797448
 31
0.0
 71
     5
 42
2999.999999999884
 73
     0
 74
     0
 75
     0
  3
DIMN150
100
AcDbAlignedDimension
 13
-420536.8660101057
 23
-565801.2830999478
 33
0.0
 14
-417536.8660101059
 24
-565801.2830999478
 34
0.0
100
AcDbRotatedDimension
1001
ACAD
1000
DSTYLE
1002
{
1070
   178
1070
     7
1002
}
  0
DIMENSION
  5
C93
330
2
100
AcDbEntity
  8
AXIS
100
AcDbDimension
280
     0
  2
*D89
 10
-422336.8660101059
 20
-564406.1316797448
 30
0.0
 11
-423686.8660101059
 21
-563956.1316797448
 31
0.0
 71
     5
 42
2700.0
 73
     0
 74
     0
 75
     0
  3
DIMN150
100
AcDbAlignedDimension
 13
-425036.8660101059
 23
-565801.2830999478
 33
0.0
 14
-422336.8660101059
 24
-565801.2830999478
 34
0.0
100
AcDbRotatedDimension
1001
ACAD
1000
DSTYLE
1002
{
1070
   178
1070
     7
1002
}
  0
DIMENSION
  5
CA0
330
2
100
AcDbEntity
  8
AXIS
100
AcDbDimension
280
     0
  2
*D90
 10
-420536.8660101057
 20
-564406.1316797448
 30
0.0
 11
-421436.8660101059
 21
-563956.1316797448
 31
0.0
 71
     5
 42
1800.000000000116
 73
     0
 74
     0
 75
     0
  3
DIMN150
100
AcDbAlignedDimension
 13
-422336.8660101059
 23
-565801.2830999478
 33
0.0
 14
-420536.8660101057
 24
-565801.2830999478
 34
0.0
100
AcDbRotatedDimension
1001
ACAD
1000
DSTYLE
1002
{
1070
   178
1070
     7
1002
}
  0
DIMENSION
  5
CAD
330
2
100
AcDbEntity
  8
AXIS
100
AcDbDimension
280
     0
  2
*D91
 10
-415014.2591922304
 20
-571893.6975195259
 30
0.0
 11
-415464.2591922304
 21
-570093.6976246552
 31
0.0
 71
     5
 42
3599.999789741589
 73
     0
 74
     0
 75
     0
  3
DIMN150
100
AcDbAlignedDimension
 13
-416214.2591922304
 23
-568293.6977297843
 33
0.0
 14
-416214.2591922304
 24
-571893.6975195259
 34
0.0
 50
270.0
100
AcDbRotatedDimension
1001
ACAD
1000
DSTYLE
1002
{
1070
   178
1070
     7
1002
}
  0
DIMENSION
  5
CBA
330
2
100
AcDbEntity
  8
AXIS
100
AcDbDimension
280
     0
  2
*D92
 10
-415014.2591922304
 20
-573793.6975195259
 30
0.0
 11
-415464.2591922304
 21
-572843.697519526
 31
0.0
 71
     5
 42
1900.0
 73
     0
 74
     0
 75
     0
  3
DIMN150
100
AcDbAlignedDimension
 13
-416214.2591922304
 23
-571893.6975195259
 33
0.0
 14
-416214.2591922304
 24
-573793.6975195259
 34
0.0
 50
270.0
100
AcDbRotatedDimension
1001
ACAD
1000
DSTYLE
1002
{
1070
   178
1070
     7
1002
}
  0
TEXT
  5
CC7
330
2
100
AcDbEntity
  8
TEXT
100
AcDbText
 10
-442614.5975242319
 20
-581172.5395201484
 30
0.0
 40
350.0
  1
C1
 41
0.65
  7
宋
100
AcDbText
  0
ELLIPSE
  5
CC8
330
2
100
AcDbEntity
  8
TEXT
100
AcDbEllipse
 10
-442408.5891122869
 20
-581028.5395366379
 30
0.0
 11
496.5249004033391
 21
0.0000000000325643
 31
0.0
210
0.0
220
0.0
230
-1.0
 40
0.727272845916966
 41
0.0
 42
6.283185307179584
  0
TEXT
  5
CC9
330
2
100
AcDbEntity
  8
TEXT
100
AcDbText
 10
-432388.2646350395
 20
-573130.0574049476
 30
0.0
 40
350.0
  1
A1
 41
0.65
  7
宋
100
AcDbText
  0
ELLIPSE
  5
CCA
330
2
100
AcDbEntity
  8
TEXT
100
AcDbEllipse
 10
-432182.2562230945
 20
-572986.0574214368
 30
0.0
 11
496.5249004033391
 21
0.0000000000325643
 31
0.0
210
0.0
220
0.0
230
-1.0
 40
0.727272845916966
 41
0.0
 42
6.283185307179584
  0
ELLIPSE
  5
CCB
330
2
100
AcDbEntity
  8
TEXT
100
AcDbEllipse
 10
-426693.2310157462
 20
-581028.5395366379
 30
0.0
 11
496.5249004033391
 21
0.0000000000325643
 31
0.0
210
0.0
220
0.0
230
-1.0
 40
0.727272845916966
 41
0.0
 42
6.283185307179584
  0
TEXT
  5
CCC
330
2
100
AcDbEntity
  8
TEXT
100
AcDbText
 10
-426899.2394276915
 20
-581172.5395201484
 30
0.0
 40
350.0
  1
C1
 41
0.65
  7
宋
100
AcDbText
  0
ENDSEC
  0
SECTION
  2
OBJECTS
  0
DICTIONARY
  5
B
330
0
100
AcDbDictionary
281
     1
  3
ACAD_CIP_PREVIOUS_PRODUCT_INFO
350
D04
  3
ACAD_COLOR
350
4C
  3
ACAD_DETAILVIEWSTYLE
350
D02
  3
ACAD_GROUP
350
47
  3
ACAD_LAYOUT
350
13
  3
ACAD_MATERIAL
350
D
  3
ACAD_MLEADERSTYLE
350
4F
  3
ACAD_MLINESTYLE
350
48
  3
ACAD_PLOTSETTINGS
350
49
  3
ACAD_PLOTSTYLENAME
350
A
  3
ACAD_SCALELIST
350
4D
  3
ACAD_SECTIONVIEWSTYLE
350
D00
  3
ACAD_TABLESTYLE
350
4E
  3
ACAD_VISUALSTYLE
350
2C
  3
ACDB_RECOMPOSE_DATA
350
D06
  3
AcDbVariableDictionary
350
50
  0
DICTIONARY
  5
2E
330
29
100
AcDbDictionary
280
     1
281
     1
  0
DICTIONARY
  5
1B
330
1A
100
AcDbDictionary
280
     1
281
     1
  3
ACAD_LAYERFILTERS
360
1C
  3
ACAD_LAYERSTATES
360
1D
  3
ACLYDICTIONARY
360
1E
  0
DICTIONARY
  5
7
330
6
100
AcDbDictionary
280
     1
281
     1
  3
ADSK_XREC_LAYER_RECONCILED
360
8
  0
DICTIONARY
  5
8DB
330
8DA
100
AcDbDictionary
280
     1
281
     1
  3
ADSK_XREC_LAYER_RECONCILED
360
8DC
  0
DICTIONARY
  5
5C
330
5B
100
AcDbDictionary
280
     1
281
     1
  3
ADSK_XREC_LAYER_RECONCILED
360
5D
  0
DICTIONARY
  5
855
330
854
100
AcDbDictionary
280
     1
281
     1
  3
ADSK_XREC_LAYER_RECONCILED
360
856
  0
DICTIONARY
  5
1AE
330
1AD
100
AcDbDictionary
280
     1
281
     1
  3
ADSK_XREC_LAYER_RECONCILED
360
1AF
  0
DICTIONARY
  5
1B8
330
1B7
100
AcDbDictionary
280
     1
281
     1
  3
ADSK_XREC_LAYER_RECONCILED
360
1B9
  0
DICTIONARY
  5
51A
330
519
100
AcDbDictionary
280
     1
281
     1
  3
ADSK_XREC_LAYER_RECONCILED
360
51B
  0
DICTIONARY
  5
87
330
86
100
AcDbDictionary
280
     1
281
     1
  3
ADSK_XREC_LAYER_RECONCILED
360
88
  0
DICTIONARY
  5
A2
330
A1
100
AcDbDictionary
280
     1
281
     1
  3
ADSK_XREC_LAYER_RECONCILED
360
A3
  0
DICTIONARY
  5
305
330
304
100
AcDbDictionary
280
     1
281
     1
  3
ADSK_XREC_LAYER_RECONCILED
360
306
  0
DICTIONARY
  5
404
330
403
100
AcDbDictionary
280
     1
281
     1
  3
ADSK_XREC_LAYER_RECONCILED
360
405
  0
DICTIONARY
  5
AF
330
AE
100
AcDbDictionary
280
     1
281
     1
  3
ADSK_XREC_LAYER_RECONCILED
360
B0
  0
DICTIONARY
  5
663
330
662
100
AcDbDictionary
280
     1
281
     1
  3
ADSK_XREC_LAYER_RECONCILED
360
664
  0
DICTIONARY
  5
712
330
711
100
AcDbDictionary
280
     1
281
     1
  3
ADSK_XREC_LAYER_RECONCILED
360
713
  0
DICTIONARY
  5
1EB
330
1EA
100
AcDbDictionary
280
     1
281
     1
  3
ADSK_XREC_LAYER_RECONCILED
360
1EC
  0
DICTIONARY
  5
4B1
330
4B0
100
AcDbDictionary
280
     1
281
     1
  3
ADSK_XREC_LAYER_RECONCILED
360
4B2
  0
DICTIONARY
  5
2CC
330
2CB
100
AcDbDictionary
280
     1
281
     1
  3
ADSK_XREC_LAYER_RECONCILED
360
2CD
  0
DICTIONARY
  5
649
330
648
100
AcDbDictionary
280
     1
281
     1
  3
ADSK_XREC_LAYER_RECONCILED
360
64A
  0
DICTIONARY
  5
358
330
357
100
AcDbDictionary
280
     1
281
     1
  3
ADSK_XREC_LAYER_RECONCILED
360
359
  0
DICTIONARY
  5
267
330
266
100
AcDbDictionary
280
     1
281
     1
  3
ADSK_XREC_LAYER_RECONCILED
360
268
  0
DICTIONARY
  5
4FB
330
4FA
100
AcDbDictionary
280
     1
281
     1
  3
ADSK_XREC_LAYER_RECONCILED
360
4FC
  0
DICTIONARY
  5
AA
330
A9
100
AcDbDictionary
280
     1
281
     1
  3
ADSK_XREC_LAYER_RECONCILED
360
AB
  0
DICTIONARY
  5
6AA
330
6A9
100
AcDbDictionary
280
     1
281
     1
  3
ADSK_XREC_LAYER_RECONCILED
360
6AB
  0
DICTIONARY
  5
6AF
330
6AE
100
AcDbDictionary
280
     1
281
     1
  3
ADSK_XREC_LAYER_RECONCILED
360
6B0
  0
DICTIONARY
  5
3
330
2
100
AcDbDictionary
280
     1
281
     1
  3
ACAD_SORTENTS
360
CD4
  0
DICTIONARY
  5
90
330
8F
100
AcDbDictionary
280
     1
281
     1
  3
ACAD_SORTENTS
360
CCD
  0
DICTIONARY
  5
1C4
330
1C3
100
AcDbDictionary
280
     1
281
     1
  3
ACAD_SORTENTS
360
CCE
  0
DICTIONARY
  5
897
330
896
100
AcDbDictionary
280
     1
281
     1
  3
ACAD_SORTENTS
360
CD1
  0
DICTIONARY
  5
1B1
330
1B0
100
AcDbDictionary
280
     1
281
     1
  3
ACAD_SORTENTS
360
CD0
  0
DICTIONARY
  5
8ED
330
8EC
100
AcDbDictionary
280
     1
281
     1
  3
ACAD_SORTENTS
360
CCF
  0
DICTIONARY
  5
34
330
33
100
AcDbDictionary
280
     1
281
     1
  3
ACAD_SORTENTS
360
CD2
  0
DICTIONARY
  5
20D
330
20C
100
AcDbDictionary
280
     1
281
     1
  3
ACAD_SORTENTS
360
CD3
  0
XRECORD
  5
D04
102
{ACAD_REACTORS
330
B
102
}
330
B
100
AcDbXrecord
280
     1
300
ACD
300
2022
300

  0
DICTIONARY
  5
4C
102
{ACAD_REACTORS
330
B
102
}
330
B
100
AcDbDictionary
281
     1
  0
DICTIONARY
  5
D02
102
{ACAD_REACTORS
330
B
102
}
330
B
100
AcDbDictionary
281
     1
  3
Imperial24
350
D03
  0
DICTIONARY
  5
47
102
{ACAD_REACTORS
330
B
102
}
330
B
100
AcDbDictionary
281
     1
  0
DICTIONARY
  5
13
102
{ACAD_REACTORS
330
B
102
}
330
B
100
AcDbDictionary
281
     1
  3
Model
350
12
  3
布局1
350
19
  0
DICTIONARY
  5
D
102
{ACAD_REACTORS
330
B
102
}
330
B
100
AcDbDictionary
281
     1
  3
ByBlock
350
4B
  3
ByLayer
350
4A
  3
Global
350
C
  0
DICTIONARY
  5
4F
102
{ACAD_REACTORS
330
B
102
}
330
B
100
AcDbDictionary
281
     1
  3
Standard
350
CFF
  0
DICTIONARY
  5
48
102
{ACAD_REACTORS
330
B
102
}
330
B
100
AcDbDictionary
281
     1
  3
STANDARD
350
5F
  0
DICTIONARY
  5
49
102
{ACAD_REACTORS
330
B
102
}
330
B
100
AcDbDictionary
281
     1
  0
ACDBDICTIONARYWDFLT
  5
A
102
{ACAD_REACTORS
330
B
102
}
330
B
100
AcDbDictionary
281
     1
  3
Normal
350
9
100
AcDbDictionaryWithDefault
340
9
  0
DICTIONARY
  5
4D
102
{ACAD_REACTORS
330
B
102
}
330
B
100
AcDbDictionary
281
     1
  3
A0
350
64
  3
A1
350
65
  3
A2
350
66
  3
A3
350
67
  3
A4
350
68
  3
A5
350
69
  3
A6
350
6A
  3
A7
350
6B
  3
A8
350
6C
  3
A9
350
6D
  3
B0
350
6E
  3
B1
350
6F
  3
B2
350
70
  3
B3
350
71
  3
B4
350
72
  3
B5
350
73
  3
B6
350
74
  3
B7
350
75
  3
B8
350
76
  3
B9
350
77
  3
C0
350
78
  3
C1
350
79
  3
C2
350
7A
  3
C3
350
7B
  3
C4
350
7C
  3
C5
350
7D
  3
C6
350
7E
  3
C7
350
7F
  3
C8
350
80
  3
C9
350
81
  3
D0
350
82
  3
D1
350
83
  3
D2
350
84
  0
DICTIONARY
  5
D00
102
{ACAD_REACTORS
330
B
102
}
330
B
100
AcDbDictionary
281
     1
  3
Imperial24
350
D01
  0
DICTIONARY
  5
4E
102
{ACAD_REACTORS
330
B
102
}
330
B
100
AcDbDictionary
281
     1
  3
Standard
350
60
  0
DICTIONARY
  5
2C
102
{ACAD_REACTORS
330
B
102
}
330
B
100
AcDbDictionary
281
     1
  3
2dWireframe
350
2B
  3
3dWireframe
350
63
  3
Basic
350
CEE
  3
Brighten
350
CF3
  3
ColorChange
350
CF7
  3
Conceptual
350
CF1
  3
Dim
350
CF2
  3
EdgeColorOff
350
8F1
  3
Facepattern
350
CF6
  3
Flat
350
CEA
  3
FlatWithEdges
350
CEB
  3
Gouraud
350
CEC
  3
GouraudWithEdges
350
CED
  3
Hidden
350
CF0
  3
JitterOff
350
CFD
  3
Linepattern
350
CF5
  3
OverhangOff
350
CFE
  3
Realistic
350
62
  3
Shaded
350
CFC
  3
Shaded with edges
350
CFB
  3
Shades of Gray
350
CF8
  3
Sketchy
350
CF9
  3
Thicken
350
CF4
  3
Wireframe
350
CEF
  3
X-Ray
350
CFA
  0
XRECORD
  5
D06
102
{ACAD_REACTORS
330
B
102
}
330
B
100
AcDbXrecord
280
     1
 90
        1
330
60
  0
DICTIONARY
  5
50
102
{ACAD_REACTORS
330
B
102
}
330
B
100
AcDbDictionary
281
     1
  3
CANNOSCALE
350
51
  3
CMLEADERSTYLE
350
52
  3
CTABLESTYLE
350
53
  3
CVIEWDETAILSTYLE
350
54
  3
CVIEWSECTIONSTYLE
350
55
  3
LAYEREVAL
350
56
  3
LAYERNOTIFY
350
57
  3
LIGHTINGUNITS
350
58
  3
MSLTSCALE
350
59
  3
SOLIDHIST
350
5A
  0
DICTIONARY
  5
1C
102
{ACAD_REACTORS
330
1B
102
}
330
1B
100
AcDbDictionary
281
     1
  0
DICTIONARY
  5
1D
102
{ACAD_REACTORS
330
1B
102
}
330
1B
100
AcDbDictionary
281
     1
  0
DICTIONARY
  5
1E
102
{ACAD_REACTORS
330
1B
102
}
330
1B
100
AcDbDictionary
281
     1
1001
ACAD
1000
<All
  0
XRECORD
  5
8
102
{ACAD_REACTORS
330
7
102
}
330
7
100
AcDbXrecord
280
     1
290
     1
  0
XRECORD
  5
8DC
102
{ACAD_REACTORS
330
8DB
102
}
330
8DB
100
AcDbXrecord
280
     1
290
     1
  0
XRECORD
  5
5D
102
{ACAD_REACTORS
330
5C
102
}
330
5C
100
AcDbXrecord
280
     1
290
     1
  0
XRECORD
  5
856
102
{ACAD_REACTORS
330
855
102
}
330
855
100
AcDbXrecord
280
     1
290
     1
  0
XRECORD
  5
1AF
102
{ACAD_REACTORS
330
1AE
102
}
330
1AE
100
AcDbXrecord
280
     1
290
     1
  0
XRECORD
  5
1B9
102
{ACAD_REACTORS
330
1B8
102
}
330
1B8
100
AcDbXrecord
280
     1
290
     1
  0
XRECORD
  5
51B
102
{ACAD_REACTORS
330
51A
102
}
330
51A
100
AcDbXrecord
280
     1
290
     1
  0
XRECORD
  5
88
102
{ACAD_REACTORS
330
87
102
}
330
87
100
AcDbXrecord
280
     1
290
     1
  0
XRECORD
  5
A3
102
{ACAD_REACTORS
330
A2
102
}
330
A2
100
AcDbXrecord
280
     1
290
     1
  0
XRECORD
  5
306
102
{ACAD_REACTORS
330
305
102
}
330
305
100
AcDbXrecord
280
     1
290
     1
  0
XRECORD
  5
405
102
{ACAD_REACTORS
330
404
102
}
330
404
100
AcDbXrecord
280
     1
290
     1
  0
XRECORD
  5
B0
102
{ACAD_REACTORS
330
AF
102
}
330
AF
100
AcDbXrecord
280
     1
290
     1
  0
XRECORD
  5
664
102
{ACAD_REACTORS
330
663
102
}
330
663
100
AcDbXrecord
280
     1
290
     1
  0
XRECORD
  5
713
102
{ACAD_REACTORS
330
712
102
}
330
712
100
AcDbXrecord
280
     1
290
     1
  0
XRECORD
  5
1EC
102
{ACAD_REACTORS
330
1EB
102
}
330
1EB
100
AcDbXrecord
280
     1
290
     1
  0
XRECORD
  5
4B2
102
{ACAD_REACTORS
330
4B1
102
}
330
4B1
100
AcDbXrecord
280
     1
290
     1
  0
XRECORD
  5
2CD
102
{ACAD_REACTORS
330
2CC
102
}
330
2CC
100
AcDbXrecord
280
     1
290
     1
  0
XRECORD
  5
64A
102
{ACAD_REACTORS
330
649
102
}
330
649
100
AcDbXrecord
280
     1
290
     1
  0
XRECORD
  5
359
102
{ACAD_REACTORS
330
358
102
}
330
358
100
AcDbXrecord
280
     1
290
     1
  0
XRECORD
  5
268
102
{ACAD_REACTORS
330
267
102
}
330
267
100
AcDbXrecord
280
     1
290
     1
  0
XRECORD
  5
4FC
102
{ACAD_REACTORS
330
4FB
102
}
330
4FB
100
AcDbXrecord
280
     1
290
     1
  0
XRECORD
  5
AB
102
{ACAD_REACTORS
330
AA
102
}
330
AA
100
AcDbXrecord
280
     1
290
     1
  0
XRECORD
  5
6AB
102
{ACAD_REACTORS
330
6AA
102
}
330
6AA
100
AcDbXrecord
280
     1
290
     1
  0
XRECORD
  5
6B0
102
{ACAD_REACTORS
330
6AF
102
}
330
6AF
100
AcDbXrecord
280
     1
290
     1
  0
SORTENTSTABLE
  5
CD4
102
{ACAD_REACTORS
330
3
102
}
330
3
100
AcDbSortentsTable
330
2
  0
SORTENTSTABLE
  5
CCD
102
{ACAD_REACTORS
330
90
102
}
330
90
100
AcDbSortentsTable
330
8F
  0
SORTENTSTABLE
  5
CCE
102
{ACAD_REACTORS
330
1C4
102
}
330
1C4
100
AcDbSortentsTable
330
1C3
  0
SORTENTSTABLE
  5
CD1
102
{ACAD_REACTORS
330
897
102
}
330
897
100
AcDbSortentsTable
330
896
  0
SORTENTSTABLE
  5
CD0
102
{ACAD_REACTORS
330
1B1
102
}
330
1B1
100
AcDbSortentsTable
330
1B0
  0
SORTENTSTABLE
  5
CCF
102
{ACAD_REACTORS
330
8ED
102
}
330
8ED
100
AcDbSortentsTable
330
8EC
  0
SORTENTSTABLE
  5
CD2
102
{ACAD_REACTORS
330
34
102
}
330
34
100
AcDbSortentsTable
330
33
  0
SORTENTSTABLE
  5
CD3
102
{ACAD_REACTORS
330
20D
102
}
330
20D
100
AcDbSortentsTable
330
20C
  0
ACDBDETAILVIEWSTYLE
  5
D03
102
{ACAD_REACTORS
330
D02
102
}
330
D02
100
AcDbModelDocViewStyle
 70
     0
  3
Imperial24
290
     1
300
Imperial24
 90
        0
100
AcDbDetailViewStyle
 70
     0
 71
     0
 90
        3
 71
     1
340
21
 62
   256
 40
0.24
340
0
 62
   256
 40
0.24
300

 40
0.36
280
     3
 71
     2
340
E
 90
       25
 62
   256
 71
     3
340
21
 62
   256
 40
0.24
 90
        1
 40
0.75
 90
        1
300
%<\AcVar ViewType \f "%tc1">% %<\AcVar ViewDetailId>%\PSCALE %<\AcVar ViewScale \f "%sn">%
 71
     4
340
E
 90
       25
 62
   256
340
E
 90
       25
 62
   256
280
     0
  0
LAYOUT
  5
12
102
{ACAD_XDICTIONARY
360
14
102
}
102
{ACAD_REACTORS
330
13
102
}
330
13
100
AcDbPlotSettings
  1

  2
\\Hp-9\HP LaserJet 5100 PCL 6
  4
A3
  6

 40
4.233333110809326
 41
4.233341693878172
 42
4.23333740234375
 43
4.23333740234375
 44
296.9259948730469
 45
419.9466552734373
 46
0.0
 47
1.778849652318938
 48
810433.6582373028
 49
-1375404.803388039
140
1037233.658237302
141
-1215024.803388039
142
1.0
143
555.9882675170626
 70
  3764
 72
     1
 73
     1
 74
     4
  7
户型索引.ctb
 75
     0
147
0.0017985991043764
 76
     1
 77
     2
 78
   300
148
-810433.6582373028
149
1375404.803388039
100
AcDbLayout
  1
Model
 70
     1
 71
     0
 10
0.0
 20
0.0
 11
12.0
 21
9.0
 12
0.0
 22
0.0
 32
0.0
 14
0.0
 24
0.0
 34
0.0
 15
0.0
 25
0.0
 35
0.0
146
0.0
 13
0.0
 23
0.0
 33
0.0
 16
1.0
 26
0.0
 36
0.0
 17
0.0
 27
1.0
 37
0.0
 76
     0
330
2
331
2A
1001
ACAD_PSEXT
1000
\\Hp-9\HP LaserJet 5100 PCL 6
1000
HP LaserJet 5100 PCL 6
1000
\\Hp-9
1000

1070
     0
  0
LAYOUT
  5
19
102
{ACAD_REACTORS
330
13
102
}
330
13
100
AcDbPlotSettings
  1

  2
\\DEVELOP_SERVER\Lexmark Optra S PS
  4

  6

 40
0.0
 41
0.0
 42
0.0
 43
0.0
 44
0.0
 45
0.0
 46
0.0
 47
0.0
 48
0.0
 49
0.0
140
0.0
141
0.0
142
1.0
143
1.0
 70
   688
 72
     0
 73
     0
 74
     5
  7
户型索引.ctb
 75
    16
147
1.0
 76
     0
 77
     2
 78
   300
148
0.0
149
0.0
100
AcDbLayout
  1
布局1
 70
     1
 71
     1
 10
0.0
 20
0.0
 11
12.0
 21
9.0
 12
0.0
 22
0.0
 32
0.0
 14
1.049999952316283
 24
0.7999999523162842
 34
0.0
 15
9.449999570846555
 25
7.199999570846556
 35
0.0
146
0.0
 13
0.0
 23
0.0
 33
0.0
 16
1.0
 26
0.0
 36
0.0
 17
0.0
 27
1.0
 37
0.0
 76
     0
330
16
  0
MATERIAL
  5
4B
102
{ACAD_REACTORS
330
D
102
}
330
D
100
AcDbMaterial
  1
ByBlock
 73
     1
 78
     1
172
     1
176
     1
270
     1
274
     1
 94
       63
  0
MATERIAL
  5
4A
102
{ACAD_REACTORS
330
D
102
}
330
D
100
AcDbMaterial
  1
ByLayer
 73
     1
 78
     1
172
     1
176
     1
270
     1
274
     1
 94
       63
  0
MATERIAL
  5
C
102
{ACAD_REACTORS
330
D
102
}
330
D
100
AcDbMaterial
  1
Global
 73
     1
 78
     1
172
     1
176
     1
270
     1
274
     1
 94
       63
  0
MLEADERSTYLE
  5
CFF
102
{ACAD_REACTORS
330
4F
102
}
330
4F
100
AcDbMLeaderStyle
179
     2
170
     2
171
     1
172
     0
 90
        2
 40
0.0
 41
0.0
173
     1
 91
-1056964608
340
25
 92
       -2
290
     1
 42
0.09
291
     1
 43
0.36
  3
Standard
 44
0.18
300

342
21
174
     1
178
     6
175
     1
176
     0
 93
-1056964608
 45
0.18
292
     0
297
     0
 46
0.18
 94
-1056964608
 47
1.0
 49
1.0
140
1.0
293
     1
141
0.0
294
     1
177
     0
142
1.0
295
     1
296
     0
143
0.125
271
     0
272
     9
273
     9
298
     1
  0
MLINESTYLE
  5
5F
102
{ACAD_REACTORS
330
48
102
}
330
48
100
AcDbMlineStyle
  2
STANDARD
 70
     0
  3

 62
     0
 51
90.0
 52
90.0
 71
     2
 49
0.5
 62
   256
  6
BYLAYER
 49
-0.5
 62
   256
  6
BYLAYER
  0
ACDBPLACEHOLDER
  5
9
102
{ACAD_REACTORS
330
A
102
}
330
A
  0
SCALE
  5
64
102
{ACAD_REACTORS
330
4D
102
}
330
4D
100
AcDbScale
 70
     0
300
1:1
140
1.0
141
1.0
290
     1
  0
SCALE
  5
65
102
{ACAD_REACTORS
330
4D
102
}
330
4D
100
AcDbScale
 70
     0
300
1:2
140
1.0
141
2.0
290
     0
  0
SCALE
  5
66
102
{ACAD_REACTORS
330
4D
102
}
330
4D
100
AcDbScale
 70
     0
300
1:4
140
1.0
141
4.0
290
     0
  0
SCALE
  5
67
102
{ACAD_REACTORS
330
4D
102
}
330
4D
100
AcDbScale
 70
     0
300
1:5
140
1.0
141
5.0
290
     0
  0
SCALE
  5
68
102
{ACAD_REACTORS
330
4D
102
}
330
4D
100
AcDbScale
 70
     0
300
1:8
140
1.0
141
8.0
290
     0
  0
SCALE
  5
69
102
{ACAD_REACTORS
330
4D
102
}
330
4D
100
AcDbScale
 70
     0
300
1:10
140
1.0
141
10.0
290
     0
  0
SCALE
  5
6A
102
{ACAD_REACTORS
330
4D
102
}
330
4D
100
AcDbScale
 70
     0
300
1:16
140
1.0
141
16.0
290
     0
  0
SCALE
  5
6B
102
{ACAD_REACTORS
330
4D
102
}
330
4D
100
AcDbScale
 70
     0
300
1:20
140
1.0
141
20.0
290
     0
  0
SCALE
  5
6C
102
{ACAD_REACTORS
330
4D
102
}
330
4D
100
AcDbScale
 70
     0
300
1:30
140
1.0
141
30.0
290
     0
  0
SCALE
  5
6D
102
{ACAD_REACTORS
330
4D
102
}
330
4D
100
AcDbScale
 70
     0
300
1:40
140
1.0
141
40.0
290
     0
  0
SCALE
  5
6E
102
{ACAD_REACTORS
330
4D
102
}
330
4D
100
AcDbScale
 70
     0
300
1:50
140
1.0
141
50.0
290
     0
  0
SCALE
  5
6F
102
{ACAD_REACTORS
330
4D
102
}
330
4D
100
AcDbScale
 70
     0
300
1:100
140
1.0
141
100.0
290
     0
  0
SCALE
  5
70
102
{ACAD_REACTORS
330
4D
102
}
330
4D
100
AcDbScale
 70
     0
300
2:1
140
2.0
141
1.0
290
     0
  0
SCALE
  5
71
102
{ACAD_REACTORS
330
4D
102
}
330
4D
100
AcDbScale
 70
     0
300
4:1
140
4.0
141
1.0
290
     0
  0
SCALE
  5
72
102
{ACAD_REACTORS
330
4D
102
}
330
4D
100
AcDbScale
 70
     0
300
8:1
140
8.0
141
1.0
290
     0
  0
SCALE
  5
73
102
{ACAD_REACTORS
330
4D
102
}
330
4D
100
AcDbScale
 70
     0
300
10:1
140
10.0
141
1.0
290
     0
  0
SCALE
  5
74
102
{ACAD_REACTORS
330
4D
102
}
330
4D
100
AcDbScale
 70
     0
300
100:1
140
100.0
141
1.0
290
     0
  0
SCALE
  5
75
102
{ACAD_REACTORS
330
4D
102
}
330
4D
100
AcDbScale
 70
     0
300
1/128" = 1'-0"
140
0.0078125
141
12.0
290
     0
  0
SCALE
  5
76
102
{ACAD_REACTORS
330
4D
102
}
330
4D
100
AcDbScale
 70
     0
300
1/64" = 1'-0"
140
0.015625
141
12.0
290
     0
  0
SCALE
  5
77
102
{ACAD_REACTORS
330
4D
102
}
330
4D
100
AcDbScale
 70
     0
300
1/32" = 1'-0"
140
0.03125
141
12.0
290
     0
  0
SCALE
  5
78
102
{ACAD_REACTORS
330
4D
102
}
330
4D
100
AcDbScale
 70
     0
300
1/16" = 1'-0"
140
0.0625
141
12.0
290
     0
  0
SCALE
  5
79
102
{ACAD_REACTORS
330
4D
102
}
330
4D
100
AcDbScale
 70
     0
300
3/32" = 1'-0"
140
0.09375
141
12.0
290
     0
  0
SCALE
  5
7A
102
{ACAD_REACTORS
330
4D
102
}
330
4D
100
AcDbScale
 70
     0
300
1/8" = 1'-0"
140
0.125
141
12.0
290
     0
  0
SCALE
  5
7B
102
{ACAD_REACTORS
330
4D
102
}
330
4D
100
AcDbScale
 70
     0
300
3/16" = 1'-0"
140
0.1875
141
12.0
290
     0
  0
SCALE
  5
7C
102
{ACAD_REACTORS
330
4D
102
}
330
4D
100
AcDbScale
 70
     0
300
1/4" = 1'-0"
140
0.25
141
12.0
290
     0
  0
SCALE
  5
7D
102
{ACAD_REACTORS
330
4D
102
}
330
4D
100
AcDbScale
 70
     0
300
3/8" = 1'-0"
140
0.375
141
12.0
290
     0
  0
SCALE
  5
7E
102
{ACAD_REACTORS
330
4D
102
}
330
4D
100
AcDbScale
 70
     0
300
1/2" = 1'-0"
140
0.5
141
12.0
290
     0
  0
SCALE
  5
7F
102
{ACAD_REACTORS
330
4D
102
}
330
4D
100
AcDbScale
 70
     0
300
3/4" = 1'-0"
140
0.75
141
12.0
290
     0
  0
SCALE
  5
80
102
{ACAD_REACTORS
330
4D
102
}
330
4D
100
AcDbScale
 70
     0
300
1" = 1'-0"
140
1.0
141
12.0
290
     0
  0
SCALE
  5
81
102
{ACAD_REACTORS
330
4D
102
}
330
4D
100
AcDbScale
 70
     0
300
1-1/2" = 1'-0"
140
1.5
141
12.0
290
     0
  0
SCALE
  5
82
102
{ACAD_REACTORS
330
4D
102
}
330
4D
100
AcDbScale
 70
     0
300
3" = 1'-0"
140
3.0
141
12.0
290
     0
  0
SCALE
  5
83
102
{ACAD_REACTORS
330
4D
102
}
330
4D
100
AcDbScale
 70
     0
300
6" = 1'-0"
140
6.0
141
12.0
290
     0
  0
SCALE
  5
84
102
{ACAD_REACTORS
330
4D
102
}
330
4D
100
AcDbScale
 70
     0
300
1'-0" = 1'-0"
140
12.0
141
12.0
290
     0
  0
ACDBSECTIONVIEWSTYLE
  5
D01
102
{ACAD_REACTORS
330
D00
102
}
330
D00
100
AcDbModelDocViewStyle
 70
     0
  3
Imperial24
290
     1
300
Imperial24
 90
        0
100
AcDbSectionViewStyle
 70
     0
 71
     0
 90
       78
 71
     1
340
21
 62
   256
 40
0.24
340
0
340
0
 62
   256
 40
0.24
300
I, O, Q, S, X, Z
 40
0.48
 90
        3
 40
0.18
 90
        1
 71
     2
340
E
 90
       25
 62
   256
340
E
 90
       50
 62
   256
 40
0.24
 40
0.0
 40
0.24
 71
     3
340
21
 62
   256
 40
0.24
 90
        1
 40
0.75
 90
        1
300
%<\AcVar ViewType \f "%tc1">% %<\AcVar ViewSectionStartId>%-%<\AcVar ViewSectionEndId>%\PSCALE %<\AcVar ViewScale \f "%sn">%
 71
     4
 62
   256
 62
   257
300
ANSI31
 40
1.0
 90
        0
290
     0
290
     0
 90
        6
 40
0.0
 40
1.570796326794896
 40
0.2617993877991494
 40
1.308996938995747
 40
-0.2617993877991494
 40
1.832595714594046
  0
TABLESTYLE
  5
60
102
{ACAD_XDICTIONARY
360
61
102
}
102
{ACAD_REACTORS
330
4E
102
}
330
4E
100
AcDbTableStyle
280
     0
  3
Standard
 70
     0
 71
     0
 40
0.06
 41
0.06
280
     0
281
     0
  7
STANDARD
140
0.18
170
     2
 62
     0
 63
     7
283
     0
 90
        4
 91
        0
  1

274
    -2
284
     1
 64
     0
275
    -2
285
     1
 65
     0
276
    -2
286
     1
 66
     0
277
    -2
287
     1
 67
     0
278
    -2
288
     1
 68
     0
279
    -2
289
     1
 69
     0
  7
STANDARD
140
0.25
170
     5
 62
     0
 63
     7
283
     0
 90
        4
 91
        0
  1

274
    -2
284
     1
 64
     0
275
    -2
285
     1
 65
     0
276
    -2
286
     1
 66
     0
277
    -2
287
     1
 67
     0
278
    -2
288
     1
 68
     0
279
    -2
289
     1
 69
     0
  7
STANDARD
140
0.18
170
     5
 62
     0
 63
     7
283
     0
 90
        4
 91
        0
  1

274
    -2
284
     1
 64
     0
275
    -2
285
     1
 65
     0
276
    -2
286
     1
 66
     0
277
    -2
287
     1
 67
     0
278
    -2
288
     1
 68
     0
279
    -2
289
     1
 69
     0
  0
VISUALSTYLE
  5
2B
102
{ACAD_REACTORS
330
2C
102
}
330
2C
100
AcDbVisualStyle
  2
2dWireframe
 70
     4
177
     3
291
     0
 70
    58
 90
        0
176
     1
 90
        2
176
     1
 90
        0
176
     1
 90
        0
176
     1
 40
0.6
176
     1
 40
30.0
176
     1
 62
     7
176
     1
 90
        1
176
     1
 90
        4
176
     1
 62
     7
176
     1
 62
   257
176
     1
 90
        1
176
     1
 90
        1
176
     1
 40
1.0
176
     1
 90
        0
176
     1
 62
   257
176
     1
 40
1.0
176
     1
 90
        1
176
     1
 90
        6
176
     1
 90
        2
176
     1
 62
     7
176
     1
 90
        5
176
     1
 90
        0
176
     1
 90
        0
176
     1
290
     0
176
     1
 90
        1
176
     1
 40
0.0
176
     1
 90
        0
176
     1
290
     1
176
     1
290
     1
176
     1
290
     0
176
     1
290
     0
176
     1
290
     0
176
     1
290
     0
176
     1
290
     0
176
     1
290
     0
176
     1
290
     0
176
     1
 90
       50
176
     1
 40
0.0
176
     1
 40
1.0
176
     1
 90
        0
176
     1
 62
    18
176
     1
 90
       50
176
     1
 90
        3
176
     1
 62
     5
420
      255
176
     1
290
     0
176
     1
 90
       50
176
     1
 90
       50
176
     1
 90
       50
176
     1
290
     0
176
     1
 90
       50
176
     1
 62
   256
176
     0
 40
1.0
176
     0
 90
        2
176
     1
  1
strokes_ogs.tif
176
     1
290
     0
176
     1
 40
1.0
176
     1
 40
1.0
176
     1
  0
VISUALSTYLE
  5
63
102
{ACAD_REACTORS
330
2C
102
}
330
2C
100
AcDbVisualStyle
  2
3dWireframe
 70
     5
177
     3
291
     0
 70
    58
 90
        0
176
     1
 90
        2
176
     1
 90
        0
176
     1
 90
        0
176
     1
 40
0.6
176
     1
 40
30.0
176
     1
 62
     7
176
     1
 90
        1
176
     1
 90
        4
176
     1
 62
     7
176
     1
 62
   257
176
     1
 90
        1
176
     1
 90
        1
176
     1
 40
1.0
176
     1
 90
        0
176
     1
 62
   257
176
     1
 40
1.0
176
     1
 90
        1
176
     1
 90
        6
176
     1
 90
        2
176
     1
 62
     7
176
     1
 90
        5
176
     1
 90
        0
176
     1
 90
        0
176
     1
290
     0
176
     1
 90
        1
176
     1
 40
0.0
176
     1
 90
        0
176
     1
290
     0
176
     1
290
     1
176
     1
290
     1
176
     1
290
     0
176
     1
290
     0
176
     1
290
     0
176
     1
290
     0
176
     1
290
     0
176
     1
290
     0
176
     1
 90
       50
176
     1
 40
0.0
176
     1
 40
1.0
176
     1
 90
        0
176
     1
 62
    18
176
     1
 90
       50
176
     1
 90
        3
176
     1
 62
     5
420
      255
176
     1
290
     0
176
     1
 90
       50
176
     1
 90
       50
176
     1
 90
       50
176
     1
290
     0
176
     1
 90
       50
176
     1
 62
   256
176
     0
 40
1.0
176
     0
 90
        2
176
     1
  1
strokes_ogs.tif
176
     1
290
     0
176
     1
 40
1.0
176
     1
 40
1.0
176
     1
  0
VISUALSTYLE
  5
CEE
102
{ACAD_REACTORS
330
2C
102
}
330
2C
100
AcDbVisualStyle
  2
Basic
 70
     7
177
     3
291
     1
 70
    58
 90
        1
176
     1
 90
        0
176
     1
 90
        1
176
     1
 90
        0
176
     1
 40
0.6
176
     1
 40
30.0
176
     1
 62
     7
420
 16777215
176
     1
 90
        0
176
     1
 90
        4
176
     1
 62
     7
176
     1
 62
   257
176
     1
 90
        1
176
     1
 90
        1
176
     1
 40
1.0
176
     1
 90
        8
176
     1
 62
     7
176
     1
 40
1.0
176
     1
 90
        1
176
     1
 90
        6
176
     1
 90
        2
176
     1
 62
     7
176
     1
 90
        5
176
     1
 90
        0
176
     1
 90
        0
176
     1
290
     0
176
     1
 90
        1
176
     1
 40
0.0
176
     1
 90
        0
176
     1
290
     0
176
     1
290
     1
176
     1
290
     1
176
     1
290
     0
176
     1
290
     0
176
     1
290
     0
176
     1
290
     0
176
     1
290
     0
176
     1
290
     0
176
     1
 90
       50
176
     1
 40
0.0
176
     1
 40
1.0
176
     1
 90
        0
176
     1
 62
    18
420
        0
176
     1
 90
       50
176
     1
 90
        3
176
     1
 62
     5
420
      255
176
     1
290
     0
176
     1
 90
       50
176
     1
 90
       50
176
     1
 90
       50
176
     1
290
     0
176
     1
 90
       50
176
     1
 62
   256
176
     0
 40
1.0
176
     0
 90
        2
176
     1
  1
strokes_ogs.tif
176
     1
290
     0
176
     1
 40
1.0
176
     1
 40
1.0
176
     1
  0
VISUALSTYLE
  5
CF3
102
{ACAD_REACTORS
330
2C
102
}
330
2C
100
AcDbVisualStyle
  2
Brighten
 70
    12
177
     3
291
     1
 70
    58
 90
        2
176
     1
 90
        2
176
     1
 90
        0
176
     1
 90
        0
176
     1
 40
0.6
176
     1
 40
30.0
176
     1
 62
     7
420
 16777215
176
     1
 90
        1
176
     1
 90
        4
176
     1
 62
     7
176
     1
 62
   257
176
     1
 90
        1
176
     1
 90
        1
176
     1
 40
1.0
176
     1
 90
        8
176
     1
 62
     7
176
     1
 40
1.0
176
     1
 90
        1
176
     1
 90
        6
176
     1
 90
        2
176
     1
 62
     7
176
     1
 90
        5
176
     1
 90
        0
176
     1
 90
        0
176
     1
290
     0
176
     1
 90
        1
176
     1
 40
50.0
176
     1
 90
        0
176
     1
290
     0
176
     1
290
     1
176
     1
290
     1
176
     1
290
     0
176
     1
290
     0
176
     1
290
     0
176
     1
290
     0
176
     1
290
     0
176
     1
290
     0
176
     1
 90
       50
176
     1
 40
0.0
176
     1
 40
1.0
176
     1
 90
        0
176
     1
 62
    18
420
        0
176
     1
 90
       50
176
     1
 90
        3
176
     1
 62
     5
420
      255
176
     1
290
     0
176
     1
 90
       50
176
     1
 90
       50
176
     1
 90
       50
176
     1
290
     0
176
     1
 90
       50
176
     1
 62
   256
176
     0
 40
1.0
176
     0
 90
        2
176
     1
  1
strokes_ogs.tif
176
     1
290
     0
176
     1
 40
1.0
176
     1
 40
1.0
176
     1
  0
VISUALSTYLE
  5
CF7
102
{ACAD_REACTORS
330
2C
102
}
330
2C
100
AcDbVisualStyle
  2
ColorChange
 70
    16
177
     3
291
     1
 70
    58
 90
        2
176
     1
 90
        2
176
     1
 90
        3
176
     1
 90
        0
176
     1
 40
0.6
176
     1
 40
30.0
176
     1
 62
     8
420
  8421504
176
     1
 90
        1
176
     1
 90
        4
176
     1
 62
     7
176
     1
 62
   257
176
     1
 90
        1
176
     1
 90
        1
176
     1
 40
1.0
176
     1
 90
        8
176
     1
 62
     8
420
  8421504
176
     1
 40
1.0
176
     1
 90
        1
176
     1
 90
        6
176
     1
 90
        2
176
     1
 62
     7
176
     1
 90
        5
176
     1
 90
        0
176
     1
 90
        0
176
     1
290
     0
176
     1
 90
        1
176
     1
 40
0.0
176
     1
 90
        0
176
     1
290
     0
176
     1
290
     1
176
     1
290
     1
176
     1
290
     0
176
     1
290
     0
176
     1
290
     0
176
     1
290
     0
176
     1
290
     0
176
     1
290
     0
176
     1
 90
       50
176
     1
 40
0.0
176
     1
 40
1.0
176
     1
 90
        0
176
     1
 62
    18
420
        0
176
     1
 90
       50
176
     1
 90
        3
176
     1
 62
     5
420
      255
176
     1
290
     0
176
     1
 90
       50
176
     1
 90
       50
176
     1
 90
       50
176
     1
290
     0
176
     1
 90
       50
176
     1
 62
   256
176
     0
 40
1.0
176
     0
 90
        2
176
     1
  1
strokes_ogs.tif
176
     1
290
     0
176
     1
 40
1.0
176
     1
 40
1.0
176
     1
  0
VISUALSTYLE
  5
CF1
102
{ACAD_REACTORS
330
2C
102
}
330
2C
100
AcDbVisualStyle
  2
Conceptual
 70
     9
177
     3
291
     0
 70
    58
 90
        3
176
     1
 90
        2
176
     1
 90
        0
176
     1
 90
        0
176
     1
 40
0.6
176
     1
 40
30.0
176
     1
 62
     7
420
 16777215
176
     1
 90
        2
176
     1
 90
        2
176
     1
 62
     7
176
     1
 62
   257
176
     1
 90
        1
176
     1
 90
        1
176
     1
 40
179.0
176
     1
 90
        8
176
     1
 62
     7
176
     1
 40
1.0
176
     1
 90
        1
176
     1
 90
        6
176
     1
 90
        2
176
     1
 62
     7
176
     1
 90
        3
176
     1
 90
        0
176
     1
 90
        0
176
     1
290
     0
176
     1
 90
        1
176
     1
 40
0.0
176
     1
 90
        0
176
     1
290
     0
176
     1
290
     1
176
     1
290
     1
176
     1
290
     0
176
     1
290
     0
176
     1
290
     0
176
     1
290
     0
176
     1
290
     0
176
     1
290
     0
176
     1
 90
       50
176
     1
 40
0.0
176
     1
 40
1.0
176
     1
 90
        0
176
     1
 62
    18
420
        0
176
     1
 90
       50
176
     1
 90
        3
176
     1
 62
     5
420
      255
176
     1
290
     0
176
     1
 90
       50
176
     1
 90
       50
176
     1
 90
       50
176
     1
290
     0
176
     1
 90
       50
176
     1
 62
   256
176
     0
 40
1.0
176
     0
 90
        2
176
     1
  1
strokes_ogs.tif
176
     1
290
     0
176
     1
 40
1.0
176
     1
 40
1.0
176
     1
  0
VISUALSTYLE
  5
CF2
102
{ACAD_REACTORS
330
2C
102
}
330
2C
100
AcDbVisualStyle
  2
Dim
 70
    11
177
     3
291
     1
 70
    58
 90
        2
176
     1
 90
        2
176
     1
 90
        0
176
     1
 90
        0
176
     1
 40
0.6
176
     1
 40
30.0
176
     1
 62
     7
420
 16777215
176
     1
 90
        1
176
     1
 90
        4
176
     1
 62
     7
176
     1
 62
   257
176
     1
 90
        1
176
     1
 90
        1
176
     1
 40
1.0
176
     1
 90
        8
176
     1
 62
     7
176
     1
 40
1.0
176
     1
 90
        1
176
     1
 90
        6
176
     1
 90
        2
176
     1
 62
     7
176
     1
 90
        5
176
     1
 90
        0
176
     1
 90
        0
176
     1
290
     0
176
     1
 90
        1
176
     1
 40
-50.0
176
     1
 90
        0
176
     1
290
     0
176
     1
290
     1
176
     1
290
     1
176
     1
290
     0
176
     1
290
     0
176
     1
290
     0
176
     1
290
     0
176
     1
290
     0
176
     1
290
     0
176
     1
 90
       50
176
     1
 40
0.0
176
     1
 40
1.0
176
     1
 90
        0
176
     1
 62
    18
420
        0
176
     1
 90
       50
176
     1
 90
        3
176
     1
 62
     5
420
      255
176
     1
290
     0
176
     1
 90
       50
176
     1
 90
       50
176
     1
 90
       50
176
     1
290
     0
176
     1
 90
       50
176
     1
 62
   256
176
     0
 40
1.0
176
     0
 90
        2
176
     1
  1
strokes_ogs.tif
176
     1
290
     0
176
     1
 40
1.0
176
     1
 40
1.0
176
     1
  0
VISUALSTYLE
  5
8F1
102
{ACAD_REACTORS
330
2C
102
}
330
2C
100
AcDbVisualStyle
  2
EdgeColorOff
 70
    22
177
     3
291
     1
 70
    58
 90
        2
176
     0
 90
        2
176
     0
 90
        0
176
     0
 90
        0
176
     0
 40
0.6
176
     0
 40
30.0
176
     0
 62
     7
420
 16777215
176
     0
 90
        1
176
     0
 90
        4
176
     0
 62
     7
176
     0
 62
   257
176
     0
 90
        1
176
     0
 90
        1
176
     0
 40
1.0
176
     0
 90
        8
176
     2
 62
     7
176
     0
 40
1.0
176
     0
 90
        1
176
     0
 90
        6
176
     0
 90
        2
176
     0
 62
     7
176
     0
 90
        5
176
     0
 90
        0
176
     0
 90
        0
176
     0
290
     0
176
     0
 90
        1
176
     0
 40
0.0
176
     0
 90
        0
176
     0
290
     0
176
     0
290
     1
176
     0
290
     1
176
     0
290
     0
176
     0
290
     0
176
     0
290
     0
176
     0
290
     0
176
     0
290
     0
176
     0
290
     0
176
     0
 90
       50
176
     0
 40
0.0
176
     0
 40
1.0
176
     0
 90
        0
176
     0
 62
    18
176
     0
 90
       50
176
     0
 90
        3
176
     0
 62
     5
420
      255
176
     0
290
     0
176
     0
 90
       50
176
     0
 90
       50
176
     0
 90
       50
176
     0
290
     0
176
     0
 90
       50
176
     0
 62
   256
176
     0
 40
1.0
176
     0
 90
        2
176
     0
  1
strokes_ogs.tif
176
     0
290
     0
176
     0
 40
1.0
176
     0
 40
1.0
176
     0
  0
VISUALSTYLE
  5
CF6
102
{ACAD_REACTORS
330
2C
102
}
330
2C
100
AcDbVisualStyle
  2
Facepattern
 70
    15
177
     3
291
     1
 70
    58
 90
        2
176
     1
 90
        2
176
     1
 90
        0
176
     1
 90
        0
176
     1
 40
0.6
176
     1
 40
30.0
176
     1
 62
     7
420
 16777215
176
     1
 90
        1
176
     1
 90
        4
176
     1
 62
     7
176
     1
 62
   257
176
     1
 90
        1
176
     1
 90
        1
176
     1
 40
1.0
176
     1
 90
        8
176
     1
 62
     7
176
     1
 40
1.0
176
     1
 90
        1
176
     1
 90
        6
176
     1
 90
        2
176
     1
 62
     7
176
     1
 90
        5
176
     1
 90
        0
176
     1
 90
        0
176
     1
290
     0
176
     1
 90
        1
176
     1
 40
0.0
176
     1
 90
        0
176
     1
290
     0
176
     1
290
     1
176
     1
290
     1
176
     1
290
     0
176
     1
290
     0
176
     1
290
     0
176
     1
290
     0
176
     1
290
     0
176
     1
290
     0
176
     1
 90
       50
176
     1
 40
0.0
176
     1
 40
1.0
176
     1
 90
        0
176
     1
 62
    18
420
        0
176
     1
 90
       50
176
     1
 90
        3
176
     1
 62
     5
420
      255
176
     1
290
     0
176
     1
 90
       50
176
     1
 90
       50
176
     1
 90
       50
176
     1
290
     0
176
     1
 90
       50
176
     1
 62
   256
176
     0
 40
1.0
176
     0
 90
        2
176
     1
  1
strokes_ogs.tif
176
     1
290
     0
176
     1
 40
1.0
176
     1
 40
1.0
176
     1
  0
VISUALSTYLE
  5
CEA
102
{ACAD_REACTORS
330
2C
102
}
330
2C
100
AcDbVisualStyle
  2
Flat
 70
     0
177
     3
291
     1
 70
    58
 90
        2
176
     1
 90
        1
176
     1
 90
        1
176
     1
 90
        2
176
     1
 40
0.6
176
     1
 40
30.0
176
     1
 62
     7
420
 16777215
176
     1
 90
        0
176
     1
 90
        0
176
     1
 62
     7
176
     1
 62
   257
176
     1
 90
        1
176
     1
 90
        1
176
     1
 40
1.0
176
     1
 90
        8
176
     1
 62
     7
176
     1
 40
1.0
176
     1
 90
        1
176
     1
 90
        6
176
     1
 90
        2
176
     1
 62
     7
176
     1
 90
        5
176
     1
 90
        0
176
     1
 90
        0
176
     1
290
     0
176
     1
 90
       13
176
     1
 40
0.0
176
     1
 90
        0
176
     1
290
     0
176
     1
290
     1
176
     1
290
     1
176
     1
290
     0
176
     1
290
     0
176
     1
290
     0
176
     1
290
     0
176
     1
290
     0
176
     1
290
     0
176
     1
 90
       50
176
     1
 40
0.0
176
     1
 40
1.0
176
     1
 90
        0
176
     1
 62
    18
420
        0
176
     1
 90
       50
176
     1
 90
        3
176
     1
 62
     5
420
      255
176
     1
290
     0
176
     1
 90
       50
176
     1
 90
       50
176
     1
 90
       50
176
     1
290
     0
176
     1
 90
       50
176
     1
 62
   256
176
     0
 40
1.0
176
     0
 90
        2
176
     1
  1
strokes_ogs.tif
176
     1
290
     0
176
     1
 40
1.0
176
     1
 40
1.0
176
     1
  0
VISUALSTYLE
  5
CEB
102
{ACAD_REACTORS
330
2C
102
}
330
2C
100
AcDbVisualStyle
  2
FlatWithEdges
 70
     1
177
     3
291
     1
 70
    58
 90
        2
176
     1
 90
        1
176
     1
 90
        1
176
     1
 90
        2
176
     1
 40
0.6
176
     1
 40
30.0
176
     1
 62
     7
420
 16777215
176
     1
 90
        1
176
     1
 90
        0
176
     1
 62
     7
176
     1
 62
   257
176
     1
 90
        1
176
     1
 90
        1
176
     1
 40
1.0
176
     1
 90
        0
176
     1
 62
   257
176
     1
 40
1.0
176
     1
 90
        1
176
     1
 90
        6
176
     1
 90
        2
176
     1
 62
     7
176
     1
 90
        5
176
     1
 90
        0
176
     1
 90
        0
176
     1
290
     0
176
     1
 90
       13
176
     1
 40
0.0
176
     1
 90
        0
176
     1
290
     0
176
     1
290
     1
176
     1
290
     1
176
     1
290
     0
176
     1
290
     0
176
     1
290
     0
176
     1
290
     0
176
     1
290
     0
176
     1
290
     0
176
     1
 90
       50
176
     1
 40
0.0
176
     1
 40
1.0
176
     1
 90
        0
176
     1
 62
    18
420
        0
176
     1
 90
       50
176
     1
 90
        3
176
     1
 62
     5
420
      255
176
     1
290
     0
176
     1
 90
       50
176
     1
 90
       50
176
     1
 90
       50
176
     1
290
     0
176
     1
 90
       50
176
     1
 62
   256
176
     0
 40
1.0
176
     0
 90
        2
176
     1
  1
strokes_ogs.tif
176
     1
290
     0
176
     1
 40
1.0
176
     1
 40
1.0
176
     1
  0
VISUALSTYLE
  5
CEC
102
{ACAD_REACTORS
330
2C
102
}
330
2C
100
AcDbVisualStyle
  2
Gouraud
 70
     2
177
     3
291
     1
 70
    58
 90
        2
176
     1
 90
        2
176
     1
 90
        1
176
     1
 90
        2
176
     1
 40
0.6
176
     1
 40
30.0
176
     1
 62
     7
420
 16777215
176
     1
 90
        0
176
     1
 90
        0
176
     1
 62
     7
176
     1
 62
   257
176
     1
 90
        1
176
     1
 90
        1
176
     1
 40
1.0
176
     1
 90
        0
176
     1
 62
     7
176
     1
 40
1.0
176
     1
 90
        1
176
     1
 90
        6
176
     1
 90
        2
176
     1
 62
     7
176
     1
 90
        5
176
     1
 90
        0
176
     1
 90
        0
176
     1
290
     0
176
     1
 90
       13
176
     1
 40
0.0
176
     1
 90
        0
176
     1
290
     0
176
     1
290
     1
176
     1
290
     1
176
     1
290
     0
176
     1
290
     0
176
     1
290
     0
176
     1
290
     0
176
     1
290
     0
176
     1
290
     0
176
     1
 90
       50
176
     1
 40
0.0
176
     1
 40
1.0
176
     1
 90
        0
176
     1
 62
    18
420
        0
176
     1
 90
       50
176
     1
 90
        3
176
     1
 62
     5
420
      255
176
     1
290
     0
176
     1
 90
       50
176
     1
 90
       50
176
     1
 90
       50
176
     1
290
     0
176
     1
 90
       50
176
     1
 62
   256
176
     0
 40
1.0
176
     0
 90
        2
176
     1
  1
strokes_ogs.tif
176
     1
290
     0
176
     1
 40
1.0
176
     1
 40
1.0
176
     1
  0
VISUALSTYLE
  5
CED
102
{ACAD_REACTORS
330
2C
102
}
330
2C
100
AcDbVisualStyle
  2
GouraudWithEdges
 70
     3
177
     3
291
     1
 70
    58
 90
        2
176
     1
 90
        2
176
     1
 90
        1
176
     1
 90
        2
176
     1
 40
0.6
176
     1
 40
30.0
176
     1
 62
     7
420
 16777215
176
     1
 90
        1
176
     1
 90
        0
176
     1
 62
     7
176
     1
 62
   257
176
     1
 90
        1
176
     1
 90
        1
176
     1
 40
1.0
176
     1
 90
        0
176
     1
 62
   257
176
     1
 40
1.0
176
     1
 90
        1
176
     1
 90
        6
176
     1
 90
        2
176
     1
 62
     7
176
     1
 90
        5
176
     1
 90
        0
176
     1
 90
        0
176
     1
290
     0
176
     1
 90
       13
176
     1
 40
0.0
176
     1
 90
        0
176
     1
290
     0
176
     1
290
     1
176
     1
290
     1
176
     1
290
     0
176
     1
290
     0
176
     1
290
     0
176
     1
290
     0
176
     1
290
     0
176
     1
290
     0
176
     1
 90
       50
176
     1
 40
0.0
176
     1
 40
1.0
176
     1
 90
        0
176
     1
 62
    18
420
        0
176
     1
 90
       50
176
     1
 90
        3
176
     1
 62
     5
420
      255
176
     1
290
     0
176
     1
 90
       50
176
     1
 90
       50
176
     1
 90
       50
176
     1
290
     0
176
     1
 90
       50
176
     1
 62
   256
176
     0
 40
1.0
176
     0
 90
        2
176
     1
  1
strokes_ogs.tif
176
     1
290
     0
176
     1
 40
1.0
176
     1
 40
1.0
176
     1
  0
VISUALSTYLE
  5
CF0
102
{ACAD_REACTORS
330
2C
102
}
330
2C
100
AcDbVisualStyle
  2
Hidden
 70
     6
177
     3
291
     0
 70
    58
 90
        1
176
     1
 90
        2
176
     1
 90
        2
176
     1
 90
        0
176
     1
 40
0.6
176
     1
 40
30.0
176
     1
 62
     7
420
 16777215
176
     1
 90
        2
176
     1
 90
        2
176
     1
 62
     7
176
     1
 62
   257
176
     1
 90
        2
176
     1
 90
        1
176
     1
 40
40.0
176
     1
 90
        0
176
     1
 62
   257
176
     1
 40
1.0
176
     1
 90
        1
176
     1
 90
        6
176
     1
 90
        2
176
     1
 62
     7
176
     1
 90
        3
176
     1
 90
        0
176
     1
 90
        0
176
     1
290
     0
176
     1
 90
        1
176
     1
 40
0.0
176
     1
 90
        0
176
     1
290
     0
176
     1
290
     1
176
     1
290
     1
176
     1
290
     0
176
     1
290
     0
176
     1
290
     0
176
     1
290
     0
176
     1
290
     0
176
     1
290
     0
176
     1
 90
       50
176
     1
 40
0.0
176
     1
 40
1.0
176
     1
 90
        0
176
     1
 62
    18
420
        0
176
     1
 90
       50
176
     1
 90
        3
176
     1
 62
     5
420
      255
176
     1
290
     0
176
     1
 90
       50
176
     1
 90
       50
176
     1
 90
       50
176
     1
290
     0
176
     1
 90
       50
176
     1
 62
   256
176
     0
 40
1.0
176
     0
 90
        2
176
     1
  1
strokes_ogs.tif
176
     1
290
     0
176
     1
 40
1.0
176
     1
 40
1.0
176
     1
  0
VISUALSTYLE
  5
CFD
102
{ACAD_REACTORS
330
2C
102
}
330
2C
100
AcDbVisualStyle
  2
JitterOff
 70
    20
177
     3
291
     1
 70
    58
 90
        2
176
     0
 90
        2
176
     0
 90
        0
176
     0
 90
        0
176
     0
 40
0.6
176
     0
 40
30.0
176
     0
 62
     7
420
 16777215
176
     0
 90
        1
176
     0
 90
        4
176
     0
 62
     7
176
     0
 62
   257
176
     0
 90
        1
176
     0
 90
        1
176
     0
 40
1.0
176
     0
 90
       10
176
     2
 62
     7
176
     0
 40
1.0
176
     0
 90
        1
176
     0
 90
        6
176
     0
 90
        2
176
     0
 62
     7
176
     0
 90
        5
176
     0
 90
        0
176
     0
 90
        0
176
     0
290
     0
176
     0
 90
        1
176
     0
 40
0.0
176
     0
 90
        0
176
     0
290
     0
176
     0
290
     1
176
     0
290
     1
176
     0
290
     0
176
     0
290
     0
176
     0
290
     0
176
     0
290
     0
176
     0
290
     0
176
     0
290
     0
176
     0
 90
       50
176
     0
 40
0.0
176
     0
 40
1.0
176
     0
 90
        0
176
     0
 62
    18
420
        0
176
     0
 90
       50
176
     0
 90
        3
176
     0
 62
     5
420
      255
176
     0
290
     0
176
     0
 90
       50
176
     0
 90
       50
176
     0
 90
       50
176
     0
290
     0
176
     0
 90
       50
176
     0
 62
   256
176
     0
 40
1.0
176
     0
 90
        2
176
     0
  1
strokes_ogs.tif
176
     0
290
     0
176
     0
 40
1.0
176
     0
 40
1.0
176
     0
  0
VISUALSTYLE
  5
CF5
102
{ACAD_REACTORS
330
2C
102
}
330
2C
100
AcDbVisualStyle
  2
Linepattern
 70
    14
177
     3
291
     1
 70
    58
 90
        2
176
     1
 90
        2
176
     1
 90
        0
176
     1
 90
        0
176
     1
 40
0.6
176
     1
 40
30.0
176
     1
 62
     7
420
 16777215
176
     1
 90
        1
176
     1
 90
        4
176
     1
 62
     7
176
     1
 62
   257
176
     1
 90
        7
176
     1
 90
        7
176
     1
 40
1.0
176
     1
 90
        8
176
     1
 62
     7
176
     1
 40
1.0
176
     1
 90
        1
176
     1
 90
        6
176
     1
 90
        2
176
     1
 62
     7
176
     1
 90
        5
176
     1
 90
        0
176
     1
 90
        0
176
     1
290
     0
176
     1
 90
        1
176
     1
 40
0.0
176
     1
 90
        0
176
     1
290
     0
176
     1
290
     1
176
     1
290
     1
176
     1
290
     0
176
     1
290
     0
176
     1
290
     0
176
     1
290
     0
176
     1
290
     0
176
     1
290
     0
176
     1
 90
       50
176
     1
 40
0.0
176
     1
 40
1.0
176
     1
 90
        0
176
     1
 62
    18
420
        0
176
     1
 90
       50
176
     1
 90
        3
176
     1
 62
     5
420
      255
176
     1
290
     0
176
     1
 90
       50
176
     1
 90
       50
176
     1
 90
       50
176
     1
290
     0
176
     1
 90
       50
176
     1
 62
   256
176
     0
 40
1.0
176
     0
 90
        2
176
     1
  1
strokes_ogs.tif
176
     1
290
     0
176
     1
 40
1.0
176
     1
 40
1.0
176
     1
  0
VISUALSTYLE
  5
CFE
102
{ACAD_REACTORS
330
2C
102
}
330
2C
100
AcDbVisualStyle
  2
OverhangOff
 70
    21
177
     3
291
     1
 70
    58
 90
        2
176
     0
 90
        2
176
     0
 90
        0
176
     0
 90
        0
176
     0
 40
0.6
176
     0
 40
30.0
176
     0
 62
     7
420
 16777215
176
     0
 90
        1
176
     0
 90
        4
176
     0
 62
     7
176
     0
 62
   257
176
     0
 90
        1
176
     0
 90
        1
176
     0
 40
1.0
176
     0
 90
        9
176
     2
 62
     7
176
     0
 40
1.0
176
     0
 90
        1
176
     0
 90
        6
176
     0
 90
        2
176
     0
 62
     7
176
     0
 90
        5
176
     0
 90
        0
176
     0
 90
        0
176
     0
290
     0
176
     0
 90
        1
176
     0
 40
0.0
176
     0
 90
        0
176
     0
290
     0
176
     0
290
     1
176
     0
290
     1
176
     0
290
     0
176
     0
290
     0
176
     0
290
     0
176
     0
290
     0
176
     0
290
     0
176
     0
290
     0
176
     0
 90
       50
176
     0
 40
0.0
176
     0
 40
1.0
176
     0
 90
        0
176
     0
 62
    18
420
        0
176
     0
 90
       50
176
     0
 90
        3
176
     0
 62
     5
420
      255
176
     0
290
     0
176
     0
 90
       50
176
     0
 90
       50
176
     0
 90
       50
176
     0
290
     0
176
     0
 90
       50
176
     0
 62
   256
176
     0
 40
1.0
176
     0
 90
        2
176
     0
  1
strokes_ogs.tif
176
     0
290
     0
176
     0
 40
1.0
176
     0
 40
1.0
176
     0
  0
VISUALSTYLE
  5
62
102
{ACAD_REACTORS
330
2C
102
}
330
2C
100
AcDbVisualStyle
  2
Realistic
 70
     8
177
     3
291
     0
 70
    58
 90
        2
176
     1
 90
        2
176
     1
 90
        0
176
     1
 90
        0
176
     1
 40
0.6
176
     1
 40
30.0
176
     1
 62
     7
176
     1
 90
        1
176
     1
 90
        0
176
     1
 62
     7
176
     1
 62
   257
176
     1
 90
        1
176
     1
 90
        1
176
     1
 40
1.0
176
     1
 90
        8
176
     1
 62
     8
176
     1
 40
1.0
176
     1
 90
        1
176
     1
 90
        6
176
     1
 90
        2
176
     1
 62
     7
176
     1
 90
        5
176
     1
 90
        0
176
     1
 90
        0
176
     1
290
     0
176
     1
 90
       13
176
     1
 40
0.0
176
     1
 90
        0
176
     1
290
     0
176
     1
290
     1
176
     1
290
     1
176
     1
290
     0
176
     1
290
     0
176
     1
290
     0
176
     1
290
     0
176
     1
290
     0
176
     1
290
     0
176
     1
 90
       50
176
     1
 40
0.0
176
     1
 40
1.0
176
     1
 90
        0
176
     1
 62
    18
176
     1
 90
       50
176
     1
 90
        3
176
     1
 62
     5
420
      255
176
     1
290
     0
176
     1
 90
       50
176
     1
 90
       50
176
     1
 90
       50
176
     1
290
     0
176
     1
 90
       50
176
     1
 62
   256
176
     0
 40
1.0
176
     0
 90
        2
176
     1
  1
strokes_ogs.tif
176
     1
290
     0
176
     1
 40
1.0
176
     1
 40
1.0
176
     1
  0
VISUALSTYLE
  5
CFC
102
{ACAD_REACTORS
330
2C
102
}
330
2C
100
AcDbVisualStyle
  2
Shaded
 70
    27
177
     3
291
     0
 70
    58
 90
        2
176
     1
 90
        2
176
     1
 90
        1
176
     1
 90
        2
176
     1
 40
0.6
176
     1
 40
30.0
176
     1
 62
     7
420
 16777215
176
     1
 90
        0
176
     1
 90
        4
176
     1
 62
     7
176
     1
 62
   257
176
     1
 90
        1
176
     1
 90
        1
176
     1
 40
1.0
176
     1
 90
        8
176
     1
 62
   257
176
     1
 40
1.0
176
     1
 90
        1
176
     1
 90
        6
176
     1
 90
        2
176
     1
 62
     8
420
  7895160
176
     1
 90
        3
176
     1
 90
        0
176
     1
 90
        0
176
     1
290
     0
176
     1
 90
        5
176
     1
 40
0.0
176
     1
 90
        0
176
     1
290
     0
176
     1
290
     1
176
     1
290
     1
176
     1
290
     0
176
     1
290
     0
176
     1
290
     0
176
     1
290
     0
176
     1
290
     0
176
     1
290
     0
176
     1
 90
       50
176
     1
 40
0.0
176
     1
 40
1.0
176
     1
 90
        0
176
     1
 62
    18
420
        0
176
     1
 90
       50
176
     1
 90
        3
176
     1
 62
     5
420
      255
176
     1
290
     0
176
     1
 90
       50
176
     1
 90
       50
176
     1
 90
       50
176
     1
290
     0
176
     1
 90
       50
176
     1
 62
   256
176
     0
 40
1.0
176
     0
 90
        2
176
     1
  1
strokes_ogs.tif
176
     1
290
     0
176
     1
 40
1.0
176
     1
 40
1.0
176
     1
  0
VISUALSTYLE
  5
CFB
102
{ACAD_REACTORS
330
2C
102
}
330
2C
100
AcDbVisualStyle
  2
Shaded with edges
 70
    26
177
     3
291
     0
 70
    58
 90
        2
176
     1
 90
        2
176
     1
 90
        1
176
     1
 90
        2
176
     1
 40
0.6
176
     1
 40
30.0
176
     1
 62
     7
420
 16777215
176
     1
 90
        1
176
     1
 90
        2
176
     1
 62
     7
176
     1
 62
   257
176
     1
 90
        2
176
     1
 90
        1
176
     1
 40
1.0
176
     1
 90
        8
176
     1
 62
   257
176
     1
 40
1.0
176
     1
 90
        1
176
     1
 90
        6
176
     1
 90
        2
176
     1
 62
     7
176
     1
 90
        3
176
     1
 90
        0
176
     1
 90
        0
176
     1
290
     0
176
     1
 90
        5
176
     1
 40
0.0
176
     1
 90
        0
176
     1
290
     0
176
     1
290
     1
176
     1
290
     1
176
     1
290
     0
176
     1
290
     0
176
     1
290
     0
176
     1
290
     0
176
     1
290
     0
176
     1
290
     0
176
     1
 90
       50
176
     1
 40
0.0
176
     1
 40
1.0
176
     1
 90
        0
176
     1
 62
    18
420
        0
176
     1
 90
       50
176
     1
 90
        3
176
     1
 62
     5
420
      255
176
     1
290
     0
176
     1
 90
       50
176
     1
 90
       50
176
     1
 90
       50
176
     1
290
     0
176
     1
 90
       50
176
     1
 62
   256
176
     0
 40
1.0
176
     0
 90
        2
176
     1
  1
strokes_ogs.tif
176
     1
290
     0
176
     1
 40
1.0
176
     1
 40
1.0
176
     1
  0
VISUALSTYLE
  5
CF8
102
{ACAD_REACTORS
330
2C
102
}
330
2C
100
AcDbVisualStyle
  2
Shades of Gray
 70
    23
177
     3
291
     0
 70
    58
 90
        2
176
     1
 90
        2
176
     1
 90
        3
176
     1
 90
        0
176
     1
 40
0.6
176
     1
 40
30.0
176
     1
 62
     7
420
 16777215
176
     1
 90
        2
176
     1
 90
        2
176
     1
 62
     7
176
     1
 62
     7
176
     1
 90
        1
176
     1
 90
        1
176
     1
 40
40.0
176
     1
 90
        8
176
     1
 62
     7
176
     1
 40
1.0
176
     1
 90
        1
176
     1
 90
        6
176
     1
 90
        2
176
     1
 62
     7
176
     1
 90
        3
176
     1
 90
        0
176
     1
 90
        0
176
     1
290
     0
176
     1
 90
        1
176
     1
 40
0.0
176
     1
 90
        0
176
     1
290
     0
176
     1
290
     1
176
     1
290
     1
176
     1
290
     0
176
     1
290
     0
176
     1
290
     0
176
     1
290
     0
176
     1
290
     0
176
     1
290
     0
176
     1
 90
       50
176
     1
 40
0.0
176
     1
 40
1.0
176
     1
 90
        0
176
     1
 62
    18
420
        0
176
     1
 90
       50
176
     1
 90
        3
176
     1
 62
     5
420
      255
176
     1
290
     0
176
     1
 90
       50
176
     1
 90
       50
176
     1
 90
       50
176
     1
290
     0
176
     1
 90
       50
176
     1
 62
   256
176
     0
 40
1.0
176
     0
 90
        2
176
     1
  1
strokes_ogs.tif
176
     1
290
     0
176
     1
 40
1.0
176
     1
 40
1.0
176
     1
  0
VISUALSTYLE
  5
CF9
102
{ACAD_REACTORS
330
2C
102
}
330
2C
100
AcDbVisualStyle
  2
Sketchy
 70
    24
177
     3
291
     0
 70
    58
 90
        1
176
     1
 90
        2
176
     1
 90
        2
176
     1
 90
        0
176
     1
 40
0.6
176
     1
 40
30.0
176
     1
 62
     7
420
 16777215
176
     1
 90
        2
176
     1
 90
        2
176
     1
 62
     7
176
     1
 62
     7
176
     1
 90
        1
176
     1
 90
        1
176
     1
 40
40.0
176
     1
 90
       11
176
     1
 62
     7
176
     1
 40
1.0
176
     1
 90
        1
176
     1
 90
        6
176
     1
 90
        2
176
     1
 62
     7
176
     1
 90
        6
176
     1
 90
        0
176
     1
 90
        0
176
     1
290
     0
176
     1
 90
        1
176
     1
 40
0.0
176
     1
 90
        0
176
     1
290
     0
176
     1
290
     1
176
     1
290
     1
176
     1
290
     0
176
     1
290
     0
176
     1
290
     0
176
     1
290
     0
176
     1
290
     0
176
     1
290
     0
176
     1
 90
       50
176
     1
 40
0.0
176
     1
 40
1.0
176
     1
 90
        0
176
     1
 62
    18
420
        0
176
     1
 90
       50
176
     1
 90
        3
176
     1
 62
     5
420
      255
176
     1
290
     0
176
     1
 90
       50
176
     1
 90
       50
176
     1
 90
       50
176
     1
290
     0
176
     1
 90
       50
176
     1
 62
   256
176
     0
 40
1.0
176
     0
 90
        2
176
     1
  1
strokes_ogs.tif
176
     1
290
     0
176
     1
 40
1.0
176
     1
 40
1.0
176
     1
  0
VISUALSTYLE
  5
CF4
102
{ACAD_REACTORS
330
2C
102
}
330
2C
100
AcDbVisualStyle
  2
Thicken
 70
    13
177
     3
291
     1
 70
    58
 90
        2
176
     1
 90
        2
176
     1
 90
        0
176
     1
 90
        0
176
     1
 40
0.6
176
     1
 40
30.0
176
     1
 62
     7
420
 16777215
176
     1
 90
        1
176
     1
 90
        4
176
     1
 62
     7
176
     1
 62
   257
176
     1
 90
        1
176
     1
 90
        1
176
     1
 40
1.0
176
     1
 90
       12
176
     1
 62
     7
176
     1
 40
1.0
176
     1
 90
        1
176
     1
 90
        6
176
     1
 90
        2
176
     1
 62
     7
176
     1
 90
        5
176
     1
 90
        0
176
     1
 90
        0
176
     1
290
     0
176
     1
 90
        1
176
     1
 40
0.0
176
     1
 90
        0
176
     1
290
     0
176
     1
290
     1
176
     1
290
     1
176
     1
290
     0
176
     1
290
     0
176
     1
290
     0
176
     1
290
     0
176
     1
290
     0
176
     1
290
     0
176
     1
 90
       50
176
     1
 40
0.0
176
     1
 40
1.0
176
     1
 90
        0
176
     1
 62
    18
420
        0
176
     1
 90
       50
176
     1
 90
        3
176
     1
 62
     5
420
      255
176
     1
290
     0
176
     1
 90
       50
176
     1
 90
       50
176
     1
 90
       50
176
     1
290
     0
176
     1
 90
       50
176
     1
 62
   256
176
     0
 40
1.0
176
     0
 90
        2
176
     1
  1
strokes_ogs.tif
176
     1
290
     0
176
     1
 40
1.0
176
     1
 40
1.0
176
     1
  0
VISUALSTYLE
  5
CEF
102
{ACAD_REACTORS
330
2C
102
}
330
2C
100
AcDbVisualStyle
  2
Wireframe
 70
     5
177
     3
291
     0
 70
    58
 90
        0
176
     1
 90
        2
176
     1
 90
        0
176
     1
 90
        0
176
     1
 40
0.6
176
     1
 40
30.0
176
     1
 62
     7
420
 16777215
176
     1
 90
        1
176
     1
 90
        4
176
     1
 62
     7
176
     1
 62
   257
176
     1
 90
        1
176
     1
 90
        1
176
     1
 40
1.0
176
     1
 90
        0
176
     1
 62
   257
176
     1
 40
1.0
176
     1
 90
        1
176
     1
 90
        6
176
     1
 90
        2
176
     1
 62
     7
176
     1
 90
        3
176
     1
 90
        0
176
     1
 90
        0
176
     1
290
     0
176
     1
 90
        1
176
     1
 40
0.0
176
     1
 90
        0
176
     1
290
     0
176
     1
290
     1
176
     1
290
     1
176
     1
290
     0
176
     1
290
     0
176
     1
290
     0
176
     1
290
     0
176
     1
290
     0
176
     1
290
     0
176
     1
 90
       50
176
     1
 40
0.0
176
     1
 40
1.0
176
     1
 90
        0
176
     1
 62
    18
420
        0
176
     1
 90
       50
176
     1
 90
        3
176
     1
 62
     5
420
      255
176
     1
290
     0
176
     1
 90
       50
176
     1
 90
       50
176
     1
 90
       50
176
     1
290
     0
176
     1
 90
       50
176
     1
 62
   256
176
     0
 40
1.0
176
     0
 90
        2
176
     1
  1
strokes_ogs.tif
176
     1
290
     0
176
     1
 40
1.0
176
     1
 40
1.0
176
     1
  0
VISUALSTYLE
  5
CFA
102
{ACAD_REACTORS
330
2C
102
}
330
2C
100
AcDbVisualStyle
  2
X-Ray
 70
    25
177
     3
291
     0
 70
    58
 90
        2
176
     1
 90
        2
176
     1
 90
        1
176
     1
 90
        1
176
     1
 40
0.5
176
     1
 40
30.0
176
     1
 62
     7
420
 16777215
176
     1
 90
        1
176
     1
 90
        0
176
     1
 62
     7
176
     1
 62
   257
176
     1
 90
        1
176
     1
 90
        1
176
     1
 40
1.0
176
     1
 90
        8
176
     1
 62
     7
176
     1
 40
1.0
176
     1
 90
        1
176
     1
 90
        6
176
     1
 90
        2
176
     1
 62
     7
176
     1
 90
        3
176
     1
 90
        0
176
     1
 90
        0
176
     1
290
     0
176
     1
 90
       13
176
     1
 40
0.0
176
     1
 90
        0
176
     1
290
     0
176
     1
290
     1
176
     1
290
     1
176
     1
290
     0
176
     1
290
     0
176
     1
290
     0
176
     1
290
     0
176
     1
290
     0
176
     1
290
     0
176
     1
 90
       50
176
     1
 40
0.0
176
     1
 40
1.0
176
     1
 90
        0
176
     1
 62
    18
420
        0
176
     1
 90
       50
176
     1
 90
        3
176
     1
 62
     5
420
      255
176
     1
290
     0
176
     1
 90
       50
176
     1
 90
       50
176
     1
 90
       50
176
     1
290
     0
176
     1
 90
       50
176
     1
 62
   256
176
     0
 40
1.0
176
     0
 90
        2
176
     1
  1
strokes_ogs.tif
176
     1
290
     0
176
     1
 40
1.0
176
     1
 40
1.0
176
     1
  0
DICTIONARYVAR
  5
51
102
{ACAD_REACTORS
330
50
102
}
330
50
100
DictionaryVariables
280
     0
  1
1:1
  0
DICTIONARYVAR
  5
52
102
{ACAD_REACTORS
330
50
102
}
330
50
100
DictionaryVariables
280
     0
  1
STANDARD
  0
DICTIONARYVAR
  5
53
102
{ACAD_REACTORS
330
50
102
}
330
50
100
DictionaryVariables
280
     0
  1
STANDARD
  0
DICTIONARYVAR
  5
54
102
{ACAD_REACTORS
330
50
102
}
330
50
100
DictionaryVariables
280
     0
  1
Imperial24
  0
DICTIONARYVAR
  5
55
102
{ACAD_REACTORS
330
50
102
}
330
50
100
DictionaryVariables
280
     0
  1
Imperial24
  0
DICTIONARYVAR
  5
56
102
{ACAD_REACTORS
330
50
102
}
330
50
100
DictionaryVariables
280
     0
  1
1
  0
DICTIONARYVAR
  5
57
102
{ACAD_REACTORS
330
50
102
}
330
50
100
DictionaryVariables
280
     0
  1
15
  0
DICTIONARYVAR
  5
58
102
{ACAD_REACTORS
330
50
102
}
330
50
100
DictionaryVariables
280
     0
  1
0
  0
DICTIONARYVAR
  5
59
102
{ACAD_REACTORS
330
50
102
}
330
50
100
DictionaryVariables
280
     0
  1
0
  0
DICTIONARYVAR
  5
5A
102
{ACAD_REACTORS
330
50
102
}
330
50
100
DictionaryVariables
280
     0
  1
1
  0
DICTIONARY
  5
14
330
12
100
AcDbDictionary
280
     1
281
     1
  0
DICTIONARY
  5
61
330
60
100
AcDbDictionary
280
     1
281
     1
  3
ACAD_ROUNDTRIP_2008_TABLESTYLE_CELLSTYLEMAP
360
D05
  0
CELLSTYLEMAP
  5
D05
102
{ACAD_REACTORS
330
61
102
}
330
61
100
AcDbCellStyleMap
 90
        3
300
CELLSTYLE
  1
TABLEFORMAT_BEGIN
 90
        5
170
     1
 91
        0
 92
    32768
 62
   257
 93
        1
300
CONTENTFORMAT
  1
CONTENTFORMAT_BEGIN
 90
        0
 91
        0
 92
        4
 93
        0
300

 40
0.0
140
1.0
 94
        5
 62
     0
340
21
144
0.25
309
CONTENTFORMAT_END
171
     1
301
MARGIN
  1
CELLMARGIN_BEGIN
 40
0.06
 40
0.06
 40
0.06
 40
0.06
 40
0.18
 40
0.18
309
CELLMARGIN_END
 94
        6
 95
        1
302
GRIDFORMAT
  1
GRIDFORMAT_BEGIN
 90
        0
 91
        1
 62
     0
 92
       -2
340
0
 93
        0
 40
0.045
309
GRIDFORMAT_END
 95
        2
302
GRIDFORMAT
  1
GRIDFORMAT_BEGIN
 90
        0
 91
        1
 62
     0
 92
       -2
340
0
 93
        0
 40
0.045
309
GRIDFORMAT_END
 95
        4
302
GRIDFORMAT
  1
GRIDFORMAT_BEGIN
 90
        0
 91
        1
 62
     0
 92
       -2
340
0
 93
        0
 40
0.045
309
GRIDFORMAT_END
 95
        8
302
GRIDFORMAT
  1
GRIDFORMAT_BEGIN
 90
        0
 91
        1
 62
     0
 92
       -2
340
0
 93
        0
 40
0.045
309
GRIDFORMAT_END
 95
       16
302
GRIDFORMAT
  1
GRIDFORMAT_BEGIN
 90
        0
 91
        1
 62
     0
 92
       -2
340
0
 93
        0
 40
0.045
309
GRIDFORMAT_END
 95
       32
302
GRIDFORMAT
  1
GRIDFORMAT_BEGIN
 90
        0
 91
        1
 62
     0
 92
       -2
340
0
 93
        0
 40
0.045
309
GRIDFORMAT_END
309
TABLEFORMAT_END
  1
CELLSTYLE_BEGIN
 90
        1
 91
        1
300
_TITLE
309
CELLSTYLE_END
300
CELLSTYLE
  1
TABLEFORMAT_BEGIN
 90
        5
170
     1
 91
        0
 92
        0
 62
   257
 93
        1
300
CONTENTFORMAT
  1
CONTENTFORMAT_BEGIN
 90
        0
 91
        0
 92
        4
 93
        0
300

 40
0.0
140
1.0
 94
        5
 62
     0
340
21
144
0.18
309
CONTENTFORMAT_END
171
     1
301
MARGIN
  1
CELLMARGIN_BEGIN
 40
0.06
 40
0.06
 40
0.06
 40
0.06
 40
0.18
 40
0.18
309
CELLMARGIN_END
 94
        6
 95
        1
302
GRIDFORMAT
  1
GRIDFORMAT_BEGIN
 90
        0
 91
        1
 62
     0
 92
       -2
340
0
 93
        0
 40
0.045
309
GRIDFORMAT_END
 95
        2
302
GRIDFORMAT
  1
GRIDFORMAT_BEGIN
 90
        0
 91
        1
 62
     0
 92
       -2
340
0
 93
        0
 40
0.045
309
GRIDFORMAT_END
 95
        4
302
GRIDFORMAT
  1
GRIDFORMAT_BEGIN
 90
        0
 91
        1
 62
     0
 92
       -2
340
0
 93
        0
 40
0.045
309
GRIDFORMAT_END
 95
        8
302
GRIDFORMAT
  1
GRIDFORMAT_BEGIN
 90
        0
 91
        1
 62
     0
 92
       -2
340
0
 93
        0
 40
0.045
309
GRIDFORMAT_END
 95
       16
302
GRIDFORMAT
  1
GRIDFORMAT_BEGIN
 90
        0
 91
        1
 62
     0
 92
       -2
340
0
 93
        0
 40
0.045
309
GRIDFORMAT_END
 95
       32
302
GRIDFORMAT
  1
GRIDFORMAT_BEGIN
 90
        0
 91
        1
 62
     0
 92
       -2
340
0
 93
        0
 40
0.045
309
GRIDFORMAT_END
309
TABLEFORMAT_END
  1
CELLSTYLE_BEGIN
 90
        2
 91
        1
300
_HEADER
309
CELLSTYLE_END
300
CELLSTYLE
  1
TABLEFORMAT_BEGIN
 90
        5
170
     1
 91
        0
 92
        0
 62
   257
 93
        1
300
CONTENTFORMAT
  1
CONTENTFORMAT_BEGIN
 90
        0
 91
        0
 92
        4
 93
        0
300

 40
0.0
140
1.0
 94
        2
 62
     0
340
21
144
0.18
309
CONTENTFORMAT_END
171
     1
301
MARGIN
  1
CELLMARGIN_BEGIN
 40
0.06
 40
0.06
 40
0.06
 40
0.06
 40
0.18
 40
0.18
309
CELLMARGIN_END
 94
        6
 95
        1
302
GRIDFORMAT
  1
GRIDFORMAT_BEGIN
 90
        0
 91
        1
 62
     0
 92
       -2
340
0
 93
        0
 40
0.045
309
GRIDFORMAT_END
 95
        2
302
GRIDFORMAT
  1
GRIDFORMAT_BEGIN
 90
        0
 91
        1
 62
     0
 92
       -2
340
0
 93
        0
 40
0.045
309
GRIDFORMAT_END
 95
        4
302
GRIDFORMAT
  1
GRIDFORMAT_BEGIN
 90
        0
 91
        1
 62
     0
 92
       -2
340
0
 93
        0
 40
0.045
309
GRIDFORMAT_END
 95
        8
302
GRIDFORMAT
  1
GRIDFORMAT_BEGIN
 90
        0
 91
        1
 62
     0
 92
       -2
340
0
 93
        0
 40
0.045
309
GRIDFORMAT_END
 95
       16
302
GRIDFORMAT
  1
GRIDFORMAT_BEGIN
 90
        0
 91
        1
 62
     0
 92
       -2
340
0
 93
        0
 40
0.045
309
GRIDFORMAT_END
 95
       32
302
GRIDFORMAT
  1
GRIDFORMAT_BEGIN
 90
        0
 91
        1
 62
     0
 92
       -2
340
0
 93
        0
 40
0.045
309
GRIDFORMAT_END
309
TABLEFORMAT_END
  1
CELLSTYLE_BEGIN
 90
        3
 91
        2
300
_DATA
309
CELLSTYLE_END
  0
ENDSEC
  0
SECTION
  2
ACDSDATA
 70
     2
 71
     8
  0
ACDSSCHEMA
 90
        0
  1
AcDb_Thumbnail_Schema
  2
AcDbDs::ID
280
    10
 91
        8
  2
Thumbnail_Data
280
    15
 91
        0
101
ACDSRECORD
 95
        0
 90
        1
  2
AcDbDs::TreatedAsObjectData
280
     1
291
     1
101
ACDSRECORD
 95
        0
 90
        2
  2
AcDbDs::Legacy
280
     1
291
     1
101
ACDSRECORD
  1
AcDbDs::ID
 90
        3
  2
AcDs:Indexable
280
     1
291
     1
101
ACDSRECORD
  1
AcDbDs::ID
 90
        4
  2
AcDbDs::HandleAttribute
280
     7
282
     1
  0
ACDSSCHEMA
 90
        1
  1
AcDbDs::TreatedAsObjectDataSchema
  2
AcDbDs::TreatedAsObjectData
280
     1
 91
        0
  0
ACDSSCHEMA
 90
        2
  1
AcDbDs::LegacySchema
  2
AcDbDs::Legacy
280
     1
 91
        0
  0
ACDSSCHEMA
 90
        3
  1
AcDbDs::IndexedPropertySchema
  2
AcDs:Indexable
280
     1
 91
        0
  0
ACDSSCHEMA
 90
        4
  1
AcDbDs::HandleAttributeSchema
  2
AcDbDs::HandleAttribute
280
     7
 91
        1
284
     1
  0
ACDSRECORD
 90
        0
  2
AcDbDs::ID
280
    10
320
12
  2
Thumbnail_Data
280
    15
 94
     4691
310
89504E470D0A1A0A0000000D49484452000001000000006108030000000E738F1F00000300504C5445212830FFFFFF2128300000000000000000000000000000000000000000000000000000330000660000990000CC0000FF0033000033330033660033990033CC0033FF0066000066330066660066990066CC0066FF0099
310
000099330099660099990099CC0099FF00CC0000CC3300CC6600CC9900CCCC00CCFF00FF0000FF3300FF6600FF9900FFCC00FFFF3300003300333300663300993300CC3300FF3333003333333333663333993333CC3333FF3366003366333366663366993366CC3366FF3399003399333399663399993399CC3399FF33CC00
310
33CC3333CC6633CC9933CCCC33CCFF33FF0033FF3333FF6633FF9933FFCC33FFFF6600006600336600666600996600CC6600FF6633006633336633666633996633CC6633FF6666006666336666666666996666CC6666FF6699006699336699666699996699CC6699FF66CC0066CC3366CC6666CC9966CCCC66CCFF66FF0066
310
FF3366FF6666FF9966FFCC66FFFF9900009900339900669900999900CC9900FF9933009933339933669933999933CC9933FF9966009966339966669966999966CC9966FF9999009999339999669999999999CC9999FF99CC0099CC3399CC6699CC9999CCCC99CCFF99FF0099FF3399FF6699FF9999FFCC99FFFFCC0000CC00
310
33CC0066CC0099CC00CCCC00FFCC3300CC3333CC3366CC3399CC33CCCC33FFCC6600CC6633CC6666CC6699CC66CCCC66FFCC9900CC9933CC9966CC9999CC99CCCC99FFCCCC00CCCC33CCCC66CCCC99CCCCCCCCCCFFCCFF00CCFF33CCFF66CCFF99CCFFCCCCFFFFFF0000FF0033FF0066FF0099FF00CCFF00FFFF3300FF3333
310
FF3366FF3399FF33CCFF33FFFF6600FF6633FF6666FF6699FF66CCFF66FFFF9900FF9933FF9966FF9999FF99CCFF99FFFFCC00FFCC33FFCC66FFCC99FFCCCCFFCCFFFFFF00FFFF33FFFF66FFFF99FFFFCCFFFFFF0000000D0D0D1A1A1A2828283535354343435050505D5D5D6B6B6B787878868686939393A1A1A1AEAEAEBB
310
BBBBC9C9C9D6D6D6E4E4E4F1F1F1FFFFFF0000000000000000000000000000000000000000000000000000000000002E4550F1000005134944415478DAED9CBD91E33A0CC7D981A38D5F7848D8817BE15C05EEC1F3FAD802B607264C55800354A0C1CD5C82FCE14B92BDF3DEEDBD994B0C13BBAB936405F7FF112041127229
310
7FDE2AA3981D0A7CFC34ABC07603D08EF160496535AC3430A5200C5AEF0EA07786509F1F80B476E8C4262EF0F1217F22190EFDD901885600D643291C260FC0F6E476920CC041E2E16A93BF9FF37F3C981A00FFC6835901FC89072780096002980026800960029800268009E0A9A6855F5B99366DDAB469D3A64D9BF6BA9960
310
4D9837DEFF5F21CC4F6B9C6EC2E35FDF45F902E913CD1C8E9DA15DBF9B6F8BE95D12131EFAB07E6057BF44F05453A7CABD7770B120A79D639B0CFB0D8D0921BE2351755AA25EF4532200225BE489FE2E8E60A6AA2B92357C2DEFCA4600550A772124CCE501225F6D07C067867E0B00F42E9FAADB1B0036FD160499005881C0
310
E101EA026850CCD96397FCC1033A702A0FE8D2C4220AEF01882900EB02BFD3DE07748D074805C0FBFCF108006E559AFDB68F02BC8D02F29438452E00B81548EC31C0727A03BEC556B91DEB26EBEB31F0B900882297EC523F9BDC5C7B597700BFA820785E00E101F7B2F7BA190D0FFBADFF4BD6B36582910243E439253241CB
310
8EAC67C064008EF94A35D5CCA25C7C81F09B0E7ED2F6C500C82D54009A08650540DECD6BD36BA24BE36FF77F4B0079D5C0301FA86B560F60601BE858077EF4D19FDDFB75C847D52F87CC7D407840D1F6471A9AE8EE95B2E47D40EE4E70EF03DC07BA02B0C647D800ACC947018E51A068574031091600E60C1223A987C17294
310
CA8A6CD77F573FBB8D91F90168965BA8303D24427BEE973804F6AAF0FBB5B12D37B4090251790500DEEF21C42B0472A795D2119B0E06F901E0B6128A657B554012C1429E054062006CEDCEDEF0CD7EE01E80596E0F6003A061DFA0357624E0EFCA749F0B8D97E8032C041A94E80D1C8011481D02E5980C83AD8E96E804BF1B
310
80EDD3C4006225E84808B4F5797B5DCA67028987C13BB38CE7F32EE77EAFE4DC1C0DFBCDA5BE69D3A64D9B366DDAB444F6F22F4C8832924450B78560008F01B15DCC77D570A90120356A4C4C0260E8AF28A7AD1CCE6648724D89DF19D29D4FF2AA90A106BE53865624E3CBC3E0F562490180AD83ABD4A13F280456AF1B23B2
310
AD51F06F99C9FBDA9C2E8449B4737840D7465FC9E403BCBD597DC419F37A40A1D650835C00B03A41443DD15622E2EB43895F9C6CADD90E48370FD09B16056BAC08D9FA1063EE3747E3AB7320564538F68562B1A46C5B6379010097FBBAB0D81CDBD96407A055E2AED657C83D09DA12A1F3597F3303D0E00F0288DD37848697
310
480CD5AF068901D8E8E73E80B5A25C6019E34D40BCBD8DD07F3E732E00C704A7AAFF1B800E587B45560232FE9B49146C04D202E887A16E029C4E389002C0C9008C970120F99EE83F690C3880711602323F924E206F1F10EAB5101E4F55089C700740E50C3E249E138F02A2BEA00F033A05B251403A01ED04E59E1218704E9D
310
0790663F0F89D0FD370B5A1EC09C17C0957A5F7AA7AB5E2ECB4A8BD8C3572BDA455A00CB95A4DB978E5F01C0A01F62EB0ABCED98FBB679E24C50DA1CA4E787755107F811B644D35F2E17003DE405B0AE884D729F31D6B21E00D61D00A21C2E8901506B24D95F1B2804443B1EFA8BB6BE04C0254A65530218839946AC852CEA
310
027F0984E50070B130C81C0283A04910682240E81140CB3E00A87E2EA9A7C332FD21ED013423B8C2822BC07507002F00A02C7D744F823405F8542EC4F13E5D5E002EF75F5E98DC73A09D544A00F3DBE49EC8FE01E94A5F05800B2ACA0000000049454E44AE4260825D010073006600E06B1E49B2033800FBB700D46F5F8C03
310
17009809808C6000504560F3F01D004D0F5E06903D81DC106A8BC6CF008092CC20A7C21980136D665273AFF09F04608E00F45C9D5F01C816A55FA40487C124855347ECE191C33C41359F074874F89E25A84AC012C02F55C01C0C82254304A600C8054E1B421A00B29064318F8FCC02340158008026428F00F8EE4AF80C00C5
310
0EC8510C0100C5E88A21A40268F968DF01003D09A5EB8B02005E00B0790260FB12006204A10F7B04A0197E704D053200F81E8036051AD301C05900E60200F0CA28FB0587486C833CF6B57BB35D03A07DD9D700C01CC05F9200E1C832297F25D91B86BA011380625384272E3169077C120079C97ED3ACF9EB6D6A087D0280EB
310
CD7B9A7F76E0163FDDF6EBE0F5AB21E43FB61C46377FF2F16BDB989E02300C400E0C3AD52DFE5701E43BF1CEBF09A0AF410400F48B1E03B0CB03F61D006427A6DFDE05307C621D550A818F0068BEEF04A08B00F7E7DF93CE71FDE9307BEE5300FA4DF82DB61CADB47BFAA9464E0098497EC02700B4B0050730BFB07374B38D
310
F6A93A002701C04700B84EE00C00B706604600E8115472843E01204DD2A943C9B87D0EA0ACAB796428FD0B3945E09300307B237F73EEE92028DC915073278BD5F51500C41A3B05C01E7DA8A87C2124209A988B528C00C210820F3231549C119494D1EB5E610E00F2AD95C1EB7D00816692955CE13407D795922CE3B12F43BD
310
A3EEDDC0F78ECBDDDD5BF041F30DAFBDC21C40F610FBF700F0FC009E2BEC7C33C2B304B84102F663CC3C970086AC691FAE7B854700714C6CB82F018BC048DB2F90106400CD3B873BC920A48C2A2D2DBC5CF80A00B800A07C6668AE7063DE02603900479B02209D9E54B2EEE9DE4FA16FF8098092BCE3728E90B129A367FF3B
310
C630AA528A03FA6B2AD383D784BE2E6FEA352C6CCDAAAB003CDB40F30B00E80FF0B1E4F8E21816ACB24748ED452AA6316C9AE29E251C1A820240F607B7AAA65D14B58002AFF323F7CFBDA402C5520D3D1650F6A5F5780E8D0266092707D2B92C4A5855A0245B8DFB06ABE604A58846B31B8A10242DE9218CDF8D018540E8DB
310
5CF74EB5808E9C6A87D7563D21BF5DD939DA8251562BA291B7DD445709D04114E24B004005B08F837CF0DA006B6A85C002C4F235D7733C81649B0D7B8749384A05806529328102A0BEF1A70076111801B80680CCAEEC352000E02790642B238C63128F548A68D4C5234E1A19407BDF6F0144CF010005503740A42192BC2E21
310
451BD86B0940683FC94A31434D26DBAA6815A9E476C49F06D055DA743536E435EE0BB281BD168916E39682C893ADC9EF02F5D4E71F7F016095B1509D85D402C30E5721E8AF6B440D027B3DCB34913544002B07E46F7E3706BA55C1265C62E5B769B056FC7B1D0095007A580750F705D9C05ECF0100AD2415A1560AE891BA10
310
FA26265A654098C2AD94C64315D8B6950A94484E4E9D7FA4022054A05592CAFDD100F0FA66E49C7701E4C0085B0C8959A0EE125107C1EEFF440024983C07502B29B5BA0B0380BAF5A497F762BBBA44359727003636089ABC13CCF169908C01C33468FAEAB7D801B85EC99539F5642B1481564A4B950088E44FEBF3BBABC1BE
310
24A70076E37B0040EC806B86D00C001D03C4B7DBF69C4601006815B7970090C0480B8B0C00A01A02EBB5009ECBD70213007216A09DEB00FA7FF29CB7006C8A1D90F3447E0D40D801130011358E4CFD6D3D392425F81B3E41E916C7E5300B8C0843E8EA62683A06304B30041075AA700C28636EC4BA9359684C7255080759AE
310
013CECA33F9129AA48405A7808004F1AAC00C8BDCA245D0F67815E54B50228EB74EE03E6C5452FF8041500B9FF5505D061DB9A75A2C903325997240187FA0D69ABC10EA0175BCE23042B56D9AA4FCAD2D74700E02A00C3F7FB3D69DD6D3D2FABAB4B40ECCB643A0BBC0A4038440037F6F2E227C1B55BB340562F5944AA8717
310
ABB22F9CA4ABDAE2B02ED24333AFD4E2E76F0170D701A4BDB0CE931817DF5F7D06C0B2B836D65E225D4F3A95DD8FACFCC54B00A277C700804BC0DE7DCF3B4CF6579F95803305F6D97E042B47537803408F8FCF00F499AA49C06E3679E5AE8B4EBC09C0D23EFC04400A8FB734B95EF82038183656F6EF63EF3FF869BFB62E0D
310
77008C01E1BA0F6B7C8EC11B12D0EB18A5D217F5D1033A00F458A5FE2F00340CFF0800E271323CBEA90270A5FF8700F282F32A00ED68D23BEDCC97007401A8004CDBF916E54D3D00A03C64E41400636667BE03808562FB26896280F50585258380772F019858D0AC38A319ACEBE7004846816FA50D2C06476DA97458665C63
310
7BDD435C6458573318BCB60AB13300728B4EC97EE06BDB36FD1B5AADBF260A6800EECD02D42D2E5265DB8C8B12006243384E003093000B730075E6A2CBC848EA8F406CFB364C6756CB10BF29011480C8163764C98B00D886F07DC1D8FA7D1640EDC70240E5A000685FCE58EFE136009E2EAFE70A770910007A8A83775A9B00
310
A8C5FCA304005402D0CB1C4878087A21DBD7002C364C80D5F21C68E0241C149661E3C00635B617D541504A40D9BF54A3F4B296F3CF003497F6B01C6EC71500283353578804A0AD066114ECE2F8822166F62600C5BC1D00086DAE2B77DBF438A427A28CA52EAF01B08A6667093043474357A2C88BAFDF06D0B6CD81B26D6E00
310
509CD9B6E53391BC052065E71700948A150A00E5390F1C009B059F0050374E72002C4085006A6DF42B0048A52DE204CEF5A187527C71F0954601A00EB4CF0190BBA95B6785039B38A769BCA600808B2A2001F41C3A163618BDE51C807B0F00AB2253364F73E7758BD41200F5BB0C150633F144BA83040023807245EC150750
310
0E964F61005CFF8AEE02D0AAC8983580FE0C8DF29C285293BA5B382F0040319A0278650CA805141C978241057A14BA00303D642300C015097058BEE41180F2748BC7006415191AC60464D455C0D4904D0409602501D4D88B35E0569EA5C7859003A0AB28054079D8C77D15801EA69E4A0010094000396483B300DC03001400
310
9C00D075B02794E080747B10ECCF709802E0634089D87000259DAF8E492754804F830880DC8402200A00F08A21A43F10E524002C9F7D0F40BC0C000480574C61DABBD52008C2C031E34314CE031883C463E97802606208BD0B202E6601684F36B1362A4F430D65D9B71C03602363C00C808C1D836E0ABFEB1099569383319D
310
615C1AB0A5DA3900E3273653F8368083B8C3BD7A82271DD8C68C391F6B09181E6E1801FE3600B5A2E4590FBEFA3C5A1500311423FFB900E0DBA694A78FE94F246B1B328EF2232E16553D1FC2309318067B5B20292C43CD33BE2188EC0C3A770CB71D2D32640E9E3011E10F00E84F8EB65101A03F3FE3DC317C0CCFCC37BF2A
310
A6364D58B814C432CBFD624C0500F803B3960AACDDC6740CF07703234F007401BB00409977FE1680AB1250634649B906FB44E6ED71B8CB12DDBB5E5F28DD3D39EE1F8C0173008A8580D7222E91BCA21C004809F02B00FAAFC2C96308008EA60109E07F56840DE75CAF71DA0000000049454E44AE426082
  0
ENDSEC
  0
EOF
