  0
SECTION
  2
HEADER
  9
$ACADVER
  1
AC1032
  9
$ACADMAINTVER
 90
      197
  9
$DWGCODEPAGE
  3
ANSI_936
  9
$LASTSAVEDBY
  1
admin
  9
$REQUIREDVERSIONS
160
                 0
  9
$INSBASE
 10
0.0
 20
0.0
 30
0.0
  9
$EXTMIN
 10
955876.1671853806
 20
-631621.1575609209
 30
-112500.0
  9
$EXTMAX
 10
998281.3562052204
 20
-602188.2503853687
 30
0.0000004644613586
  9
$LIMMIN
 10
0.0
 20
0.0
  9
$LIMMAX
 10
12.0
 20
9.0
  9
$ORTHOMODE
 70
     1
  9
$REGENMODE
 70
     1
  9
$FILLMODE
 70
     1
  9
$QTEXTMODE
 70
     0
  9
$MIRRTEXT
 70
     0
  9
$LTSCALE
 40
1000.0
  9
$ATTMODE
 70
     1
  9
$TEXTSIZE
 40
175.0
  9
$TRACEWID
 40
0.05
  9
$TEXTSTYLE
  7
_FSD
  9
$CLAYER
  8
GT_过道
  9
$CELTYPE
  6
BYLAYER
  9
$CECOLOR
 62
   256
  9
$CELTSCALE
 40
1.0
  9
$DISPSILH
 70
     0
  9
$DIMSCALE
 40
1.0
  9
$DIMASZ
 40
1.0
  9
$DIMEXO
 40
300.0
  9
$DIMDLI
 40
0.0
  9
$DIMRND
 40
0.0
  9
$DIMDLE
 40
0.0
  9
$DIMEXE
 40
250.0
  9
$DIMTP
 40
0.0
  9
$DIMTM
 40
0.0
  9
$DIMTXT
 40
300.0
  9
$DIMCEN
 40
0.09
  9
$DIMTSZ
 40
0.0
  9
$DIMTOL
 70
     0
  9
$DIMLIM
 70
     0
  9
$DIMTIH
 70
     0
  9
$DIMTOH
 70
     0
  9
$DIMSE1
 70
     0
  9
$DIMSE2
 70
     0
  9
$DIMTAD
 70
     1
  9
$DIMZIN
 70
     8
  9
$DIMBLK
  1
_DIMX
  9
$DIMASO
 70
     1
  9
$DIMSHO
 70
     1
  9
$DIMPOST
  1

  9
$DIMAPOST
  1

  9
$DIMALT
 70
     0
  9
$DIMALTD
 70
     2
  9
$DIMALTF
 40
25.4
  9
$DIMLFAC
 40
1.0
  9
$DIMTOFL
 70
     1
  9
$DIMTVP
 40
0.0
  9
$DIMTIX
 70
     1
  9
$DIMSOXD
 70
     0
  9
$DIMSAH
 70
     0
  9
$DIMBLK1
  1
_DIMX
  9
$DIMBLK2
  1
_DIMX
  9
$DIMSTYLE
  2
NORMAL
  9
$DIMCLRD
 70
     0
  9
$DIMCLRE
 70
     0
  9
$DIMCLRT
 70
     7
  9
$DIMTFAC
 40
1.0
  9
$DIMGAP
 40
150.0
  9
$DIMJUST
 70
     0
  9
$DIMSD1
 70
     0
  9
$DIMSD2
 70
     0
  9
$DIMTOLJ
 70
     1
  9
$DIMTZIN
 70
     0
  9
$DIMALTZ
 70
     0
  9
$DIMALTTZ
 70
     0
  9
$DIMUPT
 70
     0
  9
$DIMDEC
 70
     0
  9
$DIMTDEC
 70
     0
  9
$DIMALTU
 70
     2
  9
$DIMALTTD
 70
     2
  9
$DIMTXSTY
  7
DIM_FONT
  9
$DIMAUNIT
 70
     0
  9
$DIMADEC
 70
     0
  9
$DIMALTRND
 40
0.0
  9
$DIMAZIN
 70
     0
  9
$DIMDSEP
 70
    46
  9
$DIMATFIT
 70
     3
  9
$DIMFRAC
 70
     0
  9
$DIMLDRBLK
  1
_DIMX
  9
$DIMLUNIT
 70
     2
  9
$DIMLWD
 70
    -2
  9
$DIMLWE
 70
    -2
  9
$DIMTMOVE
 70
     2
  9
$DIMFXL
 40
1.0
  9
$DIMFXLON
 70
     0
  9
$DIMJOGANG
 40
0.7853981633974483
  9
$DIMTFILL
 70
     0
  9
$DIMTFILLCLR
 70
     0
  9
$DIMARCSYM
 70
     0
  9
$DIMLTYPE
  6

  9
$DIMLTEX1
  6

  9
$DIMLTEX2
  6

  9
$DIMTXTDIRECTION
 70
     0
  9
$LUNITS
 70
     2
  9
$LUPREC
 70
     0
  9
$SKETCHINC
 40
0.1
  9
$FILLETRAD
 40
0.0
  9
$AUNITS
 70
     0
  9
$AUPREC
 70
     0
  9
$MENU
  1
.
  9
$ELEVATION
 40
0.0
  9
$PELEVATION
 40
0.0
  9
$THICKNESS
 40
0.0
  9
$LIMCHECK
 70
     0
  9
$CHAMFERA
 40
0.0
  9
$CHAMFERB
 40
0.0
  9
$CHAMFERC
 40
1.0
  9
$CHAMFERD
 40
0.0
  9
$SKPOLY
 70
     0
  9
$TDCREATE
 40
2453732.892939815
  9
$TDUCREATE
 40
2453732.559612038
  9
$TDUPDATE
 40
2461147.499143519
  9
$TDUUPDATE
 40
2461147.165810185
  9
$TDINDWG
 40
33.5650299884
  9
$TDUSRTIMER
 40
33.5650299884
  9
$USRTIMER
 70
     1
  9
$ANGBASE
 50
0.0
  9
$ANGDIR
 70
     0
  9
$PDMODE
 70
     0
  9
$PDSIZE
 40
0.0
  9
$PLINEWID
 40
0.0
  9
$SPLFRAME
 70
     0
  9
$SPLINETYPE
 70
     6
  9
$SPLINESEGS
 70
     8
  9
$HANDSEED
  5
FB6
  9
$SURFTAB1
 70
     6
  9
$SURFTAB2
 70
     6
  9
$SURFTYPE
 70
     6
  9
$SURFU
 70
     6
  9
$SURFV
 70
     6
  9
$UCSBASE
  2

  9
$UCSNAME
  2

  9
$UCSORG
 10
0.0
 20
0.0
 30
0.0
  9
$UCSXDIR
 10
1.0
 20
0.0
 30
0.0
  9
$UCSYDIR
 10
0.0
 20
1.0
 30
0.0
  9
$UCSORTHOREF
  2

  9
$UCSORTHOVIEW
 70
     0
  9
$UCSORGTOP
 10
0.0
 20
0.0
 30
0.0
  9
$UCSORGBOTTOM
 10
0.0
 20
0.0
 30
0.0
  9
$UCSORGLEFT
 10
0.0
 20
0.0
 30
0.0
  9
$UCSORGRIGHT
 10
0.0
 20
0.0
 30
0.0
  9
$UCSORGFRONT
 10
0.0
 20
0.0
 30
0.0
  9
$UCSORGBACK
 10
0.0
 20
0.0
 30
0.0
  9
$PUCSBASE
  2

  9
$PUCSNAME
  2

  9
$PUCSORG
 10
0.0
 20
0.0
 30
0.0
  9
$PUCSXDIR
 10
1.0
 20
0.0
 30
0.0
  9
$PUCSYDIR
 10
0.0
 20
1.0
 30
0.0
  9
$PUCSORTHOREF
  2

  9
$PUCSORTHOVIEW
 70
     0
  9
$PUCSORGTOP
 10
0.0
 20
0.0
 30
0.0
  9
$PUCSORGBOTTOM
 10
0.0
 20
0.0
 30
0.0
  9
$PUCSORGLEFT
 10
0.0
 20
0.0
 30
0.0
  9
$PUCSORGRIGHT
 10
0.0
 20
0.0
 30
0.0
  9
$PUCSORGFRONT
 10
0.0
 20
0.0
 30
0.0
  9
$PUCSORGBACK
 10
0.0
 20
0.0
 30
0.0
  9
$USERI1
 70
     0
  9
$USERI2
 70
     0
  9
$USERI3
 70
     0
  9
$USERI4
 70
     0
  9
$USERI5
 70
     0
  9
$USERR1
 40
0.0
  9
$USERR2
 40
0.0
  9
$USERR3
 40
0.0
  9
$USERR4
 40
0.0
  9
$USERR5
 40
0.0
  9
$WORLDVIEW
 70
     1
  9
$SHADEDGE
 70
     3
  9
$SHADEDIF
 70
    70
  9
$TILEMODE
 70
     1
  9
$MAXACTVP
 70
    48
  9
$PINSBASE
 10
0.0
 20
0.0
 30
0.0
  9
$PLIMCHECK
 70
     0
  9
$PEXTMIN
 10
1.000000000000000E+20
 20
1.000000000000000E+20
 30
1.000000000000000E+20
  9
$PEXTMAX
 10
-1.000000000000000E+20
 20
-1.000000000000000E+20
 30
-1.000000000000000E+20
  9
$PLIMMIN
 10
0.0
 20
0.0
  9
$PLIMMAX
 10
12.0
 20
9.0
  9
$UNITMODE
 70
     1
  9
$VISRETAIN
 70
     1
  9
$PLINEGEN
 70
     0
  9
$PSLTSCALE
 70
     1
  9
$TREEDEPTH
 70
  3020
  9
$CMLSTYLE
  2
STANDARD
  9
$CMLJUST
 70
     0
  9
$CMLSCALE
 40
1.0
  9
$PROXYGRAPHICS
 70
     1
  9
$MEASUREMENT
 70
     0
  9
$CELWEIGHT
370
    -1
  9
$ENDCAPS
280
     0
  9
$JOINSTYLE
280
     0
  9
$LWDISPLAY
290
     1
  9
$INSUNITS
 70
     0
  9
$HYPERLINKBASE
  1

  9
$STYLESHEET
  1

  9
$XEDIT
290
     1
  9
$CEPSNTYPE
380
     0
  9
$PSTYLEMODE
290
     1
  9
$FINGERPRINTGUID
  2
{07AD5453-8F99-F64F-B607-A4E77D88B850}
  9
$VERSIONGUID
  2
{6149B41E-7567-BB42-B684-8627DC69DEA3}
  9
$EXTNAMES
290
     1
  9
$PSVPSCALE
 40
0.0
  9
$OLESTARTUP
290
     0
  9
$SORTENTS
280
   127
  9
$INDEXCTL
280
     0
  9
$HIDETEXT
280
     1
  9
$XCLIPFRAME
280
     0
  9
$HALOGAP
280
     0
  9
$OBSCOLOR
 70
   257
  9
$OBSLTYPE
280
     0
  9
$INTERSECTIONDISPLAY
280
     0
  9
$INTERSECTIONCOLOR
 70
   257
  9
$DIMASSOC
280
     1
  9
$PROJECTNAME
  1

  9
$CAMERADISPLAY
290
     0
  9
$LENSLENGTH
 40
50.0
  9
$CAMERAHEIGHT
 40
0.0
  9
$STEPSPERSEC
 40
2.0
  9
$STEPSIZE
 40
6.0
  9
$3DDWFPREC
 40
2.0
  9
$PSOLWIDTH
 40
0.25
  9
$PSOLHEIGHT
 40
4.0
  9
$LOFTANG1
 40
1.570796326794896
  9
$LOFTANG2
 40
1.570796326794896
  9
$LOFTMAG1
 40
0.0
  9
$LOFTMAG2
 40
0.0
  9
$LOFTPARAM
 70
     7
  9
$LOFTNORMALS
280
     1
  9
$LATITUDE
 40
37.795
  9
$LONGITUDE
 40
-122.394
  9
$NORTHDIRECTION
 40
0.0
  9
$TIMEZONE
 70
 -8000
  9
$LIGHTGLYPHDISPLAY
280
     1
  9
$TILEMODELIGHTSYNCH
280
     1
  9
$CMATERIAL
347
4A
  9
$SOLIDHIST
280
     0
  9
$SHOWHIST
280
     1
  9
$DWFFRAME
280
     2
  9
$DGNFRAME
280
     0
  9
$REALWORLDSCALE
290
     1
  9
$INTERFERECOLOR
 62
     1
  9
$INTERFEREOBJVS
345
6F
  9
$INTERFEREVPVS
346
70
  9
$CSHADOW
280
     0
  9
$SHADOWPLANELOCATION
 40
0.0
  0
ENDSEC
  0
SECTION
  2
CLASSES
  0
CLASS
  1
DICTIONARYVAR
  2
AcDbDictionaryVar
  3
ObjectDBX Classes
 90
        0
 91
        9
280
     0
281
     0
  0
CLASS
  1
ACDBDICTIONARYWDFLT
  2
AcDbDictionaryWithDefault
  3
ObjectDBX Classes
 90
        0
 91
        1
280
     0
281
     0
  0
CLASS
  1
TABLESTYLE
  2
AcDbTableStyle
  3
ObjectDBX Classes
 90
     4095
 91
        1
280
     0
281
     0
  0
CLASS
  1
SORTENTSTABLE
  2
AcDbSortentsTable
  3
ObjectDBX Classes
 90
        0
 91
       20
280
     0
281
     0
  0
CLASS
  1
TCH_DBCONFIG
  2
TDbConfig
  3
"TCH_KERNAL|缺乏解释器天正图形看不见, 请下载天正插件|网址: www.tangent.com.cn"
 90
        1
 91
        0
280
     1
281
     0
  0
CLASS
  1
TCH_DIMENSION2
  2
TDbDimension2
  3
"TCH_KERNAL|缺乏解释器天正图形看不见, 请下载天正插件|网址: www.tangent.com.cn"
 90
        1
 91
        0
280
     1
281
     1
  0
CLASS
  1
MATERIAL
  2
AcDbMaterial
  3
ObjectDBX Classes
 90
     1153
 91
        3
280
     0
281
     0
  0
CLASS
  1
ACAD_EVALUATION_GRAPH
  2
AcDbEvalGraph
  3
ObjectDBX Classes
 90
     1153
 91
        1
280
     0
281
     0
  0
CLASS
  1
BLOCKALIGNMENTPARAMETER
  2
AcDbBlockAlignmentParameter
  3
ObjectDBX Classes
 90
     1153
 91
        1
280
     0
281
     0
  0
CLASS
  1
BLOCKALIGNMENTGRIP
  2
AcDbBlockAlignmentGrip
  3
ObjectDBX Classes
 90
     1153
 91
        1
280
     0
281
     0
  0
CLASS
  1
BLOCKGRIPLOCATIONCOMPONENT
  2
AcDbBlockGripExpr
  3
ObjectDBX Classes
 90
     1153
 91
       10
280
     0
281
     0
  0
CLASS
  1
BLOCKBASEPOINTPARAMETER
  2
AcDbBlockBasepointParameter
  3
ObjectDBX Classes
 90
     1153
 91
        1
280
     0
281
     0
  0
CLASS
  1
BLOCKLINEARPARAMETER
  2
AcDbBlockLinearParameter
  3
ObjectDBX Classes
 90
     1153
 91
        2
280
     0
281
     0
  0
CLASS
  1
BLOCKLINEARGRIP
  2
AcDbBlockLinearGrip
  3
ObjectDBX Classes
 90
     1153
 91
        2
280
     0
281
     0
  0
CLASS
  1
BLOCKARRAYACTION
  2
AcDbBlockArrayAction
  3
ObjectDBX Classes
 90
     1153
 91
        1
280
     0
281
     0
  0
CLASS
  1
BLOCKSTRETCHACTION
  2
AcDbBlockStretchAction
  3
ObjectDBX Classes
 90
     1153
 91
        1
280
     0
281
     0
  0
CLASS
  1
BLOCKPOINTPARAMETER
  2
AcDbBlockPointParameter
  3
ObjectDBX Classes
 90
     1153
 91
        2
280
     0
281
     0
  0
CLASS
  1
BLOCKXYGRIP
  2
AcDbBlockXYGrip
  3
ObjectDBX Classes
 90
     1153
 91
        2
280
     0
281
     0
  0
CLASS
  1
BLOCKMOVEACTION
  2
AcDbBlockMoveAction
  3
ObjectDBX Classes
 90
     1153
 91
        2
280
     0
281
     0
  0
CLASS
  1
ACDB_DYNAMICBLOCKPURGEPREVENTER_VERSION
  2
AcDbDynamicBlockPurgePreventer
  3
ObjectDBX Classes
 90
     1153
 91
        1
280
     0
281
     0
  0
CLASS
  1
ACDB_BLOCKREPRESENTATION_DATA
  2
AcDbBlockRepresentationData
  3
ObjectDBX Classes
 90
     1153
 91
        8
280
     0
281
     0
  0
CLASS
  1
TCH_ARROW
  2
TDbSymbArrow
  3
"TCH_KERNAL|缺乏解释器天正图形看不见, 请下载天正插件|网址: www.tangent.com.cn"
 90
        1
 91
        0
280
     1
281
     1
  0
CLASS
  1
TCH_WALL
  2
TDbWall
  3
"TCH_KERNAL|缺乏解释器天正图形看不见, 请下载天正插件|网址: www.tangent.com.cn"
 90
        1
 91
        0
280
     1
281
     1
  0
CLASS
  1
TCH_OPENING
  2
TDbOpening
  3
"TCH_KERNAL|缺乏解释器天正图形看不见, 请下载天正插件|网址: www.tangent.com.cn"
 90
        1
 91
        0
280
     1
281
     1
  0
CLASS
  1
TCH_ERRORMSG
  2
TDbPromptMark
  3
"TCH_KERNAL|缺乏解释器天正图形看不见, 请下载天正插件|网址: www.tangent.com.cn"
 90
        1
 91
        0
280
     1
281
     1
  0
CLASS
  1
TCH_CURVEMESH
  2
TDbCurveMesh
  3
"TCH_KERNAL|缺乏解释器天正图形看不见, 请下载天正插件|网址: www.tangent.com.cn"
 90
        1
 91
        0
280
     1
281
     1
  0
CLASS
  1
TCH_TEXT
  2
TDbText
  3
"TCH_KERNAL|缺乏解释器天正图形看不见, 请下载天正插件|网址: www.tangent.com.cn"
 90
        1
 91
        0
280
     1
281
     1
  0
CLASS
  1
ACAECUSTOBJ
  2
AcAeEditorObj
  3
AcAeEditorObj
 90
     1024
 91
        0
280
     0
281
     0
  0
CLASS
  1
TCH_CORNER_WINDOW
  2
TDbCornerWin
  3
"TCH_KERNAL|缺乏解释器天正图形看不见, 请下载天正插件|网址: www.tangent.com.cn"
 90
        1
 91
        0
280
     1
281
     1
  0
CLASS
  1
TCH_BLOCK_INSERT
  2
TDbBlockInsert
  3
"TCH_KERNAL|缺乏解释器天正图形看不见, 请下载天正插件|网址: www.tangent.com.cn"
 90
        1
 91
        0
280
     1
281
     1
  0
CLASS
  1
TCH_DRAWINGNAME
  2
TDbDrawingName
  3
"TCH_KERNAL|缺乏解释器天正图形看不见, 请下载天正插件|网址: www.tangent.com.cn"
 90
        1
 91
        0
280
     1
281
     1
  0
CLASS
  1
IMAGEDEF
  2
AcDbRasterImageDef
  3
ISM
 90
        0
 91
        0
280
     0
281
     0
  0
CLASS
  1
RASTERVARIABLES
  2
AcDbRasterVariables
  3
ISM
 90
        0
 91
        0
280
     0
281
     0
  0
CLASS
  1
IMAGEDEF_REACTOR
  2
AcDbRasterImageDefReactor
  3
ISM
 90
        1
 91
        0
280
     0
281
     0
  0
CLASS
  1
IMAGE
  2
AcDbRasterImage
  3
ISM
 90
     2175
 91
        0
280
     0
281
     1
  0
CLASS
  1
TCH_RECTSTAIR
  2
TDbRectStair
  3
"TCH_KERNAL|缺乏解释器天正图形看不见, 请下载天正插件|网址: www.tangent.com.cn"
 90
        1
 91
        0
280
     1
281
     1
  0
CLASS
  1
BLOCKLOOKUPPARAMETER
  2
AcDbBlockLookupParameter
  3
ObjectDBX Classes
 90
     1153
 91
        0
280
     0
281
     0
  0
CLASS
  1
BLOCKLOOKUPGRIP
  2
AcDbBlockLookupGrip
  3
ObjectDBX Classes
 90
     1153
 91
        0
280
     0
281
     0
  0
CLASS
  1
BLOCKLOOKUPACTION
  2
AcDbBlockLookupAction
  3
ObjectDBX Classes
 90
     1153
 91
        0
280
     0
281
     0
  0
CLASS
  1
BLOCKVISIBILITYPARAMETER
  2
AcDbBlockVisibilityParameter
  3
ObjectDBX Classes
 90
     1153
 91
        0
280
     0
281
     0
  0
CLASS
  1
BLOCKVISIBILITYGRIP
  2
AcDbBlockVisibilityGrip
  3
ObjectDBX Classes
 90
     1153
 91
        0
280
     0
281
     0
  0
CLASS
  1
TCH_SYMB_SECTION
  2
TDbSymbSection
  3
"TCH_KERNAL|缺乏解释器天正图形看不见, 请下载天正插件|网址: www.tangent.com.cn"
 90
        1
 91
        0
280
     1
281
     1
  0
CLASS
  1
TCH_LINESTAIR
  2
TDbLineStair
  3
"TCH_KERNAL|缺乏解释器天正图形看不见, 请下载天正插件|网址: www.tangent.com.cn"
 90
        1
 91
        0
280
     1
281
     1
  0
CLASS
  1
TCH_ELEVATION
  2
TDbSymbElevation
  3
"TCH_KERNAL|缺乏解释器天正图形看不见, 请下载天正插件|网址: www.tangent.com.cn"
 90
        1
 91
        0
280
     1
281
     1
  0
CLASS
  1
TCH_HANDRAIL
  2
TDbHandRail
  3
"TCH_KERNAL|缺乏解释器天正图形看不见, 请下载天正插件|网址: www.tangent.com.cn"
 90
        1
 91
        0
280
     1
281
     1
  0
CLASS
  1
DIMASSOC
  2
AcDbDimAssoc
  3
"AcDbDimAssoc|Product Desc:     AcDim ARX App For Dimension|Company:          Autodesk, Inc.|WEB Address:      www.autodesk.com"
 90
        0
 91
        0
280
     0
281
     0
  0
CLASS
  1
TCH_SLAB
  2
TDbSlab
  3
"TCH_KERNAL|缺乏解释器天正图形看不见, 请下载天正插件|网址: www.tangent.com.cn"
 90
        1
 91
        0
280
     1
281
     1
  0
CLASS
  1
VISUALSTYLE
  2
AcDbVisualStyle
  3
ObjectDBX Classes
 90
     4095
 91
       24
280
     0
281
     0
  0
CLASS
  1
SCALE
  2
AcDbScale
  3
ObjectDBX Classes
 90
     1153
 91
       33
280
     0
281
     0
  0
CLASS
  1
MLEADERSTYLE
  2
AcDbMLeaderStyle
  3
ACDB_MLEADERSTYLE_CLASS
 90
     4095
 91
        2
280
     0
281
     0
  0
CLASS
  1
EXACXREFPANELOBJECT
  2
ExAcXREFPanelObject
  3
EXAC_ESW
 90
     1025
 91
        0
280
     1
281
     0
  0
CLASS
  1
NPOCOLLECTION
  2
AcDbImpNonPersistentObjectsCollection
  3
ObjectDBX Classes
 90
     1153
 91
        0
280
     0
281
     0
  0
CLASS
  1
TCH_DIMENSION
  2
TDbDimension
  3
"TCH_KERNAL|缺乏解释器天正图形看不见, 请下载天正插件|网址: www.tangent.com.cn"
 90
        1
 91
        0
280
     1
281
     1
  0
CLASS
  1
TCH_MTEXT
  2
TDbMText
  3
"TCH_KERNAL|缺乏解释器天正图形看不见, 请下载天正插件|网址: www.tangent.com.cn"
 90
        1
 91
        0
280
     1
281
     1
  0
CLASS
  1
CELLSTYLEMAP
  2
AcDbCellStyleMap
  3
ObjectDBX Classes
 90
     1152
 91
        2
280
     0
281
     0
  0
CLASS
  1
ACDBSECTIONVIEWSTYLE
  2
AcDbSectionViewStyle
  3
ObjectDBX Classes
 90
     1025
 91
        2
280
     0
281
     0
  0
CLASS
  1
ACDBDETAILVIEWSTYLE
  2
AcDbDetailViewStyle
  3
ObjectDBX Classes
 90
     1025
 91
        2
280
     0
281
     0
  0
CLASS
  1
SOLID_BACKGROUND
  2
AcDbSolidBackground
  3
SCENEOE
 90
     4095
 91
        0
280
     0
281
     0
  0
ENDSEC
  0
SECTION
  2
TABLES
  0
TABLE
  2
VPORT
  5
29
102
{ACAD_XDICTIONARY
360
2E
102
}
330
0
100
AcDbSymbolTable
 70
     1
  0
VPORT
  5
2A
330
29
100
AcDbSymbolTableRecord
100
AcDbViewportTableRecord
  2
*Active
 70
     0
 10
0.0
 20
0.0
 11
1.0
 21
1.0
 12
982482.0276786681
 22
-614650.1584063345
 13
0.0
 23
0.0
 14
300.0
 24
300.0
 15
0.5
 25
0.5
 16
0.0
 26
0.0
 36
1.0
 17
0.0
 27
0.0
 37
0.0
 40
29270.16041026021
 41
1.990958408679927
 42
50.0
 43
0.0
 44
0.0
 50
0.0
 51
0.0
 71
     0
 72
     8
 73
     1
 74
     1
 75
     0
 76
     0
 77
     0
 78
     0
281
     0
 65
     1
110
0.0
120
0.0
130
0.0
111
1.0
121
0.0
131
0.0
112
0.0
122
1.0
132
0.0
 79
     0
146
0.0
348
2B
 60
     3
 61
     5
292
     1
282
     1
141
0.0
142
0.0
 63
   250
421
  3355443
1001
ACAD_NAV_VCDISPLAY
1070
     3
  0
ENDTAB
  0
TABLE
  2
LTYPE
  5
24
330
0
100
AcDbSymbolTable
 70
     2
  0
LTYPE
  5
25
330
24
100
AcDbSymbolTableRecord
100
AcDbLinetypeTableRecord
  2
BYBLOCK
 70
     0
  3

 72
    65
 73
     0
 40
0.0
  0
LTYPE
  5
26
330
24
100
AcDbSymbolTableRecord
100
AcDbLinetypeTableRecord
  2
BYLAYER
 70
     0
  3

 72
    65
 73
     0
 40
0.0
  0
LTYPE
  5
F
330
24
100
AcDbSymbolTableRecord
100
AcDbLinetypeTableRecord
  2
CONTINUOUS
 70
     0
  3
Solid line
 72
    65
 73
     0
 40
0.0
  0
LTYPE
  5
A9D
330
24
100
AcDbSymbolTableRecord
100
AcDbLinetypeTableRecord
  2
HIDDEN
 70
     0
  3
_ _ _ _ _ _ _ _ _ _ _ _ _ _ _ _ _ _ _ _ _ _ _
 72
    65
 73
     2
 40
7.5
 49
5.0
 74
     0
 49
-2.5
 74
     0
  0
ENDTAB
  0
TABLE
  2
LAYER
  5
1B
102
{ACAD_XDICTIONARY
360
1C
102
}
330
0
100
AcDbSymbolTable
 70
    44
  0
LAYER
  5
7
102
{ACAD_XDICTIONARY
360
8
102
}
330
1B
100
AcDbSymbolTableRecord
100
AcDbLayerTableRecord
  2
0
 70
     0
 62
     7
  6
CONTINUOUS
370
    -3
390
A
347
D
348
0
1001
RAK
1000
{ACET-LAYISO
1070
     0
1070
     7
1000
CONTINUOUS
1071
       -3
1071
        1
1005
A
1000
ACET-LAYISO}
  0
LAYER
  5
93
102
{ACAD_XDICTIONARY
360
94
102
}
330
1B
100
AcDbSymbolTableRecord
100
AcDbLayerTableRecord
  2
文字标注
 70
     0
 62
   121
  6
CONTINUOUS
370
     0
390
A
347
D
348
0
1001
RAK
1000
{ACET-LAYISO
1070
     0
1070
   121
1000
CONTINUOUS
1071
        0
1071
        1
1005
A
1000
ACET-LAYISO}
  0
LAYER
  5
144
102
{ACAD_XDICTIONARY
360
145
102
}
330
1B
100
AcDbSymbolTableRecord
100
AcDbLayerTableRecord
  2
WINDOW
 70
     0
 62
     4
  6
CONTINUOUS
370
    -3
390
A
347
D
348
0
1001
RAK
1000
{ACET-LAYISO
1070
     0
1070
     2
1000
CONTINUOUS
1071
       -3
1071
        1
1005
A
1000
ACET-LAYISO}
  0
LAYER
  5
C82
102
{ACAD_XDICTIONARY
360
C83
102
}
330
1B
100
AcDbSymbolTableRecord
100
AcDbLayerTableRecord
  2
WALL
 70
     0
 62
     2
  6
CONTINUOUS
370
    -3
390
A
347
D
348
0
1001
RAK
1000
{ACET-LAYISO
1070
     0
1070
    21
1000
CONTINUOUS
1071
       -3
1071
        1
1005
A
1000
ACET-LAYISO}
  0
LAYER
  5
103
102
{ACAD_XDICTIONARY
360
104
102
}
330
1B
100
AcDbSymbolTableRecord
100
AcDbLayerTableRecord
  2
STAIR
 70
     0
 62
     3
  6
CONTINUOUS
370
    -3
390
A
347
D
348
0
1001
RAK
1000
{ACET-LAYISO
1070
     0
1070
     2
1000
CONTINUOUS
1071
       -3
1071
        1
1005
A
1000
ACET-LAYISO}
  0
LAYER
  5
ACC
102
{ACAD_XDICTIONARY
360
ACD
102
}
330
1B
100
AcDbSymbolTableRecord
100
AcDbLayerTableRecord
  2
PUB_DIM
 70
     0
 62
    -3
  6
CONTINUOUS
370
    -3
390
A
347
D
348
0
1001
RAK
1000
{ACET-LAYISO
1070
     0
1070
     3
1000
CONTINUOUS
1071
       -3
1071
        1
1005
A
1000
ACET-LAYISO}
  0
LAYER
  5
322
102
{ACAD_XDICTIONARY
360
323
102
}
330
1B
100
AcDbSymbolTableRecord
100
AcDbLayerTableRecord
  2
FUR
 70
     0
 62
     8
  6
CONTINUOUS
370
    -3
390
A
347
D
348
0
  0
LAYER
  5
98
102
{ACAD_XDICTIONARY
360
99
102
}
330
1B
100
AcDbSymbolTableRecord
100
AcDbLayerTableRecord
  2
家具
 70
     0
 62
     8
  6
CONTINUOUS
370
    -3
390
A
347
D
348
0
  0
LAYER
  5
95E
102
{ACAD_XDICTIONARY
360
95F
102
}
330
1B
100
AcDbSymbolTableRecord
100
AcDbLayerTableRecord
  2
铺地
 70
     0
 62
    -8
  6
CONTINUOUS
370
    -3
390
A
347
D
348
0
  0
LAYER
  5
87F
102
{ACAD_XDICTIONARY
360
880
102
}
330
1B
100
AcDbSymbolTableRecord
100
AcDbLayerTableRecord
  2
F1
 70
     0
 62
   223
  6
CONTINUOUS
370
    -3
390
A
347
D
348
0
1001
RAK
1000
{墙填充
1070
     0
1070
   223
1000
CONTINUOUS
1000
墙填充}
1000
{ALL
1070
     0
1070
   223
1000
CONTINUOUS
1000
ALL}
1000
{PLOT
1070
     0
1070
   223
1000
CONTINUOUS
1000
PLOT}
  0
LAYER
  5
B0
102
{ACAD_XDICTIONARY
360
B1
102
}
330
1B
100
AcDbSymbolTableRecord
100
AcDbLayerTableRecord
  2
BATH
 70
     0
 62
     8
  6
CONTINUOUS
370
    -3
390
A
347
D
348
0
1001
RAK
1000
{ACET-LAYISO
1070
     0
1070
   251
1000
CONTINUOUS
1071
       -3
1071
        1
1005
A
1000
ACET-LAYISO}
  0
LAYER
  5
94F
102
{ACAD_XDICTIONARY
360
950
102
}
330
1B
100
AcDbSymbolTableRecord
100
AcDbLayerTableRecord
  2
Elec(电器)
 70
     0
 62
    33
  6
CONTINUOUS
370
    -3
390
A
347
D
348
0
1001
RAK
1000
{ACET-LAYISO
1070
     0
1070
    33
1000
CONTINUOUS
1071
       -3
1071
        1
1005
A
1000
ACET-LAYISO}
  0
LAYER
  5
61B
102
{ACAD_XDICTIONARY
360
61C
102
}
330
1B
100
AcDbSymbolTableRecord
100
AcDbLayerTableRecord
  2
Furniture(家具)
 70
     0
 62
     8
  6
CONTINUOUS
370
    -3
390
A
347
D
348
0
1001
AcAecLayerStandard
1000

1000
室内家具布置
1001
RAK
1000
{ACET-LAYISO
1070
     0
1070
     8
1000
CONTINUOUS
1071
       -3
1071
        1
1005
A
1000
ACET-LAYISO}
  0
LAYER
  5
520
102
{ACAD_XDICTIONARY
360
521
102
}
330
1B
100
AcDbSymbolTableRecord
100
AcDbLayerTableRecord
  2
FURN
 70
     0
 62
     8
  6
CONTINUOUS
370
    -3
390
A
347
D
348
0
1001
RAK
1000
{ACET-LAYISO
1070
     0
1070
     8
1000
CONTINUOUS
1071
       -3
1071
        1
1005
A
1000
ACET-LAYISO}
  0
LAYER
  5
15D
102
{ACAD_XDICTIONARY
360
15E
102
}
330
1B
100
AcDbSymbolTableRecord
100
AcDbLayerTableRecord
  2
家具示意
 70
     0
 62
     8
  6
CONTINUOUS
370
    -3
390
A
347
D
348
0
1001
RAK
1000
{ACET-LAYISO
1070
     0
1070
     8
1000
CONTINUOUS
1071
       -3
1071
        1
1005
A
1000
ACET-LAYISO}
  0
LAYER
  5
A1E
102
{ACAD_XDICTIONARY
360
A1F
102
}
330
1B
100
AcDbSymbolTableRecord
100
AcDbLayerTableRecord
  2
厨卫示意
 70
     0
 62
     8
  6
CONTINUOUS
370
    -3
390
A
347
D
348
0
1001
RAK
1000
{ACET-LAYISO
1070
     0
1070
     8
1000
CONTINUOUS
1071
       -3
1071
        1
1005
A
1000
ACET-LAYISO}
  0
LAYER
  5
973
102
{ACAD_XDICTIONARY
360
974
102
}
330
1B
100
AcDbSymbolTableRecord
100
AcDbLayerTableRecord
  2
Lvtry(厨卫)
 70
     0
 62
   136
  6
CONTINUOUS
370
    -3
390
A
347
D
348
0
1001
AcAecLayerStandard
1000

1000
厨房和卫生间布置
1001
RAK
1000
{ACET-LAYISO
1070
     0
1070
   136
1000
CONTINUOUS
1071
       -3
1071
        1
1005
A
1000
ACET-LAYISO}
  0
LAYER
  5
743
102
{ACAD_XDICTIONARY
360
744
102
}
330
1B
100
AcDbSymbolTableRecord
100
AcDbLayerTableRecord
  2
j家具示意
 70
     0
 62
     8
  6
CONTINUOUS
370
    -3
390
A
347
D
348
0
1001
RAK
1000
{ACET-LAYISO
1070
     0
1070
     8
1000
CONTINUOUS
1071
       -3
1071
        1
1005
A
1000
ACET-LAYISO}
  0
LAYER
  5
FE
102
{ACAD_XDICTIONARY
360
FF
102
}
330
1B
100
AcDbSymbolTableRecord
100
AcDbLayerTableRecord
  2
箭头
 70
     0
 62
    11
  6
CONTINUOUS
370
    -3
390
A
347
D
348
0
1001
RAK
1000
{ACET-LAYISO
1070
     0
1070
    11
1000
CONTINUOUS
1071
       -3
1071
        1
1005
A
1000
ACET-LAYISO}
  0
LAYER
  5
AD8
330
1B
100
AcDbSymbolTableRecord
100
AcDbLayerTableRecord
  2
DEFPOINTS
 70
     0
 62
     7
  6
CONTINUOUS
290
     0
370
    -3
390
A
347
D
348
0
1001
RAK
1000
{ACET-LAYISO
1070
     0
1070
     7
1000
Continuous
1071
       -3
1071
        0
1005
A
1000
ACET-LAYISO}
  0
LAYER
  5
68
102
{ACAD_XDICTIONARY
360
69
102
}
330
1B
100
AcDbSymbolTableRecord
100
AcDbLayerTableRecord
  2
AC
 70
     0
 62
    11
  6
CONTINUOUS
370
    -3
390
A
347
D
348
0
1001
RAK
1000
{ACET-LAYISO
1070
     0
1070
    11
1000
CONTINUOUS
1071
       -3
1071
        1
1005
A
1000
ACET-LAYISO}
  0
LAYER
  5
F27
330
1B
100
AcDbSymbolTableRecord
100
AcDbLayerTableRecord
  2
GT_卧室
 70
     0
 62
     1
  6
CONTINUOUS
370
    60
390
A
347
D
348
0
  0
LAYER
  5
F28
330
1B
100
AcDbSymbolTableRecord
100
AcDbLayerTableRecord
  2
GT_客厅
 70
     0
 62
     2
  6
CONTINUOUS
370
    60
390
A
347
D
348
0
  0
LAYER
  5
F29
330
1B
100
AcDbSymbolTableRecord
100
AcDbLayerTableRecord
  2
GT_厨房
 70
     0
 62
     4
  6
CONTINUOUS
370
    60
390
A
347
D
348
0
  0
LAYER
  5
F2A
330
1B
100
AcDbSymbolTableRecord
100
AcDbLayerTableRecord
  2
GT_卫生间
 70
     0
 62
     5
  6
CONTINUOUS
370
    60
390
A
347
D
348
0
  0
LAYER
  5
F2B
330
1B
100
AcDbSymbolTableRecord
100
AcDbLayerTableRecord
  2
GT_阳台
 70
     0
 62
     6
  6
CONTINUOUS
370
    60
390
A
347
D
348
0
  0
LAYER
  5
F2C
330
1B
100
AcDbSymbolTableRecord
100
AcDbLayerTableRecord
  2
GT_过道
 70
     0
 62
    30
  6
CONTINUOUS
370
    60
390
A
347
D
348
0
  0
LAYER
  5
F2D
330
1B
100
AcDbSymbolTableRecord
100
AcDbLayerTableRecord
  2
GT_玄关
 70
     0
 62
    40
  6
CONTINUOUS
370
    60
390
A
347
D
348
0
  0
LAYER
  5
F2E
330
1B
100
AcDbSymbolTableRecord
100
AcDbLayerTableRecord
  2
GT_餐厅
 70
     0
 62
     3
  6
CONTINUOUS
370
    60
390
A
347
D
348
0
  0
LAYER
  5
F2F
330
1B
100
AcDbSymbolTableRecord
100
AcDbLayerTableRecord
  2
GT_电梯
 70
     0
 62
   150
  6
CONTINUOUS
370
    60
390
A
347
D
348
0
  0
LAYER
  5
F30
330
1B
100
AcDbSymbolTableRecord
100
AcDbLayerTableRecord
  2
GT_储藏间
 70
     0
 62
    50
  6
CONTINUOUS
370
    60
390
A
347
D
348
0
  0
LAYER
  5
F31
330
1B
100
AcDbSymbolTableRecord
100
AcDbLayerTableRecord
  2
GT_楼梯
 70
     0
 62
   130
  6
CONTINUOUS
370
    60
390
A
347
D
348
0
  0
LAYER
  5
F32
330
1B
100
AcDbSymbolTableRecord
100
AcDbLayerTableRecord
  2
GT_水机房
 70
     0
 62
   170
  6
CONTINUOUS
370
    60
390
A
347
D
348
0
  0
LAYER
  5
F33
330
1B
100
AcDbSymbolTableRecord
100
AcDbLayerTableRecord
  2
GT_电机房
 70
     0
 62
   210
  6
CONTINUOUS
370
    60
390
A
347
D
348
0
  0
LAYER
  5
F34
330
1B
100
AcDbSymbolTableRecord
100
AcDbLayerTableRecord
  2
GT_风机房
 70
     0
 62
   230
  6
CONTINUOUS
370
    60
390
A
347
D
348
0
  0
LAYER
  5
F35
330
1B
100
AcDbSymbolTableRecord
100
AcDbLayerTableRecord
  2
GT_花园
 70
     0
 62
    74
  6
CONTINUOUS
370
    60
390
A
347
D
348
0
  0
LAYER
  5
F36
330
1B
100
AcDbSymbolTableRecord
100
AcDbLayerTableRecord
  2
GT_阳光房
 70
     0
 62
   240
420
 16189532
  6
CONTINUOUS
370
    60
390
A
347
D
348
0
1001
AcAecLayerStandard
1000

1000

1001
AcCmTransparency
1071
        0
  0
LAYER
  5
F37
330
1B
100
AcDbSymbolTableRecord
100
AcDbLayerTableRecord
  2
GT_书房
 70
     0
 62
   205
420
  8411558
  6
CONTINUOUS
370
    60
390
A
347
D
348
0
1001
AcAecLayerStandard
1000

1000

1001
AcCmTransparency
1071
        0
  0
LAYER
  5
F38
330
1B
100
AcDbSymbolTableRecord
100
AcDbLayerTableRecord
  2
GT_衣帽间
 70
     0
 62
    85
  6
CONTINUOUS
370
    60
390
A
347
D
348
0
1001
AcAecLayerStandard
1000

1000

1001
AcCmTransparency
1071
        0
  0
LAYER
  5
F39
330
1B
100
AcDbSymbolTableRecord
100
AcDbLayerTableRecord
  2
GT_门
 70
     0
 62
   245
  6
CONTINUOUS
370
    60
390
A
347
D
348
0
1001
AcAecLayerStandard
1000

1000

1001
AcCmTransparency
1071
        0
  0
LAYER
  5
F3A
330
1B
100
AcDbSymbolTableRecord
100
AcDbLayerTableRecord
  2
GT_SINK
 70
     0
 62
     3
  6
CONTINUOUS
370
    60
390
A
347
D
348
0
1001
AcAecLayerStandard
1000

1000

1001
AcCmTransparency
1071
        0
  0
LAYER
  5
F3B
330
1B
100
AcDbSymbolTableRecord
100
AcDbLayerTableRecord
  2
GT_GASSTOVE
 70
     0
 62
     3
  6
CONTINUOUS
370
    60
390
A
347
D
348
0
1001
AcAecLayerStandard
1000

1000

1001
AcCmTransparency
1071
        0
  0
LAYER
  5
F3C
330
1B
100
AcDbSymbolTableRecord
100
AcDbLayerTableRecord
  2
GT_BATH
 70
     0
 62
     3
  6
CONTINUOUS
370
    60
390
A
347
D
348
0
1001
AcAecLayerStandard
1000

1000

1001
AcCmTransparency
1071
        0
  0
LAYER
  5
F3D
330
1B
100
AcDbSymbolTableRecord
100
AcDbLayerTableRecord
  2
GT_BATHTUB
 70
     0
 62
     3
  6
CONTINUOUS
370
    60
390
A
347
D
348
0
1001
AcAecLayerStandard
1000

1000

1001
AcCmTransparency
1071
        0
  0
ENDTAB
  0
TABLE
  2
STYLE
  5
21
330
0
100
AcDbSymbolTable
 70
     7
  0
STYLE
  5
22
330
21
100
AcDbSymbolTableRecord
100
AcDbTextStyleTableRecord
  2
STANDARD
 70
     0
 40
0.0
 41
1.0
 50
0.0
 71
     0
 42
0.2
  3
txt
  4

  0
STYLE
  5
3B
330
21
100
AcDbSymbolTableRecord
100
AcDbTextStyleTableRecord
  2
DIM_FONT
 70
     0
 40
0.0
 41
0.8
 50
0.0
 71
     0
 42
300.0
  3
ZBTXT.shx
  4

  0
STYLE
  5
96
330
21
100
AcDbSymbolTableRecord
100
AcDbTextStyleTableRecord
  2
-黑体
 70
     0
 40
0.0
 41
0.8
 50
0.0
 71
     0
 42
300.0
  3
simhei.ttf
  4

1001
ACAD
1000
SimHei
1071
    34306
  0
STYLE
  5
955
330
21
100
AcDbSymbolTableRecord
100
AcDbTextStyleTableRecord
  2
_ZBHZ
 70
     0
 40
0.0
 41
0.8
 50
0.0
 71
     0
 42
2.5
  3
simhei.ttf
  4

1001
_TCH
1040
1.0
1040
1.0
1070
     0
1001
ACAD
1000
SimHei
1071
    34306
  0
STYLE
  5
6B
330
21
100
AcDbSymbolTableRecord
100
AcDbTextStyleTableRecord
  2
_FSD
 70
     0
 40
0.0
 41
0.8
 50
0.0
 71
     0
 42
175.0
  3

  4

1001
ACAD
1000
SimSun
1071
    34306
  0
STYLE
  5
32
330
21
100
AcDbSymbolTableRecord
100
AcDbTextStyleTableRecord
  2
_TCH_DIM_T3
 70
     0
 40
0.0
 41
0.7058823529411768
 50
0.0
 71
     0
 42
300.0
  3
SIMPLEX
  4
GBCBIG
1001
_TCH
1040
0.85
1040
0.6
1070
     7
  0
STYLE
  5
F3E
330
21
100
AcDbSymbolTableRecord
100
AcDbTextStyleTableRecord
  2
Annotative
 70
     0
 40
0.0
 41
1.0
 50
0.0
 71
     0
 42
2.5
  3
arial.ttf
  4

1001
AcadAnnotative
1000
AnnotativeData
1002
{
1070
     1
1070
     1
1002
}
1001
ACAD
1000
Arial
1071
       34
  0
ENDTAB
  0
TABLE
  2
VIEW
  5
27
330
0
100
AcDbSymbolTable
 70
     0
  0
ENDTAB
  0
TABLE
  2
UCS
  5
28
330
0
100
AcDbSymbolTable
 70
     0
  0
ENDTAB
  0
TABLE
  2
APPID
  5
2F
330
0
100
AcDbSymbolTable
 70
    18
  0
APPID
  5
20
330
2F
100
AcDbSymbolTableRecord
100
AcDbRegAppTableRecord
  2
ACAD
 70
     0
  0
APPID
  5
C93
330
2F
100
AcDbSymbolTableRecord
100
AcDbRegAppTableRecord
  2
WTHICK
 70
     0
  0
APPID
  5
10
330
2F
100
AcDbSymbolTableRecord
100
AcDbRegAppTableRecord
  2
RAK
 70
     0
  0
APPID
  5
33
330
2F
100
AcDbSymbolTableRecord
100
AcDbRegAppTableRecord
  2
_TCH
 70
     0
  0
APPID
  5
61E
330
2F
100
AcDbSymbolTableRecord
100
AcDbRegAppTableRecord
  2
AcAecLayerStandard
 70
     0
  0
APPID
  5
14
330
2F
100
AcDbSymbolTableRecord
100
AcDbRegAppTableRecord
  2
ACAD_PSEXT
 70
     0
  0
APPID
  5
2D4
330
2F
100
AcDbSymbolTableRecord
100
AcDbRegAppTableRecord
  2
AcDbBlockRepETag
 70
     0
  0
APPID
  5
2DB
330
2F
100
AcDbSymbolTableRecord
100
AcDbRegAppTableRecord
  2
AcDbDynamicBlockGUID
 70
     0
  0
APPID
  5
2DA
330
2F
100
AcDbSymbolTableRecord
100
AcDbRegAppTableRecord
  2
AcDbDynamicBlockTrueName
 70
     0
  0
APPID
  5
320
330
2F
100
AcDbSymbolTableRecord
100
AcDbRegAppTableRecord
  2
AcDbBlockRepBTag
 70
     0
  0
APPID
  5
2F3
330
2F
100
AcDbSymbolTableRecord
100
AcDbRegAppTableRecord
  2
AcDbBlockArrayActionTag
 70
     0
  0
APPID
  5
2D
330
2F
100
AcDbSymbolTableRecord
100
AcDbRegAppTableRecord
  2
ACAD_NAV_VCDISPLAY
 70
     0
  0
APPID
  5
F42
330
2F
100
AcDbSymbolTableRecord
100
AcDbRegAppTableRecord
  2
AcadAnnoPO
 70
     0
  0
APPID
  5
F43
330
2F
100
AcDbSymbolTableRecord
100
AcDbRegAppTableRecord
  2
AcadAnnotative
 70
     0
  0
APPID
  5
F44
330
2F
100
AcDbSymbolTableRecord
100
AcDbRegAppTableRecord
  2
ACAD_DSTYLE_DIMJAG
 70
     0
  0
APPID
  5
F45
330
2F
100
AcDbSymbolTableRecord
100
AcDbRegAppTableRecord
  2
ACAD_DSTYLE_DIMTALN
 70
     0
  0
APPID
  5
F46
330
2F
100
AcDbSymbolTableRecord
100
AcDbRegAppTableRecord
  2
ACAD_MLEADERVER
 70
     0
  0
APPID
  5
F47
330
2F
100
AcDbSymbolTableRecord
100
AcDbRegAppTableRecord
  2
AcCmTransparency
 70
     0
  0
ENDTAB
  0
TABLE
  2
DIMSTYLE
  5
30
330
0
100
AcDbSymbolTable
 70
     8
100
AcDbDimStyleTable
 71
     5
340
31
340
3A
340
43
340
44
340
45
  0
DIMSTYLE
105
3A
330
30
100
AcDbSymbolTableRecord
100
AcDbDimStyleTableRecord
  2
NORMAL
 70
     0
 41
1.0
 42
300.0
 43
0.0
 44
250.0
 73
     0
 74
     0
 77
     1
 78
     8
140
300.0
147
150.0
172
     1
174
     1
178
     7
271
     0
272
     0
279
     2
340
3B
341
3C
342
3C
343
3C
344
3C
  0
DIMSTYLE
105
45
330
30
100
AcDbSymbolTableRecord
100
AcDbDimStyleTableRecord
  2
_TCH_ARCH&&100
 70
     0
 41
100.0
 42
300.0
 43
0.0
 44
250.0
 73
     0
 74
     0
 77
     1
 79
     2
140
297.5
147
126.25
172
     1
174
     1
178
     7
179
     2
271
     0
272
     0
279
     2
340
32
342
34
  0
DIMSTYLE
105
31
330
30
100
AcDbSymbolTableRecord
100
AcDbDimStyleTableRecord
  2
_TCH_ARCH&&150
 70
     0
 41
150.0
 42
450.0
 43
0.0
 44
375.0
 73
     0
 74
     0
 77
     1
 79
     2
140
446.25
147
189.375
172
     1
174
     1
178
     7
179
     2
271
     0
272
     0
279
     2
340
32
342
34
  0
DIMSTYLE
105
43
330
30
100
AcDbSymbolTableRecord
100
AcDbDimStyleTableRecord
  2
_TCH_ARCH&&200
 70
     0
 41
200.0
 42
600.0
 43
0.0
 44
500.0
 73
     0
 74
     0
 77
     1
 79
     2
140
595.0
147
252.5
172
     1
174
     1
178
     7
179
     2
271
     0
272
     0
279
     2
340
32
342
34
  0
DIMSTYLE
105
44
102
{ACAD_REACTORS
330
ACB
330
ADC
330
AE9
330
AF6
330
B03
330
B10
330
B1D
330
B2A
330
B37
330
B44
330
B51
330
B5E
330
B6B
330
B7A
330
B87
330
B96
330
BA3
330
BB2
330
BC1
330
BD0
330
BDD
330
BEA
330
BF7
330
C06
330
C15
330
C22
330
C31
330
C40
330
C4D
330
C5A
330
C67
330
C74
102
}
330
30
100
AcDbSymbolTableRecord
100
AcDbDimStyleTableRecord
  2
_TCH_ARCH&&250
 70
     0
 41
250.0
 42
750.0
 43
0.0
 44
625.0
 73
     0
 74
     0
 77
     1
 79
     2
140
743.75
147
315.625
172
     1
174
     1
178
     7
179
     2
271
     0
272
     0
279
     2
340
32
342
34
  0
DIMSTYLE
105
F3F
330
30
100
AcDbSymbolTableRecord
100
AcDbDimStyleTableRecord
  2
Standard
 70
     0
340
22
  0
DIMSTYLE
105
F40
330
30
100
AcDbSymbolTableRecord
100
AcDbDimStyleTableRecord
  2
Annotative
 70
     0
 40
0.0
 41
2.5
 42
0.625
 43
3.75
 44
1.25
 73
     0
 74
     0
 77
     1
 78
     8
140
2.5
141
2.5
143
0.03937007874016
147
0.625
171
     3
172
     1
271
     2
272
     2
274
     3
278
    44
283
     0
284
     8
340
22
1001
AcadAnnotative
1000
AnnotativeData
1002
{
1070
     1
1070
     1
1002
}
1001
ACAD_DSTYLE_DIMJAG
1070
   388
1040
1.5
1001
ACAD_DSTYLE_DIMTALN
1070
   392
1070
     0
  0
DIMSTYLE
105
F41
330
30
100
AcDbSymbolTableRecord
100
AcDbDimStyleTableRecord
  2
ISO-25
 70
     0
 41
2.5
 42
0.625
 43
3.75
 44
1.25
 73
     0
 74
     0
 77
     1
 78
     8
140
2.5
141
2.5
143
0.03937007874016
147
0.625
171
     3
172
     1
271
     2
272
     2
274
     3
278
    44
283
     0
284
     8
340
22
  0
ENDTAB
  0
TABLE
  2
BLOCK_RECORD
  5
1
330
0
100
AcDbSymbolTable
 70
    73
  0
BLOCK_RECORD
  5
2
102
{ACAD_XDICTIONARY
360
3
102
}
330
1
100
AcDbSymbolTableRecord
100
AcDbBlockTableRecord
  2
*MODEL_SPACE
340
12
 70
     0
280
     1
281
     0
  0
BLOCK_RECORD
  5
15
102
{ACAD_XDICTIONARY
360
16
102
}
330
1
100
AcDbSymbolTableRecord
100
AcDbBlockTableRecord
  2
*PAPER_SPACE
340
1A
 70
     0
280
     1
281
     0
  0
BLOCK_RECORD
  5
3C
102
{ACAD_XDICTIONARY
360
3D
102
}
330
1
100
AcDbSymbolTableRecord
100
AcDbBlockTableRecord
  2
_DIMX
340
0
 70
     0
280
     1
281
     0
  0
BLOCK_RECORD
  5
114
102
{ACAD_XDICTIONARY
360
115
102
}
330
1
100
AcDbSymbolTableRecord
100
AcDbBlockTableRecord
  2
_ARROW
340
0
102
{BLKREFS
331
113
331
11B
331
12E
102
}
 70
     0
280
     1
281
     0
  0
BLOCK_RECORD
  5
2B4
102
{ACAD_XDICTIONARY
360
2B5
102
}
330
1
100
AcDbSymbolTableRecord
100
AcDbBlockTableRecord
  2
衣柜
340
0
310
2800000020000000200000000100080000000000000400000000000000000000000000000000000000000000000080000080000000808000800000008000800080800000C0C0C000C0DCC000C8D0D4000020400000206000002080000020A0000020C0000020E00000400000004020000040400000406000004080000040A0
310
000040C0000040E00000600000006020000060400000606000006080000060A0000060C0000060E00000800000008020000080400000806000008080000080A0000080C0000080E00000A0000000A0200000A0400000A0600000A0800000A0A00000A0C00000A0E00000C0000000C0200000C0400000C0600000C0800000C0
310
A00000C0C00000C0E00000E0000000E0200000E0400000E0600000E0800000E0A00000E0C00000E0E00040000000400020004000400040006000400080004000A0004000C0004000E00040200000402020004020400040206000402080004020A0004020C0004020E000404000004040200040404000404060004040800040
310
40A0004040C0004040E00040600000406020004060400040606000406080004060A0004060C0004060E00040800000408020004080400040806000408080004080A0004080C0004080E00040A0000040A0200040A0400040A0600040A0800040A0A00040A0C00040A0E00040C0000040C0200040C0400040C0600040C08000
310
40C0A00040C0C00040C0E00040E0000040E0200040E0400040E0600040E0800040E0A00040E0C00040E0E00080000000800020008000400080006000800080008000A0008000C0008000E00080200000802020008020400080206000802080008020A0008020C0008020E00080400000804020008040400080406000804080
310
008040A0008040C0008040E00080600000806020008060400080606000806080008060A0008060C0008060E00080800000808020008080400080806000808080008080A0008080C0008080E00080A0000080A0200080A0400080A0600080A0800080A0A00080A0C00080A0E00080C0000080C0200080C0400080C0600080C0
310
800080C0A00080C0C00080C0E00080E0000080E0200080E0400080E0600080E0800080E0A00080E0C00080E0E000C0000000C0002000C0004000C0006000C0008000C000A000C000C000C000E000C0200000C0202000C0204000C0206000C0208000C020A000C020C000C020E000C0400000C0402000C0404000C0406000C0
310
408000C040A000C040C000C040E000C0600000C0602000C0604000C0606000C0608000C060A000C060C000C060E000C0800000C0802000C0804000C0806000C0808000C080A000C080C000C080E000C0A00000C0A02000C0A04000C0A06000C0A08000C0A0A000C0A0C000C0A0E000C0C00000C0C02000C0C04000C0C06000
310
C0C08000C0C0A000F0FBFF00A56E3A00808080000000FF0000FF000000FFFF00FF000000FF00FF00FFFF0000FFFFFF0000000000000000000000000000000000000000000000000000000000000000000000000000000000000000000000000000000000000000000000000000000000000000000000000000000000000000
310
00000000000000000000000000000000000000000000000000000000000000000000000000000000000000000000000000000000000000000000000000000000000000000000000000000000000000000000000000000000000000000000000000000000000000000000000000000000000000000000000000000000000000
310
00000000000000000000000000000000000000000000000000000000000000000000000000000000000000000000000000000000000000000000000000000000000000000000000000000000000000000000000000000000000000000000000000000000000000000000000000000000000000000000000000000000000000
310
0000000000000000000000000000000000000000A4A4A4A4A4A4A4A4A4A4A4A4A4A4A4A4A4A4A4A4A4A4A4A4A4A4A4A4A4A400000000A4A4A4A4A4A4A4A4A4A4A4A4A4A4A400A4A4A4A400A4A4A4A4A400A400000000A4A4A4A4A4A4A4A4A4A4A4A4A4A4A400A4A4A4A400A4A4A4A4A400A400000000A4A4A4A4A4A4A4A4A4
310
A4A4A4A4A4A400A4A4A4A4A4A4A4A4A4A400A400000000A4A4A4A4A4A4A4A4A4A4A4A4A4A4A400A4A4A4A4A4A4A4A4A4A400A40000A4A4A4A4A4A4A4A4A4A4A4A4A4A4A4A4A4A4A4A4A4A4A4A4A4A4A4A4A4A400000000A4A4A4A4A4A4A4A4A4A4A4A4A4A4A400A4A4A4A4A4A4A4A4A4A400A400000000A4A4A4A4A4A4A4A4
310
A4A4A4A4A4A4A400A4A4A4A400A4A4A4A4A400A400000000A4A4A4A4A4A4A4A4A4A4A4A4A4A4A400A4A4A4A400A4A4A4A4A400A400000000000000000000000000000000000000000000000000000000000000A400000000000000000000000000000000000000000000000000000000000000000000000000000000000000
310
00000000000000000000000000000000000000000000000000000000000000000000000000000000000000000000000000000000000000000000000000000000000000000000000000000000000000000000000000000000000000000000000000000000000000000000000000000000000000000000000000000000000000
310
00000000000000000000000000000000000000000000000000000000000000000000000000000000000000000000000000000000000000000000000000000000000000000000000000000000000000000000000000000000000000000000000000000000000000000000000000000000000000000000000000000000000000
310
0000000000000000000000000000000000000000000000000000000000000000000000000000000000000000000000000000000000000000
 70
     4
280
     1
281
     0
1001
AcDbBlockRepETag
1070
     1
1071
       13
1001
AcDbDynamicBlockTrueName
1000
衣柜
1001
AcDbDynamicBlockGUID
1000
{7B92925A-0A4D-6742-A8FB-44793A5821EE}
  0
BLOCK_RECORD
  5
61F
330
1
100
AcDbSymbolTableRecord
100
AcDbBlockTableRecord
  2
餐桌2
340
0
310
2800000020000000200000000100080000000000000400000000000000000000000000000000000000000000000080000080000000808000800000008000800080800000C0C0C000C0DCC000F0CAA6000020400000206000002080000020A0000020C0000020E00000400000004020000040400000406000004080000040A0
310
000040C0000040E00000600000006020000060400000606000006080000060A0000060C0000060E00000800000008020000080400000806000008080000080A0000080C0000080E00000A0000000A0200000A0400000A0600000A0800000A0A00000A0C00000A0E00000C0000000C0200000C0400000C0600000C0800000C0
310
A00000C0C00000C0E00000E0000000E0200000E0400000E0600000E0800000E0A00000E0C00000E0E00040000000400020004000400040006000400080004000A0004000C0004000E00040200000402020004020400040206000402080004020A0004020C0004020E000404000004040200040404000404060004040800040
310
40A0004040C0004040E00040600000406020004060400040606000406080004060A0004060C0004060E00040800000408020004080400040806000408080004080A0004080C0004080E00040A0000040A0200040A0400040A0600040A0800040A0A00040A0C00040A0E00040C0000040C0200040C0400040C0600040C08000
310
40C0A00040C0C00040C0E00040E0000040E0200040E0400040E0600040E0800040E0A00040E0C00040E0E00080000000800020008000400080006000800080008000A0008000C0008000E00080200000802020008020400080206000802080008020A0008020C0008020E00080400000804020008040400080406000804080
310
008040A0008040C0008040E00080600000806020008060400080606000806080008060A0008060C0008060E00080800000808020008080400080806000808080008080A0008080C0008080E00080A0000080A0200080A0400080A0600080A0800080A0A00080A0C00080A0E00080C0000080C0200080C0400080C0600080C0
310
800080C0A00080C0C00080C0E00080E0000080E0200080E0400080E0600080E0800080E0A00080E0C00080E0E000C0000000C0002000C0004000C0006000C0008000C000A000C000C000C000E000C0200000C0202000C0204000C0206000C0208000C020A000C020C000C020E000C0400000C0402000C0404000C0406000C0
310
408000C040A000C040C000C040E000C0600000C0602000C0604000C0606000C0608000C060A000C060C000C060E000C0800000C0802000C0804000C0806000C0808000C080A000C080C000C080E000C0A00000C0A02000C0A04000C0A06000C0A08000C0A0A000C0A0C000C0A0E000C0C00000C0C02000C0C04000C0C06000
310
C0C08000C0C0A000F0FBFF00A4A0A000808080000000FF0000FF000000FFFF00FF000000FF00FF00FFFF0000FFFFFF000000000000000000000000000000000000000000000000000000000000000000000000000000000000000000000000FFFF00000000000000000000000000000000000000000000000000000000FFFF
310
FFFFFFFF0000000000000000000000000000000000000000000000000000FFFFFFFFFFFF0000000000000000000000000000000000000000000000000000FF00000000FF0000000000000000000000000000000000000000000000000000FF00000000FF0000000000000000000000000000000000000000000000000000FF
310
FFFFFFFFFF00000000000000000000000000000000000000000000000000FFFFFFFFFFFFFFFF0000000000000000000000000000000000000000000000FF0000000000000000FF0000000000000000000000000000000000FFFFFFFFFFFF0000000000000000FFFFFFFFFFFF000000000000000000000000FFFF000000FF00
310
00000000000000FF000000FFFF000000000000000000000000FFFF000000FF0000000000000000FF000000FFFF000000000000000000000000FFFF000000FF0000000000000000FF000000FFFF000000000000000000000000FFFF000000FF0000000000000000FF000000FFFF000000000000000000000000FFFFFFFFFFFF
310
0000000000000000FFFFFFFFFFFF0000000000000000000000000000000000FF0000000000000000FF00000000000000000000000000000000000000000000FF0000000000000000FF0000000000000000000000000000000000FFFFFFFFFFFF0000000000000000FFFFFFFFFFFF000000000000000000000000FFFF000000
310
FF0000000000000000FF000000FFFF000000000000000000000000FFFF000000FF0000000000000000FF000000FFFF000000000000000000000000FFFF000000FF0000000000000000FF000000FFFF000000000000000000000000FFFF000000FF0000000000000000FF000000FFFF000000000000000000000000FFFFFFFF
310
FFFF0000000000000000FFFFFFFFFFFF0000000000000000000000000000000000FF0000000000000000FF0000000000000000000000000000000000000000000000FFFFFFFFFFFFFFFF00000000000000000000000000000000000000000000000000FFFFFFFFFFFF00000000000000000000000000000000000000000000
310
00000000FF00000000FF0000000000000000000000000000000000000000000000000000FF00000000FF0000000000000000000000000000000000000000000000000000FFFFFFFFFFFF0000000000000000000000000000000000000000000000000000FFFFFFFFFFFF000000000000000000000000000000000000000000
310
000000000000FFFFFFFF00000000000000000000000000000000000000000000000000000000000000000000000000000000000000000000
102
{BLKREFS
331
61A
331
9C8
102
}
 70
     1
280
     1
281
     0
  0
BLOCK_RECORD
  5
9C
330
1
100
AcDbSymbolTableRecord
100
AcDbBlockTableRecord
  2
_E10NWL
340
0
102
{BLKREFS
331
9B
331
6EB
331
8C1
331
A23
102
}
 70
     0
280
     1
281
     0
  0
BLOCK_RECORD
  5
C9B
102
{ACAD_XDICTIONARY
360
C9C
102
}
330
1
100
AcDbSymbolTableRecord
100
AcDbBlockTableRecord
  2
$DorLib2D$00000001
340
0
102
{BLKREFS
331
C9A
331
EA4
331
EAB
331
EBD
331
E14
331
E2F
331
E30
331
E40
331
E44
331
E6D
331
E80
331
D48
331
D5C
331
D5D
331
D6D
331
D7D
331
DC1
331
DDD
331
DE5
331
DEC
331
CAC
331
CF8
331
D01
331
E9C
102
}
 70
     0
280
     1
281
     0
  0
BLOCK_RECORD
  5
D2D
330
1
100
AcDbSymbolTableRecord
100
AcDbBlockTableRecord
  2
$TCHSYS$WIN2D
340
0
102
{BLKREFS
331
DD4
331
DF7
331
E93
331
E57
331
E82
331
DC3
331
D2C
102
}
 70
     0
280
     1
281
     0
  0
BLOCK_RECORD
  5
6CC
102
{ACAD_XDICTIONARY
360
6CD
102
}
330
1
100
AcDbSymbolTableRecord
100
AcDbBlockTableRecord
  2
_E12QMA
340
0
102
{BLKREFS
331
6CB
331
925
331
A3A
331
9CB
102
}
 70
     0
280
     1
281
     0
  0
BLOCK_RECORD
  5
8AD
330
1
100
AcDbSymbolTableRecord
100
AcDbBlockTableRecord
  2
A$C505D2F39
340
0
102
{BLKREFS
331
8AC
331
8BE
331
96A
331
A72
102
}
 70
     0
280
     1
281
     0
  0
BLOCK_RECORD
  5
34
102
{ACAD_XDICTIONARY
360
35
102
}
330
1
100
AcDbSymbolTableRecord
100
AcDbBlockTableRecord
  2
_ArchTick
340
0
102
{BLKREFS
331
BD7
331
BD8
331
BF0
331
BF1
331
C00
331
C46
331
C47
331
C61
331
C62
331
AEF
331
AF0
331
B16
331
B17
331
B30
331
B31
331
B57
331
B58
331
B80
331
B81
331
B90
331
AD4
331
AD5
331
AE2
331
AE3
331
AFC
331
AFD
331
B09
331
B0A
331
BFF
331
C0E
331
C0F
331
C1B
331
C1C
331
C2A
331
C2B
331
B23
331
B24
331
B3D
331
B3E
331
C39
331
C3A
331
C53
331
C54
331
C6D
331
C6E
331
C7A
331
C7B
331
B4A
331
B4B
331
B64
331
B65
331
B73
331
B74
331
B8F
331
B9C
331
B9D
331
BAB
331
BAC
331
BBA
331
BBB
331
BC9
331
BCA
331
BE3
331
BE4
102
}
 70
     0
280
     1
281
     0
  0
BLOCK_RECORD
  5
6C4
330
1
100
AcDbSymbolTableRecord
100
AcDbBlockTableRecord
  2
TP6
340
0
102
{BLKREFS
331
924
331
A39
331
6C3
331
9CA
102
}
 70
     0
280
     1
281
     0
  0
BLOCK_RECORD
  5
CAF
102
{ACAD_XDICTIONARY
360
CB0
102
}
330
1
100
AcDbSymbolTableRecord
100
AcDbBlockTableRecord
  2
$DorLib2D$00000131
340
0
102
{BLKREFS
331
D77
331
D8E
331
DB8
331
E0F
331
E4E
331
E77
331
EB8
331
CAE
102
}
 70
     0
280
     1
281
     0
1001
_TCH
1040
1.0
  0
BLOCK_RECORD
  5
B3
102
{ACAD_XDICTIONARY
360
B4
102
}
330
1
100
AcDbSymbolTableRecord
100
AcDbBlockTableRecord
  2
A$C179D235A
340
0
102
{BLKREFS
331
8AB
331
AF
331
9F2
331
A7C
102
}
 70
     0
280
     1
281
     0
  0
BLOCK_RECORD
  5
68B
102
{ACAD_XDICTIONARY
360
68C
102
}
330
1
100
AcDbSymbolTableRecord
100
AcDbBlockTableRecord
  2
A$C77202156
340
0
102
{BLKREFS
331
923
331
A38
331
9C9
331
68A
102
}
 70
     0
280
     1
281
     0
  0
BLOCK_RECORD
  5
882
102
{ACAD_XDICTIONARY
360
883
102
}
330
1
100
AcDbSymbolTableRecord
100
AcDbBlockTableRecord
  2
A$C20217E62
340
0
102
{BLKREFS
331
87E
331
A7F
102
}
 70
     0
280
     1
281
     0
  0
BLOCK_RECORD
  5
A8E
102
{ACAD_XDICTIONARY
360
A8F
102
}
330
1
100
AcDbSymbolTableRecord
100
AcDbBlockTableRecord
  2
空调室内机1
340
0
310
2800000020000000200000000100080000000000000400000000000000000000000000000000000000000000000080000080000000808000800000008000800080800000C0C0C000C0DCC000F0CAA6000020400000206000002080000020A0000020C0000020E00000400000004020000040400000406000004080000040A0
310
000040C0000040E00000600000006020000060400000606000006080000060A0000060C0000060E00000800000008020000080400000806000008080000080A0000080C0000080E00000A0000000A0200000A0400000A0600000A0800000A0A00000A0C00000A0E00000C0000000C0200000C0400000C0600000C0800000C0
310
A00000C0C00000C0E00000E0000000E0200000E0400000E0600000E0800000E0A00000E0C00000E0E00040000000400020004000400040006000400080004000A0004000C0004000E00040200000402020004020400040206000402080004020A0004020C0004020E000404000004040200040404000404060004040800040
310
40A0004040C0004040E00040600000406020004060400040606000406080004060A0004060C0004060E00040800000408020004080400040806000408080004080A0004080C0004080E00040A0000040A0200040A0400040A0600040A0800040A0A00040A0C00040A0E00040C0000040C0200040C0400040C0600040C08000
310
40C0A00040C0C00040C0E00040E0000040E0200040E0400040E0600040E0800040E0A00040E0C00040E0E00080000000800020008000400080006000800080008000A0008000C0008000E00080200000802020008020400080206000802080008020A0008020C0008020E00080400000804020008040400080406000804080
310
008040A0008040C0008040E00080600000806020008060400080606000806080008060A0008060C0008060E00080800000808020008080400080806000808080008080A0008080C0008080E00080A0000080A0200080A0400080A0600080A0800080A0A00080A0C00080A0E00080C0000080C0200080C0400080C0600080C0
310
800080C0A00080C0C00080C0E00080E0000080E0200080E0400080E0600080E0800080E0A00080E0C00080E0E000C0000000C0002000C0004000C0006000C0008000C000A000C000C000C000E000C0200000C0202000C0204000C0206000C0208000C020A000C020C000C020E000C0400000C0402000C0404000C0406000C0
310
408000C040A000C040C000C040E000C0600000C0602000C0604000C0606000C0608000C060A000C060C000C060E000C0800000C0802000C0804000C0806000C0808000C080A000C080C000C080E000C0A00000C0A02000C0A04000C0A06000C0A08000C0A0A000C0A0C000C0A0E000C0C00000C0C02000C0C04000C0C06000
310
C0C08000C0C0A000F0FBFF00A4A0A000808080000000FF0000FF000000FFFF00FF000000FF00FF00FFFF0000FFFFFF0000000000000000000000000000000000000000000000000000000000000000000000000000000000000000000000000000000000000000000000000000000000000000000000000000000000000000
310
00000000000000000000000000000000000000000000000000000000000000000000000000000000000000000000000000000000000000000000000000000000000000000000000000000000000000000000000000000000000000000000000000000000000000000000000000000000000000000000000000000000000000
310
000000000000000000000000000000000000000000000000000000000000000000000000000000000000000000000000000000FFFFFFFFFFFFFFFFFFFFFFFFFFFFFFFFFFFFFFFFFFFFFFFFFFFFFFFFFFFF0000FF00000000000000000000000000000000000000000000000000000000FF0000FF0000000000000000000000
310
0000000000000000000000000000000000FF0000FF00000000000000000000000000000000000000000000000000000000FF0000FF00000000000000000000000000000000000000000000000000000000FF0000FF00000000000000000000000000FF00FF000000000000000000000000FF0000FF00000000000000000000
310
000000FF00FF000000000000000000000000FF0000FF00000000000000000000000000FFFF00000000000000000000000000FF0000FF00000000000000000000000000FF00FF000000000000000000000000FF0000FF00000000000000000000000000000000000000000000000000000000FF0000FF000000000000000000
310
00000000000000000000000000000000000000FF0000FF00000000000000000000000000000000000000000000000000000000FF0000FFFFFFFFFFFFFFFFFFFFFFFFFFFFFFFFFFFFFFFFFFFFFFFFFFFFFFFFFFFF0000FF00000000000000000000000000000000000000000000000000000000FF0000FF0000000000000000
310
0000000000000000000000000000000000000000FF0000FFFFFFFFFFFFFFFFFFFFFFFFFFFFFFFFFFFFFFFFFFFFFFFFFFFFFFFFFFFF0000000000000000000000000000000000000000000000000000000000000000000000000000000000000000000000000000000000000000000000000000000000000000000000000000
310
00000000000000000000000000000000000000000000000000000000000000000000000000000000000000000000000000000000000000000000000000000000000000000000000000000000000000000000000000000000000000000000000000000000000000000000000000000000000000000000000000000000000000
310
0000000000000000000000000000000000000000000000000000000000000000000000000000000000000000000000000000000000000000
102
{BLKREFS
331
A8D
331
A96
331
A97
331
AAB
102
}
 70
     0
280
     1
281
     0
  0
BLOCK_RECORD
  5
325
102
{ACAD_XDICTIONARY
360
326
102
}
330
1
100
AcDbSymbolTableRecord
100
AcDbBlockTableRecord
  2
A$C67170A1A
340
0
102
{BLKREFS
331
321
331
9BD
102
}
 70
     0
280
     1
281
     0
  0
BLOCK_RECORD
  5
4F4
102
{ACAD_XDICTIONARY
360
4F5
102
}
330
1
100
AcDbSymbolTableRecord
100
AcDbBlockTableRecord
  2
A$C31840BCA
340
0
102
{BLKREFS
331
4F3
331
8CE
331
9C3
331
A2E
102
}
 70
     0
280
     1
281
     0
1001
AcDbDynamicBlockGUID
1000
{7EBAD41B-5347-4307-87E0-3EB473D9E2FD}
1001
AcDbBlockRepETag
1070
     1
1071
       38
  0
BLOCK_RECORD
  5
D17
330
1
100
AcDbSymbolTableRecord
100
AcDbBlockTableRecord
  2
$DorLib2D$00000114
340
0
102
{BLKREFS
331
D23
331
D3D
331
D16
102
}
 70
     0
280
     1
281
     0
  0
BLOCK_RECORD
  5
169
330
1
100
AcDbSymbolTableRecord
100
AcDbBlockTableRecord
  2
A$C6E3D31D3
340
0
102
{BLKREFS
331
168
102
}
 70
     0
280
     1
281
     0
  0
BLOCK_RECORD
  5
15A
330
1
100
AcDbSymbolTableRecord
100
AcDbBlockTableRecord
  2
A$C04A21AEC
340
0
102
{BLKREFS
331
159
331
2AE
102
}
 70
     0
280
     1
281
     0
  0
BLOCK_RECORD
  5
523
330
1
100
AcDbSymbolTableRecord
100
AcDbBlockTableRecord
  2
A$C6CA9292A
340
0
102
{BLKREFS
331
8CF
331
9C4
331
A2F
331
51F
102
}
 70
     0
280
     1
281
     0
  0
BLOCK_RECORD
  5
157
330
1
100
AcDbSymbolTableRecord
100
AcDbBlockTableRecord
  2
A$C7736197B
340
0
102
{BLKREFS
331
156
331
9AB
331
93B
331
A50
102
}
 70
     0
280
     1
281
     0
  0
BLOCK_RECORD
  5
C8A
330
1
100
AcDbSymbolTableRecord
100
AcDbBlockTableRecord
  2
$WINLIB2D$00000001
340
0
102
{BLKREFS
331
E51
331
D8D
331
D4E
331
C89
331
D9E
331
DA5
331
CEF
331
E21
102
}
 70
     0
280
     1
281
     0
  0
BLOCK_RECORD
  5
44B
330
1
100
AcDbSymbolTableRecord
100
AcDbBlockTableRecord
  2
A$C7D7A3CEF
340
0
102
{BLKREFS
331
44A
102
}
 70
     0
280
     1
281
     0
  0
BLOCK_RECORD
  5
455
330
1
100
AcDbSymbolTableRecord
100
AcDbBlockTableRecord
  2
A$C6C2E2F88
340
0
102
{BLKREFS
331
454
102
}
 70
     0
280
     1
281
     0
  0
BLOCK_RECORD
  5
439
330
1
100
AcDbSymbolTableRecord
100
AcDbBlockTableRecord
  2
A$C6465327B
340
0
102
{BLKREFS
331
438
102
}
 70
     0
280
     1
281
     0
  0
BLOCK_RECORD
  5
952
330
1
100
AcDbSymbolTableRecord
100
AcDbBlockTableRecord
  2
空调室外机2
340
0
310
2800000020000000200000000100080000000000000400000000000000000000000000000000000000000000000080000080000000808000800000008000800080800000C0C0C000C0DCC000F0CAA6000020400000206000002080000020A0000020C0000020E00000400000004020000040400000406000004080000040A0
310
000040C0000040E00000600000006020000060400000606000006080000060A0000060C0000060E00000800000008020000080400000806000008080000080A0000080C0000080E00000A0000000A0200000A0400000A0600000A0800000A0A00000A0C00000A0E00000C0000000C0200000C0400000C0600000C0800000C0
310
A00000C0C00000C0E00000E0000000E0200000E0400000E0600000E0800000E0A00000E0C00000E0E00040000000400020004000400040006000400080004000A0004000C0004000E00040200000402020004020400040206000402080004020A0004020C0004020E000404000004040200040404000404060004040800040
310
40A0004040C0004040E00040600000406020004060400040606000406080004060A0004060C0004060E00040800000408020004080400040806000408080004080A0004080C0004080E00040A0000040A0200040A0400040A0600040A0800040A0A00040A0C00040A0E00040C0000040C0200040C0400040C0600040C08000
310
40C0A00040C0C00040C0E00040E0000040E0200040E0400040E0600040E0800040E0A00040E0C00040E0E00080000000800020008000400080006000800080008000A0008000C0008000E00080200000802020008020400080206000802080008020A0008020C0008020E00080400000804020008040400080406000804080
310
008040A0008040C0008040E00080600000806020008060400080606000806080008060A0008060C0008060E00080800000808020008080400080806000808080008080A0008080C0008080E00080A0000080A0200080A0400080A0600080A0800080A0A00080A0C00080A0E00080C0000080C0200080C0400080C0600080C0
310
800080C0A00080C0C00080C0E00080E0000080E0200080E0400080E0600080E0800080E0A00080E0C00080E0E000C0000000C0002000C0004000C0006000C0008000C000A000C000C000C000E000C0200000C0202000C0204000C0206000C0208000C020A000C020C000C020E000C0400000C0402000C0404000C0406000C0
310
408000C040A000C040C000C040E000C0600000C0602000C0604000C0606000C0608000C060A000C060C000C060E000C0800000C0802000C0804000C0806000C0808000C080A000C080C000C080E000C0A00000C0A02000C0A04000C0A06000C0A08000C0A0A000C0A0C000C0A0E000C0C00000C0C02000C0C04000C0C06000
310
C0C08000C0C0A000F0FBFF00A4A0A000808080000000FF0000FF000000FFFF00FF000000FF00FF00FFFF0000FFFFFF0000000000000000000000000000000000000000000000000000000000000000000000000000000000000000000000000000000000000000000000000000000000000000000000000000000000000000
310
00000000000000000000000000000000000000000000000000000000000000000000000000000000000000000000000000000000000000000000000000000000000000000000000000000000000000000000000000000000000000000000000000000000000000000000000000000000000000000000000000000000000000
310
00000000000000000000000000000000000000000000000000000000000000000000000000000000000000000000000000000000000000000000000000000000000000000000000000000000000000000000000000000000000000000000000000000000000000000000000000000000000000FFFFFFFFFFFFFFFFFFFFFFFF
310
FFFFFFFFFFFFFFFFFFFFFFFFFFFFFFFFFFFF0000FF00000000000000000000000000000000000000000000000000000000FF0000FF00000000000000000000FF0000FF00FFFFFF00000000000000000000FF0000FF00000000000000000000FF0000FF00FF00FF00000000000000000000FF0000FF00000000000000000000
310
00FFFFFF00FF0000FF000000000000000000FF0000FF0000000000000000000000FF00FF00FF000000000000000000000000FF0000FF0000000000000000000000FFFF0000FF000000000000000000000000FF0000FF0000000000000000000000FFFF0000FF0000FF000000000000000000FF0000FF000000000000000000
310
000000FF0000FF00FF00000000000000000000FF0000FF000000000000000000000000FF000000FFFF00000000000000000000FF0000FF00000000000000000000000000000000000000000000000000000000FF0000FFFFFFFFFFFFFFFFFFFFFFFFFFFFFFFFFFFFFFFFFFFFFFFFFFFFFFFFFFFF0000000000000000000000
310
00000000000000000000000000000000000000000000000000000000000000000000000000000000000000000000000000000000000000000000000000000000000000000000000000000000000000000000000000000000000000000000000000000000000000000000000000000000000000000000000000000000000000
310
00000000000000000000000000000000000000000000000000000000000000000000000000000000000000000000000000000000000000000000000000000000000000000000000000000000000000000000000000000000000000000000000000000000000000000000000000000000000000000000000000000000000000
310
0000000000000000000000000000000000000000000000000000000000000000000000000000000000000000000000000000000000000000
102
{BLKREFS
331
94E
331
AAA
331
A63
331
A81
331
ABD
331
AC0
331
964
331
9A0
331
9A3
331
9E7
102
}
 70
     0
280
     1
281
     0
  0
BLOCK_RECORD
  5
976
102
{ACAD_XDICTIONARY
360
977
102
}
330
1
100
AcDbSymbolTableRecord
100
AcDbBlockTableRecord
  2
洗衣机1
340
0
102
{BLKREFS
331
971
331
A73
331
A89
331
AC1
102
}
 70
     0
280
     1
281
     0
1001
AcDbBlockRepBTag
1070
     1
1005
0
  0
BLOCK_RECORD
  5
34A
102
{ACAD_XDICTIONARY
360
34B
102
}
330
1
100
AcDbSymbolTableRecord
100
AcDbBlockTableRecord
  2
A$C367E6596
340
0
102
{BLKREFS
331
9BE
331
349
102
}
 70
     0
280
     1
281
     0
  0
BLOCK_RECORD
  5
9F4
102
{ACAD_XDICTIONARY
360
9F5
102
}
330
1
100
AcDbSymbolTableRecord
100
AcDbBlockTableRecord
  2
A$C5B633F4C
340
0
102
{BLKREFS
331
A77
331
9F3
102
}
 70
     0
280
     1
281
     0
  0
BLOCK_RECORD
  5
740
330
1
100
AcDbSymbolTableRecord
100
AcDbBlockTableRecord
  2
A$C249E5B17
340
0
102
{BLKREFS
331
73F
102
}
 70
     0
280
     1
281
     0
  0
BLOCK_RECORD
  5
733
330
1
100
AcDbSymbolTableRecord
100
AcDbBlockTableRecord
  2
A$C345B1298
340
0
102
{BLKREFS
331
73E
331
732
102
}
 70
     0
280
     1
281
     0
  0
BLOCK_RECORD
  5
730
330
1
100
AcDbSymbolTableRecord
100
AcDbBlockTableRecord
  2
A$C61AC3AE4
340
0
102
{BLKREFS
331
94D
331
A62
331
72F
331
9E5
102
}
 70
     0
280
     1
281
     0
  0
BLOCK_RECORD
  5
436
330
1
100
AcDbSymbolTableRecord
100
AcDbBlockTableRecord
  2
A$C130E6298
340
0
102
{BLKREFS
331
9C2
331
435
102
}
 70
     0
280
     1
281
     0
  0
BLOCK_RECORD
  5
CD0
102
{ACAD_XDICTIONARY
360
CD1
102
}
330
1
100
AcDbSymbolTableRecord
100
AcDbBlockTableRecord
  2
$DorLib2D$00000127
340
0
102
{BLKREFS
331
CCF
331
CE6
102
}
 70
     0
280
     1
281
     0
1001
_TCH
1040
1.0
  0
BLOCK_RECORD
  5
8D4
330
1
100
AcDbSymbolTableRecord
100
AcDbBlockTableRecord
  2
yyyy
340
0
310
2800000020000000200000000100080000000000000400000000000000000000000000000000000000000000000080000080000000808000800000008000800080800000C0C0C000C0DCC000F0CAA6000020400000206000002080000020A0000020C0000020E00000400000004020000040400000406000004080000040A0
310
000040C0000040E00000600000006020000060400000606000006080000060A0000060C0000060E00000800000008020000080400000806000008080000080A0000080C0000080E00000A0000000A0200000A0400000A0600000A0800000A0A00000A0C00000A0E00000C0000000C0200000C0400000C0600000C0800000C0
310
A00000C0C00000C0E00000E0000000E0200000E0400000E0600000E0800000E0A00000E0C00000E0E00040000000400020004000400040006000400080004000A0004000C0004000E00040200000402020004020400040206000402080004020A0004020C0004020E000404000004040200040404000404060004040800040
310
40A0004040C0004040E00040600000406020004060400040606000406080004060A0004060C0004060E00040800000408020004080400040806000408080004080A0004080C0004080E00040A0000040A0200040A0400040A0600040A0800040A0A00040A0C00040A0E00040C0000040C0200040C0400040C0600040C08000
310
40C0A00040C0C00040C0E00040E0000040E0200040E0400040E0600040E0800040E0A00040E0C00040E0E00080000000800020008000400080006000800080008000A0008000C0008000E00080200000802020008020400080206000802080008020A0008020C0008020E00080400000804020008040400080406000804080
310
008040A0008040C0008040E00080600000806020008060400080606000806080008060A0008060C0008060E00080800000808020008080400080806000808080008080A0008080C0008080E00080A0000080A0200080A0400080A0600080A0800080A0A00080A0C00080A0E00080C0000080C0200080C0400080C0600080C0
310
800080C0A00080C0C00080C0E00080E0000080E0200080E0400080E0600080E0800080E0A00080E0C00080E0E000C0000000C0002000C0004000C0006000C0008000C000A000C000C000C000E000C0200000C0202000C0204000C0206000C0208000C020A000C020C000C020E000C0400000C0402000C0404000C0406000C0
310
408000C040A000C040C000C040E000C0600000C0602000C0604000C0606000C0608000C060A000C060C000C060E000C0800000C0802000C0804000C0806000C0808000C080A000C080C000C080E000C0A00000C0A02000C0A04000C0A06000C0A08000C0A0A000C0A0C000C0A0E000C0C00000C0C02000C0C04000C0C06000
310
C0C08000C0C0A000F0FBFF00A4A0A000808080000000FF0000FF000000FFFF00FF000000FF00FF00FFFF0000FFFFFF0000000000000000000000000000000000000000000000000000000000000000000000000000000000000000000000000000000000000000000000000000000000000000000000000000000000000000
310
0000000000000000000000000000000000000000000000000000000000000000000000000000000000000000000000000000000000000000000000A4A4A4A4A4A4A4A4A4A4A4A40000000000000000000000000000000000000000A400000000000000000000A400000000000000000000000000A4000000000000A4000000
310
00000000000000A4000000000000A4000000000000A4A4A4A4A4A400A400000000000000000000A400A4A4A4A4A4A4A400000000A4A40000000000A4A400000000000000000000A4A40000000000A4A4000000A400A40000000000A4A400000000000000000000A4A40000000000A400A40000A400A40000000000A4A40000
310
0000000000000000A4A40000000000A400A40000A400A40000000000A4A400000000000000000000A4A40000000000A400A4000000A4A40000000000A4A400000000000000000000A4A40000000000A400A4000000A4A400000000A4A4A400000000000000000000A4A4A400000000A4A40000000000A4A4A4A4A4A400A400
310
000000000000000000A400A4A4A4A4A4A400000000000000000000000000A400000000000000000000A40000000000000000000000000000000000000000A400000000000000000000A400000000000000000000000000A4A4A4A4A4A400A400000000000000000000A400A4A4A4A4A4A40000000000A4A400000000A4A4A4
310
00000000000000000000A4A4A400000000A4A400000000A4A40000000000A4A400000000000000000000A4A40000000000A400A40000A400A40000000000A4A400000000000000000000A4A40000000000A400A40000A400A40000000000A4A400000000000000000000A4A40000000000A400A40000A400A40000000000A4
310
A400000000000000000000A4A40000000000A400A4000000A4A40000000000A4A400000000000000000000A4A40000000000A4A40000000000A4A4A4A4A4A400A400000000000000000000A400A4A4A4A4A4A4A40000000000A4000000000000A400000000000000000000A4000000000000A4000000000000000000000000
310
00A400000000000000000000A40000000000000000000000000000000000000000A4A4A4A4A4A4A4A4A4A4A4A400000000000000000000000000000000000000000000000000000000000000000000000000000000000000000000000000000000000000000000000000000000000000000000000000000000000000000000
310
0000000000000000000000000000000000000000000000000000000000000000000000000000000000000000000000000000000000000000
102
{BLKREFS
331
8D3
331
A33
102
}
 70
     0
280
     1
281
     0
  0
BLOCK_RECORD
  5
A99
102
{ACAD_XDICTIONARY
360
A9A
102
}
330
1
100
AcDbSymbolTableRecord
100
AcDbBlockTableRecord
  2
*U37
340
0
102
{BLKREFS
331
A98
331
AA8
331
AAC
331
AAD
331
AAE
331
AA3
331
AA4
331
AA5
331
AA6
331
AA7
102
}
 70
     0
280
     1
281
     0
1001
AcDbBlockRepBTag
1070
     1
1005
0
  0
BLOCK_RECORD
  5
705
102
{ACAD_XDICTIONARY
360
706
102
}
330
1
100
AcDbSymbolTableRecord
100
AcDbBlockTableRecord
  2
*U38
340
0
102
{BLKREFS
331
A3F
331
93C
331
A51
331
6F4
331
9D4
331
92A
102
}
 70
     0
280
     1
281
     0
1001
AcDbBlockRepBTag
1070
     1
1005
2B4
  0
BLOCK_RECORD
  5
2E9
102
{ACAD_XDICTIONARY
360
2EA
102
}
330
1
100
AcDbSymbolTableRecord
100
AcDbBlockTableRecord
  2
*U39
340
0
102
{BLKREFS
331
2B0
331
9AC
102
}
 70
     0
280
     1
281
     0
1001
AcDbBlockRepBTag
1070
     1
1005
2B4
  0
BLOCK_RECORD
  5
ACF
330
1
100
AcDbSymbolTableRecord
100
AcDbBlockTableRecord
  2
*D40
340
0
 70
     0
280
     1
281
     0
  0
BLOCK_RECORD
  5
ADD
330
1
100
AcDbSymbolTableRecord
100
AcDbBlockTableRecord
  2
*D41
340
0
 70
     0
280
     1
281
     0
  0
BLOCK_RECORD
  5
AEA
330
1
100
AcDbSymbolTableRecord
100
AcDbBlockTableRecord
  2
*D42
340
0
 70
     0
280
     1
281
     0
  0
BLOCK_RECORD
  5
AF7
330
1
100
AcDbSymbolTableRecord
100
AcDbBlockTableRecord
  2
*D43
340
0
 70
     0
280
     1
281
     0
  0
BLOCK_RECORD
  5
B04
330
1
100
AcDbSymbolTableRecord
100
AcDbBlockTableRecord
  2
*D44
340
0
 70
     0
280
     1
281
     0
  0
BLOCK_RECORD
  5
B11
330
1
100
AcDbSymbolTableRecord
100
AcDbBlockTableRecord
  2
*D45
340
0
 70
     0
280
     1
281
     0
  0
BLOCK_RECORD
  5
B1E
330
1
100
AcDbSymbolTableRecord
100
AcDbBlockTableRecord
  2
*D46
340
0
 70
     0
280
     1
281
     0
  0
BLOCK_RECORD
  5
B2B
330
1
100
AcDbSymbolTableRecord
100
AcDbBlockTableRecord
  2
*D47
340
0
 70
     0
280
     1
281
     0
  0
BLOCK_RECORD
  5
B38
330
1
100
AcDbSymbolTableRecord
100
AcDbBlockTableRecord
  2
*D48
340
0
 70
     0
280
     1
281
     0
  0
BLOCK_RECORD
  5
B45
330
1
100
AcDbSymbolTableRecord
100
AcDbBlockTableRecord
  2
*D49
340
0
 70
     0
280
     1
281
     0
  0
BLOCK_RECORD
  5
B52
330
1
100
AcDbSymbolTableRecord
100
AcDbBlockTableRecord
  2
*D50
340
0
 70
     0
280
     1
281
     0
  0
BLOCK_RECORD
  5
B5F
330
1
100
AcDbSymbolTableRecord
100
AcDbBlockTableRecord
  2
*D51
340
0
 70
     0
280
     1
281
     0
  0
BLOCK_RECORD
  5
B6C
330
1
100
AcDbSymbolTableRecord
100
AcDbBlockTableRecord
  2
*D52
340
0
 70
     0
280
     1
281
     0
  0
BLOCK_RECORD
  5
B7B
330
1
100
AcDbSymbolTableRecord
100
AcDbBlockTableRecord
  2
*D53
340
0
 70
     0
280
     1
281
     0
  0
BLOCK_RECORD
  5
B88
330
1
100
AcDbSymbolTableRecord
100
AcDbBlockTableRecord
  2
*D54
340
0
 70
     0
280
     1
281
     0
  0
BLOCK_RECORD
  5
B97
330
1
100
AcDbSymbolTableRecord
100
AcDbBlockTableRecord
  2
*D55
340
0
 70
     0
280
     1
281
     0
  0
BLOCK_RECORD
  5
BA4
330
1
100
AcDbSymbolTableRecord
100
AcDbBlockTableRecord
  2
*D56
340
0
 70
     0
280
     1
281
     0
  0
BLOCK_RECORD
  5
BB3
330
1
100
AcDbSymbolTableRecord
100
AcDbBlockTableRecord
  2
*D57
340
0
 70
     0
280
     1
281
     0
  0
BLOCK_RECORD
  5
BC2
330
1
100
AcDbSymbolTableRecord
100
AcDbBlockTableRecord
  2
*D58
340
0
 70
     0
280
     1
281
     0
  0
BLOCK_RECORD
  5
BD1
330
1
100
AcDbSymbolTableRecord
100
AcDbBlockTableRecord
  2
*D59
340
0
 70
     0
280
     1
281
     0
  0
BLOCK_RECORD
  5
BDE
330
1
100
AcDbSymbolTableRecord
100
AcDbBlockTableRecord
  2
*D60
340
0
 70
     0
280
     1
281
     0
  0
BLOCK_RECORD
  5
BEB
330
1
100
AcDbSymbolTableRecord
100
AcDbBlockTableRecord
  2
*D61
340
0
 70
     0
280
     1
281
     0
  0
BLOCK_RECORD
  5
BF8
330
1
100
AcDbSymbolTableRecord
100
AcDbBlockTableRecord
  2
*D62
340
0
 70
     0
280
     1
281
     0
  0
BLOCK_RECORD
  5
C07
330
1
100
AcDbSymbolTableRecord
100
AcDbBlockTableRecord
  2
*D63
340
0
 70
     0
280
     1
281
     0
  0
BLOCK_RECORD
  5
C16
330
1
100
AcDbSymbolTableRecord
100
AcDbBlockTableRecord
  2
*D64
340
0
 70
     0
280
     1
281
     0
  0
BLOCK_RECORD
  5
C23
330
1
100
AcDbSymbolTableRecord
100
AcDbBlockTableRecord
  2
*D65
340
0
 70
     0
280
     1
281
     0
  0
BLOCK_RECORD
  5
C32
330
1
100
AcDbSymbolTableRecord
100
AcDbBlockTableRecord
  2
*D66
340
0
 70
     0
280
     1
281
     0
  0
BLOCK_RECORD
  5
C41
330
1
100
AcDbSymbolTableRecord
100
AcDbBlockTableRecord
  2
*D67
340
0
 70
     0
280
     1
281
     0
  0
BLOCK_RECORD
  5
C4E
330
1
100
AcDbSymbolTableRecord
100
AcDbBlockTableRecord
  2
*D68
340
0
 70
     0
280
     1
281
     0
  0
BLOCK_RECORD
  5
C5B
330
1
100
AcDbSymbolTableRecord
100
AcDbBlockTableRecord
  2
*D69
340
0
 70
     0
280
     1
281
     0
  0
BLOCK_RECORD
  5
C68
330
1
100
AcDbSymbolTableRecord
100
AcDbBlockTableRecord
  2
*D70
340
0
 70
     0
280
     1
281
     0
  0
BLOCK_RECORD
  5
C75
330
1
100
AcDbSymbolTableRecord
100
AcDbBlockTableRecord
  2
*D71
340
0
 70
     0
280
     1
281
     0
  0
BLOCK_RECORD
  5
F4B
102
{ACAD_XDICTIONARY
360
F4C
102
}
330
1
100
AcDbSymbolTableRecord
100
AcDbBlockTableRecord
  2
房间图层样板
340
0
102
{BLKREFS
331
F50
102
}
 70
     4
280
     1
281
     0
  0
ENDTAB
  0
ENDSEC
  0
SECTION
  2
BLOCKS
  0
BLOCK
  5
6
330
2
100
AcDbEntity
  8
0
100
AcDbBlockBegin
  2
*MODEL_SPACE
 70
     0
 10
0.0
 20
0.0
 30
0.0
  3
*MODEL_SPACE
  1

  0
ENDBLK
  5
11
330
2
100
AcDbEntity
  8
0
100
AcDbBlockEnd
  0
BLOCK
  5
18
330
15
100
AcDbEntity
 67
     1
  8
0
100
AcDbBlockBegin
  2
*PAPER_SPACE
 70
     0
 10
0.0
 20
0.0
 30
0.0
  3
*PAPER_SPACE
  1

  0
ENDBLK
  5
19
330
15
100
AcDbEntity
 67
     1
  8
0
100
AcDbBlockEnd
  0
BLOCK
  5
3F
330
3C
100
AcDbEntity
  8
0
100
AcDbBlockBegin
  2
_DIMX
 70
     0
 10
0.0
 20
0.0
 30
0.0
  3
_DIMX
  1

  0
LINE
  5
40
330
3C
100
AcDbEntity
  8
0
100
AcDbLine
 10
-150.0
 20
0.0
 30
0.0
 11
150.0
 21
0.0
 31
0.0
  0
LWPOLYLINE
  5
41
330
3C
100
AcDbEntity
  8
0
100
AcDbPolyline
 90
        2
 70
     0
 43
50.0
 10
-70.0
 20
-70.0
 10
70.0
 20
70.0
  0
ENDBLK
  5
42
330
3C
100
AcDbEntity
  8
0
100
AcDbBlockEnd
  0
BLOCK
  5
117
330
114
100
AcDbEntity
  8
0
100
AcDbBlockBegin
  2
_ARROW
 70
     0
 10
0.0
 20
0.0
 30
0.0
  3
_ARROW
  1

  0
SOLID
  5
118
330
114
100
AcDbEntity
  8
0
100
AcDbTrace
 10
0.0
 20
0.0
 30
0.0
 11
-1.0
 21
0.1
 31
0.0
 12
-1.0
 22
-0.1
 32
0.0
 13
-1.0
 23
-0.1
 33
0.0
  0
ENDBLK
  5
11A
330
114
100
AcDbEntity
  8
0
100
AcDbBlockEnd
  0
BLOCK
  5
2D2
330
2B4
100
AcDbEntity
  8
0
100
AcDbBlockBegin
  2
衣柜
 70
     0
 10
0.0
 20
0.0
 30
0.0
  3
衣柜
  1

  0
LWPOLYLINE
  5
2D3
330
2B4
100
AcDbEntity
  8
0
100
AcDbPolyline
 90
        4
 70
     1
 43
0.0
 10
-999.9999993122182
 20
0.0
 10
999.9999993122182
 20
0.0
 10
999.9999993122182
 20
-550.0000000004656
 10
-999.9999993122182
 20
-550.0000000004656
1001
AcDbBlockRepETag
1070
     1
1071
        8
1005
2D3
  0
LWPOLYLINE
  5
2D5
330
2B4
100
AcDbEntity
  8
0
100
AcDbPolyline
 90
        4
 70
     1
 43
0.0
 10
-969.9999993122183
 20
-30.0
 10
969.9999993122183
 20
-30.0
 10
969.9999993122183
 20
-520.0000000004656
 10
-969.9999993122183
 20
-520.0000000004656
1001
AcDbBlockRepETag
1070
     1
1071
        9
1005
2D5
  0
LINE
  5
2D6
330
2B4
100
AcDbEntity
  8
0
100
AcDbLine
 10
-969.9999993122183
 20
-275.0000000002328
 30
0.0
 11
969.9999993122183
 21
-275.0000000002328
 31
0.0
1001
AcDbBlockRepETag
1070
     1
1071
       10
1005
2D6
  0
LWPOLYLINE
  5
2D7
330
2B4
100
AcDbEntity
  8
0
100
AcDbPolyline
 90
        6
 70
     1
 43
0.0
 38
0.0000004644613586
 10
-873.9999990141951
 20
-95.00000000768341
 10
-861.9999993492383
 20
-275.0000000300352
 10
-873.9999996845144
 20
-455.0000000076834
 10
-905.9999996845144
 20
-454.9999999480787
 10
-917.9999993492385
 20
-274.999999925727
 10
-905.999999014195
 20
-94.99999994807877
1001
AcDbBlockRepETag
1070
     1
1071
       11
1005
2D7
  0
LWPOLYLINE
  5
2D8
330
2B4
100
AcDbEntity
  8
0
 48
15.0
100
AcDbPolyline
 90
        4
 70
     1
 43
0.0
 38
-0.0000000049003113
 10
-893.9999993119855
 20
-254.9999999704305
 10
-885.9999993122183
 20
-254.9999999853317
 10
-885.9999993864912
 20
-294.9999999853316
 10
-893.9999993864912
 20
-294.9999999704305
1001
AcDbBlockRepETag
1070
     1
1071
       12
1005
2D8
  0
ENDBLK
  5
2D9
330
2B4
100
AcDbEntity
  8
0
100
AcDbBlockEnd
  0
BLOCK
  5
620
330
61F
100
AcDbEntity
  8
0
100
AcDbBlockBegin
  2
餐桌2
 70
     0
 10
0.0
 20
0.0
 30
0.0
  3
餐桌2
  1

  0
ARC
  5
621
330
61F
100
AcDbEntity
  8
0
100
AcDbCircle
 10
820.4078717207012
 20
-1332.640520104454
 30
0.0
 40
10.0
100
AcDbArc
 50
247.3300087843618
 51
319.2734566899164
  0
ARC
  5
622
330
61F
100
AcDbEntity
  8
0
100
AcDbCircle
 10
588.8222284800868
 20
-1133.258707373447
 30
0.0
 40
315.5896225382623
100
AcDbArc
 50
319.2734566899164
 51
358.2348621534222
  0
ARC
  5
623
330
61F
100
AcDbEntity
  8
0
100
AcDbCircle
 10
824.2620998023049
 20
-1323.413119284349
 30
0.0
 40
20.0
100
AcDbArc
 50
180.0
 51
247.3300087843618
  0
ARC
  5
624
330
61F
100
AcDbEntity
  8
0
100
AcDbCircle
 10
736.7620998023046
 20
-1250.913119284349
 30
0.0
 40
67.5
100
AcDbArc
 50
270.0
 51
0.0
  0
ARC
  5
625
330
61F
100
AcDbEntity
  8
0
100
AcDbCircle
 10
325.0
 20
-1450.0
 30
0.0
 40
50.0
100
AcDbArc
 50
270.0
 51
0.0
  0
ARC
  5
626
330
61F
100
AcDbEntity
  8
0
100
AcDbCircle
 10
511.7620998023048
 20
-1250.913119284349
 30
0.0
 40
67.5
100
AcDbArc
 50
180.0
 51
270.0
  0
ARC
  5
627
330
61F
100
AcDbEntity
  8
0
100
AcDbCircle
 10
-325.0
 20
-1450.0
 30
0.0
 40
50.0
100
AcDbArc
 50
180.0
 51
270.0
  0
LINE
  5
628
330
61F
100
AcDbEntity
  8
0
100
AcDbLine
 10
-325.0
 20
-1500.0
 30
0.0
 11
325.0
 21
-1500.0
 31
0.0
  0
LINE
  5
629
330
61F
100
AcDbEntity
  8
0
100
AcDbLine
 10
736.7620998023046
 20
-1318.413119284349
 30
0.0
 11
511.7620998023048
 21
-1318.413119284349
 31
0.0
  0
ARC
  5
62A
330
61F
100
AcDbEntity
  8
0
100
AcDbCircle
 10
-820.4078717207012
 20
-1332.640520104454
 30
0.0
 40
10.0
100
AcDbArc
 50
220.7265433100836
 51
292.6699912156383
  0
ARC
  5
62B
330
61F
100
AcDbEntity
  8
0
100
AcDbCircle
 10
-588.8222284800868
 20
-1133.258707373447
 30
0.0
 40
315.5896225382623
100
AcDbArc
 50
181.7651378465778
 51
220.7265433100836
  0
ARC
  5
62C
330
61F
100
AcDbEntity
  8
0
100
AcDbCircle
 10
-824.2620998023049
 20
-1323.413119284349
 30
0.0
 40
20.0
100
AcDbArc
 50
292.6699912156383
 51
0.0
  0
ARC
  5
62D
330
61F
100
AcDbEntity
  8
0
100
AcDbCircle
 10
-736.7620998023046
 20
-1250.913119284349
 30
0.0
 40
67.5
100
AcDbArc
 50
180.0
 51
270.0
  0
LINE
  5
62E
330
61F
100
AcDbEntity
  8
0
100
AcDbLine
 10
-736.7620998023046
 20
-1318.413119284349
 30
0.0
 11
-511.7620998023048
 21
-1318.413119284349
 31
0.0
  0
ARC
  5
62F
330
61F
100
AcDbEntity
  8
0
100
AcDbCircle
 10
-511.7620998023048
 20
-1250.913119284349
 30
0.0
 40
67.5
100
AcDbArc
 50
270.0
 51
0.0
  0
ARC
  5
630
330
61F
100
AcDbEntity
  8
0
100
AcDbCircle
 10
736.7620998023046
 20
-935.9131192843488
 30
0.0
 40
67.5
100
AcDbArc
 50
0.0
 51
90.0
  0
ARC
  5
631
330
61F
100
AcDbEntity
  8
0
100
AcDbCircle
 10
820.4078717207012
 20
-645.8142815357567
 30
0.0
 40
10.0
100
AcDbArc
 50
247.3300087843618
 51
319.2734566899164
  0
ARC
  5
632
330
61F
100
AcDbEntity
  8
0
100
AcDbCircle
 10
824.2620998023049
 20
-636.5868807156512
 30
0.0
 40
20.0
100
AcDbArc
 50
180.0
 51
247.3300087843618
  0
ARC
  5
633
330
61F
100
AcDbEntity
  8
0
100
AcDbCircle
 10
588.8222284800868
 20
-1053.567531195236
 30
0.0
 40
315.5896225382623
100
AcDbArc
 50
1.765137846577824
 51
40.72654331008362
  0
ARC
  5
634
330
61F
100
AcDbEntity
  8
0
100
AcDbCircle
 10
820.4078717207012
 20
-854.1857184642285
 30
0.0
 40
10.0
100
AcDbArc
 50
40.72654331008362
 51
112.6699912156382
  0
ARC
  5
635
330
61F
100
AcDbEntity
  8
0
100
AcDbCircle
 10
824.2620998023049
 20
-863.4131192843488
 30
0.0
 40
20.0
100
AcDbArc
 50
112.6699912156382
 51
180.0
  0
LINE
  5
636
330
61F
100
AcDbEntity
  8
0
100
AcDbLine
 10
904.2620998023046
 20
-357.0203135575284
 30
0.0
 11
904.2620998023046
 21
-456.1534478737593
 31
0.0
  0
ARC
  5
637
330
61F
100
AcDbEntity
  8
0
100
AcDbCircle
 10
824.2620998023049
 20
-176.5868807156512
 30
0.0
 40
20.0
100
AcDbArc
 50
112.6699912156382
 51
180.0
  0
ARC
  5
638
330
61F
100
AcDbEntity
  8
0
100
AcDbCircle
 10
736.7620998023046
 20
-249.0868807156512
 30
0.0
 40
67.5
100
AcDbArc
 50
0.0
 51
90.0
  0
ARC
  5
639
330
61F
100
AcDbEntity
  8
0
100
AcDbCircle
 10
820.4078717207012
 20
-167.3594798955309
 30
0.0
 40
10.0
100
AcDbArc
 50
40.72654331008362
 51
112.6699912156382
  0
ARC
  5
63A
330
61F
100
AcDbEntity
  8
0
100
AcDbCircle
 10
588.8222284800868
 20
-366.7412926265388
 30
0.0
 40
315.5896225382623
100
AcDbArc
 50
1.765137846577824
 51
40.72654331008362
  0
ARC
  5
63B
330
61F
100
AcDbEntity
  8
0
370
    13
100
AcDbCircle
 10
-1873.576150918743
 20
-406.586880715651
 30
0.0
 40
2712.716921149136
100
AcDbArc
 50
354.8023040311401
 51
5.197695968859976
  0
ARC
  5
63C
330
61F
100
AcDbEntity
  8
0
100
AcDbCircle
 10
588.8222284800868
 20
-446.432468804749
 30
0.0
 40
315.5896225382623
100
AcDbArc
 50
319.2734566899164
 51
358.2348621534222
  0
ARC
  5
63D
330
61F
100
AcDbEntity
  8
0
100
AcDbCircle
 10
736.7620998023046
 20
-564.0868807156512
 30
0.0
 40
67.5
100
AcDbArc
 50
270.0
 51
0.0
  0
LINE
  5
63E
330
61F
100
AcDbEntity
  8
0
100
AcDbLine
 10
804.2620998023046
 20
-176.5868807156512
 30
0.0
 11
804.2620998023046
 21
-636.5868807156512
 31
0.0
  0
ARC
  5
63F
330
61F
100
AcDbEntity
  8
0
100
AcDbCircle
 10
511.7620998023048
 20
-935.9131192843488
 30
0.0
 40
67.5
100
AcDbArc
 50
90.0
 51
180.0
  0
ARC
  5
640
330
61F
100
AcDbEntity
  8
0
100
AcDbCircle
 10
511.7620998023048
 20
-249.0868807156512
 30
0.0
 40
67.5
100
AcDbArc
 50
90.0
 51
180.0
  0
LINE
  5
641
330
61F
100
AcDbEntity
  8
0
100
AcDbLine
 10
444.2620998023047
 20
-249.0868807156512
 30
0.0
 11
444.2620998023047
 21
-564.0868807156512
 31
0.0
  0
LINE
  5
642
330
61F
100
AcDbEntity
  8
0
100
AcDbLine
 10
-444.2620998023047
 20
-564.0868807156512
 30
0.0
 11
-444.2620998023047
 21
-249.0868807156512
 31
0.0
  0
ARC
  5
643
330
61F
100
AcDbEntity
  8
0
100
AcDbCircle
 10
511.7620998023048
 20
-564.0868807156512
 30
0.0
 40
67.5
100
AcDbArc
 50
180.0
 51
270.0
  0
LINE
  5
644
330
61F
100
AcDbEntity
  8
0
100
AcDbLine
 10
736.7620998023046
 20
-181.5868807156512
 30
0.0
 11
511.7620998023048
 21
-181.5868807156512
 31
0.0
  0
LINE
  5
645
330
61F
100
AcDbEntity
  8
0
100
AcDbLine
 10
736.7620998023046
 20
-631.5868807156512
 30
0.0
 11
511.7620998023048
 21
-631.5868807156512
 31
0.0
  0
LINE
  5
646
330
61F
100
AcDbEntity
  8
0
100
AcDbLine
 10
736.7620998023046
 20
-868.4131192843487
 30
0.0
 11
511.7620998023048
 21
-868.4131192843487
 31
0.0
  0
LINE
  5
647
330
61F
100
AcDbEntity
  8
0
100
AcDbLine
 10
325.0
 20
0.0
 30
0.0
 11
-325.0
 21
0.0
 31
0.0
  0
ARC
  5
648
330
61F
100
AcDbEntity
  8
0
100
AcDbCircle
 10
-325.0
 20
-50.0
 30
0.0
 40
50.0
100
AcDbArc
 50
90.0
 51
180.0
  0
ARC
  5
649
330
61F
100
AcDbEntity
  8
0
100
AcDbCircle
 10
325.0
 20
-50.0
 30
0.0
 40
50.0
100
AcDbArc
 50
0.0
 51
90.0
  0
ARC
  5
64A
330
61F
100
AcDbEntity
  8
0
100
AcDbCircle
 10
-736.7620998023046
 20
-935.9131192843488
 30
0.0
 40
67.5
100
AcDbArc
 50
90.0
 51
180.0
  0
LINE
  5
64B
330
61F
100
AcDbEntity
  8
0
100
AcDbLine
 10
-736.7620998023046
 20
-868.4131192843487
 30
0.0
 11
-511.7620998023048
 21
-868.4131192843487
 31
0.0
  0
ARC
  5
64C
330
61F
100
AcDbEntity
  8
0
100
AcDbCircle
 10
-820.4078717207012
 20
-645.8142815357567
 30
0.0
 40
10.0
100
AcDbArc
 50
220.7265433100836
 51
292.6699912156383
  0
ARC
  5
64D
330
61F
100
AcDbEntity
  8
0
100
AcDbCircle
 10
-824.2620998023049
 20
-636.5868807156512
 30
0.0
 40
20.0
100
AcDbArc
 50
292.6699912156383
 51
0.0
  0
LINE
  5
64E
330
61F
100
AcDbEntity
  8
0
100
AcDbLine
 10
-736.7620998023046
 20
-631.5868807156512
 30
0.0
 11
-511.7620998023048
 21
-631.5868807156512
 31
0.0
  0
ARC
  5
64F
330
61F
100
AcDbEntity
  8
0
100
AcDbCircle
 10
-588.8222284800868
 20
-1053.567531195236
 30
0.0
 40
315.5896225382623
100
AcDbArc
 50
139.2734566899163
 51
178.2348621534221
  0
ARC
  5
650
330
61F
100
AcDbEntity
  8
0
100
AcDbCircle
 10
-820.4078717207012
 20
-854.1857184642285
 30
0.0
 40
10.0
100
AcDbArc
 50
67.33000878436175
 51
139.2734566899163
  0
ARC
  5
651
330
61F
100
AcDbEntity
  8
0
100
AcDbCircle
 10
-824.2620998023049
 20
-863.4131192843488
 30
0.0
 40
20.0
100
AcDbArc
 50
0.0
 51
67.33000878436175
  0
LINE
  5
652
330
61F
100
AcDbEntity
  8
0
100
AcDbLine
 10
-904.2620998023046
 20
-456.1534478737593
 30
0.0
 11
-904.2620998023046
 21
-357.0203135575284
 31
0.0
  0
ARC
  5
653
330
61F
100
AcDbEntity
  8
0
100
AcDbCircle
 10
-824.2620998023049
 20
-176.5868807156512
 30
0.0
 40
20.0
100
AcDbArc
 50
0.0
 51
67.33000878436175
  0
ARC
  5
654
330
61F
100
AcDbEntity
  8
0
100
AcDbCircle
 10
-736.7620998023046
 20
-249.0868807156512
 30
0.0
 40
67.5
100
AcDbArc
 50
90.0
 51
180.0
  0
ARC
  5
655
330
61F
100
AcDbEntity
  8
0
100
AcDbCircle
 10
-820.4078717207012
 20
-167.3594798955309
 30
0.0
 40
10.0
100
AcDbArc
 50
67.33000878436175
 51
139.2734566899163
  0
LINE
  5
656
330
61F
100
AcDbEntity
  8
0
100
AcDbLine
 10
-736.7620998023046
 20
-181.5868807156512
 30
0.0
 11
-511.7620998023048
 21
-181.5868807156512
 31
0.0
  0
ARC
  5
657
330
61F
100
AcDbEntity
  8
0
100
AcDbCircle
 10
-588.8222284800868
 20
-366.7412926265388
 30
0.0
 40
315.5896225382623
100
AcDbArc
 50
139.2734566899163
 51
178.2348621534221
  0
ARC
  5
658
330
61F
100
AcDbEntity
  8
0
370
    13
100
AcDbCircle
 10
1873.576150918743
 20
-406.586880715651
 30
0.0
 40
2712.716921149136
100
AcDbArc
 50
174.80230403114
 51
185.19769596886
  0
ARC
  5
659
330
61F
100
AcDbEntity
  8
0
100
AcDbCircle
 10
-588.8222284800868
 20
-446.432468804749
 30
0.0
 40
315.5896225382623
100
AcDbArc
 50
181.7651378465778
 51
220.7265433100836
  0
ARC
  5
65A
330
61F
100
AcDbEntity
  8
0
100
AcDbCircle
 10
-736.7620998023046
 20
-564.0868807156512
 30
0.0
 40
67.5
100
AcDbArc
 50
180.0
 51
270.0
  0
LINE
  5
65B
330
61F
100
AcDbEntity
  8
0
100
AcDbLine
 10
-804.2620998023046
 20
-636.5868807156512
 30
0.0
 11
-804.2620998023046
 21
-176.5868807156512
 31
0.0
  0
ARC
  5
65C
330
61F
100
AcDbEntity
  8
0
100
AcDbCircle
 10
-511.7620998023048
 20
-564.0868807156512
 30
0.0
 40
67.5
100
AcDbArc
 50
270.0
 51
0.0
  0
ARC
  5
65D
330
61F
100
AcDbEntity
  8
0
100
AcDbCircle
 10
-511.7620998023048
 20
-249.0868807156512
 30
0.0
 40
67.5
100
AcDbArc
 50
0.0
 51
90.0
  0
ARC
  5
65E
330
61F
100
AcDbEntity
  8
0
100
AcDbCircle
 10
-511.7620998023048
 20
-935.9131192843488
 30
0.0
 40
67.5
100
AcDbArc
 50
0.0
 51
90.0
  0
LINE
  5
65F
330
61F
100
AcDbEntity
  8
0
100
AcDbLine
 10
-375.0
 20
-50.0
 30
0.0
 11
-375.0
 21
-1450.0
 31
0.0
  0
ARC
  5
660
330
61F
100
AcDbEntity
  8
0
370
    13
100
AcDbCircle
 10
1873.576150918743
 20
-1093.413119284349
 30
0.0
 40
2712.716921149136
100
AcDbArc
 50
174.80230403114
 51
185.19769596886
  0
LINE
  5
661
330
61F
100
AcDbEntity
  8
0
100
AcDbLine
 10
-804.2620998023046
 20
-1323.413119284349
 30
0.0
 11
-804.2620998023046
 21
-863.4131192843488
 31
0.0
  0
LINE
  5
662
330
61F
100
AcDbEntity
  8
0
100
AcDbLine
 10
-904.2620998023046
 20
-1142.979686442457
 30
0.0
 11
-904.2620998023046
 21
-1043.846552126226
 31
0.0
  0
LINE
  5
663
330
61F
100
AcDbEntity
  8
0
100
AcDbLine
 10
-444.2620998023047
 20
-1250.913119284349
 30
0.0
 11
-444.2620998023047
 21
-935.9131192843488
 31
0.0
  0
LINE
  5
664
330
61F
100
AcDbEntity
  8
0
100
AcDbLine
 10
375.0
 20
-1450.0
 30
0.0
 11
375.0
 21
-50.0
 31
0.0
  0
LINE
  5
665
330
61F
100
AcDbEntity
  8
0
100
AcDbLine
 10
444.2620998023047
 20
-935.9131192843488
 30
0.0
 11
444.2620998023047
 21
-1250.913119284349
 31
0.0
  0
ARC
  5
666
330
61F
100
AcDbEntity
  8
0
370
    13
100
AcDbCircle
 10
-1873.576150918743
 20
-1093.413119284349
 30
0.0
 40
2712.716921149136
100
AcDbArc
 50
354.8023040311401
 51
5.197695968859976
  0
LINE
  5
667
330
61F
100
AcDbEntity
  8
0
100
AcDbLine
 10
804.2620998023046
 20
-863.4131192843488
 30
0.0
 11
804.2620998023046
 21
-1323.413119284349
 31
0.0
  0
LINE
  5
668
330
61F
100
AcDbEntity
  8
0
100
AcDbLine
 10
904.2620998023046
 20
-1043.846552126226
 30
0.0
 11
904.2620998023046
 21
-1142.979686442457
 31
0.0
  0
ARC
  5
669
330
61F
100
AcDbEntity
  8
0
100
AcDbCircle
 10
239.2274008201057
 20
445.1457719183962
 30
0.0
 40
10.0
100
AcDbArc
 50
337.3300087843617
 51
49.27345668991637
  0
ARC
  5
66A
330
61F
100
AcDbEntity
  8
0
100
AcDbCircle
 10
230.0
 20
449.0
 30
0.0
 40
20.0
100
AcDbArc
 50
270.0
 51
337.3300087843617
  0
LINE
  5
66B
330
61F
100
AcDbEntity
  8
0
100
AcDbLine
 10
-49.56656715812278
 20
529.0
 30
0.0
 11
49.56656715810821
 21
529.0
 31
0.0
  0
ARC
  5
66C
330
61F
100
AcDbEntity
  8
0
100
AcDbCircle
 10
-230.0
 20
449.0
 30
0.0
 40
20.0
100
AcDbArc
 50
202.6699912156383
 51
270.0
  0
ARC
  5
66D
330
61F
100
AcDbEntity
  8
0
100
AcDbCircle
 10
-157.5
 20
361.5
 30
0.0
 40
67.5
100
AcDbArc
 50
90.0
 51
180.0
  0
ARC
  5
66E
330
61F
100
AcDbEntity
  8
0
100
AcDbCircle
 10
-239.2274008201202
 20
445.1457719183962
 30
0.0
 40
10.0
100
AcDbArc
 50
130.7265433100836
 51
202.6699912156383
  0
ARC
  5
66F
330
61F
100
AcDbEntity
  8
0
100
AcDbCircle
 10
-39.84558808911243
 20
213.5601286777673
 30
0.0
 40
315.5896225382623
100
AcDbArc
 50
91.76513784658423
 51
130.7265433100836
  0
ARC
  5
670
330
61F
100
AcDbEntity
  8
0
370
    13
100
AcDbCircle
 10
0.0
 20
-2248.838250721063
 30
0.0
 40
2712.716921149136
100
AcDbArc
 50
84.80230403115891
 51
95.19769596884108
  0
ARC
  5
671
330
61F
100
AcDbEntity
  8
0
100
AcDbCircle
 10
39.84558808909787
 20
213.5601286777673
 30
0.0
 40
315.5896225382623
100
AcDbArc
 50
49.27345668991637
 51
88.23486215341576
  0
ARC
  5
672
330
61F
100
AcDbEntity
  8
0
100
AcDbCircle
 10
157.5
 20
361.5
 30
0.0
 40
67.5
100
AcDbArc
 50
0.0
 51
90.0
  0
LINE
  5
673
330
61F
100
AcDbEntity
  8
0
100
AcDbLine
 10
-230.0
 20
429.0
 30
0.0
 11
230.0
 21
429.0
 31
0.0
  0
ARC
  5
674
330
61F
100
AcDbEntity
  8
0
100
AcDbCircle
 10
-157.5
 20
136.5
 30
0.0
 40
67.5
100
AcDbArc
 50
180.0
 51
270.0
  0
LINE
  5
675
330
61F
100
AcDbEntity
  8
0
100
AcDbLine
 10
-157.5
 20
69.0
 30
0.0
 11
157.5
 21
69.0
 31
0.0
  0
ARC
  5
676
330
61F
100
AcDbEntity
  8
0
100
AcDbCircle
 10
157.5
 20
136.5
 30
0.0
 40
67.5
100
AcDbArc
 50
270.0
 51
0.0
  0
LINE
  5
677
330
61F
100
AcDbEntity
  8
0
100
AcDbLine
 10
-225.0
 20
361.5
 30
0.0
 11
-225.0
 21
136.5
 31
0.0
  0
LINE
  5
678
330
61F
100
AcDbEntity
  8
0
100
AcDbLine
 10
225.0
 20
361.5
 30
0.0
 11
225.0
 21
136.5
 31
0.0
  0
ARC
  5
679
330
61F
100
AcDbEntity
  8
0
100
AcDbCircle
 10
239.2274008201057
 20
-1945.145771918396
 30
0.0
 40
10.0
100
AcDbArc
 50
310.7265433100836
 51
22.66999121656828
  0
ARC
  5
67A
330
61F
100
AcDbEntity
  8
0
100
AcDbCircle
 10
230.0
 20
-1949.0
 30
0.0
 40
20.0
100
AcDbArc
 50
22.66999121656828
 51
90.0
  0
LINE
  5
67B
330
61F
100
AcDbEntity
  8
0
100
AcDbLine
 10
-49.56656715812278
 20
-2029.0
 30
0.0
 11
49.56656715810821
 21
-2029.0
 31
0.0
  0
ARC
  5
67C
330
61F
100
AcDbEntity
  8
0
100
AcDbCircle
 10
-230.0
 20
-1949.0
 30
0.0
 40
20.0
100
AcDbArc
 50
90.0
 51
157.3300087834317
  0
ARC
  5
67D
330
61F
100
AcDbEntity
  8
0
100
AcDbCircle
 10
-157.5
 20
-1861.5
 30
0.0
 40
67.5
100
AcDbArc
 50
180.0
 51
270.0
  0
ARC
  5
67E
330
61F
100
AcDbEntity
  8
0
100
AcDbCircle
 10
-239.2274008201202
 20
-1945.145771918396
 30
0.0
 40
10.0
100
AcDbArc
 50
157.3300087834317
 51
229.2734566899164
  0
ARC
  5
67F
330
61F
100
AcDbEntity
  8
0
100
AcDbCircle
 10
-39.84558808911243
 20
-1713.560128677767
 30
0.0
 40
315.5896225382623
100
AcDbArc
 50
229.2734566899164
 51
268.2348621534158
  0
ARC
  5
680
330
61F
100
AcDbEntity
  8
0
370
    13
100
AcDbCircle
 10
0.0
 20
748.8382507210626
 30
0.0
 40
2712.716921149136
100
AcDbArc
 50
264.8023040311589
 51
275.197695968841
  0
ARC
  5
681
330
61F
100
AcDbEntity
  8
0
100
AcDbCircle
 10
39.84558808909787
 20
-1713.560128677767
 30
0.0
 40
315.5896225382623
100
AcDbArc
 50
271.7651378465843
 51
310.7265433100836
  0
ARC
  5
682
330
61F
100
AcDbEntity
  8
0
100
AcDbCircle
 10
157.5
 20
-1861.5
 30
0.0
 40
67.5
100
AcDbArc
 50
270.0
 51
0.0
  0
LINE
  5
683
330
61F
100
AcDbEntity
  8
0
100
AcDbLine
 10
-230.0
 20
-1929.0
 30
0.0
 11
230.0
 21
-1929.0
 31
0.0
  0
ARC
  5
684
330
61F
100
AcDbEntity
  8
0
100
AcDbCircle
 10
-157.5
 20
-1636.5
 30
0.0
 40
67.5
100
AcDbArc
 50
90.0
 51
180.0
  0
LINE
  5
685
330
61F
100
AcDbEntity
  8
0
100
AcDbLine
 10
-157.5
 20
-1569.0
 30
0.0
 11
157.5
 21
-1569.0
 31
0.0
  0
ARC
  5
686
330
61F
100
AcDbEntity
  8
0
100
AcDbCircle
 10
157.5
 20
-1636.5
 30
0.0
 40
67.5
100
AcDbArc
 50
0.0
 51
90.0
  0
LINE
  5
687
330
61F
100
AcDbEntity
  8
0
100
AcDbLine
 10
-225.0
 20
-1861.5
 30
0.0
 11
-225.0
 21
-1636.5
 31
0.0
  0
LINE
  5
688
330
61F
100
AcDbEntity
  8
0
100
AcDbLine
 10
225.0
 20
-1861.5
 30
0.0
 11
225.0
 21
-1636.5
 31
0.0
  0
ENDBLK
  5
689
330
61F
100
AcDbEntity
  8
0
100
AcDbBlockEnd
  0
BLOCK
  5
9D
330
9C
100
AcDbEntity
  8
0
100
AcDbBlockBegin
  2
_E10NWL
 70
     2
 10
0.0
 20
0.0
 30
0.0
  3
_E10NWL
  1

  0
ATTDEF
  5
9E
330
9C
100
AcDbEntity
  8
0
100
AcDbText
 10
0.0
 20
0.0
 30
0.0
 40
0.5
  1
500
 41
0.8
  7
DIM_FONT
100
AcDbAttributeDefinition
280
     0
  3
XSIZE
  2
XSIZE
 70
     9
280
     0
  0
ATTDEF
  5
9F
330
9C
100
AcDbEntity
  8
0
100
AcDbText
 10
0.0
 20
0.0
 30
0.0
 40
0.5
  1
500
 41
0.8
  7
DIM_FONT
100
AcDbAttributeDefinition
280
     0
  3
YSIZE
  2
YSIZE
 70
     9
280
     0
  0
LINE
  5
A0
330
9C
100
AcDbEntity
  8
0
100
AcDbLine
 10
275.0
 20
-0.0000000000582077
 30
0.0
 11
274.9999999998836
 21
-482.0296022229887
 31
0.0
  0
LINE
  5
A1
330
9C
100
AcDbEntity
  8
0
100
AcDbLine
 10
-275.0
 20
0.0000000000727596
 30
0.0
 11
275.0
 21
-0.0000000000582077
 31
0.0
  0
LINE
  5
A2
330
9C
100
AcDbEntity
  8
0
100
AcDbLine
 10
-275.0000000001164
 20
-549.9999999999272
 30
0.0
 11
-275.0000000001164
 21
-499.1354199651541
 31
0.0
  0
LINE
  5
A3
330
9C
100
AcDbEntity
  8
0
100
AcDbLine
 10
274.9999999998836
 20
-550.0000000000579
 30
0.0
 11
-275.0000000001164
 21
-549.9999999999272
 31
0.0
  0
LINE
  5
A4
330
9C
100
AcDbEntity
  8
0
100
AcDbLine
 10
274.9999999998836
 20
-499.1354199652558
 30
0.0
 11
274.9999999998836
 21
-550.0000000000579
 31
0.0
  0
LINE
  5
A5
330
9C
100
AcDbEntity
  8
0
100
AcDbLine
 10
256.6195966103114
 20
-482.0296022229887
 30
0.0
 11
256.6195966103114
 21
-499.1354199652558
 31
0.0
  0
LINE
  5
A6
330
9C
100
AcDbEntity
  8
0
100
AcDbLine
 10
-256.6195966105443
 20
-482.0296022228866
 30
0.0
 11
-256.6195966105443
 21
-499.1354199651541
 31
0.0
  0
LINE
  5
A7
330
9C
100
AcDbEntity
  8
0
100
AcDbLine
 10
274.9999999998836
 20
-482.0296022229887
 30
0.0
 11
-275.0000000001164
 21
-482.0296022228576
 31
0.0
  0
LINE
  5
A8
330
9C
100
AcDbEntity
  8
0
100
AcDbLine
 10
274.9999999998836
 20
-499.1354199652558
 30
0.0
 11
-275.0000000001164
 21
-499.1354199651541
 31
0.0
  0
LINE
  5
A9
330
9C
100
AcDbEntity
  8
0
100
AcDbLine
 10
-275.0000000001164
 20
-482.0296022228576
 30
0.0
 11
-275.0
 21
0.0000000000727596
 31
0.0
  0
ENDBLK
  5
AA
330
9C
100
AcDbEntity
  8
0
100
AcDbBlockEnd
  0
BLOCK
  5
C9E
330
C9B
100
AcDbEntity
  8
0
100
AcDbBlockBegin
  2
$DorLib2D$00000001
 70
     0
 10
0.0
 20
0.0
 30
0.0
  3
$DorLib2D$00000001
  1

  0
LINE
  5
C9F
330
C9B
100
AcDbEntity
  8
0
100
AcDbLine
 10
0.45
 20
0.975
 30
0.0
 11
0.5000000000000002
 21
0.975
 31
0.0
  0
LINE
  5
CA0
330
C9B
100
AcDbEntity
  8
0
100
AcDbLine
 10
0.5
 20
0.0
 30
0.0
 11
0.45
 21
0.0
 31
0.0
  0
ARC
  5
CA1
330
C9B
100
AcDbEntity
  8
0
370
    13
100
AcDbCircle
 10
0.475
 20
0.0
 30
0.0
 40
0.975
100
AcDbArc
 50
91.46928358135379
 51
180.0
  0
LINE
  5
CA2
330
C9B
100
AcDbEntity
  8
0
100
AcDbLine
 10
0.5
 20
0.0
 30
0.0
 11
0.5
 21
0.975
 31
0.0
  0
LINE
  5
CA3
330
C9B
100
AcDbEntity
  8
0
100
AcDbLine
 10
0.45
 20
0.0
 30
0.0
 11
0.45
 21
0.975
 31
0.0
  0
ENDBLK
  5
CA4
330
C9B
100
AcDbEntity
  8
0
100
AcDbBlockEnd
  0
BLOCK
  5
D2E
330
D2D
100
AcDbEntity
  8
0
100
AcDbBlockBegin
  2
$TCHSYS$WIN2D
 70
     0
 10
0.0
 20
0.0
 30
0.0
  3
$TCHSYS$WIN2D
  1

  0
LINE
  5
D2F
330
D2D
100
AcDbEntity
  8
0
100
AcDbLine
 10
-0.5
 20
0.5
 30
0.0
 11
0.5
 21
0.5
 31
0.0
  0
LINE
  5
D30
330
D2D
100
AcDbEntity
  8
0
100
AcDbLine
 10
-0.5
 20
-0.5
 30
0.0
 11
0.5
 21
-0.5
 31
0.0
  0
LINE
  5
D31
330
D2D
100
AcDbEntity
  8
0
100
AcDbLine
 10
0.5
 20
-0.1666666666666667
 30
0.0
 11
-0.5
 21
-0.1666666666666667
 31
0.0
  0
LINE
  5
D32
330
D2D
100
AcDbEntity
  8
0
100
AcDbLine
 10
0.5
 20
0.1666666666666666
 30
0.0
 11
-0.5
 21
0.1666666666666666
 31
0.0
  0
LINE
  5
D33
330
D2D
100
AcDbEntity
  8
0
100
AcDbLine
 10
-0.5
 20
0.5
 30
0.0
 11
-0.5
 21
-0.5
 31
0.0
  0
LINE
  5
D34
330
D2D
100
AcDbEntity
  8
0
100
AcDbLine
 10
0.5
 20
0.5
 30
0.0
 11
0.5
 21
-0.5
 31
0.0
  0
ENDBLK
  5
D35
330
D2D
100
AcDbEntity
  8
0
100
AcDbBlockEnd
  0
BLOCK
  5
6CF
330
6CC
100
AcDbEntity
  8
0
100
AcDbBlockBegin
  2
_E12QMA
 70
     2
 10
0.0
 20
0.0
 30
0.0
  3
_E12QMA
  1

  0
ATTDEF
  5
6D0
330
6CC
100
AcDbEntity
  8
0
100
AcDbText
 10
0.0
 20
0.0
 30
0.0
 40
0.5
  1
500
 41
0.8
  7
DIM_FONT
100
AcDbAttributeDefinition
280
     0
  3
XSIZE
  2
XSIZE
 70
     9
280
     0
  0
ATTDEF
  5
6D1
330
6CC
100
AcDbEntity
  8
0
100
AcDbText
 10
0.0
 20
0.0
 30
0.0
 40
0.5
  1
0
 41
0.8
  7
DIM_FONT
100
AcDbAttributeDefinition
280
     0
  3
YSIZE
  2
YSIZE
 70
     9
280
     0
  0
CIRCLE
  5
6D2
330
6CC
100
AcDbEntity
  8
0
100
AcDbCircle
 10
-57.43098359100986
 20
-41.74884856888093
 30
0.0
 40
22.08883984271272
  0
CIRCLE
  5
6D3
330
6CC
100
AcDbEntity
  8
0
100
AcDbCircle
 10
0.0
 20
-37.5086918687739
 30
0.0
 40
22.08883984271272
  0
CIRCLE
  5
6D4
330
6CC
100
AcDbEntity
  8
0
100
AcDbCircle
 10
61.84875155962071
 20
-41.74884856902645
 30
0.0
 40
22.08883984271272
  0
CIRCLE
  5
6D5
330
6CC
100
AcDbEntity
  8
0
100
AcDbCircle
 10
-0.0000000002328306
 20
-181.6740196748142
 30
0.0
 40
35.34214374833949
  0
ARC
  5
6D6
330
6CC
100
AcDbEntity
  8
0
100
AcDbCircle
 10
148.3383567398414
 20
-287.6779371794691
 30
0.0
 40
152.0698651207193
100
AcDbArc
 50
329.5901693287218
 51
359.9999999999271
  0
ARC
  5
6D7
330
6CC
100
AcDbEntity
  8
0
100
AcDbCircle
 10
77.12544692354277
 20
-245.8811451759684
 30
0.0
 40
234.6425624624666
100
AcDbArc
 50
305.2118606658251
 51
329.590169328716
  0
ARC
  5
6D8
330
6CC
100
AcDbEntity
  8
0
100
AcDbCircle
 10
30.50159683288075
 20
-179.8166626935417
 30
0.0
 40
315.5023129131417
100
AcDbArc
 50
286.2949060748626
 51
305.2118606658209
  0
ARC
  5
6D9
330
6CC
100
AcDbEntity
  8
0
100
AcDbCircle
 10
0.0
 20
-75.47490095021203
 30
0.0
 40
424.2108712379606
100
AcDbArc
 50
270.0
 51
286.2949060748644
  0
ARC
  5
6DA
330
6CC
100
AcDbEntity
  8
0
100
AcDbCircle
 10
0.0
 20
-75.47490095021203
 30
0.0
 40
424.2108712379602
100
AcDbArc
 50
253.70509392499
 51
270.0
  0
ARC
  5
6DB
330
6CC
100
AcDbEntity
  8
0
100
AcDbCircle
 10
-30.50159683323
 20
-179.8166626934689
 30
0.0
 40
315.5023129131399
100
AcDbArc
 50
234.7881393340342
 51
253.7050939249932
  0
ARC
  5
6DC
330
6CC
100
AcDbEntity
  8
0
100
AcDbCircle
 10
-77.12544692412484
 20
-245.8811451758084
 30
0.0
 40
234.6425624624083
100
AcDbArc
 50
210.4098306711364
 51
234.7881393340338
  0
ARC
  5
6DD
330
6CC
100
AcDbEntity
  8
0
100
AcDbCircle
 10
-148.3383567404235
 20
-287.6779371791053
 30
0.0
 40
152.0698651207087
100
AcDbArc
 50
179.9999999999271
 51
210.4098306711339
  0
ARC
  5
6DE
330
6CC
100
AcDbEntity
  8
0
100
AcDbCircle
 10
-148.3383567404235
 20
-287.6779371791053
 30
0.0
 40
152.0698651207193
100
AcDbArc
 50
149.5901693287225
 51
179.9999999999271
  0
ARC
  5
6DF
330
6CC
100
AcDbEntity
  8
0
100
AcDbCircle
 10
-77.12544692412484
 20
-329.474729182577
 30
0.0
 40
234.6425624624732
100
AcDbArc
 50
125.2118606658294
 51
149.5901693287262
  0
ARC
  5
6E0
330
6CC
100
AcDbEntity
  8
0
100
AcDbCircle
 10
-30.50159683346283
 20
-395.5392116650328
 30
0.0
 40
315.5023129131869
100
AcDbArc
 50
106.294906074868
 51
125.2118606658216
  0
ARC
  5
6E1
330
6CC
100
AcDbEntity
  8
0
100
AcDbCircle
 10
-0.0000000005820766
 20
-499.8809734083623
 30
0.0
 40
424.2108712379947
100
AcDbArc
 50
90.0
 51
106.2949060748641
  0
ARC
  5
6E2
330
6CC
100
AcDbEntity
  8
0
100
AcDbCircle
 10
-0.0000000005820766
 20
-499.8809734083041
 30
0.0
 40
424.2108712379261
100
AcDbArc
 50
73.70509392498916
 51
90.0
  0
ARC
  5
6E3
330
6CC
100
AcDbEntity
  8
0
100
AcDbCircle
 10
30.50159683264792
 20
-395.5392116650764
 30
0.0
 40
315.5023129131424
100
AcDbArc
 50
54.78813933403323
 51
73.70509392499156
  0
ARC
  5
6E4
330
6CC
100
AcDbEntity
  8
0
100
AcDbCircle
 10
77.12544692342634
 20
-329.4747291827371
 30
0.0
 40
234.6425624624083
100
AcDbArc
 50
30.40983067113753
 51
54.78813933403323
  0
ARC
  5
6E5
330
6CC
100
AcDbEntity
  8
0
100
AcDbCircle
 10
148.3383567398414
 20
-287.6779371794691
 30
0.0
 40
152.0698651207758
100
AcDbArc
 50
359.9999999999271
 51
390.4098306711339
  0
ENDBLK
  5
6E6
330
6CC
100
AcDbEntity
  8
0
100
AcDbBlockEnd
  0
BLOCK
  5
8AE
330
8AD
100
AcDbEntity
  8
0
100
AcDbBlockBegin
  2
A$C505D2F39
 70
     0
 10
0.0
 20
0.0
 30
0.0
  3
A$C505D2F39
  1

  0
LINE
  5
8AF
330
8AD
100
AcDbEntity
  8
F1
100
AcDbLine
 10
275.5812741460686
 20
24.70138010312803
 30
0.0
 11
501.2232086358708
 21
24.70126382925082
 31
0.0
  0
LINE
  5
8B0
330
8AD
100
AcDbEntity
  8
F1
100
AcDbLine
 10
501.2232086358708
 20
24.70126382925082
 30
0.0
 11
501.2233593745622
 21
275.924497967062
 31
0.0
  0
LINE
  5
8B1
330
8AD
100
AcDbEntity
  8
F1
100
AcDbLine
 10
501.2233593745622
 20
275.924497967062
 30
0.0
 11
275.5814248847601
 21
275.9246142409393
 31
0.0
  0
LINE
  5
8B2
330
8AD
100
AcDbEntity
  8
F1
100
AcDbLine
 10
275.5814248847601
 20
275.9246142409393
 30
0.0
 11
275.5812741460686
 21
24.70138010312803
 31
0.0
  0
LINE
  5
8B3
330
8AD
100
AcDbEntity
  8
F1
100
AcDbLine
 10
-0.0001730074000079
 20
0.0002412695903331
 30
0.0
 11
526.4097975051263
 21
-0.0000572708668187
 31
0.0
  0
LINE
  5
8B4
330
8AD
100
AcDbEntity
  8
F1
100
AcDbLine
 10
526.4097975051263
 20
-0.0000572708668187
 30
0.0
 11
526.4099733670299
 21
301.0938835993875
 31
0.0
  0
LINE
  5
8B5
330
8AD
100
AcDbEntity
  8
F1
100
AcDbLine
 10
526.4099733670299
 20
301.0938835993875
 30
0.0
 11
0.0000028545036912
 21
301.0941821398446
 31
0.0
  0
LINE
  5
8B6
330
8AD
100
AcDbEntity
  8
F1
100
AcDbLine
 10
0.0000028545036912
 20
301.0941821398446
 30
0.0
 11
-0.0001730074000079
 21
0.0002412695903331
 31
0.0
  0
LINE
  5
8B7
330
8AD
100
AcDbEntity
  8
F1
100
AcDbLine
 10
25.18696437895414
 20
24.70153094449779
 30
0.0
 11
250.3946758557286
 21
24.7013958155876
 31
0.0
  0
LINE
  5
8B8
330
8AD
100
AcDbEntity
  8
F1
100
AcDbLine
 10
250.3946758557286
 20
24.7013958155876
 30
0.0
 11
250.39482659442
 21
275.9246299533988
 31
0.0
  0
LINE
  5
8B9
330
8AD
100
AcDbEntity
  8
F1
100
AcDbLine
 10
250.39482659442
 20
275.9246299533988
 30
0.0
 11
25.18711511764559
 21
275.924765082309
 31
0.0
  0
LINE
  5
8BA
330
8AD
100
AcDbEntity
  8
F1
100
AcDbLine
 10
25.18711511764559
 20
275.924765082309
 30
0.0
 11
25.18696437895414
 21
24.70153094449779
 31
0.0
  0
ENDBLK
  5
8BB
330
8AD
100
AcDbEntity
  8
0
100
AcDbBlockEnd
  0
BLOCK
  5
37
330
34
100
AcDbEntity
  8
0
100
AcDbBlockBegin
  2
_ArchTick
 70
     0
 10
0.0
 20
0.0
 30
0.0
  3
_ArchTick
  1

  0
LWPOLYLINE
  5
38
330
34
100
AcDbEntity
  8
0
  6
ByBlock
 62
     0
100
AcDbPolyline
 90
        2
 70
     0
 43
0.4
 10
-0.5
 20
-0.5
 10
0.5
 20
0.5
  0
ENDBLK
  5
39
330
34
100
AcDbEntity
  8
0
100
AcDbBlockEnd
  0
BLOCK
  5
6C5
330
6C4
100
AcDbEntity
  8
0
100
AcDbBlockBegin
  2
TP6
 70
     0
 10
0.0
 20
0.0
 30
0.0
  3
TP6
  1

  0
ARC
  5
6C6
330
6C4
100
AcDbEntity
  8
0
100
AcDbCircle
 10
821.5971014706884
 20
-7004.308595557522
 30
0.0
 40
7193.528568453422
100
AcDbArc
 50
92.61819366503454
 51
94.72691065732764
  0
LWPOLYLINE
  5
6C7
330
6C4
100
AcDbEntity
  8
0
100
AcDbPolyline
 90
        6
 70
     1
 43
0.0
 10
623.3775408145739
 20
157.4904384352849
 42
0.3254536082108833
 10
314.1155800522538
 20
96.26761879143305
 10
314.1155800522538
 20
-96.26761879154949
 42
0.3254536082108832
 10
623.3775408145739
 20
-157.4904384352849
 42
0.1119502741924208
 10
728.4499672917881
 20
-76.47745061415482
 42
0.3599401333538326
 10
728.4499672917881
 20
76.47745061415482
 42
0.1119502741924207
  0
LWPOLYLINE
  5
6C8
330
6C4
100
AcDbEntity
  8
0
100
AcDbPolyline
 90
        9
 70
     0
 43
0.0
 10
20.00000283680856
 20
-300.0
 10
200.7865984665695
 20
-300.0
 42
0.3889026617575781
 10
220.710637290962
 20
-281.7414582750061
 42
0.0436192911904028
 10
220.710637290962
 20
281.7414582750061
 42
0.3889026617575781
 10
200.7865984665695
 20
300.0
 10
19.99999999988357
 20
300.0
 42
0.4142135623730951
 10
-0.0000000001164153
 20
280.0
 10
-0.0000000001164153
 20
-280.0
 42
0.4142135623730951
 10
19.99999999988357
 20
-300.0
 42
0.4142135623730951
  0
ARC
  5
6C9
330
6C4
100
AcDbEntity
  8
0
100
AcDbCircle
 10
821.5971014706884
 20
7004.308595557522
 30
0.0
 40
7193.528568453422
100
AcDbArc
 50
265.2730893426725
 51
267.3818063349655
  0
ENDBLK
  5
6CA
330
6C4
100
AcDbEntity
  8
0
100
AcDbBlockEnd
  0
BLOCK
  5
CB2
330
CAF
100
AcDbEntity
  8
0
100
AcDbBlockBegin
  2
$DorLib2D$00000131
 70
     0
 10
0.0
 20
0.0
 30
0.0
  3
$DorLib2D$00000131
  1

  0
LINE
  5
CB3
330
CAF
100
AcDbEntity
  8
0
  6
Continuous
 62
     0
100
AcDbLine
 10
-0.2319490472796648
 20
-0.1972603196398666
 30
0.0
 11
-0.2319490472796648
 21
-0.125
 31
0.0
  0
LINE
  5
CB4
330
CAF
100
AcDbEntity
  8
0
  6
Continuous
 62
     0
100
AcDbLine
 10
-0.1500000000000021
 20
-0.125
 30
0.0
 11
-0.2319490472796648
 21
-0.1972603196398666
 31
0.0
  0
LINE
  5
CB5
330
CAF
100
AcDbEntity
  8
0
  6
Continuous
 62
     0
100
AcDbLine
 10
-0.3500000000000014
 20
-0.125
 30
0.0
 11
-0.1500000000000021
 21
-0.125
 31
0.0
  0
LINE
  5
CB6
330
CAF
100
AcDbEntity
  8
0
  6
Continuous
 62
     0
100
AcDbLine
 10
0.2319490472796595
 20
0.1972603196398666
 30
0.0
 11
0.2319490472796595
 21
0.125
 31
0.0
  0
LINE
  5
CB7
330
CAF
100
AcDbEntity
  8
0
  6
Continuous
 62
     0
100
AcDbLine
 10
0.1499999999999986
 20
0.125
 30
0.0
 11
0.2319490472796595
 21
0.1972603196398666
 31
0.0
  0
LINE
  5
CB8
330
CAF
100
AcDbEntity
  8
0
  6
Continuous
 62
     0
100
AcDbLine
 10
0.3499999999999979
 20
0.125
 30
0.0
 11
0.1499999999999986
 21
0.125
 31
0.0
  0
LINE
  5
CB9
330
CAF
100
AcDbEntity
  8
0
  6
Continuous
 62
     0
100
AcDbLine
 10
0.4999999999999984
 20
0.0
 30
0.0
 11
0.4999999999999984
 21
-0.125
 31
0.0
  0
LINE
  5
CBA
330
CAF
100
AcDbEntity
  8
0
  6
Continuous
 62
     0
100
AcDbLine
 10
-0.0239902237636009
 20
0.0
 30
0.0
 11
0.4999999999999984
 21
0.0
 31
0.0
  0
LINE
  5
CBB
330
CAF
100
AcDbEntity
  8
0
  6
Continuous
 62
     0
100
AcDbLine
 10
-0.0239902237636009
 20
-0.125
 30
0.0
 11
-0.0239902237636009
 21
0.0
 31
0.0
  0
LINE
  5
CBC
330
CAF
100
AcDbEntity
  8
0
  6
Continuous
 62
     0
100
AcDbLine
 10
0.4999999999999984
 20
-0.125
 30
0.0
 11
-0.0239902237636009
 21
-0.125
 31
0.0
  0
LINE
  5
CBD
330
CAF
100
AcDbEntity
  8
0
  6
Continuous
 62
     0
100
AcDbLine
 10
-0.5000000000000018
 20
0.125
 30
0.0
 11
-0.5000000000000018
 21
0.0
 31
0.0
  0
LINE
  5
CBE
330
CAF
100
AcDbEntity
  8
0
  6
Continuous
 62
     0
100
AcDbLine
 10
0.0192439877236641
 20
0.125
 30
0.0
 11
-0.5000000000000018
 21
0.125
 31
0.0
  0
LINE
  5
CBF
330
CAF
100
AcDbEntity
  8
0
  6
Continuous
 62
     0
100
AcDbLine
 10
0.0192439877236641
 20
0.0
 30
0.0
 11
0.0192439877236641
 21
0.125
 31
0.0
  0
LINE
  5
CC0
330
CAF
100
AcDbEntity
  8
0
  6
Continuous
 62
     0
100
AcDbLine
 10
-0.5000000000000018
 20
0.0
 30
0.0
 11
0.0192439877236641
 21
0.0
 31
0.0
  0
ENDBLK
  5
CC1
330
CAF
100
AcDbEntity
  8
0
100
AcDbBlockEnd
  0
BLOCK
  5
B6
330
B3
100
AcDbEntity
  8
0
100
AcDbBlockBegin
  2
A$C179D235A
 70
     0
 10
0.0
 20
0.0
 30
0.0
  3
A$C179D235A
  1

  0
LINE
  5
B7
330
B3
100
AcDbEntity
  8
BATH
100
AcDbLine
 10
700.0001001526834
 20
449.9997968265088
 30
0.0
 11
700.0001001501805
 21
-0.0002031734911725
 31
0.0
  0
LINE
  5
B8
330
B3
100
AcDbEntity
  8
BATH
100
AcDbLine
 10
0.0001001501805149
 20
-0.0002031699405052
 30
0.0
 11
0.0001001526834443
 21
449.9997968300593
 31
0.0
  0
LINE
  5
B9
330
B3
100
AcDbEntity
  8
BATH
100
AcDbLine
 10
0.0001001526834443
 20
449.9997968300593
 30
0.0
 11
700.0001001526834
 21
449.9997968265088
 31
0.0
  0
LINE
  5
BA
330
B3
100
AcDbEntity
  8
BATH
100
AcDbLine
 10
700.0001001501805
 20
-0.0002031734911725
 30
0.0
 11
0.0001001501805149
 21
-0.0002031699405052
 31
0.0
  0
LINE
  5
BB
330
B3
100
AcDbEntity
  8
BATH
100
AcDbLine
 10
40.00010015058797
 20
39.99979682994308
 30
0.0
 11
660.0001001504132
 21
39.99979682685808
 31
0.0
  0
LINE
  5
BC
330
B3
100
AcDbEntity
  8
BATH
100
AcDbLine
 10
40.00010015087901
 20
95.69527201418532
 30
0.0
 11
660.0001001507044
 21
95.6952720109839
 31
0.0
  0
ARC
  5
BD
330
B3
100
AcDbEntity
  8
BATH
100
AcDbCircle
 10
75.36318034381839
 20
72.30663878028281
 30
0.0
 40
4.032167187193405
100
AcDbArc
 50
180.0000000008337
 51
197.945438585097
  0
ARC
  5
BE
330
B3
100
AcDbEntity
  8
BATH
100
AcDbCircle
 10
75.36318034381839
 20
72.30663878016638
 30
0.0
 40
4.032167187186142
100
AcDbArc
 50
121.9105625955233
 51
179.9999999991662
  0
ARC
  5
BF
330
B3
100
AcDbEntity
  8
BATH
100
AcDbCircle
 10
95.07049211789853
 20
40.65852482139598
 30
0.0
 40
41.31461955431212
100
AcDbArc
 50
104.4631320226031
 51
121.9105625955233
  0
ARC
  5
C0
330
B3
100
AcDbEntity
  8
BATH
100
AcDbCircle
 10
108.3284536745632
 20
-10.74263128347229
 30
0.0
 40
94.39806700787563
100
AcDbArc
 50
96.09826813034764
 51
104.4631320226031
  0
ARC
  5
C1
330
B3
100
AcDbEntity
  8
BATH
100
AcDbCircle
 10
117.1527101569809
 20
-93.33690523228142
 30
0.0
 40
177.462389021588
100
AcDbArc
 50
90.0
 51
96.09826813034764
  0
ARC
  5
C2
330
B3
100
AcDbEntity
  8
BATH
100
AcDbCircle
 10
117.1527101572719
 20
-93.33690523239784
 30
0.0
 40
177.4623890217053
100
AcDbArc
 50
83.90173186629189
 51
90.0
  0
ARC
  5
C3
330
B3
100
AcDbEntity
  8
BATH
100
AcDbCircle
 10
125.9769666417851
 20
-10.74263128335587
 30
0.0
 40
94.39806700753555
100
AcDbArc
 50
75.53686797739692
 51
83.90173186965235
  0
ARC
  5
C4
330
B3
100
AcDbEntity
  8
BATH
100
AcDbCircle
 10
139.234928197693
 20
40.65852482104673
 30
0.0
 40
41.31461955462802
100
AcDbArc
 50
58.08943740076424
 51
75.53686797739692
  0
ARC
  5
C5
330
B3
100
AcDbEntity
  8
BATH
100
AcDbCircle
 10
158.9422399725299
 20
72.30663877970073
 30
0.0
 40
4.0321671871352
100
AcDbArc
 50
0.0000000008337633
 51
58.08943740447673
  0
ARC
  5
C6
330
B3
100
AcDbEntity
  8
BATH
100
AcDbCircle
 10
95.0704921183642
 20
93.4389062745031
 30
0.0
 40
41.31461955453572
100
AcDbArc
 50
238.0894374044767
 51
251.0844897708925
  0
ARC
  5
C7
330
B3
100
AcDbEntity
  8
BATH
100
AcDbCircle
 10
75.36318034376019
 20
61.79079231584911
 30
0.0
 40
4.032167187193405
100
AcDbArc
 50
180.0000000008337
 51
238.0894374044767
  0
ARC
  5
C8
330
B3
100
AcDbEntity
  8
BATH
100
AcDbCircle
 10
75.36318034387659
 20
61.79079231579089
 30
0.0
 40
4.03216718729709
100
AcDbArc
 50
121.9105625955233
 51
180.0
  0
ARC
  5
C9
330
B3
100
AcDbEntity
  8
BATH
100
AcDbCircle
 10
95.07049211778211
 20
30.14267835707869
 30
0.0
 40
41.31461955429759
100
AcDbArc
 50
104.4631320226031
 51
121.9105625955233
  0
ARC
  5
CA
330
B3
100
AcDbEntity
  8
BATH
100
AcDbCircle
 10
108.3284536745632
 20
-21.25847774778959
 30
0.0
 40
94.3980670078818
100
AcDbArc
 50
96.09826813034764
 51
104.4631320226031
  0
ARC
  5
CB
330
B3
100
AcDbEntity
  8
BATH
100
AcDbCircle
 10
117.1527101568645
 20
-103.8527516965987
 30
0.0
 40
177.462389021588
100
AcDbArc
 50
90.0
 51
96.09826813034764
  0
ARC
  5
CC
330
B3
100
AcDbEntity
  8
BATH
100
AcDbCircle
 10
117.1527101572137
 20
-103.8527516967151
 30
0.0
 40
177.4623890217053
100
AcDbArc
 50
83.90173186629189
 51
90.0
  0
ARC
  5
CD
330
B3
100
AcDbEntity
  8
BATH
100
AcDbCircle
 10
125.976966640912
 20
-21.25847774767317
 30
0.0
 40
94.39806700762636
100
AcDbArc
 50
75.53686797739692
 51
83.90173186629189
  0
ARC
  5
CE
330
B3
100
AcDbEntity
  8
BATH
100
AcDbCircle
 10
139.2349281980423
 20
30.14267835661303
 30
0.0
 40
41.31461955451147
100
AcDbArc
 50
58.08943740447673
 51
75.53686797739692
  0
ARC
  5
CF
330
B3
100
AcDbEntity
  8
BATH
100
AcDbCircle
 10
158.9422399722971
 20
61.79079231538343
 30
0.0
 40
4.032167187309823
100
AcDbArc
 50
359.9999999991662
 51
58.08943740076424
  0
ARC
  5
D0
330
B3
100
AcDbEntity
  8
BATH
100
AcDbCircle
 10
158.9422399724135
 20
61.79079231538343
 30
0.0
 40
4.032167187186142
100
AcDbArc
 50
301.9105625955233
 51
359.9999999991662
  0
ARC
  5
D1
330
B3
100
AcDbEntity
  8
BATH
100
AcDbCircle
 10
139.2349281983916
 20
93.43890627415383
 30
0.0
 40
41.31461955429759
100
AcDbArc
 50
284.4631320226032
 51
301.9105625955233
  0
ARC
  5
D2
330
B3
100
AcDbEntity
  8
BATH
100
AcDbCircle
 10
125.9769666402135
 20
144.8400623793713
 30
0.0
 40
94.39806700857623
100
AcDbArc
 50
282.4610526540693
 51
284.4631320226032
  0
ARC
  5
D3
330
B3
100
AcDbEntity
  8
BATH
100
AcDbCircle
 10
631.9394030289839
 20
61.79079231299692
 30
0.0
 40
4.032167187186142
100
AcDbArc
 50
301.9105625955233
 51
359.9999999991662
  0
ARC
  5
D4
330
B3
100
AcDbEntity
  8
BATH
100
AcDbCircle
 10
612.2320912549621
 20
93.43890627176731
 30
0.0
 40
41.31461955429759
100
AcDbArc
 50
284.4631320226032
 51
301.9105625955233
  0
ARC
  5
D5
330
B3
100
AcDbEntity
  8
BATH
100
AcDbCircle
 10
598.9741296967259
 20
144.8400623769266
 30
0.0
 40
94.39806700853202
100
AcDbArc
 50
282.4610526540693
 51
284.4631320226032
  0
ARC
  5
D6
330
B3
100
AcDbEntity
  8
BATH
100
AcDbCircle
 10
568.0676551748764
 20
93.43890627205835
 30
0.0
 40
41.31461955445554
100
AcDbArc
 50
238.0894374044767
 51
251.0844897708925
  0
ARC
  5
D7
330
B3
100
AcDbEntity
  8
BATH
100
AcDbCircle
 10
548.3603434002725
 20
61.79079231340438
 30
0.0
 40
4.0321671871352
100
AcDbArc
 50
180.0
 51
238.0894374044767
  0
ARC
  5
D8
330
B3
100
AcDbEntity
  8
BATH
100
AcDbCircle
 10
548.3603434004471
 20
61.79079231340438
 30
0.0
 40
4.03216718729709
100
AcDbArc
 50
121.9105625955233
 51
180.0
  0
ARC
  5
D9
330
B3
100
AcDbEntity
  8
BATH
100
AcDbCircle
 10
568.0676551744109
 20
30.14267835463397
 30
0.0
 40
41.31461955436846
100
AcDbArc
 50
104.4631320226031
 51
121.9105625955233
  0
ARC
  5
DA
330
B3
100
AcDbEntity
  8
BATH
100
AcDbCircle
 10
581.3256167310755
 20
-21.25847775023431
 30
0.0
 40
94.39806700793347
100
AcDbArc
 50
96.09826813034764
 51
104.4631320226031
  0
ARC
  5
DB
330
B3
100
AcDbEntity
  8
BATH
100
AcDbCircle
 10
590.1498732134932
 20
-103.8527516989852
 30
0.0
 40
177.462389021588
100
AcDbArc
 50
90.0
 51
96.09826813034764
  0
ARC
  5
DC
330
B3
100
AcDbEntity
  8
BATH
100
AcDbCircle
 10
590.1498732137842
 20
-103.8527516991016
 30
0.0
 40
177.4623890217053
100
AcDbArc
 50
83.90173186629189
 51
90.0
  0
ARC
  5
DD
330
B3
100
AcDbEntity
  8
BATH
100
AcDbCircle
 10
598.9741296975408
 20
-21.25847775011789
 30
0.0
 40
94.39806700766814
100
AcDbArc
 50
75.53686797739692
 51
83.90173186629189
  0
ARC
  5
DE
330
B3
100
AcDbEntity
  8
BATH
100
AcDbCircle
 10
612.2320912546129
 20
30.14267835428473
 30
0.0
 40
41.31461955446206
100
AcDbArc
 50
58.08943740447673
 51
75.53686797739692
  0
ARC
  5
DF
330
B3
100
AcDbEntity
  8
BATH
100
AcDbCircle
 10
631.9394030289259
 20
61.79079231293872
 30
0.0
 40
4.032167187251616
100
AcDbArc
 50
0.0
 51
58.08943740447673
  0
ARC
  5
E0
330
B3
100
AcDbEntity
  8
BATH
100
AcDbCircle
 10
548.3603434003888
 20
72.3066387778963
 30
0.0
 40
4.032167187193405
100
AcDbArc
 50
180.0000000008337
 51
197.945438585097
  0
ARC
  5
E1
330
B3
100
AcDbEntity
  8
BATH
100
AcDbCircle
 10
548.3603434003888
 20
72.30663877777988
 30
0.0
 40
4.032167187186142
100
AcDbArc
 50
121.9105625955233
 51
179.9999999991662
  0
ARC
  5
E2
330
B3
100
AcDbEntity
  8
BATH
100
AcDbCircle
 10
568.0676551748184
 20
40.65852481906768
 30
0.0
 40
41.31461955445571
100
AcDbArc
 50
104.4631320226031
 51
121.9105625955233
  0
ARC
  5
E3
330
B3
100
AcDbEntity
  8
BATH
100
AcDbCircle
 10
581.3256167303769
 20
-10.7426312858006
 30
0.0
 40
94.39806700773734
100
AcDbArc
 50
96.09826813034764
 51
104.4631320226031
  0
ARC
  5
E4
330
B3
100
AcDbEntity
  8
BATH
100
AcDbCircle
 10
590.1498732134932
 20
-93.33690523466792
 30
0.0
 40
177.462389021588
100
AcDbArc
 50
90.0
 51
96.09826813034764
  0
ARC
  5
E5
330
B3
100
AcDbEntity
  8
BATH
100
AcDbCircle
 10
590.1498732138425
 20
-93.33690523478436
 30
0.0
 40
177.4623890217053
100
AcDbArc
 50
83.90173186629189
 51
90.0
  0
ARC
  5
E6
330
B3
100
AcDbEntity
  8
BATH
100
AcDbCircle
 10
598.9741296983557
 20
-10.74263128568418
 30
0.0
 40
94.3980670074792
100
AcDbArc
 50
75.53686797739692
 51
83.90173186965235
  0
ARC
  5
E7
330
B3
100
AcDbEntity
  8
BATH
100
AcDbCircle
 10
612.2320912546711
 20
40.65852481871842
 30
0.0
 40
41.31461955446206
100
AcDbArc
 50
58.08943740447673
 51
75.53686797739692
  0
ARC
  5
E8
330
B3
100
AcDbEntity
  8
BATH
100
AcDbCircle
 10
631.9394030289259
 20
72.30663877737241
 30
0.0
 40
4.032167187309823
100
AcDbArc
 50
0.0
 51
58.08943740076424
  0
LINE
  5
E9
330
B3
100
AcDbEntity
  8
BATH
100
AcDbLine
 10
554.6745496939402
 20
64.00682575267274
 30
0.0
 11
554.674549693882
 21
47.38657495821826
 31
0.0
  0
LINE
  5
EA
330
B3
100
AcDbEntity
  8
BATH
100
AcDbLine
 10
554.674549693882
 20
47.38657495821826
 30
0.0
 11
619.3429592253522
 21
47.38657495786902
 31
0.0
  0
LINE
  5
EB
330
B3
100
AcDbEntity
  8
BATH
100
AcDbLine
 10
619.3429592253522
 20
47.38657495786902
 30
0.0
 11
619.3429592254106
 21
64.00682575232349
 31
0.0
  0
LINE
  5
EC
330
B3
100
AcDbEntity
  8
BATH
100
AcDbLine
 10
619.3429592254106
 20
64.00682575232349
 30
0.0
 11
554.6745496939402
 21
64.00682575267274
 31
0.0
  0
LINE
  5
ED
330
B3
100
AcDbEntity
  8
BATH
100
AcDbLine
 10
544.209715385281
 20
73.48294246557634
 30
0.0
 11
544.328220213938
 21
61.77195524168201
 31
0.0
  0
LINE
  5
EE
330
B3
100
AcDbEntity
  8
BATH
100
AcDbLine
 10
635.9715702162357
 20
72.30663877737241
 30
0.0
 11
635.9715702161775
 21
61.79079231293872
 31
0.0
  0
LINE
  5
EF
330
B3
100
AcDbEntity
  8
BATH
100
AcDbLine
 10
71.21255232871044
 20
73.48294246796284
 30
0.0
 11
71.33105715736745
 21
61.77195524406853
 31
0.0
  0
LINE
  5
F0
330
B3
100
AcDbEntity
  8
BATH
100
AcDbLine
 10
162.9744071596651
 20
72.30663877975894
 30
0.0
 11
162.9744071596069
 21
61.79079231532522
 31
0.0
  0
LINE
  5
F1
330
B3
100
AcDbEntity
  8
BATH
100
AcDbLine
 10
146.34579616884
 20
64.00682575471001
 30
0.0
 11
81.67738663736962
 21
64.00682575505925
 31
0.0
  0
LINE
  5
F2
330
B3
100
AcDbEntity
  8
BATH
100
AcDbLine
 10
146.3457961687818
 20
47.38657496025552
 30
0.0
 11
146.34579616884
 21
64.00682575471001
 31
0.0
  0
LINE
  5
F3
330
B3
100
AcDbEntity
  8
BATH
100
AcDbLine
 10
81.67738663731141
 20
47.38657496060477
 30
0.0
 11
146.3457961687818
 21
47.38657496025552
 31
0.0
  0
LINE
  5
F4
330
B3
100
AcDbEntity
  8
BATH
100
AcDbLine
 10
81.67738663736962
 20
64.00682575505925
 30
0.0
 11
81.67738663731141
 21
47.38657496060477
 31
0.0
  0
CIRCLE
  5
F5
330
B3
100
AcDbEntity
  8
BATH
100
AcDbCircle
 10
496.2933726551709
 20
236.9913559603156
 30
0.0
 40
31.6309469674834
  0
CIRCLE
  5
F6
330
B3
100
AcDbEntity
  8
BATH
100
AcDbCircle
 10
203.6601472658804
 20
236.9913559618289
 30
0.0
 40
31.6309469674834
  0
CIRCLE
  5
F7
330
B3
100
AcDbEntity
  8
BATH
100
AcDbCircle
 10
203.6601472658804
 20
236.9913559618289
 30
0.0
 40
82.49649810437039
  0
CIRCLE
  5
F8
330
B3
100
AcDbEntity
  8
BATH
100
AcDbCircle
 10
496.2933726551709
 20
236.9913559603156
 30
0.0
 40
82.49649810437039
  0
LINE
  5
F9
330
B3
100
AcDbEntity
  8
BATH
100
AcDbLine
 10
40.0001001523342
 20
370.445076846343
 30
0.0
 11
40.00010015058797
 21
39.99979682994308
 31
0.0
  0
LINE
  5
FA
330
B3
100
AcDbEntity
  8
BATH
100
AcDbLine
 10
660.0001001521595
 20
370.4450768431416
 30
0.0
 11
40.0001001523342
 21
370.445076846343
 31
0.0
  0
LINE
  5
FB
330
B3
100
AcDbEntity
  8
BATH
100
AcDbLine
 10
660.0001001504132
 20
39.99979682685808
 30
0.0
 11
660.0001001521595
 21
370.4450768431416
 31
0.0
  0
ENDBLK
  5
FC
330
B3
100
AcDbEntity
  8
0
100
AcDbBlockEnd
  0
BLOCK
  5
68E
330
68B
100
AcDbEntity
  8
0
100
AcDbBlockBegin
  2
A$C77202156
 70
     0
 10
0.0
 20
0.0
 30
0.0
  3
A$C77202156
  1

  0
LINE
  5
68F
330
68B
100
AcDbEntity
  8
BATH
100
AcDbLine
 10
0.0000095578143373
 20
0.0000625466927886
 30
0.0
 11
900.0000095576979
 21
0.0000625467509963
 31
0.0
  0
LINE
  5
690
330
68B
100
AcDbEntity
  8
BATH
100
AcDbLine
 10
554.4929750646115
 20
279.315046867996
 30
0.0
 11
50.00000955781434
 21
0.0000625466927886
 31
0.0
  0
LINE
  5
691
330
68B
100
AcDbEntity
  8
BATH
100
AcDbLine
 10
0.0000095578143373
 20
0.0000625466927886
 30
0.0
 11
0.0000095578143373
 21
550.0000625471583
 31
0.0
  0
LINE
  5
692
330
68B
100
AcDbEntity
  8
BATH
100
AcDbLine
 10
50.00000955781434
 20
0.0000625466927886
 30
0.0
 11
50.00000955781434
 21
529.2893844285281
 31
0.0
  0
LINE
  5
693
330
68B
100
AcDbEntity
  8
BATH
100
AcDbLine
 10
552.4532235945224
 20
315.4993916612584
 30
0.0
 11
50.00000955781434
 21
529.2893844285281
 31
0.0
  0
LINE
  5
694
330
68B
100
AcDbEntity
  8
BATH
100
AcDbLine
 10
584.4947318573249
 20
347.5650967929396
 30
0.0
 11
370.71068767627
 21
850.0000625468674
 31
0.0
  0
LINE
  5
695
330
68B
100
AcDbEntity
  8
BATH
100
AcDbLine
 10
50.00000955781434
 20
529.2893844285281
 30
0.0
 11
370.71068767627
 21
850.0000625468674
 31
0.0
  0
LINE
  5
696
330
68B
100
AcDbEntity
  8
BATH
100
AcDbLine
 10
350.0000095576979
 20
900.0000625468674
 30
0.0
 11
0.0000095578143373
 21
550.0000625471583
 31
0.0
  0
LINE
  5
697
330
68B
100
AcDbEntity
  8
BATH
100
AcDbLine
 10
900.0000095581052
 20
850.0000625465764
 30
0.0
 11
370.71068767627
 21
850.0000625468674
 31
0.0
  0
LINE
  5
698
330
68B
100
AcDbEntity
  8
BATH
100
AcDbLine
 10
900.0000095581636
 20
900.0000625465764
 30
0.0
 11
350.0000095576979
 21
900.0000625468674
 31
0.0
  0
LINE
  5
699
330
68B
100
AcDbEntity
  8
BATH
100
AcDbLine
 10
900.0343469486105
 20
575.0000494467092
 30
0.0
 11
880.0343490447266
 21
575.0092060850581
 31
0.0
  0
LINE
  5
69A
330
68B
100
AcDbEntity
  8
BATH
100
AcDbLine
 10
900.0068770340876
 20
515.0000557351159
 30
0.0
 11
875.0068796542473
 21
515.0115015328629
 31
0.0
  0
LINE
  5
69B
330
68B
100
AcDbEntity
  8
BATH
100
AcDbLine
 10
880.0343490447266
 20
575.0092060850581
 30
0.0
 11
880.0068791302035
 21
515.0092123733484
 31
0.0
  0
LINE
  5
69C
330
68B
100
AcDbEntity
  8
BATH
100
AcDbLine
 10
830.0295943982781
 20
564.635517480201
 30
0.0
 11
830.0114626894934
 21
525.0321029207553
 31
0.0
  0
LINE
  5
69D
330
68B
100
AcDbEntity
  8
BATH
100
AcDbLine
 10
820.011463737581
 20
525.0366812398423
 30
0.0
 11
875.0137471327906
 21
530.01149996079
 31
0.0
  0
LINE
  5
69E
330
68B
100
AcDbEntity
  8
BATH
100
AcDbLine
 10
820.0295954463651
 20
564.6400957992882
 30
0.0
 11
875.0274820900521
 21
560.0114968166454
 31
0.0
  0
LINE
  5
69F
330
68B
100
AcDbEntity
  8
BATH
100
AcDbLine
 10
820.0295954463651
 20
564.6400957992882
 30
0.0
 11
820.011463737581
 21
525.0366812398423
 31
0.0
  0
LINE
  5
6A0
330
68B
100
AcDbEntity
  8
BATH
100
AcDbLine
 10
875.0137471327906
 20
530.01149996079
 30
0.0
 11
875.0274820900521
 21
560.0114968166454
 31
0.0
  0
LINE
  5
6A1
330
68B
100
AcDbEntity
  8
BATH
100
AcDbLine
 10
875.0274820900521
 20
560.0114968166454
 30
0.0
 11
875.0137471327906
 21
530.01149996079
 31
0.0
  0
LINE
  5
6A2
330
68B
100
AcDbEntity
  8
BATH
100
AcDbLine
 10
899.9736524324399
 20
442.4306315532883
 30
0.0
 11
857.715947778197
 21
442.4499784809303
 31
0.0
  0
LINE
  5
6A3
330
68B
100
AcDbEntity
  8
BATH
100
AcDbLine
 10
899.9805199111577
 20
457.4306299812159
 30
0.0
 11
857.7228152567984
 21
457.4499769088578
 31
0.0
  0
CIRCLE
  5
6A4
330
68B
100
AcDbEntity
  8
BATH
100
AcDbCircle
 10
857.7193815174396
 20
449.9499776948941
 30
0.0
 40
7.5
  0
LINE
  5
6A5
330
68B
100
AcDbEntity
  8
BATH
100
AcDbLine
 10
899.9473588857217
 20
385.0000693597831
 30
0.0
 11
874.9473615058812
 21
385.0115151575301
 31
0.0
  0
LINE
  5
6A6
330
68B
100
AcDbEntity
  8
BATH
100
AcDbLine
 10
879.9473609819541
 20
385.0092259979574
 30
0.0
 11
879.9198910672568
 21
325.0092322862474
 31
0.0
  0
LINE
  5
6A7
330
68B
100
AcDbEntity
  8
BATH
100
AcDbLine
 10
900.0343469486105
 20
575.0000494467092
 30
0.0
 11
899.9198889711989
 21
325.0000756480731
 31
0.0
  0
ARC
  5
6A8
330
68B
100
AcDbEntity
  8
BATH
100
AcDbCircle
 10
1008.310439939378
 20
449.9504640905652
 30
0.0
 40
148.3333333333289
100
AcDbArc
 50
153.984534579256
 51
205.963001746154
  0
LINE
  5
6A9
330
68B
100
AcDbEntity
  8
BATH
100
AcDbLine
 10
810.0295964944525
 20
564.6446741183754
 30
0.0
 11
810.0114647855516
 21
525.0412595589876
 31
0.0
  0
LINE
  5
6AA
330
68B
100
AcDbEntity
  8
BATH
100
AcDbLine
 10
732.4541784478348
 20
432.7785502846236
 30
0.0
 11
732.4541784478348
 21
432.7785502846236
 31
0.0
  0
CIRCLE
  5
6AB
330
68B
100
AcDbEntity
  8
BATH
100
AcDbCircle
 10
721.7217094155492
 20
410.9564053703214
 30
0.0
 40
25.0
  0
LINE
  5
6AC
330
68B
100
AcDbEntity
  8
BATH
100
AcDbLine
 10
810.0114647855516
 20
525.0412595589876
 30
0.0
 11
820.011463737581
 21
525.0366812398423
 31
0.0
  0
LINE
  5
6AD
330
68B
100
AcDbEntity
  8
BATH
100
AcDbLine
 10
810.0295964944525
 20
564.6446741183754
 30
0.0
 11
820.0295954463651
 21
564.6400957992882
 31
0.0
  0
LINE
  5
6AE
330
68B
100
AcDbEntity
  8
BATH
100
AcDbLine
 10
727.2380512091913
 20
386.5725998179986
 30
0.0
 11
857.715947778197
 21
442.4499784809303
 31
0.0
  0
LINE
  5
6AF
330
68B
100
AcDbEntity
  8
BATH
100
AcDbLine
 10
715.4251785490195
 20
435.1504893382662
 30
0.0
 11
855.9424954340213
 21
457.2364498074166
 31
0.0
  0
LINE
  5
6B0
330
68B
100
AcDbEntity
  8
BATH
100
AcDbLine
 10
620.7014328713412
 20
345.5431938364636
 30
0.0
 11
900.0000095576396
 21
849.9841017266152
 31
0.0
  0
LINE
  5
6B1
330
68B
100
AcDbEntity
  8
BATH
100
AcDbLine
 10
900.0000095576396
 20
0.0000625467509963
 30
0.0
 11
900.0000095576396
 21
899.9841017266152
 31
0.0
  0
LINE
  5
6B2
330
68B
100
AcDbEntity
  8
BATH
100
AcDbLine
 10
899.9198889711989
 20
325.0000756480731
 30
0.0
 11
879.9198910672568
 21
325.0092322862474
 31
0.0
  0
LINE
  5
6B3
330
68B
100
AcDbEntity
  8
BATH
100
AcDbLine
 10
874.9404940272798
 20
370.0115167296027
 30
0.0
 11
874.9267590700183
 21
340.0115198737477
 31
0.0
  0
LINE
  5
6B4
330
68B
100
AcDbEntity
  8
BATH
100
AcDbLine
 10
874.9267590700183
 20
340.0115198737477
 30
0.0
 11
874.9404940272798
 21
370.0115167296027
 31
0.0
  0
LINE
  5
6B5
330
68B
100
AcDbEntity
  8
BATH
100
AcDbLine
 10
819.9426073834766
 20
374.6401157122455
 30
0.0
 11
819.9244756746921
 21
335.0367011527997
 31
0.0
  0
LINE
  5
6B6
330
68B
100
AcDbEntity
  8
BATH
100
AcDbLine
 10
819.9426073834766
 20
374.6401157122455
 30
0.0
 11
874.9404940272798
 21
370.0115167296027
 31
0.0
  0
LINE
  5
6B7
330
68B
100
AcDbEntity
  8
BATH
100
AcDbLine
 10
819.9244756746921
 20
335.0367011527997
 30
0.0
 11
874.9267590700183
 21
340.0115198737477
 31
0.0
  0
LINE
  5
6B8
330
68B
100
AcDbEntity
  8
BATH
100
AcDbLine
 10
829.9426063355056
 20
374.6355373931584
 30
0.0
 11
829.9244746266049
 21
335.0321228337125
 31
0.0
  0
ELLIPSE
  5
6B9
330
68B
100
AcDbEntity
  8
BATH
100
AcDbEllipse
 10
600.0000185162061
 20
300.0299930733745
 30
0.0
 11
35.35533905934427
 21
35.35533905934427
 31
0.0
210
0.0
220
0.0
230
1.0
 40
1.0
 41
0.0000000000008232
 42
6.283185307180409
  0
LINE
  5
6BA
330
68B
100
AcDbEntity
  8
BATH
100
AcDbLine
 10
809.9426084315636
 20
374.6446940313326
 30
0.0
 11
809.9244767227792
 21
335.0412794718868
 31
0.0
  0
LINE
  5
6BB
330
68B
100
AcDbEntity
  8
BATH
100
AcDbLine
 10
649.4974931993056
 20
292.9589252615114
 30
0.0
 11
592.9289507043431
 21
349.5274677564739
 31
0.0
  0
LINE
  5
6BC
330
68B
100
AcDbEntity
  8
BATH
100
AcDbLine
 10
627.5699668557497
 20
258.3179091101047
 30
0.0
 11
558.2879345529363
 21
327.5999414128601
 31
0.0
  0
LINE
  5
6BD
330
68B
100
AcDbEntity
  8
BATH
100
AcDbLine
 10
641.7121024795342
 20
272.4600447339471
 30
0.0
 11
572.4300701767206
 21
341.7420770367026
 31
0.0
  0
LINE
  5
6BE
330
68B
100
AcDbEntity
  8
BATH
100
AcDbLine
 10
607.0710863281856
 20
250.5325183903333
 30
0.0
 11
550.5025438331649
 21
307.1010608853539
 31
0.0
  0
LINE
  5
6BF
330
68B
100
AcDbEntity
  8
BATH
100
AcDbLine
 10
809.9426084315636
 20
374.6446940313326
 30
0.0
 11
819.9426073834766
 21
374.6401157122455
 31
0.0
  0
LINE
  5
6C0
330
68B
100
AcDbEntity
  8
BATH
100
AcDbLine
 10
809.9244767227792
 20
335.0412794718868
 30
0.0
 11
819.9244756746921
 21
335.0367011527997
 31
0.0
  0
LINE
  5
6C1
330
68B
100
AcDbEntity
  8
BATH
100
AcDbLine
 10
635.3403846638392
 20
264.6596874406678
 30
0.0
 11
900.0000095576979
 21
0.0000625466927886
 31
0.0
  0
ENDBLK
  5
6C2
330
68B
100
AcDbEntity
  8
0
100
AcDbBlockEnd
  0
BLOCK
  5
885
330
882
100
AcDbEntity
  8
0
100
AcDbBlockBegin
  2
A$C20217E62
 70
     0
 10
0.0
 20
0.0
 30
0.0
  3
A$C20217E62
  1

  0
LINE
  5
886
330
882
100
AcDbEntity
  8
F1
100
AcDbLine
 10
306.0951454058959
 20
391.075547859713
 30
0.0
 11
267.2791067695507
 21
287.4651137687615
 31
0.0
  0
LINE
  5
887
330
882
100
AcDbEntity
  8
F1
100
AcDbLine
 10
284.9932749513537
 20
277.2378410415258
 30
0.0
 11
355.314529496798
 21
362.6587228596908
 31
0.0
  0
ARC
  5
888
330
882
100
AcDbEntity
  8
F1
100
AcDbCircle
 10
92.04528176954772
 20
306.8182228596997
 30
0.0
 40
61.36363636363636
100
AcDbArc
 50
90.0
 51
179.9999999999994
  0
LINE
  5
889
330
882
100
AcDbEntity
  8
F1
100
AcDbLine
 10
-0.0001727759081405
 20
419.3182228596996
 30
0.0
 11
-0.0001727759081405
 21
30.68185922334669
 31
0.0
  0
ARC
  5
88A
330
882
100
AcDbEntity
  8
F1
100
AcDbCircle
 10
521.5907363150035
 20
306.8182228596997
 30
0.0
 40
61.36363636363636
100
AcDbArc
 50
90.0
 51
179.9999999999994
  0
ARC
  5
88B
330
882
100
AcDbEntity
  8
F1
100
AcDbCircle
 10
582.954372678636
 20
306.8182228596997
 30
0.0
 40
61.36363636363636
100
AcDbArc
 50
359.9999999999993
 51
90.0
  0
LINE
  5
88C
330
882
100
AcDbEntity
  8
F1
100
AcDbLine
 10
674.9998272240917
 20
30.68185922334669
 30
0.0
 11
674.9998272240917
 21
419.3182228596996
 31
0.0
  0
ARC
  5
88D
330
882
100
AcDbEntity
  8
F1
100
AcDbCircle
 10
357.954372678636
 20
306.8182228596997
 30
0.0
 40
61.36363636363636
100
AcDbArc
 50
359.9999999999993
 51
90.0
  0
ARC
  5
88E
330
882
100
AcDbEntity
  8
F1
100
AcDbCircle
 10
325.2496408604493
 20
383.8996228597243
 30
0.0
 40
20.45454545454545
100
AcDbArc
 50
59.9999999999992
 51
159.4623219999993
  0
LINE
  5
88F
330
882
100
AcDbEntity
  8
F1
100
AcDbLine
 10
644.3180090422684
 20
450.0000410415232
 30
0.0
 11
30.68164540591534
 21
450.0000410415232
 31
0.0
  0
ARC
  5
890
330
882
100
AcDbEntity
  8
F1
100
AcDbCircle
 10
644.3180090422684
 20
419.3182228596996
 30
0.0
 40
30.68181818181818
100
AcDbArc
 50
359.9999999999993
 51
90.0
  0
CIRCLE
  5
891
330
882
100
AcDbEntity
  8
F1
100
AcDbCircle
 10
480.6816454059152
 20
398.8636774051702
 30
0.0
 40
20.45454545454545
  0
LINE
  5
892
330
882
100
AcDbEntity
  8
F1
100
AcDbLine
 10
521.5907363150035
 20
368.1818592233467
 30
0.0
 11
582.954372678636
 21
368.1818592233467
 31
0.0
  0
CIRCLE
  5
893
330
882
100
AcDbEntity
  8
F1
100
AcDbCircle
 10
398.8634635877243
 20
398.8636774051702
 30
0.0
 40
20.45454545454545
  0
ARC
  5
894
330
882
100
AcDbEntity
  8
F1
100
AcDbCircle
 10
339.5227408604551
 20
375.6590387687902
 30
0.0
 40
20.45454545454545
100
AcDbArc
 50
320.5376779999992
 51
59.99999999999925
  0
LINE
  5
895
330
882
100
AcDbEntity
  8
F1
100
AcDbLine
 10
335.4769135877286
 20
401.6137705869622
 30
0.0
 11
349.7500135877344
 21
393.3731864960864
 31
0.0
  0
ARC
  5
896
330
882
100
AcDbEntity
  8
F1
100
AcDbCircle
 10
30.68164540591534
 20
419.3182228596996
 30
0.0
 40
30.68181818181818
100
AcDbArc
 50
90.0
 51
179.9999999999994
  0
LINE
  5
897
330
882
100
AcDbEntity
  8
F1
100
AcDbLine
 10
92.04528176954772
 20
368.1818592233467
 30
0.0
 11
297.5183908604376
 21
368.1818592233467
 31
0.0
  0
CIRCLE
  5
898
330
882
100
AcDbEntity
  8
F1
100
AcDbCircle
 10
276.1361908604595
 20
398.8636774051702
 30
0.0
 40
20.45454545454545
  0
LINE
  5
899
330
882
100
AcDbEntity
  8
F1
100
AcDbLine
 10
357.954372678636
 20
30.68185922334669
 30
0.0
 11
92.04528176954772
 21
30.68185922334669
 31
0.0
  0
LINE
  5
89A
330
882
100
AcDbEntity
  8
F1
100
AcDbLine
 10
30.68164540590079
 20
0.0000410415232182
 30
0.0
 11
644.3180090422684
 21
0.0000410415232182
 31
0.0
  0
LINE
  5
89B
330
882
100
AcDbEntity
  8
F1
100
AcDbLine
 10
419.3180090422684
 20
306.8182228596997
 30
0.0
 11
419.3180090422684
 21
92.04549558699364
 31
0.0
  0
LINE
  5
89C
330
882
100
AcDbEntity
  8
F1
100
AcDbLine
 10
460.2270999513566
 20
92.04549558699364
 30
0.0
 11
460.2270999513566
 21
306.8182228596997
 31
0.0
  0
LINE
  5
89D
330
882
100
AcDbEntity
  8
F1
100
AcDbLine
 10
644.3180090422684
 20
306.8182228596997
 30
0.0
 11
644.3180090422684
 21
92.04549558699364
 31
0.0
  0
CIRCLE
  5
89E
330
882
100
AcDbEntity
  8
F1
100
AcDbCircle
 10
547.15891813318
 20
199.4318592233467
 30
0.0
 40
25.56818181818182
  0
ARC
  5
89F
330
882
100
AcDbEntity
  8
F1
100
AcDbCircle
 10
582.954372678636
 20
92.04549558699364
 30
0.0
 40
61.36363636363636
100
AcDbArc
 50
270.0
 51
359.9999999999993
  0
ARC
  5
8A0
330
882
100
AcDbEntity
  8
F1
100
AcDbCircle
 10
644.3180090422684
 20
30.68185922334669
 30
0.0
 40
30.68181818181818
100
AcDbArc
 50
270.0
 51
359.9999999999993
  0
ARC
  5
8A1
330
882
100
AcDbEntity
  8
F1
100
AcDbCircle
 10
521.5907363150035
 20
92.04549558699364
 30
0.0
 40
61.36363636363636
100
AcDbArc
 50
179.9999999999994
 51
270.0
  0
LINE
  5
8A2
330
882
100
AcDbEntity
  8
F1
100
AcDbLine
 10
582.954372678636
 20
30.68185922334669
 30
0.0
 11
521.5907363150035
 21
30.68185922334669
 31
0.0
  0
ARC
  5
8A3
330
882
100
AcDbEntity
  8
F1
100
AcDbCircle
 10
357.954372678636
 20
92.04549558699364
 30
0.0
 40
61.36363636363636
100
AcDbArc
 50
270.0
 51
359.9999999999993
  0
LINE
  5
8A4
330
882
100
AcDbEntity
  8
F1
100
AcDbLine
 10
30.68164540590079
 20
92.04549558699364
 30
0.0
 11
30.68164540590079
 21
306.8182228596997
 31
0.0
  0
LINE
  5
8A5
330
882
100
AcDbEntity
  8
F1
100
AcDbLine
 10
267.2791067695507
 20
287.4651137687615
 30
0.0
 11
284.9932749513537
 21
277.2378410415258
 31
0.0
  0
CIRCLE
  5
8A6
330
882
100
AcDbEntity
  8
F1
100
AcDbCircle
 10
224.9998272240919
 20
199.4318592233467
 30
0.0
 40
25.56818181818182
  0
ARC
  5
8A7
330
882
100
AcDbEntity
  8
F1
100
AcDbCircle
 10
30.68164540590079
 20
30.68185922334669
 30
0.0
 40
30.68181818181818
100
AcDbArc
 50
179.9999999999994
 51
270.0
  0
ARC
  5
8A8
330
882
100
AcDbEntity
  8
F1
100
AcDbCircle
 10
92.04528176954772
 20
92.04549558699364
 30
0.0
 40
61.36363636363636
100
AcDbArc
 50
179.9999999999994
 51
270.0
  0
ENDBLK
  5
8A9
330
882
100
AcDbEntity
  8
0
100
AcDbBlockEnd
  0
BLOCK
  5
A91
330
A8E
100
AcDbEntity
  8
0
100
AcDbBlockBegin
  2
空调室内机1
 70
     0
 10
0.0
 20
0.0
 30
0.0
  3
空调室内机1
  1

  0
LWPOLYLINE
  5
A92
330
A8E
100
AcDbEntity
  8
0
 48
0.3
100
AcDbPolyline
 90
        4
 70
     1
 43
0.0
 10
799.9999999999709
 20
-0.0000000223444658
 10
0.0
 20
0.0
 10
-0.0000000000145519
 20
-400.0000000037323
 10
800.0
 20
-400.0000000223371
1001
AcDbBlockRepETag
1070
     1
1071
        0
1005
A92
  0
LINE
  5
A93
330
A8E
100
AcDbEntity
  8
0
 48
0.3
100
AcDbLine
 10
0.0000000149011612
 20
-66.66666667535901
 30
0.0000000000001176
 11
800.000000014872
 21
-66.66666669768892
 31
0.0000000000001176
1001
AcDbBlockRepETag
1070
     1
1071
        1
1005
A93
  0
TEXT
  5
A94
330
A8E
100
AcDbEntity
  8
0
100
AcDbText
 10
377.8254281449627
 20
-273.7467532229203
 30
0.0
 40
100.0
  1
K
 50
0.0000000002084408
 41
0.65
  7
_ZBHZ
100
AcDbText
  0
ENDBLK
  5
A95
330
A8E
100
AcDbEntity
  8
0
100
AcDbBlockEnd
  0
BLOCK
  5
328
330
325
100
AcDbEntity
  8
0
100
AcDbBlockBegin
  2
A$C67170A1A
 70
     0
 10
0.0
 20
0.0
 30
0.0
  3
A$C67170A1A
  1

  0
LINE
  5
329
330
325
100
AcDbEntity
  8
0
100
AcDbLine
 10
160.8825680660375
 20
1809.801365915452
 30
0.0
 11
160.5499105388298
 21
774.80141937494
 31
0.0
  0
LINE
  5
32A
330
325
100
AcDbEntity
  8
0
100
AcDbLine
 10
10.84616461468977
 20
1696.563130827969
 30
0.0
 11
10.58632948552258
 21
888.1360769341123
 31
0.0
  0
LINE
  5
32B
330
325
100
AcDbEntity
  8
0
100
AcDbLine
 10
85.88257193987372
 20
1809.825471533463
 30
0.0
 11
85.54991441266611
 21
774.8255249927748
 31
0.0
  0
LINE
  5
32C
330
325
100
AcDbEntity
  8
0
100
AcDbLine
 10
123.4708482509304
 20
1809.813390351105
 30
0.0
 11
123.1381907235191
 21
774.8134438106212
 31
0.0
  0
LINE
  5
32D
330
325
100
AcDbEntity
  8
0
100
AcDbLine
 10
72.80996837283601
 20
1761.289180096734
 30
0.0
 11
72.50851347250864
 21
823.3702096860211
 31
0.0
  0
LINE
  5
32E
330
325
100
AcDbEntity
  8
0
100
AcDbLine
 10
0.0008428336877842
 20
2200.128227702954
 30
0.0
 11
0.0008428336877842
 21
300.1281295648663
 31
0.0
  0
LINE
  5
32F
330
325
100
AcDbEntity
  8
0
100
AcDbLine
 10
400.0008221729948
 20
2199.999664404867
 30
0.0
 11
400.0008221729948
 21
299.9995662667193
 31
0.0
  0
LINE
  5
330
330
325
100
AcDbEntity
  8
0
100
AcDbLine
 10
72.80996837283601
 20
1761.289180096734
 30
0.0
 11
10.84616461468977
 21
1696.563130827969
 31
0.0
  0
LINE
  5
331
330
325
100
AcDbEntity
  8
0
100
AcDbLine
 10
0.707940973370569
 20
2200.128000435769
 30
0.0
 11
400.0008221729948
 21
2199.999664404867
 31
0.0
  0
LINE
  5
332
330
325
100
AcDbEntity
  8
0
100
AcDbLine
 10
160.8825680660375
 20
1809.801365915452
 30
0.0
 11
115.8825703903858
 21
1809.815829286236
 31
0.0
  0
LINE
  5
333
330
325
100
AcDbEntity
  8
0
100
AcDbLine
 10
115.8848766202863
 20
1816.991220265045
 30
0.0
 11
70.89041488387739
 21
1834.229694238515
 31
0.0
  0
LINE
  5
334
330
325
100
AcDbEntity
  8
0
100
AcDbLine
 10
85.88257193987372
 20
1809.825471533463
 30
0.0
 11
160.8825680660375
 21
1809.801365915452
 31
0.0
  0
LINE
  5
335
330
325
100
AcDbEntity
  8
0
100
AcDbLine
 10
85.86697062620078
 20
1761.284983468299
 30
0.0
 11
72.80996837283601
 21
1761.289180096734
 31
0.0
  0
LINE
  5
336
330
325
100
AcDbEntity
  8
0
100
AcDbLine
 10
160.9243511371605
 20
1939.801359200792
 30
0.0
 11
115.9243534615088
 21
1939.815822571458
 31
0.0
  0
LINE
  5
337
330
325
100
AcDbEntity
  8
0
100
AcDbLine
 10
115.9220472316083
 20
1932.64043159259
 30
0.0
 11
70.91651361668481
 21
1915.430884360802
 31
0.0
  0
LINE
  5
338
330
325
100
AcDbEntity
  8
0
100
AcDbLine
 10
160.9243511371605
 20
1939.801359200792
 30
0.0
 11
160.8825680660375
 21
1809.801365915452
 31
0.0
  0
LINE
  5
339
330
325
100
AcDbEntity
  8
0
100
AcDbLine
 10
70.91651361668481
 20
1915.430884360918
 30
0.0
 11
70.89041488387739
 21
1834.229694238515
 31
0.0
  0
LINE
  5
33A
330
325
100
AcDbEntity
  8
0
100
AcDbLine
 10
115.9243534615088
 20
1939.815822571458
 30
0.0
 11
115.8825703903858
 21
1809.815829286236
 31
0.0
  0
LINE
  5
33B
330
325
100
AcDbEntity
  8
0
100
AcDbLine
 10
137.2490121980954
 20
1939.80896865006
 30
0.0
 11
137.2072291272052
 21
1809.808975364926
 31
0.0
  0
LINE
  5
33C
330
325
100
AcDbEntity
  8
0
100
AcDbLine
 10
72.50851347250864
 20
823.3702096861374
 30
0.0
 11
10.58632948552258
 21
888.1360769341123
 31
0.0
  0
LINE
  5
33D
330
325
100
AcDbEntity
  8
0
100
AcDbLine
 10
0.0972653073549737
 20
300.1280985738854
 30
0.0
 11
400.0008221729948
 21
299.9995662667193
 31
0.0
  0
LINE
  5
33E
330
325
100
AcDbEntity
  8
0
100
AcDbLine
 10
85.54991441266611
 20
774.8255249927748
 30
0.0
 11
160.5499105388298
 21
774.80141937494
 31
0.0
  0
LINE
  5
33F
330
325
100
AcDbEntity
  8
0
100
AcDbLine
 10
85.56551572636818
 20
823.3660130577623
 30
0.0
 11
72.50851347250864
 21
823.3702096861374
 31
0.0
  0
LINE
  5
340
330
325
100
AcDbEntity
  8
0
100
AcDbLine
 10
136.8327885286417
 20
644.8090355390445
 30
0.0
 11
136.8745715997938
 21
774.8090288242086
 31
0.0
  0
LINE
  5
341
330
325
100
AcDbEntity
  8
0
100
AcDbLine
 10
160.5081274677068
 20
644.8014260897466
 30
0.0
 11
115.5081297920842
 21
644.8158894604135
 31
0.0
  0
LINE
  5
342
330
325
100
AcDbEntity
  8
0
100
AcDbLine
 10
160.5499105388298
 20
774.80141937494
 30
0.0
 11
115.5499128632073
 21
774.8158827458387
 31
0.0
  0
LINE
  5
343
330
325
100
AcDbEntity
  8
0
100
AcDbLine
 10
70.51597428554669
 20
669.2297544125754
 30
0.0
 11
70.54207301841234
 21
750.4309445349495
 31
0.0
  0
LINE
  5
344
330
325
100
AcDbEntity
  8
0
100
AcDbLine
 10
115.5476066333067
 20
767.6404917667682
 30
0.0
 11
70.54207301841234
 21
750.4309445349495
 31
0.0
  0
LINE
  5
345
330
325
100
AcDbEntity
  8
0
100
AcDbLine
 10
115.5104360219848
 20
651.9912804392811
 30
0.0
 11
70.51597428554669
 21
669.2297544126916
 31
0.0
  0
LINE
  5
346
330
325
100
AcDbEntity
  8
0
100
AcDbLine
 10
115.5081297920842
 20
644.8158894604135
 30
0.0
 11
115.5499128632073
 21
774.8158827456059
 31
0.0
  0
LINE
  5
347
330
325
100
AcDbEntity
  8
0
100
AcDbLine
 10
160.5081274677068
 20
644.8014260896302
 30
0.0
 11
160.5499105388298
 21
774.80141937494
 31
0.0
  0
ENDBLK
  5
348
330
325
100
AcDbEntity
  8
0
100
AcDbBlockEnd
  0
BLOCK
  5
4F7
330
4F4
100
AcDbEntity
  8
0
100
AcDbBlockBegin
  2
A$C31840BCA
 70
     0
 10
0.0
 20
0.0
 30
0.0
  3
A$C31840BCA
  1

  0
LINE
  5
4F8
330
4F4
100
AcDbEntity
  8
FUR
100
AcDbLine
 10
149.9216488860838
 20
479.5455651766967
 30
0.0
 11
149.9634666443162
 21
609.5455584508017
 31
0.0
1001
AcDbBlockRepETag
1070
     1
1071
        0
1005
4F8
  0
LINE
  5
4F9
330
4F4
100
AcDbEntity
  8
FUR
100
AcDbLine
 10
104.9216512143321
 20
479.5600405545553
 30
0.0
 11
104.9634689725644
 21
609.5600338285437
 31
0.0
1001
AcDbBlockRepETag
1070
     1
1071
        1
1005
4F9
  0
LINE
  5
4FA
330
4F4
100
AcDbEntity
  8
FUR
100
AcDbLine
 10
104.923959358799
 20
486.7354315327829
 30
0.0
 11
59.92950222195941
 21
503.9739175118156
 31
0.0
1001
AcDbBlockRepETag
1070
     1
1071
        2
1005
4FA
  0
LINE
  5
4FB
330
4F4
100
AcDbEntity
  8
FUR
100
AcDbLine
 10
104.9611608280975
 20
602.384642850433
 30
0.0
 11
59.95562262125895
 21
585.1751076271174
 31
0.0
1001
AcDbBlockRepETag
1070
     1
1071
        3
1005
4FB
  0
LINE
  5
4FC
330
4F4
100
AcDbEntity
  8
FUR
100
AcDbLine
 10
59.92950222195941
 20
503.9739175116991
 30
0.0
 11
59.95562262125895
 21
585.1751076271174
 31
0.0
1001
AcDbBlockRepETag
1070
     1
1071
        4
1005
4FC
  0
LINE
  5
4FD
330
4F4
100
AcDbEntity
  8
FUR
100
AcDbLine
 10
149.9634666443162
 20
609.5455584508017
 30
0.0
 11
104.9634689725644
 21
609.5600338287767
 31
0.0
1001
AcDbBlockRepETag
1070
     1
1071
        5
1005
4FD
  0
LINE
  5
4FE
330
4F4
100
AcDbEntity
  8
FUR
100
AcDbLine
 10
149.9216488860838
 20
479.5455651768133
 30
0.0
 11
104.9216512143321
 21
479.5600405545553
 31
0.0
1001
AcDbBlockRepETag
1070
     1
1071
        6
1005
4FE
  0
LINE
  5
4FF
330
4F4
100
AcDbEntity
  8
FUR
100
AcDbLine
 10
126.246309949056
 20
479.5531809433014
 30
0.0
 11
126.2881277072883
 21
609.5531742172897
 31
0.0
1001
AcDbBlockRepETag
1070
     1
1071
        7
1005
4FF
  0
LINE
  5
500
330
4F4
100
AcDbEntity
  8
FUR
100
AcDbLine
 10
74.97908479007309
 20
658.1101721412851
 30
0.0
 11
61.92208253729042
 21
658.1143722535926
 31
0.0
1001
AcDbBlockRepETag
1070
     1
1071
        8
1005
500
  0
LINE
  5
501
330
4F4
100
AcDbEntity
  8
FUR
100
AcDbLine
 10
74.96347052461351
 20
609.5696840804885
 30
0.0
 11
149.9634666443162
 21
609.5455584508017
 31
0.0
1001
AcDbBlockRepETag
1070
     1
1071
        9
1005
501
  0
LINE
  5
502
330
4F4
100
AcDbEntity
  8
FUR
100
AcDbLine
 10
61.92208253729042
 20
658.1143722535926
 30
0.0
 11
-0.000084168597823
 21
722.8802560238984
 31
0.0
1001
AcDbBlockRepETag
1070
     1
1071
       10
1005
502
  0
LINE
  5
503
330
4F4
100
AcDbEntity
  8
FUR
100
AcDbLine
 10
126.662879155454
 20
1774.553113943141
 30
0.0
 11
126.6210613974545
 21
1644.553120669268
 31
0.0
1001
AcDbBlockRepETag
1070
     1
1071
       11
1005
503
  0
LINE
  5
504
330
4F4
100
AcDbEntity
  8
FUR
100
AcDbLine
 10
105.33822042073
 20
1774.559973554511
 30
0.0
 11
105.2964026624977
 21
1644.559980280406
 31
0.0
1001
AcDbBlockRepETag
1070
     1
1071
       12
1005
504
  0
LINE
  5
505
330
4F4
100
AcDbEntity
  8
FUR
100
AcDbLine
 10
60.33037406936637
 20
1750.175047353201
 30
0.0
 11
60.30425367012504
 21
1668.973857237666
 31
0.0
1001
AcDbBlockRepETag
1070
     1
1071
       13
1005
505
  0
LINE
  5
506
330
4F4
100
AcDbEntity
  8
FUR
100
AcDbLine
 10
150.3382180924818
 20
1774.545498176769
 30
0.0
 11
150.2964003342495
 21
1644.545504902547
 31
0.0
1001
AcDbBlockRepETag
1070
     1
1071
       14
1005
506
  0
LINE
  5
507
330
4F4
100
AcDbEntity
  8
FUR
100
AcDbLine
 10
105.3359122762631
 20
1767.384582576167
 30
0.0
 11
60.33037406936637
 21
1750.175047352968
 31
0.0
1001
AcDbBlockRepETag
1070
     1
1071
       15
1005
507
  0
LINE
  5
508
330
4F4
100
AcDbEntity
  8
FUR
100
AcDbLine
 10
150.3382180924818
 20
1774.545498176769
 30
0.0
 11
105.33822042073
 21
1774.559973554511
 31
0.0
1001
AcDbBlockRepETag
1070
     1
1071
       16
1005
508
  0
LINE
  5
509
330
4F4
100
AcDbEntity
  8
FUR
100
AcDbLine
 10
75.28078994908719
 20
1596.029142471321
 30
0.0
 11
62.22378769688656
 21
1596.033342583745
 31
0.0
1001
AcDbBlockRepETag
1070
     1
1071
       17
1005
509
  0
LINE
  5
50A
330
4F4
100
AcDbEntity
  8
FUR
100
AcDbLine
 10
75.29640421454678
 20
1644.569630532351
 30
0.0
 11
150.2964003342495
 21
1644.545504902547
 31
0.0
1001
AcDbBlockRepETag
1070
     1
1071
       18
1005
50A
  0
LINE
  5
50B
330
4F4
100
AcDbEntity
  8
FUR
100
AcDbLine
 10
105.2987108069646
 20
1651.735371258634
 30
0.0
 11
60.30425367012504
 21
1668.973857237666
 31
0.0
1001
AcDbBlockRepETag
1070
     1
1071
       19
1005
50B
  0
LINE
  5
50C
330
4F4
100
AcDbEntity
  8
FUR
100
AcDbLine
 10
150.2964003342495
 20
1644.545504902547
 30
0.0
 11
105.2964026624977
 21
1644.559980280406
 31
0.0
1001
AcDbBlockRepETag
1070
     1
1071
       20
1005
50C
  0
LINE
  5
50D
330
4F4
100
AcDbEntity
  8
FUR
100
AcDbLine
 10
62.22378769688656
 20
1596.033342583745
 30
0.0
 11
0.2599666682363022
 21
1531.307309848314
 31
0.0
1001
AcDbBlockRepETag
1070
     1
1071
       21
1005
50D
  0
LINE
  5
50E
330
4F4
100
AcDbEntity
  8
FUR
100
AcDbLine
 10
62.22378769688656
 20
1596.033342583745
 30
0.0
 11
61.92208253729042
 21
658.114372253476
 31
0.0
1001
AcDbBlockRepETag
1070
     1
1071
       22
1005
50E
  0
LINE
  5
50F
330
4F4
100
AcDbEntity
  8
FUR
100
AcDbLine
 10
112.8846805223438
 20
1644.557539320609
 30
0.0
 11
112.5517468321777
 21
609.5575928688631
 31
0.0
1001
AcDbBlockRepETag
1070
     1
1071
       23
1005
50F
  0
LINE
  5
510
330
4F4
100
AcDbEntity
  8
FUR
100
AcDbLine
 10
75.29640421454678
 20
1644.569630532351
 30
0.0
 11
74.96347052461351
 21
609.5696840804885
 31
0.0
1001
AcDbBlockRepETag
1070
     1
1071
       24
1005
510
  0
LINE
  5
511
330
4F4
100
AcDbEntity
  8
FUR
100
AcDbLine
 10
150.2964003342495
 20
1644.545504902547
 30
0.0
 11
149.9634666443162
 21
609.5455584508017
 31
0.0
1001
AcDbBlockRepETag
1070
     1
1071
       25
1005
511
  0
LINE
  5
512
330
4F4
100
AcDbEntity
  8
FUR
100
AcDbLine
 10
131.1510266300029
 20
346.4201710440684
 30
0.0
 11
131.1510266300029
 21
596.2412654176587
 31
0.0
1001
AcDbBlockRepETag
1070
     1
1071
       26
1005
512
  0
CIRCLE
  5
513
330
4F4
100
AcDbEntity
  8
FUR
100
AcDbCircle
 10
131.1510266300029
 20
473.2240219153464
 30
0.0
 40
57.96849344580802
1001
AcDbBlockRepETag
1070
     1
1071
       27
1005
513
  0
LINE
  5
514
330
4F4
100
AcDbEntity
  8
FUR
100
AcDbLine
 10
252.3457380602922
 20
473.2240219153464
 30
0.0
 11
7.683319531744927
 21
473.2240219153464
 31
0.0
1001
AcDbBlockRepETag
1070
     1
1071
       28
1005
514
  0
CIRCLE
  5
515
330
4F4
100
AcDbEntity
  8
FUR
100
AcDbCircle
 10
130.4882209627976
 20
472.5616760418051
 30
0.0
 40
99.79200000000002
1001
AcDbBlockRepETag
1070
     1
1071
       29
1005
515
  0
LINE
  5
516
330
4F4
100
AcDbEntity
  8
FUR
100
AcDbLine
 10
300.1299412803204
 20
2366.857657685411
 30
0.0
 11
0.1299412803200539
 21
2366.857657685411
 31
0.0
1001
AcDbBlockRepETag
1070
     1
1071
       30
1005
516
  0
LINE
  5
517
330
4F4
100
AcDbEntity
  8
FUR
100
AcDbLine
 10
131.1510266300029
 20
2020.437594928895
 30
0.0
 11
131.1510266300029
 21
1770.616500555188
 31
0.0
1001
AcDbBlockRepETag
1070
     1
1071
       31
1005
517
  0
CIRCLE
  5
518
330
4F4
100
AcDbEntity
  8
FUR
100
AcDbCircle
 10
131.1510266300029
 20
1893.633744057501
 30
0.0
 40
57.96849344580802
1001
AcDbBlockRepETag
1070
     1
1071
       32
1005
518
  0
CIRCLE
  5
519
330
4F4
100
AcDbEntity
  8
FUR
100
AcDbCircle
 10
130.4882209627976
 20
1894.296089931042
 30
0.0
 40
99.79200000000002
1001
AcDbBlockRepETag
1070
     1
1071
       33
1005
519
  0
LINE
  5
51A
330
4F4
100
AcDbEntity
  8
FUR
100
AcDbLine
 10
252.3457380602922
 20
1893.633744057501
 30
0.0
 11
7.683319531744927
 21
1893.633744057501
 31
0.0
1001
AcDbBlockRepETag
1070
     1
1071
       34
1005
51A
  0
LINE
  5
51B
330
4F4
100
AcDbEntity
  8
FUR
100
AcDbLine
 10
0.1299412803200539
 20
2366.857657685411
 30
0.0
 11
0.1299412803200539
 21
0.0001082875533029
 31
0.0
1001
AcDbBlockRepETag
1070
     1
1071
       35
1005
51B
  0
LINE
  5
51C
330
4F4
100
AcDbEntity
  8
FUR
100
AcDbLine
 10
0.1299412803200539
 20
0.0001082875533029
 30
0.0
 11
300.1299412803201
 21
0.0001082875533029
 31
0.0
1001
AcDbBlockRepETag
1070
     1
1071
       36
1005
51C
  0
LINE
  5
51D
330
4F4
100
AcDbEntity
  8
FUR
100
AcDbLine
 10
300.1299412803201
 20
0.0001082875533029
 30
0.0
 11
300.1299412803204
 21
2366.857657685411
 31
0.0
1001
AcDbBlockRepETag
1070
     1
1071
       37
1005
51D
  0
ENDBLK
  5
51E
330
4F4
100
AcDbEntity
  8
0
100
AcDbBlockEnd
  0
BLOCK
  5
D18
330
D17
100
AcDbEntity
  8
0
100
AcDbBlockBegin
  2
$DorLib2D$00000114
 70
     0
 10
0.0
 20
0.0
 30
0.0
  3
$DorLib2D$00000114
  1

  0
ARC
  5
D19
330
D17
100
AcDbEntity
  8
0
 62
     0
100
AcDbCircle
 10
0.5000000000013856
 20
-0.0000000000011546
 30
0.0
 40
1.000000000001695
100
AcDbArc
 50
135.0
 51
180.0
  0
LINE
  5
D1A
330
D17
100
AcDbEntity
  8
0
 62
     0
100
AcDbLine
 10
0.4999999999999968
 20
0.0000000000000036
 30
0.0
 11
-0.2071067811864751
 21
0.7071067811864859
 31
0.0
  0
ENDBLK
  5
D1B
330
D17
100
AcDbEntity
  8
0
100
AcDbBlockEnd
  0
BLOCK
  5
16A
330
169
100
AcDbEntity
  8
0
100
AcDbBlockBegin
  2
A$C6E3D31D3
 70
     2
 10
0.0
 20
0.0
 30
0.0
  3
A$C6E3D31D3
  1

  0
LINE
  5
16B
330
169
100
AcDbEntity
  8
家具示意
100
AcDbLine
 10
0.4998703145538457
 20
2100.00001359277
 30
0.0
 11
2000.499870314554
 21
2100.00001359277
 31
0.0
  0
LINE
  5
16C
330
169
100
AcDbEntity
  8
家具示意
100
AcDbLine
 10
2000.499870314554
 20
300.0000135927694
 30
0.0
 11
0.4998703145538457
 21
300.0000135927694
 31
0.0
  0
ARC
  5
16D
330
169
100
AcDbEntity
  8
家具示意
100
AcDbCircle
 10
728.332869216392
 20
1164.679692396312
 30
0.0
 40
375.0681745579943
100
AcDbArc
 50
110.1488397946733
 51
129.6445392671384
  0
LINE
  5
16E
330
169
100
AcDbEntity
  8
家具示意
100
AcDbLine
 10
489.0308369781704
 20
1453.488752041128
 30
0.0
 11
916.4285140243007
 21
2071.571543354425
 31
0.0
  0
LINE
  5
16F
330
169
100
AcDbEntity
  8
家具示意
100
AcDbLine
 10
509.0308369780541
 20
325.8170889146859
 30
0.0
 11
1968.330323566624
 21
325.8170889163157
 31
0.0
  0
LINE
  5
170
330
169
100
AcDbEntity
  8
家具示意
100
AcDbLine
 10
0.4998703145538457
 20
300.0000135927694
 30
0.0
 11
0.4998703145538457
 21
2100.00001359277
 31
0.0
  0
ARC
  5
171
330
169
100
AcDbEntity
  8
家具示意
100
AcDbCircle
 10
194.3272752658231
 20
1024.534655595839
 30
0.0
 40
99.20502275488155
100
AcDbArc
 50
233.823354867818
 51
251.5603484886954
  0
ARC
  5
172
330
169
100
AcDbEntity
  8
家具示意
100
AcDbCircle
 10
194.3272752653574
 20
1024.534655596537
 30
0.0
 40
99.20502275517169
100
AcDbArc
 50
216.0863612477399
 51
233.8233548682732
  0
ARC
  5
173
330
169
100
AcDbEntity
  8
家具示意
100
AcDbCircle
 10
194.3272752658813
 20
1024.534655596944
 30
0.0
 40
99.20502275582851
100
AcDbArc
 50
195.9352418477766
 51
216.0863612477518
  0
ARC
  5
174
330
169
100
AcDbEntity
  8
家具示意
100
AcDbCircle
 10
194.3272752687335
 20
1024.534655597002
 30
0.0
 40
99.20502275858609
100
AcDbArc
 50
175.7841224475886
 51
195.9352418473567
  0
ARC
  5
175
330
169
100
AcDbEntity
  8
家具示意
100
AcDbCircle
 10
267.4482454290846
 20
1037.699533739011
 30
0.0
 40
200.1861671678144
100
AcDbArc
 50
241.6832362030992
 51
246.9972308903438
  0
ARC
  5
176
330
169
100
AcDbEntity
  8
家具示意
100
AcDbCircle
 10
195.8837500614463
 20
904.8829518134008
 30
0.0
 40
49.31628471400697
100
AcDbArc
 50
230.9650640086236
 51
241.6832362024092
  0
ARC
  5
177
330
169
100
AcDbEntity
  8
家具示意
100
AcDbCircle
 10
306.652337761363
 20
1041.500355194497
 30
0.0
 40
225.1969116392806
100
AcDbArc
 50
223.8115076789088
 51
230.9650640086543
  0
ARC
  5
178
330
169
100
AcDbEntity
  8
家具示意
100
AcDbCircle
 10
426.7674380780081
 20
1156.73291420599
 30
0.0
 40
391.6486463265913
100
AcDbArc
 50
218.3885663873418
 51
223.8115076790806
  0
ARC
  5
179
330
169
100
AcDbEntity
  8
家具示意
100
AcDbCircle
 10
179.9688817115966
 20
961.2029644275315
 30
0.0
 40
76.7812318726487
100
AcDbArc
 50
207.2395874904144
 51
218.3885663873408
  0
ARC
  5
17A
330
169
100
AcDbEntity
  8
家具示意
100
AcDbCircle
 10
319.7715560129145
 20
1033.173930007382
 30
0.0
 40
234.0218361334303
100
AcDbArc
 50
200.8602819900519
 51
207.2395874912605
  0
ARC
  5
17B
330
169
100
AcDbEntity
  8
家具示意
100
AcDbCircle
 10
646.5334869424114
 20
855.2780890944413
 30
0.0
 40
272.0537801699027
100
AcDbArc
 50
175.9172282928534
 51
183.5551991129462
  0
ARC
  5
17C
330
169
100
AcDbEntity
  8
家具示意
100
AcDbCircle
 10
432.9969059588618
 20
870.5200446122328
 30
0.0
 40
57.9739151051389
100
AcDbArc
 50
159.3257188526111
 51
175.9172282927911
  0
ARC
  5
17D
330
169
100
AcDbEntity
  8
家具示意
100
AcDbCircle
 10
852.776162629947
 20
712.113979962538
 30
0.0
 40
506.6465191820253
100
AcDbArc
 50
155.6734722285695
 51
159.3257188526322
  0
ARC
  5
17E
330
169
100
AcDbEntity
  8
家具示意
100
AcDbCircle
 10
1696.229777776694
 20
330.809841381968
 30
0.0
 40
1432.285134951045
100
AcDbArc
 50
153.5015195462012
 51
155.6734722284978
  0
ARC
  5
17F
330
169
100
AcDbEntity
  8
家具示意
100
AcDbCircle
 10
694.2075552774476
 20
830.3665120647055
 30
0.0
 40
312.6399225708225
100
AcDbArc
 50
147.865020483686
 51
153.5015195462028
  0
ARC
  5
180
330
169
100
AcDbEntity
  8
家具示意
100
AcDbCircle
 10
1046.461442718166
 20
609.0982719963649
 30
0.0
 40
728.62361850137
100
AcDbArc
 50
144.1737148434169
 51
147.8650204832541
  0
ARC
  5
181
330
169
100
AcDbEntity
  8
家具示意
100
AcDbCircle
 10
251.7436943764333
 20
411.8261464368551
 30
0.0
 40
139.9446217354727
100
AcDbArc
 50
95.63112618692938
 51
106.5149758808165
  0
ARC
  5
182
330
169
100
AcDbEntity
  8
家具示意
100
AcDbCircle
 10
251.7436943741632
 20
411.8261464386596
 30
0.0
 40
139.944621733098
100
AcDbArc
 50
106.5149758801355
 51
117.3988255738363
  0
ARC
  5
183
330
169
100
AcDbEntity
  8
家具示意
100
AcDbCircle
 10
251.7436943777138
 20
411.8261464318492
 30
0.0
 40
139.9446217407853
100
AcDbArc
 50
117.3988255738439
 51
135.0976165080391
  0
ARC
  5
184
330
169
100
AcDbEntity
  8
家具示意
100
AcDbCircle
 10
251.7436943771317
 20
411.8261464334791
 30
0.0
 40
139.9446217392151
100
AcDbArc
 50
135.0976165083435
 51
152.7964074426288
  0
ARC
  5
185
330
169
100
AcDbEntity
  8
家具示意
100
AcDbCircle
 10
205.4247723817243
 20
415.6062763730297
 30
0.0
 40
91.53263705200515
100
AcDbArc
 50
75.31489336646441
 51
89.99999999985424
  0
ARC
  5
186
330
169
100
AcDbEntity
  8
家具示意
100
AcDbCircle
 10
205.4247723827138
 20
450.9751011845655
 30
0.0
 40
56.16381224046039
100
AcDbArc
 50
90.00000000077196
 51
108.7798988340738
  0
ARC
  5
187
330
169
100
AcDbEntity
  8
家具示意
100
AcDbCircle
 10
253.5200426426018
 20
309.533535536495
 30
0.0
 40
205.5588306123924
100
AcDbArc
 50
108.7798988341157
 51
111.8149236773778
  0
ARC
  5
188
330
169
100
AcDbEntity
  8
家具示意
100
AcDbCircle
 10
233.2798878775211
 20
360.0993314464576
 30
0.0
 40
151.0926614711489
100
AcDbArc
 50
111.8149236784884
 51
115.3551167241749
  0
ARC
  5
189
330
169
100
AcDbEntity
  8
家具示意
100
AcDbCircle
 10
191.1061523612588
 20
449.0968735289061
 30
0.0
 40
52.60821364250428
100
AcDbArc
 50
115.3551167241855
 51
131.4429060631111
  0
ARC
  5
18A
330
169
100
AcDbEntity
  8
家具示意
100
AcDbCircle
 10
215.7585172452382
 20
421.1764312105366
 30
0.0
 40
89.85455834404811
100
AcDbArc
 50
131.4429060644399
 51
143.7359324368801
  0
ARC
  5
18B
330
169
100
AcDbEntity
  8
家具示意
100
AcDbCircle
 10
180.3908050059108
 20
964.7571346839541
 30
0.0
 40
491.8309499015449
100
AcDbArc
 50
263.7676352614915
 51
269.9999999998983
  0
ARC
  5
18C
330
169
100
AcDbEntity
  8
家具示意
100
AcDbCircle
 10
180.3908050063182
 20
676.9050175055163
 30
0.0
 40
203.9788327231081
100
AcDbArc
 50
269.9999999996403
 51
279.6843662924169
  0
ARC
  5
18D
330
169
100
AcDbEntity
  8
家具示意
100
AcDbCircle
 10
66.32828346418683
 20
1345.296325324394
 30
0.0
 40
882.0328122766374
100
AcDbArc
 50
279.6843662924145
 51
282.1983793617844
  0
ARC
  5
18E
330
169
100
AcDbEntity
  8
家具示意
100
AcDbCircle
 10
319.7062563730288
 20
173.2162817550124
 30
0.0
 40
317.1219007145595
100
AcDbArc
 50
98.00505095566645
 51
102.1983793625864
  0
ARC
  5
18F
330
169
100
AcDbEntity
  8
家具示意
100
AcDbCircle
 10
367.2859402441536
 20
-165.1143441757886
 30
0.0
 40
658.7817297258204
100
AcDbArc
 50
92.66488181012302
 51
98.00505095566832
  0
ARC
  5
190
330
169
100
AcDbEntity
  8
家具示意
100
AcDbCircle
 10
339.8045946381753
 20
425.3169259866698
 30
0.0
 40
67.71125242048004
100
AcDbArc
 50
75.95480630344086
 51
92.66488181208144
  0
LINE
  5
191
330
169
100
AcDbEntity
  8
家具示意
100
AcDbLine
 10
438.8073757293748
 20
470.3474807412128
 30
0.0
 11
356.2372467952664
 21
491.0039235389558
 31
0.0
  0
LINE
  5
192
330
169
100
AcDbEntity
  8
家具示意
100
AcDbLine
 10
468.8329541984128
 20
462.8359935545595
 30
0.0
 11
438.8073757293748
 21
470.3474807412128
 31
0.0
  0
ARC
  5
193
330
169
100
AcDbEntity
  8
家具示意
100
AcDbCircle
 10
469.0554589779931
 20
463.7254390740999
 30
0.0
 40
0.9168542464127195
100
AcDbArc
 50
255.9550628032118
 51
4.082939983412225
  0
ARC
  5
194
330
169
100
AcDbEntity
  8
家具示意
100
AcDbCircle
 10
199.9055008016294
 20
444.5130805085645
 30
0.0
 40
270.751645754088
100
AcDbArc
 50
4.082939995957834
 51
9.484104335338699
  0
ARC
  5
195
330
169
100
AcDbEntity
  8
家具示意
100
AcDbCircle
 10
240.4275069937575
 20
451.2825823794118
 30
0.0
 40
229.6680828436657
100
AcDbArc
 50
9.484104335324474
 51
17.38641237002672
  0
ARC
  5
196
330
169
100
AcDbEntity
  8
家具示意
100
AcDbCircle
 10
573.8684740512979
 20
555.6898129411273
 30
0.0
 40
119.7367658717424
100
AcDbArc
 50
186.4340536864583
 51
197.3864123696093
  0
ARC
  5
197
330
169
100
AcDbEntity
  8
家具示意
100
AcDbCircle
 10
599.8779312532859
 20
558.6228952453239
 30
0.0
 40
145.9110822094199
100
AcDbArc
 50
168.4414382194474
 51
186.434053686478
  0
ARC
  5
198
330
169
100
AcDbEntity
  8
家具示意
100
AcDbCircle
 10
231.5383385333698
 20
633.9545759242026
 30
0.0
 40
230.0529023409308
100
AcDbArc
 50
348.4414382199366
 51
2.749064838066826
  0
ARC
  5
199
330
169
100
AcDbEntity
  8
家具示意
100
AcDbCircle
 10
-941.8204203980277
 20
577.6133084431058
 30
0.0
 40
1404.763554196275
100
AcDbArc
 50
2.749064838069791
 51
4.61758218317213
  0
ARC
  5
19A
330
169
100
AcDbEntity
  8
家具示意
100
AcDbCircle
 10
1670.892087307235
 20
788.6341308470583
 30
0.0
 40
1216.456855347258
100
AcDbArc
 50
182.6096299663752
 51
184.6175821828896
  0
ARC
  5
19B
330
169
100
AcDbEntity
  8
家具示意
100
AcDbCircle
 10
3814.391076826607
 20
886.3308638189916
 30
0.0
 40
3362.181108298685
100
AcDbArc
 50
180.970378436286
 51
182.6096299663763
  0
ARC
  5
19C
330
169
100
AcDbEntity
  8
家具示意
100
AcDbCircle
 10
6170.378070591834
 20
926.2363788469228
 30
0.0
 40
5718.506036002956
100
AcDbArc
 50
179.7134552032662
 51
180.9703784363997
  0
ARC
  5
19D
330
169
100
AcDbEntity
  8
家具示意
100
AcDbCircle
 10
1615.942952013691
 20
949.0139826583908
 30
0.0
 40
1164.013960197655
100
AcDbArc
 50
176.4260272051594
 51
179.7134552032674
  0
ARC
  5
19E
330
169
100
AcDbEntity
  8
家具示意
100
AcDbCircle
 10
599.7903209027136
 20
1012.481475487584
 30
0.0
 40
145.8812122910847
100
AcDbArc
 50
167.1309619980621
 51
176.4260272052847
  0
ARC
  5
19F
330
169
100
AcDbEntity
  8
家具示意
100
AcDbCircle
 10
501.7252554148432
 20
1034.885607615695
 30
0.0
 40
45.28945216354439
100
AcDbArc
 50
152.7158828638343
 51
167.1309619981255
  0
ARC
  5
1A0
330
169
100
AcDbEntity
  8
家具示意
100
AcDbCircle
 10
393.2842308133841
 20
1090.818130588974
 30
0.0
 40
76.72654245507087
100
AcDbArc
 50
332.7158828632271
 51
343.7788489585395
  0
ARC
  5
1A1
330
169
100
AcDbEntity
  8
家具示意
100
AcDbCircle
 10
382.958157140296
 20
1093.822266432922
 30
0.0
 40
87.48073371573124
100
AcDbArc
 50
343.7788489585372
 51
352.8796063874348
  0
ARC
  5
1A2
330
169
100
AcDbEntity
  8
家具示意
100
AcDbCircle
 10
468.4533935906364
 20
1083.142367510125
 30
0.0
 40
1.321023312941165
100
AcDbArc
 50
352.8796063870803
 51
73.30223412547553
  0
ARC
  5
1A3
330
169
100
AcDbEntity
  8
家具示意
100
AcDbCircle
 10
463.279179523699
 20
1065.89337023953
 30
0.0
 40
19.32936577001635
100
AcDbArc
 50
73.30223412426787
 51
99.99835819667849
  0
ARC
  5
1A4
330
169
100
AcDbEntity
  8
家具示意
100
AcDbCircle
 10
404.1597725909666
 20
1401.232377920998
 30
0.0
 40
321.1810663005281
100
AcDbArc
 50
273.5048575377293
 51
279.9983581966275
  0
ARC
  5
1A5
330
169
100
AcDbEntity
  8
家具示意
100
AcDbCircle
 10
-409.7898096877615
 20
14690.70032742526
 30
0.0
 40
13635.55196031549
100
AcDbArc
 50
273.0549577945251
 51
273.5048575377267
  0
ARC
  5
1A6
330
169
100
AcDbEntity
  8
家具示意
100
AcDbCircle
 10
244.142557964311
 20
2437.813468008419
 30
0.0
 40
1365.22743603607
100
AcDbArc
 50
271.6330886447123
 51
273.0549577947952
  0
ARC
  5
1A7
330
169
100
AcDbEntity
  8
家具示意
100
AcDbCircle
 10
263.7070761022624
 20
1751.591844626237
 30
0.0
 40
678.7269722581867
100
AcDbArc
 50
266.6312513838937
 51
271.6330886447148
  0
ARC
  5
1A8
330
169
100
AcDbEntity
  8
家具示意
100
AcDbCircle
 10
277.476524407859
 20
1985.513118863804
 30
0.0
 40
913.05315570248
100
AcDbArc
 50
262.3191032919476
 51
266.6312513844981
  0
ARC
  5
1A9
330
169
100
AcDbEntity
  8
家具示意
100
AcDbCircle
 10
181.950134782819
 20
1277.206173583748
 30
0.0
 40
198.3336164097871
100
AcDbArc
 50
257.8905418687578
 51
262.31910329195
  0
ARC
  5
1AA
330
169
100
AcDbEntity
  8
家具示意
100
AcDbCircle
 10
88.73103976901621
 20
842.7278848566347
 30
0.0
 40
246.032429829612
100
AcDbArc
 50
77.89054187025053
 51
81.86651729063688
  0
ARC
  5
1AB
330
169
100
AcDbEntity
  8
家具示意
100
AcDbCircle
 10
118.9007475314429
 20
1053.82687781722
 30
0.0
 40
32.78844727574068
100
AcDbArc
 50
81.86651729068968
 51
111.4209842515172
  0
ARC
  5
1AC
330
169
100
AcDbEntity
  8
家具示意
100
AcDbCircle
 10
101.2302537327632
 20
1098.868098759674
 30
0.0
 40
15.5949996361792
100
AcDbArc
 50
248.0096009482961
 51
291.420984251578
  0
ARC
  5
1AD
330
169
100
AcDbEntity
  8
家具示意
100
AcDbCircle
 10
96.99279747752008
 20
1088.37496444484
 30
0.0
 40
4.278555704241806
100
AcDbArc
 50
168.10694305658
 51
248.0096009486555
  0
ARC
  5
1AE
330
169
100
AcDbEntity
  8
家具示意
100
AcDbCircle
 10
90.53735118778424
 20
1089.734523362946
 30
0.0
 40
2.31850328078231
100
AcDbArc
 50
348.1069430588846
 51
109.5639671933691
  0
ARC
  5
1AF
330
169
100
AcDbEntity
  8
家具示意
100
AcDbCircle
 10
90.90603874530643
 20
1088.697064259206
 30
0.0
 40
3.419526399065857
100
AcDbArc
 50
109.5639671937506
 51
158.2116977316456
  0
ARC
  5
1B0
330
169
100
AcDbEntity
  8
家具示意
100
AcDbCircle
 10
111.0469563497463
 20
1080.646041453699
 30
0.0
 40
25.1099743004614
100
AcDbArc
 50
158.2116977381354
 51
175.6974600758961
  0
ARC
  5
1B1
330
169
100
AcDbEntity
  8
家具示意
100
AcDbCircle
 10
114.8033667197451
 20
1080.363428075449
 30
0.0
 40
28.87700087185772
100
AcDbArc
 50
175.6974600760645
 51
210.651254938745
  0
ARC
  5
1B2
330
169
100
AcDbEntity
  8
家具示意
100
AcDbCircle
 10
43.5739022269845
 20
1038.152389052557
 30
0.0
 40
53.920392971899
100
AcDbArc
 50
5.259187882192835
 51
30.6512549379823
  0
ARC
  5
1B3
330
169
100
AcDbEntity
  8
家具示意
100
AcDbCircle
 10
-720.0662780926794
 20
967.8602216333384
 30
0.0
 40
820.7889043864316
100
AcDbArc
 50
1.907886922598475
 51
5.259187882192152
  0
ARC
  5
1B4
330
169
100
AcDbEntity
  8
家具示意
100
AcDbCircle
 10
-1393.175713238306
 20
945.4381241492225
 30
0.0
 40
1494.271689717766
100
AcDbArc
 50
359.4242593280521
 51
1.907886922841874
  0
ARC
  5
1B5
330
169
100
AcDbEntity
  8
家具示意
100
AcDbCircle
 10
-772.1434246401766
 20
939.1974274491659
 30
0.0
 40
873.2080458158444
100
AcDbArc
 50
355.1981544679734
 51
359.4242593280524
  0
ARC
  5
1B6
330
169
100
AcDbEntity
  8
家具示意
100
AcDbCircle
 10
386.6855496078497
 20
841.8502497781883
 30
0.0
 40
289.7025545990106
100
AcDbArc
 50
175.1981544677808
 51
182.5385855996501
  0
ARC
  5
1B7
330
169
100
AcDbEntity
  8
家具示意
100
AcDbCircle
 10
249.4945940447506
 20
835.7677937746048
 30
0.0
 40
152.3768302814138
100
AcDbArc
 50
182.538585599642
 51
190.1898765836588
  0
ARC
  5
1B8
330
169
100
AcDbEntity
  8
家具示意
100
AcDbCircle
 10
-421.4123303814558
 20
715.1749590539838
 30
0.0
 40
529.2819795560204
100
AcDbArc
 50
6.086695402166937
 51
10.1898765844326
  0
ARC
  5
1B9
330
169
100
AcDbEntity
  8
家具示意
100
AcDbCircle
 10
-938.1851709556068
 20
660.0692410479532
 30
0.0
 40
1048.984595397079
100
AcDbArc
 50
0.0000000001907589
 51
6.086695402167177
  0
ARC
  5
1BA
330
169
100
AcDbEntity
  8
家具示意
100
AcDbCircle
 10
-571.8853066622394
 20
660.0692410521442
 30
0.0
 40
682.6847311037081
100
AcDbArc
 50
352.4531487832704
 51
359.9999999999414
  0
ARC
  5
1BB
330
169
100
AcDbEntity
  8
家具示意
100
AcDbCircle
 10
-135.2563665919006
 20
602.2226881465176
 30
0.0
 40
242.2405746093633
100
AcDbArc
 50
344.2560166000698
 51
352.453148783274
  0
ARC
  5
1BC
330
169
100
AcDbEntity
  8
家具示意
100
AcDbCircle
 10
391.2277620241511
 20
453.7984887450001
 30
0.0
 40
304.7651663592142
100
AcDbArc
 50
164.2560165998964
 51
171.5628062632734
  0
ARC
  5
1BD
330
169
100
AcDbEntity
  8
家具示意
100
AcDbCircle
 10
249.1498060174054
 20
474.8729864970663
 30
0.0
 40
161.132718637411
100
AcDbArc
 50
171.5628062632781
 51
180.0000000001034
  0
ARC
  5
1BE
330
169
100
AcDbEntity
  8
家具示意
100
AcDbCircle
 10
178.4164039270254
 20
474.8729864954948
 30
0.0
 40
90.39931654702504
100
AcDbArc
 50
179.9999999991883
 51
191.272376751087
  0
ARC
  5
1BF
330
169
100
AcDbEntity
  8
家具示意
100
AcDbCircle
 10
102.6318119576317
 20
459.7677229251711
 30
0.0
 40
13.12400763468058
100
AcDbArc
 50
191.2723767510899
 51
296.5805210713135
  0
ARC
  5
1C0
330
169
100
AcDbEntity
  8
家具示意
100
AcDbCircle
 10
93.20741119160084
 20
478.6038083541207
 30
0.0
 40
34.18623553407339
100
AcDbArc
 50
296.5805210718447
 51
355.5997908523092
  0
ARC
  5
1C1
330
169
100
AcDbEntity
  8
家具示意
100
AcDbCircle
 10
-251.4661127998261
 20
347.9629949160153
 30
0.0
 40
738.6663967830119
100
AcDbArc
 50
23.48440819736913
 51
25.31107375443547
  0
ARC
  5
1C2
330
169
100
AcDbEntity
  8
家具示意
100
AcDbCircle
 10
-251.4661128221778
 20
347.9629949055379
 30
0.0
 40
738.666396807688
100
AcDbArc
 50
21.65774264089073
 51
23.4844081974236
  0
ARC
  5
1C3
330
169
100
AcDbEntity
  8
家具示意
100
AcDbCircle
 10
-251.4661129412707
 20
347.9629948582151
 30
0.0
 40
738.6663969358383
100
AcDbArc
 50
19.42798170069499
 51
21.65774264089302
  0
ARC
  5
1C4
330
169
100
AcDbEntity
  8
家具示意
100
AcDbCircle
 10
-251.4661129489541
 20
347.962994866306
 30
0.0
 40
738.6663969403916
100
AcDbArc
 50
17.19822075991977
 51
19.4279816999049
  0
ARC
  5
1C5
330
169
100
AcDbEntity
  8
家具示意
100
AcDbCircle
 10
-251.4661127998261
 20
1207.20097371086
 30
0.0
 40
738.6663967830119
100
AcDbArc
 50
23.48440819736913
 51
25.31107375443547
  0
ARC
  5
1C6
330
169
100
AcDbEntity
  8
家具示意
100
AcDbCircle
 10
-251.4661128221778
 20
1207.200973700383
 30
0.0
 40
738.666396807688
100
AcDbArc
 50
21.65774264089073
 51
23.4844081974236
  0
ARC
  5
1C7
330
169
100
AcDbEntity
  8
家具示意
100
AcDbCircle
 10
-251.4661129412707
 20
1207.20097365306
 30
0.0
 40
738.6663969358383
100
AcDbArc
 50
19.42798170069499
 51
21.65774264089302
  0
ARC
  5
1C8
330
169
100
AcDbEntity
  8
家具示意
100
AcDbCircle
 10
-251.4661129489541
 20
1207.200973661151
 30
0.0
 40
738.6663969403916
100
AcDbArc
 50
17.19822075991977
 51
19.4279816999049
  0
ARC
  5
1C9
330
169
100
AcDbEntity
  8
家具示意
100
AcDbCircle
 10
267.4482454290846
 20
1896.937512533855
 30
0.0
 40
200.1861671678144
100
AcDbArc
 50
241.6832362030992
 51
246.9972308903438
  0
ARC
  5
1CA
330
169
100
AcDbEntity
  8
家具示意
100
AcDbCircle
 10
195.8837500614463
 20
1764.120930608244
 30
0.0
 40
49.31628471400697
100
AcDbArc
 50
230.9650640086236
 51
241.6832362024092
  0
ARC
  5
1CB
330
169
100
AcDbEntity
  8
家具示意
100
AcDbCircle
 10
306.652337761363
 20
1900.738333989342
 30
0.0
 40
225.1969116392806
100
AcDbArc
 50
223.8115076789088
 51
230.9650640086543
  0
ARC
  5
1CC
330
169
100
AcDbEntity
  8
家具示意
100
AcDbCircle
 10
426.7674380780081
 20
2015.970893000835
 30
0.0
 40
391.6486463265913
100
AcDbArc
 50
218.3885663873418
 51
223.8115076790806
  0
ARC
  5
1CD
330
169
100
AcDbEntity
  8
家具示意
100
AcDbCircle
 10
179.9688817115966
 20
1820.440943222376
 30
0.0
 40
76.7812318726487
100
AcDbArc
 50
207.2395874904144
 51
218.3885663873408
  0
ARC
  5
1CE
330
169
100
AcDbEntity
  8
家具示意
100
AcDbCircle
 10
319.7715560129145
 20
1892.411908802227
 30
0.0
 40
234.0218361334303
100
AcDbArc
 50
200.8602819900519
 51
207.2395874912605
  0
ARC
  5
1CF
330
169
100
AcDbEntity
  8
家具示意
100
AcDbCircle
 10
194.3272752658231
 20
1883.772634390683
 30
0.0
 40
99.20502275488155
100
AcDbArc
 50
233.823354867818
 51
251.5603484886954
  0
ARC
  5
1D0
330
169
100
AcDbEntity
  8
家具示意
100
AcDbCircle
 10
194.3272752653574
 20
1883.772634391382
 30
0.0
 40
99.20502275517169
100
AcDbArc
 50
216.0863612477399
 51
233.8233548682732
  0
ARC
  5
1D1
330
169
100
AcDbEntity
  8
家具示意
100
AcDbCircle
 10
194.3272752658813
 20
1883.772634391789
 30
0.0
 40
99.20502275582851
100
AcDbArc
 50
195.9352418477766
 51
216.0863612477518
  0
ARC
  5
1D2
330
169
100
AcDbEntity
  8
家具示意
100
AcDbCircle
 10
194.3272752687335
 20
1883.772634391847
 30
0.0
 40
99.20502275858609
100
AcDbArc
 50
175.7841224475886
 51
195.9352418473567
  0
ARC
  5
1D3
330
169
100
AcDbEntity
  8
家具示意
100
AcDbCircle
 10
180.3908050059108
 20
1823.995113478799
 30
0.0
 40
491.8309499015449
100
AcDbArc
 50
263.7676352614915
 51
269.9999999998983
  0
ARC
  5
1D4
330
169
100
AcDbEntity
  8
家具示意
100
AcDbCircle
 10
180.3908050063182
 20
1536.142996300361
 30
0.0
 40
203.9788327231081
100
AcDbArc
 50
269.9999999996403
 51
279.6843662924169
  0
ARC
  5
1D5
330
169
100
AcDbEntity
  8
家具示意
100
AcDbCircle
 10
66.32828346418683
 20
2204.534304119239
 30
0.0
 40
882.0328122766374
100
AcDbArc
 50
279.6843662924145
 51
282.1983793617844
  0
ARC
  5
1D6
330
169
100
AcDbEntity
  8
家具示意
100
AcDbCircle
 10
319.7062563730288
 20
1032.454260549857
 30
0.0
 40
317.1219007145595
100
AcDbArc
 50
98.00505095566645
 51
102.1983793625864
  0
ARC
  5
1D7
330
169
100
AcDbEntity
  8
家具示意
100
AcDbCircle
 10
367.2859402441536
 20
694.1236346190562
 30
0.0
 40
658.7817297258204
100
AcDbArc
 50
92.66488181012302
 51
98.00505095566832
  0
ARC
  5
1D8
330
169
100
AcDbEntity
  8
家具示意
100
AcDbCircle
 10
339.8045946381753
 20
1284.554904781515
 30
0.0
 40
67.71125242048004
100
AcDbArc
 50
75.95480630344086
 51
92.66488181208144
  0
LINE
  5
1D9
330
169
100
AcDbEntity
  8
家具示意
100
AcDbLine
 10
438.8073757293748
 20
1329.585459536058
 30
0.0
 11
356.2372467952664
 21
1350.241902333801
 31
0.0
  0
LINE
  5
1DA
330
169
100
AcDbEntity
  8
家具示意
100
AcDbLine
 10
468.8329541984128
 20
1322.073972349404
 30
0.0
 11
438.8073757293748
 21
1329.585459536058
 31
0.0
  0
ARC
  5
1DB
330
169
100
AcDbEntity
  8
家具示意
100
AcDbCircle
 10
469.0554589779931
 20
1322.963417868945
 30
0.0
 40
0.9168542464127195
100
AcDbArc
 50
255.9550628032118
 51
4.082939983412225
  0
ARC
  5
1DC
330
169
100
AcDbEntity
  8
家具示意
100
AcDbCircle
 10
199.9055008016294
 20
1303.751059303409
 30
0.0
 40
270.751645754088
100
AcDbArc
 50
4.082939995957834
 51
9.484104335338699
  0
ARC
  5
1DD
330
169
100
AcDbEntity
  8
家具示意
100
AcDbCircle
 10
240.4275069937575
 20
1310.520561174256
 30
0.0
 40
229.6680828436657
100
AcDbArc
 50
9.484104335324474
 51
17.38641237002672
  0
ARC
  5
1DE
330
169
100
AcDbEntity
  8
家具示意
100
AcDbCircle
 10
573.8684740512979
 20
1414.927791735972
 30
0.0
 40
119.7367658717424
100
AcDbArc
 50
186.4340536864583
 51
197.3864123696093
  0
ARC
  5
1DF
330
169
100
AcDbEntity
  8
家具示意
100
AcDbCircle
 10
599.8779312532859
 20
1417.860874040169
 30
0.0
 40
145.9110822094199
100
AcDbArc
 50
168.4414382194474
 51
186.434053686478
  0
ARC
  5
1E0
330
169
100
AcDbEntity
  8
家具示意
100
AcDbCircle
 10
231.5383385333698
 20
1493.192554719047
 30
0.0
 40
230.0529023409308
100
AcDbArc
 50
348.4414382199366
 51
2.749064838066826
  0
ARC
  5
1E1
330
169
100
AcDbEntity
  8
家具示意
100
AcDbCircle
 10
-941.8204203980277
 20
1436.85128723795
 30
0.0
 40
1404.763554196275
100
AcDbArc
 50
2.749064838069791
 51
4.61758218317213
  0
ARC
  5
1E2
330
169
100
AcDbEntity
  8
家具示意
100
AcDbCircle
 10
1670.892087307235
 20
1647.872109641903
 30
0.0
 40
1216.456855347258
100
AcDbArc
 50
182.6096299663752
 51
184.6175821828896
  0
ARC
  5
1E3
330
169
100
AcDbEntity
  8
家具示意
100
AcDbCircle
 10
3814.391076826607
 20
1745.568842613837
 30
0.0
 40
3362.181108298685
100
AcDbArc
 50
180.970378436286
 51
182.6096299663763
  0
ARC
  5
1E4
330
169
100
AcDbEntity
  8
家具示意
100
AcDbCircle
 10
6170.378070591834
 20
1785.474357641768
 30
0.0
 40
5718.506036002956
100
AcDbArc
 50
179.7134552032662
 51
180.9703784363997
  0
ARC
  5
1E5
330
169
100
AcDbEntity
  8
家具示意
100
AcDbCircle
 10
1615.942952013691
 20
1808.251961453236
 30
0.0
 40
1164.013960197655
100
AcDbArc
 50
176.4260272051594
 51
179.7134552032674
  0
ARC
  5
1E6
330
169
100
AcDbEntity
  8
家具示意
100
AcDbCircle
 10
599.7903209027136
 20
1871.719454282429
 30
0.0
 40
145.8812122910847
100
AcDbArc
 50
167.1309619980621
 51
176.4260272052847
  0
ARC
  5
1E7
330
169
100
AcDbEntity
  8
家具示意
100
AcDbCircle
 10
501.7252554148432
 20
1894.12358641054
 30
0.0
 40
45.28945216354439
100
AcDbArc
 50
152.7158828638343
 51
167.1309619981255
  0
ARC
  5
1E8
330
169
100
AcDbEntity
  8
家具示意
100
AcDbCircle
 10
393.2842308133841
 20
1950.056109383818
 30
0.0
 40
76.72654245507087
100
AcDbArc
 50
332.7158828632271
 51
343.7788489585395
  0
ARC
  5
1E9
330
169
100
AcDbEntity
  8
家具示意
100
AcDbCircle
 10
382.958157140296
 20
1953.060245227767
 30
0.0
 40
87.48073371573124
100
AcDbArc
 50
343.7788489585372
 51
352.8796063874348
  0
ARC
  5
1EA
330
169
100
AcDbEntity
  8
家具示意
100
AcDbCircle
 10
468.4533935906364
 20
1942.38034630497
 30
0.0
 40
1.321023312941165
100
AcDbArc
 50
352.8796063870803
 51
73.30223412547553
  0
ARC
  5
1EB
330
169
100
AcDbEntity
  8
家具示意
100
AcDbCircle
 10
463.279179523699
 20
1925.131349034375
 30
0.0
 40
19.32936577001635
100
AcDbArc
 50
73.30223412426787
 51
99.99835819667849
  0
ARC
  5
1EC
330
169
100
AcDbEntity
  8
家具示意
100
AcDbCircle
 10
404.1597725909666
 20
2260.470356715843
 30
0.0
 40
321.1810663005281
100
AcDbArc
 50
273.5048575377293
 51
279.9983581966275
  0
ARC
  5
1ED
330
169
100
AcDbEntity
  8
家具示意
100
AcDbCircle
 10
-409.7898096877615
 20
15549.93830622011
 30
0.0
 40
13635.55196031549
100
AcDbArc
 50
273.0549577945251
 51
273.5048575377267
  0
ARC
  5
1EE
330
169
100
AcDbEntity
  8
家具示意
100
AcDbCircle
 10
244.142557964311
 20
3297.051446803263
 30
0.0
 40
1365.22743603607
100
AcDbArc
 50
271.6330886447123
 51
273.0549577947952
  0
ARC
  5
1EF
330
169
100
AcDbEntity
  8
家具示意
100
AcDbCircle
 10
263.7070761022624
 20
2610.829823421082
 30
0.0
 40
678.7269722581867
100
AcDbArc
 50
266.6312513838937
 51
271.6330886447148
  0
ARC
  5
1F0
330
169
100
AcDbEntity
  8
家具示意
100
AcDbCircle
 10
277.476524407859
 20
2844.751097658649
 30
0.0
 40
913.05315570248
100
AcDbArc
 50
262.3191032919476
 51
266.6312513844981
  0
ARC
  5
1F1
330
169
100
AcDbEntity
  8
家具示意
100
AcDbCircle
 10
181.950134782819
 20
2136.444152378594
 30
0.0
 40
198.3336164097871
100
AcDbArc
 50
257.8905418687578
 51
262.31910329195
  0
ARC
  5
1F2
330
169
100
AcDbEntity
  8
家具示意
100
AcDbCircle
 10
88.73103976901621
 20
1701.96586365148
 30
0.0
 40
246.032429829612
100
AcDbArc
 50
77.89054187025053
 51
81.86651729063688
  0
ARC
  5
1F3
330
169
100
AcDbEntity
  8
家具示意
100
AcDbCircle
 10
118.9007475314429
 20
1913.064856612065
 30
0.0
 40
32.78844727574068
100
AcDbArc
 50
81.86651729068968
 51
111.4209842515172
  0
ARC
  5
1F4
330
169
100
AcDbEntity
  8
家具示意
100
AcDbCircle
 10
101.2302537327632
 20
1958.106077554519
 30
0.0
 40
15.5949996361792
100
AcDbArc
 50
248.0096009482961
 51
291.420984251578
  0
ARC
  5
1F5
330
169
100
AcDbEntity
  8
家具示意
100
AcDbCircle
 10
96.99279747752008
 20
1947.612943239684
 30
0.0
 40
4.278555704241806
100
AcDbArc
 50
168.10694305658
 51
248.0096009486555
  0
ARC
  5
1F6
330
169
100
AcDbEntity
  8
家具示意
100
AcDbCircle
 10
90.53735118778424
 20
1948.972502157791
 30
0.0
 40
2.31850328078231
100
AcDbArc
 50
348.1069430588846
 51
109.5639671933691
  0
ARC
  5
1F7
330
169
100
AcDbEntity
  8
家具示意
100
AcDbCircle
 10
90.90603874530643
 20
1947.935043054051
 30
0.0
 40
3.419526399065857
100
AcDbArc
 50
109.5639671937506
 51
158.2116977316456
  0
ARC
  5
1F8
330
169
100
AcDbEntity
  8
家具示意
100
AcDbCircle
 10
111.0469563497463
 20
1939.884020248544
 30
0.0
 40
25.1099743004614
100
AcDbArc
 50
158.2116977381354
 51
175.6974600758961
  0
ARC
  5
1F9
330
169
100
AcDbEntity
  8
家具示意
100
AcDbCircle
 10
114.8033667197451
 20
1939.601406870293
 30
0.0
 40
28.87700087185772
100
AcDbArc
 50
175.6974600760645
 51
210.651254938745
  0
ARC
  5
1FA
330
169
100
AcDbEntity
  8
家具示意
100
AcDbCircle
 10
43.5739022269845
 20
1897.390367847402
 30
0.0
 40
53.920392971899
100
AcDbArc
 50
5.259187882192835
 51
30.6512549379823
  0
ARC
  5
1FB
330
169
100
AcDbEntity
  8
家具示意
100
AcDbCircle
 10
-720.0662780926794
 20
1827.098200428183
 30
0.0
 40
820.7889043864316
100
AcDbArc
 50
1.907886922598475
 51
5.259187882192152
  0
ARC
  5
1FC
330
169
100
AcDbEntity
  8
家具示意
100
AcDbCircle
 10
-1393.175713238306
 20
1804.676102944068
 30
0.0
 40
1494.271689717766
100
AcDbArc
 50
359.4242593280521
 51
1.907886922841874
  0
ARC
  5
1FD
330
169
100
AcDbEntity
  8
家具示意
100
AcDbCircle
 10
-772.1434246401766
 20
1798.435406244011
 30
0.0
 40
873.2080458158444
100
AcDbArc
 50
355.1981544679734
 51
359.4242593280524
  0
ARC
  5
1FE
330
169
100
AcDbEntity
  8
家具示意
100
AcDbCircle
 10
386.6855496078497
 20
1701.088228573033
 30
0.0
 40
289.7025545990106
100
AcDbArc
 50
175.1981544677808
 51
182.5385855996501
  0
ARC
  5
1FF
330
169
100
AcDbEntity
  8
家具示意
100
AcDbCircle
 10
249.4945940447506
 20
1695.005772569449
 30
0.0
 40
152.3768302814138
100
AcDbArc
 50
182.538585599642
 51
190.1898765836588
  0
ARC
  5
200
330
169
100
AcDbEntity
  8
家具示意
100
AcDbCircle
 10
-421.4123303814558
 20
1574.412937848828
 30
0.0
 40
529.2819795560204
100
AcDbArc
 50
6.086695402166937
 51
10.1898765844326
  0
ARC
  5
201
330
169
100
AcDbEntity
  8
家具示意
100
AcDbCircle
 10
-938.1851709556068
 20
1519.307219842798
 30
0.0
 40
1048.984595397079
100
AcDbArc
 50
0.0000000001907589
 51
6.086695402167177
  0
ARC
  5
202
330
169
100
AcDbEntity
  8
家具示意
100
AcDbCircle
 10
-571.8853066622394
 20
1519.307219846989
 30
0.0
 40
682.6847311037081
100
AcDbArc
 50
352.4531487832704
 51
359.9999999999414
  0
ARC
  5
203
330
169
100
AcDbEntity
  8
家具示意
100
AcDbCircle
 10
-135.2563665919006
 20
1461.460666941362
 30
0.0
 40
242.2405746093633
100
AcDbArc
 50
344.2560166000698
 51
352.453148783274
  0
ARC
  5
204
330
169
100
AcDbEntity
  8
家具示意
100
AcDbCircle
 10
391.2277620241511
 20
1313.036467539845
 30
0.0
 40
304.7651663592142
100
AcDbArc
 50
164.2560165998964
 51
171.5628062632734
  0
ARC
  5
205
330
169
100
AcDbEntity
  8
家具示意
100
AcDbCircle
 10
249.1498060174054
 20
1334.110965291911
 30
0.0
 40
161.132718637411
100
AcDbArc
 50
171.5628062632781
 51
180.0000000001034
  0
ARC
  5
206
330
169
100
AcDbEntity
  8
家具示意
100
AcDbCircle
 10
178.4164039270254
 20
1334.11096529034
 30
0.0
 40
90.39931654702504
100
AcDbArc
 50
179.9999999991883
 51
191.272376751087
  0
ARC
  5
207
330
169
100
AcDbEntity
  8
家具示意
100
AcDbCircle
 10
102.6318119576317
 20
1319.005701720016
 30
0.0
 40
13.12400763468058
100
AcDbArc
 50
191.2723767510899
 51
296.5805210713135
  0
ARC
  5
208
330
169
100
AcDbEntity
  8
家具示意
100
AcDbCircle
 10
93.20741119160084
 20
1337.841787148965
 30
0.0
 40
34.18623553407339
100
AcDbArc
 50
296.5805210718447
 51
355.5997908523092
  0
ARC
  5
209
330
169
100
AcDbEntity
  8
家具示意
100
AcDbCircle
 10
509.0308369780541
 20
345.8170889146859
 30
0.0
 40
20.0
100
AcDbArc
 50
179.9999999999917
 51
270.0000000000116
  0
ATTDEF
  5
20A
330
169
100
AcDbEntity
  8
家具示意
100
AcDbText
 10
0.4998703145538457
 20
300.0000135927694
 30
0.0
 40
0.5
  1
2000
 50
90.0
 41
0.8
  7
DIM_FONT
100
AcDbAttributeDefinition
280
     0
  3
YSIZE
  2
YSIZE
 70
     9
280
     0
  0
ATTDEF
  5
20B
330
169
100
AcDbEntity
  8
家具示意
100
AcDbText
 10
0.4998703145538457
 20
300.0000135927694
 30
0.0
 40
0.5
  1
1500
 50
90.0
 41
0.8
  7
DIM_FONT
100
AcDbAttributeDefinition
280
     0
  3
XSIZE
  2
XSIZE
 70
     9
280
     0
  0
LINE
  5
20C
330
169
100
AcDbEntity
  8
家具示意
100
AcDbLine
 10
52.87128164788009
 20
300.0000135927694
 30
0.0
 11
52.87128164788009
 21
2100.00001359277
 31
0.0
  0
LINE
  5
20D
330
169
100
AcDbEntity
  8
家具示意
100
AcDbLine
 10
489.0308369781704
 20
1453.488752041128
 30
0.0
 11
489.0308369780541
 21
345.8170889146859
 31
0.0
  0
ARC
  5
20E
330
169
100
AcDbEntity
  8
家具示意
100
AcDbCircle
 10
2120.729324468004
 20
-166.8541521280422
 30
0.0
 40
1005.424449322283
100
AcDbArc
 50
108.0203365495697
 51
109.3447850167685
  0
ARC
  5
20F
330
169
100
AcDbEntity
  8
家具示意
100
AcDbCircle
 10
1823.871060150676
 20
745.6794294083956
 30
0.0
 40
45.81913122258479
100
AcDbArc
 50
77.55493823158269
 51
108.0203365503612
  0
ARC
  5
210
330
169
100
AcDbEntity
  8
家具示意
100
AcDbCircle
 10
1838.614654318546
 20
812.4865700273076
 30
0.0
 40
22.59554269073302
100
AcDbArc
 50
257.5549382318396
 51
301.4976914264594
  0
ARC
  5
211
330
169
100
AcDbEntity
  8
家具示意
100
AcDbCircle
 10
1809.968326644972
 20
859.2373563058208
 30
0.0
 40
77.42480592525345
100
AcDbArc
 50
301.4976914249956
 51
312.0816732214117
  0
ARC
  5
212
330
169
100
AcDbEntity
  8
家具示意
100
AcDbCircle
 10
1716.014793939132
 20
963.2846761249819
 30
0.0
 40
217.6143599920896
100
AcDbArc
 50
312.0816732220249
 51
318.3890245926057
  0
ARC
  5
213
330
169
100
AcDbEntity
  8
家具示意
100
AcDbCircle
 10
1384.892462798045
 20
1257.382285097264
 30
0.0
 40
660.4861267412477
100
AcDbArc
 50
318.3890245938254
 51
319.3878167039194
  0
ARC
  5
214
330
169
100
AcDbEntity
  8
家具示意
100
AcDbCircle
 10
2176.679151679971
 20
578.4469125695757
 30
0.0
 40
382.5284468673457
100
AcDbArc
 50
138.0753778456125
 51
139.3878167027751
  0
ARC
  5
215
330
169
100
AcDbEntity
  8
家具示意
100
AcDbCircle
 10
1925.70011786418
 20
803.8322800060267
 30
0.0
 40
45.20213708767276
100
AcDbArc
 50
131.4767146144655
 51
138.0753778406407
  0
ARC
  5
216
330
169
100
AcDbEntity
  8
家具示意
100
AcDbCircle
 10
1849.613435559207
 20
889.9030894368188
 30
0.0
 40
69.67765861308908
100
AcDbArc
 50
311.4767146179598
 51
316.790503404643
  0
ARC
  5
217
330
169
100
AcDbEntity
  8
家具示意
100
AcDbCircle
 10
1891.122417809674
 20
850.9106115183676
 30
0.0
 40
12.72672410193577
100
AcDbArc
 50
316.790503404787
 51
88.84961155832936
  0
ARC
  5
218
330
169
100
AcDbEntity
  8
家具示意
100
AcDbCircle
 10
1892.09799734829
 20
899.4934004076057
 30
0.0
 40
35.86585899154219
100
AcDbArc
 50
202.8943554821196
 51
268.8496115593347
  0
ARC
  5
219
330
169
100
AcDbEntity
  8
家具示意
100
AcDbCircle
 10
4712.256035252416
 20
2090.44740614685
 30
0.0
 40
3097.183026901721
100
AcDbArc
 50
202.0187698440016
 51
202.8943554822933
  0
ARC
  5
21A
330
169
100
AcDbEntity
  8
家具示意
100
AcDbCircle
 10
-28.2086391353514
 20
173.3686605760595
 30
0.0
 40
2016.249894907032
100
AcDbArc
 50
22.01876984293129
 51
23.10397575646936
  0
ARC
  5
21B
330
169
100
AcDbEntity
  8
家具示意
100
AcDbCircle
 10
-3786.12935513648
 20
-1429.828571884427
 30
0.0
 40
6101.859944081989
100
AcDbArc
 50
23.10397575718337
 51
23.45233486337034
  0
ARC
  5
21C
330
169
100
AcDbEntity
  8
家具示意
100
AcDbCircle
 10
7167.701180265519
 20
3322.200921182289
 30
0.0
 40
5838.33216916649
100
AcDbArc
 50
203.0962004715922
 51
203.4523348630592
  0
ARC
  5
21D
330
169
100
AcDbEntity
  8
家具示意
100
AcDbCircle
 10
2370.967144867114
 20
1276.59642444842
 30
0.0
 40
623.6265050462902
100
AcDbArc
 50
196.3527497781099
 51
203.0962004709885
  0
ARC
  5
21E
330
169
100
AcDbEntity
  8
家具示意
100
AcDbCircle
 10
2185.145060198498
 20
1222.072486820747
 30
0.0
 40
429.9703486117002
100
AcDbArc
 50
188.229340503512
 51
196.3527497787487
  0
ARC
  5
21F
330
169
100
AcDbEntity
  8
家具示意
100
AcDbCircle
 10
1821.947708909167
 20
1169.545083658886
 30
0.0
 40
62.99426755665605
100
AcDbArc
 50
172.2159983459206
 51
188.2293405040772
  0
ARC
  5
220
330
169
100
AcDbEntity
  8
家具示意
100
AcDbCircle
 10
1700.213298273563
 20
1186.185995996988
 30
0.0
 40
59.87227262512741
100
AcDbArc
 50
352.2159983447181
 51
8.644348111858665
  0
ARC
  5
221
330
169
100
AcDbEntity
  8
家具示意
100
AcDbCircle
 10
1709.095243770163
 20
1187.536296834762
 30
0.0
 40
50.88827194853664
100
AcDbArc
 50
8.644348113233832
 51
27.29585753154255
  0
ARC
  5
222
330
169
100
AcDbEntity
  8
家具示意
100
AcDbCircle
 10
1749.159124003316
 20
1208.211139260442
 30
0.0
 40
5.804310180912232
100
AcDbArc
 50
27.29585753584443
 51
84.64275654530659
  0
ARC
  5
223
330
169
100
AcDbEntity
  8
家具示意
100
AcDbCircle
 10
1748.137139103317
 20
1197.31287013524
 30
0.0
 40
16.75039272495196
100
AcDbArc
 50
84.64275654347787
 51
135.0954721948443
  0
ARC
  5
224
330
169
100
AcDbEntity
  8
家具示意
100
AcDbCircle
 10
1682.783758387435
 20
1262.448815746698
 30
0.0
 40
75.51962289059074
100
AcDbArc
 50
291.9372974664325
 51
315.0954721937481
  0
ARC
  5
225
330
169
100
AcDbEntity
  8
家具示意
100
AcDbCircle
 10
716.541420370806
 20
3661.538242973679
 30
0.0
 40
2661.878904894566
100
AcDbArc
 50
290.777268554088
 51
291.9372974662641
  0
ARC
  5
226
330
169
100
AcDbEntity
  8
家具示意
100
AcDbCircle
 10
1597.04009163921
 20
1340.83601163153
 30
0.0
 40
179.755467862907
100
AcDbArc
 50
286.3122384803112
 51
290.7772685547607
  0
ARC
  5
227
330
169
100
AcDbEntity
  8
家具示意
100
AcDbCircle
 10
1494.336950792116
 20
1691.775077975937
 30
0.0
 40
545.4140017801965
100
AcDbArc
 50
283.8410041841228
 51
286.3122384795671
  0
ARC
  5
228
330
169
100
AcDbEntity
  8
家具示意
100
AcDbCircle
 10
2019.095569132187
 20
-438.0781469040083
 30
0.0
 40
1648.132525434051
100
AcDbArc
 50
103.8410041859317
 51
105.2625421871975
  0
ARC
  5
229
330
169
100
AcDbEntity
  8
家具示意
100
AcDbCircle
 10
2112.51709124248
 20
-780.4489742943551
 30
0.0
 40
2003.020344669023
100
AcDbArc
 50
105.2625421861848
 51
107.8395991861927
  0
ARC
  5
22A
330
169
100
AcDbEntity
  8
家具示意
100
AcDbCircle
 10
1559.088499750709
 20
939.1949969177368
 30
0.0
 40
196.5158211190079
100
AcDbArc
 50
107.8395991864615
 51
116.0734901794676
  0
ARC
  5
22B
330
169
100
AcDbEntity
  8
家具示意
100
AcDbCircle
 10
1508.321815644857
 20
1042.944167574402
 30
0.0
 40
81.01193968185311
100
AcDbArc
 50
116.0734901788495
 51
129.7004694103734
  0
ARC
  5
22C
330
169
100
AcDbEntity
  8
家具示意
100
AcDbCircle
 10
1332.681149147742
 20
1254.500846259994
 30
0.0
 40
193.9532799806177
100
AcDbArc
 50
300.9056298606198
 51
309.7004694112799
  0
ARC
  5
22D
330
169
100
AcDbEntity
  8
家具示意
100
AcDbCircle
 10
1251.507311801019
 20
1390.102205986099
 30
0.0
 40
351.9941627583378
100
AcDbArc
 50
296.8179254576146
 51
300.9056298607886
  0
ARC
  5
22E
330
169
100
AcDbEntity
  8
家具示意
100
AcDbCircle
 10
1392.560526542074
 20
1111.08124509122
 30
0.0
 40
39.3462681428647
100
AcDbArc
 50
284.5709055752338
 51
296.8179254537891
  0
ARC
  5
22F
330
169
100
AcDbEntity
  8
家具示意
100
AcDbCircle
 10
1398.612503055134
 20
1087.798888488673
 30
0.0
 40
15.2901972109287
100
AcDbArc
 50
267.2713814203858
 51
284.5709055748019
  0
ARC
  5
230
330
169
100
AcDbEntity
  8
家具示意
100
AcDbCircle
 10
1401.556599744945
 20
1149.572554101469
 30
0.0
 40
77.13397999109673
100
AcDbArc
 50
259.5926057793365
 51
267.2713814303212
  0
ARC
  5
231
330
169
100
AcDbEntity
  8
家具示意
100
AcDbCircle
 10
1390.18017294351
 20
1087.632301105593
 30
0.0
 40
14.15765088274399
100
AcDbArc
 50
216.5791769185011
 51
259.5926057746526
  0
ARC
  5
232
330
169
100
AcDbEntity
  8
家具示意
100
AcDbCircle
 10
1373.755392878782
 20
1075.443442073068
 30
0.0
 40
6.29575188276417
100
AcDbArc
 50
36.57917692560886
 51
103.2808443725638
  0
ARC
  5
233
330
169
100
AcDbEntity
  8
家具示意
100
AcDbCircle
 10
1373.327657614718
 20
1077.255595526192
 30
0.0
 40
4.433801938826893
100
AcDbArc
 50
103.2808443736727
 51
176.0516416381095
  0
ARC
  5
234
330
169
100
AcDbEntity
  8
家具示意
100
AcDbCircle
 10
1404.060868506669
 20
1075.134354123263
 30
0.0
 40
35.24013110702315
100
AcDbArc
 50
176.0516416390373
 51
200.345209751737
  0
ARC
  5
235
330
169
100
AcDbEntity
  8
家具示意
100
AcDbCircle
 10
1427.408386244788
 20
1083.791812709009
 30
0.0
 40
60.14109843151536
100
AcDbArc
 50
200.3452097512209
 51
218.5853871506263
  0
ARC
  5
236
330
169
100
AcDbEntity
  8
家具示意
100
AcDbCircle
 10
1318.488672072417
 20
996.8878198006423
 30
0.0
 40
79.19952062411427
100
AcDbArc
 50
22.70691791158641
 51
38.58538714894858
  0
ARC
  5
237
330
169
100
AcDbEntity
  8
家具示意
100
AcDbCircle
 10
619.3544898373072
 20
704.3344666020129
 30
0.0
 40
837.075545602684
100
AcDbArc
 50
20.1286696279334
 51
22.70691791153883
  0
ARC
  5
238
330
169
100
AcDbEntity
  8
家具示意
100
AcDbCircle
 10
-3377.780516690749
 20
-760.6775743695907
 30
0.0
 40
5094.228178596225
100
AcDbArc
 50
19.08361920460168
 51
20.12866962750605
  0
ARC
  5
239
330
169
100
AcDbEntity
  8
家具示意
100
AcDbCircle
 10
-1535.686540851369
 20
-123.3850884415442
 30
0.0
 40
3145.009892091584
100
AcDbArc
 50
16.60846497851832
 51
19.08361920467455
  0
ARC
  5
23A
330
169
100
AcDbEntity
  8
家具示意
100
AcDbCircle
 10
1366.412146266666
 20
742.2349916014352
 30
0.0
 40
116.5655863884335
100
AcDbArc
 50
10.73661706787738
 51
16.6084649804349
  0
LINE
  5
23B
330
169
100
AcDbEntity
  8
家具示意
100
AcDbLine
 10
2000.499870314554
 20
2100.00001359277
 30
0.0
 11
2000.499870314554
 21
300.0000135927694
 31
0.0
  0
ARC
  5
23C
330
169
100
AcDbEntity
  8
家具示意
100
AcDbCircle
 10
2764.436434924836
 20
-2027.52019531891
 30
0.0
 40
2661.878904894854
100
AcDbArc
 50
115.1731508463585
 51
116.3331797585347
  0
ARC
  5
23D
330
169
100
AcDbEntity
  8
家具示意
100
AcDbCircle
 10
1708.652231291227
 20
218.8672316456214
 30
0.0
 40
179.7554678622434
100
AcDbArc
 50
110.7081207713438
 51
115.1731508457935
  0
ARC
  5
23E
330
169
100
AcDbEntity
  8
家具示意
100
AcDbCircle
 10
1837.951803774456
 20
-123.1675384990521
 30
0.0
 40
545.4140017873612
100
AcDbArc
 50
108.2368864764818
 51
110.7081207719262
  0
ARC
  5
23F
330
169
100
AcDbEntity
  8
家具示意
100
AcDbCircle
 10
1151.489234347478
 20
1960.198849770182
 30
0.0
 40
1648.132525413346
100
AcDbArc
 50
288.2368864772844
 51
289.6584244785501
  0
ARC
  5
240
330
169
100
AcDbEntity
  8
家具示意
100
AcDbCircle
 10
1032.100709490711
 20
2294.401998158312
 30
0.0
 40
2003.020344674605
100
AcDbArc
 50
289.6584244786088
 51
292.2354814786166
  0
ARC
  5
241
330
169
100
AcDbEntity
  8
家具示意
100
AcDbCircle
 10
1715.707451255876
 20
622.2356140209592
 30
0.0
 40
196.5158211192974
100
AcDbArc
 50
292.2354814777835
 51
300.4693724707906
  0
ARC
  5
242
330
169
100
AcDbEntity
  8
家具示意
100
AcDbCircle
 10
1774.27689443645
 20
522.682779040304
 30
0.0
 40
81.0119396816291
100
AcDbArc
 50
300.469372471095
 51
314.0963517026189
  0
ARC
  5
243
330
169
100
AcDbEntity
  8
家具示意
100
AcDbCircle
 10
1965.616135822027
 20
325.2108399439603
 30
0.0
 40
193.9532799816486
100
AcDbArc
 50
125.3015121530624
 51
134.0963517037229
  0
ARC
  5
244
330
169
100
AcDbEntity
  8
家具示意
100
AcDbCircle
 10
2056.944668992656
 20
196.2301450392697
 30
0.0
 40
351.994162759476
100
AcDbArc
 50
121.2138077491782
 51
125.3015121523522
  0
ARC
  5
245
330
169
100
AcDbEntity
  8
家具示意
100
AcDbCircle
 10
1894.920172241866
 20
463.6189414792461
 30
0.0
 40
39.34626814164576
100
AcDbArc
 50
108.9667878680947
 51
121.2138077466485
  0
ARC
  5
246
330
169
100
AcDbEntity
  8
家具示意
100
AcDbCircle
 10
1887.101467598113
 20
486.3689394207904
 30
0.0
 40
15.29019721045132
100
AcDbArc
 50
91.66726371109163
 51
108.9667878654923
  0
ARC
  5
247
330
169
100
AcDbEntity
  8
家具示意
100
AcDbCircle
 10
1888.900820805982
 20
424.551338393765
 30
0.0
 40
77.1339799917725
100
AcDbArc
 50
83.98848807199392
 51
91.66726372297668
  0
ARC
  5
248
330
169
100
AcDbEntity
  8
家具示意
100
AcDbCircle
 10
1895.496223529859
 20
487.1813526915501
 30
0.0
 40
14.15765088287643
100
AcDbArc
 50
40.97505921101378
 51
83.98848806711848
  0
ARC
  5
249
330
169
100
AcDbEntity
  8
家具示意
100
AcDbCircle
 10
1910.938442200771
 20
500.5932715403615
 30
0.0
 40
6.295751882591397
100
AcDbArc
 50
220.9750592185198
 51
287.6767266660555
  0
ARC
  5
24A
330
169
100
AcDbEntity
  8
家具示意
100
AcDbCircle
 10
1911.503815980919
 20
498.8192337497602
 30
0.0
 40
4.433801938637254
100
AcDbArc
 50
287.6767266615273
 51
0.4475239261500846
  0
ARC
  5
24B
330
169
100
AcDbEntity
  8
家具示意
100
AcDbCircle
 10
1880.698426524817
 20
498.5786151650827
 30
0.0
 40
35.24013110725689
100
AcDbArc
 50
0.4475239311497531
 51
24.74109204386667
  0
ARC
  5
24C
330
169
100
AcDbEntity
  8
家具示意
100
AcDbCircle
 10
1858.083162487717
 20
488.1570986618751
 30
0.0
 40
60.14109843173653
100
AcDbArc
 50
24.74109204324359
 51
42.98126944266434
  0
ARC
  5
24D
330
169
100
AcDbEntity
  8
家具示意
100
AcDbCircle
 10
1960.021500847244
 20
583.1538527710362
 30
0.0
 40
79.19952062379906
100
AcDbArc
 50
207.1028002033844
 51
222.98126944075
  0
ARC
  5
24E
330
169
100
AcDbEntity
  8
家具示意
100
AcDbCircle
 10
2634.675568632956
 20
928.4333888875552
 30
0.0
 40
837.0755456045664
100
AcDbArc
 50
204.5245519195899
 51
207.1028002031954
  0
ARC
  5
24F
330
169
100
AcDbEntity
  8
家具示意
100
AcDbCircle
 10
6507.762733099053
 20
2695.50564463425
 30
0.0
 40
5094.228178595511
100
AcDbArc
 50
203.4795014968929
 51
204.5245519197973
  0
ARC
  5
250
330
169
100
AcDbEntity
  8
家具示意
100
AcDbCircle
 10
4719.934507154743
 20
1918.89624285145
 30
0.0
 40
3145.009892096891
100
AcDbArc
 50
201.0043472705321
 51
203.4795014966884
  0
ARC
  5
251
330
169
100
AcDbEntity
  8
家具示意
100
AcDbCircle
 10
1892.720534797408
 20
833.3843510241131
 30
0.0
 40
116.5655863862675
100
AcDbArc
 50
188.1215683132618
 51
201.0043472708388
  0
ARC
  5
252
330
169
100
AcDbEntity
  8
家具示意
100
AcDbCircle
 10
1842.992971219821
 20
826.2879711444256
 30
0.0
 40
66.33422977747899
100
AcDbArc
 50
175.4881648423781
 51
188.121568312674
  0
ARC
  5
253
330
169
100
AcDbEntity
  8
家具示意
100
AcDbCircle
 10
1705.859453601297
 20
837.1091155986068
 30
0.0
 40
71.22557111554872
100
AcDbArc
 50
355.4881648430955
 51
7.678356897811161
  0
ARC
  5
254
330
169
100
AcDbEntity
  8
家具示意
100
AcDbCircle
 10
1598.694431062555
 20
822.6610548693567
 30
0.0
 40
179.3601563071753
100
AcDbArc
 50
7.678356896250012
 51
14.88069483424021
  0
ARC
  5
255
330
169
100
AcDbEntity
  8
家具示意
100
AcDbCircle
 10
1960.972089148883
 20
918.9249907707562
 30
0.0
 40
195.4889425362729
100
AcDbArc
 50
187.9822410829499
 51
194.880694835048
  0
ARC
  5
256
330
169
100
AcDbEntity
  8
家具示意
100
AcDbCircle
 10
1801.012423392793
 20
896.4946826620142
 30
0.0
 40
33.96428995762452
100
AcDbArc
 50
175.7406808941085
 51
187.9822410832288
  0
ARC
  5
257
330
169
100
AcDbEntity
  8
家具示意
100
AcDbCircle
 10
1757.964019396459
 20
899.7007722153792
 30
0.0
 40
9.203337923166555
100
AcDbArc
 50
355.7406808936747
 51
19.37993123344042
  0
ARC
  5
258
330
169
100
AcDbEntity
  8
家具示意
100
AcDbCircle
 10
1762.243889190315
 20
901.2062674955231
 30
0.0
 40
4.666400465939958
100
AcDbArc
 50
19.37993123629716
 51
162.8132567249131
  0
ARC
  5
259
330
169
100
AcDbEntity
  8
家具示意
100
AcDbCircle
 10
1735.76058184437
 20
909.3975063493706
 30
0.0
 40
23.05474601000787
100
AcDbArc
 50
292.2354814788234
 51
342.8132567233353
  0
LINE
  5
25A
330
169
100
AcDbEntity
  8
家具示意
100
AcDbLine
 10
1701.040468880383
 20
870.2964893252355
 30
0.0
 11
1744.484822274826
 21
888.0571937345667
 31
0.0
  0
LINE
  5
25B
330
169
100
AcDbEntity
  8
家具示意
100
AcDbLine
 10
1644.723719128233
 20
847.2733558799372
 30
0.0
 11
1701.040468880383
 21
870.2964893252355
 31
0.0
  0
ARC
  5
25C
330
169
100
AcDbEntity
  8
家具示意
100
AcDbCircle
 10
1725.827546364511
 20
648.8857665785473
 30
0.0
 40
214.3256083187159
100
AcDbArc
 50
112.2354814787693
 51
119.935970142117
  0
ARC
  5
25D
330
169
100
AcDbEntity
  8
家具示意
100
AcDbCircle
 10
837.7638446793426
 20
2191.034676593787
 30
0.0
 40
1565.247486249741
100
AcDbArc
 50
297.0883529985145
 51
299.9359701425118
  0
ARC
  5
25E
330
169
100
AcDbEntity
  8
家具示意
100
AcDbCircle
 10
782.3930413724736
 20
2299.292974167562
 30
0.0
 40
1686.844298923511
100
AcDbArc
 50
295.0528516563774
 51
297.0883529985246
  0
ARC
  5
25F
330
169
100
AcDbEntity
  8
家具示意
100
AcDbCircle
 10
1070.943065200932
 20
1681.982764328422
 30
0.0
 40
1005.424449327796
100
AcDbArc
 50
292.4162188420132
 51
295.052851656773
  0
ARC
  5
260
330
169
100
AcDbEntity
  8
家具示意
100
AcDbCircle
 10
1436.871351714886
 20
794.8870222208787
 30
0.0
 40
45.81913122229131
100
AcDbArc
 50
261.9508205229451
 51
292.4162188417069
  0
ARC
  5
261
330
169
100
AcDbEntity
  8
家具示意
100
AcDbCircle
 10
1427.291721090209
 20
727.1463528727182
 30
0.0
 40
22.59554269082567
100
AcDbArc
 50
81.95082052355699
 51
125.8935737181334
  0
ARC
  5
262
330
169
100
AcDbEntity
  8
家具示意
100
AcDbCircle
 10
1459.437103724922
 20
682.7287608385667
 30
0.0
 40
77.42480592538213
100
AcDbArc
 50
125.8935737170413
 51
136.4775555134537
  0
ARC
  5
263
330
169
100
AcDbEntity
  8
家具示意
100
AcDbCircle
 10
1561.089203520387
 20
586.188812232227
 30
0.0
 40
217.6143599932295
100
AcDbArc
 50
136.4775555145942
 51
142.7849068851747
  0
ARC
  5
264
330
169
100
AcDbEntity
  8
家具示意
100
AcDbCircle
 10
1913.779268833459
 20
318.3360175470589
 30
0.0
 40
660.4861267510511
100
AcDbArc
 50
142.7849068860053
 51
143.7836989960993
  0
ARC
  5
265
330
169
100
AcDbEntity
  8
家具示意
100
AcDbCircle
 10
1072.283195774944
 20
934.585771935701
 30
0.0
 40
382.528446856127
100
AcDbArc
 50
322.4712601338652
 51
323.7836989910281
  0
ARC
  5
266
330
169
100
AcDbEntity
  8
家具示意
100
AcDbCircle
 10
1339.79911145987
 20
729.1003123119008
 30
0.0
 40
45.2021370883457
100
AcDbArc
 50
315.8725969131891
 51
322.4712601393606
  0
ARC
  5
267
330
169
100
AcDbEntity
  8
家具示意
100
AcDbCircle
 10
1422.259068145067
 20
649.1145448025199
 30
0.0
 40
69.67765861389816
100
AcDbArc
 50
135.872596909965
 51
141.1863856966476
  0
ARC
  5
268
330
169
100
AcDbEntity
  8
家具示意
100
AcDbCircle
 10
1377.883523424738
 20
684.8107627053977
 30
0.0
 40
12.72672410183252
100
AcDbArc
 50
141.1863856964963
 51
273.2454938505617
  0
ARC
  5
269
330
169
100
AcDbEntity
  8
家具示意
100
AcDbCircle
 10
1380.634556885925
 20
636.2961159832775
 30
0.0
 40
35.86585899146265
100
AcDbArc
 50
27.2902377743867
 51
93.24549385157451
  0
ARC
  5
26A
330
169
100
AcDbEntity
  8
家具示意
100
AcDbCircle
 10
-1339.943823594949
 20
-767.3121193294646
 30
0.0
 40
3097.183026907536
100
AcDbArc
 50
26.4146521358202
 51
27.29023777411188
  0
ARC
  5
26B
330
169
100
AcDbEntity
  8
家具示意
100
AcDbCircle
 10
3239.63660361705
 20
1507.4712454814
 30
0.0
 40
2016.249894929172
100
AcDbArc
 50
206.4146521355052
 51
207.4998580490433
  0
ARC
  5
26C
330
169
100
AcDbEntity
  8
家具示意
100
AcDbCircle
 10
6863.62165120896
 20
3393.987041393528
 30
0.0
 40
6101.85994404004
100
AcDbArc
 50
207.4998580487804
 51
207.8482171549674
  0
ARC
  5
26D
330
169
100
AcDbEntity
  8
家具示意
100
AcDbCircle
 10
-3693.755025234423
 20
-2183.645557648037
 30
0.0
 40
5838.332169079492
100
AcDbArc
 50
27.49208276351209
 51
27.84821715497899
  0
ARC
  5
26E
330
169
100
AcDbEntity
  8
家具示意
100
AcDbCircle
 10
932.0780721599003
 20
223.5983679830679
 30
0.0
 40
623.6265050523625
100
AcDbArc
 50
20.74863207036351
 51
27.49208276324262
  0
ARC
  5
26F
330
169
100
AcDbEntity
  8
家具示意
100
AcDbCircle
 10
1113.174400641408
 20
292.2046850290499
 30
0.0
 40
429.9703486098259
100
AcDbArc
 50
12.62522279538938
 51
20.74863207062605
  0
ARC
  5
270
330
169
100
AcDbEntity
  8
家具示意
100
AcDbCircle
 10
1471.277233517379
 20
372.41568895604
 30
0.0
 40
62.99426755715087
100
AcDbArc
 50
356.6118806380699
 51
12.62522279621428
  0
ARC
  5
271
330
169
100
AcDbEntity
  8
家具示意
100
AcDbCircle
 10
1593.929015765549
 20
365.1543524805457
 30
0.0
 40
59.87227262390593
100
AcDbArc
 50
176.6118806370578
 51
193.0402304041989
  0
ARC
  5
272
330
169
100
AcDbEntity
  8
家具示意
100
AcDbCircle
 10
1585.176695626578
 20
363.1272460906184
 30
0.0
 40
50.8882719487565
100
AcDbArc
 50
193.040230405728
 51
211.6917398240321
  0
ARC
  5
273
330
169
100
AcDbEntity
  8
家具示意
100
AcDbCircle
 10
1546.815345124167
 20
339.442432468466
 30
0.0
 40
5.804310180920164
100
AcDbArc
 50
211.6917398235185
 51
269.0386388328793
  0
ARC
  5
274
330
169
100
AcDbEntity
  8
家具示意
100
AcDbCircle
 10
1546.998999923118
 20
350.3869742118404
 30
0.0
 40
16.75039272481519
100
AcDbArc
 50
269.0386388366201
 51
319.4913544880068
  0
ARC
  5
275
330
169
100
AcDbEntity
  8
家具示意
100
AcDbCircle
 10
1617.152627263742
 20
290.451806299272
 30
0.0
 40
75.51962289106879
100
AcDbArc
 50
116.3331797582719
 51
139.4913544855753
  0
ARC
  5
276
330
169
100
AcDbEntity
  8
家具示意
100
AcDbCircle
 10
2664.348009963404
 20
1512.515962344245
 30
0.0
 40
1835.147325677869
100
AcDbArc
 50
162.2636145314063
 51
164.0648114630889
  0
ARC
  5
277
330
169
100
AcDbEntity
  8
家具示意
100
AcDbCircle
 10
1531.851327251002
 20
1835.868227615952
 30
0.0
 40
657.3929269126018
100
AcDbArc
 50
164.0648114629061
 51
167.0744628951758
  0
ARC
  5
278
330
169
100
AcDbEntity
  8
家具示意
100
AcDbCircle
 10
4852.684116781107
 20
1073.738071378437
 30
0.0
 40
4064.557846763842
100
AcDbArc
 50
167.0744628951746
 51
169.2724392057332
  0
ARC
  5
279
330
169
100
AcDbEntity
  8
家具示意
100
AcDbCircle
 10
916.2749064296948
 20
1819.491613209597
 30
0.0
 40
58.1297846999276
100
AcDbArc
 50
169.2724392059615
 51
187.7303820046086
  0
ARC
  5
27A
330
169
100
AcDbEntity
  8
家具示意
100
AcDbCircle
 10
1051.059525499761
 20
1837.787992157158
 30
0.0
 40
194.1505589237738
100
AcDbArc
 50
187.7303820046192
 51
193.190402768591
  0
ARC
  5
27B
330
169
100
AcDbEntity
  8
家具示意
100
AcDbCircle
 10
-1587.378644356737
 20
1219.414147768053
 30
0.0
 40
2515.78342322049
100
AcDbArc
 50
11.67413702935448
 51
13.19040276890499
  0
ARC
  5
27C
330
169
100
AcDbEntity
  8
家具示意
100
AcDbCircle
 10
-1658.065641001914
 20
1204.808847472013
 30
0.0
 40
2587.96351944828
100
AcDbArc
 50
9.495020057680626
 51
11.67413702935433
  0
ARC
  5
27D
330
169
100
AcDbEntity
  8
家具示意
100
AcDbCircle
 10
-2833.836887306068
 20
1008.157273475895
 30
0.0
 40
3780.066646359192
100
AcDbArc
 50
7.691995532711946
 51
9.495020057830467
  0
LINE
  5
27E
330
169
100
AcDbEntity
  8
家具示意
100
AcDbLine
 10
782.0757655187626
 20
1512.364611396682
 30
0.0
 11
912.2163734612405
 21
1514.110649205162
 31
0.0
  0
LINE
  5
27F
330
169
100
AcDbEntity
  8
家具示意
100
AcDbLine
 10
686.6657789308227
 20
1526.003957798588
 30
0.0
 11
782.0757655187626
 21
1512.364611396682
 31
0.0
  0
ARC
  5
280
330
169
100
AcDbEntity
  8
家具示意
100
AcDbCircle
 10
661.1773965783647
 20
1347.707069870783
 30
0.0
 40
180.1095163495976
100
AcDbArc
 50
81.86441856898129
 51
110.1488397948656
  0
LINE
  5
281
330
169
100
AcDbEntity
  8
家具示意
100
AcDbLine
 10
1640.765362336242
 20
1136.75632850884
 30
0.0
 11
1660.805836825456
 21
1172.770673243445
 31
0.0
  0
LINE
  5
282
330
169
100
AcDbEntity
  8
家具示意
100
AcDbLine
 10
1559.775534439191
 20
828.391879145871
 30
0.0
 11
1470.884201356384
 21
808.6248694824753
 31
0.0
  0
LINE
  5
283
330
169
100
AcDbEntity
  8
家具示意
100
AcDbLine
 10
1471.902802757744
 20
694.7801716333486
 30
0.0
 11
1593.952916401613
 21
668.9774009202372
 31
0.0
  0
LINE
  5
284
330
169
100
AcDbEntity
  8
家具示意
100
AcDbLine
 10
1368.904379226209
 20
1077.560895264731
 30
0.0
 11
1472.859542343591
 21
998.3876527721294
 31
0.0
  0
LINE
  5
285
330
169
100
AcDbEntity
  8
家具示意
100
AcDbLine
 10
1368.761925306462
 20
681.018746174057
 30
0.0
 11
1471.902802757744
 21
694.7801716333486
 31
0.0
  0
LINE
  5
286
330
169
100
AcDbEntity
  8
家具示意
100
AcDbLine
 10
1514.878262520593
 20
460.8363307308173
 30
0.0
 11
1518.31625410571
 21
436.7538361769401
 31
0.0
  0
LINE
  5
287
330
169
100
AcDbEntity
  8
家具示意
100
AcDbLine
 10
1552.696593668486
 20
555.4458368337946
 30
0.0
 11
1514.878262520593
 21
460.8363307308173
 31
0.0
  0
LINE
  5
288
330
169
100
AcDbEntity
  8
家具示意
100
AcDbLine
 10
1658.543572458031
 20
905.4829424981726
 30
0.0
 11
1721.755190233292
 21
954.9002707031323
 31
0.0
  0
LINE
  5
289
330
169
100
AcDbEntity
  8
家具示意
100
AcDbLine
 10
1658.543572458031
 20
905.4829424981726
 30
0.0
 11
1617.060988015903
 21
848.1586928557371
 31
0.0
  0
LINE
  5
28A
330
169
100
AcDbEntity
  8
家具示意
100
AcDbLine
 10
1658.543572458031
 20
905.4829424981726
 30
0.0
 11
1626.937834188866
 21
1033.968113403417
 31
0.0
  0
LINE
  5
28B
330
169
100
AcDbEntity
  8
家具示意
100
AcDbLine
 10
1603.233459868526
 20
923.2731728138167
 30
0.0
 11
1658.543572458031
 21
905.4829424981726
 31
0.0
  0
LINE
  5
28C
330
169
100
AcDbEntity
  8
家具示意
100
AcDbLine
 10
1645.52335512737
 20
624.2529641307192
 30
0.0
 11
1618.019139971875
 21
557.1661129930288
 31
0.0
  0
LINE
  5
28D
330
169
100
AcDbEntity
  8
家具示意
100
AcDbLine
 10
1645.52335512737
 20
624.2529641307192
 30
0.0
 11
1728.036141830671
 21
655.2161714144747
 31
0.0
  0
LINE
  5
28E
330
169
100
AcDbEntity
  8
家具示意
100
AcDbLine
 10
1700.531785438245
 20
859.9168852389556
 30
0.0
 11
1709.126905638201
 21
871.9582304927753
 31
0.0
  0
LINE
  5
28F
330
169
100
AcDbEntity
  8
家具示意
100
AcDbLine
 10
1664.43259131984
 20
810.0318159254966
 30
0.0
 11
1700.531785438245
 21
859.9168852389556
 31
0.0
  0
LINE
  5
290
330
169
100
AcDbEntity
  8
家具示意
100
AcDbLine
 10
1645.52335512737
 20
624.2529641307192
 30
0.0
 11
1664.43259131984
 21
810.0318159254966
 31
0.0
  0
LINE
  5
291
330
169
100
AcDbEntity
  8
家具示意
100
AcDbLine
 10
1621.457131557107
 20
488.3591816496337
 30
0.0
 11
1638.64737195702
 21
390.3091232281878
 31
0.0
  0
LINE
  5
292
330
169
100
AcDbEntity
  8
家具示意
100
AcDbLine
 10
1638.64737195702
 20
390.3091232281878
 30
0.0
 11
1645.089363233244
 21
387.0094037222443
 31
0.0
  0
LINE
  5
293
330
169
100
AcDbEntity
  8
家具示意
100
AcDbLine
 10
1618.019139971875
 20
557.1661129930288
 30
0.0
 11
1621.457131557107
 21
488.3591816496337
 31
0.0
  0
LINE
  5
294
330
169
100
AcDbEntity
  8
家具示意
100
AcDbLine
 10
1617.060988015903
 20
848.1586928557371
 30
0.0
 11
1559.775534439191
 21
828.391879145871
 31
0.0
  0
LINE
  5
295
330
169
100
AcDbEntity
  8
家具示意
100
AcDbLine
 10
1472.859542343591
 20
998.3876527721294
 30
0.0
 11
1603.233459868526
 21
923.2731728138167
 31
0.0
  0
LINE
  5
296
330
169
100
AcDbEntity
  8
家具示意
100
AcDbLine
 10
1645.52335512737
 20
624.2529641307192
 30
0.0
 11
1552.696593668486
 21
555.4458368337946
 31
0.0
  0
LINE
  5
297
330
169
100
AcDbEntity
  8
家具示意
100
AcDbLine
 10
1593.952916401613
 20
668.9774009202372
 30
0.0
 11
1645.52335512737
 21
624.2529641307192
 31
0.0
  0
ARC
  5
298
330
169
100
AcDbEntity
  8
家具示意
100
AcDbCircle
 10
741.6307179511639
 20
345.8170889149187
 30
0.0
 40
20.0
100
AcDbArc
 50
270.0000000000094
 51
0.0
  0
LINE
  5
299
330
169
100
AcDbEntity
  8
家具示意
100
AcDbLine
 10
1626.937834188866
 20
1033.968113403417
 30
0.0
 11
1640.765362336242
 21
1136.75632850884
 31
0.0
  0
LINE
  5
29A
330
169
100
AcDbEntity
  8
家具示意
100
AcDbLine
 10
761.6307179511641
 20
345.8170889149187
 30
0.0
 11
761.6307179510478
 21
1515.287335693719
 31
0.0
  0
ARC
  5
29B
330
169
100
AcDbEntity
  8
家具示意
100
AcDbCircle
 10
1968.330323566392
 20
2051.571543354658
 30
0.0
 40
20.0
100
AcDbArc
 50
0.0
 51
90.0
  0
LINE
  5
29C
330
169
100
AcDbEntity
  8
家具示意
100
AcDbLine
 10
1767.36430653237
 20
891.8711316381815
 30
0.0
 11
1861.967691533675
 21
880.0376938810805
 31
0.0
  0
LINE
  5
29D
330
169
100
AcDbEntity
  8
家具示意
100
AcDbLine
 10
1810.548787296924
 20
634.5740332253044
 30
0.0
 11
1873.118060394947
 21
580.9774482339852
 31
0.0
  0
ARC
  5
29E
330
169
100
AcDbEntity
  8
家具示意
100
AcDbCircle
 10
1968.330323566624
 20
345.8170889163157
 30
0.0
 40
20.0
100
AcDbArc
 50
270.0000000000573
 51
0.0000000000047162
  0
LINE
  5
29F
330
169
100
AcDbEntity
  8
家具示意
100
AcDbLine
 10
1769.163797636924
 20
1020.131245829747
 30
0.0
 11
1769.163797636924
 21
1113.035956103471
 31
0.0
  0
LINE
  5
2A0
330
169
100
AcDbEntity
  8
家具示意
100
AcDbLine
 10
1988.330323566624
 20
345.8170889163157
 30
0.0
 11
1988.330323566392
 21
2051.571543354658
 31
0.0
  0
LINE
  5
2A1
330
169
100
AcDbEntity
  8
家具示意
100
AcDbLine
 10
1658.543572458031
 20
905.4829424981726
 30
0.0
 11
1752.655921587313
 21
893.7109258248238
 31
0.0
  0
LINE
  5
2A2
330
169
100
AcDbEntity
  8
家具示意
100
AcDbLine
 10
1721.755190233292
 20
954.9002707031323
 30
0.0
 11
1769.163797636924
 21
1020.131245829747
 31
0.0
  0
LINE
  5
2A3
330
169
100
AcDbEntity
  8
家具示意
100
AcDbLine
 10
1728.036141830671
 20
655.2161714144747
 30
0.0
 11
1810.548787296924
 21
634.5740332253044
 31
0.0
  0
LINE
  5
2A4
330
169
100
AcDbEntity
  8
家具示意
100
AcDbLine
 10
1968.330323566392
 20
2071.571543354657
 30
0.0
 11
916.4285140244173
 21
2071.571543354657
 31
0.0
  0
LINE
  5
2A5
330
169
100
AcDbEntity
  8
家具示意
100
AcDbLine
 10
1400.499870314554
 20
2400.00001359277
 30
0.0
 11
1400.499870314554
 21
2100.00001359277
 31
0.0
  0
LINE
  5
2A6
330
169
100
AcDbEntity
  8
家具示意
100
AcDbLine
 10
2300.499870314554
 20
2400.00001359277
 30
0.0
 11
1400.499870314554
 21
2400.00001359277
 31
0.0
  0
LINE
  5
2A7
330
169
100
AcDbEntity
  8
家具示意
100
AcDbLine
 10
1400.499870314554
 20
0.0000135927693918
 30
0.0
 11
1400.499870314554
 21
300.0000135927694
 31
0.0
  0
LINE
  5
2A8
330
169
100
AcDbEntity
  8
家具示意
100
AcDbLine
 10
2300.499870314554
 20
0.0000135927693918
 30
0.0
 11
1400.499870314554
 21
0.0000135927693918
 31
0.0
  0
LINE
  5
2A9
330
169
100
AcDbEntity
  8
家具示意
100
AcDbLine
 10
2300.499870314554
 20
2400.00001359277
 30
0.0
 11
2300.499870314554
 21
0.0000135927693918
 31
0.0
  0
ENDBLK
  5
2AA
330
169
100
AcDbEntity
  8
0
100
AcDbBlockEnd
  0
BLOCK
  5
15B
330
15A
100
AcDbEntity
  8
0
100
AcDbBlockBegin
  2
A$C04A21AEC
 70
     0
 10
0.0
 20
0.0
 30
0.0
  3
A$C04A21AEC
  1

  0
LINE
  5
15C
330
15A
100
AcDbEntity
  8
家具示意
100
AcDbLine
 10
250.0000823579612
 20
459.585620623955
 30
0.0
 11
250.0000823573791
 21
85.68136123887962
 31
0.0
  0
CIRCLE
  5
160
330
15A
100
AcDbEntity
  8
家具示意
100
AcDbCircle
 10
250.0000821883441
 20
274.9999735860038
 30
0.0
 40
127.4828544
  0
CIRCLE
  5
161
330
15A
100
AcDbEntity
  8
家具示意
100
AcDbCircle
 10
250.0000821883441
 20
274.9999735860038
 30
0.0
 40
152.97942528
  0
LINE
  5
162
330
15A
100
AcDbEntity
  8
家具示意
100
AcDbLine
 10
50.42671167274239
 20
274.9999735861784
 30
0.0
 11
444.8404873950058
 21
274.9999735857709
 31
0.0
  0
LINE
  5
163
330
15A
100
AcDbEntity
  8
家具示意
100
AcDbLine
 10
500.0000823576701
 20
549.9999735860037
 30
0.0
 11
0.0000823576701805
 21
549.9999735860037
 31
0.0
  0
LINE
  5
164
330
15A
100
AcDbEntity
  8
家具示意
100
AcDbLine
 10
500.0000823576701
 20
-0.0000264139962383
 30
0.0
 11
500.0000823576701
 21
549.9999735860037
 31
0.0
  0
LINE
  5
165
330
15A
100
AcDbEntity
  8
家具示意
100
AcDbLine
 10
0.0000823576701805
 20
549.9999735860037
 30
0.0
 11
0.0000823576701805
 21
-0.0000264140544459
 31
0.0
  0
LINE
  5
166
330
15A
100
AcDbEntity
  8
家具示意
100
AcDbLine
 10
500.0000823576701
 20
-0.0000264139962383
 30
0.0
 11
0.0000823576701805
 21
-0.0000264140544459
 31
0.0
  0
ENDBLK
  5
167
330
15A
100
AcDbEntity
  8
0
100
AcDbBlockEnd
  0
BLOCK
  5
524
330
523
100
AcDbEntity
  8
0
100
AcDbBlockBegin
  2
A$C6CA9292A
 70
     2
 10
0.0
 20
0.0
 30
0.0
  3
A$C6CA9292A
  1

  0
LINE
  5
525
330
523
100
AcDbEntity
  8
FURN
100
AcDbLine
 10
262.9398195643735
 20
2945.674778249533
 30
0.0
 11
262.9398195644608
 21
2665.145971461632
 31
0.0
  0
LINE
  5
526
330
523
100
AcDbEntity
  8
FURN
100
AcDbLine
 10
221.273152897862
 20
2945.674778249518
 30
0.0
 11
221.2731528979493
 21
2665.145971461618
 31
0.0
  0
LINE
  5
527
330
523
100
AcDbEntity
  8
FURN
100
AcDbLine
 10
2421.585720034142
 20
241.4439339373912
 30
0.0
 11
2421.585720033036
 21
3325.833681924486
 31
0.0
  0
LINE
  5
528
330
523
100
AcDbEntity
  8
FURN
100
AcDbLine
 10
2463.252386700901
 20
199.7772672707506
 30
0.0
 11
2463.252386699766
 21
3367.500348591158
 31
0.0
  0
LINE
  5
529
330
523
100
AcDbEntity
  8
FURN
100
AcDbLine
 10
763.2523866997653
 20
3367.500348590549
 30
0.0
 11
763.252386699736
 21
3467.50034859055
 31
0.0
  0
LINE
  5
52A
330
523
100
AcDbEntity
  8
FURN
100
AcDbLine
 10
713.2523866997653
 20
3367.500348590531
 30
0.0
 11
713.252386699736
 21
3467.500348590531
 31
0.0
  0
LINE
  5
52B
330
523
100
AcDbEntity
  8
FURN
100
AcDbLine
 10
663.2523866997652
 20
3367.500348590513
 30
0.0
 11
663.2523866997362
 21
3467.500348590513
 31
0.0
  0
LINE
  5
52C
330
523
100
AcDbEntity
  8
FURN
100
AcDbLine
 10
140.8755232848052
 20
2945.67477824949
 30
0.0
 11
140.8755232846161
 21
3445.67477824949
 31
0.0
  0
LINE
  5
52D
330
523
100
AcDbEntity
  8
FURN
100
AcDbLine
 10
640.8755232848052
 20
2945.674778249669
 30
0.0
 11
140.8755232848052
 21
2945.67477824949
 31
0.0
  0
LINE
  5
52E
330
523
100
AcDbEntity
  8
FURN
100
AcDbLine
 10
640.8755232846161
 20
3445.67477824967
 30
0.0
 11
640.8755232848052
 21
2945.674778249669
 31
0.0
  0
LINE
  5
52F
330
523
100
AcDbEntity
  8
FURN
100
AcDbLine
 10
140.8755232846161
 20
3445.67477824949
 30
0.0
 11
640.8755232846161
 21
3445.67477824967
 31
0.0
  0
LINE
  5
530
330
523
100
AcDbEntity
  8
FURN
100
AcDbLine
 10
221.2731528979057
 20
2820.674778249518
 30
0.0
 11
121.2731528979057
 21
2820.674778249482
 31
0.0
  0
LINE
  5
531
330
523
100
AcDbEntity
  8
FURN
100
AcDbLine
 10
221.2731528978766
 20
2870.674778249519
 30
0.0
 11
121.2731528978765
 21
2870.674778249482
 31
0.0
  0
LINE
  5
532
330
523
100
AcDbEntity
  8
FURN
100
AcDbLine
 10
221.273152897862
 20
2920.674778249519
 30
0.0
 11
121.273152897862
 21
2920.674778249482
 31
0.0
  0
LINE
  5
533
330
523
100
AcDbEntity
  8
FURN
100
AcDbLine
 10
221.273152897862
 20
2945.674778249518
 30
0.0
 11
121.273152897862
 21
2945.674778249482
 31
0.0
  0
LINE
  5
534
330
523
100
AcDbEntity
  8
FURN
100
AcDbLine
 10
390.8755232847034
 20
3195.674778249579
 30
0.0
 11
585.9518689514807
 21
3195.674778249651
 31
0.0
  0
LINE
  5
535
330
523
100
AcDbEntity
  8
FURN
100
AcDbLine
 10
390.8755232847034
 20
3195.674778249579
 30
0.0
 11
390.8755232846452
 21
3390.75112391637
 31
0.0
  0
LINE
  5
536
330
523
100
AcDbEntity
  8
FURN
100
AcDbLine
 10
390.8755232847034
 20
3195.674778249579
 30
0.0
 11
195.799177617926
 21
3195.67477824951
 31
0.0
  0
LINE
  5
537
330
523
100
AcDbEntity
  8
FURN
100
AcDbLine
 10
390.8755232847034
 20
3195.674778249579
 30
0.0
 11
390.8755232847761
 21
3000.598432582787
 31
0.0
  0
CIRCLE
  5
538
330
523
100
AcDbEntity
  8
FURN
100
AcDbCircle
 10
390.8755232847034
 20
3195.674778249582
 30
0.0
 40
108.3333333333333
  0
CIRCLE
  5
539
330
523
100
AcDbEntity
  8
FURN
100
AcDbCircle
 10
390.8755232847034
 20
3195.674778249582
 30
0.0
 40
166.6666666666667
  0
LINE
  5
53A
330
523
100
AcDbEntity
  8
FURN
100
AcDbLine
 10
2463.252386699766
 20
3367.500348591158
 30
0.0
 11
2542.5877207288
 21
3428.37649149206
 31
0.0
  0
LINE
  5
53B
330
523
100
AcDbEntity
  8
FURN
100
AcDbLine
 10
2463.252386699766
 20
3367.500348591158
 30
0.0
 11
2489.134291210052
 21
3464.092931220071
 31
0.0
  0
LINE
  5
53C
330
523
100
AcDbEntity
  8
FURN
100
AcDbLine
 10
913.2523866997653
 20
3367.500348590602
 30
0.0
 11
913.252386699736
 21
3467.500348590602
 31
0.0
  0
LINE
  5
53D
330
523
100
AcDbEntity
  8
FURN
100
AcDbLine
 10
863.2523866997653
 20
3367.500348590584
 30
0.0
 11
863.2523866997361
 21
3467.500348590584
 31
0.0
  0
LINE
  5
53E
330
523
100
AcDbEntity
  8
FURN
100
AcDbLine
 10
813.2523866997653
 20
3367.500348590566
 30
0.0
 11
813.2523866997361
 21
3467.500348590565
 31
0.0
  0
LINE
  5
53F
330
523
100
AcDbEntity
  8
FURN
100
AcDbLine
 10
2163.668695196145
 20
3367.500348591049
 30
0.0
 11
2463.252386699766
 21
3367.500348591158
 31
0.0
  0
LINE
  5
540
330
523
100
AcDbEntity
  8
FURN
100
AcDbLine
 10
2438.252386699766
 20
3367.50034859115
 30
0.0
 11
2438.252386699736
 21
3467.50034859115
 31
0.0
  0
LINE
  5
541
330
523
100
AcDbEntity
  8
FURN
100
AcDbLine
 10
2388.252386699766
 20
3367.500348591131
 30
0.0
 11
2388.252386699736
 21
3467.500348591131
 31
0.0
  0
LINE
  5
542
330
523
100
AcDbEntity
  8
FURN
100
AcDbLine
 10
2338.252386699766
 20
3367.500348591113
 30
0.0
 11
2338.252386699736
 21
3467.500348591114
 31
0.0
  0
LINE
  5
543
330
523
100
AcDbEntity
  8
FURN
100
AcDbLine
 10
2288.252386699765
 20
3367.500348591095
 30
0.0
 11
2288.252386699737
 21
3467.500348591097
 31
0.0
  0
LINE
  5
544
330
523
100
AcDbEntity
  8
FURN
100
AcDbLine
 10
2238.252386699766
 20
3367.500348591078
 30
0.0
 11
2238.252386699736
 21
3467.500348591078
 31
0.0
  0
LINE
  5
545
330
523
100
AcDbEntity
  8
FURN
100
AcDbLine
 10
2188.252386699765
 20
3367.500348591059
 30
0.0
 11
2188.252386699736
 21
3467.500348591059
 31
0.0
  0
LINE
  5
546
330
523
100
AcDbEntity
  8
FURN
100
AcDbLine
 10
2163.252386699765
 20
3367.500348591049
 30
0.0
 11
2163.252386699737
 21
3467.50034859105
 31
0.0
  0
LINE
  5
547
330
523
100
AcDbEntity
  8
FURN
100
AcDbLine
 10
2463.252386699969
 20
2817.500348591158
 30
0.0
 11
2563.252386699969
 21
2817.500348591194
 31
0.0
  0
LINE
  5
548
330
523
100
AcDbEntity
  8
FURN
100
AcDbLine
 10
2463.25238669994
 20
2867.500348591159
 30
0.0
 11
2563.25238669994
 21
2867.500348591193
 31
0.0
  0
LINE
  5
549
330
523
100
AcDbEntity
  8
FURN
100
AcDbLine
 10
2463.252386699926
 20
2917.500348591159
 30
0.0
 11
2563.252386699927
 21
2917.500348591194
 31
0.0
  0
LINE
  5
54A
330
523
100
AcDbEntity
  8
FURN
100
AcDbLine
 10
2463.252386699911
 20
2967.500348591159
 30
0.0
 11
2563.252386699911
 21
2967.500348591194
 31
0.0
  0
LINE
  5
54B
330
523
100
AcDbEntity
  8
FURN
100
AcDbLine
 10
2463.252386699896
 20
3017.500348591159
 30
0.0
 11
2563.252386699896
 21
3017.500348591193
 31
0.0
  0
LINE
  5
54C
330
523
100
AcDbEntity
  8
FURN
100
AcDbLine
 10
2463.252386699882
 20
3067.500348591158
 30
0.0
 11
2563.252386699882
 21
3067.500348591194
 31
0.0
  0
LINE
  5
54D
330
523
100
AcDbEntity
  8
FURN
100
AcDbLine
 10
2463.252386699853
 20
3117.500348591159
 30
0.0
 11
2563.252386699853
 21
3117.500348591193
 31
0.0
  0
LINE
  5
54E
330
523
100
AcDbEntity
  8
FURN
100
AcDbLine
 10
2463.252386699839
 20
3167.500348591159
 30
0.0
 11
2563.252386699839
 21
3167.500348591194
 31
0.0
  0
LINE
  5
54F
330
523
100
AcDbEntity
  8
FURN
100
AcDbLine
 10
2463.252386699824
 20
3217.500348591158
 30
0.0
 11
2563.252386699824
 21
3217.500348591194
 31
0.0
  0
LINE
  5
550
330
523
100
AcDbEntity
  8
FURN
100
AcDbLine
 10
2463.252386699809
 20
3267.500348591158
 30
0.0
 11
2563.252386699809
 21
3267.500348591194
 31
0.0
  0
LINE
  5
551
330
523
100
AcDbEntity
  8
FURN
100
AcDbLine
 10
2463.25238669978
 20
3317.500348591158
 30
0.0
 11
2563.25238669978
 21
3317.500348591194
 31
0.0
  0
LINE
  5
552
330
523
100
AcDbEntity
  8
FURN
100
AcDbLine
 10
2463.252386699766
 20
3367.500348591158
 30
0.0
 11
2563.252386699766
 21
3367.500348591194
 31
0.0
  0
LINE
  5
553
330
523
100
AcDbEntity
  8
FURN
100
AcDbLine
 10
2421.585720033036
 20
3325.833681924486
 30
0.0
 11
2163.66869519616
 21
3325.833681924392
 31
0.0
  0
LINE
  5
554
330
523
100
AcDbEntity
  8
FURN
100
AcDbLine
 10
2463.252386699766
 20
3367.500348591158
 30
0.0
 11
2163.668695196145
 21
3367.500348591049
 31
0.0
  0
ARC
  5
555
330
523
100
AcDbEntity
  8
FURN
100
AcDbCircle
 10
2134.611121070353
 20
2941.417600576532
 30
0.0
 40
98.23650404698923
100
AcDbArc
 50
192.406637355151
 51
72.79496347793344
  0
LINE
  5
556
330
523
100
AcDbEntity
  8
FURN
100
AcDbLine
 10
2163.668695196117
 20
3461.978304939658
 30
0.0
 11
2163.668695196262
 21
3035.258253351836
 31
0.0
  0
ARC
  5
557
330
523
100
AcDbEntity
  8
FURN
100
AcDbCircle
 10
2038.668695196117
 20
3461.978304939614
 30
0.0
 40
125.0
100
AcDbArc
 50
0.0000000000205337
 51
90.00000000002055
  0
LINE
  5
558
330
523
100
AcDbEntity
  8
FURN
100
AcDbLine
 10
2038.668695196073
 20
3586.978304939614
 30
0.0
 11
1038.668695196073
 21
3586.978304939255
 31
0.0
  0
LINE
  5
559
330
523
100
AcDbEntity
  8
FURN
100
AcDbLine
 10
2038.668695196131
 20
3420.311638272944
 30
0.0
 11
1038.668695196131
 21
3420.311638272585
 31
0.0
  0
LINE
  5
55A
330
523
100
AcDbEntity
  8
FURN
100
AcDbLine
 10
2038.668695196117
 20
3461.978304939614
 30
0.0
 11
1038.668695196116
 21
3461.978304939255
 31
0.0
  0
LINE
  5
55B
330
523
100
AcDbEntity
  8
FURN
100
AcDbLine
 10
913.6686951961163
 20
3461.97830493921
 30
0.0
 11
913.6686951962621
 21
3035.258253351389
 31
0.0
  0
LINE
  5
55C
330
523
100
AcDbEntity
  8
FURN
100
AcDbLine
 10
1038.668695196116
 20
3461.978304939255
 30
0.0
 11
1038.668695196306
 21
2920.311638272585
 31
0.0
  0
LINE
  5
55D
330
523
100
AcDbEntity
  8
FURN
100
AcDbLine
 10
2038.668695196306
 20
2920.311638272942
 30
0.0
 11
2038.668695196117
 21
3461.978304939614
 31
0.0
  0
LINE
  5
55E
330
523
100
AcDbEntity
  8
FURN
100
AcDbLine
 10
1538.668695196116
 20
3461.978304939434
 30
0.0
 11
1538.668695196306
 21
2920.311638272762
 31
0.0
  0
ARC
  5
55F
330
523
100
AcDbEntity
  8
FURN
100
AcDbCircle
 10
942.7262693222292
 20
2941.417600576104
 30
0.0
 40
98.23650404698923
100
AcDbArc
 50
107.2050365221075
 51
347.59336264489
  0
ARC
  5
560
330
523
100
AcDbEntity
  8
FURN
100
AcDbCircle
 10
1038.668695196116
 20
3461.978304939255
 30
0.0
 40
125.0
100
AcDbArc
 50
90.00000000002055
 51
180.0000000000205
  0
CIRCLE
  5
561
330
523
100
AcDbEntity
  8
FURN
100
AcDbCircle
 10
1617.835361862904
 20
3316.14497160612
 30
0.0
 40
16.66666666666667
  0
CIRCLE
  5
562
330
523
100
AcDbEntity
  8
FURN
100
AcDbCircle
 10
1622.002028529765
 20
2978.644971606122
 30
0.0
 40
16.66666666666667
  0
CIRCLE
  5
563
330
523
100
AcDbEntity
  8
FURN
100
AcDbCircle
 10
1959.502028529765
 20
2982.811638272915
 30
0.0
 40
16.66666666666667
  0
CIRCLE
  5
564
330
523
100
AcDbEntity
  8
FURN
100
AcDbCircle
 10
1955.335361862904
 20
3320.311638272914
 30
0.0
 40
16.66666666666667
  0
CIRCLE
  5
565
330
523
100
AcDbEntity
  8
FURN
100
AcDbCircle
 10
1117.835361862904
 20
3316.144971605956
 30
0.0
 40
16.66666666666667
  0
CIRCLE
  5
566
330
523
100
AcDbEntity
  8
FURN
100
AcDbCircle
 10
1122.002028529765
 20
2978.644971605943
 30
0.0
 40
16.66666666666667
  0
CIRCLE
  5
567
330
523
100
AcDbEntity
  8
FURN
100
AcDbCircle
 10
1459.502028529765
 20
2982.811638272735
 30
0.0
 40
16.66666666666667
  0
CIRCLE
  5
568
330
523
100
AcDbEntity
  8
FURN
100
AcDbCircle
 10
1455.335361862904
 20
3320.311638272733
 30
0.0
 40
16.66666666666667
  0
CIRCLE
  5
569
330
523
100
AcDbEntity
  8
FURN
100
AcDbCircle
 10
1788.668695196218
 20
3149.478304939524
 30
0.0
 40
16.66666666666667
  0
CIRCLE
  5
56A
330
523
100
AcDbEntity
  8
FURN
100
AcDbCircle
 10
1288.668695196218
 20
3149.478304939345
 30
0.0
 40
16.66666666666667
  0
ARC
  5
56B
330
523
100
AcDbEntity
  8
FURN
100
AcDbCircle
 10
1788.668695196058
 20
3627.418419459405
 30
0.0
 40
750.0
100
AcDbArc
 50
250.5287793655247
 51
289.4712206345163
  0
ARC
  5
56C
330
523
100
AcDbEntity
  8
FURN
100
AcDbCircle
 10
1288.668695196058
 20
3627.418419459225
 30
0.0
 40
750.0
100
AcDbArc
 50
250.5287793655247
 51
289.4712206345163
  0
LINE
  5
56D
330
523
100
AcDbEntity
  8
FURN
100
AcDbLine
 10
640.8755232846451
 20
3367.500348590505
 30
0.0
 11
913.6686951961456
 21
3367.500348590602
 31
0.0
  0
LINE
  5
56E
330
523
100
AcDbEntity
  8
FURN
100
AcDbLine
 10
913.6686951961602
 20
3325.833681923945
 30
0.0
 11
640.8755232846597
 21
3325.833681923849
 31
0.0
  0
LINE
  5
56F
330
523
100
AcDbEntity
  8
FURN
100
AcDbLine
 10
913.6686951961456
 20
3367.500348590602
 30
0.0
 11
640.8755232846451
 21
3367.500348590505
 31
0.0
  0
ARC
  5
570
330
523
100
AcDbEntity
  8
FURN
100
AcDbCircle
 10
645.5607559618511
 20
944.2035455876213
 30
0.0
 40
98.23650404698923
100
AcDbArc
 50
197.2050365221037
 51
77.5933626448773
  0
ARC
  5
571
330
523
100
AcDbEntity
  8
FURN
100
AcDbCircle
 10
125.0000515985302
 20
1040.145971461583
 30
0.0
 40
125.0
100
AcDbArc
 50
180.0000000000205
 51
270.0000000000205
  0
ARC
  5
572
330
523
100
AcDbEntity
  8
FURN
100
AcDbCircle
 10
-40.44006292134873
 20
1290.145971461525
 30
0.0
 40
750.0
100
AcDbArc
 50
340.5287793655225
 51
19.47122063451854
  0
ARC
  5
573
330
523
100
AcDbEntity
  8
FURN
100
AcDbCircle
 10
-40.44006292152334
 20
1790.145971461525
 30
0.0
 40
750.0
100
AcDbArc
 50
340.5287793655225
 51
19.47122063451854
  0
CIRCLE
  5
574
330
523
100
AcDbEntity
  8
FURN
100
AcDbCircle
 10
437.5000515980791
 20
2290.145971461696
 30
0.0
 40
16.66666666666667
  0
CIRCLE
  5
575
330
523
100
AcDbEntity
  8
FURN
100
AcDbCircle
 10
266.6667182649544
 20
1956.812638128291
 30
0.0
 40
16.66666666666667
  0
CIRCLE
  5
576
330
523
100
AcDbEntity
  8
FURN
100
AcDbCircle
 10
604.1667182649542
 20
1960.979304795084
 30
0.0
 40
16.66666666666667
  0
CIRCLE
  5
577
330
523
100
AcDbEntity
  8
FURN
100
AcDbCircle
 10
270.8333849316405
 20
2119.312638128294
 30
0.0
 40
16.66666666666667
  0
CIRCLE
  5
578
330
523
100
AcDbEntity
  8
FURN
100
AcDbCircle
 10
608.3333849316402
 20
2123.479304795084
 30
0.0
 40
16.66666666666667
  0
CIRCLE
  5
579
330
523
100
AcDbEntity
  8
FURN
100
AcDbCircle
 10
604.1667182647652
 20
2460.979304795085
 30
0.0
 40
16.66666666666667
  0
CIRCLE
  5
57A
330
523
100
AcDbEntity
  8
FURN
100
AcDbCircle
 10
266.6667182647652
 20
2456.812638128291
 30
0.0
 40
16.66666666666667
  0
LINE
  5
57B
330
523
100
AcDbEntity
  8
FURN
100
AcDbLine
 10
221.273152898575
 20
920.6747782495185
 30
0.0
 11
121.273152898575
 21
920.6747782494822
 31
0.0
  0
CIRCLE
  5
57C
330
523
100
AcDbEntity
  8
FURN
100
AcDbCircle
 10
437.5000515984428
 20
1290.145971461696
 30
0.0
 40
16.66666666666667
  0
CIRCLE
  5
57D
330
523
100
AcDbEntity
  8
FURN
100
AcDbCircle
 10
437.5000515982683
 20
1790.145971461696
 30
0.0
 40
16.66666666666667
  0
CIRCLE
  5
57E
330
523
100
AcDbEntity
  8
FURN
100
AcDbCircle
 10
266.666718265129
 20
1456.812638128291
 30
0.0
 40
16.66666666666667
  0
CIRCLE
  5
57F
330
523
100
AcDbEntity
  8
FURN
100
AcDbCircle
 10
604.1667182651289
 20
1460.979304795084
 30
0.0
 40
16.66666666666667
  0
CIRCLE
  5
580
330
523
100
AcDbEntity
  8
FURN
100
AcDbCircle
 10
608.3333849319897
 20
1123.479304795099
 30
0.0
 40
16.66666666666667
  0
CIRCLE
  5
581
330
523
100
AcDbEntity
  8
FURN
100
AcDbCircle
 10
270.8333849319897
 20
1119.312638128293
 30
0.0
 40
16.66666666666667
  0
CIRCLE
  5
582
330
523
100
AcDbEntity
  8
FURN
100
AcDbCircle
 10
608.3333849318151
 20
1623.479304795084
 30
0.0
 40
16.66666666666667
  0
CIRCLE
  5
583
330
523
100
AcDbEntity
  8
FURN
100
AcDbCircle
 10
270.8333849318151
 20
1619.312638128293
 30
0.0
 40
16.66666666666667
  0
LINE
  5
584
330
523
100
AcDbEntity
  8
FURN
100
AcDbLine
 10
125.0000515983556
 20
1540.145971461583
 30
0.0
 11
666.6667182650999
 21
1540.145971461778
 31
0.0
  0
LINE
  5
585
330
523
100
AcDbEntity
  8
FURN
100
AcDbLine
 10
666.6667182649251
 20
2040.145971461778
 30
0.0
 11
125.000051598181
 21
2040.145971461583
 31
0.0
  0
LINE
  5
586
330
523
100
AcDbEntity
  8
FURN
100
AcDbLine
 10
125.0000515985302
 20
1040.145971461583
 30
0.0
 11
666.6667182652745
 21
1040.145971461778
 31
0.0
  0
LINE
  5
587
330
523
100
AcDbEntity
  8
FURN
100
AcDbLine
 10
1352.222412898322
 20
2040.212223437973
 30
0.0
 11
1852.222412898322
 21
2040.212223438151
 31
0.0
  0
LINE
  5
588
330
523
100
AcDbEntity
  8
FURN
100
AcDbLine
 10
1227.222412898278
 20
2165.212223437928
 30
0.0
 11
1977.222412898278
 21
2165.212223438197
 31
0.0
  0
LINE
  5
589
330
523
100
AcDbEntity
  8
FURN
100
AcDbLine
 10
1185.555746231519
 20
2206.87889010457
 30
0.0
 11
2018.889079564775
 21
2206.878890104869
 31
0.0
  0
LINE
  5
58A
330
523
100
AcDbEntity
  8
FURN
100
AcDbLine
 10
2463.252386700304
 20
1867.500348591158
 30
0.0
 11
2563.252386700304
 21
1867.500348591193
 31
0.0
  0
LINE
  5
58B
330
523
100
AcDbEntity
  8
FURN
100
AcDbLine
 10
2463.252386700289
 20
1917.500348591158
 30
0.0
 11
2563.252386700289
 21
1917.500348591193
 31
0.0
  0
LINE
  5
58C
330
523
100
AcDbEntity
  8
FURN
100
AcDbLine
 10
2463.252386700276
 20
1967.500348591158
 30
0.0
 11
2563.252386700276
 21
1967.500348591193
 31
0.0
  0
LINE
  5
58D
330
523
100
AcDbEntity
  8
FURN
100
AcDbLine
 10
2463.252386700246
 20
2017.500348591159
 30
0.0
 11
2563.252386700245
 21
2017.500348591193
 31
0.0
  0
LINE
  5
58E
330
523
100
AcDbEntity
  8
FURN
100
AcDbLine
 10
2463.252386700231
 20
2067.500348591158
 30
0.0
 11
2563.252386700231
 21
2067.500348591193
 31
0.0
  0
LINE
  5
58F
330
523
100
AcDbEntity
  8
FURN
100
AcDbLine
 10
2463.252386700216
 20
2117.500348591159
 30
0.0
 11
2563.252386700217
 21
2117.500348591193
 31
0.0
  0
LINE
  5
590
330
523
100
AcDbEntity
  8
FURN
100
AcDbLine
 10
2463.252386700202
 20
2167.500348591159
 30
0.0
 11
2563.252386700202
 21
2167.500348591193
 31
0.0
  0
LINE
  5
591
330
523
100
AcDbEntity
  8
FURN
100
AcDbLine
 10
2463.252386700173
 20
2217.500348591158
 30
0.0
 11
2563.252386700173
 21
2217.500348591193
 31
0.0
  0
LINE
  5
592
330
523
100
AcDbEntity
  8
FURN
100
AcDbLine
 10
2463.252386700159
 20
2267.500348591159
 30
0.0
 11
2563.252386700158
 21
2267.500348591193
 31
0.0
  0
LINE
  5
593
330
523
100
AcDbEntity
  8
FURN
100
AcDbLine
 10
2463.252386700145
 20
2317.500348591158
 30
0.0
 11
2563.252386700144
 21
2317.500348591193
 31
0.0
  0
LINE
  5
594
330
523
100
AcDbEntity
  8
FURN
100
AcDbLine
 10
2463.252386700129
 20
2367.500348591159
 30
0.0
 11
2563.25238670013
 21
2367.500348591193
 31
0.0
  0
LINE
  5
595
330
523
100
AcDbEntity
  8
FURN
100
AcDbLine
 10
2463.252386700115
 20
2417.500348591159
 30
0.0
 11
2563.252386700115
 21
2417.500348591193
 31
0.0
  0
LINE
  5
596
330
523
100
AcDbEntity
  8
FURN
100
AcDbLine
 10
2463.252386700086
 20
2467.500348591159
 30
0.0
 11
2563.252386700086
 21
2467.500348591193
 31
0.0
  0
LINE
  5
597
330
523
100
AcDbEntity
  8
FURN
100
AcDbLine
 10
2463.252386700071
 20
2517.500348591159
 30
0.0
 11
2563.252386700071
 21
2517.500348591193
 31
0.0
  0
LINE
  5
598
330
523
100
AcDbEntity
  8
FURN
100
AcDbLine
 10
1852.222412898496
 20
1540.212223438151
 30
0.0
 11
1352.222412898496
 21
1540.212223437973
 31
0.0
  0
LINE
  5
599
330
523
100
AcDbEntity
  8
FURN
100
AcDbLine
 10
1977.222412898539
 20
1415.212223438197
 30
0.0
 11
1227.22241289854
 21
1415.212223437928
 31
0.0
  0
LINE
  5
59A
330
523
100
AcDbEntity
  8
FURN
100
AcDbLine
 10
2018.889079565066
 20
1373.54555677154
 30
0.0
 11
1185.55574623181
 21
1373.545556771241
 31
0.0
  0
LINE
  5
59B
330
523
100
AcDbEntity
  8
FURN
100
AcDbLine
 10
2463.252386700638
 20
917.5003485911584
 30
0.0
 11
2563.252386700638
 21
917.5003485911927
 31
0.0
  0
LINE
  5
59C
330
523
100
AcDbEntity
  8
FURN
100
AcDbLine
 10
2463.252386700624
 20
967.5003485911584
 30
0.0
 11
2563.252386700624
 21
967.5003485911927
 31
0.0
  0
LINE
  5
59D
330
523
100
AcDbEntity
  8
FURN
100
AcDbLine
 10
2463.252386700609
 20
1017.500348591158
 30
0.0
 11
2563.25238670061
 21
1017.500348591193
 31
0.0
  0
LINE
  5
59E
330
523
100
AcDbEntity
  8
FURN
100
AcDbLine
 10
2463.252386700596
 20
1067.500348591158
 30
0.0
 11
2563.252386700595
 21
1067.500348591193
 31
0.0
  0
LINE
  5
59F
330
523
100
AcDbEntity
  8
FURN
100
AcDbLine
 10
2463.25238670058
 20
1117.500348591158
 30
0.0
 11
2563.25238670058
 21
1117.500348591193
 31
0.0
  0
LINE
  5
5A0
330
523
100
AcDbEntity
  8
FURN
100
AcDbLine
 10
2463.252386700551
 20
1167.500348591158
 30
0.0
 11
2563.252386700551
 21
1167.500348591193
 31
0.0
  0
LINE
  5
5A1
330
523
100
AcDbEntity
  8
FURN
100
AcDbLine
 10
2463.252386700537
 20
1217.500348591158
 30
0.0
 11
2563.252386700537
 21
1217.500348591193
 31
0.0
  0
LINE
  5
5A2
330
523
100
AcDbEntity
  8
FURN
100
AcDbLine
 10
2463.252386700522
 20
1267.500348591158
 30
0.0
 11
2563.252386700523
 21
1267.500348591193
 31
0.0
  0
LINE
  5
5A3
330
523
100
AcDbEntity
  8
FURN
100
AcDbLine
 10
2463.252386700508
 20
1317.500348591158
 30
0.0
 11
2563.252386700508
 21
1317.500348591193
 31
0.0
  0
LINE
  5
5A4
330
523
100
AcDbEntity
  8
FURN
100
AcDbLine
 10
2463.252386700478
 20
1367.500348591158
 30
0.0
 11
2563.252386700479
 21
1367.500348591193
 31
0.0
  0
LINE
  5
5A5
330
523
100
AcDbEntity
  8
FURN
100
AcDbLine
 10
2463.252386700464
 20
1417.500348591158
 30
0.0
 11
2563.252386700464
 21
1417.500348591193
 31
0.0
  0
LINE
  5
5A6
330
523
100
AcDbEntity
  8
FURN
100
AcDbLine
 10
2463.25238670045
 20
1467.500348591158
 30
0.0
 11
2563.25238670045
 21
1467.500348591193
 31
0.0
  0
LINE
  5
5A7
330
523
100
AcDbEntity
  8
FURN
100
AcDbLine
 10
2463.252386700435
 20
1517.500348591158
 30
0.0
 11
2563.252386700435
 21
1517.500348591193
 31
0.0
  0
LINE
  5
5A8
330
523
100
AcDbEntity
  8
FURN
100
AcDbLine
 10
2463.252386700406
 20
1567.500348591158
 30
0.0
 11
2563.252386700406
 21
1567.500348591193
 31
0.0
  0
LINE
  5
5A9
330
523
100
AcDbEntity
  8
FURN
100
AcDbLine
 10
2463.252386700391
 20
1617.500348591158
 30
0.0
 11
2563.252386700391
 21
1617.500348591193
 31
0.0
  0
LINE
  5
5AA
330
523
100
AcDbEntity
  8
FURN
100
AcDbLine
 10
2463.252386700377
 20
1667.500348591158
 30
0.0
 11
2563.252386700377
 21
1667.500348591193
 31
0.0
  0
LINE
  5
5AB
330
523
100
AcDbEntity
  8
FURN
100
AcDbLine
 10
2463.252386700362
 20
1717.500348591158
 30
0.0
 11
2563.252386700362
 21
1717.500348591193
 31
0.0
  0
LINE
  5
5AC
330
523
100
AcDbEntity
  8
FURN
100
AcDbLine
 10
2463.252386700347
 20
1767.500348591158
 30
0.0
 11
2563.252386700348
 21
1767.500348591193
 31
0.0
  0
LINE
  5
5AD
330
523
100
AcDbEntity
  8
FURN
100
AcDbLine
 10
2463.252386700319
 20
1817.500348591158
 30
0.0
 11
2563.252386700318
 21
1817.500348591193
 31
0.0
  0
LINE
  5
5AE
330
523
100
AcDbEntity
  8
FURN
100
AcDbLine
 10
1352.222412898496
 20
1540.212223437973
 30
0.0
 11
1352.222412898322
 21
2040.212223437973
 31
0.0
  0
LINE
  5
5AF
330
523
100
AcDbEntity
  8
FURN
100
AcDbLine
 10
1852.222412898322
 20
2040.212223438151
 30
0.0
 11
1852.222412898496
 21
1540.212223438151
 31
0.0
  0
LINE
  5
5B0
330
523
100
AcDbEntity
  8
FURN
100
AcDbLine
 10
1227.22241289854
 20
1415.212223437928
 30
0.0
 11
1227.222412898278
 21
2165.212223437928
 31
0.0
  0
LINE
  5
5B1
330
523
100
AcDbEntity
  8
FURN
100
AcDbLine
 10
1977.222412898278
 20
2165.212223438197
 30
0.0
 11
1977.222412898539
 21
1415.212223438197
 31
0.0
  0
LINE
  5
5B2
330
523
100
AcDbEntity
  8
FURN
100
AcDbLine
 10
1185.55574623181
 20
1373.545556771241
 30
0.0
 11
1185.555746231519
 21
2206.87889010457
 31
0.0
  0
LINE
  5
5B3
330
523
100
AcDbEntity
  8
FURN
100
AcDbLine
 10
2018.889079564775
 20
2206.878890104869
 30
0.0
 11
2018.889079565066
 21
1373.54555677154
 31
0.0
  0
LINE
  5
5B4
330
523
100
AcDbEntity
  8
FURN
100
AcDbLine
 10
1352.222412898322
 20
2040.212223437973
 30
0.0
 11
1852.222412898496
 21
1540.212223438151
 31
0.0
  0
LINE
  5
5B5
330
523
100
AcDbEntity
  8
FURN
100
AcDbLine
 10
1352.222412898496
 20
1540.212223437973
 30
0.0
 11
1852.222412898322
 21
2040.212223438151
 31
0.0
  0
ARC
  5
5B6
330
523
100
AcDbEntity
  8
FURN
100
AcDbCircle
 10
645.5607559612397
 20
2636.08839733592
 30
0.0
 40
98.23650404698923
100
AcDbArc
 50
282.4066373551637
 51
162.7949634779373
  0
LINE
  5
5B7
330
523
100
AcDbEntity
  8
FURN
100
AcDbLine
 10
221.2731528979493
 20
2670.674778249519
 30
0.0
 11
121.2731528979493
 21
2670.674778249483
 31
0.0
  0
LINE
  5
5B8
330
523
100
AcDbEntity
  8
FURN
100
AcDbLine
 10
221.2731528979348
 20
2720.674778249519
 30
0.0
 11
121.2731528979348
 21
2720.674778249482
 31
0.0
  0
LINE
  5
5B9
330
523
100
AcDbEntity
  8
FURN
100
AcDbLine
 10
221.2731528979202
 20
2770.67477824952
 30
0.0
 11
121.2731528979202
 21
2770.674778249482
 31
0.0
  0
ARC
  5
5BA
330
523
100
AcDbEntity
  8
FURN
100
AcDbCircle
 10
125.0000515979918
 20
2540.145971461583
 30
0.0
 40
125.0
100
AcDbArc
 50
90.00000000002055
 51
180.0000000000205
  0
LINE
  5
5BB
330
523
100
AcDbEntity
  8
FURN
100
AcDbLine
 10
125.0000515979482
 20
2665.145971461583
 30
0.0
 11
551.7201031857402
 21
2665.145971461738
 31
0.0
  0
LINE
  5
5BC
330
523
100
AcDbEntity
  8
FURN
100
AcDbLine
 10
666.6667182647508
 20
2540.145971461778
 30
0.0
 11
125.0000515980064
 21
2540.145971461583
 31
0.0
  0
LINE
  5
5BD
330
523
100
AcDbEntity
  8
FURN
100
AcDbLine
 10
2463.252386700057
 20
2567.500348591158
 30
0.0
 11
2563.252386700057
 21
2567.500348591193
 31
0.0
  0
LINE
  5
5BE
330
523
100
AcDbEntity
  8
FURN
100
AcDbLine
 10
2463.252386700042
 20
2617.500348591159
 30
0.0
 11
2563.252386700042
 21
2617.500348591193
 31
0.0
  0
LINE
  5
5BF
330
523
100
AcDbEntity
  8
FURN
100
AcDbLine
 10
2463.252386700013
 20
2667.500348591159
 30
0.0
 11
2563.252386700013
 21
2667.500348591193
 31
0.0
  0
LINE
  5
5C0
330
523
100
AcDbEntity
  8
FURN
100
AcDbLine
 10
2463.252386699998
 20
2717.500348591159
 30
0.0
 11
2563.252386699998
 21
2717.500348591193
 31
0.0
  0
LINE
  5
5C1
330
523
100
AcDbEntity
  8
FURN
100
AcDbLine
 10
2463.252386699984
 20
2767.500348591159
 30
0.0
 11
2563.252386699984
 21
2767.500348591193
 31
0.0
  0
ARC
  5
5C2
330
523
100
AcDbEntity
  8
FURN
100
AcDbCircle
 10
-40.44006292171252
 20
2290.145971461525
 30
0.0
 40
750.0
100
AcDbArc
 50
340.5287793655225
 51
19.47122063451854
  0
LINE
  5
5C3
330
523
100
AcDbEntity
  8
FURN
100
AcDbLine
 10
166.6667182647507
 20
2540.145971461598
 30
0.0
 11
166.6667182652745
 21
1040.145971461597
 31
0.0
  0
LINE
  5
5C4
330
523
100
AcDbEntity
  8
FURN
100
AcDbLine
 10
125.0000515980064
 20
2540.145971461583
 30
0.0
 11
125.0000515985302
 21
1040.145971461583
 31
0.0
  0
LINE
  5
5C5
330
523
100
AcDbEntity
  8
FURN
100
AcDbLine
 10
0.0000515980063938
 20
2540.145971461538
 30
0.0
 11
0.0000515985302627
 21
1040.145971461537
 31
0.0
  0
LINE
  5
5C6
330
523
100
AcDbEntity
  8
FURN
100
AcDbLine
 10
763.2523867009004
 20
199.7772672701412
 30
0.0
 11
763.252386700944
 21
99.77726727014124
 31
0.0
  0
LINE
  5
5C7
330
523
100
AcDbEntity
  8
FURN
100
AcDbLine
 10
140.8755232858093
 20
112.6692343395371
 30
0.0
 11
140.8755232856347
 21
612.6692343395371
 31
0.0
  0
LINE
  5
5C8
330
523
100
AcDbEntity
  8
FURN
100
AcDbLine
 10
640.8755232856345
 20
612.6692343397171
 30
0.0
 11
640.8755232858092
 21
112.6692343397171
 31
0.0
  0
LINE
  5
5C9
330
523
100
AcDbEntity
  8
FURN
100
AcDbLine
 10
390.8755232857219
 20
362.6692343396261
 30
0.0
 11
390.8755232856492
 21
557.7455800064035
 31
0.0
  0
LINE
  5
5CA
330
523
100
AcDbEntity
  8
FURN
100
AcDbLine
 10
663.2523867009004
 20
199.7772672701048
 30
0.0
 11
663.2523867009439
 21
99.77726727010487
 31
0.0
  0
LINE
  5
5CB
330
523
100
AcDbEntity
  8
FURN
100
AcDbLine
 10
713.2523867009004
 20
199.777267270123
 30
0.0
 11
713.252386700944
 21
99.77726727012305
 31
0.0
  0
LINE
  5
5CC
330
523
100
AcDbEntity
  8
FURN
100
AcDbLine
 10
640.8755232858092
 20
112.6692343397171
 30
0.0
 11
140.8755232858093
 21
112.6692343395371
 31
0.0
  0
LINE
  5
5CD
330
523
100
AcDbEntity
  8
FURN
100
AcDbLine
 10
390.8755232857219
 20
362.6692343396261
 30
0.0
 11
390.8755232857948
 21
167.5928886728488
 31
0.0
  0
LINE
  5
5CE
330
523
100
AcDbEntity
  8
FURN
100
AcDbLine
 10
390.8755232857219
 20
362.6692343396261
 30
0.0
 11
195.7991776189446
 21
362.6692343395571
 31
0.0
  0
LINE
  5
5CF
330
523
100
AcDbEntity
  8
FURN
100
AcDbLine
 10
390.8755232857219
 20
362.6692343396261
 30
0.0
 11
585.9518689524992
 21
362.6692343396971
 31
0.0
  0
CIRCLE
  5
5D0
330
523
100
AcDbEntity
  8
FURN
100
AcDbCircle
 10
390.8755232857219
 20
362.669234339628
 30
0.0
 40
166.6666666666667
  0
CIRCLE
  5
5D1
330
523
100
AcDbEntity
  8
FURN
100
AcDbCircle
 10
390.8755232857219
 20
362.669234339628
 30
0.0
 40
108.3333333333333
  0
LINE
  5
5D2
330
523
100
AcDbEntity
  8
FURN
100
AcDbLine
 10
140.8755232856347
 20
612.6692343395371
 30
0.0
 11
640.8755232856345
 21
612.6692343397171
 31
0.0
  0
LINE
  5
5D3
330
523
100
AcDbEntity
  8
FURN
100
AcDbLine
 10
221.2731528986915
 20
620.6747782495185
 30
0.0
 11
121.2731528986914
 21
620.674778249482
 31
0.0
  0
LINE
  5
5D4
330
523
100
AcDbEntity
  8
FURN
100
AcDbLine
 10
221.2731528986769
 20
670.6747782495185
 30
0.0
 11
121.2731528986769
 21
670.674778249482
 31
0.0
  0
LINE
  5
5D5
330
523
100
AcDbEntity
  8
FURN
100
AcDbLine
 10
221.2731528986478
 20
720.6747782495185
 30
0.0
 11
121.2731528986478
 21
720.674778249482
 31
0.0
  0
LINE
  5
5D6
330
523
100
AcDbEntity
  8
FURN
100
AcDbLine
 10
221.2731528986333
 20
770.6747782495185
 30
0.0
 11
121.2731528986332
 21
770.674778249482
 31
0.0
  0
LINE
  5
5D7
330
523
100
AcDbEntity
  8
FURN
100
AcDbLine
 10
221.2731528986187
 20
820.6747782495185
 30
0.0
 11
121.2731528986187
 21
820.6747782494822
 31
0.0
  0
LINE
  5
5D8
330
523
100
AcDbEntity
  8
FURN
100
AcDbLine
 10
221.2731528986042
 20
870.6747782495185
 30
0.0
 11
121.273152898604
 21
870.6747782494822
 31
0.0
  0
LINE
  5
5D9
330
523
100
AcDbEntity
  8
FURN
100
AcDbLine
 10
262.9398195651011
 20
915.1459714616319
 30
0.0
 11
262.9398195652029
 21
612.6692343395807
 31
0.0
  0
LINE
  5
5DA
330
523
100
AcDbEntity
  8
FURN
100
AcDbLine
 10
221.2731528985896
 20
915.1459714616176
 30
0.0
 11
221.2731528986915
 21
612.6692343395658
 31
0.0
  0
LINE
  5
5DB
330
523
100
AcDbEntity
  8
FURN
100
AcDbLine
 10
125.0000515985884
 20
915.1459714615828
 30
0.0
 11
551.7201031863804
 21
915.1459714617358
 31
0.0
  0
LINE
  5
5DC
330
523
100
AcDbEntity
  8
FURN
100
AcDbLine
 10
1382.015748967984
 20
125.0000517600183
 30
0.0
 11
1382.015748967824
 21
551.7201033478395
 31
0.0
  0
LINE
  5
5DD
330
523
100
AcDbEntity
  8
FURN
100
AcDbLine
 10
1507.015748967984
 20
125.000051760062
 30
0.0
 11
1507.015748967795
 21
666.6667184267189
 31
0.0
  0
LINE
  5
5DE
330
523
100
AcDbEntity
  8
FURN
100
AcDbLine
 10
2007.015748967984
 20
125.000051760242
 30
0.0
 11
2007.015748967795
 21
666.666718426899
 31
0.0
  0
LINE
  5
5DF
330
523
100
AcDbEntity
  8
FURN
100
AcDbLine
 10
2132.015748967984
 20
125.0000517602857
 30
0.0
 11
2132.015748967824
 21
551.7201033481068
 31
0.0
  0
LINE
  5
5E0
330
523
100
AcDbEntity
  8
FURN
100
AcDbLine
 10
2463.252386700828
 20
417.5003485911584
 30
0.0
 11
2563.252386700828
 21
417.5003485911926
 31
0.0
  0
LINE
  5
5E1
330
523
100
AcDbEntity
  8
FURN
100
AcDbLine
 10
2463.252386700813
 20
467.5003485911584
 30
0.0
 11
2563.252386700813
 21
467.5003485911926
 31
0.0
  0
LINE
  5
5E2
330
523
100
AcDbEntity
  8
FURN
100
AcDbLine
 10
2463.252386700784
 20
517.5003485911584
 30
0.0
 11
2563.252386700784
 21
517.5003485911927
 31
0.0
  0
CIRCLE
  5
5E3
330
523
100
AcDbEntity
  8
FURN
100
AcDbCircle
 10
1757.015748967868
 20
437.5000517601526
 30
0.0
 40
16.66666666666667
  0
LINE
  5
5E4
330
523
100
AcDbEntity
  8
FURN
100
AcDbLine
 10
2463.252386700901
 20
199.7772672707506
 30
0.0
 11
2518.809410002883
 21
116.630306040508
 31
0.0
  0
LINE
  5
5E5
330
523
100
AcDbEntity
  8
FURN
100
AcDbLine
 10
2463.252386700901
 20
199.7772672707506
 30
0.0
 11
2557.94539965046
 21
167.6333207404568
 31
0.0
  0
LINE
  5
5E6
330
523
100
AcDbEntity
  8
FURN
100
AcDbLine
 10
813.2523867009004
 20
199.7772672701576
 30
0.0
 11
813.2523867009441
 21
99.77726727015758
 31
0.0
  0
LINE
  5
5E7
330
523
100
AcDbEntity
  8
FURN
100
AcDbLine
 10
863.2523867009004
 20
199.7772672701758
 30
0.0
 11
863.2523867009441
 21
99.7772672701758
 31
0.0
  0
LINE
  5
5E8
330
523
100
AcDbEntity
  8
FURN
100
AcDbLine
 10
913.2523867009004
 20
199.777267270194
 30
0.0
 11
913.2523867009441
 21
99.77726727019401
 31
0.0
  0
LINE
  5
5E9
330
523
100
AcDbEntity
  8
FURN
100
AcDbLine
 10
963.2523867009004
 20
199.7772672702122
 30
0.0
 11
963.2523867009441
 21
99.7772672702122
 31
0.0
  0
LINE
  5
5EA
330
523
100
AcDbEntity
  8
FURN
100
AcDbLine
 10
1013.2523867009
 20
199.7772672702303
 30
0.0
 11
1013.252386700944
 21
99.77726727023036
 31
0.0
  0
LINE
  5
5EB
330
523
100
AcDbEntity
  8
FURN
100
AcDbLine
 10
1063.2523867009
 20
199.7772672702485
 30
0.0
 11
1063.252386700944
 21
99.77726727024858
 31
0.0
  0
LINE
  5
5EC
330
523
100
AcDbEntity
  8
FURN
100
AcDbLine
 10
1113.2523867009
 20
199.7772672702667
 30
0.0
 11
1113.252386700944
 21
99.77726727026677
 31
0.0
  0
LINE
  5
5ED
330
523
100
AcDbEntity
  8
FURN
100
AcDbLine
 10
1163.2523867009
 20
199.7772672702849
 30
0.0
 11
1163.252386700944
 21
99.77726727028494
 31
0.0
  0
LINE
  5
5EE
330
523
100
AcDbEntity
  8
FURN
100
AcDbLine
 10
1213.2523867009
 20
199.7772672703013
 30
0.0
 11
1213.252386700944
 21
99.7772672703013
 31
0.0
  0
LINE
  5
5EF
330
523
100
AcDbEntity
  8
FURN
100
AcDbLine
 10
1263.2523867009
 20
199.7772672703195
 30
0.0
 11
1263.252386700944
 21
99.77726727031949
 31
0.0
  0
LINE
  5
5F0
330
523
100
AcDbEntity
  8
FURN
100
AcDbLine
 10
1313.2523867009
 20
199.7772672703377
 30
0.0
 11
1313.252386700944
 21
99.7772672703377
 31
0.0
  0
LINE
  5
5F1
330
523
100
AcDbEntity
  8
FURN
100
AcDbLine
 10
1363.2523867009
 20
199.7772672703558
 30
0.0
 11
1363.252386700944
 21
99.77726727035587
 31
0.0
  0
LINE
  5
5F2
330
523
100
AcDbEntity
  8
FURN
100
AcDbLine
 10
2163.252386700901
 20
199.7772672706414
 30
0.0
 11
2163.252386700944
 21
99.77726727064146
 31
0.0
  0
LINE
  5
5F3
330
523
100
AcDbEntity
  8
FURN
100
AcDbLine
 10
2213.252386700901
 20
199.7772672706594
 30
0.0
 11
2213.252386700944
 21
99.77726727065963
 31
0.0
  0
LINE
  5
5F4
330
523
100
AcDbEntity
  8
FURN
100
AcDbLine
 10
2263.252386700901
 20
199.7772672706778
 30
0.0
 11
2263.252386700944
 21
99.77726727067786
 31
0.0
  0
LINE
  5
5F5
330
523
100
AcDbEntity
  8
FURN
100
AcDbLine
 10
2313.2523867009
 20
199.777267270696
 30
0.0
 11
2313.252386700944
 21
99.77726727069605
 31
0.0
  0
LINE
  5
5F6
330
523
100
AcDbEntity
  8
FURN
100
AcDbLine
 10
2363.252386700901
 20
199.7772672707142
 30
0.0
 11
2363.252386700944
 21
99.77726727071422
 31
0.0
  0
LINE
  5
5F7
330
523
100
AcDbEntity
  8
FURN
100
AcDbLine
 10
2413.252386700901
 20
199.7772672707324
 30
0.0
 11
2413.252386700944
 21
99.77726727073241
 31
0.0
  0
LINE
  5
5F8
330
523
100
AcDbEntity
  8
FURN
100
AcDbLine
 10
2463.252386700901
 20
199.7772672707506
 30
0.0
 11
2463.252386700944
 21
99.7772672707506
 31
0.0
  0
LINE
  5
5F9
330
523
100
AcDbEntity
  8
FURN
100
AcDbLine
 10
2463.252386700901
 20
217.5003485911584
 30
0.0
 11
2563.252386700901
 21
217.500348591193
 31
0.0
  0
LINE
  5
5FA
330
523
100
AcDbEntity
  8
FURN
100
AcDbLine
 10
2463.252386700871
 20
267.5003485911584
 30
0.0
 11
2563.252386700872
 21
267.500348591193
 31
0.0
  0
LINE
  5
5FB
330
523
100
AcDbEntity
  8
FURN
100
AcDbLine
 10
2463.252386700857
 20
317.5003485911584
 30
0.0
 11
2563.252386700857
 21
317.500348591193
 31
0.0
  0
LINE
  5
5FC
330
523
100
AcDbEntity
  8
FURN
100
AcDbLine
 10
2463.252386700843
 20
367.5003485911584
 30
0.0
 11
2563.252386700842
 21
367.500348591193
 31
0.0
  0
LINE
  5
5FD
330
523
100
AcDbEntity
  8
FURN
100
AcDbLine
 10
2132.01574896794
 20
241.4439339372875
 30
0.0
 11
2421.585720034142
 21
241.4439339373912
 31
0.0
  0
LINE
  5
5FE
330
523
100
AcDbEntity
  8
FURN
100
AcDbLine
 10
2132.015748967955
 20
199.7772672706305
 30
0.0
 11
2463.252386700901
 21
199.7772672707506
 31
0.0
  0
ARC
  5
5FF
330
523
100
AcDbEntity
  8
FURN
100
AcDbCircle
 10
1507.015748967984
 20
125.000051760062
 30
0.0
 40
125.0
100
AcDbArc
 50
180.0000000000205
 51
270.0000000000205
  0
LINE
  5
600
330
523
100
AcDbEntity
  8
FURN
100
AcDbLine
 10
1507.015748967969
 20
166.6667184267189
 30
0.0
 11
2007.01574896797
 21
166.666718426899
 31
0.0
  0
LINE
  5
601
330
523
100
AcDbEntity
  8
FURN
100
AcDbLine
 10
1507.015748968028
 20
0.0000517600619787
 30
0.0
 11
2007.015748968028
 21
0.0000517602420587
 31
0.0
  0
LINE
  5
602
330
523
100
AcDbEntity
  8
FURN
100
AcDbLine
 10
1507.015748967984
 20
125.000051760062
 30
0.0
 11
2007.015748967984
 21
125.000051760242
 31
0.0
  0
CIRCLE
  5
603
330
523
100
AcDbEntity
  8
FURN
100
AcDbCircle
 10
1590.349082301181
 20
266.6667184267499
 30
0.0
 40
16.66666666666667
  0
CIRCLE
  5
604
330
523
100
AcDbEntity
  8
FURN
100
AcDbCircle
 10
1927.849082301182
 20
270.8333850935414
 30
0.0
 40
16.66666666666667
  0
ARC
  5
605
330
523
100
AcDbEntity
  8
FURN
100
AcDbCircle
 10
2007.015748967984
 20
125.000051760242
 30
0.0
 40
125.0
100
AcDbArc
 50
270.0000000000205
 51
0.0000000000205337
  0
LINE
  5
606
330
523
100
AcDbEntity
  8
FURN
100
AcDbLine
 10
2463.25238670077
 20
567.5003485911584
 30
0.0
 11
2563.252386700769
 21
567.5003485911927
 31
0.0
  0
LINE
  5
607
330
523
100
AcDbEntity
  8
FURN
100
AcDbLine
 10
2463.252386700755
 20
617.5003485911584
 30
0.0
 11
2563.252386700755
 21
617.5003485911927
 31
0.0
  0
LINE
  5
608
330
523
100
AcDbEntity
  8
FURN
100
AcDbLine
 10
2463.25238670074
 20
667.5003485911584
 30
0.0
 11
2563.252386700741
 21
667.5003485911927
 31
0.0
  0
LINE
  5
609
330
523
100
AcDbEntity
  8
FURN
100
AcDbLine
 10
2463.252386700711
 20
717.5003485911584
 30
0.0
 11
2563.252386700711
 21
717.5003485911929
 31
0.0
  0
LINE
  5
60A
330
523
100
AcDbEntity
  8
FURN
100
AcDbLine
 10
2463.252386700697
 20
767.5003485911584
 30
0.0
 11
2563.252386700697
 21
767.5003485911929
 31
0.0
  0
LINE
  5
60B
330
523
100
AcDbEntity
  8
FURN
100
AcDbLine
 10
2463.252386700682
 20
817.5003485911584
 30
0.0
 11
2563.252386700682
 21
817.5003485911929
 31
0.0
  0
LINE
  5
60C
330
523
100
AcDbEntity
  8
FURN
100
AcDbLine
 10
2463.252386700669
 20
867.5003485911584
 30
0.0
 11
2563.252386700668
 21
867.5003485911929
 31
0.0
  0
ARC
  5
60D
330
523
100
AcDbEntity
  8
FURN
100
AcDbCircle
 10
1411.0733230935
 20
645.5607561231445
 30
0.0
 40
98.23650404698923
100
AcDbArc
 50
12.40663735516374
 51
252.7949634779373
  0
ARC
  5
60E
330
523
100
AcDbEntity
  8
FURN
100
AcDbCircle
 10
1757.015748968042
 20
-40.44006275972606
 30
0.0
 40
750.0
100
AcDbArc
 50
70.52877936552256
 51
109.4712206345185
  0
CIRCLE
  5
60F
330
523
100
AcDbEntity
  8
FURN
100
AcDbCircle
 10
1586.182415634321
 20
604.1667184267479
 30
0.0
 40
16.66666666666667
  0
CIRCLE
  5
610
330
523
100
AcDbEntity
  8
FURN
100
AcDbCircle
 10
1923.682415634321
 20
608.3333850935396
 30
0.0
 40
16.66666666666667
  0
ARC
  5
611
330
523
100
AcDbEntity
  8
FURN
100
AcDbCircle
 10
2102.958174841857
 20
645.5607561233937
 30
0.0
 40
98.23650404698923
100
AcDbArc
 50
287.2050365221038
 51
167.5933626448773
  0
LINE
  5
612
330
523
100
AcDbEntity
  8
FURN
100
AcDbLine
 10
640.8755232857656
 20
241.4439339367545
 30
0.0
 11
1382.01574896794
 21
241.4439339370201
 31
0.0
  0
LINE
  5
613
330
523
100
AcDbEntity
  8
FURN
100
AcDbLine
 10
640.8755232857802
 20
199.7772672700976
 30
0.0
 11
1382.015748967955
 21
199.777267270363
 31
0.0
  0
ATTDEF
  5
614
330
523
100
AcDbEntity
  8
0
  6
ByBlock
100
AcDbText
 10
2018.889079564921
 20
1790.212223438204
 30
0.0
 40
0.5
  1
2500
 50
180.0000000000205
 41
0.8
  7
DIM_FONT
100
AcDbAttributeDefinition
280
     0
  3
XSIZE
  2
XSIZE
 70
     9
280
     0
  0
ATTDEF
  5
615
330
523
100
AcDbEntity
  8
0
  6
ByBlock
100
AcDbText
 10
2018.889079564921
 20
1790.212223438204
 30
0.0
 40
0.5
  1
3500
 50
180.0000000000205
 41
0.8
  7
DIM_FONT
100
AcDbAttributeDefinition
280
     0
  3
YSIZE
  2
YSIZE
 70
     9
280
     0
  0
ENDBLK
  5
616
330
523
100
AcDbEntity
  8
0
100
AcDbBlockEnd
  0
BLOCK
  5
158
330
157
100
AcDbEntity
  8
0
100
AcDbBlockBegin
  2
A$C7736197B
 70
     0
 10
0.0
 20
0.0
 30
0.0
  3
A$C7736197B
  1

  0
INSERT
  5
159
330
157
100
AcDbEntity
  8
0
100
AcDbBlockReference
  2
A$C04A21AEC
 10
-0.0000698901712894
 20
2350.000015509781
 30
0.0
  0
INSERT
  5
168
330
157
100
AcDbEntity
  8
0
100
AcDbBlockReference
 66
     1
  2
A$C6E3D31D3
 10
-0.4999402047251352
 20
250.0000019170111
 30
0.0
  0
ATTRIB
  5
2AB
330
168
100
AcDbEntity
  8
家具示意
100
AcDbText
 10
-0.0000698901712894
 20
550.0000155097803
 30
0.0
 40
0.5
  1
2000
 50
90.0
 41
0.8
  7
DIM_FONT
100
AcDbAttribute
280
     0
  2
YSIZE
 70
     9
280
     0
  0
ATTRIB
  5
2AC
330
168
100
AcDbEntity
  8
家具示意
100
AcDbText
 10
-0.0000698901712894
 20
550.0000155097803
 30
0.0
 40
0.5
  1
1500
 50
90.0
 41
0.8
  7
DIM_FONT
100
AcDbAttribute
280
     0
  2
XSIZE
 70
     9
280
     0
  0
SEQEND
  5
2AD
330
168
100
AcDbEntity
  8
0
  0
INSERT
  5
2AE
330
157
100
AcDbEntity
  8
0
100
AcDbBlockReference
  2
A$C04A21AEC
 10
-0.0001522478414699
 20
0.0000419237767346
 30
0.0
  0
ENDBLK
  5
2AF
330
157
100
AcDbEntity
  8
0
100
AcDbBlockEnd
  0
BLOCK
  5
C8B
330
C8A
100
AcDbEntity
  8
0
100
AcDbBlockBegin
  2
$WINLIB2D$00000001
 70
     0
 10
0.0
 20
0.0
 30
0.0
  3
$WINLIB2D$00000001
  1

  0
LINE
  5
C8C
330
C8A
100
AcDbEntity
  8
0
100
AcDbLine
 10
-0.5
 20
0.5
 30
0.0
 11
0.5
 21
0.5
 31
0.0
  0
LINE
  5
C8D
330
C8A
100
AcDbEntity
  8
0
100
AcDbLine
 10
-0.5
 20
-0.5
 30
0.0
 11
0.5
 21
-0.5
 31
0.0
  0
LINE
  5
C8E
330
C8A
100
AcDbEntity
  8
0
100
AcDbLine
 10
0.5
 20
-0.1666666666666667
 30
0.0
 11
-0.5
 21
-0.1666666666666667
 31
0.0
  0
LINE
  5
C8F
330
C8A
100
AcDbEntity
  8
0
100
AcDbLine
 10
0.5
 20
0.1666666666666666
 30
0.0
 11
-0.5
 21
0.1666666666666666
 31
0.0
  0
LINE
  5
C90
330
C8A
100
AcDbEntity
  8
0
100
AcDbLine
 10
-0.5
 20
0.5
 30
0.0
 11
-0.5
 21
-0.5
 31
0.0
  0
LINE
  5
C91
330
C8A
100
AcDbEntity
  8
0
100
AcDbLine
 10
0.5
 20
-0.5
 30
0.0
 11
0.5
 21
0.5
 31
0.0
  0
ENDBLK
  5
C92
330
C8A
100
AcDbEntity
  8
0
100
AcDbBlockEnd
  0
BLOCK
  5
44C
330
44B
100
AcDbEntity
  8
0
100
AcDbBlockBegin
  2
A$C7D7A3CEF
 70
     0
 10
0.0
 20
0.0
 30
0.0
  3
A$C7D7A3CEF
  1

  0
CIRCLE
  5
44D
330
44B
100
AcDbEntity
  8
家具示意
100
AcDbCircle
 10
150.0000437058043
 20
149.9730622210772
 30
0.0
 40
120.0
  0
CIRCLE
  5
44E
330
44B
100
AcDbEntity
  8
家具示意
100
AcDbCircle
 10
150.0000437058043
 20
149.9730622210772
 30
0.0
 40
90.0
  0
LINE
  5
44F
330
44B
100
AcDbEntity
  8
家具示意
100
AcDbLine
 10
152.8398228915175
 20
299.9461786592728
 30
0.0
 11
152.8398228911101
 21
-0.0000542170600966
 31
0.0
  0
LINE
  5
450
330
44B
100
AcDbEntity
  8
家具示意
100
AcDbLine
 10
300.0000437058043
 20
149.9730622208444
 30
0.0
 11
0.0000437058042735
 21
149.9730622213101
 31
0.0
  0
ENDBLK
  5
451
330
44B
100
AcDbEntity
  8
0
100
AcDbBlockEnd
  0
BLOCK
  5
456
330
455
100
AcDbEntity
  8
0
100
AcDbBlockBegin
  2
A$C6C2E2F88
 70
     0
 10
0.0
 20
0.0
 30
0.0
  3
A$C6C2E2F88
  1

  0
LINE
  5
457
330
455
100
AcDbEntity
  8
家具示意
100
AcDbLine
 10
357.8468775690417
 20
434.3376786641893
 30
0.0
 11
455.9831504361937
 21
624.6140965784434
 31
0.0
  0
ARC
  5
458
330
455
100
AcDbEntity
  8
家具示意
100
AcDbCircle
 10
939.2081397827134
 20
1382.904150338436
 30
0.0
 40
1134.721303449881
100
AcDbArc
 50
236.8118184118991
 51
237.8699413403762
  0
ARC
  5
459
330
455
100
AcDbEntity
  8
家具示意
100
AcDbCircle
 10
432.9886559688601
 20
273.8429679722758
 30
0.0
 40
177.2141050288293
100
AcDbArc
 50
115.0884532947893
 51
123.2920420245765
  0
LINE
  5
45A
330
455
100
AcDbEntity
  8
家具示意
100
AcDbLine
 10
488.6511976872568
 20
609.7031049401266
 30
0.0
 11
650.2573156267754
 21
535.9396670836721
 31
0.0
  0
LINE
  5
45B
330
455
100
AcDbEntity
  8
家具示意
100
AcDbLine
 10
650.2573156267754
 20
535.9396670836721
 30
0.0
 11
659.1745485403808
 21
565.5574485242832
 31
0.0
  0
LINE
  5
45C
330
455
100
AcDbEntity
  8
家具示意
100
AcDbLine
 10
481.2799521623528
 20
444.350415707333
 30
0.0
 11
551.7155665323953
 21
580.9180272984668
 31
0.0
  0
LINE
  5
45D
330
455
100
AcDbEntity
  8
家具示意
100
AcDbLine
 10
530.1654169348767
 20
422.0371518977334
 30
0.0
 11
587.1929467816371
 21
564.7247447253902
 31
0.0
  0
ARC
  5
45E
330
455
100
AcDbEntity
  8
家具示意
100
AcDbCircle
 10
538.8344673431711
 20
505.7374020364949
 30
0.0
 40
134.3881434663987
100
AcDbArc
 50
26.43158605099732
 51
104.5007428078932
  0
LINE
  5
45F
330
455
100
AcDbEntity
  8
家具示意
100
AcDbLine
 10
488.6511976872568
 20
609.7031049401266
 30
0.0
 11
505.18467666785
 21
635.8445297884173
 31
0.0
  0
LINE
  5
460
330
455
100
AcDbEntity
  8
家具示意
100
AcDbLine
 10
566.8657247122028
 20
389.9539902133401
 30
0.0
 11
629.0754654876653
 21
545.6079030783731
 31
0.0
  0
LINE
  5
461
330
455
100
AcDbEntity
  8
家具示意
100
AcDbLine
 10
592.2242300224024
 20
351.6174559295178
 30
0.0
 11
663.4796715722767
 21
529.9044597317697
 31
0.0
  0
LINE
  5
462
330
455
100
AcDbEntity
  8
家具示意
100
AcDbLine
 10
650.2573156267754
 20
535.9396670836721
 30
0.0
 11
682.9253628778388
 21
521.0286754453552
 31
0.0
  0
LINE
  5
463
330
455
100
AcDbEntity
  8
家具示意
100
AcDbLine
 10
387.420106026635
 20
445.0981760020948
 30
0.0
 11
475.4288417417556
 21
615.7383122920872
 31
0.0
  0
LINE
  5
464
330
455
100
AcDbEntity
  8
家具示意
100
AcDbLine
 10
432.9968018397921
 20
451.0570728138555
 30
0.0
 11
509.8330478264252
 21
600.034868945484
 31
0.0
  0
LINE
  5
465
330
455
100
AcDbEntity
  8
家具示意
100
AcDbLine
 10
455.9831504361937
 20
624.6140965784434
 30
0.0
 11
488.6511976872568
 21
609.7031049401266
 31
0.0
  0
LINE
  5
466
330
455
100
AcDbEntity
  8
家具示意
100
AcDbLine
 10
72.32855114573613
 20
42.99992077477509
 30
0.0
 11
72.32855114573613
 21
19.99992077477509
 31
0.0
  0
LINE
  5
467
330
455
100
AcDbEntity
  8
家具示意
100
AcDbLine
 10
98.99295540089951
 20
42.99992077477509
 30
0.0
 11
98.99295540089951
 21
19.99992077477509
 31
0.0
  0
LINE
  5
468
330
455
100
AcDbEntity
  8
家具示意
100
AcDbLine
 10
52.33022160542896
 20
42.99992077471688
 30
0.0
 11
52.33022160542896
 21
19.99992077471688
 31
0.0
  0
LINE
  5
469
330
455
100
AcDbEntity
  8
家具示意
100
AcDbLine
 10
15.00007672735955
 20
111.9999207747168
 30
0.0
 11
15.00007672735955
 21
19.99992077471688
 31
0.0
  0
LINE
  5
46A
330
455
100
AcDbEntity
  8
家具示意
100
AcDbLine
 10
0.000076727301348
 20
169.9999207747169
 30
0.0
 11
0.0000767273595557
 21
-0.0000792252831161
 31
0.0
  0
LINE
  5
46B
330
455
100
AcDbEntity
  8
家具示意
100
AcDbLine
 10
10.00007672730135
 20
144.9999207747169
 30
0.0
 11
10.00007672735955
 21
14.99992077471688
 31
0.0
  0
LINE
  5
46C
330
455
100
AcDbEntity
  8
家具示意
100
AcDbLine
 10
128.6667433939874
 20
139.9999207747751
 30
0.0
 11
50.00007672730134
 21
139.9999207747169
 31
0.0
  0
LINE
  5
46D
330
455
100
AcDbEntity
  8
家具示意
100
AcDbLine
 10
128.6667433939874
 20
119.9999207747751
 30
0.0
 11
50.00007672735954
 21
119.9999207747169
 31
0.0
  0
LINE
  5
46E
330
455
100
AcDbEntity
  8
家具示意
100
AcDbLine
 10
193.6667433939874
 20
119.9999207747751
 30
0.0
 11
193.6667433939874
 21
139.9999207747751
 31
0.0
  0
LINE
  5
46F
330
455
100
AcDbEntity
  8
家具示意
100
AcDbLine
 10
174.0000767273595
 20
119.9999207747751
 30
0.0
 11
174.0000767273013
 21
139.9999207747751
 31
0.0
  0
LINE
  5
470
330
455
100
AcDbEntity
  8
家具示意
100
AcDbLine
 10
128.6667433939874
 20
119.9999207747751
 30
0.0
 11
128.6667433939874
 21
139.9999207747751
 31
0.0
  0
LINE
  5
471
330
455
100
AcDbEntity
  8
家具示意
100
AcDbLine
 10
134.6667433939874
 20
119.9999207747751
 30
0.0
 11
134.6667433939874
 21
139.9999207747751
 31
0.0
  0
LINE
  5
472
330
455
100
AcDbEntity
  8
家具示意
100
AcDbLine
 10
154.3334100606735
 20
119.9999207747751
 30
0.0
 11
154.3334100606735
 21
139.9999207747751
 31
0.0
  0
LINE
  5
473
330
455
100
AcDbEntity
  8
家具示意
100
AcDbLine
 10
184.7792768261279
 20
111.9999207747751
 30
0.0
 11
184.7792768261279
 21
88.99992077477509
 31
0.0
  0
LINE
  5
474
330
455
100
AcDbEntity
  8
家具示意
100
AcDbLine
 10
155.0000767273595
 20
111.9999207747751
 30
0.0
 11
155.0000767273595
 21
88.99992077477509
 31
0.0
  0
LINE
  5
475
330
455
100
AcDbEntity
  8
家具示意
100
AcDbLine
 10
125.220876628533
 20
111.9999207747751
 30
0.0
 11
125.220876628533
 21
88.99992077477509
 31
0.0
  0
LINE
  5
476
330
455
100
AcDbEntity
  8
家具示意
100
AcDbLine
 10
184.7792768261279
 20
65.99992077477509
 30
0.0
 11
184.7792768261279
 21
42.99992077477509
 31
0.0
  0
LINE
  5
477
330
455
100
AcDbEntity
  8
家具示意
100
AcDbLine
 10
155.0000767273595
 20
65.99992077477509
 30
0.0
 11
155.0000767273595
 21
42.99992077477509
 31
0.0
  0
LINE
  5
478
330
455
100
AcDbEntity
  8
家具示意
100
AcDbLine
 10
125.220876628533
 20
65.99992077477509
 30
0.0
 11
125.220876628533
 21
42.99992077477509
 31
0.0
  0
LINE
  5
479
330
455
100
AcDbEntity
  8
家具示意
100
AcDbLine
 10
200.5595935488236
 20
88.99992077477509
 30
0.0
 11
200.5595935488236
 21
65.99992077477509
 31
0.0
  0
LINE
  5
47A
330
455
100
AcDbEntity
  8
家具示意
100
AcDbLine
 10
170.780393449997
 20
88.99992077477509
 30
0.0
 11
170.780393449997
 21
65.99992077477509
 31
0.0
  0
LINE
  5
47B
330
455
100
AcDbEntity
  8
家具示意
100
AcDbLine
 10
141.0011933512287
 20
88.99992077477509
 30
0.0
 11
141.0011933512287
 21
65.99992077477509
 31
0.0
  0
LINE
  5
47C
330
455
100
AcDbEntity
  8
家具示意
100
AcDbLine
 10
89.33341006067349
 20
119.9999207747751
 30
0.0
 11
89.33341006067349
 21
139.9999207747751
 31
0.0
  0
LINE
  5
47D
330
455
100
AcDbEntity
  8
家具示意
100
AcDbLine
 10
109.0000767273595
 20
119.9999207747751
 30
0.0
 11
109.0000767273013
 21
139.9999207747751
 31
0.0
  0
LINE
  5
47E
330
455
100
AcDbEntity
  8
家具示意
100
AcDbLine
 10
35.00007672730135
 20
139.9999207747169
 30
0.0
 11
35.00007672735956
 21
119.9999207747169
 31
0.0
  0
LINE
  5
47F
330
455
100
AcDbEntity
  8
家具示意
100
AcDbLine
 10
50.00007672730134
 20
139.9999207747169
 30
0.0
 11
50.00007672735954
 21
119.9999207747169
 31
0.0
  0
LINE
  5
480
330
455
100
AcDbEntity
  8
家具示意
100
AcDbLine
 10
69.66674339398742
 20
119.9999207747169
 30
0.0
 11
69.66674339398742
 21
139.9999207747169
 31
0.0
  0
LINE
  5
481
330
455
100
AcDbEntity
  8
家具示意
100
AcDbLine
 10
15.00007672730134
 20
139.9999207747169
 30
0.0
 11
15.00007672735955
 21
119.9999207747169
 31
0.0
  0
LINE
  5
482
330
455
100
AcDbEntity
  8
家具示意
100
AcDbLine
 10
35.00007672730135
 20
139.9999207747169
 30
0.0
 11
15.00007672730134
 21
139.9999207747169
 31
0.0
  0
LINE
  5
483
330
455
100
AcDbEntity
  8
家具示意
100
AcDbLine
 10
35.00007672735956
 20
119.9999207747169
 30
0.0
 11
15.00007672735955
 21
119.9999207747169
 31
0.0
  0
LINE
  5
484
330
455
100
AcDbEntity
  8
家具示意
100
AcDbLine
 10
95.44167652970646
 20
111.9999207747751
 30
0.0
 11
95.44167652970646
 21
88.99992077477509
 31
0.0
  0
LINE
  5
485
330
455
100
AcDbEntity
  8
家具示意
100
AcDbLine
 10
65.66247643093811
 20
111.9999207747168
 30
0.0
 11
65.66247643093811
 21
88.99992077471685
 31
0.0
  0
LINE
  5
486
330
455
100
AcDbEntity
  8
家具示意
100
AcDbLine
 10
95.44167652970646
 20
65.99992077477509
 30
0.0
 11
95.44167652970646
 21
42.99992077477509
 31
0.0
  0
LINE
  5
487
330
455
100
AcDbEntity
  8
家具示意
100
AcDbLine
 10
65.66247643093811
 20
65.99992077471688
 30
0.0
 11
65.66247643093811
 21
42.99992077471688
 31
0.0
  0
LINE
  5
488
330
455
100
AcDbEntity
  8
家具示意
100
AcDbLine
 10
111.2219932524022
 20
88.99992077477509
 30
0.0
 11
111.2219932524022
 21
65.99992077477509
 31
0.0
  0
LINE
  5
489
330
455
100
AcDbEntity
  8
家具示意
100
AcDbLine
 10
81.44279315357563
 20
88.99992077477509
 30
0.0
 11
81.44279315357563
 21
65.99992077477509
 31
0.0
  0
LINE
  5
48A
330
455
100
AcDbEntity
  8
家具示意
100
AcDbLine
 10
51.66359305480728
 20
88.99992077471685
 30
0.0
 11
51.66359305480728
 21
65.99992077471688
 31
0.0
  0
LINE
  5
48B
330
455
100
AcDbEntity
  8
家具示意
100
AcDbLine
 10
319.3334100606735
 20
19.99992077477509
 30
0.0
 11
319.3334100606735
 21
56.79992077476345
 31
0.0
  0
LINE
  5
48C
330
455
100
AcDbEntity
  8
家具示意
100
AcDbLine
 10
257.6699318492901
 20
42.99992077477509
 30
0.0
 11
257.6699318492901
 21
19.99992077477509
 31
0.0
  0
LINE
  5
48D
330
455
100
AcDbEntity
  8
家具示意
100
AcDbLine
 10
237.6716023089248
 20
42.99992077477509
 30
0.0
 11
237.6716023089248
 21
19.99992077477509
 31
0.0
  0
LINE
  5
48E
330
455
100
AcDbEntity
  8
家具示意
100
AcDbLine
 10
211.0071980537614
 20
42.99992077477509
 30
0.0
 11
211.0071980537614
 21
19.99992077477509
 31
0.0
  0
LINE
  5
48F
330
455
100
AcDbEntity
  8
家具示意
100
AcDbLine
 10
298.0000767273596
 20
111.9999207747751
 30
0.0
 11
298.0000767273596
 21
19.99992077477509
 31
0.0
  0
LINE
  5
490
330
455
100
AcDbEntity
  8
家具示意
100
AcDbLine
 10
295.0000767273595
 20
111.9999207747751
 30
0.0
 11
295.0000767273595
 21
19.99992077477509
 31
0.0
  0
LINE
  5
491
330
455
100
AcDbEntity
  8
家具示意
100
AcDbLine
 10
340.6667433939873
 20
19.99992077477509
 30
0.0
 11
340.6667433939873
 21
56.79992077476345
 31
0.0
  0
LINE
  5
492
330
455
100
AcDbEntity
  8
家具示意
100
AcDbLine
 10
365.0000767273596
 20
19.99992077477509
 30
0.0
 11
365.0000767273596
 21
111.9999207747751
 31
0.0
  0
LINE
  5
493
330
455
100
AcDbEntity
  8
家具示意
100
AcDbLine
 10
362.0000767273594
 20
19.99992077477509
 30
0.0
 11
362.0000767273594
 21
111.9999207747751
 31
0.0
  0
LINE
  5
494
330
455
100
AcDbEntity
  8
家具示意
100
AcDbLine
 10
405.0000767273592
 20
19.99992077477509
 30
0.0
 11
405.0000767273592
 21
111.9999207747751
 31
0.0
  0
LINE
  5
495
330
455
100
AcDbEntity
  8
家具示意
100
AcDbLine
 10
425.0000767273593
 20
19.99992077477509
 30
0.0
 11
425.0000767273593
 21
111.9999207747751
 31
0.0
  0
LINE
  5
496
330
455
100
AcDbEntity
  8
家具示意
100
AcDbLine
 10
445.0000767273594
 20
19.99992077477509
 30
0.0
 11
445.0000767273594
 21
111.9999207747751
 31
0.0
  0
LINE
  5
497
330
455
100
AcDbEntity
  8
家具示意
100
AcDbLine
 10
460.0000767273593
 20
-0.0000792252249084
 30
0.0
 11
460.0000767273013
 21
169.9999207747751
 31
0.0
  0
LINE
  5
498
330
455
100
AcDbEntity
  8
家具示意
100
AcDbLine
 10
450.0000767273593
 20
14.99992077477509
 30
0.0
 11
450.0000767273014
 21
144.9999207747751
 31
0.0
  0
LINE
  5
499
330
455
100
AcDbEntity
  8
家具示意
100
AcDbLine
 10
362.0000767273594
 20
119.9999207747751
 30
0.0
 11
298.0000767273596
 21
119.9999207747751
 31
0.0
  0
LINE
  5
49A
330
455
100
AcDbEntity
  8
家具示意
100
AcDbLine
 10
362.0000767273014
 20
139.9999207747751
 30
0.0
 11
298.0000767273013
 21
139.9999207747751
 31
0.0
  0
LINE
  5
49B
330
455
100
AcDbEntity
  8
家具示意
100
AcDbLine
 10
362.0000767273594
 20
111.9999207747751
 30
0.0
 11
298.0000767273596
 21
111.9999207747751
 31
0.0
  0
LINE
  5
49C
330
455
100
AcDbEntity
  8
家具示意
100
AcDbLine
 10
298.0000767273596
 20
93.5999207747518
 30
0.0
 11
362.0000767273594
 21
93.59992077481001
 31
0.0
  0
LINE
  5
49D
330
455
100
AcDbEntity
  8
家具示意
100
AcDbLine
 10
298.0000767273596
 20
38.39992077479838
 30
0.0
 11
362.0000767273594
 21
38.39992077479838
 31
0.0
  0
LINE
  5
49E
330
455
100
AcDbEntity
  8
家具示意
100
AcDbLine
 10
319.3334100606735
 20
56.79992077476345
 30
0.0
 11
340.6667433939873
 21
56.79992077476345
 31
0.0
  0
LINE
  5
49F
330
455
100
AcDbEntity
  8
家具示意
100
AcDbLine
 10
298.0000767273596
 20
75.19992077478673
 30
0.0
 11
362.0000767273594
 21
75.19992077478673
 31
0.0
  0
LINE
  5
4A0
330
455
100
AcDbEntity
  8
家具示意
100
AcDbLine
 10
445.0000767273013
 20
139.9999207747751
 30
0.0
 11
365.0000767273013
 21
139.9999207747751
 31
0.0
  0
LINE
  5
4A1
330
455
100
AcDbEntity
  8
家具示意
100
AcDbLine
 10
445.0000767273594
 20
119.9999207747751
 30
0.0
 11
365.0000767273596
 21
119.9999207747751
 31
0.0
  0
LINE
  5
4A2
330
455
100
AcDbEntity
  8
家具示意
100
AcDbLine
 10
421.9500682298676
 20
134.0171125315828
 30
0.0
 11
421.9500682298676
 21
136.4563775081769
 31
0.0
  0
LINE
  5
4A3
330
455
100
AcDbEntity
  8
家具示意
100
AcDbLine
 10
429.2793358998606
 20
134.0171125315828
 30
0.0
 11
421.9500682298676
 21
134.0171125315828
 31
0.0
  0
LINE
  5
4A4
330
455
100
AcDbEntity
  8
家具示意
100
AcDbLine
 10
429.2793358998606
 20
136.4563775081769
 30
0.0
 11
429.2793358998606
 21
134.0171125315828
 31
0.0
  0
LINE
  5
4A5
330
455
100
AcDbEntity
  8
家具示意
100
AcDbLine
 10
421.9500682298676
 20
136.4563775081769
 30
0.0
 11
429.2793358998606
 21
136.4563775081769
 31
0.0
  0
LINE
  5
4A6
330
455
100
AcDbEntity
  8
家具示意
100
AcDbLine
 10
395.2834015631816
 20
134.0171125315828
 30
0.0
 11
395.2834015631816
 21
136.4563775081769
 31
0.0
  0
LINE
  5
4A7
330
455
100
AcDbEntity
  8
家具示意
100
AcDbLine
 10
402.6126692331745
 20
134.0171125315828
 30
0.0
 11
395.2834015631816
 21
134.0171125315828
 31
0.0
  0
LINE
  5
4A8
330
455
100
AcDbEntity
  8
家具示意
100
AcDbLine
 10
402.6126692331745
 20
136.4563775081769
 30
0.0
 11
402.6126692331745
 21
134.0171125315828
 31
0.0
  0
LINE
  5
4A9
330
455
100
AcDbEntity
  8
家具示意
100
AcDbLine
 10
395.2834015631816
 20
136.4563775081769
 30
0.0
 11
402.6126692331745
 21
136.4563775081769
 31
0.0
  0
LINE
  5
4AA
330
455
100
AcDbEntity
  8
家具示意
100
AcDbLine
 10
368.6167348965536
 20
134.0171125315828
 30
0.0
 11
368.6167348965536
 21
136.4563775081769
 31
0.0
  0
LINE
  5
4AB
330
455
100
AcDbEntity
  8
家具示意
100
AcDbLine
 10
375.9460025664885
 20
134.0171125315828
 30
0.0
 11
368.6167348965536
 21
134.0171125315828
 31
0.0
  0
LINE
  5
4AC
330
455
100
AcDbEntity
  8
家具示意
100
AcDbLine
 10
375.9460025664885
 20
136.4563775081769
 30
0.0
 11
375.9460025664885
 21
134.0171125315828
 31
0.0
  0
LINE
  5
4AD
330
455
100
AcDbEntity
  8
家具示意
100
AcDbLine
 10
368.6167348965536
 20
136.4563775081769
 30
0.0
 11
375.9460025664885
 21
136.4563775081769
 31
0.0
  0
LINE
  5
4AE
330
455
100
AcDbEntity
  8
家具示意
100
AcDbLine
 10
391.6667433939874
 20
119.9999207747751
 30
0.0
 11
391.6667433939874
 21
139.9999207747751
 31
0.0
  0
LINE
  5
4AF
330
455
100
AcDbEntity
  8
家具示意
100
AcDbLine
 10
418.3334100606733
 20
119.9999207747751
 30
0.0
 11
418.3334100606733
 21
139.9999207747751
 31
0.0
  0
LINE
  5
4B0
330
455
100
AcDbEntity
  8
家具示意
100
AcDbLine
 10
362.0000767273594
 20
119.9999207747751
 30
0.0
 11
362.0000767273014
 21
139.9999207747751
 31
0.0
  0
LINE
  5
4B1
330
455
100
AcDbEntity
  8
家具示意
100
AcDbLine
 10
365.0000767273596
 20
119.9999207747751
 30
0.0
 11
365.0000767273013
 21
139.9999207747751
 31
0.0
  0
LINE
  5
4B2
330
455
100
AcDbEntity
  8
家具示意
100
AcDbLine
 10
340.6667433939873
 20
119.9999207747751
 30
0.0
 11
340.6667433939873
 21
139.9999207747751
 31
0.0
  0
LINE
  5
4B3
330
455
100
AcDbEntity
  8
家具示意
100
AcDbLine
 10
445.0000767273594
 20
119.9999207747751
 30
0.0
 11
445.0000767273013
 21
139.9999207747751
 31
0.0
  0
LINE
  5
4B4
330
455
100
AcDbEntity
  8
家具示意
100
AcDbLine
 10
445.0000767273594
 20
111.9999207747751
 30
0.0
 11
365.0000767273596
 21
111.9999207747751
 31
0.0
  0
LINE
  5
4B5
330
455
100
AcDbEntity
  8
家具示意
100
AcDbLine
 10
365.0000767273596
 20
93.59992077481001
 30
0.0
 11
445.0000767273594
 21
93.59992077481001
 31
0.0
  0
LINE
  5
4B6
330
455
100
AcDbEntity
  8
家具示意
100
AcDbLine
 10
365.0000767273596
 20
56.79992077476345
 30
0.0
 11
445.0000767273594
 21
56.79992077482165
 31
0.0
  0
LINE
  5
4B7
330
455
100
AcDbEntity
  8
家具示意
100
AcDbLine
 10
365.0000767273596
 20
75.19992077478673
 30
0.0
 11
425.0000767273593
 21
75.19992077478673
 31
0.0
  0
LINE
  5
4B8
330
455
100
AcDbEntity
  8
家具示意
100
AcDbLine
 10
365.0000767273596
 20
38.39992077479838
 30
0.0
 11
425.0000767273593
 21
38.39992077479838
 31
0.0
  0
LINE
  5
4B9
330
455
100
AcDbEntity
  8
家具示意
100
AcDbLine
 10
385.0000767273596
 20
38.39992077479838
 30
0.0
 11
385.0000767273596
 21
111.9999207747751
 31
0.0
  0
LINE
  5
4BA
330
455
100
AcDbEntity
  8
家具示意
100
AcDbLine
 10
340.6667433939873
 20
75.19992077478673
 30
0.0
 11
340.6667433939873
 21
111.9999207747751
 31
0.0
  0
LINE
  5
4BB
330
455
100
AcDbEntity
  8
家具示意
100
AcDbLine
 10
295.0000767273014
 20
139.9999207747751
 30
0.0
 11
295.0000767273595
 21
119.9999207747751
 31
0.0
  0
LINE
  5
4BC
330
455
100
AcDbEntity
  8
家具示意
100
AcDbLine
 10
298.0000767273013
 20
139.9999207747751
 30
0.0
 11
298.0000767273596
 21
119.9999207747751
 31
0.0
  0
LINE
  5
4BD
330
455
100
AcDbEntity
  8
家具示意
100
AcDbLine
 10
319.3334100606735
 20
119.9999207747751
 30
0.0
 11
319.3334100606735
 21
139.9999207747751
 31
0.0
  0
LINE
  5
4BE
330
455
100
AcDbEntity
  8
家具示意
100
AcDbLine
 10
255.6667433939874
 20
119.9999207747751
 30
0.0
 11
255.6667433939874
 21
139.9999207747751
 31
0.0
  0
LINE
  5
4BF
330
455
100
AcDbEntity
  8
家具示意
100
AcDbLine
 10
275.3334100606735
 20
119.9999207747751
 30
0.0
 11
275.3334100606735
 21
139.9999207747751
 31
0.0
  0
LINE
  5
4C0
330
455
100
AcDbEntity
  8
家具示意
100
AcDbLine
 10
210.3334100606735
 20
119.9999207747751
 30
0.0
 11
210.3334100606735
 21
139.9999207747751
 31
0.0
  0
LINE
  5
4C1
330
455
100
AcDbEntity
  8
家具示意
100
AcDbLine
 10
216.3334100606735
 20
119.9999207747751
 30
0.0
 11
216.3334100606735
 21
139.9999207747751
 31
0.0
  0
LINE
  5
4C2
330
455
100
AcDbEntity
  8
家具示意
100
AcDbLine
 10
236.0000767273596
 20
119.9999207747751
 30
0.0
 11
236.0000767273013
 21
139.9999207747751
 31
0.0
  0
LINE
  5
4C3
330
455
100
AcDbEntity
  8
家具示意
100
AcDbLine
 10
295.0000767273595
 20
119.9999207747751
 30
0.0
 11
216.3334100606735
 21
119.9999207747751
 31
0.0
  0
LINE
  5
4C4
330
455
100
AcDbEntity
  8
家具示意
100
AcDbLine
 10
295.0000767273014
 20
139.9999207747751
 30
0.0
 11
216.3334100606735
 21
139.9999207747751
 31
0.0
  0
LINE
  5
4C5
330
455
100
AcDbEntity
  8
家具示意
100
AcDbLine
 10
244.337677023781
 20
111.9999207747751
 30
0.0
 11
244.337677023781
 21
88.99992077477509
 31
0.0
  0
LINE
  5
4C6
330
455
100
AcDbEntity
  8
家具示意
100
AcDbLine
 10
214.5584769249544
 20
111.9999207747751
 30
0.0
 11
214.5584769249544
 21
88.99992077477509
 31
0.0
  0
LINE
  5
4C7
330
455
100
AcDbEntity
  8
家具示意
100
AcDbLine
 10
244.337677023781
 20
65.99992077477509
 30
0.0
 11
244.337677023781
 21
42.99992077477509
 31
0.0
  0
LINE
  5
4C8
330
455
100
AcDbEntity
  8
家具示意
100
AcDbLine
 10
214.5584769249544
 20
65.99992077477509
 30
0.0
 11
214.5584769249544
 21
42.99992077477509
 31
0.0
  0
LINE
  5
4C9
330
455
100
AcDbEntity
  8
家具示意
100
AcDbLine
 10
319.3334100606735
 20
75.19992077478673
 30
0.0
 11
319.3334100606735
 21
111.9999207747751
 31
0.0
  0
LINE
  5
4CA
330
455
100
AcDbEntity
  8
家具示意
100
AcDbLine
 10
230.3387936476501
 20
88.99992077477509
 30
0.0
 11
230.3387936476501
 21
65.99992077477509
 31
0.0
  0
LINE
  5
4CB
330
455
100
AcDbEntity
  8
家具示意
100
AcDbLine
 10
260.1179937464185
 20
88.99992077477509
 30
0.0
 11
260.1179937464185
 21
65.99992077477509
 31
0.0
  0
LINE
  5
4CC
330
455
100
AcDbEntity
  8
家具示意
100
AcDbLine
 10
298.0000767273596
 20
19.99992077477509
 30
0.0
 11
362.0000767273594
 21
19.99992077477509
 31
0.0
  0
LINE
  5
4CD
330
455
100
AcDbEntity
  8
家具示意
100
AcDbLine
 10
365.0000767273596
 20
19.99992077477509
 30
0.0
 11
445.0000767273594
 21
19.99992077477509
 31
0.0
  0
ARC
  5
4CE
330
455
100
AcDbEntity
  8
家具示意
100
AcDbCircle
 10
587.6581099717876
 20
57.11312495992752
 30
0.0
 40
25.62499999999998
100
AcDbArc
 50
192.6803834918253
 51
347.3196165081894
  0
ARC
  5
4CF
330
455
100
AcDbEntity
  8
家具示意
100
AcDbCircle
 10
432.9886559688601
 20
273.8429679722758
 30
0.0
 40
177.2141050288293
100
AcDbArc
 50
7.640286834317596
 51
15.84387556410682
  0
ARC
  5
4D0
330
455
100
AcDbEntity
  8
家具示意
100
AcDbCircle
 10
939.2081397827134
 20
1382.904150338436
 30
0.0
 40
1134.721303449881
100
AcDbArc
 50
253.0623875185242
 51
254.0824583678419
  0
ARC
  5
4D1
330
455
100
AcDbEntity
  8
家具示意
100
AcDbCircle
 10
604.2638717982917
 20
129.9308326430036
 30
0.0
 40
10.0
100
AcDbArc
 50
11.44310546914381
 51
79.28491495171738
  0
ARC
  5
4D2
330
455
100
AcDbEntity
  8
家具示意
100
AcDbCircle
 10
571.0523481452255
 20
129.9308326430036
 30
0.0
 40
10.0
100
AcDbArc
 50
100.7150850482909
 51
168.5568945308709
  0
ARC
  5
4D3
330
455
100
AcDbEntity
  8
家具示意
100
AcDbCircle
 10
587.6581099717876
 20
42.17397302802416
 30
0.0
 40
99.31415193194769
100
AcDbArc
 50
79.28491495172377
 51
100.7150850482909
  0
ARC
  5
4D4
330
455
100
AcDbEntity
  8
家具示意
100
AcDbCircle
 10
587.6581099717876
 20
42.17397302802416
 30
0.0
 40
67.31415193194766
100
AcDbArc
 50
91.27686052722721
 51
116.4315340370099
  0
ARC
  5
4D5
330
455
100
AcDbEntity
  8
家具示意
100
AcDbCircle
 10
587.6581099717876
 20
42.17397302802416
 30
0.0
 40
64.31415193194768
100
AcDbArc
 50
62.12382769584497
 51
117.8761723041697
  0
ARC
  5
4D6
330
455
100
AcDbEntity
  8
家具示意
100
AcDbCircle
 10
587.6581099717876
 20
42.17397302802416
 30
0.0
 40
67.31415193194766
100
AcDbArc
 50
63.56846596300478
 51
88.72313947278751
  0
LINE
  5
4D7
330
455
100
AcDbEntity
  8
家具示意
100
AcDbLine
 10
586.1581099717295
 20
109.4714102029684
 30
0.0
 11
586.1581099717295
 21
141.4881249599275
 31
0.0
  0
LINE
  5
4D8
330
455
100
AcDbEntity
  8
家具示意
100
AcDbLine
 10
589.1581099717297
 20
109.4714102029684
 30
0.0
 11
589.1581099717297
 21
141.4881249599275
 31
0.0
  0
ARC
  5
4D9
330
455
100
AcDbEntity
  8
家具示意
100
AcDbCircle
 10
744.1677487356939
 20
94.88908883638215
 30
0.0
 40
186.6263449505744
100
AcDbArc
 50
168.5568945308709
 51
193.4475655220303
  0
ARC
  5
4DA
330
455
100
AcDbEntity
  8
家具示意
100
AcDbCircle
 10
431.1484712078236
 20
94.88908883632394
 30
0.0
 40
186.6263449505764
100
AcDbArc
 50
346.5524344779844
 51
11.44310546914381
  0
LINE
  5
4DB
330
455
100
AcDbEntity
  8
家具示意
100
AcDbLine
 10
588.5597771249595
 20
205.267983296304
 30
0.0
 11
628.0066784975932
 21
291.6910240441211
 31
0.0
  0
SPLINE
  5
4DC
330
455
100
AcDbEntity
  8
家具示意
100
AcDbSpline
210
0.0
220
0.0
230
1.0
 70
     8
 71
     3
 72
    78
 73
    74
 74
     0
 42
0.000000001
 43
0.0000000001
 40
1.794737288330198
 40
1.794737288330198
 40
1.794737288330198
 40
1.794737288330198
 40
4.340010529101943
 40
4.340010529101943
 40
9.758947380183215
 40
9.758947380183215
 40
14.01511401540614
 40
14.01511401540614
 40
18.27128065062906
 40
18.27128065062906
 40
22.52744728585199
 40
22.52744728585199
 40
24.13164993252087
 40
24.13164993252087
 40
25.73585257918975
 40
25.73585257918975
 40
28.9442578725275
 40
28.9442578725275
 40
35.36106845920301
 40
35.36106845920301
 40
48.19468963255403
 40
48.19468963255403
 40
73.86193197925606
 40
73.86193197925606
 40
84.27957582414574
 40
84.27957582414574
 40
92.13088641305542
 40
92.13088641305542
 40
106.9098682383341
 40
106.9098682383341
 40
121.6888500636129
 40
121.6888500636129
 40
136.4678318888916
 40
136.4678318888916
 40
161.0924052417408
 40
161.0924052417408
 40
181.592394067775
 40
181.592394067775
 40
189.9812208108431
 40
189.9812208108431
 40
195.430602979408
 40
195.430602979408
 40
207.2466077265358
 40
207.2466077265358
 40
227.325200546053
 40
227.325200546053
 40
247.4037933655703
 40
247.4037933655703
 40
267.4823861850876
 40
267.4823861850876
 40
281.0854617917006
 40
281.0854617917006
 40
288.538162345153
 40
288.538162345153
 40
293.4654422616278
 40
293.4654422616278
 40
298.3927221781025
 40
298.3927221781025
 40
308.2472820110519
 40
308.2472820110519
 40
318.1018418440013
 40
318.1018418440013
 40
327.9564016769507
 40
327.9564016769507
 40
343.6663840230643
 40
343.6663840230643
 40
359.3763663691782
 40
359.3763663691782
 40
375.0863487152918
 40
375.0863487152918
 40
397.8244149272581
 40
397.8244149272581
 40
411.5599983641471
 40
411.5599983641471
 40
411.5599983641471
 40
411.5599983641471
 10
355.8299289685673
 20
169.9999207747751
 30
0.0
 10
357.1117559207487
 20
171.587048494257
 30
0.0
 10
358.3302383972332
 20
173.0084679293213
 30
0.0
 10
361.9588253152906
 20
176.9950136255356
 30
0.0
 10
364.1589363557287
 20
179.0373489938209
 30
0.0
 10
367.7048829427222
 20
181.8383846611832
 30
0.0
 10
369.1321178267244
 20
182.7799282945343
 30
0.0
 10
371.8268321046489
 20
184.2927326490753
 30
0.0
 10
373.0958234075807
 20
184.8655525672948
 30
0.0
 10
375.6326730694273
 20
185.8304959448869
 30
0.0
 10
376.9033203570288
 20
186.2213903850061
 30
0.0
 10
378.7458919099299
 20
186.7395041123964
 30
0.0
 10
379.2604413796217
 20
186.8794704795582
 30
0.0
 10
380.3086568684084
 20
187.1627454147674
 30
0.0
 10
380.8322987195571
 20
187.3032345540705
 30
0.0
 10
382.4017846242059
 20
187.721054817317
 30
0.0
 10
383.4461891630199
 20
187.9947386165149
 30
0.0
 10
386.5733038730104
 20
188.7995893514599
 30
0.0
 10
388.6499169815797
 20
189.3145523763378
 30
0.0
 10
394.8525679362356
 20
190.7818429846084
 30
0.0
 10
398.951428815024
 20
191.6564997502137
 30
0.0
 10
411.1161196432658
 20
193.8697616544086
 30
0.0
 10
419.0480275340958
 20
194.7945159081136
 30
0.0
 10
429.880195086647
 20
194.9822983979829
 30
0.0
 10
432.9692354209838
 20
194.9072416668059
 30
0.0
 10
438.3223716381471
 20
194.5194372329861
 30
0.0
 10
440.6136527442721
 20
194.2691059118369
 30
0.0
 10
447.2500184905363
 20
193.3235438074334
 30
0.0
 10
451.6089466055854
 20
192.4352830702555
 30
0.0
 10
460.4238027306855
 20
190.2660850710817
 30
0.0
 10
464.8784850068623
 20
188.9852052871138
 30
0.0
 10
473.9220309196389
 20
186.19537139358
 30
0.0
 10
478.5105727668267
 20
184.6871583529282
 30
0.0
 10
490.9735959976678
 20
180.6027335281833
 30
0.0
 10
499.0009859158889
 20
177.9804531392874
 30
0.0
 10
514.3440873222425
 20
173.869849863986
 30
0.0
 10
521.5548624297371
 20
172.2653933516703
 30
0.0
 10
532.1313258385051
 20
170.7656571842381
 30
0.0
 10
535.2516437362062
 20
170.4208227038616
 30
0.0
 10
540.4834066510666
 20
170.0334807980689
 30
0.0
 10
542.565470077272
 20
169.9273609835654
 30
0.0
 10
549.2304869288926
 20
169.7549621554208
 30
0.0
 10
553.8593410273896
 20
169.8805304820416
 30
0.0
 10
566.3976810914464
 20
170.8359799358295
 30
0.0
 10
574.337019264698
 20
172.0956183183589
 30
0.0
 10
589.8056499861992
 20
175.8122334001818
 30
0.0
 10
597.3356043081147
 20
178.2710015674238
 30
0.0
 10
611.4729903219267
 20
184.3241176867739
 30
0.0
 10
618.0851440140395
 20
187.9164826438645
 30
0.0
 10
627.961068797158
 20
194.919878859946
 30
0.0
 10
631.620242480305
 20
198.0172983579686
 30
0.0
 10
636.6111703779315
 20
203.2649450468016
 30
0.0
 10
638.246891908173
 20
205.2100427055266
 30
0.0
 10
640.710296912468
 20
208.5946478749392
 30
0.0
 10
641.6233029812574
 20
209.9812009863672
 30
0.0
 10
643.3008530877414
 20
212.8382706213742
 30
0.0
 10
644.0581643612239
 20
214.2977074110531
 30
0.0
 10
646.0884885623236
 20
218.7530507133342
 30
0.0
 10
647.1170477290287
 20
221.8250505394535
 30
0.0
 10
648.5700325916402
 20
228.0851424539578
 30
0.0
 10
648.995950489887
 20
231.2737184572616
 30
0.0
 10
649.3244242782821
 20
237.7150990513037
 30
0.0
 10
649.22761608765
 20
240.9696240805788
 30
0.0
 10
648.4041334851062
 20
249.4663922602776
 30
0.0
 10
647.3389026127406
 20
254.7469210351119
 30
0.0
 10
644.3570818201988
 20
265.4121059590252
 30
0.0
 10
642.4383677565493
 20
270.8009616673808
 30
0.0
 10
637.9565408013877
 20
281.6831326147076
 30
0.0
 10
635.3920424012467
 20
287.1791005578707
 30
0.0
 10
628.5507435915642
 20
300.73095931852
 30
0.0
 10
624.0215912675485
 20
308.8333745867712
 30
0.0
 10
616.4161023480118
 20
321.8775534761371
 30
0.0
 10
613.4743716472294
 20
326.7994962165249
 30
0.0
 10
610.5146858639782
 20
331.7138380099787
 30
0.0
  0
SPLINE
  5
4DD
330
455
100
AcDbEntity
  8
家具示意
100
AcDbSpline
210
0.0
220
0.0
230
1.0
 70
     8
 71
     3
 72
    52
 73
    48
 74
     0
 42
0.000000001
 43
0.0000000001
 40
0.2758078907909909
 40
0.2758078907909909
 40
0.2758078907909909
 40
0.2758078907909909
 40
24.06755509529749
 40
24.06755509529749
 40
56.30751276010714
 40
56.30751276010714
 40
71.07123708161072
 40
71.07123708161072
 40
82.79480476541179
 40
82.79480476541179
 40
90.52115877606317
 40
90.52115877606317
 40
98.24751278671456
 40
98.24751278671456
 40
113.7002208080173
 40
113.7002208080173
 40
142.1511535281001
 40
142.1511535281001
 40
170.602086248183
 40
170.602086248183
 40
183.5889553267688
 40
183.5889553267688
 40
195.2374396693961
 40
195.2374396693961
 40
222.4091980918705
 40
222.4091980918705
 40
249.5809565143447
 40
249.5809565143447
 40
269.2074537996705
 40
269.2074537996705
 40
285.2086024262842
 40
285.2086024262842
 40
293.1849312320313
 40
293.1849312320313
 40
302.6930870540588
 40
302.6930870540588
 40
312.2012428760862
 40
312.2012428760862
 40
327.7635727980487
 40
327.7635727980487
 40
343.3259027200114
 40
343.3259027200114
 40
358.8882326419739
 40
358.8882326419739
 40
390.6539923089724
 40
390.6539923089724
 40
411.5599983641471
 40
411.5599983641471
 40
411.5599983641471
 40
411.5599983641471
 10
349.4832002699841
 20
169.9999207747751
 30
0.0
 10
362.6384776415652
 20
187.3382742596441
 30
0.0
 10
370.5565365130897
 20
189.7054193142103
 30
0.0
 10
389.067679737811
 20
194.7108439275762
 30
0.0
 10
399.6120668088551
 20
197.1455785823054
 30
0.0
 10
414.6952605403493
 20
199.2283350399229
 30
0.0
 10
419.3910442974302
 20
199.6718737583724
 30
0.0
 10
427.7263592393136
 20
199.9969195108278
 30
0.0
 10
431.3842675071791
 20
199.9754037051461
 30
0.0
 10
437.3960625923355
 20
199.6232374596293
 30
0.0
 10
439.7685300444136
 20
199.3976799169322
 30
0.0
 10
444.5109458063376
 20
198.7865725941374
 30
0.0
 10
446.8783712679869
 20
198.4027377865276
 30
0.0
 10
453.9799457985209
 20
197.0523713641451
 30
0.0
 10
458.7134970327024
 20
195.8867204391281
 30
0.0
 10
472.2322614128351
 20
192.1011934980051
 30
0.0
 10
481.0750353895708
 20
189.0811745360841
 30
0.0
 10
499.2405105365905
 20
183.1976921129389
 30
0.0
 10
508.5642310603871
 20
180.3345374339842
 30
0.0
 10
522.7364407920977
 20
177.2583833220997
 30
0.0
 10
527.2628666253877
 20
176.4511852216674
 30
0.0
 10
536.0373785248957
 20
175.3418555249809
 30
0.0
 10
540.2660760550061
 20
174.996304847009
 30
0.0
 10
554.6546835799817
 20
174.5987788251368
 30
0.0
 10
565.145592344692
 20
175.558101531933
 30
0.0
 10
585.6112760935793
 20
179.6440212564193
 30
0.0
 10
595.5869446219876
 20
182.7701619421132
 30
0.0
 10
611.1567099801614
 20
189.8107037883601
 30
0.0
 10
617.199014156882
 20
193.2651729710051
 30
0.0
 10
626.8098073121507
 20
200.3993453152361
 30
0.0
 10
630.6303327777421
 20
203.9204029092216
 30
0.0
 10
635.3757786704806
 20
209.6668494616169
 30
0.0
 10
636.7915404476807
 20
211.6566234497004
 30
0.0
 10
639.4873294185962
 20
216.1864433857845
 30
0.0
 10
640.6788049965397
 20
218.7491045089555
 30
0.0
 10
642.5366762418997
 20
224.0252270332421
 30
0.0
 10
643.2045408210832
 20
226.7400327555951
 30
0.0
 10
644.3381677235593
 20
234.0576980087208
 30
0.0
 10
644.405481229478
 20
238.7601164101507
 30
0.0
 10
643.4958133997278
 20
248.4064210088691
 30
0.0
 10
642.5195263551431
 20
253.3522204390028
 30
0.0
 10
639.7300688078392
 20
263.4510737298406
 30
0.0
 10
637.9164270718464
 20
268.604773290921
 30
0.0
 10
631.4085697886768
 20
284.5402233122732
 30
0.0
 10
625.6815547961743
 20
295.5981057635508
 30
0.0
 10
615.1672484084265
 20
314.2103510659654
 30
0.0
 10
610.7273956736897
 20
321.669135394739
 30
0.0
 10
606.2314878324396
 20
329.1342615674949
 30
0.0
  0
LINE
  5
4DE
330
455
100
AcDbEntity
  8
家具示意
100
AcDbLine
 10
460.0000767273013
 20
169.9999207747751
 30
0.0
 11
0.000076727301348
 21
169.9999207747169
 31
0.0
  0
LINE
  5
4DF
330
455
100
AcDbEntity
  8
家具示意
100
AcDbLine
 10
450.0000767273014
 20
144.9999207747751
 30
0.0
 11
10.00007672730135
 21
144.9999207747169
 31
0.0
  0
LINE
  5
4E0
330
455
100
AcDbEntity
  8
家具示意
100
AcDbLine
 10
295.0000767273595
 20
111.9999207747751
 30
0.0
 11
15.00007672735955
 21
111.9999207747168
 31
0.0
  0
LINE
  5
4E1
330
455
100
AcDbEntity
  8
家具示意
100
AcDbLine
 10
15.00007672735955
 20
88.99992077471685
 30
0.0
 11
295.0000767273595
 21
88.99992077477509
 31
0.0
  0
LINE
  5
4E2
330
455
100
AcDbEntity
  8
家具示意
100
AcDbLine
 10
15.00007672735955
 20
65.99992077471688
 30
0.0
 11
295.0000767273595
 21
65.99992077477509
 31
0.0
  0
LINE
  5
4E3
330
455
100
AcDbEntity
  8
家具示意
100
AcDbLine
 10
15.00007672735955
 20
42.99992077471688
 30
0.0
 11
295.0000767273595
 21
42.99992077477509
 31
0.0
  0
LINE
  5
4E4
330
455
100
AcDbEntity
  8
家具示意
100
AcDbLine
 10
210.3334100606735
 20
139.9999207747751
 30
0.0
 11
134.6667433939874
 21
139.9999207747751
 31
0.0
  0
LINE
  5
4E5
330
455
100
AcDbEntity
  8
家具示意
100
AcDbLine
 10
210.3334100606735
 20
119.9999207747751
 30
0.0
 11
134.6667433939874
 21
119.9999207747751
 31
0.0
  0
LINE
  5
4E6
330
455
100
AcDbEntity
  8
家具示意
100
AcDbLine
 10
0.0000767273595557
 20
-0.0000792252831161
 30
0.0
 11
460.0000767273593
 21
-0.0000792252249084
 31
0.0
  0
LINE
  5
4E7
330
455
100
AcDbEntity
  8
家具示意
100
AcDbLine
 10
10.00007672735955
 20
14.99992077471688
 30
0.0
 11
450.0000767273593
 21
14.99992077477509
 31
0.0
  0
LINE
  5
4E8
330
455
100
AcDbEntity
  8
家具示意
100
AcDbLine
 10
15.00007672735955
 20
19.99992077471688
 30
0.0
 11
295.0000767273595
 21
19.99992077477509
 31
0.0
  0
ARC
  5
4E9
330
455
100
AcDbEntity
  8
家具示意
100
AcDbCircle
 10
899.7612384100794
 20
1296.481109590619
 30
0.0
 40
1134.721303449881
100
AcDbArc
 50
236.8498704910591
 51
254.0824583678419
  0
ARC
  5
4EA
330
455
100
AcDbEntity
  8
家具示意
100
AcDbCircle
 10
939.2081397827134
 20
1382.904150338436
 30
0.0
 40
1134.721303449881
100
AcDbArc
 50
237.8699413403762
 51
253.0623875185242
  0
ARC
  5
4EB
330
455
100
AcDbEntity
  8
家具示意
100
AcDbCircle
 10
432.9886559688601
 20
273.8429679722758
 30
0.0
 40
177.2141050288293
100
AcDbArc
 50
15.84387556410682
 51
115.0884532947893
  0
LINE
  5
4EC
330
455
100
AcDbEntity
  8
家具示意
100
AcDbLine
 10
682.9253628778388
 20
521.0286754453552
 30
0.0
 11
603.4702565365587
 21
322.2254326578113
 31
0.0
  0
LINE
  5
4ED
330
455
100
AcDbEntity
  8
家具示意
100
AcDbLine
 10
278.1746789906174
 20
344.0523154671537
 30
0.0
 11
318.0723506942158
 21
433.2817158854449
 31
0.0
  0
SPLINE
  5
4EE
330
455
100
AcDbEntity
  8
家具示意
100
AcDbSpline
210
0.0
220
0.0
230
1.0
 70
     8
 71
     3
 72
    92
 73
    88
 74
     0
 42
0.000000001
 43
0.0000000001
 40
0.0
 40
0.0
 40
0.0
 40
0.0
 40
18.79956160538637
 40
18.79956160538637
 40
37.59912321077275
 40
37.59912321077275
 40
49.84835107532646
 40
49.84835107532646
 40
55.4772940525603
 40
55.4772940525603
 40
59.68535224049345
 40
59.68535224049345
 40
63.8934104284266
 40
63.8934104284266
 40
72.3095268042929
 40
72.3095268042929
 40
80.72564318015919
 40
80.72564318015919
 40
94.05161803259479
 40
94.05161803259479
 40
107.3775928850304
 40
107.3775928850304
 40
113.652761591057
 40
113.652761591057
 40
118.046774614682
 40
118.046774614682
 40
129.1699301167531
 40
129.1699301167531
 40
140.293085618824
 40
140.293085618824
 40
151.4162411208951
 40
151.4162411208951
 40
174.6927411376242
 40
174.6927411376242
 40
197.9692411543534
 40
197.9692411543534
 40
221.2457411710826
 40
221.2457411710826
 40
236.2484247245012
 40
236.2484247245012
 40
251.2511082779198
 40
251.2511082779198
 40
255.6616673471289
 40
255.6616673471289
 40
260.0722264163382
 40
260.0722264163382
 40
268.8933445547565
 40
268.8933445547565
 40
277.7144626931748
 40
277.7144626931748
 40
296.3963535933639
 40
296.3963535933639
 40
315.0782444935529
 40
315.0782444935529
 40
333.760135393742
 40
333.760135393742
 40
345.9709675845671
 40
345.9709675845671
 40
355.998234412068
 40
355.998234412068
 40
362.9959631931786
 40
362.9959631931786
 40
367.636564683
 40
367.636564683
 40
372.2771661728213
 40
372.2771661728213
 40
381.438126502745
 40
381.438126502745
 40
390.5990868326688
 40
390.5990868326688
 40
399.7600471625925
 40
399.7600471625925
 40
418.3204422878593
 40
418.3204422878593
 40
436.8808374131261
 40
436.8808374131261
 40
455.441232538393
 40
455.441232538393
 40
463.9084016705007
 40
463.9084016705007
 40
472.3755708026083
 40
472.3755708026083
 40
489.3099090668238
 40
489.3099090668238
 40
523.1785855952546
 40
523.1785855952546
 40
542.4758675894072
 40
542.4758675894072
 40
542.4758675894072
 40
542.4758675894072
 10
587.1754201733274
 20
143.7395558745484
 30
0.0
 10
592.346767037583
 20
148.2936270678765
 30
0.0
 10
597.5552387876668
 20
152.8825954661006
 30
0.0
 10
608.2179869020473
 20
161.2915660832076
 30
0.0
 10
613.6727284083026
 20
165.1146136342431
 30
0.0
 10
623.0730313698877
 20
170.0705491706612
 30
0.0
 10
626.8841125302132
 20
171.6760332906269
 30
0.0
 10
632.6320400357363
 20
173.3046880148467
 30
0.0
 10
634.4683458359212
 20
173.7137965206639
 30
0.0
 10
637.7240540690252
 20
174.2225980087532
 30
0.0
 10
639.1329777821665
 20
174.3743213245761
 30
0.0
 10
641.9736180182082
 20
174.5343596946914
 30
0.0
 10
643.3966935873031
 20
174.5432480507879
 30
0.0
 10
647.6685624024248
 20
174.3938403927604
 30
0.0
 10
650.5197894167504
 20
174.0601300587295
 30
0.0
 10
656.2160490452079
 20
173.1102243024506
 30
0.0
 10
659.0616197786876
 20
172.4937672982341
 30
0.0
 10
666.3912720985242
 20
170.7554130369681
 30
0.0
 10
670.864282190043
 20
169.5490399653208
 30
0.0
 10
679.6872956023435
 20
167.488403236086
 30
0.0
 10
684.0357806381653
 20
166.6353809380671
 30
0.0
 10
690.2516928974072
 20
166.0684512722073
 30
0.0
 10
692.2143183621811
 20
165.9900546799763
 30
0.0
 10
695.4978429719922
 20
166.0779248983017
 30
0.0
 10
696.8347831671707
 20
166.1778146685101
 30
0.0
 10
701.5021437446121
 20
166.7872731889365
 30
0.0
 10
704.8192457567783
 20
167.6996873603202
 30
0.0
 10
711.3605863247649
 20
170.3844501985586
 30
0.0
 10
714.5830445429892
 20
172.1573156229569
 30
0.0
 10
720.8603173260342
 20
176.4568085035425
 30
0.0
 10
723.9145540168975
 20
178.983156029717
 30
0.0
 10
732.9817019242909
 20
187.7676880391664
 30
0.0
 10
738.5776798774601
 20
195.0885504538892
 30
0.0
 10
748.0609683449727
 20
211.2376002874225
 30
0.0
 10
751.9494847906752
 20
220.0645137237734
 30
0.0
 10
757.4622808264685
 20
237.9400498087052
 30
0.0
 10
759.0847631777867
 20
246.9887606333941
 30
0.0
 10
759.4918144645633
 20
260.9726015033084
 30
0.0
 10
759.0807338979792
 20
266.225244764355
 30
0.0
 10
757.0259860376828
 20
275.9318839605549
 30
0.0
 10
755.3845612970762
 20
280.3827844928601
 30
0.0
 10
752.4185114574502
 20
285.4486020185286
 30
0.0
 10
751.6888458915055
 20
286.5527616871986
 30
0.0
 10
750.1109740011743
 20
288.6681696832529
 30
0.0
 10
749.2599589473102
 20
289.684158037242
 30
0.0
 10
746.530394793197
 20
292.618397474871
 30
0.0
 10
744.4746198168139
 20
294.4232619705145
 30
0.0
 10
739.9563800651812
 20
297.7744278921747
 30
0.0
 10
737.4941932960062
 20
299.3201878654654
 30
0.0
 10
729.3130414485347
 20
303.7971705840901
 30
0.0
 10
723.0304836562718
 20
306.3417260170681
 30
0.0
 10
709.8818689084146
 20
310.8917436884367
 30
0.0
 10
703.0179454940371
 20
312.8989294267958
 30
0.0
 10
689.5604056571028
 20
316.9052225017804
 30
0.0
 10
682.967443508387
 20
318.9030284679029
 30
0.0
 10
672.9492783937021
 20
322.6858555700164
 30
0.0
 10
669.2166251469171
 20
324.3048462223378
 30
0.0
 10
663.0279674924095
 20
327.6638806169503
 30
0.0
 10
660.4614712421316
 20
329.3310604490689
 30
0.0
 10
656.6071687514777
 20
332.5403188735945
 30
0.0
 10
655.1675284703961
 20
333.9689609457273
 30
0.0
 10
653.0746725842472
 20
336.5625767531455
 30
0.0
 10
652.3197955011274
 20
337.6582558691735
 30
0.0
 10
651.0023231093072
 20
339.9422087189742
 30
0.0
 10
650.4368054562362
 20
341.1298394348705
 30
0.0
 10
649.0154599242377
 20
344.7728993092896
 30
0.0
 10
648.4136609672567
 20
347.3340017407318
 30
0.0
 10
647.7685376177541
 20
352.6620220257318
 30
0.0
 10
647.7238988351891
 20
355.43047803198
 30
0.0
 10
648.073677710956
 20
361.1431507217349
 30
0.0
 10
648.4683362277572
 20
364.0881846722332
 30
0.0
 10
650.1805756488462
 20
373.2319362520357
 30
0.0
 10
652.0284993110107
 20
379.6718380558306
 30
0.0
 10
656.4253726436873
 20
392.9339922502404
 30
0.0
 10
658.9763102596044
 20
399.7549376318348
 30
0.0
 10
664.1104211350317
 20
413.4620525431818
 30
0.0
 10
666.6936418719124
 20
420.34797961259
 30
0.0
 10
669.9921235731452
 20
430.1663040003623
 30
0.0
 10
670.9581368435172
 20
433.2097279224544
 30
0.0
 10
672.7002600660197
 20
439.210654956405
 30
0.0
 10
673.4818909987807
 20
442.1757481644163
 30
0.0
 10
675.585301362793
 20
450.9769739484763
 30
0.0
 10
676.6656726364162
 20
456.7190891581703
 30
0.0
 10
679.1526560193743
 20
473.6655477477468
 30
0.0
 10
679.8050667045172
 20
484.5914054472232
 30
0.0
 10
680.1245790368994
 20
501.5432218293426
 30
0.0
 10
680.0946223863284
 20
507.6546273669809
 30
0.0
 10
680.0230834449758
 20
513.7669324398739
 30
0.0
  0
SPLINE
  5
4EF
330
455
100
AcDbEntity
  8
家具示意
100
AcDbSpline
210
0.0
220
0.0
230
1.0
 70
     8
 71
     3
 72
   104
 73
   100
 74
     0
 42
0.000000001
 43
0.0000000001
 40
1.931724630788198
 40
1.931724630788198
 40
1.931724630788198
 40
1.931724630788198
 40
19.71024015987948
 40
19.71024015987948
 40
35.13455595088227
 40
35.13455595088227
 40
47.43236294015022
 40
47.43236294015022
 40
56.27242337984007
 40
56.27242337984007
 40
59.54148988107919
 40
59.54148988107919
 40
66.07962288355739
 40
66.07962288355739
 40
72.61775588603562
 40
72.61775588603562
 40
79.15588888851385
 40
79.15588888851385
 40
91.15488512812479
 40
91.15488512812479
 40
101.0931815851489
 40
101.0931815851489
 40
111.0314780421731
 40
111.0314780421731
 40
116.4609854719437
 40
116.4609854719437
 40
121.4855764093353
 40
121.4855764093353
 40
126.5101673467269
 40
126.5101673467269
 40
141.2037103866144
 40
141.2037103866144
 40
155.8972534265019
 40
155.8972534265019
 40
170.5907964663894
 40
170.5907964663894
 40
185.284339506277
 40
185.284339506277
 40
199.9778825461645
 40
199.9778825461645
 40
214.671425586052
 40
214.671425586052
 40
229.3649686259395
 40
229.3649686259395
 40
244.0585116658271
 40
244.0585116658271
 40
251.3915659381299
 40
251.3915659381299
 40
256.7327015381875
 40
256.7327015381875
 40
262.0738371382452
 40
262.0738371382452
 40
272.7561083383605
 40
272.7561083383605
 40
288.2041074065432
 40
288.2041074065432
 40
303.652106474726
 40
303.652106474726
 40
319.1001055429087
 40
319.1001055429087
 40
334.5481046110913
 40
334.5481046110913
 40
345.4543687272989
 40
345.4543687272989
 40
356.3606328435065
 40
356.3606328435065
 40
361.8949873761392
 40
361.8949873761392
 40
365.3612238915986
 40
365.3612238915986
 40
368.8274604070579
 40
368.8274604070579
 40
372.2936969225173
 40
372.2936969225173
 40
379.596355563951
 40
379.596355563951
 40
386.8990142053848
 40
386.8990142053848
 40
394.2016728468185
 40
394.2016728468185
 40
409.7719347939479
 40
409.7719347939479
 40
425.3421967410774
 40
425.3421967410774
 40
440.9124586882068
 40
440.9124586882068
 40
450.9996290500528
 40
450.9996290500528
 40
459.675978694304
 40
459.675978694304
 40
465.7481453014418
 40
465.7481453014418
 40
471.8203119085798
 40
471.8203119085798
 40
483.9646451228555
 40
483.9646451228555
 40
508.253311551407
 40
508.253311551407
 40
550.0693255730912
 40
550.0693255730912
 40
550.0693255730912
 40
550.0693255730912
 10
592.073445914255
 20
141.3899273019051
 30
0.0
 10
596.960005915607
 20
145.6881103905616
 30
0.0
 10
601.8289793709991
 20
149.9256389203947
 30
0.0
 10
610.9946253766537
 20
157.0722587665076
 30
0.0
 10
615.2765874625182
 20
160.0785481646308
 30
0.0
 10
623.0708294011417
 20
164.5195836829371
 30
0.0
 10
626.5602764103676
 20
166.1497328256955
 30
0.0
 10
632.6371844749663
 20
168.1866701084072
 30
0.0
 10
635.2025747591397
 20
168.8097870014608
 30
0.0
 10
638.7664959353277
 20
169.3003734878148
 30
0.0
 10
639.7344511726405
 20
169.3966734894202
 30
0.0
 10
642.6497829462751
 20
169.5710657319287
 30
0.0
 10
644.6400946064969
 20
169.5369590534828
 30
0.0
 10
648.6887188273249
 20
169.2315026636352
 30
0.0
 10
650.74959834537
 20
168.9597782192286
 30
0.0
 10
654.9325697088497
 20
168.2471239710576
 30
0.0
 10
657.0528823491766
 20
167.8063638049061
 30
0.0
 10
663.1313410680157
 20
166.4176234343321
 30
0.0
 10
667.142785649572
 20
165.3547385249403
 30
0.0
 10
674.5525317880092
 20
163.5310030578402
 30
0.0
 10
677.9403739249101
 20
162.7510231180349
 30
0.0
 10
684.7409187395824
 20
161.5539448779891
 30
0.0
 10
688.1586304705706
 20
161.1361854120623
 30
0.0
 10
693.4425150321332
 20
160.9949997325311
 30
0.0
 10
695.309665553388
 20
161.0425566100166
 30
0.0
 10
698.8967472385848
 20
161.3690029140562
 30
0.0
 10
700.6172297824522
 20
161.6343291507801
 30
0.0
 10
704.0182321847533
 20
162.3771964391926
 30
0.0
 10
705.7016020655282
 20
162.8532068599596
 30
0.0
 10
712.2279681458604
 20
165.1017469497747
 30
0.0
 10
716.9192217297967
 20
167.6053003910347
 30
0.0
 10
725.8386915415758
 20
173.9168598661781
 30
0.0
 10
730.0682463962003
 20
177.7246332138893
 30
0.0
 10
737.9570077349199
 20
186.3269360894919
 30
0.0
 10
741.6168497472535
 20
191.1199822539929
 30
0.0
 10
748.2517219986183
 20
201.3887842737022
 30
0.0
 10
751.2245678071629
 20
206.8648236094741
 30
0.0
 10
756.3563701045932
 20
218.1941556292004
 30
0.0
 10
758.5162142720073
 20
224.0484349128092
 30
0.0
 10
761.8866594875576
 20
235.8395585839753
 30
0.0
 10
763.0977117149159
 20
241.7738743594964
 30
0.0
 10
764.4349452741444
 20
253.4285203485633
 30
0.0
 10
764.5592109221616
 20
259.1501271378366
 30
0.0
 10
763.565054782608
 20
270.080835127621
 30
0.0
 10
762.4462946379207
 20
275.2933237372781
 30
0.0
 10
759.703296608699
 20
282.4886871908675
 30
0.0
 10
758.612197122129
 20
284.7825435706182
 30
0.0
 10
756.4029168058186
 20
288.5263215766754
 30
0.0
 10
755.3697285006637
 20
290.0386428536149
 30
0.0
 10
753.1087312574961
 20
292.9036821468617
 30
0.0
 10
751.8838030711631
 20
294.2577710301848
 30
0.0
 10
747.9627893169528
 20
298.1043942635879
 30
0.0
 10
745.0219422483351
 20
300.3807294895523
 30
0.0
 10
737.2464450791012
 20
305.3926569587784
 30
0.0
 10
732.1501625772216
 20
307.8817642880022
 30
0.0
 10
721.441811532015
 20
312.2699214215972
 30
0.0
 10
715.8246242615277
 20
314.1689007912646
 30
0.0
 10
704.5405818847357
 20
317.6985356378718
 30
0.0
 10
698.8704010791844
 20
319.331337650714
 30
0.0
 10
687.9607304925447
 20
322.6353712988203
 30
0.0
 10
682.7200388712807
 20
324.3099662394379
 30
0.0
 10
674.5658863027347
 20
327.446289974614
 30
0.0
 10
671.4257973548373
 20
328.8249393500737
 30
0.0
 10
665.7795477901816
 20
331.833291642135
 30
0.0
 10
663.2806077313725
 20
333.4595877333777
 30
0.0
 10
660.1141099416418
 20
336.1444903841475
 30
0.0
 10
659.1510927220806
 20
337.087335204531
 30
0.0
 10
657.7622475753305
 20
338.6920576228295
 30
0.0
 10
657.271788766724
 20
339.3256212209817
 30
0.0
 10
656.3716799488172
 20
340.6389592756168
 30
0.0
 10
655.9670001631602
 20
341.3116069452954
 30
0.0
 10
655.2323574638576
 20
342.7115890978021
 30
0.0
 10
654.9039855480077
 20
343.4352288826485
 30
0.0
 10
653.9992082112584
 20
345.7577990260324
 30
0.0
 10
653.5500926970852
 20
347.4395564352162
 30
0.0
 10
652.9535544694518
 20
351.014470502967
 30
0.0
 10
652.8066556434496
 20
352.9057830291567
 30
0.0
 10
652.7895729974261
 20
356.8770878391806
 30
0.0
 10
652.9191884651083
 20
358.9581357060233
 30
0.0
 10
653.7067083063302
 20
365.7268728987546
 30
0.0
 10
654.7984144416988
 20
370.7048231199733
 30
0.0
 10
657.7240304667502
 20
381.1463128543692
 30
0.0
 10
659.5571764645283
 20
386.614127944631
 30
0.0
 10
663.5682327561662
 20
397.8195464648306
 30
0.0
 10
665.7468723900965
 20
403.5576580864725
 30
0.0
 10
669.2945967126287
 20
413.0698017672981
 30
0.0
 10
670.6786203165537
 20
416.8234611150692
 30
0.0
 10
673.1327539681806
 20
423.7830347036361
 30
0.0
 10
674.2196135236881
 20
426.992457695771
 30
0.0
 10
675.9263716356362
 20
432.4037412703616
 30
0.0
 10
676.5879485914482
 20
434.6211697103572
 30
0.0
 10
677.813248329272
 20
439.0143666792426
 30
0.0
 10
678.3797815158031
 20
441.1929517176467
 30
0.0
 10
679.9508811099221
 20
447.6780963332275
 30
0.0
 10
680.8269729916937
 20
451.9341071816743
 30
0.0
 10
683.0204864982512
 20
464.5276453167316
 30
0.0
 10
683.9032679349766
 20
472.6908475285163
 30
0.0
 10
685.3095715497619
 20
494.4799332494149
 30
0.0
 10
685.1160828272695
 20
507.7964102705008
 30
0.0
 10
684.9251556195667
 20
521.0574676324031
 30
0.0
  0
ENDBLK
  5
4F0
330
455
100
AcDbEntity
  8
0
100
AcDbBlockEnd
  0
BLOCK
  5
43A
330
439
100
AcDbEntity
  8
0
100
AcDbBlockBegin
  2
A$C6465327B
 70
     0
 10
0.0
 20
0.0
 30
0.0
  3
A$C6465327B
  1

  0
ARC
  5
43B
330
439
100
AcDbEntity
  8
家具示意
100
AcDbCircle
 10
337.3485059794039
 20
408.9179010716616
 30
0.0
 40
316.5816145546064
100
AcDbArc
 50
31.07619226098023
 51
148.9238077390344
  0
ARC
  5
43C
330
439
100
AcDbEntity
  8
家具示意
100
AcDbCircle
 10
337.3485059794039
 20
408.9179010716616
 30
0.0
 40
316.5816145546064
100
AcDbArc
 50
208.0534503066729
 51
331.9465496933418
  0
LINE
  5
43D
330
439
100
AcDbEntity
  8
家具示意
100
AcDbLine
 10
355.4199561196146
 20
92.85249429038961
 30
0.0
 11
355.4199561196146
 21
45.29783193976617
 31
0.0
  0
LINE
  5
43E
330
439
100
AcDbEntity
  8
家具示意
100
AcDbLine
 10
319.2770558392513
 20
92.85249429038961
 30
0.0
 11
319.2770558392513
 21
45.29783193970795
 31
0.0
  0
LINE
  5
43F
330
439
100
AcDbEntity
  8
家具示意
100
AcDbLine
 10
-0.0001195789664052
 20
260.0311361168861
 30
0.0
 11
-0.0001195790246129
 21
572.3302027474272
 31
0.0
  0
LINE
  5
440
330
439
100
AcDbEntity
  8
家具示意
100
AcDbLine
 10
-0.0001195790246129
 20
572.3302027474272
 30
0.0
 11
76.17537620227086
 21
572.3302027474272
 31
0.0
  0
LINE
  5
441
330
439
100
AcDbEntity
  8
家具示意
100
AcDbLine
 10
76.17537620227086
 20
572.3302027474272
 30
0.0
 11
76.17537620232906
 21
260.0311361168861
 31
0.0
  0
LINE
  5
442
330
439
100
AcDbEntity
  8
家具示意
100
AcDbLine
 10
76.17537620232906
 20
260.0311361168861
 30
0.0
 11
-0.0001195789664052
 21
260.0311361168861
 31
0.0
  0
LINE
  5
443
330
439
100
AcDbEntity
  8
家具示意
100
AcDbLine
 10
674.6971315377741
 20
260.0311361170025
 30
0.0
 11
674.6971315377741
 21
572.3302027475437
 31
0.0
  0
LINE
  5
444
330
439
100
AcDbEntity
  8
家具示意
100
AcDbLine
 10
674.6971315377741
 20
572.3302027475437
 30
0.0
 11
598.5216357564203
 21
572.3302027475437
 31
0.0
  0
LINE
  5
445
330
439
100
AcDbEntity
  8
家具示意
100
AcDbLine
 10
598.5216357564203
 20
572.3302027475437
 30
0.0
 11
598.5216357564786
 21
260.0311361169442
 31
0.0
  0
LINE
  5
446
330
439
100
AcDbEntity
  8
家具示意
100
AcDbLine
 10
598.5216357564786
 20
260.0311361169442
 30
0.0
 11
674.6971315377741
 21
260.0311361170025
 31
0.0
  0
LWPOLYLINE
  5
447
330
439
100
AcDbEntity
  8
家具示意
100
AcDbPolyline
 90
        6
 70
     1
 43
0.0
 10
598.7022190898422
 20
155.461063268769
 42
-0.4232272692273249
 10
75.99479286902351
 20
155.4610632686526
 10
68.07498295686674
 20
129.2708105348865
 10
75.99479286902351
 20
94.42132002057041
 42
0.3612779586419062
 10
598.7022190898422
 20
94.42132002062862
 10
614.5418389140977
 20
134.5471693013096
  0
ENDBLK
  5
448
330
439
100
AcDbEntity
  8
0
100
AcDbBlockEnd
  0
BLOCK
  5
953
330
952
100
AcDbEntity
  8
0
100
AcDbBlockBegin
  2
空调室外机2
 70
     0
 10
0.0
 20
0.0
 30
0.0
  3
空调室外机2
  1

  0
TEXT
  5
954
330
952
100
AcDbEntity
  8
0
 48
0.5
100
AcDbText
 10
319.3213905020966
 20
54.63600553503056
 30
0.0
 40
200.0
  1
AC
 41
0.65
  7
_ZBHZ
100
AcDbText
  0
LWPOLYLINE
  5
956
330
952
100
AcDbEntity
  8
0
 48
0.5
100
AcDbPolyline
 90
        4
 70
     1
 43
0.0
 10
0.0
 20
0.0
 10
850.0
 20
0.0
 10
850.0
 20
320.0
 10
0.0
 20
320.0
1001
AcDbBlockRepETag
1070
     1
1071
        0
1005
956
  0
ENDBLK
  5
957
330
952
100
AcDbEntity
  8
0
100
AcDbBlockEnd
  0
BLOCK
  5
979
330
976
100
AcDbEntity
  8
0
100
AcDbBlockBegin
  2
洗衣机1
 70
     0
 10
0.0
 20
0.0
 30
0.0
  3
洗衣机1
  1

  0
LWPOLYLINE
  5
97A
330
976
100
AcDbEntity
  8
家具
100
AcDbPolyline
 90
       17
 70
     0
 43
0.0
 10
173.5302332029096
 20
-81.94734117938788
 42
0.1851580092270577
 10
177.7691565193818
 20
-93.0016786485794
 42
0.102041767147919
 10
194.6640604886925
 20
-105.4519065807107
 42
0.0608615383846834
 10
216.404964095098
 20
-112.4191334194911
 42
0.0471731328896009
 10
245.6856329470174
 20
-115.1878163476649
 42
0.0471731328896349
 10
274.9663017989369
 20
-112.4191334194911
 42
0.0608615383847268
 10
296.7072054052842
 20
-105.4519065807107
 42
0.1020417671479031
 10
313.6021093745949
 20
-93.0016786485794
 42
0.1851580092270727
 10
317.8410326911253
 20
-81.94734117938788
 42
0.1851580092270577
 10
313.6021093745949
 20
-70.89300371022544
 42
0.1020417671479417
 10
296.7072054052842
 20
-58.44277577803587
 42
0.0608615383846845
 10
274.9663017989369
 20
-51.47554893931374
 42
0.0471731328896248
 10
245.6856329470174
 20
-48.70686601113994
 42
0.0471731328895818
 10
216.404964095098
 20
-51.47554893931374
 42
0.0608615383846819
 10
194.6640604886925
 20
-58.44277577803587
 42
0.102041767147903
 10
177.7691565193818
 20
-70.89300371022544
 42
0.1851580092271371
 10
173.5302332029096
 20
-81.94734117938788
 42
0.1851580092270577
1001
AcDbBlockRepETag
1070
     1
1071
        0
1005
97A
  0
ARC
  5
97B
330
976
100
AcDbEntity
  8
家具
100
AcDbCircle
 10
-231.9299959253403
 20
-617.6729151373437
 30
0.0
 40
34.71093413207436
100
AcDbArc
 50
180.0
 51
270.0
1001
AcDbBlockRepETag
1070
     1
1071
        1
1005
97B
  0
LINE
  5
97C
330
976
100
AcDbEntity
  8
家具
100
AcDbLine
 10
-266.6409300574451
 20
-125.1842764888424
 30
0.0
 11
-266.6409300574451
 21
-617.6729151373437
 31
0.0
1001
AcDbBlockRepETag
1070
     1
1071
        2
1005
97C
  0
LINE
  5
97D
330
976
100
AcDbEntity
  8
家具
100
AcDbLine
 10
333.1663821470574
 20
-652.3838492694194
 30
0.0
 11
-231.9299959253403
 21
-652.3838492694194
 31
0.0
1001
AcDbBlockRepETag
1070
     1
1071
        3
1005
97D
  0
ARC
  5
97E
330
976
100
AcDbEntity
  8
家具
100
AcDbCircle
 10
333.1663821470574
 20
-617.6729151373437
 30
0.0
 40
34.71093413207436
100
AcDbArc
 50
270.0
 51
0.0
1001
AcDbBlockRepETag
1070
     1
1071
        4
1005
97E
  0
LINE
  5
97F
330
976
100
AcDbEntity
  8
家具
100
AcDbLine
 10
367.8773162791622
 20
-125.1842764888424
 30
0.0
 11
367.8773162791622
 21
-617.6729151373437
 31
0.0
1001
AcDbBlockRepETag
1070
     1
1071
        5
1005
97F
  0
LINE
  5
980
330
976
100
AcDbEntity
  8
家具
100
AcDbLine
 10
-262.4452945320518
 20
-31.09681736378116
 30
0.0
 11
-299.3818068891414
 21
-31.09681736378116
 31
0.0
1001
AcDbBlockRepETag
1070
     1
1071
        6
1005
980
  0
LINE
  5
981
330
976
100
AcDbEntity
  8
家具
100
AcDbLine
 10
400.6181931108585
 20
-31.09681736378116
 30
0.0
 11
-190.2842765211826
 21
-31.09681736378116
 31
0.0
1001
AcDbBlockRepETag
1070
     1
1071
        7
1005
981
  0
LINE
  5
982
330
976
100
AcDbEntity
  8
家具
100
AcDbLine
 10
-190.2842765211826
 20
-56.94112574696191
 30
0.0
 11
-190.2842765211826
 21
-30.36819186684443
 31
0.0
1001
AcDbBlockRepETag
1070
     1
1071
        8
1005
982
  0
LINE
  5
983
330
976
100
AcDbEntity
  8
家具
100
AcDbLine
 10
-262.4452945320518
 20
-56.94112574696191
 30
0.0
 11
-190.2842765211826
 21
-56.94112574696191
 31
0.0
1001
AcDbBlockRepETag
1070
     1
1071
        9
1005
983
  0
LINE
  5
984
330
976
100
AcDbEntity
  8
家具
100
AcDbLine
 10
-262.4452945320518
 20
-30.36819186684443
 30
0.0
 11
-262.4452945320518
 21
-56.94112574696191
 31
0.0
1001
AcDbBlockRepETag
1070
     1
1071
       10
1005
984
  0
CIRCLE
  5
985
330
976
100
AcDbEntity
  8
家具
100
AcDbCircle
 10
-224.4658113684272
 20
-30.36819186684443
 30
0.0
 40
15.18307460457539
1001
AcDbBlockRepETag
1070
     1
1071
       11
1005
985
  0
LINE
  5
986
330
976
100
AcDbEntity
  8
家具
100
AcDbLine
 10
400.6181931108585
 20
0.0
 30
0.0
 11
-299.3818068891414
 21
0.0
 31
0.0
1001
AcDbBlockRepETag
1070
     1
1071
       12
1005
986
  0
LINE
  5
987
330
976
100
AcDbEntity
  8
家具
100
AcDbLine
 10
-299.3818068891414
 20
-656.6113323348981
 30
0.0
 11
-299.3818068891414
 21
0.0
 31
0.0
1001
AcDbBlockRepETag
1070
     1
1071
       13
1005
987
  0
LINE
  5
988
330
976
100
AcDbEntity
  8
家具
100
AcDbLine
 10
400.6181931108585
 20
0.0
 30
0.0
 11
400.6181931108585
 21
-656.6113323348981
 31
0.0
1001
AcDbBlockRepETag
1070
     1
1071
       14
1005
988
  0
ARC
  5
989
330
976
100
AcDbEntity
  8
家具
100
AcDbCircle
 10
-255.9931392240687
 20
-656.6113323348981
 30
0.0
 40
43.38866766509295
100
AcDbArc
 50
180.0
 51
270.0
1001
AcDbBlockRepETag
1070
     1
1071
       15
1005
989
  0
LINE
  5
98A
330
976
100
AcDbEntity
  8
家具
100
AcDbLine
 10
357.2295254457858
 20
-700.0
 30
0.0
 11
-255.9931392240687
 21
-700.0
 31
0.0
1001
AcDbBlockRepETag
1070
     1
1071
       16
1005
98A
  0
ARC
  5
98B
330
976
100
AcDbEntity
  8
家具
100
AcDbCircle
 10
357.2295254457858
 20
-656.6113323348981
 30
0.0
 40
43.38866766509295
100
AcDbArc
 50
270.0
 51
0.0
1001
AcDbBlockRepETag
1070
     1
1071
       17
1005
98B
  0
LINE
  5
98C
330
976
100
AcDbEntity
  8
家具
100
AcDbLine
 10
217.0642983330763
 20
-83.59138061775594
 30
0.0
 11
217.0642983330763
 21
-98.01399138235138
 31
0.0
1001
AcDbBlockRepETag
1070
     1
1071
       18
1005
98C
  0
LINE
  5
98D
330
976
100
AcDbEntity
  8
家具
100
AcDbLine
 10
217.0642983330763
 20
-98.01399138235138
 30
0.0
 11
273.1818209248595
 21
-98.01399138235138
 31
0.0
1001
AcDbBlockRepETag
1070
     1
1071
       19
1005
98D
  0
LINE
  5
98E
330
976
100
AcDbEntity
  8
家具
100
AcDbLine
 10
273.1818209248595
 20
-98.01399138235138
 30
0.0
 11
273.1818209248595
 21
-83.59138061775594
 31
0.0
1001
AcDbBlockRepETag
1070
     1
1071
       20
1005
98E
  0
LINE
  5
98F
330
976
100
AcDbEntity
  8
家具
100
AcDbLine
 10
273.1818209248595
 20
-83.59138061775594
 30
0.0
 11
217.0642983330763
 21
-83.59138061775594
 31
0.0
1001
AcDbBlockRepETag
1070
     1
1071
       21
1005
98F
  0
LWPOLYLINE
  5
990
330
976
100
AcDbEntity
  8
家具
100
AcDbPolyline
 90
        4
 70
     0
 43
0.0
 10
273.1818209248595
 20
-93.43287325685379
 42
0.0087359414318704
 10
275.965418004489
 20
-92.7665382301493
 42
0.0762761895456294
 10
285.9622363608214
 20
-88.48461254965512
 42
0.2590339714204861
 10
287.6116864450742
 20
-85.51439538638806
 42
0.2590339714206403
1001
AcDbBlockRepETag
1070
     1
1071
       22
1005
990
  0
LWPOLYLINE
  5
991
330
976
100
AcDbEntity
  8
家具
100
AcDbPolyline
 90
       11
 70
     0
 43
0.0
 10
287.6116864450742
 20
-85.51439538638806
 42
0.2590339714206403
 10
285.9622363608214
 20
-82.54417822309187
 42
0.0762761895455676
 10
275.965418004489
 20
-78.26225254259771
 42
0.0365148199121137
 10
264.2085725558573
 20
-76.12976241510478
 42
0.026614996038891
 10
247.8488387840916
 20
-75.25831662042765
 42
0.026614996038891
 10
231.4891050123843
 20
-76.12976241510478
 42
0.0365148199121137
 10
219.7322595637524
 20
-78.26225254259771
 42
0.0762761895455752
 10
209.7354412073619
 20
-82.54417822309187
 42
0.2590339714203898
 10
208.0859911231091
 20
-85.51439538638806
 42
0.2590339714202164
 10
209.7354412073619
 20
-88.48461254965512
 42
0.056762457430155
 10
217.0642983330763
 20
-91.96665348744136
 42
0.0365148199120382
1001
AcDbBlockRepETag
1070
     1
1071
       23
1005
991
  0
LINE
  5
992
330
976
100
AcDbEntity
  8
家具
100
AcDbLine
 10
287.6116864450742
 20
-76.38902403716929
 30
0.0
 11
287.6116864450742
 21
-85.51439538638806
 31
0.0
1001
AcDbBlockRepETag
1070
     1
1071
       24
1005
992
  0
LINE
  5
993
330
976
100
AcDbEntity
  8
家具
100
AcDbLine
 10
207.9831939731958
 20
-75.36825904148281
 30
0.0
 11
208.0860293058213
 21
-85.53074169531463
 31
0.0
1001
AcDbBlockRepETag
1070
     1
1071
       25
1005
993
  0
LWPOLYLINE
  5
994
330
976
100
AcDbEntity
  8
家具
100
AcDbPolyline
 90
       10
 70
     0
 43
0.0
 10
287.6116864450742
 20
-76.38902403716929
 42
0.2590339714206403
 10
285.9622363608214
 20
-73.41880687390221
 42
0.0762761895455676
 10
275.965418004489
 20
-69.13688119340804
 42
0.0365148199121137
 10
264.2085725558573
 20
-67.0043910659151
 42
0.026614996038891
 10
247.8488387840916
 20
-66.13294527123795
 42
0.026614996038891
 10
231.4891050123843
 20
-67.0043910659151
 42
0.0365148199121137
 10
219.7322595637524
 20
-69.13688119340804
 42
0.0762761895455752
 10
209.7354412073619
 20
-73.41880687390221
 42
0.2590339714203898
 10
208.0859911231091
 20
-76.38902403716929
 42
0.0784621676306809
 10
208.2562165846466
 20
-77.46710730725317
 42
0.056762457430155
1001
AcDbBlockRepETag
1070
     1
1071
       26
1005
994
  0
LINE
  5
995
330
976
100
AcDbEntity
  8
家具
100
AcDbLine
 10
-299.3818068891414
 20
-125.5372303121548
 30
0.0
 11
400.6181931108585
 21
-125.5372303121548
 31
0.0
1001
AcDbBlockRepETag
1070
     1
1071
       27
1005
995
  0
ENDBLK
  5
996
330
976
100
AcDbEntity
  8
0
100
AcDbBlockEnd
  0
BLOCK
  5
34D
330
34A
100
AcDbEntity
  8
0
100
AcDbBlockBegin
  2
A$C367E6596
 70
     2
 10
0.0
 20
0.0
 30
0.0
  3
A$C367E6596
  1

  0
LWPOLYLINE
  5
34E
330
34A
100
AcDbEntity
  8
家具示意
100
AcDbPolyline
 90
       46
 70
     0
 43
0.0
 10
450.3358866110211
 20
418.6050251997658
 42
0.0256263773130658
 10
451.8147149999858
 20
409.1675685905501
 42
0.0108003175969269
 10
476.4092209079533
 20
303.3049188547884
 42
0.0045599242865635
 10
495.4463608491932
 20
231.4518540218123
 42
0.0112502049699783
 10
504.0802431880726
 20
202.5838672876707
 42
0.0693939607328312
 10
511.7198182257125
 20
186.8363156259874
 42
-0.0797562568819131
 10
518.0928344459971
 20
172.9794027059688
 42
-0.1063994932269791
 10
518.8029853784246
 20
161.1364854622516
 42
-0.3286420819917078
 10
515.8220425046748
 20
158.165991803573
 42
-0.2995467624749613
 10
510.7963686339791
 20
160.4921004761127
 42
0.1899166392732897
 10
504.1363375553627
 20
165.4528905859333
 42
0.0335175224208069
 10
496.0337165837408
 20
167.0770792590338
 42
0.0756271031388586
 10
492.3551761304261
 20
167.0029598816181
 42
0.0534886286392459
 10
485.8975498542419
 20
165.1600960194482
 42
0.0178378667503755
 10
467.5617760360474
 20
156.9600520743406
 42
0.0383935750642246
 10
447.0678789095252
 20
144.8707719219965
 42
-0.0595290825061912
 10
433.505327213439
 20
137.6229160284274
 42
-0.0359425927522917
 10
411.9402856292436
 20
130.9516664810362
 42
-0.011245006357116
 10
341.391597154201
 20
116.2335404189652
 42
-0.0062027091860942
 10
309.1554915771121
 20
110.6741275099921
 42
0.010783211680623
 10
290.6412992120022
 20
107.3062632807414
 42
0.0194848343010926
 10
279.7599105451955
 20
104.6379850496887
 42
0.0050616242096234
 10
238.4408582322067
 20
92.32774458714995
 42
0.1013919190942201
 10
217.1772289111977
 20
80.66233772615667
 42
-0.2237680032509501
 10
206.1494221932953
 20
77.68633743940156
 42
-0.2555795284433636
 10
202.6765637675999
 20
80.47834108798999
 42
-0.0815627085866008
 10
199.6629481032723
 20
93.32366641802947
 42
-0.0718052271760612
 10
200.6978923812276
 20
106.971167115902
 42
0.0699853129919421
 10
201.8101683062269
 20
120.9660293693305
 42
0.0354599108751823
 10
195.4294524929719
 20
169.2746632141643
 42
0.0294323486893013
 10
180.2827031867346
 20
225.9707529657171
 42
0.0015539306784282
 10
171.0673061701236
 20
253.5008100572158
 42
-0.0015200045161783
 10
161.6443148759426
 20
281.6446896690759
 42
-0.004735139452577
 10
152.30796641286
 20
310.7335460252944
 42
0.0038204816556974
 10
140.8024722974514
 20
346.8073621800286
 42
0.2960011448983662
 10
116.4918816535501
 20
366.4199327305541
 42
-0.6497743301907089
 10
110.725699793431
 20
384.1104892282165
 42
-0.0231899331533064
 10
114.7209694286575
 20
387.3883619048283
 42
0.0288000585939381
 10
117.909111349727
 20
390.0644037026795
 42
0.0057266574220755
 10
122.9544761861907
 20
394.9306619740673
 42
-0.0043580803065144
 10
129.5666294164257
 20
401.3431153292184
 42
-0.0275279624241201
 10
144.139056293643
 20
413.7752984702236
 42
-0.0462141911587343
 10
153.8260975106386
 20
419.8338049486626
 42
-0.194121097555792
 10
167.3058111589635
 20
420.9561273524887
 42
0.1337189327007904
 10
186.5559409946436
 20
420.2908939826881
 42
0.0057790609655978
 10
204.6029439057456
 20
424.7623310998895
 42
0.0088817836259535
  0
LWPOLYLINE
  5
34F
330
34A
100
AcDbEntity
  8
家具示意
100
AcDbPolyline
 90
        4
 70
     1
 43
0.0
 10
-0.0000116023002192
 20
-0.0000860144500621
 10
-0.0000116023002192
 20
1999.99991398555
 10
999.9999883976995
 20
1999.99991398555
 10
999.9999883976995
 20
-0.0000860144500621
  0
LINE
  5
350
330
34A
100
AcDbEntity
  8
家具示意
100
AcDbLine
 10
971.571518159588
 20
32.16946073371218
 30
0.0
 11
971.571518159588
 21
1141.685947350284
 31
0.0
  0
LINE
  5
351
330
34A
100
AcDbEntity
  8
家具示意
100
AcDbLine
 10
25.81706371961627
 20
1491.468947322049
 30
0.0
 11
25.81706372124609
 21
32.16946073347936
 31
0.0
  0
LINE
  5
352
330
34A
100
AcDbEntity
  8
家具示意
100
AcDbLine
 10
441.1900166092673
 20
231.1670300044934
 30
0.0
 11
342.2453176093986
 21
299.7181376595399
 31
0.0
  0
LINE
  5
353
330
34A
100
AcDbEntity
  8
家具示意
100
AcDbLine
 10
299.3329865365522
 20
317.5781596497982
 30
0.0
 11
315.9883131781827
 21
213.0443772235303
 31
0.0
  0
LINE
  5
354
330
34A
100
AcDbEntity
  8
家具示意
100
AcDbLine
 10
245.6532977438765
 20
282.3834040990913
 30
0.0
 11
203.5209834777051
 21
233.5308909129235
 31
0.0
  0
ARC
  5
355
330
34A
100
AcDbEntity
  8
家具示意
100
AcDbCircle
 10
951.5715181595878
 20
32.16946073371218
 30
0.0
 40
20.0
100
AcDbArc
 50
270.0
 51
0.0
  0
LINE
  5
356
330
34A
100
AcDbEntity
  8
家具示意
100
AcDbLine
 10
45.81706372124608
 20
12.16946073347935
 30
0.0
 11
951.5715181595878
 21
12.16946073371218
 31
0.0
  0
ARC
  5
357
330
34A
100
AcDbEntity
  8
家具示意
100
AcDbCircle
 10
45.81706372124608
 20
32.16946073347936
 30
0.0
 40
20.0
100
AcDbArc
 50
180.0000000000573
 51
270.0000000000047
  0
LINE
  5
358
330
34A
100
AcDbEntity
  8
家具示意
100
AcDbLine
 10
315.9883131781827
 20
213.0443772235303
 30
0.0
 11
292.7801487712422
 21
107.7376140695414
 31
0.0
  0
LINE
  5
359
330
34A
100
AcDbEntity
  8
家具示意
100
AcDbLine
 10
203.5209834777051
 20
233.5308909129235
 30
0.0
 11
197.344596283161
 21
159.4641995902057
 31
0.0
  0
LINE
  5
35A
330
34A
100
AcDbEntity
  8
家具示意
100
AcDbLine
 10
518.8029853781918
 20
161.1364854624843
 30
0.0
 11
441.1900166092673
 21
231.1670300044934
 31
0.0
  0
LINE
  5
35B
330
34A
100
AcDbEntity
  8
家具示意
100
AcDbLine
 10
602.6360153354471
 20
1511.468947321933
 30
0.0
 11
971.571518159355
 21
1141.685947350401
 31
0.0
  0
POLYLINE
  5
35C
330
34A
100
AcDbEntity
  8
家具示意
100
AcDb2dPolyline
 66
     1
 10
0.0
 20
0.0
 30
0.0
 70
     2
  0
VERTEX
  5
35D
330
35C
100
AcDbEntity
  8
家具示意
100
AcDbVertex
100
AcDb2dVertex
 10
602.6360153354471
 20
1511.468947321933
 30
0.0
 42
-0.0852718179142582
  0
VERTEX
  5
35E
330
35C
100
AcDbEntity
  8
家具示意
100
AcDbVertex
100
AcDb2dVertex
 10
665.9413218555272
 20
1401.362923948385
 30
0.0
 42
-0.1240444849517736
 70
     1
  0
VERTEX
  5
35F
330
35C
100
AcDbEntity
  8
家具示意
100
AcDbVertex
100
AcDb2dVertex
 10
675.1512210929067
 20
1313.834005369281
 30
0.0
  0
VERTEX
  5
360
330
35C
100
AcDbEntity
  8
家具示意
100
AcDbVertex
100
AcDb2dVertex
 10
661.5118746910011
 20
1218.424018781341
 30
0.0
  0
VERTEX
  5
361
330
35C
100
AcDbEntity
  8
家具示意
100
AcDbVertex
100
AcDb2dVertex
 10
663.2579124994808
 20
1145.898087913461
 30
0.0
  0
SEQEND
  5
362
330
35C
100
AcDbEntity
  8
家具示意
  0
POLYLINE
  5
363
330
34A
100
AcDbEntity
  8
家具示意
100
AcDb2dPolyline
 66
     1
 10
0.0
 20
0.0
 30
0.0
 70
     2
  0
VERTEX
  5
364
330
363
100
AcDbEntity
  8
家具示意
100
AcDbVertex
100
AcDb2dVertex
 10
663.2579124994808
 20
1145.898087913461
 30
0.0
 42
-0.027362160136174
  0
VERTEX
  5
365
330
363
100
AcDbEntity
  8
家具示意
100
AcDbVertex
100
AcDb2dVertex
 10
701.823729806696
 20
1162.333868829591
 30
0.0
 42
-0.0408342758360808
 70
     1
  0
VERTEX
  5
366
330
363
100
AcDbEntity
  8
家具示意
100
AcDbVertex
100
AcDb2dVertex
 10
728.9477662878343
 20
1169.739476122602
 30
0.0
 42
-0.0384412381721336
  0
VERTEX
  5
367
330
363
100
AcDbEntity
  8
家具示意
100
AcDbVertex
100
AcDb2dVertex
 10
816.5830197139875
 20
1179.246694108762
 30
0.0
 42
-0.0765278784005618
 70
     1
  0
VERTEX
  5
368
330
363
100
AcDbEntity
  8
家具示意
100
AcDbVertex
100
AcDb2dVertex
 10
860.727504121256
 20
1173.854840464366
 30
0.0
 42
-0.1036486711432353
  0
VERTEX
  5
369
330
363
100
AcDbEntity
  8
家具示意
100
AcDbVertex
100
AcDb2dVertex
 10
888.2395662331253
 20
1159.501787533809
 30
0.0
 42
0.0933978589710101
 70
     1
  0
VERTEX
  5
36A
330
363
100
AcDbEntity
  8
家具示意
100
AcDbVertex
100
AcDb2dVertex
 10
918.3811516704736
 20
1142.989890374767
 30
0.0
 42
0.072726827340892
  0
VERTEX
  5
36B
330
363
100
AcDbEntity
  8
家具示意
100
AcDbVertex
100
AcDb2dVertex
 10
940.5220844567521
 20
1139.195909034402
 30
0.0
 42
0.0523148512978711
 70
     1
  0
VERTEX
  5
36C
330
363
100
AcDbEntity
  8
家具示意
100
AcDbVertex
100
AcDb2dVertex
 10
971.571518159588
 20
1141.685947350168
 30
0.0
  0
SEQEND
  5
36D
330
363
100
AcDbEntity
  8
家具示意
  0
LINE
  5
36E
330
34A
100
AcDbEntity
  8
家具示意
100
AcDbLine
 10
-0.0000116023002192
 20
1947.628502652223
 30
0.0
 11
999.9999883976995
 21
1947.628502652223
 31
0.0
  0
LINE
  5
36F
330
34A
100
AcDbEntity
  8
家具示意
100
AcDbLine
 10
602.6360153354471
 20
1511.468947321933
 30
0.0
 11
45.81706371961627
 21
1511.468947322049
 31
0.0
  0
LINE
  5
370
330
34A
100
AcDbEntity
  8
家具示意
100
AcDbLine
 10
45.8170637198491
 20
1238.86906634894
 30
0.0
 11
664.4345989880385
 21
1238.869066349056
 31
0.0
  0
ATTDEF
  5
371
330
34A
100
AcDbEntity
  8
家具示意
100
AcDbText
 10
-0.0000116023002192
 20
1999.99991398555
 30
0.0
 40
0.5
  1
900
 41
0.8
  7
DIM_FONT
100
AcDbAttributeDefinition
280
     0
  3
XSIZE
  2
XSIZE
 70
     9
280
     0
  0
ATTDEF
  5
372
330
34A
100
AcDbEntity
  8
家具示意
100
AcDbText
 10
-0.0000116023002192
 20
1999.99991398555
 30
0.0
 40
0.5
  1
2000
 41
0.8
  7
DIM_FONT
100
AcDbAttributeDefinition
280
     0
  3
YSIZE
  2
YSIZE
 70
     9
280
     0
  0
ARC
  5
373
330
34A
100
AcDbEntity
  8
家具示意
100
AcDbCircle
 10
45.8170637198491
 20
1258.869066348939
 30
0.0
 40
20.0
100
AcDbArc
 50
180.0000000000093
 51
270.0
  0
ARC
  5
374
330
34A
100
AcDbEntity
  8
家具示意
100
AcDbCircle
 10
45.81706371961627
 20
1491.468947322049
 30
0.0
 40
20.0
100
AcDbArc
 50
89.99999999999173
 51
180.0000000000116
  0
LINE
  5
375
330
34A
100
AcDbEntity
  8
家具示意
100
AcDbLine
 10
356.6302732919576
 20
647.6574045998858
 30
0.0
 11
349.4441026205895
 21
726.9689590974594
 31
0.0
  0
POLYLINE
  5
376
330
34A
100
AcDbEntity
  8
家具示意
100
AcDb2dPolyline
 66
     1
 10
0.0
 20
0.0
 30
0.0
 70
     3
  0
VERTEX
  5
377
330
376
100
AcDbEntity
  8
家具示意
100
AcDbVertex
100
AcDb2dVertex
 10
395.4265204452677
 20
748.9633557701599
 30
0.0
 42
0.1013919190942201
  0
VERTEX
  5
378
330
376
100
AcDbEntity
  8
家具示意
100
AcDbVertex
100
AcDb2dVertex
 10
415.7334749855799
 20
762.2242473858058
 30
0.0
 42
-0.2237680032509501
 70
     1
  0
VERTEX
  5
379
330
376
100
AcDbEntity
  8
家具示意
100
AcDbVertex
100
AcDb2dVertex
 10
426.5007381978212
 20
766.0367454690275
 30
0.0
 42
-0.2555795284433636
  0
VERTEX
  5
37A
330
376
100
AcDbEntity
  8
家具示意
100
AcDbVertex
100
AcDb2dVertex
 10
430.1773801309755
 20
763.5191406319497
 30
0.0
 42
-0.0815627085866008
 70
     1
  0
VERTEX
  5
37B
330
376
100
AcDbEntity
  8
家具示意
100
AcDbVertex
100
AcDb2dVertex
 10
434.1666909625053
 20
750.9425885886302
 30
0.0
 42
-0.0718052271760612
  0
VERTEX
  5
37C
330
376
100
AcDbEntity
  8
家具示意
100
AcDbVertex
100
AcDb2dVertex
 10
434.1808362834854
 20
737.2559094862662
 30
0.0
 42
0.0699853129919421
 70
     1
  0
VERTEX
  5
37D
330
376
100
AcDbEntity
  8
家具示意
100
AcDbVertex
100
AcDb2dVertex
 10
434.1445017975056
 20
723.2169634062447
 30
0.0
 42
0.0354599108751823
  0
VERTEX
  5
37E
330
376
100
AcDbEntity
  8
家具示意
100
AcDbVertex
100
AcDb2dVertex
 10
444.209177061799
 20
675.5395059445291
 30
0.0
 42
0.0294323486893013
 70
     1
  0
VERTEX
  5
37F
330
376
100
AcDbEntity
  8
家具示意
100
AcDbVertex
100
AcDb2dVertex
 10
463.6569749122718
 20
620.1711596939126
 30
0.0
 42
0.0015539306784282
  0
VERTEX
  5
380
330
376
100
AcDbEntity
  8
家具示意
100
AcDbVertex
100
AcDb2dVertex
 10
474.9553691883336
 20
593.4284247479516
 30
0.0
 42
-0.0015200045161783
 70
     1
  0
VERTEX
  5
381
330
376
100
AcDbEntity
  8
家具示意
100
AcDbVertex
100
AcDb2dVertex
 10
486.5077949379338
 20
566.0895845416815
 30
0.0
 42
-0.004735139452577
  0
VERTEX
  5
382
330
376
100
AcDbEntity
  8
家具示意
100
AcDbVertex
100
AcDb2dVertex
 10
498.0462627211817
 20
537.801906518114
 30
0.0
 42
0.0038204816556974
 70
     1
  0
VERTEX
  5
383
330
376
100
AcDbEntity
  8
家具示意
100
AcDbVertex
100
AcDb2dVertex
 10
512.2828739146934
 20
502.7160759231191
 30
0.0
 42
0.2960011448983662
  0
VERTEX
  5
384
330
376
100
AcDbEntity
  8
家具示意
100
AcDbVertex
100
AcDb2dVertex
 10
538.0252011952689
 20
485.0245432808878
 30
0.0
 42
-0.6497743301907089
 70
     1
  0
VERTEX
  5
385
330
376
100
AcDbEntity
  8
家具示意
100
AcDbVertex
100
AcDb2dVertex
 10
545.1303551344899
 20
467.8279904304654
 30
0.0
 42
-0.0231899331533064
  0
VERTEX
  5
386
330
376
100
AcDbEntity
  8
家具示意
100
AcDbVertex
100
AcDb2dVertex
 10
541.3980788575718
 20
464.2535334736456
 30
0.0
 42
0.0288000585939381
 70
     1
  0
VERTEX
  5
387
330
376
100
AcDbEntity
  8
家具示意
100
AcDbVertex
100
AcDb2dVertex
 10
538.4244271827628
 20
461.3410011856466
 30
0.0
 42
0.0057266574220755
  0
VERTEX
  5
388
330
376
100
AcDbEntity
  8
家具示意
100
AcDbVertex
100
AcDb2dVertex
 10
533.766890390194
 20
456.1023442090371
 30
0.0
 42
-0.0043580803065144
 70
     1
  0
VERTEX
  5
389
330
376
100
AcDbEntity
  8
家具示意
100
AcDbVertex
100
AcDb2dVertex
 10
527.6656860724324
 20
449.2019504337221
 30
0.0
 42
-0.0275279624241201
  0
VERTEX
  5
38A
330
376
100
AcDbEntity
  8
家具示意
100
AcDbVertex
100
AcDb2dVertex
 10
514.0890216069529
 20
435.6894012760021
 30
0.0
 42
-0.0462141911587343
 70
     1
  0
VERTEX
  5
38B
330
376
100
AcDbEntity
  8
家具示意
100
AcDbVertex
100
AcDb2dVertex
 10
504.8948457160731
 20
428.9062310751178
 30
0.0
 42
-0.194121097555792
  0
VERTEX
  5
38C
330
376
100
AcDbEntity
  8
家具示意
100
AcDbVertex
100
AcDb2dVertex
 10
491.5408088996771
 20
426.7540256197681
 30
0.0
 42
0.1337189327007904
 70
     1
  0
VERTEX
  5
38D
330
376
100
AcDbEntity
  8
家具示意
100
AcDbVertex
100
AcDb2dVertex
 10
472.2963194885523
 20
425.9418301821569
 30
0.0
 42
0.0115049885239622
  0
VERTEX
  5
38E
330
376
100
AcDbEntity
  8
家具示意
100
AcDbVertex
100
AcDb2dVertex
 10
437.2951601046368
 20
413.9120343287356
 30
0.0
 42
0.0088817836259535
 70
     1
  0
VERTEX
  5
38F
330
376
100
AcDbEntity
  8
家具示意
100
AcDbVertex
100
AcDb2dVertex
 10
392.6317588969832
 20
396.495122929744
 30
0.0
 42
0.0124257131937093
  0
VERTEX
  5
390
330
376
100
AcDbEntity
  8
家具示意
100
AcDbVertex
100
AcDb2dVertex
 10
335.6715229799738
 20
371.4375703320257
 30
0.0
 42
-0.0336123700455677
 70
     1
  0
VERTEX
  5
391
330
376
100
AcDbEntity
  8
家具示意
100
AcDbVertex
100
AcDb2dVertex
 10
314.2204529742012
 20
363.06600097107
 30
0.0
  0
VERTEX
  5
392
330
376
100
AcDbEntity
  8
家具示意
100
AcDbVertex
100
AcDb2dVertex
 10
267.7922891698545
 20
348.4551888586139
 30
0.0
  0
VERTEX
  5
393
330
376
100
AcDbEntity
  8
家具示意
100
AcDbVertex
100
AcDb2dVertex
 10
231.9762741363375
 20
337.183990013029
 30
0.0
 42
0.2243410718216135
  0
VERTEX
  5
394
330
376
100
AcDbEntity
  8
家具示意
100
AcDbVertex
100
AcDb2dVertex
 10
220.4064204593887
 20
326.4861073406064
 30
0.0
 42
-0.722771522499555
 70
     1
  0
VERTEX
  5
395
330
376
100
AcDbEntity
  8
家具示意
100
AcDbVertex
100
AcDb2dVertex
 10
213.3316400175681
 20
326.9399236327154
 30
0.0
 42
-0.1035130412990579
  0
VERTEX
  5
396
330
376
100
AcDbEntity
  8
家具示意
100
AcDbVertex
100
AcDb2dVertex
 10
213.1846423452953
 20
329.9525505189667
 30
0.0
 42
0.0534647381238438
 70
     1
  0
VERTEX
  5
397
330
376
100
AcDbEntity
  8
家具示意
100
AcDbVertex
100
AcDb2dVertex
 10
213.4783358249115
 20
335.7393936790177
 30
0.0
 42
0.0301092765793074
  0
VERTEX
  5
398
330
376
100
AcDbEntity
  8
家具示意
100
AcDbVertex
100
AcDb2dVertex
 10
211.2943367284024
 20
354.4304672225262
 30
0.0
 42
-0.0314364773003218
 70
     1
  0
VERTEX
  5
399
330
376
100
AcDbEntity
  8
家具示意
100
AcDbVertex
100
AcDb2dVertex
 10
209.249857285642
 20
372.3393774678117
 30
0.0
 42
-0.0532399643574459
  0
VERTEX
  5
39A
330
376
100
AcDbEntity
  8
家具示意
100
AcDbVertex
100
AcDb2dVertex
 10
209.9218489777995
 20
384.4209552991088
 30
0.0
 42
0.0551795226477933
 70
     1
  0
VERTEX
  5
39B
330
376
100
AcDbEntity
  8
家具示意
100
AcDbVertex
100
AcDb2dVertex
 10
210.5252559437649
 20
396.0827314962516
 30
0.0
 42
0.0562710074868784
  0
VERTEX
  5
39C
330
376
100
AcDbEntity
  8
家具示意
100
AcDbVertex
100
AcDb2dVertex
 10
206.9652933027828
 20
416.7010457041324
 30
0.0
 42
0.0108003175969269
 70
     1
  0
VERTEX
  5
39D
330
376
100
AcDbEntity
  8
家具示意
100
AcDbVertex
100
AcDb2dVertex
 10
174.3290440420387
 20
520.3671711464994
 30
0.0
 42
0.0045599242865635
  0
VERTEX
  5
39E
330
376
100
AcDbEntity
  8
家具示意
100
AcDbVertex
100
AcDb2dVertex
 10
149.8405577520607
 20
590.5497164283294
 30
0.0
 42
0.0112502049699783
 70
     1
  0
VERTEX
  5
39F
330
376
100
AcDbEntity
  8
家具示意
100
AcDbVertex
100
AcDb2dVertex
 10
139.0194186988519
 20
618.6710167524287
 30
0.0
 42
0.0693939607328312
  0
VERTEX
  5
3A0
330
376
100
AcDbEntity
  8
家具示意
100
AcDbVertex
100
AcDb2dVertex
 10
130.1953088267473
 20
633.7866899115615
 30
0.0
 42
-0.0797562568819131
 70
     1
  0
VERTEX
  5
3A1
330
376
100
AcDbEntity
  8
家具示意
100
AcDbVertex
100
AcDb2dVertex
 10
122.7789443806978
 20
647.1143644954427
 30
0.0
 42
-0.1063994932269791
  0
VERTEX
  5
3A2
330
376
100
AcDbEntity
  8
家具示意
100
AcDbVertex
100
AcDb2dVertex
 10
121.1631540398812
 20
658.8680117918991
 30
0.0
 42
-0.3286420819917078
 70
     1
  0
VERTEX
  5
3A3
330
376
100
AcDbEntity
  8
家具示意
100
AcDbVertex
100
AcDb2dVertex
 10
123.9076472310116
 20
662.0582484778132
 30
0.0
 42
-0.2995467624749613
  0
VERTEX
  5
3A4
330
376
100
AcDbEntity
  8
家具示意
100
AcDbVertex
100
AcDb2dVertex
 10
129.0968270095763
 20
660.1241873003893
 30
0.0
 42
0.1899166392732897
 70
     1
  0
VERTEX
  5
3A5
330
376
100
AcDbEntity
  8
家具示意
100
AcDbVertex
100
AcDb2dVertex
 10
136.1174975560279
 20
655.6884644097298
 30
0.0
 42
0.0335175224208069
  0
VERTEX
  5
3A6
330
376
100
AcDbEntity
  8
家具示意
100
AcDbVertex
100
AcDb2dVertex
 10
144.3207725438988
 20
654.6900982775841
 30
0.0
 42
0.0756271031388586
 70
     1
  0
VERTEX
  5
3A7
330
376
100
AcDbEntity
  8
家具示意
100
AcDbVertex
100
AcDb2dVertex
 10
147.9828106440836
 20
655.0459500742728
 30
0.0
 42
0.0534886286392459
  0
VERTEX
  5
3A8
330
376
100
AcDbEntity
  8
家具示意
100
AcDbVertex
100
AcDb2dVertex
 10
154.2801896106684
 20
657.3783528009079
 30
0.0
 42
0.0178378667503755
 70
     1
  0
VERTEX
  5
3A9
330
376
100
AcDbEntity
  8
家具示意
100
AcDbVertex
100
AcDb2dVertex
 10
171.9335125897778
 20
666.9596632554312
 30
0.0
 42
0.0383935750642246
  0
VERTEX
  5
3AA
330
376
100
AcDbEntity
  8
家具示意
100
AcDbVertex
100
AcDb2dVertex
 10
191.440510511049
 20
680.5841832887962
 30
0.0
 42
-0.0595290825061912
 70
     1
  0
VERTEX
  5
3AB
330
376
100
AcDbEntity
  8
家具示意
100
AcDbVertex
100
AcDb2dVertex
 10
204.4076356420992
 20
688.8502518459571
 30
0.0
 42
-0.0359425927522917
  0
VERTEX
  5
3AC
330
376
100
AcDbEntity
  8
家具示意
100
AcDbVertex
100
AcDb2dVertex
 10
225.3979048043257
 20
697.1547801016713
 30
0.0
 42
-0.011245006357116
 70
     1
  0
VERTEX
  5
3AD
330
376
100
AcDbEntity
  8
家具示意
100
AcDbVertex
100
AcDb2dVertex
 10
294.6109519250458
 20
717.2369808942894
 30
0.0
 42
-0.0062027091860942
  0
VERTEX
  5
3AE
330
376
100
AcDbEntity
  8
家具示意
100
AcDbVertex
100
AcDb2dVertex
 10
326.32611297525
 20
725.2508522553252
 30
0.0
 42
0.010783211680623
 70
     1
  0
VERTEX
  5
3AF
330
376
100
AcDbEntity
  8
家具示意
100
AcDbVertex
100
AcDb2dVertex
 10
344.5277035176987
 20
730.0278733077576
 30
0.0
 42
0.0194848343010926
  0
VERTEX
  5
3B0
330
376
100
AcDbEntity
  8
家具示意
100
AcDbVertex
100
AcDb2dVertex
 10
355.1725654891925
 20
733.5223320132936
 30
0.0
 42
0.0050616242096234
 70
     1
  0
SEQEND
  5
3B1
330
376
100
AcDbEntity
  8
家具示意
  0
LINE
  5
3B2
330
34A
100
AcDbEntity
  8
家具示意
100
AcDbLine
 10
366.5498796788743
 20
501.8341138718533
 30
0.0
 11
328.4095494699432
 21
540.9183544976984
 31
0.0
  0
LINE
  5
3B3
330
34A
100
AcDbEntity
  8
家具示意
100
AcDbLine
 10
328.4095494699432
 20
540.9183544976984
 30
0.0
 11
406.9884560279315
 21
589.6024548431743
 31
0.0
  0
LINE
  5
3B4
330
34A
100
AcDbEntity
  8
家具示意
100
AcDbLine
 10
406.9884560279315
 20
589.6024548431743
 30
0.0
 11
443.4281972580357
 21
662.5140694269794
 31
0.0
  0
LINE
  5
3B5
330
34A
100
AcDbEntity
  8
家具示意
100
AcDbLine
 10
443.4281972580357
 20
662.5140694269794
 30
0.0
 11
442.2883427747291
 21
681.9419870459824
 31
0.0
  0
LINE
  5
3B6
330
34A
100
AcDbEntity
  8
家具示意
100
AcDbLine
 10
196.1596923024626
 20
543.661095167452
 30
0.0
 11
149.8405577508965
 21
590.5497164308907
 31
0.0
  0
LINE
  5
3B7
330
34A
100
AcDbEntity
  8
家具示意
100
AcDbLine
 10
260.5691801138455
 20
521.7189899896617
 30
0.0
 11
196.1596923024626
 21
543.661095167452
 31
0.0
  0
LINE
  5
3B8
330
34A
100
AcDbEntity
  8
家具示意
100
AcDbLine
 10
354.7968077162514
 20
592.5736946693505
 30
0.0
 11
356.6302732919576
 21
647.6574045998858
 31
0.0
  0
LINE
  5
3B9
330
34A
100
AcDbEntity
  8
家具示意
100
AcDbLine
 10
328.4095494699432
 20
540.9183544976984
 30
0.0
 11
260.5691801138455
 21
521.7189899896617
 31
0.0
  0
LINE
  5
3BA
330
34A
100
AcDbEntity
  8
家具示意
100
AcDbLine
 10
328.4095494699432
 20
540.9183544976984
 30
0.0
 11
354.7968077162514
 21
592.5736946693505
 31
0.0
  0
LINE
  5
3BB
330
34A
100
AcDbEntity
  8
家具示意
100
AcDbLine
 10
300.9837421675911
 20
394.0664449906326
 30
0.0
 11
268.8878735912731
 21
356.6963329701102
 31
0.0
  0
LINE
  5
3BC
330
34A
100
AcDbEntity
  8
家具示意
100
AcDbLine
 10
268.8878735912731
 20
356.6963329701102
 30
0.0
 11
261.2350417460548
 21
347.6679875910631
 31
0.0
  0
LINE
  5
3BD
330
34A
100
AcDbEntity
  8
家具示意
100
AcDbLine
 10
342.2453176093986
 20
299.7181376595399
 30
0.0
 11
299.3329865365522
 21
317.5781596497982
 31
0.0
  0
LINE
  5
3BE
330
34A
100
AcDbEntity
  8
家具示意
100
AcDbLine
 10
299.3329865365522
 20
317.5781596497982
 30
0.0
 11
336.2152342555347
 21
360.5211384121212
 31
0.0
  0
LINE
  5
3BF
330
34A
100
AcDbEntity
  8
家具示意
100
AcDbLine
 10
336.2152342555347
 20
360.5211384121212
 30
0.0
 11
383.1991976042045
 21
372.4715050223167
 31
0.0
  0
LINE
  5
3C0
330
34A
100
AcDbEntity
  8
家具示意
100
AcDbLine
 10
383.1991976042045
 20
372.4715050223167
 30
0.0
 11
455.3804208630463
 21
382.3208410685765
 31
0.0
  0
LINE
  5
3C1
330
34A
100
AcDbEntity
  8
家具示意
100
AcDbLine
 10
299.3329865365522
 20
317.5781596497982
 30
0.0
 11
245.6532977438765
 21
282.3834040990913
 31
0.0
  0
LINE
  5
3C2
330
34A
100
AcDbEntity
  8
家具示意
100
AcDbLine
 10
299.3329865365522
 20
317.5781596497982
 30
0.0
 11
225.0861398562556
 21
333.2198706988129
 31
0.0
  0
LINE
  5
3C3
330
34A
100
AcDbEntity
  8
家具示意
100
AcDbLine
 10
213.4824426578125
 20
335.6644415701158
 30
0.0
 11
138.8482093544444
 21
351.3877640261199
 31
0.0
  0
LINE
  5
3C4
330
34A
100
AcDbEntity
  8
家具示意
100
AcDbLine
 10
545.2790266355732
 20
477.2634613289847
 30
0.0
 11
462.1368543800199
 21
473.1492968713282
 31
0.0
  0
LINE
  5
3C5
330
34A
100
AcDbEntity
  8
家具示意
100
AcDbLine
 10
462.1368543800199
 20
473.1492968713282
 30
0.0
 11
366.5498796788743
 21
501.8341138718533
 31
0.0
  0
LINE
  5
3C6
330
34A
100
AcDbEntity
  8
家具示意
100
AcDbLine
 10
328.4095494699432
 20
540.9183544976984
 30
0.0
 11
300.9837421675911
 21
394.0664449906326
 31
0.0
  0
LINE
  5
3C7
330
34A
100
AcDbEntity
  8
家具示意
100
AcDbLine
 10
349.4441026205895
 20
726.9689590974594
 30
0.0
 11
344.5277035195613
 21
730.0278733083397
 31
0.0
  0
POLYLINE
  5
3C8
330
34A
100
AcDbEntity
  8
家具示意
100
AcDb2dPolyline
 66
     1
 10
0.0
 20
0.0
 30
0.0
 70
     2
  0
VERTEX
  5
3C9
330
3C8
100
AcDbEntity
  8
家具示意
100
AcDbVertex
100
AcDb2dVertex
 10
184.9003941385308
 20
1866.406147886708
 30
0.0
 42
-0.0773794298008275
  0
VERTEX
  5
3CA
330
3C8
100
AcDbEntity
  8
家具示意
100
AcDbVertex
100
AcDb2dVertex
 10
219.7112468992127
 20
1841.065362365509
 30
0.0
 42
-0.0773794298004389
 70
     1
  0
VERTEX
  5
3CB
330
3C8
100
AcDbEntity
  8
家具示意
100
AcDbVertex
100
AcDb2dVertex
 10
245.1705016297055
 20
1806.341059214144
 30
0.0
 42
-0.0475254861911322
  0
VERTEX
  5
3CC
330
3C8
100
AcDbEntity
  8
家具示意
100
AcDbVertex
100
AcDb2dVertex
 10
255.0954649840714
 20
1781.722611962992
 30
0.0
 42
-0.0475254861919447
 70
     1
  0
VERTEX
  5
3CD
330
3C8
100
AcDbEntity
  8
家具示意
100
AcDbVertex
100
AcDb2dVertex
 10
260.1934760027798
 20
1755.672983820841
 30
0.0
  0
SEQEND
  5
3CE
330
3C8
100
AcDbEntity
  8
家具示意
  0
POLYLINE
  5
3CF
330
34A
100
AcDbEntity
  8
家具示意
100
AcDb2dPolyline
 66
     1
 10
0.0
 20
0.0
 30
0.0
 70
     2
  0
VERTEX
  5
3D0
330
3CF
100
AcDbEntity
  8
家具示意
100
AcDbVertex
100
AcDb2dVertex
 10
183.4241352175595
 20
1850.375974621915
 30
0.0
 42
-0.0536899463297647
  0
VERTEX
  5
3D1
330
3CF
100
AcDbEntity
  8
家具示意
100
AcDbVertex
100
AcDb2dVertex
 10
197.6308598621981
 20
1837.398640502419
 30
0.0
 42
-0.0703117485643946
 70
     1
  0
VERTEX
  5
3D2
330
3CF
100
AcDbEntity
  8
家具示意
100
AcDbVertex
100
AcDb2dVertex
 10
205.7354388424428
 20
1825.106939829478
 30
0.0
 42
-0.0154482349215183
  0
VERTEX
  5
3D3
330
3CF
100
AcDbEntity
  8
家具示意
100
AcDbVertex
100
AcDb2dVertex
 10
209.4701532180188
 20
1816.552420682448
 30
0.0
 42
-0.0132435682896378
 70
     1
  0
VERTEX
  5
3D4
330
3CF
100
AcDbEntity
  8
家具示意
100
AcDbVertex
100
AcDb2dVertex
 10
213.2469260288635
 20
1806.341059214144
 30
0.0
 42
-0.0821266656645959
  0
VERTEX
  5
3D5
330
3CF
100
AcDbEntity
  8
家具示意
100
AcDbVertex
100
AcDb2dVertex
 10
216.2369603038533
 20
1788.260043141141
 30
0.0
 42
-0.064163702142309
 70
     1
  0
VERTEX
  5
3D6
330
3CF
100
AcDbEntity
  8
家具示意
100
AcDbVertex
100
AcDb2dVertex
 10
213.2469260288635
 20
1765.05592412845
 30
0.0
  0
SEQEND
  5
3D7
330
3CF
100
AcDbEntity
  8
家具示意
  0
POLYLINE
  5
3D8
330
34A
100
AcDbEntity
  8
家具示意
100
AcDb2dPolyline
 66
     1
 10
0.0
 20
0.0
 30
0.0
 70
     2
  0
VERTEX
  5
3D9
330
3D8
100
AcDbEntity
  8
家具示意
100
AcDbVertex
100
AcDb2dVertex
 10
740.9257166370516
 20
1898.294128455978
 30
0.0
 42
0.0881531318181468
  0
VERTEX
  5
3DA
330
3D8
100
AcDbEntity
  8
家具示意
100
AcDbVertex
100
AcDb2dVertex
 10
706.395891979686
 20
1894.750373813964
 30
0.0
 42
0.0881531318190246
 70
     1
  0
VERTEX
  5
3DB
330
3D8
100
AcDbEntity
  8
家具示意
100
AcDbVertex
100
AcDb2dVertex
 10
675.2005466736155
 20
1879.528106603597
 30
0.0
 42
0.0775471207029249
  0
VERTEX
  5
3DC
330
3D8
100
AcDbEntity
  8
家具示意
100
AcDbVertex
100
AcDb2dVertex
 10
653.5543101528892
 20
1857.915952317009
 30
0.0
 42
0.077547120704443
 70
     1
  0
VERTEX
  5
3DD
330
3D8
100
AcDbEntity
  8
家具示意
100
AcDbVertex
100
AcDb2dVertex
 10
639.5211295027984
 20
1830.736647519225
 30
0.0
  0
SEQEND
  5
3DE
330
3D8
100
AcDbEntity
  8
家具示意
  0
POLYLINE
  5
3DF
330
34A
100
AcDbEntity
  8
家具示意
100
AcDb2dPolyline
 66
     1
 10
0.0
 20
0.0
 30
0.0
 70
     2
  0
VERTEX
  5
3E0
330
3DF
100
AcDbEntity
  8
家具示意
100
AcDbVertex
100
AcDb2dVertex
 10
658.9390678374329
 20
1892.595325662696
 30
0.0
 42
0.0278421621871093
  0
VERTEX
  5
3E1
330
3DF
100
AcDbEntity
  8
家具示意
100
AcDbVertex
100
AcDb2dVertex
 10
635.1572936767479
 20
1881.98215297627
 30
0.0
 42
0.0486850077751128
 70
     1
  0
VERTEX
  5
3E2
330
3DF
100
AcDbEntity
  8
家具示意
100
AcDbVertex
100
AcDb2dVertex
 10
622.6205282750306
 20
1873.898398913734
 30
0.0
 42
0.0236664622263066
  0
VERTEX
  5
3E3
330
3DF
100
AcDbEntity
  8
家具示意
100
AcDbVertex
100
AcDb2dVertex
 10
594.6972547633341
 20
1849.539343091484
 30
0.0
 42
0.0312234184537797
 70
     1
  0
VERTEX
  5
3E4
330
3DF
100
AcDbEntity
  8
家具示意
100
AcDbVertex
100
AcDb2dVertex
 10
575.6739783011144
 20
1828.860172447341
 30
0.0
 42
0.0468009736850804
  0
VERTEX
  5
3E5
330
3DF
100
AcDbEntity
  8
家具示意
100
AcDbVertex
100
AcDb2dVertex
 10
570.5659693808993
 20
1821.194038079295
 30
0.0
 42
0.023190832047154
 70
     1
  0
VERTEX
  5
3E6
330
3DF
100
AcDbEntity
  8
家具示意
100
AcDbVertex
100
AcDb2dVertex
 10
562.5290226900252
 20
1804.464442905097
 30
0.0
  0
SEQEND
  5
3E7
330
3DF
100
AcDbEntity
  8
家具示意
  0
POLYLINE
  5
3E8
330
34A
100
AcDbEntity
  8
家具示意
100
AcDb2dPolyline
 66
     1
 10
0.0
 20
0.0
 30
0.0
 70
     2
  0
VERTEX
  5
3E9
330
3E8
100
AcDbEntity
  8
家具示意
100
AcDbVertex
100
AcDb2dVertex
 10
275.4687290991423
 20
1539.512119963357
 30
0.0
 42
0.0097294744723616
  0
VERTEX
  5
3EA
330
3E8
100
AcDbEntity
  8
家具示意
100
AcDbVertex
100
AcDb2dVertex
 10
302.7575414179592
 20
1548.54395462136
 30
0.0
 42
0.009729474473291
 70
     1
  0
VERTEX
  5
3EB
330
3E8
100
AcDbEntity
  8
家具示意
100
AcDbVertex
100
AcDb2dVertex
 10
329.6742915826617
 20
1558.630672411586
 30
0.0
 42
0.0079705008528091
  0
VERTEX
  5
3EC
330
3E8
100
AcDbEntity
  8
家具示意
100
AcDbVertex
100
AcDb2dVertex
 10
351.4192287520273
 20
1567.669339268526
 30
0.0
 42
0.0079705008551367
 70
     1
  0
VERTEX
  5
3ED
330
3E8
100
AcDbEntity
  8
家具示意
100
AcDbVertex
100
AcDb2dVertex
 10
372.8649999863701
 20
1577.39655302692
 30
0.0
  0
SEQEND
  5
3EE
330
3E8
100
AcDbEntity
  8
家具示意
  0
POLYLINE
  5
3EF
330
34A
100
AcDbEntity
  8
家具示意
100
AcDb2dPolyline
 66
     1
 10
0.0
 20
0.0
 30
0.0
 70
     2
  0
VERTEX
  5
3F0
330
3EF
100
AcDbEntity
  8
家具示意
100
AcDbVertex
100
AcDb2dVertex
 10
744.6813622534973
 20
1537.988034250273
 30
0.0
 42
0.0161077521653885
  0
VERTEX
  5
3F1
330
3EF
100
AcDbEntity
  8
家具示意
100
AcDbVertex
100
AcDb2dVertex
 10
705.7626281169941
 20
1564.219915241527
 30
0.0
 42
0.0245988265329337
 70
     1
  0
VERTEX
  5
3F2
330
3EF
100
AcDbEntity
  8
家具示意
100
AcDbVertex
100
AcDb2dVertex
 10
678.9563882435905
 20
1579.273169335851
 30
0.0
 42
0.009477215100867
  0
VERTEX
  5
3F3
330
3EF
100
AcDbEntity
  8
家具示意
100
AcDbVertex
100
AcDb2dVertex
 10
629.9181150161892
 20
1602.571369774232
 30
0.0
 42
0.0159372813057892
 70
     1
  0
VERTEX
  5
3F4
330
3EF
100
AcDbEntity
  8
家具示意
100
AcDbVertex
100
AcDb2dVertex
 10
600.0860667155357
 20
1614.928455494635
 30
0.0
 42
0.0725208528990522
  0
VERTEX
  5
3F5
330
3EF
100
AcDbEntity
  8
家具示意
100
AcDbVertex
100
AcDb2dVertex
 10
583.7456904830177
 20
1618.514700579981
 30
0.0
 42
0.0333392788004724
 70
     1
  0
VERTEX
  5
3F6
330
3EF
100
AcDbEntity
  8
家具示意
100
AcDbVertex
100
AcDb2dVertex
 10
547.5060483169507
 20
1618.68154687545
 30
0.0
  0
SEQEND
  5
3F7
330
3EF
100
AcDbEntity
  8
家具示意
  0
POLYLINE
  5
3F8
330
34A
100
AcDbEntity
  8
家具示意
100
AcDb2dPolyline
 66
     1
 10
0.0
 20
0.0
 30
0.0
 70
     2
  0
VERTEX
  5
3F9
330
3F8
100
AcDbEntity
  8
家具示意
100
AcDbVertex
100
AcDb2dVertex
 10
185.0789960447
 20
1866.391933678009
 30
0.0
 42
-0.2633679387580063
  0
VERTEX
  5
3FA
330
3F8
100
AcDbEntity
  8
家具示意
100
AcDbVertex
100
AcDb2dVertex
 10
157.1288856453029
 20
1885.18059974414
 30
0.0
 42
-0.494818049593334
 70
     1
  0
VERTEX
  5
3FB
330
3F8
100
AcDbEntity
  8
家具示意
100
AcDbVertex
100
AcDb2dVertex
 10
166.3003760551801
 20
1903.923836145725
 30
0.0
 42
-0.049224722880142
  0
VERTEX
  5
3FC
330
3F8
100
AcDbEntity
  8
家具示意
100
AcDbVertex
100
AcDb2dVertex
 10
183.9710333755938
 20
1905.667728143104
 30
0.0
 42
-0.0368308428568549
 70
     1
  0
VERTEX
  5
3FD
330
3F8
100
AcDbEntity
  8
家具示意
100
AcDbVertex
100
AcDb2dVertex
 10
207.6132616506657
 20
1903.923836145725
 30
0.0
 42
-0.0318926909000512
  0
VERTEX
  5
3FE
330
3F8
100
AcDbEntity
  8
家具示意
100
AcDbVertex
100
AcDb2dVertex
 10
245.5913273502374
 20
1895.788569104217
 30
0.0
 42
0.0357819959079403
 70
     1
  0
VERTEX
  5
3FF
330
3F8
100
AcDbEntity
  8
家具示意
100
AcDbVertex
100
AcDb2dVertex
 10
279.5056183791021
 20
1888.798944389389
 30
0.0
 42
0.0329412578642258
  0
VERTEX
  5
400
330
3F8
100
AcDbEntity
  8
家具示意
100
AcDbVertex
100
AcDb2dVertex
 10
369.1672879302641
 20
1882.885391081625
 30
0.0
 42
0.0265644647772248
 70
     1
  0
VERTEX
  5
401
330
3F8
100
AcDbEntity
  8
家具示意
100
AcDbVertex
100
AcDb2dVertex
 10
480.3944542804963
 20
1888.798944389389
 30
0.0
 42
0.0179054185074339
  0
VERTEX
  5
402
330
3F8
100
AcDbEntity
  8
家具示意
100
AcDbVertex
100
AcDb2dVertex
 10
517.9087271486642
 20
1894.163593908597
 30
0.0
 42
-0.0333974636936459
 70
     1
  0
VERTEX
  5
403
330
3F8
100
AcDbEntity
  8
家具示意
100
AcDbVertex
100
AcDb2dVertex
 10
538.1167383220745
 20
1896.417512147047
 30
0.0
 42
-0.0320396294917023
  0
VERTEX
  5
404
330
3F8
100
AcDbEntity
  8
家具示意
100
AcDbVertex
100
AcDb2dVertex
 10
575.1992803913307
 20
1895.685011890193
 30
0.0
 42
0.018441951395994
 70
     1
  0
VERTEX
  5
405
330
3F8
100
AcDbEntity
  8
家具示意
100
AcDbVertex
100
AcDb2dVertex
 10
639.5211295027984
 20
1892.664279529068
 30
0.0
 42
0.0108372939697291
  0
VERTEX
  5
406
330
3F8
100
AcDbEntity
  8
家具示意
100
AcDbVertex
100
AcDb2dVertex
 10
704.2845925454749
 20
1893.417199656309
 30
0.0
 42
0.0146238513299216
 70
     1
  0
VERTEX
  5
407
330
3F8
100
AcDbEntity
  8
家具示意
100
AcDbVertex
100
AcDb2dVertex
 10
752.1928494399181
 20
1896.417512147047
 30
0.0
 42
0.1112493716170288
  0
VERTEX
  5
408
330
3F8
100
AcDbEntity
  8
家具示意
100
AcDbVertex
100
AcDb2dVertex
 10
774.7396563788643
 20
1903.723937349918
 30
0.0
 42
-0.1537083434765361
 70
     1
  0
VERTEX
  5
409
330
3F8
100
AcDbEntity
  8
家具示意
100
AcDbVertex
100
AcDb2dVertex
 10
791.6279122271808
 20
1907.677068763587
 30
0.0
 42
-0.0764444186523767
  0
VERTEX
  5
40A
330
3F8
100
AcDbEntity
  8
家具示意
100
AcDbVertex
100
AcDb2dVertex
 10
799.0643650122216
 20
1905.954017776006
 30
0.0
 42
-0.215512293950284
 70
     1
  0
VERTEX
  5
40B
330
3F8
100
AcDbEntity
  8
家具示意
100
AcDbVertex
100
AcDb2dVertex
 10
801.0172222220571
 20
1903.923836145725
 30
0.0
 42
-0.5858582349918418
  0
VERTEX
  5
40C
330
3F8
100
AcDbEntity
  8
家具示意
100
AcDbVertex
100
AcDb2dVertex
 10
798.3547600813907
 20
1900.878730125783
 30
0.0
 42
0.3634893070176432
 70
     1
  0
VERTEX
  5
40D
330
3F8
100
AcDbEntity
  8
家具示意
100
AcDbVertex
100
AcDb2dVertex
 10
793.5057350354036
 20
1898.294128455978
 30
0.0
 42
0.1917162675796268
  0
VERTEX
  5
40E
330
3F8
100
AcDbEntity
  8
家具示意
100
AcDbVertex
100
AcDb2dVertex
 10
793.4484155253739
 20
1886.758991053852
 30
0.0
 42
-0.1296753022843935
 70
     1
  0
VERTEX
  5
40F
330
3F8
100
AcDbEntity
  8
家具示意
100
AcDbVertex
100
AcDb2dVertex
 10
795.3835578436263
 20
1870.145166295872
 30
0.0
 42
-0.017350206177164
  0
VERTEX
  5
410
330
3F8
100
AcDbEntity
  8
家具示意
100
AcDbVertex
100
AcDb2dVertex
 10
792.3838006110162
 20
1853.341100470687
 30
0.0
 42
0.0193256498707409
 70
     1
  0
VERTEX
  5
411
330
3F8
100
AcDbEntity
  8
家具示意
100
AcDbVertex
100
AcDb2dVertex
 10
789.7500894189578
 20
1838.24311275495
 30
0.0
 42
0.0188175161277147
  0
VERTEX
  5
412
330
3F8
100
AcDbEntity
  8
家具示意
100
AcDbVertex
100
AcDb2dVertex
 10
783.1357408080947
 20
1769.861015917209
 30
0.0
 42
0.0218280980030002
 70
     1
  0
VERTEX
  5
413
330
3F8
100
AcDbEntity
  8
家具示意
100
AcDbVertex
100
AcDb2dVertex
 10
782.2386022325372
 20
1710.634757354332
 30
0.0
 42
0.0062041541509907
  0
VERTEX
  5
414
330
3F8
100
AcDbEntity
  8
家具示意
100
AcDbVertex
100
AcDb2dVertex
 10
783.6242376830195
 20
1676.784083318838
 30
0.0
 42
0.0019630604773014
 70
     1
  0
VERTEX
  5
415
330
3F8
100
AcDbEntity
  8
家具示意
100
AcDbVertex
100
AcDb2dVertex
 10
789.7500894189578
 20
1569.890229028242
 30
0.0
 42
0.0283408257713941
  0
VERTEX
  5
416
330
3F8
100
AcDbEntity
  8
家具示意
100
AcDbVertex
100
AcDb2dVertex
 10
794.0272225619992
 20
1533.761599673598
 30
0.0
 42
-0.1170135268628909
 70
     1
  0
VERTEX
  5
417
330
3F8
100
AcDbEntity
  8
家具示意
100
AcDbVertex
100
AcDb2dVertex
 10
793.5057350354036
 20
1524.851861324685
 30
0.0
 42
-0.3660599914315623
  0
VERTEX
  5
418
330
3F8
100
AcDbEntity
  8
家具示意
100
AcDbVertex
100
AcDb2dVertex
 10
792.0766673731848
 20
1523.920586508757
 30
0.0
 42
-0.0397304305354332
 70
     1
  0
VERTEX
  5
419
330
3F8
100
AcDbEntity
  8
家具示意
100
AcDbVertex
100
AcDb2dVertex
 10
778.4829566160913
 20
1526.728477633616
 30
0.0
 42
-0.0483088234329496
  0
VERTEX
  5
41A
330
3F8
100
AcDbEntity
  8
家具示意
100
AcDbVertex
100
AcDb2dVertex
 10
764.7444845108548
 20
1532.210304378473
 30
0.0
 42
0.0629807230965901
 70
     1
  0
VERTEX
  5
41B
330
3F8
100
AcDbEntity
  8
家具示意
100
AcDbVertex
100
AcDb2dVertex
 10
754.0706722481409
 20
1536.111417941341
 30
0.0
 42
0.0405796252690656
  0
VERTEX
  5
41C
330
3F8
100
AcDbEntity
  8
家具示意
100
AcDbVertex
100
AcDb2dVertex
 10
730.6733412359607
 20
1539.491989646514
 30
0.0
 42
0.0143450944869819
 70
     1
  0
VERTEX
  5
41D
330
3F8
100
AcDbEntity
  8
家具示意
100
AcDbVertex
100
AcDb2dVertex
 10
663.9334138705162
 20
1541.741266868135
 30
0.0
 42
0.0054844172030433
  0
VERTEX
  5
41E
330
3F8
100
AcDbEntity
  8
家具示意
100
AcDbVertex
100
AcDb2dVertex
 10
538.4887293466597
 20
1540.992657509458
 30
0.0
 42
0.0071527060937162
 70
     1
  0
VERTEX
  5
41F
330
3F8
100
AcDbEntity
  8
家具示意
100
AcDbVertex
100
AcDb2dVertex
 10
442.345815566252
 20
1537.988034250273
 30
0.0
 42
0.0087615685340777
  0
VERTEX
  5
420
330
3F8
100
AcDbEntity
  8
家具示意
100
AcDbVertex
100
AcDb2dVertex
 10
399.8015630048468
 20
1535.301233597041
 30
0.0
 42
-0.0081531255989414
 70
     1
  0
VERTEX
  5
421
330
3F8
100
AcDbEntity
  8
家具示意
100
AcDbVertex
100
AcDb2dVertex
 10
354.0863799968501
 20
1532.358326560526
 30
0.0
 42
-0.062510027184643
  0
VERTEX
  5
422
330
3F8
100
AcDbEntity
  8
家具示意
100
AcDbVertex
100
AcDb2dVertex
 10
296.9570591578959
 20
1536.758950964606
 30
0.0
 42
0.078669286227118
 70
     1
  0
VERTEX
  5
423
330
3F8
100
AcDbEntity
  8
家具示意
100
AcDbVertex
100
AcDb2dVertex
 10
251.3702108314028
 20
1538.798944389389
 30
0.0
 42
0.0478250924924058
  0
VERTEX
  5
424
330
3F8
100
AcDbEntity
  8
家具示意
100
AcDbVertex
100
AcDb2dVertex
 10
229.008779572905
 20
1534.082480454875
 30
0.0
 42
-0.0344939943977636
 70
     1
  0
VERTEX
  5
425
330
3F8
100
AcDbEntity
  8
家具示意
100
AcDbVertex
100
AcDb2dVertex
 10
198.2239516560221
 20
1526.728477633616
 30
0.0
 42
-0.0235713893391271
  0
VERTEX
  5
426
330
3F8
100
AcDbEntity
  8
家具示意
100
AcDbVertex
100
AcDb2dVertex
 10
172.8887663875939
 20
1523.714829249715
 30
0.0
 42
-0.5102284767959722
 70
     1
  0
VERTEX
  5
427
330
3F8
100
AcDbEntity
  8
家具示意
100
AcDbVertex
100
AcDb2dVertex
 10
171.9340404333779
 20
1524.851861324685
 30
0.0
  0
VERTEX
  5
428
330
3F8
100
AcDbEntity
  8
家具示意
100
AcDbVertex
100
AcDb2dVertex
 10
179.4455276200315
 20
1554.877439793723
 30
0.0
  0
VERTEX
  5
429
330
3F8
100
AcDbEntity
  8
家具示意
100
AcDbVertex
100
AcDb2dVertex
 10
200.1019704177743
 20
1637.447568727832
 30
0.0
 42
0.0730409353706404
  0
VERTEX
  5
42A
330
3F8
100
AcDbEntity
  8
家具示意
100
AcDbVertex
100
AcDb2dVertex
 10
202.0529996420955
 20
1657.02840101259
 30
0.0
 42
0.0233051013921503
 70
     1
  0
VERTEX
  5
42B
330
3F8
100
AcDbEntity
  8
家具示意
100
AcDbVertex
100
AcDb2dVertex
 10
196.3461288475664
 20
1718.141081353126
 30
0.0
 42
0.0182988888762084
  0
VERTEX
  5
42C
330
3F8
100
AcDbEntity
  8
家具示意
100
AcDbVertex
100
AcDb2dVertex
 10
192.2762102648848
 20
1740.985512882878
 30
0.0
 42
-0.0109698913763853
 70
     1
  0
VERTEX
  5
42D
330
3F8
100
AcDbEntity
  8
家具示意
100
AcDbVertex
100
AcDb2dVertex
 10
184.931051119347
 20
1778.980606712343
 30
0.0
 42
-0.0422811877974625
  0
VERTEX
  5
42E
330
3F8
100
AcDbEntity
  8
家具示意
100
AcDbVertex
100
AcDb2dVertex
 10
182.0242316612275
 20
1813.29401051806
 30
0.0
 42
-0.0272005265134367
 70
     1
  0
VERTEX
  5
42F
330
3F8
100
AcDbEntity
  8
家具示意
100
AcDbVertex
100
AcDb2dVertex
 10
184.931051119347
 20
1866.687623910548
 30
0.0
  0
SEQEND
  5
430
330
3F8
100
AcDbEntity
  8
家具示意
  0
ENDBLK
  5
431
330
34A
100
AcDbEntity
  8
0
100
AcDbBlockEnd
  0
BLOCK
  5
9F7
330
9F4
100
AcDbEntity
  8
0
100
AcDbBlockBegin
  2
A$C5B633F4C
 70
     2
 10
0.0
 20
0.0
 30
0.0
  3
A$C5B633F4C
  1

  0
LINE
  5
9F8
330
9F4
100
AcDbEntity
  8
BATH
100
AcDbLine
 10
719.3433597586118
 20
449.6295691868288
 30
0.0
 11
30.65647902432829
 21
449.6295691868288
 31
0.0
  0
LINE
  5
9F9
330
9F4
100
AcDbEntity
  8
BATH
100
AcDbLine
 10
30.65647902432829
 20
0.0000279024243355
 30
0.0
 11
719.3433597586118
 21
0.0000279024243355
 31
0.0
  0
LINE
  5
9FA
330
9F4
100
AcDbEntity
  8
BATH
100
AcDbLine
 10
-0.0000806087628007
 20
418.9730095538543
 30
0.0
 11
-0.0000806087628007
 21
30.65658753551543
 31
0.0
  0
LINE
  5
9FB
330
9F4
100
AcDbEntity
  8
BATH
100
AcDbLine
 10
30.65647902432829
 20
91.96970680158122
 30
0.0
 11
30.65647902432829
 21
306.5656242327532
 31
0.0
  0
ARC
  5
9FC
330
9F4
100
AcDbEntity
  8
BATH
100
AcDbCircle
 10
30.65647902432829
 20
418.9730095538543
 30
0.0
 40
30.65655963302752
100
AcDbArc
 50
90.0
 51
180.0
  0
ARC
  5
9FD
330
9F4
100
AcDbEntity
  8
BATH
100
AcDbCircle
 10
91.96959829051049
 20
306.5656242327532
 30
0.0
 40
61.31311926605504
100
AcDbArc
 50
90.0
 51
180.0
  0
ARC
  5
9FE
330
9F4
100
AcDbEntity
  8
BATH
100
AcDbCircle
 10
91.96959829051049
 20
91.96970680158122
 30
0.0
 40
61.31311926605504
100
AcDbArc
 50
180.0
 51
270.0
  0
ARC
  5
9FF
330
9F4
100
AcDbEntity
  8
BATH
100
AcDbCircle
 10
30.65647902432829
 20
30.65658753551543
 30
0.0
 40
30.65655963302752
100
AcDbArc
 50
180.0
 51
270.0
  0
LINE
  5
A00
330
9F4
100
AcDbEntity
  8
BATH
100
AcDbLine
 10
91.96959829051049
 20
367.878743498819
 30
0.0
 11
293.24909370346
 21
367.878743498819
 31
0.0
  0
LINE
  5
A01
330
9F4
100
AcDbEntity
  8
BATH
100
AcDbLine
 10
293.24909370346
 20
30.65658753551543
 30
0.0
 11
91.96959829051049
 21
30.65658753551543
 31
0.0
  0
CIRCLE
  5
A02
330
9F4
100
AcDbEntity
  8
BATH
100
AcDbCircle
 10
193.8298505838029
 20
245.2525049666874
 30
0.0
 40
25.54713302752294
  0
LINE
  5
A03
330
9F4
100
AcDbEntity
  8
BATH
100
AcDbLine
 10
749.9999193912372
 20
30.65658753551543
 30
0.0
 11
749.9999193912372
 21
418.9730095538543
 31
0.0
  0
LINE
  5
A04
330
9F4
100
AcDbEntity
  8
BATH
100
AcDbLine
 10
719.3433597586118
 20
306.5656242327532
 30
0.0
 11
719.3433597586118
 21
91.96970680158122
 31
0.0
  0
ARC
  5
A05
330
9F4
100
AcDbEntity
  8
BATH
100
AcDbCircle
 10
719.3433597586118
 20
418.9730095538543
 30
0.0
 40
30.65655963302752
100
AcDbArc
 50
0.0
 51
90.0
  0
LINE
  5
A06
330
9F4
100
AcDbEntity
  8
BATH
100
AcDbLine
 10
456.7507450794801
 20
367.878743498819
 30
0.0
 11
658.0302404924297
 21
367.878743498819
 31
0.0
  0
ARC
  5
A07
330
9F4
100
AcDbEntity
  8
BATH
100
AcDbCircle
 10
658.0302404924297
 20
306.5656242327532
 30
0.0
 40
61.31311926605504
100
AcDbArc
 50
0.0
 51
90.0
  0
LINE
  5
A08
330
9F4
100
AcDbEntity
  8
BATH
100
AcDbLine
 10
658.0302404924297
 20
30.65658753551543
 30
0.0
 11
456.7507450794801
 21
30.65658753551543
 31
0.0
  0
ARC
  5
A09
330
9F4
100
AcDbEntity
  8
BATH
100
AcDbCircle
 10
658.0302404924297
 20
91.96970680158122
 30
0.0
 40
61.31311926605504
100
AcDbArc
 50
270.0
 51
0.0
  0
ARC
  5
A0A
330
9F4
100
AcDbEntity
  8
BATH
100
AcDbCircle
 10
719.3433597586118
 20
30.65658753551543
 30
0.0
 40
30.65655963302752
100
AcDbArc
 50
270.0
 51
0.0
  0
CIRCLE
  5
A0B
330
9F4
100
AcDbEntity
  8
BATH
100
AcDbCircle
 10
556.1699881986713
 20
245.2525049666874
 30
0.0
 40
25.54713302752294
  0
ATTDEF
  5
A0C
330
9F4
100
AcDbEntity
  8
BATH
100
AcDbText
 10
374.9999193912372
 20
449.6295691868288
 30
0.0
 40
0.3712849999999999
  1
606
 50
270.0
 41
0.8
  7
DIM_FONT
100
AcDbAttributeDefinition
280
     0
  3
XSIZE
  2
XSIZE
 70
     9
280
     0
  0
ATTDEF
  5
A0D
330
9F4
100
AcDbEntity
  8
BATH
100
AcDbText
 10
374.9999193912372
 20
449.6295691868288
 30
0.0
 40
0.3712849999999999
  1
908
 50
270.0
 41
0.8
  7
DIM_FONT
100
AcDbAttributeDefinition
280
     0
  3
YSIZE
  2
YSIZE
 70
     9
280
     0
  0
LINE
  5
A0E
330
9F4
100
AcDbEntity
  8
BATH
100
AcDbLine
 10
395.4376258132979
 20
91.96970680158122
 30
0.0
 11
395.4376258132979
 21
306.5656242327532
 31
0.0
  0
LINE
  5
A0F
330
9F4
100
AcDbEntity
  8
BATH
100
AcDbLine
 10
354.5622129691765
 20
305.7768956796499
 30
0.0
 11
354.5622129691765
 21
91.96970680158122
 31
0.0
  0
LINE
  5
A10
330
9F4
100
AcDbEntity
  8
BATH
100
AcDbLine
 10
302.0988968270831
 20
241.6104422092903
 30
0.0
 11
392.799955860246
 21
362.3601540107046
 31
0.0
  0
LINE
  5
A11
330
9F4
100
AcDbEntity
  8
BATH
100
AcDbLine
 10
343.621091213543
 20
390.7535850985441
 30
0.0
 11
284.3993116850033
 21
251.8292954203207
 31
0.0
  0
ARC
  5
A12
330
9F4
100
AcDbEntity
  8
BATH
100
AcDbCircle
 10
362.7598178908229
 20
383.5835676183924
 30
0.0
 40
20.43770642201835
100
AcDbArc
 50
60.00000000160511
 51
159.4623219885717
  0
ARC
  5
A13
330
9F4
100
AcDbEntity
  8
BATH
100
AcDbCircle
 10
293.24909370346
 20
306.5656242327532
 30
0.0
 40
61.31311926605504
100
AcDbArc
 50
56.60703449533971
 51
90.0
  0
CIRCLE
  5
A14
330
9F4
100
AcDbEntity
  8
BATH
100
AcDbCircle
 10
313.6868001255207
 20
398.5353031319101
 30
0.0
 40
20.43770642201835
  0
ARC
  5
A15
330
9F4
100
AcDbEntity
  8
BATH
100
AcDbCircle
 10
456.7507450794801
 20
306.5656242327532
 30
0.0
 40
61.31311926605504
100
AcDbArc
 50
90.0
 51
180.0
  0
ARC
  5
A16
330
9F4
100
AcDbEntity
  8
BATH
100
AcDbCircle
 10
377.0211676810868
 20
375.3497675191612
 30
0.0
 40
20.43770642201835
100
AcDbArc
 50
320.5376779963629
 51
60.00000000160511
  0
CIRCLE
  5
A17
330
9F4
100
AcDbEntity
  8
BATH
100
AcDbCircle
 10
436.3130386574193
 20
398.5353031319101
 30
0.0
 40
20.43770642201835
  0
LINE
  5
A18
330
9F4
100
AcDbEntity
  8
BATH
100
AcDbLine
 10
372.9786711013876
 20
401.2831323225982
 30
0.0
 11
387.2400208921172
 21
393.0493322231342
 31
0.0
  0
ARC
  5
A19
330
9F4
100
AcDbEntity
  8
BATH
100
AcDbCircle
 10
293.24909370346
 20
91.96970680158122
 30
0.0
 40
61.31311926605504
100
AcDbArc
 50
270.0
 51
0.0
  0
LINE
  5
A1A
330
9F4
100
AcDbEntity
  8
BATH
100
AcDbLine
 10
284.3993116850033
 20
251.8292954203207
 30
0.0
 11
302.0988968270831
 21
241.6104422092903
 31
0.0
  0
ARC
  5
A1B
330
9F4
100
AcDbEntity
  8
BATH
100
AcDbCircle
 10
456.7507450794801
 20
91.96970680158122
 30
0.0
 40
61.31311926605504
100
AcDbArc
 50
180.0
 51
270.0
  0
ENDBLK
  5
A1C
330
9F4
100
AcDbEntity
  8
0
100
AcDbBlockEnd
  0
BLOCK
  5
741
330
740
100
AcDbEntity
  8
0
100
AcDbBlockBegin
  2
A$C249E5B17
 70
     2
 10
0.0
 20
0.0
 30
0.0
  3
A$C249E5B17
  1

  0
LINE
  5
742
330
740
100
AcDbEntity
  8
j家具示意
100
AcDbLine
 10
489.0308369780541
 20
853.4887517289607
 30
0.0
 11
916.4285140241846
 21
1471.571543042257
 31
0.0
  0
POLYLINE
  5
746
330
740
100
AcDbEntity
  8
j家具示意
100
AcDb2dPolyline
 66
     1
 10
0.0
 20
0.0
 30
0.0
 70
     2
  0
VERTEX
  5
747
330
746
100
AcDbEntity
  8
j家具示意
100
AcDbVertex
100
AcDb2dVertex
 10
489.0308369780541
 20
853.4887517289607
 30
0.0
 42
-0.0852718179142582
  0
VERTEX
  5
748
330
746
100
AcDbEntity
  8
j家具示意
100
AcDbVertex
100
AcDb2dVertex
 10
599.1368603516017
 20
916.7940582490404
 30
0.0
 42
-0.1240444849517736
 70
     1
  0
VERTEX
  5
749
330
746
100
AcDbEntity
  8
j家具示意
100
AcDbVertex
100
AcDb2dVertex
 10
686.6657789307064
 20
926.0039574864205
 30
0.0
  0
VERTEX
  5
74A
330
746
100
AcDbEntity
  8
j家具示意
100
AcDbVertex
100
AcDb2dVertex
 10
782.0757655186462
 20
912.3646110845147
 30
0.0
  0
VERTEX
  5
74B
330
746
100
AcDbEntity
  8
j家具示意
100
AcDbVertex
100
AcDb2dVertex
 10
912.2163734611239
 20
914.1106488929947
 30
0.0
  0
SEQEND
  5
74C
330
746
100
AcDbEntity
  8
j家具示意
  0
ARC
  5
74D
330
740
100
AcDbEntity
  8
j家具示意
100
AcDbCircle
 10
741.6307179510478
 20
45.81708860275102
 30
0.0
 40
20.0
100
AcDbArc
 50
270.0000000000094
 51
0.0
  0
LINE
  5
74E
330
740
100
AcDbEntity
  8
j家具示意
100
AcDbLine
 10
509.0308369779377
 20
25.8170886025182
 30
0.0
 11
1968.330323566508
 21
25.81708860414801
 31
0.0
  0
LWPOLYLINE
  5
74F
330
740
100
AcDbEntity
  8
j家具示意
100
AcDbPolyline
 90
        4
 70
     1
 43
0.0
 10
2000.499870314437
 20
0.0000132806017064
 10
0.4998703144374306
 20
0.0000132806017064
 10
0.4998703144374306
 20
1500.000013280601
 10
2000.499870314437
 20
1500.000013280601
  0
POLYLINE
  5
750
330
740
100
AcDbEntity
  8
j家具示意
100
AcDb2dPolyline
 66
     1
 10
0.0
 20
0.0
 30
0.0
 70
     2
  0
VERTEX
  5
751
330
750
100
AcDbEntity
  8
j家具示意
100
AcDbVertex
100
AcDb2dVertex
 10
454.172695559624
 20
900.6086607030011
 30
0.0
 42
0.0097294744723616
  0
VERTEX
  5
752
330
750
100
AcDbEntity
  8
j家具示意
100
AcDbVertex
100
AcDb2dVertex
 10
445.1408609016216
 20
927.8974730218179
 30
0.0
 42
0.009729474473291
 70
     1
  0
VERTEX
  5
753
330
750
100
AcDbEntity
  8
j家具示意
100
AcDbVertex
100
AcDb2dVertex
 10
435.0541431113961
 20
954.8142231865204
 30
0.0
 42
0.0079705008528091
  0
VERTEX
  5
754
330
750
100
AcDbEntity
  8
j家具示意
100
AcDbVertex
100
AcDb2dVertex
 10
426.0154762544551
 20
976.559160355886
 30
0.0
 42
0.0079705008551367
 70
     1
  0
VERTEX
  5
755
330
750
100
AcDbEntity
  8
j家具示意
100
AcDbVertex
100
AcDb2dVertex
 10
416.288262496062
 20
998.0049315902286
 30
0.0
  0
SEQEND
  5
756
330
750
100
AcDbEntity
  8
j家具示意
  0
POLYLINE
  5
757
330
740
100
AcDbEntity
  8
j家具示意
100
AcDb2dPolyline
 66
     1
 10
0.0
 20
0.0
 30
0.0
 70
     2
  0
VERTEX
  5
758
330
757
100
AcDbEntity
  8
j家具示意
100
AcDbVertex
100
AcDb2dVertex
 10
101.0894898602855
 20
1284.078999441292
 30
0.0
 42
0.0278421621871093
  0
VERTEX
  5
759
330
757
100
AcDbEntity
  8
j家具示意
100
AcDbVertex
100
AcDb2dVertex
 10
111.7026625467115
 20
1260.297225280607
 30
0.0
 42
0.0486850077751128
 70
     1
  0
VERTEX
  5
75A
330
757
100
AcDbEntity
  8
j家具示意
100
AcDbVertex
100
AcDb2dVertex
 10
119.7864166092477
 20
1247.760459878889
 30
0.0
 42
0.0236664622263066
  0
VERTEX
  5
75B
330
757
100
AcDbEntity
  8
j家具示意
100
AcDbVertex
100
AcDb2dVertex
 10
144.1454724314971
 20
1219.837186367193
 30
0.0
 42
0.0312234184537797
 70
     1
  0
VERTEX
  5
75C
330
757
100
AcDbEntity
  8
j家具示意
100
AcDbVertex
100
AcDb2dVertex
 10
164.8246430756406
 20
1200.813909904973
 30
0.0
 42
0.0468009736850804
  0
VERTEX
  5
75D
330
757
100
AcDbEntity
  8
j家具示意
100
AcDbVertex
100
AcDb2dVertex
 10
172.4907774436869
 20
1195.705900984758
 30
0.0
 42
0.023190832047154
 70
     1
  0
VERTEX
  5
75E
330
757
100
AcDbEntity
  8
j家具示意
100
AcDbVertex
100
AcDb2dVertex
 10
189.220372617885
 20
1187.668954293884
 30
0.0
  0
SEQEND
  5
75F
330
757
100
AcDbEntity
  8
j家具示意
  0
POLYLINE
  5
760
330
740
100
AcDbEntity
  8
j家具示意
100
AcDb2dPolyline
 66
     1
 10
0.0
 20
0.0
 30
0.0
 70
     2
  0
VERTEX
  5
761
330
760
100
AcDbEntity
  8
j家具示意
100
AcDbVertex
100
AcDb2dVertex
 10
95.39068706700346
 20
1366.06564824091
 30
0.0
 42
0.0881531318181468
  0
VERTEX
  5
762
330
760
100
AcDbEntity
  8
j家具示意
100
AcDbVertex
100
AcDb2dVertex
 10
98.93444170901785
 20
1331.535823583545
 30
0.0
 42
0.0881531318190246
 70
     1
  0
VERTEX
  5
763
330
760
100
AcDbEntity
  8
j家具示意
100
AcDbVertex
100
AcDb2dVertex
 10
114.156708919385
 20
1300.340478277474
 30
0.0
 42
0.0775471207029249
  0
VERTEX
  5
764
330
760
100
AcDbEntity
  8
j家具示意
100
AcDbVertex
100
AcDb2dVertex
 10
135.7688632059726
 20
1278.694241756748
 30
0.0
 42
0.077547120704443
 70
     1
  0
VERTEX
  5
765
330
760
100
AcDbEntity
  8
j家具示意
100
AcDbVertex
100
AcDb2dVertex
 10
162.948168003757
 20
1264.661061106657
 30
0.0
  0
SEQEND
  5
766
330
760
100
AcDbEntity
  8
j家具示意
  0
POLYLINE
  5
767
330
740
100
AcDbEntity
  8
j家具示意
100
AcDb2dPolyline
 66
     1
 10
0.0
 20
0.0
 30
0.0
 70
     2
  0
VERTEX
  5
768
330
767
100
AcDbEntity
  8
j家具示意
100
AcDbVertex
100
AcDb2dVertex
 10
455.6967812727089
 20
660.5833150625112
 30
0.0
 42
0.0161077521653885
  0
VERTEX
  5
769
330
767
100
AcDbEntity
  8
j家具示意
100
AcDbVertex
100
AcDb2dVertex
 10
429.4649002814548
 20
621.6645809260077
 30
0.0
 42
0.0245988265329337
 70
     1
  0
VERTEX
  5
76A
330
767
100
AcDbEntity
  8
j家具示意
100
AcDbVertex
100
AcDb2dVertex
 10
414.4116461871308
 20
594.8583410526042
 30
0.0
 42
0.009477215100867
  0
VERTEX
  5
76B
330
767
100
AcDbEntity
  8
j家具示意
100
AcDbVertex
100
AcDb2dVertex
 10
391.1134457487496
 20
545.8200678252032
 30
0.0
 42
0.0159372813057892
 70
     1
  0
VERTEX
  5
76C
330
767
100
AcDbEntity
  8
j家具示意
100
AcDbVertex
100
AcDb2dVertex
 10
378.7563600283466
 20
515.9880195245496
 30
0.0
 42
0.0725208528990522
  0
VERTEX
  5
76D
330
767
100
AcDbEntity
  8
j家具示意
100
AcDbVertex
100
AcDb2dVertex
 10
375.1701149430009
 20
499.6476432920316
 30
0.0
 42
0.0333392788004724
 70
     1
  0
VERTEX
  5
76E
330
767
100
AcDbEntity
  8
j家具示意
100
AcDbVertex
100
AcDb2dVertex
 10
375.0032686475315
 20
463.4080011259648
 30
0.0
  0
SEQEND
  5
76F
330
767
100
AcDbEntity
  8
j家具示意
  0
POLYLINE
  5
770
330
740
100
AcDbEntity
  8
j家具示意
100
AcDb2dPolyline
 66
     1
 10
0.0
 20
0.0
 30
0.0
 70
     2
  0
VERTEX
  5
771
330
770
100
AcDbEntity
  8
j家具示意
100
AcDbVertex
100
AcDb2dVertex
 10
101.0894898602855
 20
574.8410206464467
 30
0.0
 42
0.0278421621871093
  0
VERTEX
  5
772
330
770
100
AcDbEntity
  8
j家具示意
100
AcDbVertex
100
AcDb2dVertex
 10
111.7026625467115
 20
551.0592464857618
 30
0.0
 42
0.0486850077751128
 70
     1
  0
VERTEX
  5
773
330
770
100
AcDbEntity
  8
j家具示意
100
AcDbVertex
100
AcDb2dVertex
 10
119.7864166092477
 20
538.5224810840443
 30
0.0
 42
0.0236664622263066
  0
VERTEX
  5
774
330
770
100
AcDbEntity
  8
j家具示意
100
AcDbVertex
100
AcDb2dVertex
 10
144.1454724314971
 20
510.5992075723476
 30
0.0
 42
0.0312234184537797
 70
     1
  0
VERTEX
  5
775
330
770
100
AcDbEntity
  8
j家具示意
100
AcDbVertex
100
AcDb2dVertex
 10
164.8246430756406
 20
491.5759311101282
 30
0.0
 42
0.0468009736850804
  0
VERTEX
  5
776
330
770
100
AcDbEntity
  8
j家具示意
100
AcDbVertex
100
AcDb2dVertex
 10
172.4907774436869
 20
486.4679221899129
 30
0.0
 42
0.023190832047154
 70
     1
  0
VERTEX
  5
777
330
770
100
AcDbEntity
  8
j家具示意
100
AcDbVertex
100
AcDb2dVertex
 10
189.220372617885
 20
478.4309754990387
 30
0.0
  0
SEQEND
  5
778
330
770
100
AcDbEntity
  8
j家具示意
  0
POLYLINE
  5
779
330
740
100
AcDbEntity
  8
j家具示意
100
AcDb2dPolyline
 66
     1
 10
0.0
 20
0.0
 30
0.0
 70
     2
  0
VERTEX
  5
77A
330
779
100
AcDbEntity
  8
j家具示意
100
AcDbVertex
100
AcDb2dVertex
 10
95.39068706700346
 20
656.8276694460656
 30
0.0
 42
0.0881531318181468
  0
VERTEX
  5
77B
330
779
100
AcDbEntity
  8
j家具示意
100
AcDbVertex
100
AcDb2dVertex
 10
98.93444170901785
 20
622.2978447886998
 30
0.0
 42
0.0881531318190246
 70
     1
  0
VERTEX
  5
77C
330
779
100
AcDbEntity
  8
j家具示意
100
AcDbVertex
100
AcDb2dVertex
 10
114.156708919385
 20
591.1024994826292
 30
0.0
 42
0.0775471207029249
  0
VERTEX
  5
77D
330
779
100
AcDbEntity
  8
j家具示意
100
AcDbVertex
100
AcDb2dVertex
 10
135.7688632059726
 20
569.4562629619031
 30
0.0
 42
0.077547120704443
 70
     1
  0
VERTEX
  5
77E
330
779
100
AcDbEntity
  8
j家具示意
100
AcDbVertex
100
AcDb2dVertex
 10
162.948168003757
 20
555.4230823118123
 30
0.0
  0
SEQEND
  5
77F
330
779
100
AcDbEntity
  8
j家具示意
  0
POLYLINE
  5
780
330
740
100
AcDbEntity
  8
j家具示意
100
AcDb2dPolyline
 66
     1
 10
0.0
 20
0.0
 30
0.0
 70
     2
  0
VERTEX
  5
781
330
780
100
AcDbEntity
  8
j家具示意
100
AcDbVertex
100
AcDb2dVertex
 10
127.2928818449727
 20
810.2189276485589
 30
0.0
 42
-0.2633679387580063
  0
VERTEX
  5
782
330
780
100
AcDbEntity
  8
j家具示意
100
AcDbVertex
100
AcDb2dVertex
 10
108.5042157788411
 20
782.2688172491616
 30
0.0
 42
-0.494818049593334
 70
     1
  0
VERTEX
  5
783
330
780
100
AcDbEntity
  8
j家具示意
100
AcDbVertex
100
AcDb2dVertex
 10
89.76097937725716
 20
791.4403076590387
 30
0.0
 42
-0.049224722880142
  0
VERTEX
  5
784
330
780
100
AcDbEntity
  8
j家具示意
100
AcDbVertex
100
AcDb2dVertex
 10
88.01708737987793
 20
809.1109649794525
 30
0.0
 42
-0.0368308428568549
 70
     1
  0
VERTEX
  5
785
330
780
100
AcDbEntity
  8
j家具示意
100
AcDbVertex
100
AcDb2dVertex
 10
89.76097937725716
 20
832.7531932545243
 30
0.0
 42
-0.0318926909000512
  0
VERTEX
  5
786
330
780
100
AcDbEntity
  8
j家具示意
100
AcDbVertex
100
AcDb2dVertex
 10
97.89624641876436
 20
870.7312589540961
 30
0.0
 42
0.0357819959079403
 70
     1
  0
VERTEX
  5
787
330
780
100
AcDbEntity
  8
j家具示意
100
AcDbVertex
100
AcDb2dVertex
 10
104.8858711335924
 20
904.6455499829608
 30
0.0
 42
0.0329412578642258
  0
VERTEX
  5
788
330
780
100
AcDbEntity
  8
j家具示意
100
AcDbVertex
100
AcDb2dVertex
 10
110.7994244413567
 20
994.3072195341228
 30
0.0
 42
0.0265644647772248
 70
     1
  0
VERTEX
  5
789
330
780
100
AcDbEntity
  8
j家具示意
100
AcDbVertex
100
AcDb2dVertex
 10
104.8858711335924
 20
1105.534385884355
 30
0.0
 42
0.0179054185074339
  0
VERTEX
  5
78A
330
780
100
AcDbEntity
  8
j家具示意
100
AcDbVertex
100
AcDb2dVertex
 10
99.52122161438456
 20
1143.048658752523
 30
0.0
 42
-0.0333974636936459
 70
     1
  0
VERTEX
  5
78B
330
780
100
AcDbEntity
  8
j家具示意
100
AcDbVertex
100
AcDb2dVertex
 10
97.26730337593473
 20
1163.256669925933
 30
0.0
 42
-0.0320396294917023
  0
VERTEX
  5
78C
330
780
100
AcDbEntity
  8
j家具示意
100
AcDbVertex
100
AcDb2dVertex
 10
97.99980363278885
 20
1200.339211995189
 30
0.0
 42
0.018441951395994
 70
     1
  0
VERTEX
  5
78D
330
780
100
AcDbEntity
  8
j家具示意
100
AcDbVertex
100
AcDb2dVertex
 10
101.0205359939136
 20
1264.661061106657
 30
0.0
 42
0.0108372939697291
  0
VERTEX
  5
78E
330
780
100
AcDbEntity
  8
j家具示意
100
AcDbVertex
100
AcDb2dVertex
 10
100.2676158666727
 20
1329.424524149333
 30
0.0
 42
0.0146238513299216
 70
     1
  0
VERTEX
  5
78F
330
780
100
AcDbEntity
  8
j家具示意
100
AcDbVertex
100
AcDb2dVertex
 10
97.26730337593473
 20
1377.332781043777
 30
0.0
 42
0.1112493716170288
  0
VERTEX
  5
790
330
780
100
AcDbEntity
  8
j家具示意
100
AcDbVertex
100
AcDb2dVertex
 10
89.96087817306394
 20
1399.879587982723
 30
0.0
 42
-0.1537083434765361
 70
     1
  0
VERTEX
  5
791
330
780
100
AcDbEntity
  8
j家具示意
100
AcDbVertex
100
AcDb2dVertex
 10
86.00774675939467
 20
1416.767843831039
 30
0.0
 42
-0.0764444186523767
  0
VERTEX
  5
792
330
780
100
AcDbEntity
  8
j家具示意
100
AcDbVertex
100
AcDb2dVertex
 10
87.73079774697544
 20
1424.204296616081
 30
0.0
 42
-0.215512293950284
 70
     1
  0
VERTEX
  5
793
330
780
100
AcDbEntity
  8
j家具示意
100
AcDbVertex
100
AcDb2dVertex
 10
89.76097937725716
 20
1426.157153825916
 30
0.0
 42
-0.5858582349918418
  0
VERTEX
  5
794
330
780
100
AcDbEntity
  8
j家具示意
100
AcDbVertex
100
AcDb2dVertex
 10
92.80608539719835
 20
1423.494691685249
 30
0.0
 42
0.3634893070176432
 70
     1
  0
VERTEX
  5
795
330
780
100
AcDbEntity
  8
j家具示意
100
AcDbVertex
100
AcDb2dVertex
 10
95.39068706700346
 20
1418.645666639262
 30
0.0
 42
0.1917162675796268
  0
VERTEX
  5
796
330
780
100
AcDbEntity
  8
j家具示意
100
AcDbVertex
100
AcDb2dVertex
 10
106.92582446913
 20
1418.588347129233
 30
0.0
 42
-0.1296753022843935
 70
     1
  0
VERTEX
  5
797
330
780
100
AcDbEntity
  8
j家具示意
100
AcDbVertex
100
AcDb2dVertex
 10
123.5396492271102
 20
1420.523489447485
 30
0.0
 42
-0.017350206177164
  0
VERTEX
  5
798
330
780
100
AcDbEntity
  8
j家具示意
100
AcDbVertex
100
AcDb2dVertex
 10
140.343715052295
 20
1417.523732214875
 30
0.0
 42
0.0193256498707409
 70
     1
  0
VERTEX
  5
799
330
780
100
AcDbEntity
  8
j家具示意
100
AcDbVertex
100
AcDb2dVertex
 10
155.441702768032
 20
1414.890021022817
 30
0.0
 42
0.0188175161277147
  0
VERTEX
  5
79A
330
780
100
AcDbEntity
  8
j家具示意
100
AcDbVertex
100
AcDb2dVertex
 10
223.8237996057724
 20
1408.275672411953
 30
0.0
 42
0.0218280980030002
 70
     1
  0
VERTEX
  5
79B
330
780
100
AcDbEntity
  8
j家具示意
100
AcDbVertex
100
AcDb2dVertex
 10
283.0500581686501
 20
1407.378533836396
 30
0.0
 42
0.0062041541509907
  0
VERTEX
  5
79C
330
780
100
AcDbEntity
  8
j家具示意
100
AcDbVertex
100
AcDb2dVertex
 10
316.9007322041434
 20
1408.764169286878
 30
0.0
 42
0.0019630604773014
 70
     1
  0
VERTEX
  5
79D
330
780
100
AcDbEntity
  8
j家具示意
100
AcDbVertex
100
AcDb2dVertex
 10
423.7945864947396
 20
1414.890021022817
 30
0.0
 42
0.0283408257713941
  0
VERTEX
  5
79E
330
780
100
AcDbEntity
  8
j家具示意
100
AcDbVertex
100
AcDb2dVertex
 10
459.9232158493832
 20
1419.167154165858
 30
0.0
 42
-0.1170135268628909
 70
     1
  0
VERTEX
  5
79F
330
780
100
AcDbEntity
  8
j家具示意
100
AcDbVertex
100
AcDb2dVertex
 10
468.8329541982966
 20
1418.645666639262
 30
0.0
 42
-0.3660599914315623
  0
VERTEX
  5
7A0
330
780
100
AcDbEntity
  8
j家具示意
100
AcDbVertex
100
AcDb2dVertex
 10
469.7642290142248
 20
1417.216598977043
 30
0.0
 42
-0.0397304305354332
 70
     1
  0
VERTEX
  5
7A1
330
780
100
AcDbEntity
  8
j家具示意
100
AcDbVertex
100
AcDb2dVertex
 10
466.9563378893654
 20
1403.62288821995
 30
0.0
 42
-0.0483088234329496
  0
VERTEX
  5
7A2
330
780
100
AcDbEntity
  8
j家具示意
100
AcDbVertex
100
AcDb2dVertex
 10
461.4745111445081
 20
1389.884416114713
 30
0.0
 42
0.0629807230965901
 70
     1
  0
VERTEX
  5
7A3
330
780
100
AcDbEntity
  8
j家具示意
100
AcDbVertex
100
AcDb2dVertex
 10
457.5733975816401
 20
1379.210603852
 30
0.0
 42
0.0405796252690656
  0
VERTEX
  5
7A4
330
780
100
AcDbEntity
  8
j家具示意
100
AcDbVertex
100
AcDb2dVertex
 10
454.1928258764673
 20
1355.813272839819
 30
0.0
 42
0.0143450944869819
 70
     1
  0
VERTEX
  5
7A5
330
780
100
AcDbEntity
  8
j家具示意
100
AcDbVertex
100
AcDb2dVertex
 10
451.9435486548463
 20
1289.073345474375
 30
0.0
 42
0.0054844172030433
  0
VERTEX
  5
7A6
330
780
100
AcDbEntity
  8
j家具示意
100
AcDbVertex
100
AcDb2dVertex
 10
452.692158013524
 20
1163.628660950519
 30
0.0
 42
0.0071527060937162
 70
     1
  0
VERTEX
  5
7A7
330
780
100
AcDbEntity
  8
j家具示意
100
AcDbVertex
100
AcDb2dVertex
 10
455.6967812727089
 20
1067.485747170111
 30
0.0
 42
0.0087615685340777
  0
VERTEX
  5
7A8
330
780
100
AcDbEntity
  8
j家具示意
100
AcDbVertex
100
AcDb2dVertex
 10
458.3835819259402
 20
1024.941494608705
 30
0.0
 42
-0.0081531255989414
 70
     1
  0
VERTEX
  5
7A9
330
780
100
AcDbEntity
  8
j家具示意
100
AcDbVertex
100
AcDb2dVertex
 10
461.3264889624551
 20
979.2263116007088
 30
0.0
 42
-0.062510027184643
  0
VERTEX
  5
7AA
330
780
100
AcDbEntity
  8
j家具示意
100
AcDbVertex
100
AcDb2dVertex
 10
456.9258645583756
 20
922.0969907617543
 30
0.0
 42
0.078669286227118
 70
     1
  0
VERTEX
  5
7AB
330
780
100
AcDbEntity
  8
j家具示意
100
AcDbVertex
100
AcDb2dVertex
 10
454.8858711335922
 20
876.5101424352614
 30
0.0
 42
0.0478250924924058
  0
VERTEX
  5
7AC
330
780
100
AcDbEntity
  8
j家具示意
100
AcDbVertex
100
AcDb2dVertex
 10
459.6023350681061
 20
854.1487111767636
 30
0.0
 42
-0.0344939943977636
 70
     1
  0
VERTEX
  5
7AD
330
780
100
AcDbEntity
  8
j家具示意
100
AcDbVertex
100
AcDb2dVertex
 10
466.9563378893654
 20
823.3638832598806
 30
0.0
 42
-0.0235713893391271
  0
VERTEX
  5
7AE
330
780
100
AcDbEntity
  8
j家具示意
100
AcDbVertex
100
AcDb2dVertex
 10
469.9699862732668
 20
798.0286979914526
 30
0.0
 42
-0.5102284767959722
 70
     1
  0
VERTEX
  5
7AF
330
780
100
AcDbEntity
  8
j家具示意
100
AcDbVertex
100
AcDb2dVertex
 10
468.8329541982966
 20
797.0739720372367
 30
0.0
  0
VERTEX
  5
7B0
330
780
100
AcDbEntity
  8
j家具示意
100
AcDbVertex
100
AcDb2dVertex
 10
438.8073757292586
 20
804.5854592238901
 30
0.0
  0
VERTEX
  5
7B1
330
780
100
AcDbEntity
  8
j家具示意
100
AcDbVertex
100
AcDb2dVertex
 10
356.23724679515
 20
825.2419020216329
 30
0.0
 42
0.0730409353706404
  0
VERTEX
  5
7B2
330
780
100
AcDbEntity
  8
j家具示意
100
AcDbVertex
100
AcDb2dVertex
 10
336.6564145103912
 20
827.1929312459542
 30
0.0
 42
0.0233051013921503
 70
     1
  0
VERTEX
  5
7B3
330
780
100
AcDbEntity
  8
j家具示意
100
AcDbVertex
100
AcDb2dVertex
 10
275.5437341698562
 20
821.4860604514251
 30
0.0
 42
0.0182988888762084
  0
VERTEX
  5
7B4
330
780
100
AcDbEntity
  8
j家具示意
100
AcDbVertex
100
AcDb2dVertex
 10
252.6993026401033
 20
817.4161418687436
 30
0.0
 42
-0.0109698913763853
 70
     1
  0
VERTEX
  5
7B5
330
780
100
AcDbEntity
  8
j家具示意
100
AcDbVertex
100
AcDb2dVertex
 10
214.7042088106391
 20
810.0709827232059
 30
0.0
 42
-0.0422811877974625
  0
VERTEX
  5
7B6
330
780
100
AcDbEntity
  8
j家具示意
100
AcDbVertex
100
AcDb2dVertex
 10
180.3908050049212
 20
807.1641632650862
 30
0.0
 42
-0.0272005265134367
 70
     1
  0
VERTEX
  5
7B7
330
780
100
AcDbEntity
  8
j家具示意
100
AcDbVertex
100
AcDb2dVertex
 10
126.9971916124341
 20
810.0709827232059
 30
0.0
  0
SEQEND
  5
7B8
330
780
100
AcDbEntity
  8
j家具示意
  0
ATTDEF
  5
7B9
330
740
100
AcDbEntity
  8
j家具示意
100
AcDbText
 10
0.4998703144374306
 20
0.0000132806017064
 30
0.0
 40
0.5
  1
1500
 50
90.0
 41
0.8
  7
DIM_FONT
100
AcDbAttributeDefinition
280
     0
  3
XSIZE
  2
XSIZE
 70
     9
280
     0
  0
ATTDEF
  5
7BA
330
740
100
AcDbEntity
  8
j家具示意
100
AcDbText
 10
0.4998703144374306
 20
0.0000132806017064
 30
0.0
 40
0.5
  1
2000
 50
90.0
 41
0.8
  7
DIM_FONT
100
AcDbAttributeDefinition
280
     0
  3
YSIZE
  2
YSIZE
 70
     9
280
     0
  0
POLYLINE
  5
7BB
330
740
100
AcDbEntity
  8
j家具示意
100
AcDb2dPolyline
 66
     1
 10
0.0
 20
0.0
 30
0.0
 70
     2
  0
VERTEX
  5
7BC
330
7BB
100
AcDbEntity
  8
j家具示意
100
AcDbVertex
100
AcDb2dVertex
 10
454.172695559624
 20
191.3706819081562
 30
0.0
 42
0.0097294744723616
  0
VERTEX
  5
7BD
330
7BB
100
AcDbEntity
  8
j家具示意
100
AcDbVertex
100
AcDb2dVertex
 10
445.1408609016216
 20
218.6594942269731
 30
0.0
 42
0.009729474473291
 70
     1
  0
VERTEX
  5
7BE
330
7BB
100
AcDbEntity
  8
j家具示意
100
AcDbVertex
100
AcDb2dVertex
 10
435.0541431113961
 20
245.5762443916756
 30
0.0
 42
0.0079705008528091
  0
VERTEX
  5
7BF
330
7BB
100
AcDbEntity
  8
j家具示意
100
AcDbVertex
100
AcDb2dVertex
 10
426.0154762544551
 20
267.3211815610411
 30
0.0
 42
0.0079705008551367
 70
     1
  0
VERTEX
  5
7C0
330
7BB
100
AcDbEntity
  8
j家具示意
100
AcDbVertex
100
AcDb2dVertex
 10
416.288262496062
 20
288.766952795384
 30
0.0
  0
SEQEND
  5
7C1
330
7BB
100
AcDbEntity
  8
j家具示意
  0
ARC
  5
7C2
330
740
100
AcDbEntity
  8
j家具示意
100
AcDbCircle
 10
509.0308369779377
 20
45.81708860251819
 30
0.0
 40
20.0
100
AcDbArc
 50
179.9999999999917
 51
270.0000000000116
  0
POLYLINE
  5
7C3
330
740
100
AcDbEntity
  8
j家具示意
100
AcDb2dPolyline
 66
     1
 10
0.0
 20
0.0
 30
0.0
 70
     2
  0
VERTEX
  5
7C4
330
7C3
100
AcDbEntity
  8
j家具示意
100
AcDbVertex
100
AcDb2dVertex
 10
143.308840901067
 20
99.32608802657341
 30
0.0
 42
-0.0536899463297647
  0
VERTEX
  5
7C5
330
7C3
100
AcDbEntity
  8
j家具示意
100
AcDbVertex
100
AcDb2dVertex
 10
156.2861750205629
 20
113.532812671212
 30
0.0
 42
-0.0703117485643946
 70
     1
  0
VERTEX
  5
7C6
330
7C3
100
AcDbEntity
  8
j家具示意
100
AcDbVertex
100
AcDb2dVertex
 10
168.5778756935033
 20
121.6373916514567
 30
0.0
 42
-0.0154482349215183
  0
VERTEX
  5
7C7
330
7C3
100
AcDbEntity
  8
j家具示意
100
AcDbVertex
100
AcDb2dVertex
 10
177.1323948405334
 20
125.3721060270327
 30
0.0
 42
-0.0132435682896378
 70
     1
  0
VERTEX
  5
7C8
330
7C3
100
AcDbEntity
  8
j家具示意
100
AcDbVertex
100
AcDb2dVertex
 10
187.3437563088373
 20
129.1488788378774
 30
0.0
 42
-0.0821266656645959
  0
VERTEX
  5
7C9
330
7C3
100
AcDbEntity
  8
j家具示意
100
AcDbVertex
100
AcDb2dVertex
 10
205.4247723818408
 20
132.1389131128671
 30
0.0
 42
-0.064163702142309
 70
     1
  0
VERTEX
  5
7CA
330
7C3
100
AcDbEntity
  8
j家具示意
100
AcDbVertex
100
AcDb2dVertex
 10
228.6288913945318
 20
129.1488788378774
 30
0.0
  0
SEQEND
  5
7CB
330
7C3
100
AcDbEntity
  8
j家具示意
  0
POLYLINE
  5
7CC
330
740
100
AcDbEntity
  8
j家具示意
100
AcDb2dPolyline
 66
     1
 10
0.0
 20
0.0
 30
0.0
 70
     2
  0
VERTEX
  5
7CD
330
7CC
100
AcDbEntity
  8
j家具示意
100
AcDbVertex
100
AcDb2dVertex
 10
127.2786676362739
 20
100.8023469475447
 30
0.0
 42
-0.0773794298008275
  0
VERTEX
  5
7CE
330
7CC
100
AcDbEntity
  8
j家具示意
100
AcDbVertex
100
AcDb2dVertex
 10
152.6194531574729
 20
135.6131997082266
 30
0.0
 42
-0.0773794298004389
 70
     1
  0
VERTEX
  5
7CF
330
7CC
100
AcDbEntity
  8
j家具示意
100
AcDbVertex
100
AcDb2dVertex
 10
187.3437563088373
 20
161.0724544387194
 30
0.0
 42
-0.0475254861911322
  0
VERTEX
  5
7D0
330
7CC
100
AcDbEntity
  8
j家具示意
100
AcDbVertex
100
AcDb2dVertex
 10
211.9622035599896
 20
170.9974177930853
 30
0.0
 42
-0.0475254861919447
 70
     1
  0
VERTEX
  5
7D1
330
7CC
100
AcDbEntity
  8
j家具示意
100
AcDbVertex
100
AcDb2dVertex
 10
238.0118317021405
 20
176.0954288117936
 30
0.0
  0
SEQEND
  5
7D2
330
7CC
100
AcDbEntity
  8
j家具示意
  0
POLYLINE
  5
7D3
330
740
100
AcDbEntity
  8
j家具示意
100
AcDb2dPolyline
 66
     1
 10
0.0
 20
0.0
 30
0.0
 70
     2
  0
VERTEX
  5
7D4
330
7D3
100
AcDbEntity
  8
j家具示意
100
AcDbVertex
100
AcDb2dVertex
 10
127.2928818449727
 20
100.9809488537139
 30
0.0
 42
-0.2633679387580063
  0
VERTEX
  5
7D5
330
7D3
100
AcDbEntity
  8
j家具示意
100
AcDbVertex
100
AcDb2dVertex
 10
108.5042157788411
 20
73.03083845431682
 30
0.0
 42
-0.494818049593334
 70
     1
  0
VERTEX
  5
7D6
330
7D3
100
AcDbEntity
  8
j家具示意
100
AcDbVertex
100
AcDb2dVertex
 10
89.76097937725716
 20
82.20232886419399
 30
0.0
 42
-0.049224722880142
  0
VERTEX
  5
7D7
330
7D3
100
AcDbEntity
  8
j家具示意
100
AcDbVertex
100
AcDb2dVertex
 10
88.01708737987793
 20
99.87298618460771
 30
0.0
 42
-0.0368308428568549
 70
     1
  0
VERTEX
  5
7D8
330
7D3
100
AcDbEntity
  8
j家具示意
100
AcDbVertex
100
AcDb2dVertex
 10
89.76097937725716
 20
123.5152144596795
 30
0.0
 42
-0.0318926909000512
  0
VERTEX
  5
7D9
330
7D3
100
AcDbEntity
  8
j家具示意
100
AcDbVertex
100
AcDb2dVertex
 10
97.89624641876436
 20
161.4932801592513
 30
0.0
 42
0.0357819959079403
 70
     1
  0
VERTEX
  5
7DA
330
7D3
100
AcDbEntity
  8
j家具示意
100
AcDbVertex
100
AcDb2dVertex
 10
104.8858711335924
 20
195.4075711881159
 30
0.0
 42
0.0329412578642258
  0
VERTEX
  5
7DB
330
7D3
100
AcDbEntity
  8
j家具示意
100
AcDbVertex
100
AcDb2dVertex
 10
110.7994244413567
 20
285.069240739278
 30
0.0
 42
0.0265644647772248
 70
     1
  0
VERTEX
  5
7DC
330
7D3
100
AcDbEntity
  8
j家具示意
100
AcDbVertex
100
AcDb2dVertex
 10
104.8858711335924
 20
396.2964070895105
 30
0.0
 42
0.0179054185074339
  0
VERTEX
  5
7DD
330
7D3
100
AcDbEntity
  8
j家具示意
100
AcDbVertex
100
AcDb2dVertex
 10
99.52122161438456
 20
433.810679957678
 30
0.0
 42
-0.0333974636936459
 70
     1
  0
VERTEX
  5
7DE
330
7D3
100
AcDbEntity
  8
j家具示意
100
AcDbVertex
100
AcDb2dVertex
 10
97.26730337593473
 20
454.0186911310883
 30
0.0
 42
-0.0320396294917023
  0
VERTEX
  5
7DF
330
7D3
100
AcDbEntity
  8
j家具示意
100
AcDbVertex
100
AcDb2dVertex
 10
97.99980363278885
 20
491.1012332003447
 30
0.0
 42
0.018441951395994
 70
     1
  0
VERTEX
  5
7E0
330
7D3
100
AcDbEntity
  8
j家具示意
100
AcDbVertex
100
AcDb2dVertex
 10
101.0205359939136
 20
555.4230823118123
 30
0.0
 42
0.0108372939697291
  0
VERTEX
  5
7E1
330
7D3
100
AcDbEntity
  8
j家具示意
100
AcDbVertex
100
AcDb2dVertex
 10
100.2676158666727
 20
620.1865453544887
 30
0.0
 42
0.0146238513299216
 70
     1
  0
VERTEX
  5
7E2
330
7D3
100
AcDbEntity
  8
j家具示意
100
AcDbVertex
100
AcDb2dVertex
 10
97.26730337593473
 20
668.0948022489317
 30
0.0
 42
0.1112493716170288
  0
VERTEX
  5
7E3
330
7D3
100
AcDbEntity
  8
j家具示意
100
AcDbVertex
100
AcDb2dVertex
 10
89.96087817306394
 20
690.6416091878782
 30
0.0
 42
-0.1537083434765361
 70
     1
  0
VERTEX
  5
7E4
330
7D3
100
AcDbEntity
  8
j家具示意
100
AcDbVertex
100
AcDb2dVertex
 10
86.00774675939467
 20
707.5298650361943
 30
0.0
 42
-0.0764444186523767
  0
VERTEX
  5
7E5
330
7D3
100
AcDbEntity
  8
j家具示意
100
AcDbVertex
100
AcDb2dVertex
 10
87.73079774697544
 20
714.9663178212358
 30
0.0
 42
-0.215512293950284
 70
     1
  0
VERTEX
  5
7E6
330
7D3
100
AcDbEntity
  8
j家具示意
100
AcDbVertex
100
AcDb2dVertex
 10
89.76097937725716
 20
716.919175031071
 30
0.0
 42
-0.5858582349918418
  0
VERTEX
  5
7E7
330
7D3
100
AcDbEntity
  8
j家具示意
100
AcDbVertex
100
AcDb2dVertex
 10
92.80608539719835
 20
714.2567128904048
 30
0.0
 42
0.3634893070176432
 70
     1
  0
VERTEX
  5
7E8
330
7D3
100
AcDbEntity
  8
j家具示意
100
AcDbVertex
100
AcDb2dVertex
 10
95.39068706700346
 20
709.4076878444175
 30
0.0
 42
0.1917162675796268
  0
VERTEX
  5
7E9
330
7D3
100
AcDbEntity
  8
j家具示意
100
AcDbVertex
100
AcDb2dVertex
 10
106.92582446913
 20
709.3503683343877
 30
0.0
 42
-0.1296753022843935
 70
     1
  0
VERTEX
  5
7EA
330
7D3
100
AcDbEntity
  8
j家具示意
100
AcDbVertex
100
AcDb2dVertex
 10
123.5396492271102
 20
711.2855106526402
 30
0.0
 42
-0.017350206177164
  0
VERTEX
  5
7EB
330
7D3
100
AcDbEntity
  8
j家具示意
100
AcDbVertex
100
AcDb2dVertex
 10
140.343715052295
 20
708.2857534200302
 30
0.0
 42
0.0193256498707409
 70
     1
  0
VERTEX
  5
7EC
330
7D3
100
AcDbEntity
  8
j家具示意
100
AcDbVertex
100
AcDb2dVertex
 10
155.441702768032
 20
705.6520422279718
 30
0.0
 42
0.0188175161277147
  0
VERTEX
  5
7ED
330
7D3
100
AcDbEntity
  8
j家具示意
100
AcDbVertex
100
AcDb2dVertex
 10
223.8237996057724
 20
699.0376936171087
 30
0.0
 42
0.0218280980030002
 70
     1
  0
VERTEX
  5
7EE
330
7D3
100
AcDbEntity
  8
j家具示意
100
AcDbVertex
100
AcDb2dVertex
 10
283.0500581686501
 20
698.140555041551
 30
0.0
 42
0.0062041541509907
  0
VERTEX
  5
7EF
330
7D3
100
AcDbEntity
  8
j家具示意
100
AcDbVertex
100
AcDb2dVertex
 10
316.9007322041434
 20
699.5261904920335
 30
0.0
 42
0.0019630604773014
 70
     1
  0
VERTEX
  5
7F0
330
7D3
100
AcDbEntity
  8
j家具示意
100
AcDbVertex
100
AcDb2dVertex
 10
423.7945864947396
 20
705.6520422279718
 30
0.0
 42
0.0283408257713941
  0
VERTEX
  5
7F1
330
7D3
100
AcDbEntity
  8
j家具示意
100
AcDbVertex
100
AcDb2dVertex
 10
459.9232158493832
 20
709.9291753710132
 30
0.0
 42
-0.1170135268628909
 70
     1
  0
VERTEX
  5
7F2
330
7D3
100
AcDbEntity
  8
j家具示意
100
AcDbVertex
100
AcDb2dVertex
 10
468.8329541982966
 20
709.4076878444175
 30
0.0
 42
-0.3660599914315623
  0
VERTEX
  5
7F3
330
7D3
100
AcDbEntity
  8
j家具示意
100
AcDbVertex
100
AcDb2dVertex
 10
469.7642290142248
 20
707.9786201821989
 30
0.0
 42
-0.0397304305354332
 70
     1
  0
VERTEX
  5
7F4
330
7D3
100
AcDbEntity
  8
j家具示意
100
AcDbVertex
100
AcDb2dVertex
 10
466.9563378893654
 20
694.3849094251054
 30
0.0
 42
-0.0483088234329496
  0
VERTEX
  5
7F5
330
7D3
100
AcDbEntity
  8
j家具示意
100
AcDbVertex
100
AcDb2dVertex
 10
461.4745111445081
 20
680.6464373198688
 30
0.0
 42
0.0629807230965901
 70
     1
  0
VERTEX
  5
7F6
330
7D3
100
AcDbEntity
  8
j家具示意
100
AcDbVertex
100
AcDb2dVertex
 10
457.5733975816401
 20
669.9726250571548
 30
0.0
 42
0.0405796252690656
  0
VERTEX
  5
7F7
330
7D3
100
AcDbEntity
  8
j家具示意
100
AcDbVertex
100
AcDb2dVertex
 10
454.1928258764673
 20
646.5752940449747
 30
0.0
 42
0.0143450944869819
 70
     1
  0
VERTEX
  5
7F8
330
7D3
100
AcDbEntity
  8
j家具示意
100
AcDbVertex
100
AcDb2dVertex
 10
451.9435486548463
 20
579.8353666795301
 30
0.0
 42
0.0054844172030433
  0
VERTEX
  5
7F9
330
7D3
100
AcDbEntity
  8
j家具示意
100
AcDbVertex
100
AcDb2dVertex
 10
452.692158013524
 20
454.3906821556737
 30
0.0
 42
0.0071527060937162
 70
     1
  0
VERTEX
  5
7FA
330
7D3
100
AcDbEntity
  8
j家具示意
100
AcDbVertex
100
AcDb2dVertex
 10
455.6967812727089
 20
358.2477683752659
 30
0.0
 42
0.0087615685340777
  0
VERTEX
  5
7FB
330
7D3
100
AcDbEntity
  8
j家具示意
100
AcDbVertex
100
AcDb2dVertex
 10
458.3835819259402
 20
315.7035158138606
 30
0.0
 42
-0.0081531255989414
 70
     1
  0
VERTEX
  5
7FC
330
7D3
100
AcDbEntity
  8
j家具示意
100
AcDbVertex
100
AcDb2dVertex
 10
461.3264889624551
 20
269.988332805864
 30
0.0
 42
-0.062510027184643
  0
VERTEX
  5
7FD
330
7D3
100
AcDbEntity
  8
j家具示意
100
AcDbVertex
100
AcDb2dVertex
 10
456.9258645583756
 20
212.8590119669098
 30
0.0
 42
0.078669286227118
 70
     1
  0
VERTEX
  5
7FE
330
7D3
100
AcDbEntity
  8
j家具示意
100
AcDbVertex
100
AcDb2dVertex
 10
454.8858711335922
 20
167.2721636404167
 30
0.0
 42
0.0478250924924058
  0
VERTEX
  5
7FF
330
7D3
100
AcDbEntity
  8
j家具示意
100
AcDbVertex
100
AcDb2dVertex
 10
459.6023350681061
 20
144.9107323819189
 30
0.0
 42
-0.0344939943977636
 70
     1
  0
VERTEX
  5
800
330
7D3
100
AcDbEntity
  8
j家具示意
100
AcDbVertex
100
AcDb2dVertex
 10
466.9563378893654
 20
114.125904465036
 30
0.0
 42
-0.0235713893391271
  0
VERTEX
  5
801
330
7D3
100
AcDbEntity
  8
j家具示意
100
AcDbVertex
100
AcDb2dVertex
 10
469.9699862732668
 20
88.79071919660782
 30
0.0
 42
-0.5102284767959722
 70
     1
  0
VERTEX
  5
802
330
7D3
100
AcDbEntity
  8
j家具示意
100
AcDbVertex
100
AcDb2dVertex
 10
468.8329541982966
 20
87.83599324239183
 30
0.0
  0
VERTEX
  5
803
330
7D3
100
AcDbEntity
  8
j家具示意
100
AcDbVertex
100
AcDb2dVertex
 10
438.8073757292586
 20
95.3474804290454
 30
0.0
  0
VERTEX
  5
804
330
7D3
100
AcDbEntity
  8
j家具示意
100
AcDbVertex
100
AcDb2dVertex
 10
356.23724679515
 20
116.0039232267882
 30
0.0
 42
0.0730409353706404
  0
VERTEX
  5
805
330
7D3
100
AcDbEntity
  8
j家具示意
100
AcDbVertex
100
AcDb2dVertex
 10
336.6564145103912
 20
117.9549524511094
 30
0.0
 42
0.0233051013921503
 70
     1
  0
VERTEX
  5
806
330
7D3
100
AcDbEntity
  8
j家具示意
100
AcDbVertex
100
AcDb2dVertex
 10
275.5437341698562
 20
112.2480816565803
 30
0.0
 42
0.0182988888762084
  0
VERTEX
  5
807
330
7D3
100
AcDbEntity
  8
j家具示意
100
AcDbVertex
100
AcDb2dVertex
 10
252.6993026401033
 20
108.1781630738987
 30
0.0
 42
-0.0109698913763853
 70
     1
  0
VERTEX
  5
808
330
7D3
100
AcDbEntity
  8
j家具示意
100
AcDbVertex
100
AcDb2dVertex
 10
214.7042088106391
 20
100.833003928361
 30
0.0
 42
-0.0422811877974625
  0
VERTEX
  5
809
330
7D3
100
AcDbEntity
  8
j家具示意
100
AcDbVertex
100
AcDb2dVertex
 10
180.3908050049212
 20
97.92618447024144
 30
0.0
 42
-0.0272005265134367
 70
     1
  0
VERTEX
  5
80A
330
7D3
100
AcDbEntity
  8
j家具示意
100
AcDbVertex
100
AcDb2dVertex
 10
126.9971916124341
 20
100.833003928361
 30
0.0
  0
SEQEND
  5
80B
330
7D3
100
AcDbEntity
  8
j家具示意
  0
LINE
  5
80C
330
740
100
AcDbEntity
  8
j家具示意
100
AcDbLine
 10
52.87128164776368
 20
0.0000132806017064
 30
0.0
 11
52.87128164776368
 21
1500.000013280601
 31
0.0
  0
LINE
  5
80D
330
740
100
AcDbEntity
  8
j家具示意
100
AcDbLine
 10
489.0308369780541
 20
853.4887517289607
 30
0.0
 11
489.0308369779376
 21
45.81708860251819
 31
0.0
  0
LINE
  5
80E
330
740
100
AcDbEntity
  8
j家具示意
100
AcDbLine
 10
1640.765362336125
 20
836.7563281966722
 30
0.0
 11
1660.80583682534
 21
872.7706729312776
 31
0.0
  0
POLYLINE
  5
80F
330
740
100
AcDbEntity
  8
j家具示意
100
AcDb2dPolyline
 66
     1
 10
0.0
 20
0.0
 30
0.0
 70
     2
  0
VERTEX
  5
810
330
80F
100
AcDbEntity
  8
j家具示意
100
AcDbVertex
100
AcDb2dVertex
 10
912.2163734611239
 20
914.1106488929947
 30
0.0
 42
0.0078673409248488
  0
VERTEX
  5
811
330
80F
100
AcDbEntity
  8
j家具示意
100
AcDbVertex
100
AcDb2dVertex
 10
894.4426311140997
 20
1031.724176907854
 30
0.0
 42
0.0095084780273965
 70
     1
  0
VERTEX
  5
812
330
80F
100
AcDbEntity
  8
j家具示意
100
AcDbVertex
100
AcDb2dVertex
 10
876.3639064422459
 20
1128.470996867574
 30
0.0
 42
0.006616053903061
  0
VERTEX
  5
813
330
80F
100
AcDbEntity
  8
j家具示意
100
AcDbVertex
100
AcDb2dVertex
 10
862.0312138362205
 20
1193.48520502419
 30
0.0
 42
-0.0238283431850551
 70
     1
  0
VERTEX
  5
814
330
80F
100
AcDbEntity
  8
j家具示意
100
AcDbVertex
100
AcDb2dVertex
 10
858.6734045111224
 20
1211.672479569621
 30
0.0
 42
-0.080712554601587
  0
VERTEX
  5
815
330
80F
100
AcDbEntity
  8
j家具示意
100
AcDbVertex
100
AcDb2dVertex
 10
859.1610343360226
 20
1230.311847818258
 30
0.0
 42
-0.0095907749214261
 70
     1
  0
VERTEX
  5
816
330
80F
100
AcDbEntity
  8
j家具示意
100
AcDbVertex
100
AcDb2dVertex
 10
891.1156896604806
 20
1382.916869175562
 30
0.0
 42
-0.0131328366423957
  0
VERTEX
  5
817
330
80F
100
AcDbEntity
  8
j家具示意
100
AcDbVertex
100
AcDb2dVertex
 10
899.7201208240001
 20
1416.355341015558
 30
0.0
 42
-0.0078593660510627
 70
     1
  0
VERTEX
  5
818
330
80F
100
AcDbEntity
  8
j家具示意
100
AcDbVertex
100
AcDb2dVertex
 10
916.4285140241846
 20
1471.571543042257
 30
0.0
  0
SEQEND
  5
819
330
80F
100
AcDbEntity
  8
j家具示意
  0
LINE
  5
81A
330
740
100
AcDbEntity
  8
j家具示意
100
AcDbLine
 10
1593.952916401496
 20
368.9774006080697
 30
0.0
 11
1645.523355127254
 21
324.2529638185515
 31
0.0
  0
LINE
  5
81B
330
740
100
AcDbEntity
  8
j家具示意
100
AcDbLine
 10
1472.859542343474
 20
698.3876524599617
 30
0.0
 11
1603.23345986841
 21
623.2731725016492
 31
0.0
  0
LINE
  5
81C
330
740
100
AcDbEntity
  8
j家具示意
100
AcDbLine
 10
1617.060988015786
 20
548.1586925435695
 30
0.0
 11
1559.775534439075
 21
528.3918788337031
 31
0.0
  0
LINE
  5
81D
330
740
100
AcDbEntity
  8
j家具示意
100
AcDbLine
 10
1645.523355127254
 20
324.2529638185515
 30
0.0
 11
1664.432591319724
 21
510.0318156133288
 31
0.0
  0
LINE
  5
81E
330
740
100
AcDbEntity
  8
j家具示意
100
AcDbLine
 10
1664.432591319724
 20
510.0318156133288
 30
0.0
 11
1700.531785438128
 21
559.916884926788
 31
0.0
  0
LINE
  5
81F
330
740
100
AcDbEntity
  8
j家具示意
100
AcDbLine
 10
1700.531785438128
 20
559.916884926788
 30
0.0
 11
1709.126905638084
 21
571.9582301806076
 31
0.0
  0
LINE
  5
820
330
740
100
AcDbEntity
  8
j家具示意
100
AcDbLine
 10
1645.523355127254
 20
324.2529638185515
 30
0.0
 11
1728.036141830554
 21
355.2161711023073
 31
0.0
  0
LINE
  5
821
330
740
100
AcDbEntity
  8
j家具示意
100
AcDbLine
 10
1603.23345986841
 20
623.2731725016492
 30
0.0
 11
1658.543572457915
 21
605.4829421860047
 31
0.0
  0
LINE
  5
822
330
740
100
AcDbEntity
  8
j家具示意
100
AcDbLine
 10
1658.543572457915
 20
605.4829421860047
 30
0.0
 11
1626.937834188749
 21
733.9681130912502
 31
0.0
  0
LINE
  5
823
330
740
100
AcDbEntity
  8
j家具示意
100
AcDbLine
 10
1658.543572457915
 20
605.4829421860047
 30
0.0
 11
1617.060988015786
 21
548.1586925435695
 31
0.0
  0
LINE
  5
824
330
740
100
AcDbEntity
  8
j家具示意
100
AcDbLine
 10
1658.543572457915
 20
605.4829421860047
 30
0.0
 11
1721.755190233176
 21
654.9002703909645
 31
0.0
  0
LINE
  5
825
330
740
100
AcDbEntity
  8
j家具示意
100
AcDbLine
 10
1368.761925306346
 20
381.0187458618893
 30
0.0
 11
1471.902802757628
 21
394.7801713211811
 31
0.0
  0
LINE
  5
826
330
740
100
AcDbEntity
  8
j家具示意
100
AcDbLine
 10
1368.904379226093
 20
777.5608949525633
 30
0.0
 11
1472.859542343474
 21
698.3876524599617
 31
0.0
  0
LINE
  5
827
330
740
100
AcDbEntity
  8
j家具示意
100
AcDbLine
 10
1471.902802757628
 20
394.7801713211811
 30
0.0
 11
1593.952916401496
 21
368.9774006080697
 31
0.0
  0
LINE
  5
828
330
740
100
AcDbEntity
  8
j家具示意
100
AcDbLine
 10
1559.775534439075
 20
528.3918788337031
 30
0.0
 11
1470.884201356268
 21
508.6248691703073
 31
0.0
  0
LINE
  5
829
330
740
100
AcDbEntity
  8
j家具示意
100
AcDbLine
 10
1626.937834188749
 20
733.9681130912502
 30
0.0
 11
1640.765362336125
 21
836.7563281966722
 31
0.0
  0
ARC
  5
82A
330
740
100
AcDbEntity
  8
j家具示意
100
AcDbCircle
 10
1968.330323566275
 20
1451.57154304249
 30
0.0
 40
20.0
100
AcDbArc
 50
0.0
 51
90.0
  0
LINE
  5
82B
330
740
100
AcDbEntity
  8
j家具示意
100
AcDbLine
 10
1767.364306532254
 20
591.8711313260136
 30
0.0
 11
1861.967691533558
 21
580.0376935689127
 31
0.0
  0
LINE
  5
82C
330
740
100
AcDbEntity
  8
j家具示意
100
AcDbLine
 10
1769.163797636807
 20
720.1312455175791
 30
0.0
 11
1769.163797636807
 21
813.0359557913035
 31
0.0
  0
LINE
  5
82D
330
740
100
AcDbEntity
  8
j家具示意
100
AcDbLine
 10
1968.330323566275
 20
1471.57154304249
 30
0.0
 11
916.4285140243007
 21
1471.57154304249
 31
0.0
  0
LINE
  5
82E
330
740
100
AcDbEntity
  8
j家具示意
100
AcDbLine
 10
1728.036141830554
 20
355.2161711023073
 30
0.0
 11
1810.548787296808
 21
334.5740329131368
 31
0.0
  0
LINE
  5
82F
330
740
100
AcDbEntity
  8
j家具示意
100
AcDbLine
 10
1721.755190233176
 20
654.9002703909645
 30
0.0
 11
1769.163797636807
 21
720.1312455175791
 31
0.0
  0
LINE
  5
830
330
740
100
AcDbEntity
  8
j家具示意
100
AcDbLine
 10
1658.543572457915
 20
605.4829421860047
 30
0.0
 11
1752.655921587196
 21
593.7109255126561
 31
0.0
  0
LWPOLYLINE
  5
831
330
740
100
AcDbEntity
  8
j家具示意
100
AcDbPolyline
 90
       46
 70
     0
 43
0.0
 10
1480.93712833157
 20
463.9505252013331
 42
0.0256263773130658
 10
1478.114657876373
 20
475.5529268516111
 42
0.0108003175969269
 10
1436.481233420374
 20
604.8687432030565
 42
0.0045599242865635
 10
1405.303281171305
 20
692.3969012696179
 42
0.0112502049699783
 10
1391.549555726058
 20
727.4602146648683
 42
0.0693939607328312
 10
1380.397318721923
 20
746.2829967541036
 42
-0.0797562568819131
 10
1371.019196856359
 20
762.8822203233721
 42
-0.1063994932269791
 10
1368.904379226093
 20
777.5608949527957
 42
-0.3286420819917078
 10
1372.309105290042
 20
781.5708183594397
 42
-0.2995467624749613
 10
1378.811096381687
 20
779.195288487419
 42
0.1899166392732897
 10
1387.622648849559
 20
773.7075692330836
 42
0.0335175224208069
 10
1397.884607425483
 20
772.5260266665718
 42
0.0756271031388586
 10
1402.459179208323
 20
773.0004688919871
 42
0.0534886286392459
 10
1410.311861843976
 20
775.966875757731
 42
0.0178378667503755
 10
1432.300511714595
 20
788.0861308022287
 42
0.0383935750642246
 10
1456.573485084169
 20
805.2742936475549
 42
-0.0595290825061912
 10
1472.715154645091
 20
815.711605471035
 42
-0.0359425927522917
 10
1498.88523279404
 20
826.2619220569613
 42
-0.011245006357116
 10
1585.237203539989
 20
851.9242867440333
 42
-0.0062027091860942
 10
1624.815467850596
 20
862.1980861657647
 42
0.010783211680623
 10
1647.528318831289
 20
868.3165424423641
 42
0.0194848343010926
 10
1660.805836827436
 20
872.770672932209
 42
0.0050616242096234
 10
1710.99726201623
 20
892.3973225559457
 42
0.1013919190942201
 10
1736.273103038955
 20
909.1374334389692
 42
-0.2237680032509501
 10
1749.701045492722
 20
913.9900954090407
 42
-0.2555795284433636
 10
1754.317126512236
 20
910.8729103120859
 42
-0.0815627085866008
 10
1759.405442324409
 20
895.1848351626541
 42
-0.0718052271760612
 10
1759.533889629238
 20
878.0769593365839
 42
0.0699853129919421
 10
1759.602089387539
 20
860.5283504861287
 42
0.0354599108751823
 10
1772.568522509711
 20
801.0142309697695
 42
0.0294323486893013
 10
1797.325855248432
 20
731.9626393864746
 42
0.0015539306784282
 10
1811.664980516711
 20
698.6263590137824
 42
-0.0015200045161783
 10
1826.326462739089
 20
664.5470185547018
 42
-0.004735139452577
 10
1840.978176794772
 20
629.2815427213787
 42
0.0038204816556974
 10
1859.057516740111
 20
585.5403902986436
 42
0.2960011448983662
 10
1891.377928647736
 20
563.6347701402264
 42
-0.6497743301907089
 10
1900.398356288729
 20
542.1970314769422
 42
-0.0231899331533064
 10
1895.762036733504
 20
537.6988486891495
 42
0.0288000585939381
 10
1892.068621112208
 20
534.0341939299252
 42
0.0057266574220755
 10
1886.289218491234
 20
527.4483166017453
 42
-0.0043580803065144
 10
1878.718717689335
 20
518.7736282385303
 42
-0.0275279624241201
 10
1861.857599594106
 20
501.773420126352
 42
-0.0462141911587343
 10
1850.420016669377
 20
493.2202268018736
 42
-0.194121097555792
 10
1833.745238265197
 20
490.4219524107757
 42
0.1337189327007904
 10
1809.696703765366
 20
489.2509841184947
 42
0.0057790609655978
 10
1787.680454819521
 20
481.8063630873218
 42
0.0088817836259535
  0
LINE
  5
832
330
740
100
AcDbEntity
  8
j家具示意
100
AcDbLine
 10
1618.019139971758
 20
257.1661126808613
 30
0.0
 11
1621.457131556992
 21
188.359181337466
 31
0.0
  0
LINE
  5
833
330
740
100
AcDbEntity
  8
j家具示意
100
AcDbLine
 10
1638.647371956904
 20
90.30912291601998
 30
0.0
 11
1645.089363233128
 21
87.00940341007664
 31
0.0
  0
LINE
  5
834
330
740
100
AcDbEntity
  8
j家具示意
100
AcDbLine
 10
1621.457131556992
 20
188.359181337466
 30
0.0
 11
1638.647371956904
 21
90.30912291601998
 31
0.0
  0
LINE
  5
835
330
740
100
AcDbEntity
  8
j家具示意
100
AcDbLine
 10
1552.69659366837
 20
255.4458365216269
 30
0.0
 11
1514.878262520477
 21
160.8363304186496
 31
0.0
  0
LINE
  5
836
330
740
100
AcDbEntity
  8
j家具示意
100
AcDbLine
 10
1514.878262520477
 20
160.8363304186496
 30
0.0
 11
1518.316254105593
 21
136.7538358647725
 31
0.0
  0
ARC
  5
837
330
740
100
AcDbEntity
  8
j家具示意
100
AcDbCircle
 10
1968.330323566508
 20
45.81708860414799
 30
0.0
 40
20.0
100
AcDbArc
 50
270.0000000000573
 51
0.0000000000047162
  0
LINE
  5
838
330
740
100
AcDbEntity
  8
j家具示意
100
AcDbLine
 10
1645.523355127254
 20
324.2529638185515
 30
0.0
 11
1552.69659366837
 21
255.4458365216269
 31
0.0
  0
LINE
  5
839
330
740
100
AcDbEntity
  8
j家具示意
100
AcDbLine
 10
1645.523355127254
 20
324.2529638185515
 30
0.0
 11
1618.019139971758
 21
257.1661126808613
 31
0.0
  0
LINE
  5
83A
330
740
100
AcDbEntity
  8
j家具示意
100
AcDbLine
 10
761.6307179510478
 20
45.81708860275102
 30
0.0
 11
761.6307179509313
 21
915.287335381552
 31
0.0
  0
LINE
  5
83B
330
740
100
AcDbEntity
  8
j家具示意
100
AcDbLine
 10
1810.548787296808
 20
334.5740329131368
 30
0.0
 11
1873.118060394831
 21
280.9774479218177
 31
0.0
  0
LINE
  5
83C
330
740
100
AcDbEntity
  8
j家具示意
100
AcDbLine
 10
1988.330323566508
 20
45.81708860414799
 30
0.0
 11
1988.330323566275
 21
1451.57154304249
 31
0.0
  0
POLYLINE
  5
83D
330
740
100
AcDbEntity
  8
j家具示意
100
AcDb2dPolyline
 66
     1
 10
0.0
 20
0.0
 30
0.0
 70
     3
  0
VERTEX
  5
83E
330
83D
100
AcDbEntity
  8
j家具示意
100
AcDbVertex
100
AcDb2dVertex
 10
1583.652857488545
 20
58.13473490293834
 30
0.0
 42
0.1013919190942201
  0
VERTEX
  5
83F
330
83D
100
AcDbEntity
  8
j家具示意
100
AcDbVertex
100
AcDb2dVertex
 10
1559.734456844919
 20
39.50654222507728
 30
0.0
 42
-0.2237680032509501
 70
     1
  0
VERTEX
  5
840
330
83D
100
AcDbEntity
  8
j家具示意
100
AcDbVertex
100
AcDb2dVertex
 10
1546.717959651083
 20
33.63893900596304
 30
0.0
 42
-0.2555795284433636
  0
VERTEX
  5
841
330
83D
100
AcDbEntity
  8
j家具示意
100
AcDbVertex
100
AcDb2dVertex
 10
1541.876533880655
 20
36.39314368547639
 30
0.0
 42
-0.0815627085866008
 70
     1
  0
VERTEX
  5
842
330
83D
100
AcDbEntity
  8
j家具示意
100
AcDbVertex
100
AcDb2dVertex
 10
1535.600736819149
 20
51.64506261207861
 30
0.0
 42
-0.0718052271760612
  0
VERTEX
  5
843
330
83D
100
AcDbEntity
  8
j家具示意
100
AcDbVertex
100
AcDb2dVertex
 10
1534.161393646791
 20
68.69276642258046
 30
0.0
 42
0.0699853129919421
 70
     1
  0
VERTEX
  5
844
330
83D
100
AcDbEntity
  8
j家具示意
100
AcDbVertex
100
AcDb2dVertex
 10
1532.748339760408
 20
86.18452455353693
 30
0.0
 42
0.0354599108751823
  0
VERTEX
  5
845
330
83D
100
AcDbEntity
  8
j家具示意
100
AcDbVertex
100
AcDb2dVertex
 10
1515.258449602697
 20
144.5297261725063
 30
0.0
 42
0.0294323486893013
 70
     1
  0
VERTEX
  5
846
330
83D
100
AcDbEntity
  8
j家具示意
100
AcDbVertex
100
AcDb2dVertex
 10
1485.28132337908
 20
211.4806016559596
 30
0.0
 42
0.0015539306784282
  0
VERTEX
  5
847
330
83D
100
AcDbEntity
  8
j家具示意
100
AcDbVertex
100
AcDb2dVertex
 10
1468.42924175394
 20
243.6197591963573
 30
0.0
 42
-0.0015200045161783
 70
     1
  0
VERTEX
  5
848
330
83D
100
AcDbEntity
  8
j家具示意
100
AcDbVertex
100
AcDb2dVertex
 10
1451.198797861056
 20
276.4750831229029
 30
0.0
 42
-0.004735139452577
  0
VERTEX
  5
849
330
83D
100
AcDbEntity
  8
j家具示意
100
AcDbVertex
100
AcDb2dVertex
 10
1433.887179239129
 20
310.5138018302969
 30
0.0
 42
0.0038204816556974
 70
     1
  0
VERTEX
  5
84A
330
83D
100
AcDbEntity
  8
j家具示意
100
AcDbVertex
100
AcDb2dVertex
 10
1412.508379563165
 20
352.740545400593
 30
0.0
 42
0.2960011448983662
  0
VERTEX
  5
84B
330
83D
100
AcDbEntity
  8
j家具示意
100
AcDbVertex
100
AcDb2dVertex
 10
1378.604037577577
 20
372.1044503508019
 30
0.0
 42
-0.6497743301907089
 70
     1
  0
VERTEX
  5
84C
330
83D
100
AcDbEntity
  8
j家具示意
100
AcDbVertex
100
AcDb2dVertex
 10
1367.966999326076
 20
392.78773275594
 30
0.0
 42
-0.0231899331533064
  0
VERTEX
  5
84D
330
83D
100
AcDbEntity
  8
j家具示意
100
AcDbVertex
100
AcDb2dVertex
 10
1372.244906159525
 20
397.6280447847094
 30
0.0
 42
0.0288000585939381
 70
     1
  0
VERTEX
  5
84E
330
83D
100
AcDbEntity
  8
j家具示意
100
AcDbVertex
100
AcDb2dVertex
 10
1375.646570566751
 20
401.5650096965837
 30
0.0
 42
0.0057266574220755
  0
VERTEX
  5
84F
330
83D
100
AcDbEntity
  8
j家具示意
100
AcDbVertex
100
AcDb2dVertex
 10
1380.904181516322
 20
408.5744891305802
 30
0.0
 42
-0.0043580803065144
 70
     1
  0
VERTEX
  5
850
330
83D
100
AcDbEntity
  8
j家具示意
100
AcDbVertex
100
AcDb2dVertex
 10
1387.787519830453
 20
417.8039178370381
 30
0.0
 42
-0.0275279624241201
  0
VERTEX
  5
851
330
83D
100
AcDbEntity
  8
j家具示意
100
AcDbVertex
100
AcDb2dVertex
 10
1403.296015676751
 20
436.046476206684
 30
0.0
 42
-0.0462141911587343
 70
     1
  0
VERTEX
  5
852
330
83D
100
AcDbEntity
  8
j家具示意
100
AcDbVertex
100
AcDb2dVertex
 10
1414.04437245155
 20
445.4511689633942
 30
0.0
 42
-0.194121097555792
  0
VERTEX
  5
853
330
83D
100
AcDbEntity
  8
j家具示意
100
AcDbVertex
100
AcDb2dVertex
 10
1430.455617668864
 20
449.5192895142245
 30
0.0
 42
0.1337189327007904
 70
     1
  0
VERTEX
  5
854
330
83D
100
AcDbEntity
  8
j家具示意
100
AcDbVertex
100
AcDb2dVertex
 10
1454.34365606861
 20
452.5300700999212
 30
0.0
 42
0.0115049885239622
  0
VERTEX
  5
855
330
83D
100
AcDbEntity
  8
j家具示意
100
AcDbVertex
100
AcDb2dVertex
 10
1496.694162698172
 20
471.1510966452188
 30
0.0
 42
0.0088817836259535
 70
     1
  0
VERTEX
  5
856
330
83D
100
AcDbEntity
  8
j家具示意
100
AcDbVertex
100
AcDb2dVertex
 10
1550.521101892984
 20
497.4864046023576
 30
0.0
 42
0.0124257131937093
  0
VERTEX
  5
857
330
83D
100
AcDbEntity
  8
j家具示意
100
AcDbVertex
100
AcDb2dVertex
 10
1618.872235751769
 20
534.6168296697433
 30
0.0
 42
-0.0336123700455677
 70
     1
  0
VERTEX
  5
858
330
83D
100
AcDbEntity
  8
j家具示意
100
AcDbVertex
100
AcDb2dVertex
 10
1644.723719128116
 20
547.2733555677696
 30
0.0
  0
VERTEX
  5
859
330
83D
100
AcDbEntity
  8
j家具示意
100
AcDbVertex
100
AcDb2dVertex
 10
1701.040468880266
 20
570.2964890130679
 30
0.0
  0
VERTEX
  5
85A
330
83D
100
AcDbEntity
  8
j家具示意
100
AcDbVertex
100
AcDb2dVertex
 10
1744.48482227471
 20
588.057193422399
 30
0.0
 42
0.2243410718216135
  0
VERTEX
  5
85B
330
83D
100
AcDbEntity
  8
j家具示意
100
AcDbVertex
100
AcDb2dVertex
 10
1757.785858644929
 20
602.5851279326598
 30
0.0
 42
-0.722771522499555
 70
     1
  0
VERTEX
  5
85C
330
83D
100
AcDbEntity
  8
j家具示意
100
AcDbVertex
100
AcDb2dVertex
 10
1766.645886481914
 20
602.7547222689609
 30
0.0
 42
-0.1035130412990579
  0
VERTEX
  5
85D
330
83D
100
AcDbEntity
  8
j家具示意
100
AcDbVertex
100
AcDb2dVertex
 10
1767.141938788292
 20
599.0172336357062
 30
0.0
 42
0.0534647381238438
 70
     1
  0
VERTEX
  5
85E
330
83D
100
AcDbEntity
  8
j家具示意
100
AcDbVertex
100
AcDb2dVertex
 10
1767.377208070888
 20
591.7781918555847
 30
0.0
 42
0.0301092765793074
  0
VERTEX
  5
85F
330
83D
100
AcDbEntity
  8
j家具示意
100
AcDbVertex
100
AcDb2dVertex
 10
1772.039325265388
 20
568.7220285406217
 30
0.0
 42
-0.0314364773003218
 70
     1
  0
VERTEX
  5
860
330
83D
100
AcDbEntity
  8
j家具示意
100
AcDbVertex
100
AcDb2dVertex
 10
1776.446397827763
 20
546.6256947921938
 30
0.0
 42
-0.0532399643574459
  0
VERTEX
  5
861
330
83D
100
AcDbEntity
  8
j家具示意
100
AcDbVertex
100
AcDb2dVertex
 10
1776.864304204762
 20
531.5061543282936
 30
0.0
 42
0.0551795226477933
 70
     1
  0
VERTEX
  5
862
330
83D
100
AcDbEntity
  8
j家具示意
100
AcDbVertex
100
AcDb2dVertex
 10
1777.324037483136
 20
516.9166751868906
 30
0.0
 42
0.0562710074868784
  0
VERTEX
  5
863
330
83D
100
AcDbEntity
  8
j家具示意
100
AcDbVertex
100
AcDb2dVertex
 10
1783.900354777754
 20
491.6027237679227
 30
0.0
 42
0.0108003175969269
 70
     1
  0
VERTEX
  5
864
330
83D
100
AcDbEntity
  8
j家具示意
100
AcDbVertex
100
AcDb2dVertex
 10
1835.323022163997
 20
365.8584130834207
 30
0.0
 42
0.0045599242865635
  0
VERTEX
  5
865
330
83D
100
AcDbEntity
  8
j家具示意
100
AcDbVertex
100
AcDb2dVertex
 10
1873.118060393317
 20
280.9774479250773
 30
0.0
 42
0.0112502049699783
 70
     1
  0
VERTEX
  5
866
330
83D
100
AcDbEntity
  8
j家具示意
100
AcDbVertex
100
AcDb2dVertex
 10
1889.518836830568
 20
247.0714684798732
 30
0.0
 42
0.0693939607328312
  0
VERTEX
  5
867
330
83D
100
AcDbEntity
  8
j家具示意
100
AcDbVertex
100
AcDb2dVertex
 10
1902.080983673513
 20
229.1588477205369
 30
0.0
 42
-0.0797562568819131
 70
     1
  0
VERTEX
  5
868
330
83D
100
AcDbEntity
  8
j家具示意
100
AcDbVertex
100
AcDb2dVertex
 10
1912.703804440272
 20
213.3272630939609
 30
0.0
 42
-0.1063994932269791
  0
VERTEX
  5
869
330
83D
100
AcDbEntity
  8
j家具示意
100
AcDbVertex
100
AcDb2dVertex
 10
1915.937482671288
 20
198.8538644748623
 30
0.0
 42
-0.3286420819917078
 70
     1
  0
VERTEX
  5
86A
330
83D
100
AcDbEntity
  8
j家具示意
100
AcDbVertex
100
AcDb2dVertex
 10
1912.850122506672
 20
194.5947739018011
 30
0.0
 42
-0.2995467624749613
  0
VERTEX
  5
86B
330
83D
100
AcDbEntity
  8
j家具示意
100
AcDbVertex
100
AcDb2dVertex
 10
1906.185180438973
 20
196.4649550590547
 30
0.0
 42
0.1899166392732897
 70
     1
  0
VERTEX
  5
86C
330
83D
100
AcDbEntity
  8
j家具示意
100
AcDbVertex
100
AcDb2dVertex
 10
1896.978929978504
 20
201.2611485465313
 30
0.0
 42
0.0335175224208069
  0
VERTEX
  5
86D
330
83D
100
AcDbEntity
  8
j家具示意
100
AcDbVertex
100
AcDb2dVertex
 10
1886.656597250199
 20
201.6526631675079
 30
0.0
 42
0.0756271031388586
 70
     1
  0
VERTEX
  5
86E
330
83D
100
AcDbEntity
  8
j家具示意
100
AcDbVertex
100
AcDb2dVertex
 10
1882.131847403187
 20
200.8289877203643
 30
0.0
 42
0.0534886286392459
  0
VERTEX
  5
86F
330
83D
100
AcDbEntity
  8
j家具示意
100
AcDbVertex
100
AcDb2dVertex
 10
1874.5296325839
 20
197.2694197540985
 30
0.0
 42
0.0178378667503755
 70
     1
  0
VERTEX
  5
870
330
83D
100
AcDbEntity
  8
j家具示意
100
AcDbVertex
100
AcDb2dVertex
 10
1853.534576584177
 20
183.5004441372002
 30
0.0
 42
0.0383935750642246
  0
VERTEX
  5
871
330
83D
100
AcDbEntity
  8
j家具示意
100
AcDbVertex
100
AcDb2dVertex
 10
1830.650435426796
 20
164.5023847179836
 30
0.0
 42
-0.0595290825061912
 70
     1
  0
VERTEX
  5
872
330
83D
100
AcDbEntity
  8
j家具示意
100
AcDbVertex
100
AcDb2dVertex
 10
1815.356242932205
 20
152.8585601637023
 30
0.0
 42
-0.0359425927522917
  0
VERTEX
  5
873
330
83D
100
AcDbEntity
  8
j家具示意
100
AcDbVertex
100
AcDb2dVertex
 10
1790.071804305364
 20
140.3334121121443
 30
0.0
 42
-0.011245006357116
 70
     1
  0
VERTEX
  5
874
330
83D
100
AcDbEntity
  8
j家具示意
100
AcDbVertex
100
AcDb2dVertex
 10
1705.940811141336
 20
108.1278877052827
 30
0.0
 42
-0.0062027091860942
  0
VERTEX
  5
875
330
83D
100
AcDbEntity
  8
j家具示意
100
AcDbVertex
100
AcDb2dVertex
 10
1667.26643539319
 20
94.85074114258171
 30
0.0
 42
0.010783211680623
 70
     1
  0
VERTEX
  5
876
330
83D
100
AcDbEntity
  8
j家具示意
100
AcDbVertex
100
AcDb2dVertex
 10
1645.089363235805
 20
87.00940341100794
 30
0.0
 42
0.0194848343010926
  0
VERTEX
  5
877
330
83D
100
AcDbEntity
  8
j家具示意
100
AcDbVertex
100
AcDb2dVertex
 10
1632.192301599483
 20
81.5506889372482
 30
0.0
 42
0.0050616242096234
 70
     1
  0
SEQEND
  5
878
330
83D
100
AcDbEntity
  8
j家具示意
  0
ENDBLK
  5
879
330
740
100
AcDbEntity
  8
0
100
AcDbBlockEnd
  0
BLOCK
  5
734
330
733
100
AcDbEntity
  8
0
100
AcDbBlockBegin
  2
A$C345B1298
 70
     0
 10
0.0
 20
0.0
 30
0.0
  3
A$C345B1298
  1

  0
LINE
  5
735
330
733
100
AcDbEntity
  8
家具示意
100
AcDbLine
 10
0.0000830760691315
 20
500.0000048087239
 30
0.0
 11
500.0000830760691
 21
500.0000048087821
 31
0.0
  0
LINE
  5
736
330
733
100
AcDbEntity
  8
家具示意
100
AcDbLine
 10
500.0000830760691
 20
0.000004808724043
 30
0.0
 11
500.0000830760691
 21
500.0000048087821
 31
0.0
  0
LINE
  5
737
330
733
100
AcDbEntity
  8
家具示意
100
AcDbLine
 10
0.0000830760691315
 20
500.0000048087239
 30
0.0
 11
0.0000830760691315
 21
0.000004808724043
 31
0.0
  0
LINE
  5
738
330
733
100
AcDbEntity
  8
家具示意
100
AcDbLine
 10
0.0000830760691315
 20
0.000004808724043
 30
0.0
 11
500.0000830760691
 21
0.000004808724043
 31
0.0
  0
LINE
  5
739
330
733
100
AcDbEntity
  8
家具示意
100
AcDbLine
 10
449.5734537609386
 20
250.0000048085494
 30
0.0
 11
55.15967803867535
 21
250.0000048089569
 31
0.0
  0
CIRCLE
  5
73A
330
733
100
AcDbEntity
  8
家具示意
100
AcDbCircle
 10
250.0000832454534
 20
250.000004808724
 30
0.0
 40
152.97942528
  0
CIRCLE
  5
73B
330
733
100
AcDbEntity
  8
家具示意
100
AcDbCircle
 10
250.0000832454534
 20
250.000004808724
 30
0.0
 40
127.4828544
  0
LINE
  5
73C
330
733
100
AcDbEntity
  8
家具示意
100
AcDbLine
 10
250.0000830757199
 20
65.41435777077277
 30
0.0
 11
250.0000830764184
 21
439.3186171558482
 31
0.0
  0
ENDBLK
  5
73D
330
733
100
AcDbEntity
  8
0
100
AcDbBlockEnd
  0
BLOCK
  5
731
330
730
100
AcDbEntity
  8
0
100
AcDbBlockBegin
  2
A$C61AC3AE4
 70
     0
 10
0.0
 20
0.0
 30
0.0
  3
A$C61AC3AE4
  1

  0
INSERT
  5
732
330
730
100
AcDbEntity
  8
0
100
AcDbBlockReference
  2
A$C345B1298
 10
1499.999944902724
 20
1999.999960966335
 30
0.0
  0
INSERT
  5
73E
330
730
100
AcDbEntity
  8
0
100
AcDbBlockReference
  2
A$C345B1298
 10
1499.999944902724
 20
-0.0000390337227145
 30
0.0
  0
INSERT
  5
73F
330
730
100
AcDbEntity
  8
0
100
AcDbBlockReference
 66
     1
  2
A$C249E5B17
 10
2000.499898293289
 20
1999.999979055661
 30
0.0
 50
180.0
  0
ATTRIB
  5
87A
330
73F
100
AcDbEntity
  8
家具示意
100
AcDbText
 10
2000.000027978793
 20
1999.999965775001
 30
0.0
 40
0.5
  1
1500
 50
270.0
 41
0.8
  7
DIM_FONT
100
AcDbAttribute
280
     0
  2
XSIZE
 70
     9
280
     0
  0
ATTRIB
  5
87B
330
73F
100
AcDbEntity
  8
家具示意
100
AcDbText
 10
2000.000027978793
 20
1999.999965775001
 30
0.0
 40
0.5
  1
2000
 50
270.0
 41
0.8
  7
DIM_FONT
100
AcDbAttribute
280
     0
  2
YSIZE
 70
     9
280
     0
  0
SEQEND
  5
87C
330
73F
100
AcDbEntity
  8
0
  0
ENDBLK
  5
87D
330
730
100
AcDbEntity
  8
0
100
AcDbBlockEnd
  0
BLOCK
  5
437
330
436
100
AcDbEntity
  8
0
100
AcDbBlockBegin
  2
A$C130E6298
 70
     0
 10
0.0
 20
0.0
 30
0.0
  3
A$C130E6298
  1

  0
INSERT
  5
438
330
436
100
AcDbEntity
  8
0
100
AcDbBlockReference
  2
A$C6465327B
 10
1137.348496814142
 20
1514.338560886797
 30
0.0
 50
180.0
  0
LINE
  5
449
330
436
100
AcDbEntity
  8
家具示意
100
AcDbLine
 10
1599.999990834622
 20
750.0000509113306
 30
0.0
 11
-0.0000091652618721
 21
750.0000509113306
 31
0.0
  0
INSERT
  5
44A
330
436
100
AcDbEntity
  8
0
100
AcDbBlockReference
  2
A$C7D7A3CEF
 10
-147.160167943337
 20
349.9731131325244
 30
0.0
 43
-1.0
 50
180.0
210
0.0
220
0.0
230
-1.0
  0
LINE
  5
452
330
436
100
AcDbEntity
  8
家具示意
100
AcDbLine
 10
1599.999990834738
 20
0.000050911330618
 30
0.0
 11
-0.0000091651454568
 21
0.000050911330618
 31
0.0
  0
LINE
  5
453
330
436
100
AcDbEntity
  8
家具示意
100
AcDbLine
 10
-0.0000091652618721
 20
750.0000509113306
 30
0.0
 11
-0.0000091651454568
 21
0.000050911330618
 31
0.0
  0
INSERT
  5
454
330
436
100
AcDbEntity
  8
0
100
AcDbBlockReference
  2
A$C6C2E2F88
 10
-465.9998138353693
 20
710.2684142568614
 30
0.0
 43
-1.0
 50
180.0
210
0.0
220
0.0
230
-1.0
  0
LINE
  5
4F1
330
436
100
AcDbEntity
  8
家具示意
100
AcDbLine
 10
1599.999990834622
 20
750.0000509113306
 30
0.0
 11
1599.999990834738
 21
0.000050911330618
 31
0.0
  0
ENDBLK
  5
4F2
330
436
100
AcDbEntity
  8
0
100
AcDbBlockEnd
  0
BLOCK
  5
CD3
330
CD0
100
AcDbEntity
  8
0
100
AcDbBlockBegin
  2
$DorLib2D$00000127
 70
     0
 10
0.0
 20
0.0
 30
0.0
  3
$DorLib2D$00000127
  1

  0
LINE
  5
CD4
330
CD0
100
AcDbEntity
  8
0
  6
Continuous
 62
     0
100
AcDbLine
 10
0.5000000000000533
 20
0.4999999999999787
 30
-93.75
 11
-0.5000000000000321
 21
0.4999999999999787
 31
-93.75
  0
LINE
  5
CD5
330
CD0
100
AcDbEntity
  8
0
  6
Continuous
 62
     0
100
AcDbLine
 10
0.0333333333334629
 20
0.79489831543669
 30
-93.75
 11
0.0333333333334629
 21
0.6904056441872442
 31
-93.75
  0
LINE
  5
CD6
330
CD0
100
AcDbEntity
  8
0
  6
Continuous
 62
     0
100
AcDbLine
 10
-0.0333333333331787
 20
0.79489831543669
 30
-93.75
 11
-0.5333333333324754
 21
0.79489831543669
 31
-93.75
  0
LINE
  5
CD7
330
CD0
100
AcDbEntity
  8
0
  6
Continuous
 62
     0
100
AcDbLine
 10
-0.0333333333331787
 20
0.6904056441872442
 30
-93.75
 11
-0.5333333333324754
 21
0.6904056441872442
 31
-93.75
  0
LINE
  5
CD8
330
CD0
100
AcDbEntity
  8
0
  6
Continuous
 62
     0
100
AcDbLine
 10
-0.0333333333331787
 20
0.79489831543669
 30
-93.75
 11
-0.0333333333331787
 21
0.6904056441872442
 31
-93.75
  0
LINE
  5
CD9
330
CD0
100
AcDbEntity
  8
0
  6
Continuous
 62
     0
100
AcDbLine
 10
0.533333333332763
 20
0.79489831543669
 30
-93.75
 11
0.533333333332763
 21
0.6904056441872442
 31
-93.75
  0
LINE
  5
CDA
330
CD0
100
AcDbEntity
  8
0
  6
Continuous
 62
     0
100
AcDbLine
 10
-0.5333333333324754
 20
0.79489831543669
 30
-93.75
 11
-0.5333333333324754
 21
0.6904056441872442
 31
-93.75
  0
LINE
  5
CDB
330
CD0
100
AcDbEntity
  8
0
  6
Continuous
 62
     0
100
AcDbLine
 10
0.533333333332763
 20
0.6904056441872442
 30
-93.75
 11
0.0333333333334629
 21
0.6904056441872442
 31
-93.75
  0
LINE
  5
CDC
330
CD0
100
AcDbEntity
  8
0
  6
Continuous
 62
     0
100
AcDbLine
 10
0.533333333332763
 20
0.79489831543669
 30
-93.75
 11
0.0333333333334629
 21
0.79489831543669
 31
-93.75
  0
ENDBLK
  5
CDD
330
CD0
100
AcDbEntity
  8
0
100
AcDbBlockEnd
  0
BLOCK
  5
8D5
330
8D4
100
AcDbEntity
  8
0
100
AcDbBlockBegin
  2
yyyy
 70
     0
 10
0.0
 20
0.0
 30
0.0
  3
yyyy
  1

  0
ARC
  5
8D6
330
8D4
100
AcDbEntity
  8
FURN
100
AcDbCircle
 10
297338.8790034704
 20
15089.86516624393
 30
0.0
 40
10.0
100
AcDbArc
 50
67.33000878363256
 51
139.2734566893724
  0
ARC
  5
8D7
330
8D4
100
AcDbEntity
  8
FURN
100
AcDbCircle
 10
297570.4646467109
 20
14890.48335351292
 30
0.0
 40
315.5896225382623
100
AcDbArc
 50
139.2734566893724
 51
178.2348621534607
  0
ARC
  5
8D8
330
8D4
100
AcDbEntity
  8
FURN
100
AcDbCircle
 10
297335.0247753888
 20
15080.63776542382
 30
0.0
 40
20.0
100
AcDbArc
 50
0.0
 51
67.33000878363256
  0
ARC
  5
8D9
330
8D4
100
AcDbEntity
  8
FURN
100
AcDbCircle
 10
297422.5247753887
 20
15008.13776542382
 30
0.0
 40
67.5
100
AcDbArc
 50
90.0
 51
180.0
  0
ARC
  5
8DA
330
8D4
100
AcDbEntity
  8
FURN
100
AcDbCircle
 10
297834.2868751911
 20
15207.22464613947
 30
0.0
 40
50.0
100
AcDbArc
 50
90.0
 51
180.0
  0
ARC
  5
8DB
330
8D4
100
AcDbEntity
  8
FURN
100
AcDbCircle
 10
297647.5247753887
 20
15008.13776542382
 30
0.0
 40
67.5
100
AcDbArc
 50
0.0
 51
90.0
  0
ARC
  5
8DC
330
8D4
100
AcDbEntity
  8
FURN
100
AcDbCircle
 10
298484.286875191
 20
15207.22464613947
 30
0.0
 40
50.0
100
AcDbArc
 50
0.0
 51
90.0
  0
LINE
  5
8DD
330
8D4
100
AcDbEntity
  8
FURN
100
AcDbLine
 10
298484.286875191
 20
15257.22464613947
 30
0.0
 11
297834.2868751911
 21
15257.22464613947
 31
0.0
  0
LINE
  5
8DE
330
8D4
100
AcDbEntity
  8
FURN
100
AcDbLine
 10
297422.5247753887
 20
15075.63776542382
 30
0.0
 11
297647.5247753887
 21
15075.63776542382
 31
0.0
  0
ARC
  5
8DF
330
8D4
100
AcDbEntity
  8
FURN
100
AcDbCircle
 10
298979.6947469118
 20
15089.86516624393
 30
0.0
 40
10.0
100
AcDbArc
 50
40.7265433106276
 51
112.6699912163674
  0
ARC
  5
8E0
330
8D4
100
AcDbEntity
  8
FURN
100
AcDbCircle
 10
298748.1091036711
 20
14890.48335351292
 30
0.0
 40
315.5896225382623
100
AcDbArc
 50
1.765137846539301
 51
40.7265433106276
  0
ARC
  5
8E1
330
8D4
100
AcDbEntity
  8
FURN
100
AcDbCircle
 10
298983.5489749934
 20
15080.63776542382
 30
0.0
 40
20.0
100
AcDbArc
 50
112.6699912163674
 51
180.0
  0
ARC
  5
8E2
330
8D4
100
AcDbEntity
  8
FURN
100
AcDbCircle
 10
298896.0489749933
 20
15008.13776542382
 30
0.0
 40
67.5
100
AcDbArc
 50
0.0
 51
90.0
  0
LINE
  5
8E3
330
8D4
100
AcDbEntity
  8
FURN
100
AcDbLine
 10
298896.0489749933
 20
15075.63776542382
 30
0.0
 11
298671.0489749933
 21
15075.63776542382
 31
0.0
  0
ARC
  5
8E4
330
8D4
100
AcDbEntity
  8
FURN
100
AcDbCircle
 10
298671.0489749933
 20
15008.13776542382
 30
0.0
 40
67.5
100
AcDbArc
 50
90.0
 51
180.0
  0
ARC
  5
8E5
330
8D4
100
AcDbEntity
  8
FURN
100
AcDbCircle
 10
297422.5247753887
 20
14693.13776542382
 30
0.0
 40
67.5
100
AcDbArc
 50
180.0
 51
270.0
  0
ARC
  5
8E6
330
8D4
100
AcDbEntity
  8
FURN
100
AcDbCircle
 10
297338.8790034704
 20
14403.03892767523
 30
0.0
 40
10.0
100
AcDbArc
 50
67.33000878363256
 51
139.2734566893724
  0
ARC
  5
8E7
330
8D4
100
AcDbEntity
  8
FURN
100
AcDbCircle
 10
297335.0247753888
 20
14393.81152685512
 30
0.0
 40
20.0
100
AcDbArc
 50
0.0
 51
67.33000878363256
  0
ARC
  5
8E8
330
8D4
100
AcDbEntity
  8
FURN
100
AcDbCircle
 10
297570.4646467109
 20
14810.79217733471
 30
0.0
 40
315.5896225382623
100
AcDbArc
 50
181.7651378465393
 51
220.7265433106276
  0
ARC
  5
8E9
330
8D4
100
AcDbEntity
  8
FURN
100
AcDbCircle
 10
297338.8790034704
 20
14611.4103646037
 30
0.0
 40
10.0
100
AcDbArc
 50
220.7265433106276
 51
292.6699912163675
  0
ARC
  5
8EA
330
8D4
100
AcDbEntity
  8
FURN
100
AcDbCircle
 10
297335.0247753888
 20
14620.63776542382
 30
0.0
 40
20.0
100
AcDbArc
 50
292.6699912163675
 51
0.0
  0
LINE
  5
8EB
330
8D4
100
AcDbEntity
  8
FURN
100
AcDbLine
 10
297255.0247753887
 20
14114.244959697
 30
0.0
 11
297255.0247753887
 21
14213.37809401323
 31
0.0
  0
ARC
  5
8EC
330
8D4
100
AcDbEntity
  8
FURN
100
AcDbCircle
 10
297335.0247753888
 20
13933.81152685512
 30
0.0
 40
20.0
100
AcDbArc
 50
292.6699912163675
 51
0.0
  0
ARC
  5
8ED
330
8D4
100
AcDbEntity
  8
FURN
100
AcDbCircle
 10
297422.5247753887
 20
14006.31152685512
 30
0.0
 40
67.5
100
AcDbArc
 50
180.0
 51
270.0
  0
ARC
  5
8EE
330
8D4
100
AcDbEntity
  8
FURN
100
AcDbCircle
 10
297338.8790034703
 20
13924.584126035
 30
0.0
 40
10.0
100
AcDbArc
 50
220.7265433106276
 51
292.6699912163675
  0
ARC
  5
8EF
330
8D4
100
AcDbEntity
  8
FURN
100
AcDbCircle
 10
297570.4646467109
 20
14123.96593876601
 30
0.0
 40
315.5896225382623
100
AcDbArc
 50
181.7651378465393
 51
220.7265433106276
  0
ARC
  5
8F0
330
8D4
100
AcDbEntity
  8
FURN
100
AcDbCircle
 10
300032.8630261098
 20
14163.81152685512
 30
0.0
 40
2712.716921149136
100
AcDbArc
 50
174.802304031291
 51
185.1976959687089
  0
ARC
  5
8F1
330
8D4
100
AcDbEntity
  8
FURN
100
AcDbCircle
 10
297570.4646467109
 20
14203.65711494422
 30
0.0
 40
315.5896225382623
100
AcDbArc
 50
139.2734566893724
 51
178.2348621534607
  0
ARC
  5
8F2
330
8D4
100
AcDbEntity
  8
FURN
100
AcDbCircle
 10
297422.5247753887
 20
14321.31152685512
 30
0.0
 40
67.5
100
AcDbArc
 50
90.0
 51
180.0
  0
LINE
  5
8F3
330
8D4
100
AcDbEntity
  8
FURN
100
AcDbLine
 10
297355.0247753887
 20
13933.81152685512
 30
0.0
 11
297355.0247753887
 21
14393.81152685512
 31
0.0
  0
ARC
  5
8F4
330
8D4
100
AcDbEntity
  8
FURN
100
AcDbCircle
 10
297647.5247753887
 20
14693.13776542382
 30
0.0
 40
67.5
100
AcDbArc
 50
270.0
 51
0.0
  0
ARC
  5
8F5
330
8D4
100
AcDbEntity
  8
FURN
100
AcDbCircle
 10
297647.5247753887
 20
14006.31152685512
 30
0.0
 40
67.5
100
AcDbArc
 50
270.0
 51
0.0
  0
LINE
  5
8F6
330
8D4
100
AcDbEntity
  8
FURN
100
AcDbLine
 10
297715.0247753887
 20
14006.31152685512
 30
0.0
 11
297715.0247753887
 21
14321.31152685512
 31
0.0
  0
LINE
  5
8F7
330
8D4
100
AcDbEntity
  8
FURN
100
AcDbLine
 10
298603.5489749934
 20
14321.31152685512
 30
0.0
 11
298603.5489749934
 21
14006.31152685512
 31
0.0
  0
ARC
  5
8F8
330
8D4
100
AcDbEntity
  8
FURN
100
AcDbCircle
 10
297647.5247753887
 20
14321.31152685512
 30
0.0
 40
67.5
100
AcDbArc
 50
0.0
 51
90.0
  0
LINE
  5
8F9
330
8D4
100
AcDbEntity
  8
FURN
100
AcDbLine
 10
297422.5247753887
 20
13938.81152685512
 30
0.0
 11
297647.5247753887
 21
13938.81152685512
 31
0.0
  0
LINE
  5
8FA
330
8D4
100
AcDbEntity
  8
FURN
100
AcDbLine
 10
297422.5247753887
 20
14388.81152685512
 30
0.0
 11
297647.5247753887
 21
14388.81152685512
 31
0.0
  0
LINE
  5
8FB
330
8D4
100
AcDbEntity
  8
FURN
100
AcDbLine
 10
297422.5247753887
 20
14625.63776542382
 30
0.0
 11
297647.5247753887
 21
14625.63776542382
 31
0.0
  0
LINE
  5
8FC
330
8D4
100
AcDbEntity
  8
FURN
100
AcDbLine
 10
297834.2868751911
 20
13757.22464613947
 30
0.0
 11
298484.286875191
 21
13757.22464613947
 31
0.0
  0
ARC
  5
8FD
330
8D4
100
AcDbEntity
  8
FURN
100
AcDbCircle
 10
298484.286875191
 20
13807.22464613947
 30
0.0
 40
50.0
100
AcDbArc
 50
270.0
 51
0.0
  0
ARC
  5
8FE
330
8D4
100
AcDbEntity
  8
FURN
100
AcDbCircle
 10
297834.2868751911
 20
13807.22464613947
 30
0.0
 40
50.0
100
AcDbArc
 50
180.0
 51
270.0
  0
ARC
  5
8FF
330
8D4
100
AcDbEntity
  8
FURN
100
AcDbCircle
 10
298896.0489749933
 20
14693.13776542382
 30
0.0
 40
67.5
100
AcDbArc
 50
270.0
 51
0.0
  0
LINE
  5
900
330
8D4
100
AcDbEntity
  8
FURN
100
AcDbLine
 10
298896.0489749933
 20
14625.63776542382
 30
0.0
 11
298671.0489749933
 21
14625.63776542382
 31
0.0
  0
ARC
  5
901
330
8D4
100
AcDbEntity
  8
FURN
100
AcDbCircle
 10
298979.6947469118
 20
14403.03892767523
 30
0.0
 40
10.0
100
AcDbArc
 50
40.7265433106276
 51
112.6699912163674
  0
ARC
  5
902
330
8D4
100
AcDbEntity
  8
FURN
100
AcDbCircle
 10
298983.5489749934
 20
14393.81152685512
 30
0.0
 40
20.0
100
AcDbArc
 50
112.6699912163674
 51
180.0
  0
LINE
  5
903
330
8D4
100
AcDbEntity
  8
FURN
100
AcDbLine
 10
298896.0489749933
 20
14388.81152685512
 30
0.0
 11
298671.0489749933
 21
14388.81152685512
 31
0.0
  0
ARC
  5
904
330
8D4
100
AcDbEntity
  8
FURN
100
AcDbCircle
 10
298748.1091036711
 20
14810.79217733471
 30
0.0
 40
315.5896225382623
100
AcDbArc
 50
319.2734566893724
 51
358.2348621534607
  0
ARC
  5
905
330
8D4
100
AcDbEntity
  8
FURN
100
AcDbCircle
 10
298979.6947469118
 20
14611.4103646037
 30
0.0
 40
10.0
100
AcDbArc
 50
247.3300087836326
 51
319.2734566893724
  0
ARC
  5
906
330
8D4
100
AcDbEntity
  8
FURN
100
AcDbCircle
 10
298983.5489749934
 20
14620.63776542382
 30
0.0
 40
20.0
100
AcDbArc
 50
180.0
 51
247.3300087836326
  0
LINE
  5
907
330
8D4
100
AcDbEntity
  8
FURN
100
AcDbLine
 10
299063.5489749934
 20
14213.37809401323
 30
0.0
 11
299063.5489749934
 21
14114.244959697
 31
0.0
  0
ARC
  5
908
330
8D4
100
AcDbEntity
  8
FURN
100
AcDbCircle
 10
298983.5489749934
 20
13933.81152685512
 30
0.0
 40
20.0
100
AcDbArc
 50
180.0
 51
247.3300087836326
  0
ARC
  5
909
330
8D4
100
AcDbEntity
  8
FURN
100
AcDbCircle
 10
298896.0489749933
 20
14006.31152685512
 30
0.0
 40
67.5
100
AcDbArc
 50
270.0
 51
0.0
  0
ARC
  5
90A
330
8D4
100
AcDbEntity
  8
FURN
100
AcDbCircle
 10
298979.6947469118
 20
13924.584126035
 30
0.0
 40
10.0
100
AcDbArc
 50
247.3300087836326
 51
319.2734566893724
  0
LINE
  5
90B
330
8D4
100
AcDbEntity
  8
FURN
100
AcDbLine
 10
298896.0489749933
 20
13938.81152685512
 30
0.0
 11
298671.0489749933
 21
13938.81152685512
 31
0.0
  0
ARC
  5
90C
330
8D4
100
AcDbEntity
  8
FURN
100
AcDbCircle
 10
298748.1091036711
 20
14123.96593876601
 30
0.0
 40
315.5896225382623
100
AcDbArc
 50
319.2734566893724
 51
358.2348621534607
  0
ARC
  5
90D
330
8D4
100
AcDbEntity
  8
FURN
100
AcDbCircle
 10
296285.7107242723
 20
14163.81152685512
 30
0.0
 40
2712.716921149136
100
AcDbArc
 50
354.8023040312911
 51
5.197695968708913
  0
ARC
  5
90E
330
8D4
100
AcDbEntity
  8
FURN
100
AcDbCircle
 10
298748.1091036711
 20
14203.65711494422
 30
0.0
 40
315.5896225382623
100
AcDbArc
 50
1.765137846539301
 51
40.7265433106276
  0
ARC
  5
90F
330
8D4
100
AcDbEntity
  8
FURN
100
AcDbCircle
 10
298896.0489749933
 20
14321.31152685512
 30
0.0
 40
67.5
100
AcDbArc
 50
0.0
 51
90.0
  0
LINE
  5
910
330
8D4
100
AcDbEntity
  8
FURN
100
AcDbLine
 10
298963.5489749936
 20
14393.81152685512
 30
0.0
 11
298963.5489749936
 21
13933.81152685512
 31
0.0
  0
ARC
  5
911
330
8D4
100
AcDbEntity
  8
FURN
100
AcDbCircle
 10
298671.0489749933
 20
14321.31152685512
 30
0.0
 40
67.5
100
AcDbArc
 50
90.0
 51
180.0
  0
ARC
  5
912
330
8D4
100
AcDbEntity
  8
FURN
100
AcDbCircle
 10
298671.0489749933
 20
14006.31152685512
 30
0.0
 40
67.5
100
AcDbArc
 50
180.0
 51
270.0
  0
ARC
  5
913
330
8D4
100
AcDbEntity
  8
FURN
100
AcDbCircle
 10
298671.0489749933
 20
14693.13776542382
 30
0.0
 40
67.5
100
AcDbArc
 50
180.0
 51
270.0
  0
LINE
  5
914
330
8D4
100
AcDbEntity
  8
FURN
100
AcDbLine
 10
298534.286875191
 20
13807.22464613947
 30
0.0
 11
298534.286875191
 21
15207.22464613947
 31
0.0
  0
ARC
  5
915
330
8D4
100
AcDbEntity
  8
FURN
100
AcDbCircle
 10
296285.7107242723
 20
14850.63776542382
 30
0.0
 40
2712.716921149136
100
AcDbArc
 50
354.8023040312911
 51
5.197695968708913
  0
LINE
  5
916
330
8D4
100
AcDbEntity
  8
FURN
100
AcDbLine
 10
298963.5489749936
 20
15080.63776542382
 30
0.0
 11
298963.5489749936
 21
14620.63776542382
 31
0.0
  0
LINE
  5
917
330
8D4
100
AcDbEntity
  8
FURN
100
AcDbLine
 10
299063.5489749934
 20
14900.20433258193
 30
0.0
 11
299063.5489749934
 21
14801.0711982657
 31
0.0
  0
LINE
  5
918
330
8D4
100
AcDbEntity
  8
FURN
100
AcDbLine
 10
298603.5489749934
 20
15008.13776542382
 30
0.0
 11
298603.5489749934
 21
14693.13776542382
 31
0.0
  0
LINE
  5
919
330
8D4
100
AcDbEntity
  8
FURN
100
AcDbLine
 10
297784.286875191
 20
15207.22464613947
 30
0.0
 11
297784.286875191
 21
13807.22464613947
 31
0.0
  0
LINE
  5
91A
330
8D4
100
AcDbEntity
  8
FURN
100
AcDbLine
 10
297715.0247753887
 20
14693.13776542382
 30
0.0
 11
297715.0247753887
 21
15008.13776542382
 31
0.0
  0
ARC
  5
91B
330
8D4
100
AcDbEntity
  8
FURN
100
AcDbCircle
 10
300032.8630261098
 20
14850.63776542382
 30
0.0
 40
2712.716921149136
100
AcDbArc
 50
174.802304031291
 51
185.1976959687089
  0
LINE
  5
91C
330
8D4
100
AcDbEntity
  8
FURN
100
AcDbLine
 10
297355.0247753887
 20
14620.63776542382
 30
0.0
 11
297355.0247753887
 21
15080.63776542382
 31
0.0
  0
LINE
  5
91D
330
8D4
100
AcDbEntity
  8
FURN
100
AcDbLine
 10
297255.0247753887
 20
14801.0711982657
 30
0.0
 11
297255.0247753887
 21
14900.20433258193
 31
0.0
  0
ENDBLK
  5
91E
330
8D4
100
AcDbEntity
  8
0
100
AcDbBlockEnd
  0
BLOCK
  5
A9B
330
A99
100
AcDbEntity
  8
0
100
AcDbBlockBegin
  2
*U37
 70
     1
 10
0.0
 20
0.0
 30
0.0
  3
*U37
  1

  0
LWPOLYLINE
  5
A9C
330
A99
100
AcDbEntity
  8
0
  6
HIDDEN
 48
0.3
100
AcDbPolyline
 90
        4
 70
     1
 43
0.0
 10
800.0
 20
-50.00000002233718
 10
0.0
 20
-50.0
 10
0.0
 20
-250.0000000037253
 10
800.0
 20
-250.0000000223372
1001
AcDbBlockRepETag
1070
     1
1071
        0
1005
A9C
  0
LINE
  5
A9E
330
A99
100
AcDbEntity
  8
0
  6
HIDDEN
 48
0.3
100
AcDbLine
 10
0.0000000149011612
 20
-116.666666675359
 30
0.0
 11
800.0000000149011
 21
-116.6666666976962
 31
0.0
1001
AcDbBlockRepETag
1070
     1
1071
        1
1005
A9E
  0
LINE
  5
A9F
330
A99
100
AcDbEntity
  8
0
100
AcDbLine
 10
407.5862557746003
 20
-137.0543679196853
 30
0.0
 11
407.5862557746003
 21
-226.7428615007084
 31
0.0
1001
AcDbBlockRepETag
1070
     1
1071
        4
1005
A9F
  0
LINE
  5
AA0
330
A99
100
AcDbEntity
  8
0
100
AcDbLine
 10
447.8681112317135
 20
-137.5638792241807
 30
0.0
 11
407.5862557746009
 21
-195.7624370765989
 31
0.0
1001
AcDbBlockRepETag
1070
     1
1071
        5
1005
AA0
  0
LINE
  5
AA1
330
A99
100
AcDbEntity
  8
0
100
AcDbLine
 10
445.3188282579648
 20
-226.2333501962712
 30
0.0
 11
419.5515253644551
 21
-178.4752136718307
 31
0.0
1001
AcDbBlockRepETag
1070
     1
1071
        6
1005
AA1
  0
ENDBLK
  5
AA2
330
A99
100
AcDbEntity
  8
0
100
AcDbBlockEnd
  0
BLOCK
  5
708
330
705
100
AcDbEntity
  8
0
100
AcDbBlockBegin
  2
*U38
 70
     1
 10
0.0
 20
0.0
 30
0.0
  3
*U38
  1

  0
LWPOLYLINE
  5
709
330
705
100
AcDbEntity
  8
0
100
AcDbPolyline
 90
        4
 70
     1
 43
0.0
 10
-999.9999993122182
 20
0.0
 10
834.411743718287
 20
0.0
 10
834.411743718287
 20
-550.0000000004656
 10
-999.9999993122182
 20
-550.0000000004656
1001
AcDbBlockRepETag
1070
     1
1071
        8
1005
709
  0
LWPOLYLINE
  5
70A
330
705
100
AcDbEntity
  8
0
100
AcDbPolyline
 90
        4
 70
     1
 43
0.0
 10
-969.9999993122183
 20
-30.0
 10
804.4117437182869
 20
-30.0
 10
804.4117437182869
 20
-520.0000000004656
 10
-969.9999993122183
 20
-520.0000000004656
1001
AcDbBlockRepETag
1070
     1
1071
        9
1005
70A
  0
LINE
  5
70B
330
705
100
AcDbEntity
  8
0
100
AcDbLine
 10
-969.9999993122183
 20
-275.0000000002328
 30
0.0
 11
804.4117437182869
 21
-275.0000000002328
 31
0.0
1001
AcDbBlockRepETag
1070
     1
1071
       10
1005
70B
  0
LWPOLYLINE
  5
70C
330
705
100
AcDbEntity
  8
0
100
AcDbPolyline
 90
        6
 70
     1
 43
0.0
 38
0.0000004644613586
 10
-873.9999990141951
 20
-95.00000000768341
 10
-861.9999993492383
 20
-275.0000000300352
 10
-873.9999996845144
 20
-455.0000000076834
 10
-905.9999996845144
 20
-454.9999999480787
 10
-917.9999993492385
 20
-274.999999925727
 10
-905.999999014195
 20
-94.99999994807877
1001
AcDbBlockRepETag
1070
     1
1071
       11
1005
70C
  0
LWPOLYLINE
  5
70D
330
705
100
AcDbEntity
  8
0
 48
15.0
100
AcDbPolyline
 90
        4
 70
     1
 43
0.0
 38
-0.0000000049003113
 10
-893.9999993119855
 20
-254.9999999704305
 10
-885.9999993122183
 20
-254.9999999853317
 10
-885.9999993864912
 20
-294.9999999853316
 10
-893.9999993864912
 20
-294.9999999704305
1001
AcDbBlockRepETag
1070
     1
1071
       12
1005
70D
  0
LWPOLYLINE
  5
70E
330
705
100
AcDbEntity
  8
0
100
AcDbPolyline
 90
        6
 70
     1
 43
0.0
 38
0.0000004644613586
 10
-773.9999990141949
 20
-95.00000000768341
 10
-761.9999993492382
 20
-275.0000000300352
 10
-773.9999996845145
 20
-455.0000000076834
 10
-805.9999996845144
 20
-454.9999999480787
 10
-817.9999993492382
 20
-274.999999925727
 10
-805.999999014195
 20
-94.99999994807877
1001
AcDbBlockRepETag
1070
     1
1071
       11
1005
70E
1001
AcDbBlockArrayActionTag
1070
     1
  0
LWPOLYLINE
  5
70F
330
705
100
AcDbEntity
  8
0
100
AcDbPolyline
 90
        6
 70
     1
 43
0.0
 38
0.0000004644613586
 10
-673.999999014195
 20
-95.00000000768341
 10
-661.9999993492382
 20
-275.0000000300352
 10
-673.9999996845145
 20
-455.0000000076834
 10
-705.9999996845143
 20
-454.9999999480787
 10
-717.9999993492382
 20
-274.999999925727
 10
-705.9999990141951
 20
-94.99999994807877
1001
AcDbBlockRepETag
1070
     1
1071
       11
1005
70F
1001
AcDbBlockArrayActionTag
1070
     1
  0
LWPOLYLINE
  5
710
330
705
100
AcDbEntity
  8
0
100
AcDbPolyline
 90
        6
 70
     1
 43
0.0
 38
0.0000004644613586
 10
-573.999999014195
 20
-95.00000000768341
 10
-561.9999993492382
 20
-275.0000000300352
 10
-573.9999996845145
 20
-455.0000000076834
 10
-605.9999996845142
 20
-454.9999999480787
 10
-617.9999993492382
 20
-274.999999925727
 10
-605.9999990141951
 20
-94.99999994807877
1001
AcDbBlockRepETag
1070
     1
1071
       11
1005
710
1001
AcDbBlockArrayActionTag
1070
     1
  0
LWPOLYLINE
  5
711
330
705
100
AcDbEntity
  8
0
100
AcDbPolyline
 90
        6
 70
     1
 43
0.0
 38
0.0000004644613586
 10
-473.9999990141948
 20
-95.00000000768341
 10
-461.9999993492383
 20
-275.0000000300352
 10
-473.9999996845145
 20
-455.0000000076834
 10
-505.9999996845141
 20
-454.9999999480787
 10
-517.9999993492382
 20
-274.999999925727
 10
-505.9999990141951
 20
-94.99999994807877
1001
AcDbBlockRepETag
1070
     1
1071
       11
1005
711
1001
AcDbBlockArrayActionTag
1070
     1
  0
LWPOLYLINE
  5
712
330
705
100
AcDbEntity
  8
0
100
AcDbPolyline
 90
        6
 70
     1
 43
0.0
 38
0.0000004644613586
 10
-373.9999990141951
 20
-95.00000000768341
 10
-361.9999993492383
 20
-275.0000000300352
 10
-373.9999996845145
 20
-455.0000000076834
 10
-405.9999996845141
 20
-454.9999999480787
 10
-417.9999993492383
 20
-274.999999925727
 10
-405.9999990141951
 20
-94.99999994807877
1001
AcDbBlockRepETag
1070
     1
1071
       11
1005
712
1001
AcDbBlockArrayActionTag
1070
     1
  0
LWPOLYLINE
  5
713
330
705
100
AcDbEntity
  8
0
100
AcDbPolyline
 90
        6
 70
     1
 43
0.0
 38
0.0000004644613586
 10
-273.9999990141951
 20
-95.00000000768341
 10
-261.9999993492383
 20
-275.0000000300352
 10
-273.9999996845145
 20
-455.0000000076834
 10
-305.9999996845145
 20
-454.9999999480787
 10
-317.9999993492383
 20
-274.999999925727
 10
-305.9999990141951
 20
-94.99999994807877
1001
AcDbBlockRepETag
1070
     1
1071
       11
1005
713
1001
AcDbBlockArrayActionTag
1070
     1
  0
LWPOLYLINE
  5
714
330
705
100
AcDbEntity
  8
0
100
AcDbPolyline
 90
        6
 70
     1
 43
0.0
 38
0.0000004644613586
 10
-173.999999014195
 20
-95.00000000768341
 10
-161.9999993492383
 20
-275.0000000300352
 10
-173.9999996845144
 20
-455.0000000076834
 10
-205.9999996845145
 20
-454.9999999480787
 10
-217.9999993492383
 20
-274.999999925727
 10
-205.9999990141951
 20
-94.99999994807877
1001
AcDbBlockRepETag
1070
     1
1071
       11
1005
714
1001
AcDbBlockArrayActionTag
1070
     1
  0
LWPOLYLINE
  5
715
330
705
100
AcDbEntity
  8
0
100
AcDbPolyline
 90
        6
 70
     1
 43
0.0
 38
0.0000004644613586
 10
-73.99999901419505
 20
-95.00000000768341
 10
-61.99999934923835
 20
-275.0000000300352
 10
-73.99999968451448
 20
-455.0000000076834
 10
-105.9999996845145
 20
-454.9999999480787
 10
-117.9999993492383
 20
-274.999999925727
 10
-105.999999014195
 20
-94.99999994807877
1001
AcDbBlockRepETag
1070
     1
1071
       11
1005
715
1001
AcDbBlockArrayActionTag
1070
     1
  0
LWPOLYLINE
  5
716
330
705
100
AcDbEntity
  8
0
100
AcDbPolyline
 90
        6
 70
     1
 43
0.0
 38
0.0000004644613586
 10
26.00000098580494
 20
-95.00000000768341
 10
38.00000065076165
 20
-275.0000000300352
 10
26.00000031548552
 20
-455.0000000076834
 10
-5.999999684514476
 20
-454.9999999480787
 10
-17.99999934923835
 20
-274.999999925727
 10
-5.999999014195052
 20
-94.99999994807877
1001
AcDbBlockRepETag
1070
     1
1071
       11
1005
716
1001
AcDbBlockArrayActionTag
1070
     1
  0
LWPOLYLINE
  5
717
330
705
100
AcDbEntity
  8
0
100
AcDbPolyline
 90
        6
 70
     1
 43
0.0
 38
0.0000004644613586
 10
126.0000009858049
 20
-95.00000000768341
 10
138.0000006507616
 20
-275.0000000300352
 10
126.0000003154855
 20
-455.0000000076834
 10
94.00000031548552
 20
-454.9999999480787
 10
82.00000065076165
 20
-274.999999925727
 10
94.00000098580497
 20
-94.99999994807877
1001
AcDbBlockRepETag
1070
     1
1071
       11
1005
717
1001
AcDbBlockArrayActionTag
1070
     1
  0
LWPOLYLINE
  5
718
330
705
100
AcDbEntity
  8
0
100
AcDbPolyline
 90
        6
 70
     1
 43
0.0
 38
0.0000004644613586
 10
226.000000985805
 20
-95.00000000768341
 10
238.0000006507617
 20
-275.0000000300352
 10
226.0000003154855
 20
-455.0000000076834
 10
194.0000003154855
 20
-454.9999999480787
 10
182.0000006507616
 20
-274.999999925727
 10
194.0000009858049
 20
-94.99999994807877
1001
AcDbBlockRepETag
1070
     1
1071
       11
1005
718
1001
AcDbBlockArrayActionTag
1070
     1
  0
LWPOLYLINE
  5
719
330
705
100
AcDbEntity
  8
0
100
AcDbPolyline
 90
        6
 70
     1
 43
0.0
 38
0.0000004644613586
 10
326.000000985805
 20
-95.00000000768341
 10
338.0000006507617
 20
-275.0000000300352
 10
326.0000003154855
 20
-455.0000000076834
 10
294.0000003154855
 20
-454.9999999480787
 10
282.0000006507616
 20
-274.999999925727
 10
294.0000009858049
 20
-94.99999994807877
1001
AcDbBlockRepETag
1070
     1
1071
       11
1005
719
1001
AcDbBlockArrayActionTag
1070
     1
  0
LWPOLYLINE
  5
71A
330
705
100
AcDbEntity
  8
0
100
AcDbPolyline
 90
        6
 70
     1
 43
0.0
 38
0.0000004644613586
 10
426.0000009858049
 20
-95.00000000768341
 10
438.0000006507616
 20
-275.0000000300352
 10
426.0000003154855
 20
-455.0000000076834
 10
394.0000003154855
 20
-454.9999999480787
 10
382.0000006507616
 20
-274.999999925727
 10
394.0000009858049
 20
-94.99999994807877
1001
AcDbBlockRepETag
1070
     1
1071
       11
1005
71A
1001
AcDbBlockArrayActionTag
1070
     1
  0
LWPOLYLINE
  5
71B
330
705
100
AcDbEntity
  8
0
100
AcDbPolyline
 90
        6
 70
     1
 43
0.0
 38
0.0000004644613586
 10
526.0000009858049
 20
-95.00000000768341
 10
538.0000006507616
 20
-275.0000000300352
 10
526.0000003154855
 20
-455.0000000076834
 10
494.0000003154855
 20
-454.9999999480787
 10
482.0000006507616
 20
-274.999999925727
 10
494.0000009858048
 20
-94.99999994807877
1001
AcDbBlockRepETag
1070
     1
1071
       11
1005
71B
1001
AcDbBlockArrayActionTag
1070
     1
  0
LWPOLYLINE
  5
71C
330
705
100
AcDbEntity
  8
0
100
AcDbPolyline
 90
        6
 70
     1
 43
0.0
 38
0.0000004644613586
 10
626.0000009858049
 20
-95.00000000768341
 10
638.0000006507616
 20
-275.0000000300352
 10
626.0000003154855
 20
-455.0000000076834
 10
594.0000003154855
 20
-454.9999999480787
 10
582.0000006507616
 20
-274.999999925727
 10
594.0000009858049
 20
-94.99999994807877
1001
AcDbBlockRepETag
1070
     1
1071
       11
1005
71C
1001
AcDbBlockArrayActionTag
1070
     1
  0
LWPOLYLINE
  5
71D
330
705
100
AcDbEntity
  8
0
100
AcDbPolyline
 90
        6
 70
     1
 43
0.0
 38
0.0000004644613586
 10
726.0000009858049
 20
-95.00000000768341
 10
738.0000006507615
 20
-275.0000000300352
 10
726.0000003154855
 20
-455.0000000076834
 10
694.0000003154855
 20
-454.9999999480787
 10
682.0000006507616
 20
-274.999999925727
 10
694.0000009858049
 20
-94.99999994807877
1001
AcDbBlockRepETag
1070
     1
1071
       11
1005
71D
1001
AcDbBlockArrayActionTag
1070
     1
  0
LWPOLYLINE
  5
71E
330
705
100
AcDbEntity
  8
0
 48
15.0
100
AcDbPolyline
 90
        4
 70
     1
 43
0.0
 38
-0.0000000049003113
 10
-793.9999993119855
 20
-254.9999999704305
 10
-785.9999993122182
 20
-254.9999999853317
 10
-785.9999993864912
 20
-294.9999999853316
 10
-793.9999993864912
 20
-294.9999999704305
1001
AcDbBlockRepETag
1070
     1
1071
       12
1005
71E
1001
AcDbBlockArrayActionTag
1070
     1
  0
LWPOLYLINE
  5
71F
330
705
100
AcDbEntity
  8
0
 48
15.0
100
AcDbPolyline
 90
        4
 70
     1
 43
0.0
 38
-0.0000000049003113
 10
-693.9999993119855
 20
-254.9999999704305
 10
-685.9999993122182
 20
-254.9999999853317
 10
-685.9999993864912
 20
-294.9999999853316
 10
-693.9999993864912
 20
-294.9999999704305
1001
AcDbBlockRepETag
1070
     1
1071
       12
1005
71F
1001
AcDbBlockArrayActionTag
1070
     1
  0
LWPOLYLINE
  5
720
330
705
100
AcDbEntity
  8
0
 48
15.0
100
AcDbPolyline
 90
        4
 70
     1
 43
0.0
 38
-0.0000000049003113
 10
-593.9999993119854
 20
-254.9999999704305
 10
-585.9999993122182
 20
-254.9999999853317
 10
-585.9999993864912
 20
-294.9999999853316
 10
-593.9999993864912
 20
-294.9999999704305
1001
AcDbBlockRepETag
1070
     1
1071
       12
1005
720
1001
AcDbBlockArrayActionTag
1070
     1
  0
LWPOLYLINE
  5
721
330
705
100
AcDbEntity
  8
0
 48
15.0
100
AcDbPolyline
 90
        4
 70
     1
 43
0.0
 38
-0.0000000049003113
 10
-493.9999993119854
 20
-254.9999999704305
 10
-485.9999993122182
 20
-254.9999999853317
 10
-485.999999386491
 20
-294.9999999853316
 10
-493.999999386491
 20
-294.9999999704305
1001
AcDbBlockRepETag
1070
     1
1071
       12
1005
721
1001
AcDbBlockArrayActionTag
1070
     1
  0
LWPOLYLINE
  5
722
330
705
100
AcDbEntity
  8
0
 48
15.0
100
AcDbPolyline
 90
        4
 70
     1
 43
0.0
 38
-0.0000000049003113
 10
-393.9999993119855
 20
-254.9999999704305
 10
-385.9999993122183
 20
-254.9999999853317
 10
-385.9999993864913
 20
-294.9999999853316
 10
-393.9999993864913
 20
-294.9999999704305
1001
AcDbBlockRepETag
1070
     1
1071
       12
1005
722
1001
AcDbBlockArrayActionTag
1070
     1
  0
LWPOLYLINE
  5
723
330
705
100
AcDbEntity
  8
0
 48
15.0
100
AcDbPolyline
 90
        4
 70
     1
 43
0.0
 38
-0.0000000049003113
 10
-293.9999993119855
 20
-254.9999999704305
 10
-285.9999993122183
 20
-254.9999999853317
 10
-285.9999993864913
 20
-294.9999999853316
 10
-293.9999993864912
 20
-294.9999999704305
1001
AcDbBlockRepETag
1070
     1
1071
       12
1005
723
1001
AcDbBlockArrayActionTag
1070
     1
  0
LWPOLYLINE
  5
724
330
705
100
AcDbEntity
  8
0
 48
15.0
100
AcDbPolyline
 90
        4
 70
     1
 43
0.0
 38
-0.0000000049003113
 10
-193.9999993119854
 20
-254.9999999704305
 10
-185.9999993122183
 20
-254.9999999853317
 10
-185.9999993864912
 20
-294.9999999853316
 10
-193.9999993864912
 20
-294.9999999704305
1001
AcDbBlockRepETag
1070
     1
1071
       12
1005
724
1001
AcDbBlockArrayActionTag
1070
     1
  0
LWPOLYLINE
  5
725
330
705
100
AcDbEntity
  8
0
 48
15.0
100
AcDbPolyline
 90
        4
 70
     1
 43
0.0
 38
-0.0000000049003113
 10
-93.99999931198543
 20
-254.9999999704305
 10
-85.99999931221828
 20
-254.9999999853317
 10
-85.99999938649125
 20
-294.9999999853316
 10
-93.99999938649123
 20
-294.9999999704305
1001
AcDbBlockRepETag
1070
     1
1071
       12
1005
725
1001
AcDbBlockArrayActionTag
1070
     1
  0
LWPOLYLINE
  5
726
330
705
100
AcDbEntity
  8
0
 48
15.0
100
AcDbPolyline
 90
        4
 70
     1
 43
0.0
 38
-0.0000000049003113
 10
6.00000068801455
 20
-254.9999999704305
 10
14.00000068778172
 20
-254.9999999853317
 10
14.00000061350874
 20
-294.9999999853316
 10
6.000000613508746
 20
-294.9999999704305
1001
AcDbBlockRepETag
1070
     1
1071
       12
1005
726
1001
AcDbBlockArrayActionTag
1070
     1
  0
LWPOLYLINE
  5
727
330
705
100
AcDbEntity
  8
0
 48
15.0
100
AcDbPolyline
 90
        4
 70
     1
 43
0.0
 38
-0.0000000049003113
 10
106.0000006880145
 20
-254.9999999704305
 10
114.0000006877817
 20
-254.9999999853317
 10
114.0000006135087
 20
-294.9999999853316
 10
106.0000006135087
 20
-294.9999999704305
1001
AcDbBlockRepETag
1070
     1
1071
       12
1005
727
1001
AcDbBlockArrayActionTag
1070
     1
  0
LWPOLYLINE
  5
728
330
705
100
AcDbEntity
  8
0
 48
15.0
100
AcDbPolyline
 90
        4
 70
     1
 43
0.0
 38
-0.0000000049003113
 10
206.0000006880145
 20
-254.9999999704305
 10
214.0000006877817
 20
-254.9999999853317
 10
214.0000006135088
 20
-294.9999999853316
 10
206.0000006135088
 20
-294.9999999704305
1001
AcDbBlockRepETag
1070
     1
1071
       12
1005
728
1001
AcDbBlockArrayActionTag
1070
     1
  0
LWPOLYLINE
  5
729
330
705
100
AcDbEntity
  8
0
 48
15.0
100
AcDbPolyline
 90
        4
 70
     1
 43
0.0
 38
-0.0000000049003113
 10
306.0000006880145
 20
-254.9999999704305
 10
314.0000006877817
 20
-254.9999999853317
 10
314.0000006135088
 20
-294.9999999853316
 10
306.0000006135088
 20
-294.9999999704305
1001
AcDbBlockRepETag
1070
     1
1071
       12
1005
729
1001
AcDbBlockArrayActionTag
1070
     1
  0
LWPOLYLINE
  5
72A
330
705
100
AcDbEntity
  8
0
 48
15.0
100
AcDbPolyline
 90
        4
 70
     1
 43
0.0
 38
-0.0000000049003113
 10
406.0000006880145
 20
-254.9999999704305
 10
414.0000006877817
 20
-254.9999999853317
 10
414.0000006135086
 20
-294.9999999853316
 10
406.0000006135086
 20
-294.9999999704305
1001
AcDbBlockRepETag
1070
     1
1071
       12
1005
72A
1001
AcDbBlockArrayActionTag
1070
     1
  0
LWPOLYLINE
  5
72B
330
705
100
AcDbEntity
  8
0
 48
15.0
100
AcDbPolyline
 90
        4
 70
     1
 43
0.0
 38
-0.0000000049003113
 10
506.0000006880145
 20
-254.9999999704305
 10
514.0000006877817
 20
-254.9999999853317
 10
514.0000006135086
 20
-294.9999999853316
 10
506.0000006135086
 20
-294.9999999704305
1001
AcDbBlockRepETag
1070
     1
1071
       12
1005
72B
1001
AcDbBlockArrayActionTag
1070
     1
  0
LWPOLYLINE
  5
72C
330
705
100
AcDbEntity
  8
0
 48
15.0
100
AcDbPolyline
 90
        4
 70
     1
 43
0.0
 38
-0.0000000049003113
 10
606.0000006880145
 20
-254.9999999704305
 10
614.0000006877817
 20
-254.9999999853317
 10
614.0000006135087
 20
-294.9999999853316
 10
606.0000006135087
 20
-294.9999999704305
1001
AcDbBlockRepETag
1070
     1
1071
       12
1005
72C
1001
AcDbBlockArrayActionTag
1070
     1
  0
LWPOLYLINE
  5
72D
330
705
100
AcDbEntity
  8
0
 48
15.0
100
AcDbPolyline
 90
        4
 70
     1
 43
0.0
 38
-0.0000000049003113
 10
706.0000006880145
 20
-254.9999999704305
 10
714.0000006877817
 20
-254.9999999853317
 10
714.0000006135087
 20
-294.9999999853316
 10
706.0000006135087
 20
-294.9999999704305
1001
AcDbBlockRepETag
1070
     1
1071
       12
1005
72D
1001
AcDbBlockArrayActionTag
1070
     1
  0
ENDBLK
  5
72E
330
705
100
AcDbEntity
  8
0
100
AcDbBlockEnd
  0
BLOCK
  5
2EC
330
2E9
100
AcDbEntity
  8
0
100
AcDbBlockBegin
  2
*U39
 70
     1
 10
0.0
 20
0.0
 30
0.0
  3
*U39
  1

  0
LWPOLYLINE
  5
2ED
330
2E9
100
AcDbEntity
  8
0
100
AcDbPolyline
 90
        4
 70
     1
 43
0.0
 10
-999.9999993122182
 20
0.0
 10
1402.063521437202
 20
0.0
 10
1402.063521437202
 20
-550.0000000004656
 10
-999.9999993122182
 20
-550.0000000004656
1001
AcDbBlockRepETag
1070
     1
1071
        8
1005
2ED
  0
LWPOLYLINE
  5
2EE
330
2E9
100
AcDbEntity
  8
0
100
AcDbPolyline
 90
        4
 70
     1
 43
0.0
 10
-969.9999993122183
 20
-30.0
 10
1372.063521437201
 20
-30.0
 10
1372.063521437201
 20
-520.0000000004656
 10
-969.9999993122183
 20
-520.0000000004656
1001
AcDbBlockRepETag
1070
     1
1071
        9
1005
2EE
  0
LINE
  5
2EF
330
2E9
100
AcDbEntity
  8
0
100
AcDbLine
 10
-969.9999993122183
 20
-275.0000000002328
 30
0.0
 11
1372.063521437201
 21
-275.0000000002328
 31
0.0
1001
AcDbBlockRepETag
1070
     1
1071
       10
1005
2EF
  0
LWPOLYLINE
  5
2F0
330
2E9
100
AcDbEntity
  8
0
100
AcDbPolyline
 90
        6
 70
     1
 43
0.0
 38
0.0000004644613586
 10
-873.9999990141951
 20
-95.00000000768341
 10
-861.9999993492383
 20
-275.0000000300352
 10
-873.9999996845144
 20
-455.0000000076834
 10
-905.9999996845144
 20
-454.9999999480787
 10
-917.9999993492385
 20
-274.999999925727
 10
-905.999999014195
 20
-94.99999994807877
1001
AcDbBlockRepETag
1070
     1
1071
       11
1005
2F0
  0
LWPOLYLINE
  5
2F1
330
2E9
100
AcDbEntity
  8
0
 48
15.0
100
AcDbPolyline
 90
        4
 70
     1
 43
0.0
 38
-0.0000000049003113
 10
-893.9999993119855
 20
-254.9999999704305
 10
-885.9999993122183
 20
-254.9999999853317
 10
-885.9999993864912
 20
-294.9999999853316
 10
-893.9999993864912
 20
-294.9999999704305
1001
AcDbBlockRepETag
1070
     1
1071
       12
1005
2F1
  0
LWPOLYLINE
  5
2F2
330
2E9
100
AcDbEntity
  8
0
100
AcDbPolyline
 90
        6
 70
     1
 43
0.0
 38
0.0000004644613586
 10
-773.9999990141949
 20
-95.00000000768341
 10
-761.9999993492382
 20
-275.0000000300352
 10
-773.9999996845145
 20
-455.0000000076834
 10
-805.9999996845144
 20
-454.9999999480787
 10
-817.9999993492382
 20
-274.999999925727
 10
-805.999999014195
 20
-94.99999994807877
1001
AcDbBlockRepETag
1070
     1
1071
       11
1005
2F2
1001
AcDbBlockArrayActionTag
1070
     1
  0
LWPOLYLINE
  5
2F4
330
2E9
100
AcDbEntity
  8
0
100
AcDbPolyline
 90
        6
 70
     1
 43
0.0
 38
0.0000004644613586
 10
-673.999999014195
 20
-95.00000000768341
 10
-661.9999993492382
 20
-275.0000000300352
 10
-673.9999996845145
 20
-455.0000000076834
 10
-705.9999996845143
 20
-454.9999999480787
 10
-717.9999993492382
 20
-274.999999925727
 10
-705.9999990141951
 20
-94.99999994807877
1001
AcDbBlockRepETag
1070
     1
1071
       11
1005
2F4
1001
AcDbBlockArrayActionTag
1070
     1
  0
LWPOLYLINE
  5
2F5
330
2E9
100
AcDbEntity
  8
0
100
AcDbPolyline
 90
        6
 70
     1
 43
0.0
 38
0.0000004644613586
 10
-573.999999014195
 20
-95.00000000768341
 10
-561.9999993492382
 20
-275.0000000300352
 10
-573.9999996845145
 20
-455.0000000076834
 10
-605.9999996845142
 20
-454.9999999480787
 10
-617.9999993492382
 20
-274.999999925727
 10
-605.9999990141951
 20
-94.99999994807877
1001
AcDbBlockRepETag
1070
     1
1071
       11
1005
2F5
1001
AcDbBlockArrayActionTag
1070
     1
  0
LWPOLYLINE
  5
2F6
330
2E9
100
AcDbEntity
  8
0
100
AcDbPolyline
 90
        6
 70
     1
 43
0.0
 38
0.0000004644613586
 10
-473.9999990141948
 20
-95.00000000768341
 10
-461.9999993492383
 20
-275.0000000300352
 10
-473.9999996845145
 20
-455.0000000076834
 10
-505.9999996845141
 20
-454.9999999480787
 10
-517.9999993492382
 20
-274.999999925727
 10
-505.9999990141951
 20
-94.99999994807877
1001
AcDbBlockRepETag
1070
     1
1071
       11
1005
2F6
1001
AcDbBlockArrayActionTag
1070
     1
  0
LWPOLYLINE
  5
2F7
330
2E9
100
AcDbEntity
  8
0
100
AcDbPolyline
 90
        6
 70
     1
 43
0.0
 38
0.0000004644613586
 10
-373.9999990141951
 20
-95.00000000768341
 10
-361.9999993492383
 20
-275.0000000300352
 10
-373.9999996845145
 20
-455.0000000076834
 10
-405.9999996845141
 20
-454.9999999480787
 10
-417.9999993492383
 20
-274.999999925727
 10
-405.9999990141951
 20
-94.99999994807877
1001
AcDbBlockRepETag
1070
     1
1071
       11
1005
2F7
1001
AcDbBlockArrayActionTag
1070
     1
  0
LWPOLYLINE
  5
2F8
330
2E9
100
AcDbEntity
  8
0
100
AcDbPolyline
 90
        6
 70
     1
 43
0.0
 38
0.0000004644613586
 10
-273.9999990141951
 20
-95.00000000768341
 10
-261.9999993492383
 20
-275.0000000300352
 10
-273.9999996845145
 20
-455.0000000076834
 10
-305.9999996845145
 20
-454.9999999480787
 10
-317.9999993492383
 20
-274.999999925727
 10
-305.9999990141951
 20
-94.99999994807877
1001
AcDbBlockRepETag
1070
     1
1071
       11
1005
2F8
1001
AcDbBlockArrayActionTag
1070
     1
  0
LWPOLYLINE
  5
2F9
330
2E9
100
AcDbEntity
  8
0
100
AcDbPolyline
 90
        6
 70
     1
 43
0.0
 38
0.0000004644613586
 10
-173.999999014195
 20
-95.00000000768341
 10
-161.9999993492383
 20
-275.0000000300352
 10
-173.9999996845144
 20
-455.0000000076834
 10
-205.9999996845145
 20
-454.9999999480787
 10
-217.9999993492383
 20
-274.999999925727
 10
-205.9999990141951
 20
-94.99999994807877
1001
AcDbBlockRepETag
1070
     1
1071
       11
1005
2F9
1001
AcDbBlockArrayActionTag
1070
     1
  0
LWPOLYLINE
  5
2FA
330
2E9
100
AcDbEntity
  8
0
100
AcDbPolyline
 90
        6
 70
     1
 43
0.0
 38
0.0000004644613586
 10
-73.99999901419505
 20
-95.00000000768341
 10
-61.99999934923835
 20
-275.0000000300352
 10
-73.99999968451448
 20
-455.0000000076834
 10
-105.9999996845145
 20
-454.9999999480787
 10
-117.9999993492383
 20
-274.999999925727
 10
-105.999999014195
 20
-94.99999994807877
1001
AcDbBlockRepETag
1070
     1
1071
       11
1005
2FA
1001
AcDbBlockArrayActionTag
1070
     1
  0
LWPOLYLINE
  5
2FB
330
2E9
100
AcDbEntity
  8
0
100
AcDbPolyline
 90
        6
 70
     1
 43
0.0
 38
0.0000004644613586
 10
26.00000098580494
 20
-95.00000000768341
 10
38.00000065076165
 20
-275.0000000300352
 10
26.00000031548552
 20
-455.0000000076834
 10
-5.999999684514476
 20
-454.9999999480787
 10
-17.99999934923835
 20
-274.999999925727
 10
-5.999999014195052
 20
-94.99999994807877
1001
AcDbBlockRepETag
1070
     1
1071
       11
1005
2FB
1001
AcDbBlockArrayActionTag
1070
     1
  0
LWPOLYLINE
  5
2FC
330
2E9
100
AcDbEntity
  8
0
100
AcDbPolyline
 90
        6
 70
     1
 43
0.0
 38
0.0000004644613586
 10
126.0000009858049
 20
-95.00000000768341
 10
138.0000006507616
 20
-275.0000000300352
 10
126.0000003154855
 20
-455.0000000076834
 10
94.00000031548552
 20
-454.9999999480787
 10
82.00000065076165
 20
-274.999999925727
 10
94.00000098580497
 20
-94.99999994807877
1001
AcDbBlockRepETag
1070
     1
1071
       11
1005
2FC
1001
AcDbBlockArrayActionTag
1070
     1
  0
LWPOLYLINE
  5
2FD
330
2E9
100
AcDbEntity
  8
0
100
AcDbPolyline
 90
        6
 70
     1
 43
0.0
 38
0.0000004644613586
 10
226.000000985805
 20
-95.00000000768341
 10
238.0000006507617
 20
-275.0000000300352
 10
226.0000003154855
 20
-455.0000000076834
 10
194.0000003154855
 20
-454.9999999480787
 10
182.0000006507616
 20
-274.999999925727
 10
194.0000009858049
 20
-94.99999994807877
1001
AcDbBlockRepETag
1070
     1
1071
       11
1005
2FD
1001
AcDbBlockArrayActionTag
1070
     1
  0
LWPOLYLINE
  5
2FE
330
2E9
100
AcDbEntity
  8
0
100
AcDbPolyline
 90
        6
 70
     1
 43
0.0
 38
0.0000004644613586
 10
326.000000985805
 20
-95.00000000768341
 10
338.0000006507617
 20
-275.0000000300352
 10
326.0000003154855
 20
-455.0000000076834
 10
294.0000003154855
 20
-454.9999999480787
 10
282.0000006507616
 20
-274.999999925727
 10
294.0000009858049
 20
-94.99999994807877
1001
AcDbBlockRepETag
1070
     1
1071
       11
1005
2FE
1001
AcDbBlockArrayActionTag
1070
     1
  0
LWPOLYLINE
  5
2FF
330
2E9
100
AcDbEntity
  8
0
100
AcDbPolyline
 90
        6
 70
     1
 43
0.0
 38
0.0000004644613586
 10
426.0000009858049
 20
-95.00000000768341
 10
438.0000006507616
 20
-275.0000000300352
 10
426.0000003154855
 20
-455.0000000076834
 10
394.0000003154855
 20
-454.9999999480787
 10
382.0000006507616
 20
-274.999999925727
 10
394.0000009858049
 20
-94.99999994807877
1001
AcDbBlockRepETag
1070
     1
1071
       11
1005
2FF
1001
AcDbBlockArrayActionTag
1070
     1
  0
LWPOLYLINE
  5
300
330
2E9
100
AcDbEntity
  8
0
100
AcDbPolyline
 90
        6
 70
     1
 43
0.0
 38
0.0000004644613586
 10
526.0000009858049
 20
-95.00000000768341
 10
538.0000006507616
 20
-275.0000000300352
 10
526.0000003154855
 20
-455.0000000076834
 10
494.0000003154855
 20
-454.9999999480787
 10
482.0000006507616
 20
-274.999999925727
 10
494.0000009858048
 20
-94.99999994807877
1001
AcDbBlockRepETag
1070
     1
1071
       11
1005
300
1001
AcDbBlockArrayActionTag
1070
     1
  0
LWPOLYLINE
  5
301
330
2E9
100
AcDbEntity
  8
0
100
AcDbPolyline
 90
        6
 70
     1
 43
0.0
 38
0.0000004644613586
 10
626.0000009858049
 20
-95.00000000768341
 10
638.0000006507616
 20
-275.0000000300352
 10
626.0000003154855
 20
-455.0000000076834
 10
594.0000003154855
 20
-454.9999999480787
 10
582.0000006507616
 20
-274.999999925727
 10
594.0000009858049
 20
-94.99999994807877
1001
AcDbBlockRepETag
1070
     1
1071
       11
1005
301
1001
AcDbBlockArrayActionTag
1070
     1
  0
LWPOLYLINE
  5
302
330
2E9
100
AcDbEntity
  8
0
100
AcDbPolyline
 90
        6
 70
     1
 43
0.0
 38
0.0000004644613586
 10
726.0000009858049
 20
-95.00000000768341
 10
738.0000006507615
 20
-275.0000000300352
 10
726.0000003154855
 20
-455.0000000076834
 10
694.0000003154855
 20
-454.9999999480787
 10
682.0000006507616
 20
-274.999999925727
 10
694.0000009858049
 20
-94.99999994807877
1001
AcDbBlockRepETag
1070
     1
1071
       11
1005
302
1001
AcDbBlockArrayActionTag
1070
     1
  0
LWPOLYLINE
  5
303
330
2E9
100
AcDbEntity
  8
0
100
AcDbPolyline
 90
        6
 70
     1
 43
0.0
 38
0.0000004644613586
 10
826.000000985805
 20
-95.00000000768341
 10
838.0000006507614
 20
-275.0000000300352
 10
826.0000003154855
 20
-455.0000000076834
 10
794.0000003154855
 20
-454.9999999480787
 10
782.0000006507615
 20
-274.999999925727
 10
794.0000009858049
 20
-94.99999994807877
1001
AcDbBlockRepETag
1070
     1
1071
       11
1005
303
1001
AcDbBlockArrayActionTag
1070
     1
  0
LWPOLYLINE
  5
304
330
2E9
100
AcDbEntity
  8
0
100
AcDbPolyline
 90
        6
 70
     1
 43
0.0
 38
0.0000004644613586
 10
926.000000985805
 20
-95.00000000768341
 10
938.0000006507614
 20
-275.0000000300352
 10
926.0000003154855
 20
-455.0000000076834
 10
894.0000003154855
 20
-454.9999999480787
 10
882.0000006507616
 20
-274.999999925727
 10
894.0000009858049
 20
-94.99999994807877
1001
AcDbBlockRepETag
1070
     1
1071
       11
1005
304
1001
AcDbBlockArrayActionTag
1070
     1
  0
LWPOLYLINE
  5
305
330
2E9
100
AcDbEntity
  8
0
100
AcDbPolyline
 90
        6
 70
     1
 43
0.0
 38
0.0000004644613586
 10
1026.000000985805
 20
-95.00000000768341
 10
1038.000000650761
 20
-275.0000000300352
 10
1026.000000315485
 20
-455.0000000076834
 10
994.0000003154857
 20
-454.9999999480787
 10
982.0000006507616
 20
-274.999999925727
 10
994.0000009858048
 20
-94.99999994807877
1001
AcDbBlockRepETag
1070
     1
1071
       11
1005
305
1001
AcDbBlockArrayActionTag
1070
     1
  0
LWPOLYLINE
  5
306
330
2E9
100
AcDbEntity
  8
0
100
AcDbPolyline
 90
        6
 70
     1
 43
0.0
 38
0.0000004644613586
 10
1126.000000985805
 20
-95.00000000768341
 10
1138.000000650762
 20
-275.0000000300352
 10
1126.000000315485
 20
-455.0000000076834
 10
1094.000000315485
 20
-454.9999999480787
 10
1082.000000650761
 20
-274.999999925727
 10
1094.000000985805
 20
-94.99999994807877
1001
AcDbBlockRepETag
1070
     1
1071
       11
1005
306
1001
AcDbBlockArrayActionTag
1070
     1
  0
LWPOLYLINE
  5
307
330
2E9
100
AcDbEntity
  8
0
100
AcDbPolyline
 90
        6
 70
     1
 43
0.0
 38
0.0000004644613586
 10
1226.000000985805
 20
-95.00000000768341
 10
1238.000000650761
 20
-275.0000000300352
 10
1226.000000315485
 20
-455.0000000076834
 10
1194.000000315485
 20
-454.9999999480787
 10
1182.000000650761
 20
-274.999999925727
 10
1194.000000985805
 20
-94.99999994807877
1001
AcDbBlockRepETag
1070
     1
1071
       11
1005
307
1001
AcDbBlockArrayActionTag
1070
     1
  0
LWPOLYLINE
  5
308
330
2E9
100
AcDbEntity
  8
0
100
AcDbPolyline
 90
        6
 70
     1
 43
0.0
 38
0.0000004644613586
 10
1326.000000985805
 20
-95.00000000768341
 10
1338.000000650761
 20
-275.0000000300352
 10
1326.000000315485
 20
-455.0000000076834
 10
1294.000000315485
 20
-454.9999999480787
 10
1282.000000650761
 20
-274.999999925727
 10
1294.000000985805
 20
-94.99999994807877
1001
AcDbBlockRepETag
1070
     1
1071
       11
1005
308
1001
AcDbBlockArrayActionTag
1070
     1
  0
LWPOLYLINE
  5
309
330
2E9
100
AcDbEntity
  8
0
 48
15.0
100
AcDbPolyline
 90
        4
 70
     1
 43
0.0
 38
-0.0000000049003113
 10
-793.9999993119855
 20
-254.9999999704305
 10
-785.9999993122182
 20
-254.9999999853317
 10
-785.9999993864912
 20
-294.9999999853316
 10
-793.9999993864912
 20
-294.9999999704305
1001
AcDbBlockRepETag
1070
     1
1071
       12
1005
309
1001
AcDbBlockArrayActionTag
1070
     1
  0
LWPOLYLINE
  5
30A
330
2E9
100
AcDbEntity
  8
0
 48
15.0
100
AcDbPolyline
 90
        4
 70
     1
 43
0.0
 38
-0.0000000049003113
 10
-693.9999993119855
 20
-254.9999999704305
 10
-685.9999993122182
 20
-254.9999999853317
 10
-685.9999993864912
 20
-294.9999999853316
 10
-693.9999993864912
 20
-294.9999999704305
1001
AcDbBlockRepETag
1070
     1
1071
       12
1005
30A
1001
AcDbBlockArrayActionTag
1070
     1
  0
LWPOLYLINE
  5
30B
330
2E9
100
AcDbEntity
  8
0
 48
15.0
100
AcDbPolyline
 90
        4
 70
     1
 43
0.0
 38
-0.0000000049003113
 10
-593.9999993119854
 20
-254.9999999704305
 10
-585.9999993122182
 20
-254.9999999853317
 10
-585.9999993864912
 20
-294.9999999853316
 10
-593.9999993864912
 20
-294.9999999704305
1001
AcDbBlockRepETag
1070
     1
1071
       12
1005
30B
1001
AcDbBlockArrayActionTag
1070
     1
  0
LWPOLYLINE
  5
30C
330
2E9
100
AcDbEntity
  8
0
 48
15.0
100
AcDbPolyline
 90
        4
 70
     1
 43
0.0
 38
-0.0000000049003113
 10
-493.9999993119854
 20
-254.9999999704305
 10
-485.9999993122182
 20
-254.9999999853317
 10
-485.999999386491
 20
-294.9999999853316
 10
-493.999999386491
 20
-294.9999999704305
1001
AcDbBlockRepETag
1070
     1
1071
       12
1005
30C
1001
AcDbBlockArrayActionTag
1070
     1
  0
LWPOLYLINE
  5
30D
330
2E9
100
AcDbEntity
  8
0
 48
15.0
100
AcDbPolyline
 90
        4
 70
     1
 43
0.0
 38
-0.0000000049003113
 10
-393.9999993119855
 20
-254.9999999704305
 10
-385.9999993122183
 20
-254.9999999853317
 10
-385.9999993864913
 20
-294.9999999853316
 10
-393.9999993864913
 20
-294.9999999704305
1001
AcDbBlockRepETag
1070
     1
1071
       12
1005
30D
1001
AcDbBlockArrayActionTag
1070
     1
  0
LWPOLYLINE
  5
30E
330
2E9
100
AcDbEntity
  8
0
 48
15.0
100
AcDbPolyline
 90
        4
 70
     1
 43
0.0
 38
-0.0000000049003113
 10
-293.9999993119855
 20
-254.9999999704305
 10
-285.9999993122183
 20
-254.9999999853317
 10
-285.9999993864913
 20
-294.9999999853316
 10
-293.9999993864912
 20
-294.9999999704305
1001
AcDbBlockRepETag
1070
     1
1071
       12
1005
30E
1001
AcDbBlockArrayActionTag
1070
     1
  0
LWPOLYLINE
  5
30F
330
2E9
100
AcDbEntity
  8
0
 48
15.0
100
AcDbPolyline
 90
        4
 70
     1
 43
0.0
 38
-0.0000000049003113
 10
-193.9999993119854
 20
-254.9999999704305
 10
-185.9999993122183
 20
-254.9999999853317
 10
-185.9999993864912
 20
-294.9999999853316
 10
-193.9999993864912
 20
-294.9999999704305
1001
AcDbBlockRepETag
1070
     1
1071
       12
1005
30F
1001
AcDbBlockArrayActionTag
1070
     1
  0
LWPOLYLINE
  5
310
330
2E9
100
AcDbEntity
  8
0
 48
15.0
100
AcDbPolyline
 90
        4
 70
     1
 43
0.0
 38
-0.0000000049003113
 10
-93.99999931198543
 20
-254.9999999704305
 10
-85.99999931221828
 20
-254.9999999853317
 10
-85.99999938649125
 20
-294.9999999853316
 10
-93.99999938649123
 20
-294.9999999704305
1001
AcDbBlockRepETag
1070
     1
1071
       12
1005
310
1001
AcDbBlockArrayActionTag
1070
     1
  0
LWPOLYLINE
  5
311
330
2E9
100
AcDbEntity
  8
0
 48
15.0
100
AcDbPolyline
 90
        4
 70
     1
 43
0.0
 38
-0.0000000049003113
 10
6.00000068801455
 20
-254.9999999704305
 10
14.00000068778172
 20
-254.9999999853317
 10
14.00000061350874
 20
-294.9999999853316
 10
6.000000613508746
 20
-294.9999999704305
1001
AcDbBlockRepETag
1070
     1
1071
       12
1005
311
1001
AcDbBlockArrayActionTag
1070
     1
  0
LWPOLYLINE
  5
312
330
2E9
100
AcDbEntity
  8
0
 48
15.0
100
AcDbPolyline
 90
        4
 70
     1
 43
0.0
 38
-0.0000000049003113
 10
106.0000006880145
 20
-254.9999999704305
 10
114.0000006877817
 20
-254.9999999853317
 10
114.0000006135087
 20
-294.9999999853316
 10
106.0000006135087
 20
-294.9999999704305
1001
AcDbBlockRepETag
1070
     1
1071
       12
1005
312
1001
AcDbBlockArrayActionTag
1070
     1
  0
LWPOLYLINE
  5
313
330
2E9
100
AcDbEntity
  8
0
 48
15.0
100
AcDbPolyline
 90
        4
 70
     1
 43
0.0
 38
-0.0000000049003113
 10
206.0000006880145
 20
-254.9999999704305
 10
214.0000006877817
 20
-254.9999999853317
 10
214.0000006135088
 20
-294.9999999853316
 10
206.0000006135088
 20
-294.9999999704305
1001
AcDbBlockRepETag
1070
     1
1071
       12
1005
313
1001
AcDbBlockArrayActionTag
1070
     1
  0
LWPOLYLINE
  5
314
330
2E9
100
AcDbEntity
  8
0
 48
15.0
100
AcDbPolyline
 90
        4
 70
     1
 43
0.0
 38
-0.0000000049003113
 10
306.0000006880145
 20
-254.9999999704305
 10
314.0000006877817
 20
-254.9999999853317
 10
314.0000006135088
 20
-294.9999999853316
 10
306.0000006135088
 20
-294.9999999704305
1001
AcDbBlockRepETag
1070
     1
1071
       12
1005
314
1001
AcDbBlockArrayActionTag
1070
     1
  0
LWPOLYLINE
  5
315
330
2E9
100
AcDbEntity
  8
0
 48
15.0
100
AcDbPolyline
 90
        4
 70
     1
 43
0.0
 38
-0.0000000049003113
 10
406.0000006880145
 20
-254.9999999704305
 10
414.0000006877817
 20
-254.9999999853317
 10
414.0000006135086
 20
-294.9999999853316
 10
406.0000006135086
 20
-294.9999999704305
1001
AcDbBlockRepETag
1070
     1
1071
       12
1005
315
1001
AcDbBlockArrayActionTag
1070
     1
  0
LWPOLYLINE
  5
316
330
2E9
100
AcDbEntity
  8
0
 48
15.0
100
AcDbPolyline
 90
        4
 70
     1
 43
0.0
 38
-0.0000000049003113
 10
506.0000006880145
 20
-254.9999999704305
 10
514.0000006877817
 20
-254.9999999853317
 10
514.0000006135086
 20
-294.9999999853316
 10
506.0000006135086
 20
-294.9999999704305
1001
AcDbBlockRepETag
1070
     1
1071
       12
1005
316
1001
AcDbBlockArrayActionTag
1070
     1
  0
LWPOLYLINE
  5
317
330
2E9
100
AcDbEntity
  8
0
 48
15.0
100
AcDbPolyline
 90
        4
 70
     1
 43
0.0
 38
-0.0000000049003113
 10
606.0000006880145
 20
-254.9999999704305
 10
614.0000006877817
 20
-254.9999999853317
 10
614.0000006135087
 20
-294.9999999853316
 10
606.0000006135087
 20
-294.9999999704305
1001
AcDbBlockRepETag
1070
     1
1071
       12
1005
317
1001
AcDbBlockArrayActionTag
1070
     1
  0
LWPOLYLINE
  5
318
330
2E9
100
AcDbEntity
  8
0
 48
15.0
100
AcDbPolyline
 90
        4
 70
     1
 43
0.0
 38
-0.0000000049003113
 10
706.0000006880145
 20
-254.9999999704305
 10
714.0000006877817
 20
-254.9999999853317
 10
714.0000006135087
 20
-294.9999999853316
 10
706.0000006135087
 20
-294.9999999704305
1001
AcDbBlockRepETag
1070
     1
1071
       12
1005
318
1001
AcDbBlockArrayActionTag
1070
     1
  0
LWPOLYLINE
  5
319
330
2E9
100
AcDbEntity
  8
0
 48
15.0
100
AcDbPolyline
 90
        4
 70
     1
 43
0.0
 38
-0.0000000049003113
 10
806.0000006880141
 20
-254.9999999704305
 10
814.0000006877817
 20
-254.9999999853317
 10
814.0000006135087
 20
-294.9999999853316
 10
806.0000006135087
 20
-294.9999999704305
1001
AcDbBlockRepETag
1070
     1
1071
       12
1005
319
1001
AcDbBlockArrayActionTag
1070
     1
  0
LWPOLYLINE
  5
31A
330
2E9
100
AcDbEntity
  8
0
 48
15.0
100
AcDbPolyline
 90
        4
 70
     1
 43
0.0
 38
-0.0000000049003113
 10
906.0000006880143
 20
-254.9999999704305
 10
914.0000006877817
 20
-254.9999999853317
 10
914.0000006135087
 20
-294.9999999853316
 10
906.0000006135087
 20
-294.9999999704305
1001
AcDbBlockRepETag
1070
     1
1071
       12
1005
31A
1001
AcDbBlockArrayActionTag
1070
     1
  0
LWPOLYLINE
  5
31B
330
2E9
100
AcDbEntity
  8
0
 48
15.0
100
AcDbPolyline
 90
        4
 70
     1
 43
0.0
 38
-0.0000000049003113
 10
1006.000000688014
 20
-254.9999999704305
 10
1014.000000687782
 20
-254.9999999853317
 10
1014.000000613509
 20
-294.9999999853316
 10
1006.000000613509
 20
-294.9999999704305
1001
AcDbBlockRepETag
1070
     1
1071
       12
1005
31B
1001
AcDbBlockArrayActionTag
1070
     1
  0
LWPOLYLINE
  5
31C
330
2E9
100
AcDbEntity
  8
0
 48
15.0
100
AcDbPolyline
 90
        4
 70
     1
 43
0.0
 38
-0.0000000049003113
 10
1106.000000688014
 20
-254.9999999704305
 10
1114.000000687782
 20
-254.9999999853317
 10
1114.000000613509
 20
-294.9999999853316
 10
1106.000000613509
 20
-294.9999999704305
1001
AcDbBlockRepETag
1070
     1
1071
       12
1005
31C
1001
AcDbBlockArrayActionTag
1070
     1
  0
LWPOLYLINE
  5
31D
330
2E9
100
AcDbEntity
  8
0
 48
15.0
100
AcDbPolyline
 90
        4
 70
     1
 43
0.0
 38
-0.0000000049003113
 10
1206.000000688014
 20
-254.9999999704305
 10
1214.000000687782
 20
-254.9999999853317
 10
1214.000000613508
 20
-294.9999999853316
 10
1206.000000613508
 20
-294.9999999704305
1001
AcDbBlockRepETag
1070
     1
1071
       12
1005
31D
1001
AcDbBlockArrayActionTag
1070
     1
  0
LWPOLYLINE
  5
31E
330
2E9
100
AcDbEntity
  8
0
 48
15.0
100
AcDbPolyline
 90
        4
 70
     1
 43
0.0
 38
-0.0000000049003113
 10
1306.000000688014
 20
-254.9999999704305
 10
1314.000000687782
 20
-254.9999999853317
 10
1314.000000613509
 20
-294.9999999853316
 10
1306.000000613509
 20
-294.9999999704305
1001
AcDbBlockRepETag
1070
     1
1071
       12
1005
31E
1001
AcDbBlockArrayActionTag
1070
     1
  0
ENDBLK
  5
31F
330
2E9
100
AcDbEntity
  8
0
100
AcDbBlockEnd
  0
BLOCK
  5
AD0
330
ACF
100
AcDbEntity
  8
0
100
AcDbBlockBegin
  2
*D40
 70
     1
 10
0.0
 20
0.0
 30
0.0
  3
*D40
  1

  0
LINE
  5
AD1
330
ACF
100
AcDbEntity
  8
PUB_DIM
 62
     0
440
 16777216
370
    -2
100
AcDbLine
 10
994521.0008661351
 20
-626781.9456936696
 30
0.0
 11
994521.0008661351
 21
-629621.1575609208
 31
0.0
  0
LINE
  5
AD2
330
ACF
100
AcDbEntity
  8
PUB_DIM
 62
     0
440
 16777216
370
    -2
100
AcDbLine
 10
998121.0008661442
 20
-626781.9456936696
 30
0.0
 11
998121.0008661442
 21
-629621.1575609208
 31
0.0
  0
LINE
  5
AD3
330
ACF
100
AcDbEntity
  8
PUB_DIM
 62
     0
440
 16777216
370
    -2
100
AcDbLine
 10
994521.0008661351
 20
-628996.1575609208
 30
0.0
 11
998121.0008661442
 21
-628996.1575609208
 31
0.0
  0
INSERT
  5
AD4
330
ACF
100
AcDbEntity
  8
PUB_DIM
 62
     0
440
 16777216
370
    -2
100
AcDbBlockReference
  2
_ArchTick
 10
994521.0008661351
 20
-628996.1575609208
 30
0.0
 41
250.0
 42
250.0
 43
250.0
 50
180.0
  0
INSERT
  5
AD5
330
ACF
100
AcDbEntity
  8
PUB_DIM
 62
     0
440
 16777216
370
    -2
100
AcDbBlockReference
  2
_ArchTick
 10
998121.0008661442
 20
-628996.1575609208
 30
0.0
 41
250.0
 42
250.0
 43
250.0
  0
MTEXT
  5
AD6
330
ACF
100
AcDbEntity
  8
PUB_DIM
 62
     7
440
 16777216
100
AcDbMText
 10
996321.0008661397
 20
-628308.6575609208
 30
0.0
 40
743.75
 41
0.0
 46
0.0
 71
     5
 72
     1
  1
\A1;3600
  7
_TCH_DIM_T3
 73
     1
 44
1.0
  0
POINT
  5
AD7
330
ACF
100
AcDbEntity
  8
DEFPOINTS
 62
     0
440
 16777216
100
AcDbPoint
 10
994521.0008661351
 20
-626031.9456936696
 30
0.0
  0
POINT
  5
AD9
330
ACF
100
AcDbEntity
  8
DEFPOINTS
 62
     0
440
 16777216
100
AcDbPoint
 10
998121.0008661442
 20
-626031.9456936696
 30
0.0
  0
POINT
  5
ADA
330
ACF
100
AcDbEntity
  8
DEFPOINTS
 62
     0
440
 16777216
100
AcDbPoint
 10
998121.0008661442
 20
-628996.1575609208
 30
0.0
  0
ENDBLK
  5
ADB
330
ACF
100
AcDbEntity
  8
0
100
AcDbBlockEnd
  0
BLOCK
  5
ADE
330
ADD
100
AcDbEntity
  8
0
100
AcDbBlockBegin
  2
*D41
 70
     1
 10
0.0
 20
0.0
 30
0.0
  3
*D41
  1

  0
LINE
  5
ADF
330
ADD
100
AcDbEntity
  8
PUB_DIM
 62
     0
440
 16777216
370
    -2
100
AcDbLine
 10
991521.0008661349
 20
-626781.9456936696
 30
0.0
 11
991521.0008661349
 21
-629621.1575609208
 31
0.0
  0
LINE
  5
AE0
330
ADD
100
AcDbEntity
  8
PUB_DIM
 62
     0
440
 16777216
370
    -2
100
AcDbLine
 10
994521.0008661351
 20
-626781.9456936696
 30
0.0
 11
994521.0008661351
 21
-629621.1575609208
 31
0.0
  0
LINE
  5
AE1
330
ADD
100
AcDbEntity
  8
PUB_DIM
 62
     0
440
 16777216
370
    -2
100
AcDbLine
 10
991521.0008661349
 20
-628996.1575609208
 30
0.0
 11
994521.0008661351
 21
-628996.1575609208
 31
0.0
  0
INSERT
  5
AE2
330
ADD
100
AcDbEntity
  8
PUB_DIM
 62
     0
440
 16777216
370
    -2
100
AcDbBlockReference
  2
_ArchTick
 10
991521.0008661349
 20
-628996.1575609208
 30
0.0
 41
250.0
 42
250.0
 43
250.0
 50
180.0
  0
INSERT
  5
AE3
330
ADD
100
AcDbEntity
  8
PUB_DIM
 62
     0
440
 16777216
370
    -2
100
AcDbBlockReference
  2
_ArchTick
 10
994521.0008661351
 20
-628996.1575609208
 30
0.0
 41
250.0
 42
250.0
 43
250.0
  0
MTEXT
  5
AE4
330
ADD
100
AcDbEntity
  8
PUB_DIM
 62
     7
440
 16777216
100
AcDbMText
 10
993021.0008661353
 20
-628308.6575609208
 30
0.0
 40
743.75
 41
0.0
 46
0.0
 71
     5
 72
     1
  1
\A1;3000
  7
_TCH_DIM_T3
 73
     1
 44
1.0
  0
POINT
  5
AE5
330
ADD
100
AcDbEntity
  8
DEFPOINTS
 62
     0
440
 16777216
100
AcDbPoint
 10
991521.0008661349
 20
-626031.9456936696
 30
0.0
  0
POINT
  5
AE6
330
ADD
100
AcDbEntity
  8
DEFPOINTS
 62
     0
440
 16777216
100
AcDbPoint
 10
994521.0008661351
 20
-626031.9456936696
 30
0.0
  0
POINT
  5
AE7
330
ADD
100
AcDbEntity
  8
DEFPOINTS
 62
     0
440
 16777216
100
AcDbPoint
 10
994521.0008661351
 20
-628996.1575609208
 30
0.0
  0
ENDBLK
  5
AE8
330
ADD
100
AcDbEntity
  8
0
100
AcDbBlockEnd
  0
BLOCK
  5
AEB
330
AEA
100
AcDbEntity
  8
0
100
AcDbBlockBegin
  2
*D42
 70
     1
 10
0.0
 20
0.0
 30
0.0
  3
*D42
  1

  0
LINE
  5
AEC
330
AEA
100
AcDbEntity
  8
PUB_DIM
 62
     0
440
 16777216
370
    -2
100
AcDbLine
 10
988821.0008661346
 20
-626781.9456936696
 30
0.0
 11
988821.0008661346
 21
-629621.1575609208
 31
0.0
  0
LINE
  5
AED
330
AEA
100
AcDbEntity
  8
PUB_DIM
 62
     0
440
 16777216
370
    -2
100
AcDbLine
 10
991521.0008661349
 20
-626781.9456936696
 30
0.0
 11
991521.0008661349
 21
-629621.1575609208
 31
0.0
  0
LINE
  5
AEE
330
AEA
100
AcDbEntity
  8
PUB_DIM
 62
     0
440
 16777216
370
    -2
100
AcDbLine
 10
988821.0008661346
 20
-628996.1575609208
 30
0.0
 11
991521.0008661349
 21
-628996.1575609208
 31
0.0
  0
INSERT
  5
AEF
330
AEA
100
AcDbEntity
  8
PUB_DIM
 62
     0
440
 16777216
370
    -2
100
AcDbBlockReference
  2
_ArchTick
 10
988821.0008661346
 20
-628996.1575609208
 30
0.0
 41
250.0
 42
250.0
 43
250.0
 50
180.0
  0
INSERT
  5
AF0
330
AEA
100
AcDbEntity
  8
PUB_DIM
 62
     0
440
 16777216
370
    -2
100
AcDbBlockReference
  2
_ArchTick
 10
991521.0008661349
 20
-628996.1575609208
 30
0.0
 41
250.0
 42
250.0
 43
250.0
  0
MTEXT
  5
AF1
330
AEA
100
AcDbEntity
  8
PUB_DIM
 62
     7
440
 16777216
100
AcDbMText
 10
990171.0008661346
 20
-628308.6575609208
 30
0.0
 40
743.75
 41
0.0
 46
0.0
 71
     5
 72
     1
  1
\A1;2700
  7
_TCH_DIM_T3
 73
     1
 44
1.0
  0
POINT
  5
AF2
330
AEA
100
AcDbEntity
  8
DEFPOINTS
 62
     0
440
 16777216
100
AcDbPoint
 10
988821.0008661346
 20
-626031.9456936696
 30
0.0
  0
POINT
  5
AF3
330
AEA
100
AcDbEntity
  8
DEFPOINTS
 62
     0
440
 16777216
100
AcDbPoint
 10
991521.0008661349
 20
-626031.9456936696
 30
0.0
  0
POINT
  5
AF4
330
AEA
100
AcDbEntity
  8
DEFPOINTS
 62
     0
440
 16777216
100
AcDbPoint
 10
991521.0008661349
 20
-628996.1575609208
 30
0.0
  0
ENDBLK
  5
AF5
330
AEA
100
AcDbEntity
  8
0
100
AcDbBlockEnd
  0
BLOCK
  5
AF8
330
AF7
100
AcDbEntity
  8
0
100
AcDbBlockBegin
  2
*D43
 70
     1
 10
0.0
 20
0.0
 30
0.0
  3
*D43
  1

  0
LINE
  5
AF9
330
AF7
100
AcDbEntity
  8
PUB_DIM
 62
     0
440
 16777216
370
    -2
100
AcDbLine
 10
985521.0008661346
 20
-626781.9456936696
 30
0.0
 11
985521.0008661346
 21
-629621.1575609208
 31
0.0
  0
LINE
  5
AFA
330
AF7
100
AcDbEntity
  8
PUB_DIM
 62
     0
440
 16777216
370
    -2
100
AcDbLine
 10
988821.0008661346
 20
-626781.9456936696
 30
0.0
 11
988821.0008661346
 21
-629621.1575609208
 31
0.0
  0
LINE
  5
AFB
330
AF7
100
AcDbEntity
  8
PUB_DIM
 62
     0
440
 16777216
370
    -2
100
AcDbLine
 10
985521.0008661346
 20
-628996.1575609208
 30
0.0
 11
988821.0008661346
 21
-628996.1575609208
 31
0.0
  0
INSERT
  5
AFC
330
AF7
100
AcDbEntity
  8
PUB_DIM
 62
     0
440
 16777216
370
    -2
100
AcDbBlockReference
  2
_ArchTick
 10
985521.0008661346
 20
-628996.1575609208
 30
0.0
 41
250.0
 42
250.0
 43
250.0
 50
180.0
  0
INSERT
  5
AFD
330
AF7
100
AcDbEntity
  8
PUB_DIM
 62
     0
440
 16777216
370
    -2
100
AcDbBlockReference
  2
_ArchTick
 10
988821.0008661346
 20
-628996.1575609208
 30
0.0
 41
250.0
 42
250.0
 43
250.0
  0
MTEXT
  5
AFE
330
AF7
100
AcDbEntity
  8
PUB_DIM
 62
     7
440
 16777216
100
AcDbMText
 10
987171.0008661345
 20
-628308.6575609208
 30
0.0
 40
743.75
 41
0.0
 46
0.0
 71
     5
 72
     1
  1
\A1;3300
  7
_TCH_DIM_T3
 73
     1
 44
1.0
  0
POINT
  5
AFF
330
AF7
100
AcDbEntity
  8
DEFPOINTS
 62
     0
440
 16777216
100
AcDbPoint
 10
985521.0008661346
 20
-626031.9456936696
 30
0.0
  0
POINT
  5
B00
330
AF7
100
AcDbEntity
  8
DEFPOINTS
 62
     0
440
 16777216
100
AcDbPoint
 10
988821.0008661346
 20
-626031.9456936696
 30
0.0
  0
POINT
  5
B01
330
AF7
100
AcDbEntity
  8
DEFPOINTS
 62
     0
440
 16777216
100
AcDbPoint
 10
988821.0008661346
 20
-628996.1575609208
 30
0.0
  0
ENDBLK
  5
B02
330
AF7
100
AcDbEntity
  8
0
100
AcDbBlockEnd
  0
BLOCK
  5
B05
330
B04
100
AcDbEntity
  8
0
100
AcDbBlockBegin
  2
*D44
 70
     1
 10
0.0
 20
0.0
 30
0.0
  3
*D44
  1

  0
LINE
  5
B06
330
B04
100
AcDbEntity
  8
PUB_DIM
 62
     0
440
 16777216
370
    -2
100
AcDbLine
 10
982521.000866135
 20
-626781.9456936696
 30
0.0
 11
982521.000866135
 21
-629621.1575609208
 31
0.0
  0
LINE
  5
B07
330
B04
100
AcDbEntity
  8
PUB_DIM
 62
     0
440
 16777216
370
    -2
100
AcDbLine
 10
985521.0008661346
 20
-626781.9456936696
 30
0.0
 11
985521.0008661346
 21
-629621.1575609208
 31
0.0
  0
LINE
  5
B08
330
B04
100
AcDbEntity
  8
PUB_DIM
 62
     0
440
 16777216
370
    -2
100
AcDbLine
 10
982521.000866135
 20
-628996.1575609208
 30
0.0
 11
985521.0008661346
 21
-628996.1575609208
 31
0.0
  0
INSERT
  5
B09
330
B04
100
AcDbEntity
  8
PUB_DIM
 62
     0
440
 16777216
370
    -2
100
AcDbBlockReference
  2
_ArchTick
 10
982521.000866135
 20
-628996.1575609208
 30
0.0
 41
250.0
 42
250.0
 43
250.0
 50
180.0
  0
INSERT
  5
B0A
330
B04
100
AcDbEntity
  8
PUB_DIM
 62
     0
440
 16777216
370
    -2
100
AcDbBlockReference
  2
_ArchTick
 10
985521.0008661346
 20
-628996.1575609208
 30
0.0
 41
250.0
 42
250.0
 43
250.0
  0
MTEXT
  5
B0B
330
B04
100
AcDbEntity
  8
PUB_DIM
 62
     7
440
 16777216
100
AcDbMText
 10
984021.0008661349
 20
-628308.6575609208
 30
0.0
 40
743.75
 41
0.0
 46
0.0
 71
     5
 72
     1
  1
\A1;3000
  7
_TCH_DIM_T3
 73
     1
 44
1.0
  0
POINT
  5
B0C
330
B04
100
AcDbEntity
  8
DEFPOINTS
 62
     0
440
 16777216
100
AcDbPoint
 10
982521.000866135
 20
-626031.9456936696
 30
0.0
  0
POINT
  5
B0D
330
B04
100
AcDbEntity
  8
DEFPOINTS
 62
     0
440
 16777216
100
AcDbPoint
 10
985521.0008661346
 20
-626031.9456936696
 30
0.0
  0
POINT
  5
B0E
330
B04
100
AcDbEntity
  8
DEFPOINTS
 62
     0
440
 16777216
100
AcDbPoint
 10
985521.0008661346
 20
-628996.1575609208
 30
0.0
  0
ENDBLK
  5
B0F
330
B04
100
AcDbEntity
  8
0
100
AcDbBlockEnd
  0
BLOCK
  5
B12
330
B11
100
AcDbEntity
  8
0
100
AcDbBlockBegin
  2
*D45
 70
     1
 10
0.0
 20
0.0
 30
0.0
  3
*D45
  1

  0
LINE
  5
B13
330
B11
100
AcDbEntity
  8
PUB_DIM
 62
     0
440
 16777216
370
    -2
100
AcDbLine
 10
979121.0008661465
 20
-626781.9456936696
 30
0.0
 11
979121.0008661465
 21
-629621.1575609208
 31
0.0
  0
LINE
  5
B14
330
B11
100
AcDbEntity
  8
PUB_DIM
 62
     0
440
 16777216
370
    -2
100
AcDbLine
 10
982521.000866135
 20
-626781.9456936696
 30
0.0
 11
982521.000866135
 21
-629621.1575609208
 31
0.0
  0
LINE
  5
B15
330
B11
100
AcDbEntity
  8
PUB_DIM
 62
     0
440
 16777216
370
    -2
100
AcDbLine
 10
979121.0008661465
 20
-628996.1575609208
 30
0.0
 11
982521.000866135
 21
-628996.1575609208
 31
0.0
  0
INSERT
  5
B16
330
B11
100
AcDbEntity
  8
PUB_DIM
 62
     0
440
 16777216
370
    -2
100
AcDbBlockReference
  2
_ArchTick
 10
979121.0008661465
 20
-628996.1575609208
 30
0.0
 41
250.0
 42
250.0
 43
250.0
 50
180.0
  0
INSERT
  5
B17
330
B11
100
AcDbEntity
  8
PUB_DIM
 62
     0
440
 16777216
370
    -2
100
AcDbBlockReference
  2
_ArchTick
 10
982521.000866135
 20
-628996.1575609208
 30
0.0
 41
250.0
 42
250.0
 43
250.0
  0
MTEXT
  5
B18
330
B11
100
AcDbEntity
  8
PUB_DIM
 62
     7
440
 16777216
100
AcDbMText
 10
980821.0008661413
 20
-628308.6575609208
 30
0.0
 40
743.75
 41
0.0
 46
0.0
 71
     5
 72
     1
  1
\A1;3400
  7
_TCH_DIM_T3
 73
     1
 44
1.0
  0
POINT
  5
B19
330
B11
100
AcDbEntity
  8
DEFPOINTS
 62
     0
440
 16777216
100
AcDbPoint
 10
979121.0008661465
 20
-626031.9456936696
 30
0.0
  0
POINT
  5
B1A
330
B11
100
AcDbEntity
  8
DEFPOINTS
 62
     0
440
 16777216
100
AcDbPoint
 10
982521.000866135
 20
-626031.9456936696
 30
0.0
  0
POINT
  5
B1B
330
B11
100
AcDbEntity
  8
DEFPOINTS
 62
     0
440
 16777216
100
AcDbPoint
 10
982521.000866135
 20
-628996.1575609208
 30
0.0
  0
ENDBLK
  5
B1C
330
B11
100
AcDbEntity
  8
0
100
AcDbBlockEnd
  0
BLOCK
  5
B1F
330
B1E
100
AcDbEntity
  8
0
100
AcDbBlockBegin
  2
*D46
 70
     1
 10
0.0
 20
0.0
 30
0.0
  3
*D46
  1

  0
LINE
  5
B20
330
B1E
100
AcDbEntity
  8
PUB_DIM
 62
     0
440
 16777216
370
    -2
100
AcDbLine
 10
976121.0008661452
 20
-626781.9456936696
 30
0.0
 11
976121.0008661452
 21
-629621.1575609208
 31
0.0
  0
LINE
  5
B21
330
B1E
100
AcDbEntity
  8
PUB_DIM
 62
     0
440
 16777216
370
    -2
100
AcDbLine
 10
979121.0008661465
 20
-626781.9456936696
 30
0.0
 11
979121.0008661465
 21
-629621.1575609208
 31
0.0
  0
LINE
  5
B22
330
B1E
100
AcDbEntity
  8
PUB_DIM
 62
     0
440
 16777216
370
    -2
100
AcDbLine
 10
976121.0008661452
 20
-628996.1575609208
 30
0.0
 11
979121.0008661465
 21
-628996.1575609208
 31
0.0
  0
INSERT
  5
B23
330
B1E
100
AcDbEntity
  8
PUB_DIM
 62
     0
440
 16777216
370
    -2
100
AcDbBlockReference
  2
_ArchTick
 10
976121.0008661452
 20
-628996.1575609208
 30
0.0
 41
250.0
 42
250.0
 43
250.0
 50
180.0
  0
INSERT
  5
B24
330
B1E
100
AcDbEntity
  8
PUB_DIM
 62
     0
440
 16777216
370
    -2
100
AcDbBlockReference
  2
_ArchTick
 10
979121.0008661465
 20
-628996.1575609208
 30
0.0
 41
250.0
 42
250.0
 43
250.0
  0
MTEXT
  5
B25
330
B1E
100
AcDbEntity
  8
PUB_DIM
 62
     7
440
 16777216
100
AcDbMText
 10
977621.0008661458
 20
-628308.6575609208
 30
0.0
 40
743.75
 41
0.0
 46
0.0
 71
     5
 72
     1
  1
\A1;3000
  7
_TCH_DIM_T3
 73
     1
 44
1.0
  0
POINT
  5
B26
330
B1E
100
AcDbEntity
  8
DEFPOINTS
 62
     0
440
 16777216
100
AcDbPoint
 10
976121.0008661452
 20
-626031.9456936696
 30
0.0
  0
POINT
  5
B27
330
B1E
100
AcDbEntity
  8
DEFPOINTS
 62
     0
440
 16777216
100
AcDbPoint
 10
979121.0008661465
 20
-626031.9456936696
 30
0.0
  0
POINT
  5
B28
330
B1E
100
AcDbEntity
  8
DEFPOINTS
 62
     0
440
 16777216
100
AcDbPoint
 10
979121.0008661465
 20
-628996.1575609208
 30
0.0
  0
ENDBLK
  5
B29
330
B1E
100
AcDbEntity
  8
0
100
AcDbBlockEnd
  0
BLOCK
  5
B2C
330
B2B
100
AcDbEntity
  8
0
100
AcDbBlockBegin
  2
*D47
 70
     1
 10
0.0
 20
0.0
 30
0.0
  3
*D47
  1

  0
LINE
  5
B2D
330
B2B
100
AcDbEntity
  8
PUB_DIM
 62
     0
440
 16777216
370
    -2
100
AcDbLine
 10
972821.0008661449
 20
-626781.9456936696
 30
0.0
 11
972821.0008661449
 21
-629621.1575609208
 31
0.0
  0
LINE
  5
B2E
330
B2B
100
AcDbEntity
  8
PUB_DIM
 62
     0
440
 16777216
370
    -2
100
AcDbLine
 10
976121.0008661452
 20
-626781.9456936696
 30
0.0
 11
976121.0008661452
 21
-629621.1575609208
 31
0.0
  0
LINE
  5
B2F
330
B2B
100
AcDbEntity
  8
PUB_DIM
 62
     0
440
 16777216
370
    -2
100
AcDbLine
 10
972821.0008661449
 20
-628996.1575609208
 30
0.0
 11
976121.0008661452
 21
-628996.1575609208
 31
0.0
  0
INSERT
  5
B30
330
B2B
100
AcDbEntity
  8
PUB_DIM
 62
     0
440
 16777216
370
    -2
100
AcDbBlockReference
  2
_ArchTick
 10
972821.0008661449
 20
-628996.1575609208
 30
0.0
 41
250.0
 42
250.0
 43
250.0
 50
180.0
  0
INSERT
  5
B31
330
B2B
100
AcDbEntity
  8
PUB_DIM
 62
     0
440
 16777216
370
    -2
100
AcDbBlockReference
  2
_ArchTick
 10
976121.0008661452
 20
-628996.1575609208
 30
0.0
 41
250.0
 42
250.0
 43
250.0
  0
MTEXT
  5
B32
330
B2B
100
AcDbEntity
  8
PUB_DIM
 62
     7
440
 16777216
100
AcDbMText
 10
974471.0008661451
 20
-628308.6575609208
 30
0.0
 40
743.75
 41
0.0
 46
0.0
 71
     5
 72
     1
  1
\A1;3300
  7
_TCH_DIM_T3
 73
     1
 44
1.0
  0
POINT
  5
B33
330
B2B
100
AcDbEntity
  8
DEFPOINTS
 62
     0
440
 16777216
100
AcDbPoint
 10
972821.0008661449
 20
-626031.9456936696
 30
0.0
  0
POINT
  5
B34
330
B2B
100
AcDbEntity
  8
DEFPOINTS
 62
     0
440
 16777216
100
AcDbPoint
 10
976121.0008661452
 20
-626031.9456936696
 30
0.0
  0
POINT
  5
B35
330
B2B
100
AcDbEntity
  8
DEFPOINTS
 62
     0
440
 16777216
100
AcDbPoint
 10
976121.0008661452
 20
-628996.1575609208
 30
0.0
  0
ENDBLK
  5
B36
330
B2B
100
AcDbEntity
  8
0
100
AcDbBlockEnd
  0
BLOCK
  5
B39
330
B38
100
AcDbEntity
  8
0
100
AcDbBlockBegin
  2
*D48
 70
     1
 10
0.0
 20
0.0
 30
0.0
  3
*D48
  1

  0
LINE
  5
B3A
330
B38
100
AcDbEntity
  8
PUB_DIM
 62
     0
440
 16777216
370
    -2
100
AcDbLine
 10
970121.0008661352
 20
-626781.9456936696
 30
0.0
 11
970121.0008661352
 21
-629621.1575609208
 31
0.0
  0
LINE
  5
B3B
330
B38
100
AcDbEntity
  8
PUB_DIM
 62
     0
440
 16777216
370
    -2
100
AcDbLine
 10
972821.0008661449
 20
-626781.9456936696
 30
0.0
 11
972821.0008661449
 21
-629621.1575609208
 31
0.0
  0
LINE
  5
B3C
330
B38
100
AcDbEntity
  8
PUB_DIM
 62
     0
440
 16777216
370
    -2
100
AcDbLine
 10
970121.0008661352
 20
-628996.1575609208
 30
0.0
 11
972821.0008661449
 21
-628996.1575609208
 31
0.0
  0
INSERT
  5
B3D
330
B38
100
AcDbEntity
  8
PUB_DIM
 62
     0
440
 16777216
370
    -2
100
AcDbBlockReference
  2
_ArchTick
 10
970121.0008661352
 20
-628996.1575609208
 30
0.0
 41
250.0
 42
250.0
 43
250.0
 50
180.0
  0
INSERT
  5
B3E
330
B38
100
AcDbEntity
  8
PUB_DIM
 62
     0
440
 16777216
370
    -2
100
AcDbBlockReference
  2
_ArchTick
 10
972821.0008661449
 20
-628996.1575609208
 30
0.0
 41
250.0
 42
250.0
 43
250.0
  0
MTEXT
  5
B3F
330
B38
100
AcDbEntity
  8
PUB_DIM
 62
     7
440
 16777216
100
AcDbMText
 10
971471.00086614
 20
-628308.6575609208
 30
0.0
 40
743.75
 41
0.0
 46
0.0
 71
     5
 72
     1
  1
\A1;2700
  7
_TCH_DIM_T3
 73
     1
 44
1.0
  0
POINT
  5
B40
330
B38
100
AcDbEntity
  8
DEFPOINTS
 62
     0
440
 16777216
100
AcDbPoint
 10
970121.0008661352
 20
-626031.9456936696
 30
0.0
  0
POINT
  5
B41
330
B38
100
AcDbEntity
  8
DEFPOINTS
 62
     0
440
 16777216
100
AcDbPoint
 10
972821.0008661449
 20
-626031.9456936696
 30
0.0
  0
POINT
  5
B42
330
B38
100
AcDbEntity
  8
DEFPOINTS
 62
     0
440
 16777216
100
AcDbPoint
 10
972821.0008661449
 20
-628996.1575609208
 30
0.0
  0
ENDBLK
  5
B43
330
B38
100
AcDbEntity
  8
0
100
AcDbBlockEnd
  0
BLOCK
  5
B46
330
B45
100
AcDbEntity
  8
0
100
AcDbBlockBegin
  2
*D49
 70
     1
 10
0.0
 20
0.0
 30
0.0
  3
*D49
  1

  0
LINE
  5
B47
330
B45
100
AcDbEntity
  8
PUB_DIM
 62
     0
440
 16777216
370
    -2
100
AcDbLine
 10
967121.0008661406
 20
-626781.9456936696
 30
0.0
 11
967121.0008661406
 21
-629621.1575609208
 31
0.0
  0
LINE
  5
B48
330
B45
100
AcDbEntity
  8
PUB_DIM
 62
     0
440
 16777216
370
    -2
100
AcDbLine
 10
970121.0008661352
 20
-626781.9456936696
 30
0.0
 11
970121.0008661352
 21
-629621.1575609208
 31
0.0
  0
LINE
  5
B49
330
B45
100
AcDbEntity
  8
PUB_DIM
 62
     0
440
 16777216
370
    -2
100
AcDbLine
 10
967121.0008661406
 20
-628996.1575609208
 30
0.0
 11
970121.0008661352
 21
-628996.1575609208
 31
0.0
  0
INSERT
  5
B4A
330
B45
100
AcDbEntity
  8
PUB_DIM
 62
     0
440
 16777216
370
    -2
100
AcDbBlockReference
  2
_ArchTick
 10
967121.0008661406
 20
-628996.1575609208
 30
0.0
 41
250.0
 42
250.0
 43
250.0
 50
180.0
  0
INSERT
  5
B4B
330
B45
100
AcDbEntity
  8
PUB_DIM
 62
     0
440
 16777216
370
    -2
100
AcDbBlockReference
  2
_ArchTick
 10
970121.0008661352
 20
-628996.1575609208
 30
0.0
 41
250.0
 42
250.0
 43
250.0
  0
MTEXT
  5
B4C
330
B45
100
AcDbEntity
  8
PUB_DIM
 62
     7
440
 16777216
100
AcDbMText
 10
968621.0008661378
 20
-628308.6575609208
 30
0.0
 40
743.75
 41
0.0
 46
0.0
 71
     5
 72
     1
  1
\A1;3000
  7
_TCH_DIM_T3
 73
     1
 44
1.0
  0
POINT
  5
B4D
330
B45
100
AcDbEntity
  8
DEFPOINTS
 62
     0
440
 16777216
100
AcDbPoint
 10
967121.0008661406
 20
-626031.9456936696
 30
0.0
  0
POINT
  5
B4E
330
B45
100
AcDbEntity
  8
DEFPOINTS
 62
     0
440
 16777216
100
AcDbPoint
 10
970121.0008661352
 20
-626031.9456936696
 30
0.0
  0
POINT
  5
B4F
330
B45
100
AcDbEntity
  8
DEFPOINTS
 62
     0
440
 16777216
100
AcDbPoint
 10
970121.0008661352
 20
-628996.1575609208
 30
0.0
  0
ENDBLK
  5
B50
330
B45
100
AcDbEntity
  8
0
100
AcDbBlockEnd
  0
BLOCK
  5
B53
330
B52
100
AcDbEntity
  8
0
100
AcDbBlockBegin
  2
*D50
 70
     1
 10
0.0
 20
0.0
 30
0.0
  3
*D50
  1

  0
LINE
  5
B54
330
B52
100
AcDbEntity
  8
PUB_DIM
 62
     0
440
 16777216
370
    -2
100
AcDbLine
 10
963521.0008661406
 20
-626781.9456936696
 30
0.0
 11
963521.0008661406
 21
-629621.1575609208
 31
0.0
  0
LINE
  5
B55
330
B52
100
AcDbEntity
  8
PUB_DIM
 62
     0
440
 16777216
370
    -2
100
AcDbLine
 10
967121.0008661406
 20
-626781.9456936696
 30
0.0
 11
967121.0008661406
 21
-629621.1575609208
 31
0.0
  0
LINE
  5
B56
330
B52
100
AcDbEntity
  8
PUB_DIM
 62
     0
440
 16777216
370
    -2
100
AcDbLine
 10
963521.0008661406
 20
-628996.1575609208
 30
0.0
 11
967121.0008661406
 21
-628996.1575609208
 31
0.0
  0
INSERT
  5
B57
330
B52
100
AcDbEntity
  8
PUB_DIM
 62
     0
440
 16777216
370
    -2
100
AcDbBlockReference
  2
_ArchTick
 10
963521.0008661406
 20
-628996.1575609208
 30
0.0
 41
250.0
 42
250.0
 43
250.0
 50
180.0
  0
INSERT
  5
B58
330
B52
100
AcDbEntity
  8
PUB_DIM
 62
     0
440
 16777216
370
    -2
100
AcDbBlockReference
  2
_ArchTick
 10
967121.0008661406
 20
-628996.1575609208
 30
0.0
 41
250.0
 42
250.0
 43
250.0
  0
MTEXT
  5
B59
330
B52
100
AcDbEntity
  8
PUB_DIM
 62
     7
440
 16777216
100
AcDbMText
 10
965321.0008661405
 20
-628308.6575609208
 30
0.0
 40
743.75
 41
0.0
 46
0.0
 71
     5
 72
     1
  1
\A1;3600
  7
_TCH_DIM_T3
 73
     1
 44
1.0
  0
POINT
  5
B5A
330
B52
100
AcDbEntity
  8
DEFPOINTS
 62
     0
440
 16777216
100
AcDbPoint
 10
963521.0008661406
 20
-626031.9456936696
 30
0.0
  0
POINT
  5
B5B
330
B52
100
AcDbEntity
  8
DEFPOINTS
 62
     0
440
 16777216
100
AcDbPoint
 10
967121.0008661406
 20
-626031.9456936696
 30
0.0
  0
POINT
  5
B5C
330
B52
100
AcDbEntity
  8
DEFPOINTS
 62
     0
440
 16777216
100
AcDbPoint
 10
967121.0008661406
 20
-628996.1575609208
 30
0.0
  0
ENDBLK
  5
B5D
330
B52
100
AcDbEntity
  8
0
100
AcDbBlockEnd
  0
BLOCK
  5
B60
330
B5F
100
AcDbEntity
  8
0
100
AcDbBlockBegin
  2
*D51
 70
     1
 10
0.0
 20
0.0
 30
0.0
  3
*D51
  1

  0
LINE
  5
B61
330
B5F
100
AcDbEntity
  8
PUB_DIM
 62
     0
440
 16777216
370
    -2
100
AcDbLine
 10
960358.9060055108
 20
-625143.0888840697
 30
0.0
 11
956310.5421853805
 21
-625143.0888840697
 31
0.0
  0
LINE
  5
B62
330
B5F
100
AcDbEntity
  8
PUB_DIM
 62
     0
440
 16777216
370
    -2
100
AcDbLine
 10
960358.9060055108
 20
-609443.0888840442
 30
0.0
 11
956310.5421853805
 21
-609443.0888840442
 31
0.0
  0
LINE
  5
B63
330
B5F
100
AcDbEntity
  8
PUB_DIM
 62
     0
440
 16777216
370
    -2
100
AcDbLine
 10
956935.5421853805
 20
-625143.0888840697
 30
0.0
 11
956935.5421853805
 21
-609443.0888840442
 31
0.0
  0
INSERT
  5
B64
330
B5F
100
AcDbEntity
  8
PUB_DIM
 62
     0
440
 16777216
370
    -2
100
AcDbBlockReference
  2
_ArchTick
 10
956935.5421853805
 20
-625143.0888840697
 30
0.0
 41
250.0
 42
250.0
 43
250.0
 50
270.0
  0
INSERT
  5
B65
330
B5F
100
AcDbEntity
  8
PUB_DIM
 62
     0
440
 16777216
370
    -2
100
AcDbBlockReference
  2
_ArchTick
 10
956935.5421853805
 20
-609443.0888840442
 30
0.0
 41
250.0
 42
250.0
 43
250.0
 50
90.0
  0
MTEXT
  5
B66
330
B5F
100
AcDbEntity
  8
PUB_DIM
 62
     7
440
 16777216
100
AcDbMText
 10
956248.0421853804
 20
-617293.0888840569
 30
0.0
 40
743.75
 41
0.0
 46
0.0
 71
     5
 72
     1
  1
\A1;15700
  7
_TCH_DIM_T3
 11
0.0000000000000001
 21
1.0
 31
0.0
 73
     1
 44
1.0
  0
POINT
  5
B67
330
B5F
100
AcDbEntity
  8
DEFPOINTS
 62
     0
440
 16777216
100
AcDbPoint
 10
961108.9060055109
 20
-625143.0888840697
 30
0.0
  0
POINT
  5
B68
330
B5F
100
AcDbEntity
  8
DEFPOINTS
 62
     0
440
 16777216
100
AcDbPoint
 10
961108.9060055109
 20
-609443.0888840442
 30
0.0
  0
POINT
  5
B69
330
B5F
100
AcDbEntity
  8
DEFPOINTS
 62
     0
440
 16777216
100
AcDbPoint
 10
956935.5421853805
 20
-609443.0888840442
 30
0.0
  0
ENDBLK
  5
B6A
330
B5F
100
AcDbEntity
  8
0
100
AcDbBlockEnd
  0
BLOCK
  5
B6D
330
B6C
100
AcDbEntity
  8
0
100
AcDbBlockBegin
  2
*D52
 70
     1
 10
0.0
 20
0.0
 30
0.0
  3
*D52
  1

  0
LINE
  5
B6E
330
B6C
100
AcDbEntity
  8
PUB_DIM
 62
     0
440
 16777216
370
    -2
100
AcDbLine
 10
961108.9060054858
 20
-611043.0888840673
 30
0.0
 11
958310.542185373
 21
-611043.0888840673
 31
0.0
  0
LINE
  5
B6F
330
B6C
100
AcDbEntity
  8
PUB_DIM
 62
     0
440
 16777216
370
    -2
100
AcDbLine
 10
961108.9060054842
 20
-609443.0888840438
 30
0.0
 11
958310.542185373
 21
-609443.0888840438
 31
0.0
  0
LINE
  5
B70
330
B6C
100
AcDbEntity
  8
PUB_DIM
 62
     0
440
 16777216
370
    -2
100
AcDbLine
 10
958935.542185373
 20
-611043.0888840673
 30
0.0
 11
958935.542185373
 21
-611293.0888840672
 31
0.0
  0
LINE
  5
B71
330
B6C
100
AcDbEntity
  8
PUB_DIM
 62
     0
440
 16777216
370
    -2
100
AcDbLine
 10
958935.542185373
 20
-609443.0888840438
 30
0.0
 11
958935.542185373
 21
-609193.0888840439
 31
0.0
  0
LINE
  5
B72
330
B6C
100
AcDbEntity
  8
PUB_DIM
 62
     0
440
 16777216
370
    -2
100
AcDbLine
 10
958935.542185373
 20
-611043.0888840673
 30
0.0
 11
958935.542185373
 21
-609443.0888840438
 31
0.0
  0
INSERT
  5
B73
330
B6C
100
AcDbEntity
  8
PUB_DIM
 62
     0
440
 16777216
370
    -2
100
AcDbBlockReference
  2
_ArchTick
 10
958935.542185373
 20
-611043.0888840673
 30
0.0
 41
250.0
 42
250.0
 43
250.0
 50
90.0
  0
INSERT
  5
B74
330
B6C
100
AcDbEntity
  8
PUB_DIM
 62
     0
440
 16777216
370
    -2
100
AcDbBlockReference
  2
_ArchTick
 10
958935.542185373
 20
-609443.0888840438
 30
0.0
 41
250.0
 42
250.0
 43
250.0
 50
270.0
  0
MTEXT
  5
B75
330
B6C
100
AcDbEntity
  8
PUB_DIM
 62
     7
440
 16777216
100
AcDbMText
 10
958248.0421853732
 20
-610243.0888840554
 30
0.0
 40
743.75
 41
0.0
 46
0.0
 71
     5
 72
     1
  1
\A1;1600
  7
_TCH_DIM_T3
 11
0.0000000000000001
 21
1.0
 31
0.0
 73
     1
 44
1.0
  0
POINT
  5
B76
330
B6C
100
AcDbEntity
  8
DEFPOINTS
 62
     0
440
 16777216
100
AcDbPoint
 10
961858.9060054851
 20
-611043.0888840673
 30
0.0
  0
POINT
  5
B77
330
B6C
100
AcDbEntity
  8
DEFPOINTS
 62
     0
440
 16777216
100
AcDbPoint
 10
961858.9060054841
 20
-609443.0888840438
 30
0.0
  0
POINT
  5
B78
330
B6C
100
AcDbEntity
  8
DEFPOINTS
 62
     0
440
 16777216
100
AcDbPoint
 10
958935.542185373
 20
-609443.0888840438
 30
0.0
  0
ENDBLK
  5
B79
330
B6C
100
AcDbEntity
  8
0
100
AcDbBlockEnd
  0
BLOCK
  5
B7C
330
B7B
100
AcDbEntity
  8
0
100
AcDbBlockBegin
  2
*D53
 70
     1
 10
0.0
 20
0.0
 30
0.0
  3
*D53
  1

  0
LINE
  5
B7D
330
B7B
100
AcDbEntity
  8
PUB_DIM
 62
     0
440
 16777216
370
    -2
100
AcDbLine
 10
961108.9060054887
 20
-614343.0888840672
 30
0.0
 11
958310.5421853751
 21
-614343.0888840672
 31
0.0
  0
LINE
  5
B7E
330
B7B
100
AcDbEntity
  8
PUB_DIM
 62
     0
440
 16777216
370
    -2
100
AcDbLine
 10
961108.9060054858
 20
-611043.0888840673
 30
0.0
 11
958310.5421853751
 21
-611043.0888840673
 31
0.0
  0
LINE
  5
B7F
330
B7B
100
AcDbEntity
  8
PUB_DIM
 62
     0
440
 16777216
370
    -2
100
AcDbLine
 10
958935.5421853751
 20
-614343.0888840672
 30
0.0
 11
958935.5421853751
 21
-611043.0888840673
 31
0.0
  0
INSERT
  5
B80
330
B7B
100
AcDbEntity
  8
PUB_DIM
 62
     0
440
 16777216
370
    -2
100
AcDbBlockReference
  2
_ArchTick
 10
958935.5421853751
 20
-614343.0888840672
 30
0.0
 41
250.0
 42
250.0
 43
250.0
 50
270.0
  0
INSERT
  5
B81
330
B7B
100
AcDbEntity
  8
PUB_DIM
 62
     0
440
 16777216
370
    -2
100
AcDbBlockReference
  2
_ArchTick
 10
958935.5421853751
 20
-611043.0888840673
 30
0.0
 41
250.0
 42
250.0
 43
250.0
 50
90.0
  0
MTEXT
  5
B82
330
B7B
100
AcDbEntity
  8
PUB_DIM
 62
     7
440
 16777216
100
AcDbMText
 10
958248.0421853757
 20
-612693.0888840671
 30
0.0
 40
743.75
 41
0.0
 46
0.0
 71
     5
 72
     1
  1
\A1;3300
  7
_TCH_DIM_T3
 11
0.0000000000000001
 21
1.0
 31
0.0
 73
     1
 44
1.0
  0
POINT
  5
B83
330
B7B
100
AcDbEntity
  8
DEFPOINTS
 62
     0
440
 16777216
100
AcDbPoint
 10
961858.9060054887
 20
-614343.0888840672
 30
0.0
  0
POINT
  5
B84
330
B7B
100
AcDbEntity
  8
DEFPOINTS
 62
     0
440
 16777216
100
AcDbPoint
 10
961858.9060054851
 20
-611043.0888840673
 30
0.0
  0
POINT
  5
B85
330
B7B
100
AcDbEntity
  8
DEFPOINTS
 62
     0
440
 16777216
100
AcDbPoint
 10
958935.5421853751
 20
-611043.0888840673
 30
0.0
  0
ENDBLK
  5
B86
330
B7B
100
AcDbEntity
  8
0
100
AcDbBlockEnd
  0
BLOCK
  5
B89
330
B88
100
AcDbEntity
  8
0
100
AcDbBlockBegin
  2
*D54
 70
     1
 10
0.0
 20
0.0
 30
0.0
  3
*D54
  1

  0
LINE
  5
B8A
330
B88
100
AcDbEntity
  8
PUB_DIM
 62
     0
440
 16777216
370
    -2
100
AcDbLine
 10
961108.9060054901
 20
-616143.0888838816
 30
0.0
 11
958310.5421853774
 21
-616143.0888838816
 31
0.0
  0
LINE
  5
B8B
330
B88
100
AcDbEntity
  8
PUB_DIM
 62
     0
440
 16777216
370
    -2
100
AcDbLine
 10
961108.9060054887
 20
-614343.0888840672
 30
0.0
 11
958310.5421853774
 21
-614343.0888840672
 31
0.0
  0
LINE
  5
B8C
330
B88
100
AcDbEntity
  8
PUB_DIM
 62
     0
440
 16777216
370
    -2
100
AcDbLine
 10
958935.5421853774
 20
-616143.0888838816
 30
0.0
 11
958935.5421853774
 21
-616393.0888838816
 31
0.0
  0
LINE
  5
B8D
330
B88
100
AcDbEntity
  8
PUB_DIM
 62
     0
440
 16777216
370
    -2
100
AcDbLine
 10
958935.5421853774
 20
-614343.0888840672
 30
0.0
 11
958935.5421853774
 21
-614093.0888840673
 31
0.0
  0
LINE
  5
B8E
330
B88
100
AcDbEntity
  8
PUB_DIM
 62
     0
440
 16777216
370
    -2
100
AcDbLine
 10
958935.5421853774
 20
-616143.0888838816
 30
0.0
 11
958935.5421853774
 21
-614343.0888840672
 31
0.0
  0
INSERT
  5
B8F
330
B88
100
AcDbEntity
  8
PUB_DIM
 62
     0
440
 16777216
370
    -2
100
AcDbBlockReference
  2
_ArchTick
 10
958935.5421853774
 20
-616143.0888838816
 30
0.0
 41
250.0
 42
250.0
 43
250.0
 50
90.0
  0
INSERT
  5
B90
330
B88
100
AcDbEntity
  8
PUB_DIM
 62
     0
440
 16777216
370
    -2
100
AcDbBlockReference
  2
_ArchTick
 10
958935.5421853774
 20
-614343.0888840672
 30
0.0
 41
250.0
 42
250.0
 43
250.0
 50
270.0
  0
MTEXT
  5
B91
330
B88
100
AcDbEntity
  8
PUB_DIM
 62
     7
440
 16777216
100
AcDbMText
 10
958248.0421853778
 20
-615243.0888839742
 30
0.0
 40
743.75
 41
0.0
 46
0.0
 71
     5
 72
     1
  1
\A1;1800
  7
_TCH_DIM_T3
 11
0.0000000000000001
 21
1.0
 31
0.0
 73
     1
 44
1.0
  0
POINT
  5
B92
330
B88
100
AcDbEntity
  8
DEFPOINTS
 62
     0
440
 16777216
100
AcDbPoint
 10
961858.9060054901
 20
-616143.0888838816
 30
0.0
  0
POINT
  5
B93
330
B88
100
AcDbEntity
  8
DEFPOINTS
 62
     0
440
 16777216
100
AcDbPoint
 10
961858.9060054887
 20
-614343.0888840672
 30
0.0
  0
POINT
  5
B94
330
B88
100
AcDbEntity
  8
DEFPOINTS
 62
     0
440
 16777216
100
AcDbPoint
 10
958935.5421853774
 20
-614343.0888840672
 30
0.0
  0
ENDBLK
  5
B95
330
B88
100
AcDbEntity
  8
0
100
AcDbBlockEnd
  0
BLOCK
  5
B98
330
B97
100
AcDbEntity
  8
0
100
AcDbBlockBegin
  2
*D55
 70
     1
 10
0.0
 20
0.0
 30
0.0
  3
*D55
  1

  0
LINE
  5
B99
330
B97
100
AcDbEntity
  8
PUB_DIM
 62
     0
440
 16777216
370
    -2
100
AcDbLine
 10
961108.9060054931
 20
-620043.0888840672
 30
0.0
 11
958310.5421853799
 21
-620043.0888840672
 31
0.0
  0
LINE
  5
B9A
330
B97
100
AcDbEntity
  8
PUB_DIM
 62
     0
440
 16777216
370
    -2
100
AcDbLine
 10
961108.9060054901
 20
-616143.0888838815
 30
0.0
 11
958310.5421853799
 21
-616143.0888838815
 31
0.0
  0
LINE
  5
B9B
330
B97
100
AcDbEntity
  8
PUB_DIM
 62
     0
440
 16777216
370
    -2
100
AcDbLine
 10
958935.5421853801
 20
-620043.0888840672
 30
0.0
 11
958935.5421853801
 21
-616143.0888838815
 31
0.0
  0
INSERT
  5
B9C
330
B97
100
AcDbEntity
  8
PUB_DIM
 62
     0
440
 16777216
370
    -2
100
AcDbBlockReference
  2
_ArchTick
 10
958935.5421853801
 20
-620043.0888840672
 30
0.0
 41
250.0
 42
250.0
 43
250.0
 50
270.0
  0
INSERT
  5
B9D
330
B97
100
AcDbEntity
  8
PUB_DIM
 62
     0
440
 16777216
370
    -2
100
AcDbBlockReference
  2
_ArchTick
 10
958935.5421853801
 20
-616143.0888838815
 30
0.0
 41
250.0
 42
250.0
 43
250.0
 50
90.0
  0
MTEXT
  5
B9E
330
B97
100
AcDbEntity
  8
PUB_DIM
 62
     7
440
 16777216
100
AcDbMText
 10
958248.04218538
 20
-618093.0888839743
 30
0.0
 40
743.75
 41
0.0
 46
0.0
 71
     5
 72
     1
  1
\A1;3900
  7
_TCH_DIM_T3
 11
0.0000000000000001
 21
1.0
 31
0.0
 73
     1
 44
1.0
  0
POINT
  5
B9F
330
B97
100
AcDbEntity
  8
DEFPOINTS
 62
     0
440
 16777216
100
AcDbPoint
 10
961858.9060054931
 20
-620043.0888840672
 30
0.0
  0
POINT
  5
BA0
330
B97
100
AcDbEntity
  8
DEFPOINTS
 62
     0
440
 16777216
100
AcDbPoint
 10
961858.9060054901
 20
-616143.0888838815
 30
0.0
  0
POINT
  5
BA1
330
B97
100
AcDbEntity
  8
DEFPOINTS
 62
     0
440
 16777216
100
AcDbPoint
 10
958935.5421853801
 20
-616143.0888838815
 30
0.0
  0
ENDBLK
  5
BA2
330
B97
100
AcDbEntity
  8
0
100
AcDbBlockEnd
  0
BLOCK
  5
BA5
330
BA4
100
AcDbEntity
  8
0
100
AcDbBlockBegin
  2
*D56
 70
     1
 10
0.0
 20
0.0
 30
0.0
  3
*D56
  1

  0
LINE
  5
BA6
330
BA4
100
AcDbEntity
  8
PUB_DIM
 62
     0
440
 16777216
370
    -2
100
AcDbLine
 10
961108.9060054943
 20
-621543.0888840674
 30
0.0
 11
958310.5421853822
 21
-621543.0888840674
 31
0.0
  0
LINE
  5
BA7
330
BA4
100
AcDbEntity
  8
PUB_DIM
 62
     0
440
 16777216
370
    -2
100
AcDbLine
 10
961108.9060054931
 20
-620043.0888840674
 30
0.0
 11
958310.5421853822
 21
-620043.0888840674
 31
0.0
  0
LINE
  5
BA8
330
BA4
100
AcDbEntity
  8
PUB_DIM
 62
     0
440
 16777216
370
    -2
100
AcDbLine
 10
958935.5421853822
 20
-621543.0888840674
 30
0.0
 11
958935.5421853822
 21
-621793.0888840673
 31
0.0
  0
LINE
  5
BA9
330
BA4
100
AcDbEntity
  8
PUB_DIM
 62
     0
440
 16777216
370
    -2
100
AcDbLine
 10
958935.5421853822
 20
-620043.0888840674
 30
0.0
 11
958935.5421853822
 21
-619793.0888840674
 31
0.0
  0
LINE
  5
BAA
330
BA4
100
AcDbEntity
  8
PUB_DIM
 62
     0
440
 16777216
370
    -2
100
AcDbLine
 10
958935.5421853822
 20
-621543.0888840674
 30
0.0
 11
958935.5421853822
 21
-620043.0888840674
 31
0.0
  0
INSERT
  5
BAB
330
BA4
100
AcDbEntity
  8
PUB_DIM
 62
     0
440
 16777216
370
    -2
100
AcDbBlockReference
  2
_ArchTick
 10
958935.5421853822
 20
-621543.0888840674
 30
0.0
 41
250.0
 42
250.0
 43
250.0
 50
90.0
  0
INSERT
  5
BAC
330
BA4
100
AcDbEntity
  8
PUB_DIM
 62
     0
440
 16777216
370
    -2
100
AcDbBlockReference
  2
_ArchTick
 10
958935.5421853822
 20
-620043.0888840674
 30
0.0
 41
250.0
 42
250.0
 43
250.0
 50
270.0
  0
MTEXT
  5
BAD
330
BA4
100
AcDbEntity
  8
PUB_DIM
 62
     7
440
 16777216
100
AcDbMText
 10
958248.0421853823
 20
-620793.0888840673
 30
0.0
 40
743.75
 41
0.0
 46
0.0
 71
     5
 72
     1
  1
\A1;1500
  7
_TCH_DIM_T3
 11
0.0000000000000001
 21
1.0
 31
0.0
 73
     1
 44
1.0
  0
POINT
  5
BAE
330
BA4
100
AcDbEntity
  8
DEFPOINTS
 62
     0
440
 16777216
100
AcDbPoint
 10
961858.9060054944
 20
-621543.0888840674
 30
0.0
  0
POINT
  5
BAF
330
BA4
100
AcDbEntity
  8
DEFPOINTS
 62
     0
440
 16777216
100
AcDbPoint
 10
961858.9060054931
 20
-620043.0888840674
 30
0.0
  0
POINT
  5
BB0
330
BA4
100
AcDbEntity
  8
DEFPOINTS
 62
     0
440
 16777216
100
AcDbPoint
 10
958935.5421853822
 20
-620043.0888840674
 30
0.0
  0
ENDBLK
  5
BB1
330
BA4
100
AcDbEntity
  8
0
100
AcDbBlockEnd
  0
BLOCK
  5
BB4
330
BB3
100
AcDbEntity
  8
0
100
AcDbBlockBegin
  2
*D57
 70
     1
 10
0.0
 20
0.0
 30
0.0
  3
*D57
  1

  0
LINE
  5
BB5
330
BB3
100
AcDbEntity
  8
PUB_DIM
 62
     0
440
 16777216
370
    -2
100
AcDbLine
 10
961108.9060054965
 20
-623943.0888840693
 30
0.0
 11
958310.5421853842
 21
-623943.0888840693
 31
0.0
  0
LINE
  5
BB6
330
BB3
100
AcDbEntity
  8
PUB_DIM
 62
     0
440
 16777216
370
    -2
100
AcDbLine
 10
961108.9060054943
 20
-621543.0888840673
 30
0.0
 11
958310.5421853842
 21
-621543.0888840673
 31
0.0
  0
LINE
  5
BB7
330
BB3
100
AcDbEntity
  8
PUB_DIM
 62
     0
440
 16777216
370
    -2
100
AcDbLine
 10
958935.5421853841
 20
-623943.0888840693
 30
0.0
 11
958935.5421853841
 21
-624193.0888840691
 31
0.0
  0
LINE
  5
BB8
330
BB3
100
AcDbEntity
  8
PUB_DIM
 62
     0
440
 16777216
370
    -2
100
AcDbLine
 10
958935.5421853841
 20
-621543.0888840673
 30
0.0
 11
958935.5421853841
 21
-621293.0888840673
 31
0.0
  0
LINE
  5
BB9
330
BB3
100
AcDbEntity
  8
PUB_DIM
 62
     0
440
 16777216
370
    -2
100
AcDbLine
 10
958935.5421853841
 20
-623943.0888840693
 30
0.0
 11
958935.5421853841
 21
-621543.0888840673
 31
0.0
  0
INSERT
  5
BBA
330
BB3
100
AcDbEntity
  8
PUB_DIM
 62
     0
440
 16777216
370
    -2
100
AcDbBlockReference
  2
_ArchTick
 10
958935.5421853841
 20
-623943.0888840693
 30
0.0
 41
250.0
 42
250.0
 43
250.0
 50
90.0
  0
INSERT
  5
BBB
330
BB3
100
AcDbEntity
  8
PUB_DIM
 62
     0
440
 16777216
370
    -2
100
AcDbBlockReference
  2
_ArchTick
 10
958935.5421853841
 20
-621543.0888840673
 30
0.0
 41
250.0
 42
250.0
 43
250.0
 50
270.0
  0
MTEXT
  5
BBC
330
BB3
100
AcDbEntity
  8
PUB_DIM
 62
     7
440
 16777216
100
AcDbMText
 10
958248.0421853842
 20
-622743.0888840681
 30
0.0
 40
743.75
 41
0.0
 46
0.0
 71
     5
 72
     1
  1
\A1;2400
  7
_TCH_DIM_T3
 11
0.0000000000000001
 21
1.0
 31
0.0
 73
     1
 44
1.0
  0
POINT
  5
BBD
330
BB3
100
AcDbEntity
  8
DEFPOINTS
 62
     0
440
 16777216
100
AcDbPoint
 10
961858.9060054969
 20
-623943.0888840693
 30
0.0
  0
POINT
  5
BBE
330
BB3
100
AcDbEntity
  8
DEFPOINTS
 62
     0
440
 16777216
100
AcDbPoint
 10
961858.9060054944
 20
-621543.0888840673
 30
0.0
  0
POINT
  5
BBF
330
BB3
100
AcDbEntity
  8
DEFPOINTS
 62
     0
440
 16777216
100
AcDbPoint
 10
958935.5421853841
 20
-621543.0888840673
 30
0.0
  0
ENDBLK
  5
BC0
330
BB3
100
AcDbEntity
  8
0
100
AcDbBlockEnd
  0
BLOCK
  5
BC3
330
BC2
100
AcDbEntity
  8
0
100
AcDbBlockBegin
  2
*D58
 70
     1
 10
0.0
 20
0.0
 30
0.0
  3
*D58
  1

  0
LINE
  5
BC4
330
BC2
100
AcDbEntity
  8
PUB_DIM
 62
     0
440
 16777216
370
    -2
100
AcDbLine
 10
961108.9060054977
 20
-625143.0888840694
 30
0.0
 11
958310.5421853856
 21
-625143.0888840694
 31
0.0
  0
LINE
  5
BC5
330
BC2
100
AcDbEntity
  8
PUB_DIM
 62
     0
440
 16777216
370
    -2
100
AcDbLine
 10
961108.9060054965
 20
-623943.0888840693
 30
0.0
 11
958310.5421853856
 21
-623943.0888840693
 31
0.0
  0
LINE
  5
BC6
330
BC2
100
AcDbEntity
  8
PUB_DIM
 62
     0
440
 16777216
370
    -2
100
AcDbLine
 10
958935.5421853857
 20
-625143.0888840694
 30
0.0
 11
958935.5421853857
 21
-625393.0888840693
 31
0.0
  0
LINE
  5
BC7
330
BC2
100
AcDbEntity
  8
PUB_DIM
 62
     0
440
 16777216
370
    -2
100
AcDbLine
 10
958935.5421853857
 20
-623943.0888840693
 30
0.0
 11
958935.5421853857
 21
-623693.0888840691
 31
0.0
  0
LINE
  5
BC8
330
BC2
100
AcDbEntity
  8
PUB_DIM
 62
     0
440
 16777216
370
    -2
100
AcDbLine
 10
958935.5421853857
 20
-625143.0888840694
 30
0.0
 11
958935.5421853857
 21
-623943.0888840693
 31
0.0
  0
INSERT
  5
BC9
330
BC2
100
AcDbEntity
  8
PUB_DIM
 62
     0
440
 16777216
370
    -2
100
AcDbBlockReference
  2
_ArchTick
 10
958935.5421853857
 20
-625143.0888840694
 30
0.0
 41
250.0
 42
250.0
 43
250.0
 50
90.0
  0
INSERT
  5
BCA
330
BC2
100
AcDbEntity
  8
PUB_DIM
 62
     0
440
 16777216
370
    -2
100
AcDbBlockReference
  2
_ArchTick
 10
958935.5421853857
 20
-623943.0888840693
 30
0.0
 41
250.0
 42
250.0
 43
250.0
 50
270.0
  0
MTEXT
  5
BCB
330
BC2
100
AcDbEntity
  8
PUB_DIM
 62
     7
440
 16777216
100
AcDbMText
 10
958248.0421853857
 20
-624543.088884069
 30
0.0
 40
743.75
 41
0.0
 46
0.0
 71
     5
 72
     1
  1
\A1;1200
  7
_TCH_DIM_T3
 11
0.0000000000000001
 21
1.0
 31
0.0
 73
     1
 44
1.0
  0
POINT
  5
BCC
330
BC2
100
AcDbEntity
  8
DEFPOINTS
 62
     0
440
 16777216
100
AcDbPoint
 10
961858.9060054977
 20
-625143.0888840694
 30
0.0
  0
POINT
  5
BCD
330
BC2
100
AcDbEntity
  8
DEFPOINTS
 62
     0
440
 16777216
100
AcDbPoint
 10
961858.9060054969
 20
-623943.0888840693
 30
0.0
  0
POINT
  5
BCE
330
BC2
100
AcDbEntity
  8
DEFPOINTS
 62
     0
440
 16777216
100
AcDbPoint
 10
958935.5421853857
 20
-623943.0888840693
 30
0.0
  0
ENDBLK
  5
BCF
330
BC2
100
AcDbEntity
  8
0
100
AcDbBlockEnd
  0
BLOCK
  5
BD2
330
BD1
100
AcDbEntity
  8
0
100
AcDbBlockBegin
  2
*D59
 70
     1
 10
0.0
 20
0.0
 30
0.0
  3
*D59
  1

  0
LINE
  5
BD3
330
BD1
100
AcDbEntity
  8
PUB_DIM
 62
     0
440
 16777216
370
    -2
100
AcDbLine
 10
963521.0008661552
 20
-607232.5326635297
 30
0.0
 11
963521.0008661552
 21
-604622.6253853686
 31
0.0
  0
LINE
  5
BD4
330
BD1
100
AcDbEntity
  8
PUB_DIM
 62
     0
440
 16777216
370
    -2
100
AcDbLine
 10
964321.0008661483
 20
-607232.5326635297
 30
0.0
 11
964321.0008661483
 21
-604622.6253853686
 31
0.0
  0
LINE
  5
BD5
330
BD1
100
AcDbEntity
  8
PUB_DIM
 62
     0
440
 16777216
370
    -2
100
AcDbLine
 10
963521.0008661552
 20
-605247.6253853686
 30
0.0
 11
964321.0008661483
 21
-605247.6253853686
 31
0.0
  0
MTEXT
  5
BD6
330
BD1
100
AcDbEntity
  8
PUB_DIM
 62
     7
440
 16777216
100
AcDbMText
 10
962596.0008661557
 20
-604385.1253853686
 30
0.0
 40
743.75
 41
0.0
 46
0.0
 71
     5
 72
     1
  1
\A1;800
  7
_TCH_DIM_T3
 73
     1
 44
1.0
  0
INSERT
  5
BD7
330
BD1
100
AcDbEntity
  8
PUB_DIM
 62
     0
440
 16777216
370
    -2
100
AcDbBlockReference
  2
_ArchTick
 10
963521.0008661552
 20
-605247.6253853686
 30
0.0
 41
250.0
 42
250.0
 43
250.0
 50
180.0
  0
INSERT
  5
BD8
330
BD1
100
AcDbEntity
  8
PUB_DIM
 62
     0
440
 16777216
370
    -2
100
AcDbBlockReference
  2
_ArchTick
 10
964321.0008661483
 20
-605247.6253853686
 30
0.0
 41
250.0
 42
250.0
 43
250.0
  0
POINT
  5
BD9
330
BD1
100
AcDbEntity
  8
DEFPOINTS
 62
     0
440
 16777216
100
AcDbPoint
 10
963521.0008661552
 20
-607982.5326635297
 30
0.0
  0
POINT
  5
BDA
330
BD1
100
AcDbEntity
  8
DEFPOINTS
 62
     0
440
 16777216
100
AcDbPoint
 10
964321.0008661483
 20
-607982.5326635297
 30
0.0
  0
POINT
  5
BDB
330
BD1
100
AcDbEntity
  8
DEFPOINTS
 62
     0
440
 16777216
100
AcDbPoint
 10
964321.0008661483
 20
-605247.6253853686
 30
0.0
  0
ENDBLK
  5
BDC
330
BD1
100
AcDbEntity
  8
0
100
AcDbBlockEnd
  0
BLOCK
  5
BDF
330
BDE
100
AcDbEntity
  8
0
100
AcDbBlockBegin
  2
*D60
 70
     1
 10
0.0
 20
0.0
 30
0.0
  3
*D60
  1

  0
LINE
  5
BE0
330
BDE
100
AcDbEntity
  8
PUB_DIM
 62
     0
440
 16777216
370
    -2
100
AcDbLine
 10
964321.0008661483
 20
-607232.5326635297
 30
0.0
 11
964321.0008661483
 21
-604622.6253853686
 31
0.0
  0
LINE
  5
BE1
330
BDE
100
AcDbEntity
  8
PUB_DIM
 62
     0
440
 16777216
370
    -2
100
AcDbLine
 10
967121.0008661482
 20
-607232.5326635297
 30
0.0
 11
967121.0008661482
 21
-604622.6253853686
 31
0.0
  0
LINE
  5
BE2
330
BDE
100
AcDbEntity
  8
PUB_DIM
 62
     0
440
 16777216
370
    -2
100
AcDbLine
 10
964321.0008661483
 20
-605247.6253853686
 30
0.0
 11
967121.0008661482
 21
-605247.6253853686
 31
0.0
  0
INSERT
  5
BE3
330
BDE
100
AcDbEntity
  8
PUB_DIM
 62
     0
440
 16777216
370
    -2
100
AcDbBlockReference
  2
_ArchTick
 10
964321.0008661483
 20
-605247.6253853686
 30
0.0
 41
250.0
 42
250.0
 43
250.0
 50
180.0
  0
INSERT
  5
BE4
330
BDE
100
AcDbEntity
  8
PUB_DIM
 62
     0
440
 16777216
370
    -2
100
AcDbBlockReference
  2
_ArchTick
 10
967121.0008661482
 20
-605247.6253853686
 30
0.0
 41
250.0
 42
250.0
 43
250.0
  0
MTEXT
  5
BE5
330
BDE
100
AcDbEntity
  8
PUB_DIM
 62
     7
440
 16777216
100
AcDbMText
 10
965721.0008661479
 20
-604560.1253853686
 30
0.0
 40
743.75
 41
0.0
 46
0.0
 71
     5
 72
     1
  1
\A1;2800
  7
_TCH_DIM_T3
 73
     1
 44
1.0
  0
POINT
  5
BE6
330
BDE
100
AcDbEntity
  8
DEFPOINTS
 62
     0
440
 16777216
100
AcDbPoint
 10
964321.0008661483
 20
-607982.5326635297
 30
0.0
  0
POINT
  5
BE7
330
BDE
100
AcDbEntity
  8
DEFPOINTS
 62
     0
440
 16777216
100
AcDbPoint
 10
967121.0008661482
 20
-607982.5326635297
 30
0.0
  0
POINT
  5
BE8
330
BDE
100
AcDbEntity
  8
DEFPOINTS
 62
     0
440
 16777216
100
AcDbPoint
 10
967121.0008661482
 20
-605247.6253853686
 30
0.0
  0
ENDBLK
  5
BE9
330
BDE
100
AcDbEntity
  8
0
100
AcDbBlockEnd
  0
BLOCK
  5
BEC
330
BEB
100
AcDbEntity
  8
0
100
AcDbBlockBegin
  2
*D61
 70
     1
 10
0.0
 20
0.0
 30
0.0
  3
*D61
  1

  0
LINE
  5
BED
330
BEB
100
AcDbEntity
  8
PUB_DIM
 62
     0
440
 16777216
370
    -2
100
AcDbLine
 10
967121.0008661482
 20
-607232.5326635297
 30
0.0
 11
967121.0008661482
 21
-604622.6253853686
 31
0.0
  0
LINE
  5
BEE
330
BEB
100
AcDbEntity
  8
PUB_DIM
 62
     0
440
 16777216
370
    -2
100
AcDbLine
 10
973921.000866148
 20
-607232.5326635297
 30
0.0
 11
973921.000866148
 21
-604622.6253853686
 31
0.0
  0
LINE
  5
BEF
330
BEB
100
AcDbEntity
  8
PUB_DIM
 62
     0
440
 16777216
370
    -2
100
AcDbLine
 10
967121.0008661482
 20
-605247.6253853686
 30
0.0
 11
973921.000866148
 21
-605247.6253853686
 31
0.0
  0
INSERT
  5
BF0
330
BEB
100
AcDbEntity
  8
PUB_DIM
 62
     0
440
 16777216
370
    -2
100
AcDbBlockReference
  2
_ArchTick
 10
967121.0008661482
 20
-605247.6253853686
 30
0.0
 41
250.0
 42
250.0
 43
250.0
 50
180.0
  0
INSERT
  5
BF1
330
BEB
100
AcDbEntity
  8
PUB_DIM
 62
     0
440
 16777216
370
    -2
100
AcDbBlockReference
  2
_ArchTick
 10
973921.000866148
 20
-605247.6253853686
 30
0.0
 41
250.0
 42
250.0
 43
250.0
  0
MTEXT
  5
BF2
330
BEB
100
AcDbEntity
  8
PUB_DIM
 62
     7
440
 16777216
100
AcDbMText
 10
970521.0008661481
 20
-604560.1253853686
 30
0.0
 40
743.75
 41
0.0
 46
0.0
 71
     5
 72
     1
  1
\A1;6800
  7
_TCH_DIM_T3
 73
     1
 44
1.0
  0
POINT
  5
BF3
330
BEB
100
AcDbEntity
  8
DEFPOINTS
 62
     0
440
 16777216
100
AcDbPoint
 10
967121.0008661482
 20
-607982.5326635297
 30
0.0
  0
POINT
  5
BF4
330
BEB
100
AcDbEntity
  8
DEFPOINTS
 62
     0
440
 16777216
100
AcDbPoint
 10
973921.000866148
 20
-607982.5326635297
 30
0.0
  0
POINT
  5
BF5
330
BEB
100
AcDbEntity
  8
DEFPOINTS
 62
     0
440
 16777216
100
AcDbPoint
 10
973921.000866148
 20
-605247.6253853686
 30
0.0
  0
ENDBLK
  5
BF6
330
BEB
100
AcDbEntity
  8
0
100
AcDbBlockEnd
  0
BLOCK
  5
BF9
330
BF8
100
AcDbEntity
  8
0
100
AcDbBlockBegin
  2
*D62
 70
     1
 10
0.0
 20
0.0
 30
0.0
  3
*D62
  1

  0
LINE
  5
BFA
330
BF8
100
AcDbEntity
  8
PUB_DIM
 62
     0
440
 16777216
370
    -2
100
AcDbLine
 10
973921.000866148
 20
-607232.5326635297
 30
0.0
 11
973921.000866148
 21
-604622.6253853686
 31
0.0
  0
LINE
  5
BFB
330
BF8
100
AcDbEntity
  8
PUB_DIM
 62
     0
440
 16777216
370
    -2
100
AcDbLine
 10
975821.0008661485
 20
-607232.5326635297
 30
0.0
 11
975821.0008661485
 21
-604622.6253853686
 31
0.0
  0
LINE
  5
BFC
330
BF8
100
AcDbEntity
  8
PUB_DIM
 62
     0
440
 16777216
370
    -2
100
AcDbLine
 10
973921.000866148
 20
-605247.6253853686
 30
0.0
 11
973671.000866148
 21
-605247.6253853686
 31
0.0
  0
LINE
  5
BFD
330
BF8
100
AcDbEntity
  8
PUB_DIM
 62
     0
440
 16777216
370
    -2
100
AcDbLine
 10
975821.0008661485
 20
-605247.6253853686
 30
0.0
 11
976071.0008661485
 21
-605247.6253853686
 31
0.0
  0
LINE
  5
BFE
330
BF8
100
AcDbEntity
  8
PUB_DIM
 62
     0
440
 16777216
370
    -2
100
AcDbLine
 10
973921.000866148
 20
-605247.6253853686
 30
0.0
 11
975821.0008661485
 21
-605247.6253853686
 31
0.0
  0
INSERT
  5
BFF
330
BF8
100
AcDbEntity
  8
PUB_DIM
 62
     0
440
 16777216
370
    -2
100
AcDbBlockReference
  2
_ArchTick
 10
973921.000866148
 20
-605247.6253853686
 30
0.0
 41
250.0
 42
250.0
 43
250.0
  0
INSERT
  5
C00
330
BF8
100
AcDbEntity
  8
PUB_DIM
 62
     0
440
 16777216
370
    -2
100
AcDbBlockReference
  2
_ArchTick
 10
975821.0008661485
 20
-605247.6253853686
 30
0.0
 41
250.0
 42
250.0
 43
250.0
 50
180.0
  0
MTEXT
  5
C01
330
BF8
100
AcDbEntity
  8
PUB_DIM
 62
     7
440
 16777216
100
AcDbMText
 10
974871.0008661484
 20
-604560.1253853686
 30
0.0
 40
743.75
 41
0.0
 46
0.0
 71
     5
 72
     1
  1
\A1;1900
  7
_TCH_DIM_T3
 73
     1
 44
1.0
  0
POINT
  5
C02
330
BF8
100
AcDbEntity
  8
DEFPOINTS
 62
     0
440
 16777216
100
AcDbPoint
 10
973921.000866148
 20
-607982.5326635297
 30
0.0
  0
POINT
  5
C03
330
BF8
100
AcDbEntity
  8
DEFPOINTS
 62
     0
440
 16777216
100
AcDbPoint
 10
975821.0008661485
 20
-607982.5326635297
 30
0.0
  0
POINT
  5
C04
330
BF8
100
AcDbEntity
  8
DEFPOINTS
 62
     0
440
 16777216
100
AcDbPoint
 10
975821.0008661485
 20
-605247.6253853686
 30
0.0
  0
ENDBLK
  5
C05
330
BF8
100
AcDbEntity
  8
0
100
AcDbBlockEnd
  0
BLOCK
  5
C08
330
C07
100
AcDbEntity
  8
0
100
AcDbBlockBegin
  2
*D63
 70
     1
 10
0.0
 20
0.0
 30
0.0
  3
*D63
  1

  0
LINE
  5
C09
330
C07
100
AcDbEntity
  8
PUB_DIM
 62
     0
440
 16777216
370
    -2
100
AcDbLine
 10
975821.0008661485
 20
-607232.5326635297
 30
0.0
 11
975821.0008661485
 21
-604622.6253853686
 31
0.0
  0
LINE
  5
C0A
330
C07
100
AcDbEntity
  8
PUB_DIM
 62
     0
440
 16777216
370
    -2
100
AcDbLine
 10
977921.0008661465
 20
-607232.5326635297
 30
0.0
 11
977921.0008661465
 21
-604622.6253853686
 31
0.0
  0
LINE
  5
C0B
330
C07
100
AcDbEntity
  8
PUB_DIM
 62
     0
440
 16777216
370
    -2
100
AcDbLine
 10
975821.0008661485
 20
-605247.6253853686
 30
0.0
 11
975571.0008661484
 21
-605247.6253853686
 31
0.0
  0
LINE
  5
C0C
330
C07
100
AcDbEntity
  8
PUB_DIM
 62
     0
440
 16777216
370
    -2
100
AcDbLine
 10
977921.0008661465
 20
-605247.6253853686
 30
0.0
 11
978171.0008661464
 21
-605247.6253853686
 31
0.0
  0
LINE
  5
C0D
330
C07
100
AcDbEntity
  8
PUB_DIM
 62
     0
440
 16777216
370
    -2
100
AcDbLine
 10
975821.0008661485
 20
-605247.6253853686
 30
0.0
 11
977921.0008661465
 21
-605247.6253853686
 31
0.0
  0
INSERT
  5
C0E
330
C07
100
AcDbEntity
  8
PUB_DIM
 62
     0
440
 16777216
370
    -2
100
AcDbBlockReference
  2
_ArchTick
 10
975821.0008661485
 20
-605247.6253853686
 30
0.0
 41
250.0
 42
250.0
 43
250.0
  0
INSERT
  5
C0F
330
C07
100
AcDbEntity
  8
PUB_DIM
 62
     0
440
 16777216
370
    -2
100
AcDbBlockReference
  2
_ArchTick
 10
977921.0008661465
 20
-605247.6253853686
 30
0.0
 41
250.0
 42
250.0
 43
250.0
 50
180.0
  0
MTEXT
  5
C10
330
C07
100
AcDbEntity
  8
PUB_DIM
 62
     7
440
 16777216
100
AcDbMText
 10
976871.0008661473
 20
-604560.1253853686
 30
0.0
 40
743.75
 41
0.0
 46
0.0
 71
     5
 72
     1
  1
\A1;2100
  7
_TCH_DIM_T3
 73
     1
 44
1.0
  0
POINT
  5
C11
330
C07
100
AcDbEntity
  8
DEFPOINTS
 62
     0
440
 16777216
100
AcDbPoint
 10
975821.0008661485
 20
-607982.5326635297
 30
0.0
  0
POINT
  5
C12
330
C07
100
AcDbEntity
  8
DEFPOINTS
 62
     0
440
 16777216
100
AcDbPoint
 10
977921.0008661465
 20
-607982.5326635297
 30
0.0
  0
POINT
  5
C13
330
C07
100
AcDbEntity
  8
DEFPOINTS
 62
     0
440
 16777216
100
AcDbPoint
 10
977921.0008661465
 20
-605247.6253853686
 30
0.0
  0
ENDBLK
  5
C14
330
C07
100
AcDbEntity
  8
0
100
AcDbBlockEnd
  0
BLOCK
  5
C17
330
C16
100
AcDbEntity
  8
0
100
AcDbBlockBegin
  2
*D64
 70
     1
 10
0.0
 20
0.0
 30
0.0
  3
*D64
  1

  0
LINE
  5
C18
330
C16
100
AcDbEntity
  8
PUB_DIM
 62
     0
440
 16777216
370
    -2
100
AcDbLine
 10
977921.0008661465
 20
-607232.5326635297
 30
0.0
 11
977921.0008661465
 21
-604622.6253853686
 31
0.0
  0
LINE
  5
C19
330
C16
100
AcDbEntity
  8
PUB_DIM
 62
     0
440
 16777216
370
    -2
100
AcDbLine
 10
983721.0008661459
 20
-607232.5326635297
 30
0.0
 11
983721.0008661459
 21
-604622.6253853686
 31
0.0
  0
LINE
  5
C1A
330
C16
100
AcDbEntity
  8
PUB_DIM
 62
     0
440
 16777216
370
    -2
100
AcDbLine
 10
977921.0008661465
 20
-605247.6253853686
 30
0.0
 11
983721.0008661459
 21
-605247.6253853686
 31
0.0
  0
INSERT
  5
C1B
330
C16
100
AcDbEntity
  8
PUB_DIM
 62
     0
440
 16777216
370
    -2
100
AcDbBlockReference
  2
_ArchTick
 10
977921.0008661465
 20
-605247.6253853686
 30
0.0
 41
250.0
 42
250.0
 43
250.0
 50
180.0
  0
INSERT
  5
C1C
330
C16
100
AcDbEntity
  8
PUB_DIM
 62
     0
440
 16777216
370
    -2
100
AcDbBlockReference
  2
_ArchTick
 10
983721.0008661459
 20
-605247.6253853686
 30
0.0
 41
250.0
 42
250.0
 43
250.0
  0
MTEXT
  5
C1D
330
C16
100
AcDbEntity
  8
PUB_DIM
 62
     7
440
 16777216
100
AcDbMText
 10
980821.0008661465
 20
-604560.1253853686
 30
0.0
 40
743.75
 41
0.0
 46
0.0
 71
     5
 72
     1
  1
\A1;5800
  7
_TCH_DIM_T3
 73
     1
 44
1.0
  0
POINT
  5
C1E
330
C16
100
AcDbEntity
  8
DEFPOINTS
 62
     0
440
 16777216
100
AcDbPoint
 10
977921.0008661465
 20
-607982.5326635297
 30
0.0
  0
POINT
  5
C1F
330
C16
100
AcDbEntity
  8
DEFPOINTS
 62
     0
440
 16777216
100
AcDbPoint
 10
983721.0008661459
 20
-607982.5326635297
 30
0.0
  0
POINT
  5
C20
330
C16
100
AcDbEntity
  8
DEFPOINTS
 62
     0
440
 16777216
100
AcDbPoint
 10
983721.0008661459
 20
-605247.6253853686
 30
0.0
  0
ENDBLK
  5
C21
330
C16
100
AcDbEntity
  8
0
100
AcDbBlockEnd
  0
BLOCK
  5
C24
330
C23
100
AcDbEntity
  8
0
100
AcDbBlockBegin
  2
*D65
 70
     1
 10
0.0
 20
0.0
 30
0.0
  3
*D65
  1

  0
LINE
  5
C25
330
C23
100
AcDbEntity
  8
PUB_DIM
 62
     0
440
 16777216
370
    -2
100
AcDbLine
 10
983721.0008661459
 20
-607232.5326635297
 30
0.0
 11
983721.0008661459
 21
-604622.6253853686
 31
0.0
  0
LINE
  5
C26
330
C23
100
AcDbEntity
  8
PUB_DIM
 62
     0
440
 16777216
370
    -2
100
AcDbLine
 10
985821.000866152
 20
-607232.5326635297
 30
0.0
 11
985821.000866152
 21
-604622.6253853686
 31
0.0
  0
LINE
  5
C27
330
C23
100
AcDbEntity
  8
PUB_DIM
 62
     0
440
 16777216
370
    -2
100
AcDbLine
 10
983721.0008661459
 20
-605247.6253853686
 30
0.0
 11
983471.0008661465
 21
-605247.6253853686
 31
0.0
  0
LINE
  5
C28
330
C23
100
AcDbEntity
  8
PUB_DIM
 62
     0
440
 16777216
370
    -2
100
AcDbLine
 10
985821.000866152
 20
-605247.6253853686
 30
0.0
 11
986071.000866152
 21
-605247.6253853686
 31
0.0
  0
LINE
  5
C29
330
C23
100
AcDbEntity
  8
PUB_DIM
 62
     0
440
 16777216
370
    -2
100
AcDbLine
 10
983721.0008661459
 20
-605247.6253853686
 30
0.0
 11
985821.000866152
 21
-605247.6253853686
 31
0.0
  0
INSERT
  5
C2A
330
C23
100
AcDbEntity
  8
PUB_DIM
 62
     0
440
 16777216
370
    -2
100
AcDbBlockReference
  2
_ArchTick
 10
983721.0008661459
 20
-605247.6253853686
 30
0.0
 41
250.0
 42
250.0
 43
250.0
  0
INSERT
  5
C2B
330
C23
100
AcDbEntity
  8
PUB_DIM
 62
     0
440
 16777216
370
    -2
100
AcDbBlockReference
  2
_ArchTick
 10
985821.000866152
 20
-605247.6253853686
 30
0.0
 41
250.0
 42
250.0
 43
250.0
 50
180.0
  0
MTEXT
  5
C2C
330
C23
100
AcDbEntity
  8
PUB_DIM
 62
     7
440
 16777216
100
AcDbMText
 10
984771.0008661493
 20
-604560.1253853686
 30
0.0
 40
743.75
 41
0.0
 46
0.0
 71
     5
 72
     1
  1
\A1;2100
  7
_TCH_DIM_T3
 73
     1
 44
1.0
  0
POINT
  5
C2D
330
C23
100
AcDbEntity
  8
DEFPOINTS
 62
     0
440
 16777216
100
AcDbPoint
 10
983721.0008661459
 20
-607982.5326635297
 30
0.0
  0
POINT
  5
C2E
330
C23
100
AcDbEntity
  8
DEFPOINTS
 62
     0
440
 16777216
100
AcDbPoint
 10
985821.000866152
 20
-607982.5326635297
 30
0.0
  0
POINT
  5
C2F
330
C23
100
AcDbEntity
  8
DEFPOINTS
 62
     0
440
 16777216
100
AcDbPoint
 10
985821.000866152
 20
-605247.6253853686
 30
0.0
  0
ENDBLK
  5
C30
330
C23
100
AcDbEntity
  8
0
100
AcDbBlockEnd
  0
BLOCK
  5
C33
330
C32
100
AcDbEntity
  8
0
100
AcDbBlockBegin
  2
*D66
 70
     1
 10
0.0
 20
0.0
 30
0.0
  3
*D66
  1

  0
LINE
  5
C34
330
C32
100
AcDbEntity
  8
PUB_DIM
 62
     0
440
 16777216
370
    -2
100
AcDbLine
 10
985821.000866152
 20
-607232.5326635297
 30
0.0
 11
985821.000866152
 21
-604622.6253853686
 31
0.0
  0
LINE
  5
C35
330
C32
100
AcDbEntity
  8
PUB_DIM
 62
     0
440
 16777216
370
    -2
100
AcDbLine
 10
987721.0008661521
 20
-607232.5326635297
 30
0.0
 11
987721.0008661521
 21
-604622.6253853686
 31
0.0
  0
LINE
  5
C36
330
C32
100
AcDbEntity
  8
PUB_DIM
 62
     0
440
 16777216
370
    -2
100
AcDbLine
 10
985821.000866152
 20
-605247.6253853686
 30
0.0
 11
985571.0008661521
 21
-605247.6253853686
 31
0.0
  0
LINE
  5
C37
330
C32
100
AcDbEntity
  8
PUB_DIM
 62
     0
440
 16777216
370
    -2
100
AcDbLine
 10
987721.0008661521
 20
-605247.6253853686
 30
0.0
 11
987971.0008661525
 21
-605247.6253853686
 31
0.0
  0
LINE
  5
C38
330
C32
100
AcDbEntity
  8
PUB_DIM
 62
     0
440
 16777216
370
    -2
100
AcDbLine
 10
985821.000866152
 20
-605247.6253853686
 30
0.0
 11
987721.0008661521
 21
-605247.6253853686
 31
0.0
  0
INSERT
  5
C39
330
C32
100
AcDbEntity
  8
PUB_DIM
 62
     0
440
 16777216
370
    -2
100
AcDbBlockReference
  2
_ArchTick
 10
985821.000866152
 20
-605247.6253853686
 30
0.0
 41
250.0
 42
250.0
 43
250.0
  0
INSERT
  5
C3A
330
C32
100
AcDbEntity
  8
PUB_DIM
 62
     0
440
 16777216
370
    -2
100
AcDbBlockReference
  2
_ArchTick
 10
987721.0008661521
 20
-605247.6253853686
 30
0.0
 41
250.0
 42
250.0
 43
250.0
 50
180.0
  0
MTEXT
  5
C3B
330
C32
100
AcDbEntity
  8
PUB_DIM
 62
     7
440
 16777216
100
AcDbMText
 10
986771.000866152
 20
-604560.1253853686
 30
0.0
 40
743.75
 41
0.0
 46
0.0
 71
     5
 72
     1
  1
\A1;1900
  7
_TCH_DIM_T3
 73
     1
 44
1.0
  0
POINT
  5
C3C
330
C32
100
AcDbEntity
  8
DEFPOINTS
 62
     0
440
 16777216
100
AcDbPoint
 10
985821.000866152
 20
-607982.5326635297
 30
0.0
  0
POINT
  5
C3D
330
C32
100
AcDbEntity
  8
DEFPOINTS
 62
     0
440
 16777216
100
AcDbPoint
 10
987721.0008661521
 20
-607982.5326635297
 30
0.0
  0
POINT
  5
C3E
330
C32
100
AcDbEntity
  8
DEFPOINTS
 62
     0
440
 16777216
100
AcDbPoint
 10
987721.0008661521
 20
-605247.6253853686
 30
0.0
  0
ENDBLK
  5
C3F
330
C32
100
AcDbEntity
  8
0
100
AcDbBlockEnd
  0
BLOCK
  5
C42
330
C41
100
AcDbEntity
  8
0
100
AcDbBlockBegin
  2
*D67
 70
     1
 10
0.0
 20
0.0
 30
0.0
  3
*D67
  1

  0
LINE
  5
C43
330
C41
100
AcDbEntity
  8
PUB_DIM
 62
     0
440
 16777216
370
    -2
100
AcDbLine
 10
987721.0008661521
 20
-607232.5326635297
 30
0.0
 11
987721.0008661521
 21
-604622.6253853686
 31
0.0
  0
LINE
  5
C44
330
C41
100
AcDbEntity
  8
PUB_DIM
 62
     0
440
 16777216
370
    -2
100
AcDbLine
 10
994521.0008661517
 20
-607232.5326635297
 30
0.0
 11
994521.0008661517
 21
-604622.6253853686
 31
0.0
  0
LINE
  5
C45
330
C41
100
AcDbEntity
  8
PUB_DIM
 62
     0
440
 16777216
370
    -2
100
AcDbLine
 10
987721.0008661521
 20
-605247.6253853686
 30
0.0
 11
994521.0008661517
 21
-605247.6253853686
 31
0.0
  0
INSERT
  5
C46
330
C41
100
AcDbEntity
  8
PUB_DIM
 62
     0
440
 16777216
370
    -2
100
AcDbBlockReference
  2
_ArchTick
 10
987721.0008661521
 20
-605247.6253853686
 30
0.0
 41
250.0
 42
250.0
 43
250.0
 50
180.0
  0
INSERT
  5
C47
330
C41
100
AcDbEntity
  8
PUB_DIM
 62
     0
440
 16777216
370
    -2
100
AcDbBlockReference
  2
_ArchTick
 10
994521.0008661517
 20
-605247.6253853686
 30
0.0
 41
250.0
 42
250.0
 43
250.0
  0
MTEXT
  5
C48
330
C41
100
AcDbEntity
  8
PUB_DIM
 62
     7
440
 16777216
100
AcDbMText
 10
991121.000866152
 20
-604560.1253853686
 30
0.0
 40
743.75
 41
0.0
 46
0.0
 71
     5
 72
     1
  1
\A1;6800
  7
_TCH_DIM_T3
 73
     1
 44
1.0
  0
POINT
  5
C49
330
C41
100
AcDbEntity
  8
DEFPOINTS
 62
     0
440
 16777216
100
AcDbPoint
 10
987721.0008661521
 20
-607982.5326635297
 30
0.0
  0
POINT
  5
C4A
330
C41
100
AcDbEntity
  8
DEFPOINTS
 62
     0
440
 16777216
100
AcDbPoint
 10
994521.0008661517
 20
-607982.5326635297
 30
0.0
  0
POINT
  5
C4B
330
C41
100
AcDbEntity
  8
DEFPOINTS
 62
     0
440
 16777216
100
AcDbPoint
 10
994521.0008661517
 20
-605247.6253853686
 30
0.0
  0
ENDBLK
  5
C4C
330
C41
100
AcDbEntity
  8
0
100
AcDbBlockEnd
  0
BLOCK
  5
C4F
330
C4E
100
AcDbEntity
  8
0
100
AcDbBlockBegin
  2
*D68
 70
     1
 10
0.0
 20
0.0
 30
0.0
  3
*D68
  1

  0
LINE
  5
C50
330
C4E
100
AcDbEntity
  8
PUB_DIM
 62
     0
440
 16777216
370
    -2
100
AcDbLine
 10
994521.0008661517
 20
-607232.5326635297
 30
0.0
 11
994521.0008661517
 21
-604622.6253853686
 31
0.0
  0
LINE
  5
C51
330
C4E
100
AcDbEntity
  8
PUB_DIM
 62
     0
440
 16777216
370
    -2
100
AcDbLine
 10
997321.0008661517
 20
-607232.5326635297
 30
0.0
 11
997321.0008661517
 21
-604622.6253853686
 31
0.0
  0
LINE
  5
C52
330
C4E
100
AcDbEntity
  8
PUB_DIM
 62
     0
440
 16777216
370
    -2
100
AcDbLine
 10
994521.0008661517
 20
-605247.6253853686
 30
0.0
 11
997321.0008661517
 21
-605247.6253853686
 31
0.0
  0
INSERT
  5
C53
330
C4E
100
AcDbEntity
  8
PUB_DIM
 62
     0
440
 16777216
370
    -2
100
AcDbBlockReference
  2
_ArchTick
 10
994521.0008661517
 20
-605247.6253853686
 30
0.0
 41
250.0
 42
250.0
 43
250.0
 50
180.0
  0
INSERT
  5
C54
330
C4E
100
AcDbEntity
  8
PUB_DIM
 62
     0
440
 16777216
370
    -2
100
AcDbBlockReference
  2
_ArchTick
 10
997321.0008661517
 20
-605247.6253853686
 30
0.0
 41
250.0
 42
250.0
 43
250.0
  0
MTEXT
  5
C55
330
C4E
100
AcDbEntity
  8
PUB_DIM
 62
     7
440
 16777216
100
AcDbMText
 10
995921.0008661521
 20
-604560.1253853686
 30
0.0
 40
743.75
 41
0.0
 46
0.0
 71
     5
 72
     1
  1
\A1;2800
  7
_TCH_DIM_T3
 73
     1
 44
1.0
  0
POINT
  5
C56
330
C4E
100
AcDbEntity
  8
DEFPOINTS
 62
     0
440
 16777216
100
AcDbPoint
 10
994521.0008661517
 20
-607982.5326635297
 30
0.0
  0
POINT
  5
C57
330
C4E
100
AcDbEntity
  8
DEFPOINTS
 62
     0
440
 16777216
100
AcDbPoint
 10
997321.0008661517
 20
-607982.5326635297
 30
0.0
  0
POINT
  5
C58
330
C4E
100
AcDbEntity
  8
DEFPOINTS
 62
     0
440
 16777216
100
AcDbPoint
 10
997321.0008661517
 20
-605247.6253853686
 30
0.0
  0
ENDBLK
  5
C59
330
C4E
100
AcDbEntity
  8
0
100
AcDbBlockEnd
  0
BLOCK
  5
C5C
330
C5B
100
AcDbEntity
  8
0
100
AcDbBlockBegin
  2
*D69
 70
     1
 10
0.0
 20
0.0
 30
0.0
  3
*D69
  1

  0
LINE
  5
C5D
330
C5B
100
AcDbEntity
  8
PUB_DIM
 62
     0
440
 16777216
370
    -2
100
AcDbLine
 10
997321.0008661517
 20
-607232.5326635297
 30
0.0
 11
997321.0008661517
 21
-604622.6253853686
 31
0.0
  0
LINE
  5
C5E
330
C5B
100
AcDbEntity
  8
PUB_DIM
 62
     0
440
 16777216
370
    -2
100
AcDbLine
 10
998121.000866161
 20
-607232.5326635297
 30
0.0
 11
998121.000866161
 21
-604622.6253853686
 31
0.0
  0
LINE
  5
C5F
330
C5B
100
AcDbEntity
  8
PUB_DIM
 62
     0
440
 16777216
370
    -2
100
AcDbLine
 10
997321.0008661517
 20
-605247.6253853686
 30
0.0
 11
998121.000866161
 21
-605247.6253853686
 31
0.0
  0
MTEXT
  5
C60
330
C5B
100
AcDbEntity
  8
PUB_DIM
 62
     7
440
 16777216
100
AcDbMText
 10
997189.6902274551
 20
-603828.8753853686
 30
0.0
 40
743.75
 41
0.0
 46
0.0
 71
     5
 72
     1
  1
\A1;800
  7
_TCH_DIM_T3
 73
     1
 44
1.0
  0
INSERT
  5
C61
330
C5B
100
AcDbEntity
  8
PUB_DIM
 62
     0
440
 16777216
370
    -2
100
AcDbBlockReference
  2
_ArchTick
 10
997321.0008661517
 20
-605247.6253853686
 30
0.0
 41
250.0
 42
250.0
 43
250.0
 50
180.0
  0
INSERT
  5
C62
330
C5B
100
AcDbEntity
  8
PUB_DIM
 62
     0
440
 16777216
370
    -2
100
AcDbBlockReference
  2
_ArchTick
 10
998121.000866161
 20
-605247.6253853686
 30
0.0
 41
250.0
 42
250.0
 43
250.0
  0
POINT
  5
C63
330
C5B
100
AcDbEntity
  8
DEFPOINTS
 62
     0
440
 16777216
100
AcDbPoint
 10
997321.0008661517
 20
-607982.5326635297
 30
0.0
  0
POINT
  5
C64
330
C5B
100
AcDbEntity
  8
DEFPOINTS
 62
     0
440
 16777216
100
AcDbPoint
 10
998121.000866161
 20
-607982.5326635297
 30
0.0
  0
POINT
  5
C65
330
C5B
100
AcDbEntity
  8
DEFPOINTS
 62
     0
440
 16777216
100
AcDbPoint
 10
998121.000866161
 20
-605247.6253853686
 30
0.0
  0
ENDBLK
  5
C66
330
C5B
100
AcDbEntity
  8
0
100
AcDbBlockEnd
  0
BLOCK
  5
C69
330
C68
100
AcDbEntity
  8
0
100
AcDbBlockBegin
  2
*D70
 70
     1
 10
0.0
 20
0.0
 30
0.0
  3
*D70
  1

  0
LINE
  5
C6A
330
C68
100
AcDbEntity
  8
PUB_DIM
 62
     0
440
 16777216
370
    -2
100
AcDbLine
 10
963521.0008661406
 20
-627531.9456936696
 30
0.0
 11
963521.0008661406
 21
-631621.1575609209
 31
0.0
  0
LINE
  5
C6B
330
C68
100
AcDbEntity
  8
PUB_DIM
 62
     0
440
 16777216
370
    -2
100
AcDbLine
 10
998121.000866161
 20
-627531.9456936696
 30
0.0
 11
998121.000866161
 21
-631621.1575609209
 31
0.0
  0
LINE
  5
C6C
330
C68
100
AcDbEntity
  8
PUB_DIM
 62
     0
440
 16777216
370
    -2
100
AcDbLine
 10
963521.0008661406
 20
-630996.1575609208
 30
0.0
 11
998121.000866161
 21
-630996.1575609208
 31
0.0
  0
INSERT
  5
C6D
330
C68
100
AcDbEntity
  8
PUB_DIM
 62
     0
440
 16777216
370
    -2
100
AcDbBlockReference
  2
_ArchTick
 10
963521.0008661406
 20
-630996.1575609208
 30
0.0
 41
250.0
 42
250.0
 43
250.0
 50
180.0
  0
INSERT
  5
C6E
330
C68
100
AcDbEntity
  8
PUB_DIM
 62
     0
440
 16777216
370
    -2
100
AcDbBlockReference
  2
_ArchTick
 10
998121.000866161
 20
-630996.1575609208
 30
0.0
 41
250.0
 42
250.0
 43
250.0
  0
MTEXT
  5
C6F
330
C68
100
AcDbEntity
  8
PUB_DIM
 62
     7
440
 16777216
100
AcDbMText
 10
980821.0008661509
 20
-630308.6575609208
 30
0.0
 40
743.75
 41
0.0
 46
0.0
 71
     5
 72
     1
  1
\A1;34600
  7
_TCH_DIM_T3
 73
     1
 44
1.0
  0
POINT
  5
C70
330
C68
100
AcDbEntity
  8
DEFPOINTS
 62
     0
440
 16777216
100
AcDbPoint
 10
963521.0008661406
 20
-626781.9456936696
 30
0.0
  0
POINT
  5
C71
330
C68
100
AcDbEntity
  8
DEFPOINTS
 62
     0
440
 16777216
100
AcDbPoint
 10
998121.000866161
 20
-626781.9456936696
 30
0.0
  0
POINT
  5
C72
330
C68
100
AcDbEntity
  8
DEFPOINTS
 62
     0
440
 16777216
100
AcDbPoint
 10
998121.000866161
 20
-630996.1575609208
 30
0.0
  0
ENDBLK
  5
C73
330
C68
100
AcDbEntity
  8
0
100
AcDbBlockEnd
  0
BLOCK
  5
C76
330
C75
100
AcDbEntity
  8
0
100
AcDbBlockBegin
  2
*D71
 70
     1
 10
0.0
 20
0.0
 30
0.0
  3
*D71
  1

  0
LINE
  5
C77
330
C75
100
AcDbEntity
  8
PUB_DIM
 62
     0
440
 16777216
370
    -2
100
AcDbLine
 10
963521.0008661552
 20
-606482.5326635304
 30
0.0
 11
963521.0008661552
 21
-602622.6253853687
 31
0.0
  0
LINE
  5
C78
330
C75
100
AcDbEntity
  8
PUB_DIM
 62
     0
440
 16777216
370
    -2
100
AcDbLine
 10
998121.000866161
 20
-606482.5326635304
 30
0.0
 11
998121.000866161
 21
-602622.6253853687
 31
0.0
  0
LINE
  5
C79
330
C75
100
AcDbEntity
  8
PUB_DIM
 62
     0
440
 16777216
370
    -2
100
AcDbLine
 10
963521.0008661552
 20
-603247.6253853687
 30
0.0
 11
998121.000866161
 21
-603247.6253853687
 31
0.0
  0
INSERT
  5
C7A
330
C75
100
AcDbEntity
  8
PUB_DIM
 62
     0
440
 16777216
370
    -2
100
AcDbBlockReference
  2
_ArchTick
 10
963521.0008661552
 20
-603247.6253853687
 30
0.0
 41
250.0
 42
250.0
 43
250.0
 50
180.0
  0
INSERT
  5
C7B
330
C75
100
AcDbEntity
  8
PUB_DIM
 62
     0
440
 16777216
370
    -2
100
AcDbBlockReference
  2
_ArchTick
 10
998121.000866161
 20
-603247.6253853687
 30
0.0
 41
250.0
 42
250.0
 43
250.0
  0
MTEXT
  5
C7C
330
C75
100
AcDbEntity
  8
PUB_DIM
 62
     7
440
 16777216
100
AcDbMText
 10
980821.0008661582
 20
-602560.1253853687
 30
0.0
 40
743.75
 41
0.0
 46
0.0
 71
     5
 72
     1
  1
\A1;34600
  7
_TCH_DIM_T3
 73
     1
 44
1.0
  0
POINT
  5
C7D
330
C75
100
AcDbEntity
  8
DEFPOINTS
 62
     0
440
 16777216
100
AcDbPoint
 10
963521.0008661552
 20
-607232.5326635303
 30
0.0
  0
POINT
  5
C7E
330
C75
100
AcDbEntity
  8
DEFPOINTS
 62
     0
440
 16777216
100
AcDbPoint
 10
998121.000866161
 20
-607232.5326635303
 30
0.0
  0
POINT
  5
C7F
330
C75
100
AcDbEntity
  8
DEFPOINTS
 62
     0
440
 16777216
100
AcDbPoint
 10
998121.000866161
 20
-603247.6253853687
 30
0.0
  0
ENDBLK
  5
C80
330
C75
100
AcDbEntity
  8
0
100
AcDbBlockEnd
  0
BLOCK
  5
F4D
330
F4B
100
AcDbEntity
  8
0
100
AcDbBlockBegin
  2
房间图层样板
 70
     0
 10
0.0
 20
0.0
 30
0.0
  3
房间图层样板
  1

  0
ENDBLK
  5
F4E
330
F4B
100
AcDbEntity
  8
0
100
AcDbBlockEnd
  0
ENDSEC
  0
SECTION
  2
ENTITIES
  0
TEXT
  5
92
330
2
100
AcDbEntity
  8
文字标注
100
AcDbText
 10
973679.9419824137
 20
-613419.4570099387
 30
0.0
 40
600.0
  1
厨房
 50
0.0000000006610712
 41
0.8
  7
-黑体
100
AcDbText
  0
LINE
  5
97
330
2
100
AcDbEntity
  8
家具
100
AcDbLine
 10
975121.0008661338
 20
-611743.0888840615
 30
0.0
 11
975121.0008661345
 21
-613943.0888840665
 31
0.0
  0
INSERT
  5
9B
330
2
100
AcDbEntity
  8
家具
100
AcDbBlockReference
 66
     1
  2
_E10NWL
 10
-974271.0008663479
 20
-614543.0888840662
 30
0.0
 41
1.272727273404598
 42
1.272727273404598
 43
-1.27272727272727
 50
180.0
210
0.0
220
0.0
230
-1.0
  0
ATTRIB
  5
AB
330
9B
100
AcDbEntity
  8
0
100
AcDbText
 10
974272.3099572572
 20
-614543.7252477027
 30
0.0
 40
0.6363636363636364
  1
500
 50
180.0
 41
0.8000000000029102
  7
DIM_FONT
 71
     4
100
AcDbAttribute
280
     0
  2
XSIZE
 70
     9
280
     0
  0
ATTRIB
  5
AC
330
9B
100
AcDbEntity
  8
0
100
AcDbText
 10
974272.3099572572
 20
-614543.7252477027
 30
0.0
 40
0.6363636363636364
  1
500
 50
180.0
 41
0.8000000000029102
  7
DIM_FONT
 71
     4
100
AcDbAttribute
280
     0
  2
YSIZE
 70
     9
280
     0
  0
SEQEND
  5
AD
330
9B
100
AcDbEntity
  8
家具
  0
LINE
  5
AE
330
2
100
AcDbEntity
  8
家具
100
AcDbLine
 10
974621.0008665341
 20
-613943.0888840665
 30
0.0
 11
975121.0008661345
 21
-613943.0888840665
 31
0.0
  0
INSERT
  5
AF
330
2
100
AcDbEntity
  8
BATH
100
AcDbBlockReference
  2
A$C179D235A
 10
975181.6609136156
 20
-611941.0939798775
 30
0.0
 50
270.0
  0
LWPOLYLINE
  5
FD
330
2
100
AcDbEntity
  8
箭头
100
AcDbPolyline
 90
        2
 70
     0
 43
0.0
 10
980949.9429659872
 20
-610203.8564352786
 10
980321.0008661993
 20
-610203.8564352786
  0
LWPOLYLINE
  5
101
330
2
100
AcDbEntity
  8
箭头
100
AcDbPolyline
 90
        2
 70
     0
 43
0.0
 10
980949.9429659872
 20
-610203.8564352786
 10
980321.0008661993
 20
-610203.8564352786
  0
LINE
  5
102
330
2
100
AcDbEntity
  8
STAIR
100
AcDbLine
 10
980841.0008661994
 20
-612043.0888840481
 30
-0.0000000000000379
 11
980841.0008661994
 21
-610943.0929167867
 31
-0.0000000000000379
  0
LINE
  5
106
330
2
100
AcDbEntity
  8
STAIR
100
AcDbLine
 10
980581.0008661993
 20
-612043.0888840481
 30
-0.0000000000000379
 11
980581.0008661993
 21
-610943.0929167867
 31
-0.0000000000000379
  0
LINE
  5
107
330
2
100
AcDbEntity
  8
STAIR
100
AcDbLine
 10
980321.0008661993
 20
-612043.0888840481
 30
-0.0000000000000379
 11
980321.0008661993
 21
-610943.0929167867
 31
-0.0000000000000379
  0
LINE
  5
108
330
2
100
AcDbEntity
  8
STAIR
100
AcDbLine
 10
980271.0008661989
 20
-610741.3564352786
 30
-0.0000000000000379
 11
980271.0008661993
 21
-610943.0929167867
 31
-0.0000000000000379
  0
LINE
  5
109
330
2
100
AcDbEntity
  8
STAIR
100
AcDbLine
 10
980321.0008661993
 20
-610791.3564352784
 30
-0.0000000000000379
 11
980321.0008661993
 21
-610893.0929167867
 31
-0.0000000000000379
  0
LINE
  5
10A
330
2
100
AcDbEntity
  8
STAIR
100
AcDbLine
 10
980321.0008661993
 20
-610741.3564352786
 30
-0.0000000000000379
 11
980321.0008661993
 21
-609643.0888840521
 31
-0.0000000000000379
  0
LINE
  5
10B
330
2
100
AcDbEntity
  8
STAIR
100
AcDbLine
 10
980581.0008661993
 20
-610741.3564352786
 30
-0.0000000000000379
 11
980581.0008661993
 21
-609643.0888840521
 31
-0.0000000000000379
  0
LINE
  5
10C
330
2
100
AcDbEntity
  8
STAIR
100
AcDbLine
 10
980841.0008661994
 20
-610741.3564352786
 30
-0.0000000000000379
 11
980841.0008661994
 21
-609643.0888840521
 31
-0.0000000000000379
  0
LINE
  5
10D
330
2
100
AcDbEntity
  8
STAIR
100
AcDbLine
 10
981101.0008661988
 20
-612043.0888840481
 30
-0.0000000000000379
 11
981101.0008661995
 21
-610943.0929167867
 31
-0.0000000000000379
  0
LINE
  5
10E
330
2
100
AcDbEntity
  8
STAIR
100
AcDbLine
 10
981621.000866199
 20
-612043.0888840481
 30
-0.0000000000000379
 11
981621.0008661993
 21
-610943.0929167867
 31
-0.0000000000000379
  0
LINE
  5
10F
330
2
100
AcDbEntity
  8
STAIR
100
AcDbLine
 10
981361.0008661996
 20
-612043.0888840481
 30
-0.0000000000000379
 11
981361.0008661989
 21
-610943.0929167867
 31
-0.0000000000000379
  0
LINE
  5
110
330
2
100
AcDbEntity
  8
STAIR
100
AcDbLine
 10
981881.0008661992
 20
-612043.0888840481
 30
-0.0000000000000379
 11
981881.0008661992
 21
-610943.0929167867
 31
-0.0000000000000379
  0
LINE
  5
111
330
2
100
AcDbEntity
  8
STAIR
100
AcDbLine
 10
982401.0008661993
 20
-612043.0888840481
 30
-0.0000000000000379
 11
982401.0008661989
 21
-610943.0929167867
 31
-0.0000000000000379
  0
LINE
  5
112
330
2
100
AcDbEntity
  8
STAIR
100
AcDbLine
 10
982141.0008661993
 20
-612043.0888840481
 30
-0.0000000000000379
 11
982141.0008661993
 21
-610943.0929167867
 31
-0.0000000000000379
  0
INSERT
  5
113
330
2
100
AcDbEntity
  8
箭头
100
AcDbBlockReference
  2
_ARROW
 10
980949.9429659872
 20
-610203.8564352786
 30
-0.0000000000000379
 41
200.0
 42
200.0
 43
200.0
  0
INSERT
  5
11B
330
2
100
AcDbEntity
  8
箭头
100
AcDbBlockReference
  2
_ARROW
 10
980949.9429659872
 20
-610203.8564352786
 30
-0.0000000000000379
 41
200.0
 42
200.0
 43
200.0
  0
LINE
  5
11C
330
2
100
AcDbEntity
  8
STAIR
100
AcDbLine
 10
981165.9434161301
 20
-610131.7552172783
 30
-0.0000000000000379
 11
980991.210570168
 21
-610254.9338886012
 31
-0.0000000000000379
  0
LINE
  5
11D
330
2
100
AcDbEntity
  8
STAIR
100
AcDbLine
 10
980991.210570168
 20
-610254.9338886012
 30
-0.0000000000000379
 11
981115.7187897826
 21
-610254.9338886012
 31
-0.0000000000000379
  0
LINE
  5
11E
330
2
100
AcDbEntity
  8
STAIR
100
AcDbLine
 10
981165.9434161301
 20
-610131.7552172783
 30
-0.0000000000000379
 11
981064.4764625244
 21
-610131.7552172783
 31
-0.0000000000000379
  0
LINE
  5
11F
330
2
100
AcDbEntity
  8
STAIR
100
AcDbLine
 10
981064.4764625244
 20
-610131.7552172783
 30
-0.0000000000000379
 11
980860.5929982309
 21
-609643.0888840521
 31
-0.0000000000000379
  0
LINE
  5
120
330
2
100
AcDbEntity
  8
STAIR
100
AcDbLine
 10
981101.0008661995
 20
-610741.3564352786
 30
-0.0000000000000379
 11
981101.0008661988
 21
-609643.0888840521
 31
-0.0000000000000379
  0
LINE
  5
121
330
2
100
AcDbEntity
  8
STAIR
100
AcDbLine
 10
981621.0008661993
 20
-610741.3564352786
 30
-0.0000000000000379
 11
981621.000866199
 21
-609643.0888840521
 31
-0.0000000000000379
  0
LINE
  5
122
330
2
100
AcDbEntity
  8
STAIR
100
AcDbLine
 10
981361.0008661996
 20
-610741.3564352786
 30
-0.0000000000000379
 11
981361.0008661989
 21
-609643.0888840521
 31
-0.0000000000000379
  0
LINE
  5
123
330
2
100
AcDbEntity
  8
STAIR
100
AcDbLine
 10
981881.0008661992
 20
-610741.3564352786
 30
-0.0000000000000379
 11
981881.0008661992
 21
-609643.0888840521
 31
-0.0000000000000379
  0
LINE
  5
124
330
2
100
AcDbEntity
  8
STAIR
100
AcDbLine
 10
981115.7187897826
 20
-610254.9338886012
 30
-0.0000000000000379
 11
981297.2705692018
 21
-610741.3564352786
 31
-0.0000000000000379
  0
LINE
  5
125
330
2
100
AcDbEntity
  8
STAIR
100
AcDbLine
 10
982401.0008661993
 20
-610741.3564352786
 30
-0.0000000000000379
 11
982401.0008661993
 21
-609643.0888840521
 31
-0.0000000000000379
  0
LINE
  5
126
330
2
100
AcDbEntity
  8
STAIR
100
AcDbLine
 10
982141.0008661993
 20
-610741.3564352786
 30
-0.0000000000000379
 11
982141.0008661993
 21
-609643.0888840521
 31
-0.0000000000000379
  0
LINE
  5
127
330
2
100
AcDbEntity
  8
STAIR
100
AcDbLine
 10
980271.0008661993
 20
-610943.0929167867
 30
-0.0000000000000379
 11
982451.0008661993
 21
-610943.0929167867
 31
-0.0000000000000379
  0
LINE
  5
128
330
2
100
AcDbEntity
  8
STAIR
100
AcDbLine
 10
980321.0008661993
 20
-610893.0929167867
 30
-0.0000000000000379
 11
982401.0008661989
 21
-610893.0929167867
 31
-0.0000000000000379
  0
LINE
  5
129
330
2
100
AcDbEntity
  8
STAIR
100
AcDbLine
 10
980271.0008661989
 20
-610741.3564352786
 30
-0.0000000000000379
 11
982451.0008661993
 21
-610741.3564352786
 31
-0.0000000000000379
  0
LINE
  5
12A
330
2
100
AcDbEntity
  8
STAIR
100
AcDbLine
 10
980321.0008661993
 20
-610791.3564352784
 30
-0.0000000000000379
 11
982401.0008661989
 21
-610791.3564352784
 31
-0.0000000000000379
  0
LINE
  5
12B
330
2
100
AcDbEntity
  8
STAIR
100
AcDbLine
 10
982451.0008661993
 20
-610943.0929167867
 30
-0.0000000000000379
 11
982451.0008661993
 21
-610741.3564352786
 31
-0.0000000000000379
  0
LINE
  5
12C
330
2
100
AcDbEntity
  8
STAIR
100
AcDbLine
 10
982401.0008661989
 20
-610893.0929167867
 30
-0.0000000000000379
 11
982401.0008661989
 21
-610791.3564352784
 31
-0.0000000000000379
  0
LWPOLYLINE
  5
12D
330
2
100
AcDbEntity
  8
箭头
100
AcDbPolyline
 90
        4
 70
     0
 43
0.0
 10
981361.000866199
 20
-610192.2226596653
 10
983051.3522143542
 20
-610192.2226596653
 10
983051.3522143542
 20
-611503.8564352129
 10
980186.3989464505
 20
-611503.8564352129
  0
INSERT
  5
12E
330
2
100
AcDbEntity
  8
箭头
100
AcDbBlockReference
  2
_ARROW
 10
981361.000866199
 20
-610192.2226596653
 30
-0.0000000000000759
 41
-200.0
 42
200.0
 43
200.0
  0
LINE
  5
12F
330
2
100
AcDbEntity
  8
STAIR
100
AcDbLine
 10
983521.0008650236
 20
-612873.0888838823
 30
-0.0000000000000379
 11
981721.0008650906
 21
-614133.0888839718
 31
-0.0000000000000379
  0
LINE
  5
130
330
2
100
AcDbEntity
  8
STAIR
100
AcDbLine
 10
981721.0008650237
 20
-612873.0888839719
 30
-0.0000000000000379
 11
983521.0008650909
 21
-614133.0888838824
 31
-0.0000000000000379
  0
LINE
  5
131
330
2
100
AcDbEntity
  8
STAIR
100
AcDbLine
 10
983521.0008650236
 20
-612873.0888838823
 30
-0.0000000000000379
 11
981721.0008650237
 21
-612873.0888839719
 31
-0.0000000000000379
  0
LINE
  5
132
330
2
100
AcDbEntity
  8
STAIR
100
AcDbLine
 10
983171.0008650013
 20
-612453.0888839192
 30
-0.0000000000000379
 11
982071.0008650017
 21
-612453.088883964
 31
-0.0000000000000379
  0
LINE
  5
133
330
2
100
AcDbEntity
  8
STAIR
100
AcDbLine
 10
982071.0008650159
 20
-612663.0888839569
 30
-0.0000000000000379
 11
983171.0008650162
 21
-612663.0888839122
 31
-0.0000000000000379
  0
LINE
  5
134
330
2
100
AcDbEntity
  8
STAIR
100
AcDbLine
 10
981721.0008650906
 20
-614133.0888839718
 30
-0.0000000000000379
 11
983521.0008650909
 21
-614133.0888838824
 31
-0.0000000000000379
  0
LINE
  5
135
330
2
100
AcDbEntity
  8
STAIR
100
AcDbLine
 10
981721.0008650237
 20
-612873.0888839719
 30
-0.0000000000000379
 11
981721.0008650906
 21
-614133.0888839718
 31
-0.0000000000000379
  0
LINE
  5
136
330
2
100
AcDbEntity
  8
STAIR
100
AcDbLine
 10
982071.0008650017
 20
-612453.0888839569
 30
-0.0000000000000379
 11
982071.0008650159
 21
-612663.0888839569
 31
-0.0000000000000379
  0
LINE
  5
137
330
2
100
AcDbEntity
  8
STAIR
100
AcDbLine
 10
983521.0008650909
 20
-614133.0888838824
 30
-0.0000000000000379
 11
983521.0008650236
 21
-612873.0888838823
 31
-0.0000000000000379
  0
LINE
  5
138
330
2
100
AcDbEntity
  8
STAIR
100
AcDbLine
 10
983171.0008650162
 20
-612663.0888839192
 30
-0.0000000000000379
 11
983171.0008650013
 21
-612453.0888839192
 31
-0.0000000000000379
  0
LINE
  5
139
330
2
100
AcDbEntity
  8
STAIR
100
AcDbLine
 10
981321.0008650266
 20
-612873.0888844733
 30
-0.0000000000000379
 11
979521.0008650933
 21
-614133.0888845629
 31
-0.0000000000000379
  0
LINE
  5
13A
330
2
100
AcDbEntity
  8
STAIR
100
AcDbLine
 10
979521.0008650265
 20
-612873.0888845627
 30
-0.0000000000000379
 11
981321.0008650932
 21
-614133.0888844733
 31
-0.0000000000000379
  0
LINE
  5
13B
330
2
100
AcDbEntity
  8
STAIR
100
AcDbLine
 10
981321.0008650266
 20
-612873.0888844733
 30
-0.0000000000000379
 11
979521.0008650265
 21
-612873.0888845627
 31
-0.0000000000000379
  0
LINE
  5
13C
330
2
100
AcDbEntity
  8
STAIR
100
AcDbLine
 10
980971.0008650041
 20
-612453.0888845033
 30
-0.0000000000000379
 11
979871.000865004
 21
-612453.0888845479
 31
-0.0000000000000379
  0
LINE
  5
13D
330
2
100
AcDbEntity
  8
STAIR
100
AcDbLine
 10
979871.0008650187
 20
-612663.0888845479
 30
-0.0000000000000379
 11
980971.0008650187
 21
-612663.0888845031
 31
-0.0000000000000379
  0
LINE
  5
13E
330
2
100
AcDbEntity
  8
STAIR
100
AcDbLine
 10
979521.0008650933
 20
-614133.0888845629
 30
-0.0000000000000379
 11
981321.0008650932
 21
-614133.0888844733
 31
-0.0000000000000379
  0
LINE
  5
13F
330
2
100
AcDbEntity
  8
STAIR
100
AcDbLine
 10
979521.0008650265
 20
-612873.0888845627
 30
-0.0000000000000379
 11
979521.0008650933
 21
-614133.0888845629
 31
-0.0000000000000379
  0
LINE
  5
140
330
2
100
AcDbEntity
  8
STAIR
100
AcDbLine
 10
979871.000865004
 20
-612453.0888845479
 30
-0.0000000000000379
 11
979871.0008650187
 21
-612663.0888845479
 31
-0.0000000000000379
  0
LINE
  5
141
330
2
100
AcDbEntity
  8
STAIR
100
AcDbLine
 10
981321.0008650932
 20
-614133.0888844733
 30
-0.0000000000000379
 11
981321.0008650266
 21
-612873.0888844733
 31
-0.0000000000000379
  0
LINE
  5
142
330
2
100
AcDbEntity
  8
STAIR
100
AcDbLine
 10
980971.0008650187
 20
-612663.0888845031
 30
-0.0000000000000379
 11
980971.0008650041
 21
-612453.0888845033
 31
-0.0000000000000379
  0
LINE
  5
143
330
2
100
AcDbEntity
  8
WINDOW
100
AcDbLine
 10
976921.0008662641
 20
-614743.088884062
 30
0.0
 11
977721.0008662642
 21
-614743.0888840762
 31
0.0
  0
LINE
  5
147
330
2
100
AcDbEntity
  8
WINDOW
100
AcDbLine
 10
977721.0008662798
 20
-614643.0888842536
 30
0.0
 11
976921.0008662641
 21
-614643.0888840449
 31
0.0
  0
LINE
  5
148
330
2
100
AcDbEntity
  8
WINDOW
100
AcDbLine
 10
976521.0008661517
 20
-614743.0888841028
 30
0.0
 11
975921.0008661717
 21
-614743.0888842893
 31
0.0
  0
LINE
  5
149
330
2
100
AcDbEntity
  8
WINDOW
100
AcDbLine
 10
976521.0008661517
 20
-614643.0888841027
 30
0.0
 11
975921.0008661305
 21
-614643.0888842893
 31
0.0
  0
LINE
  5
14A
330
2
100
AcDbEntity
  8
WINDOW
100
AcDbLine
 10
977521.0008662746
 20
-614743.0888840947
 30
0.0
 11
976921.0008662945
 21
-614743.0888842811
 31
0.0
  0
LINE
  5
14B
330
2
100
AcDbEntity
  8
WINDOW
100
AcDbLine
 10
977521.0008662744
 20
-614643.0888840946
 30
0.0
 11
976921.0008662533
 21
-614643.0888842811
 31
0.0
  0
LINE
  5
14C
330
2
100
AcDbEntity
  8
WINDOW
100
AcDbLine
 10
984421.0008662514
 20
-614743.0888840968
 30
0.0
 11
983821.0008662713
 21
-614743.0888842834
 31
0.0
  0
LINE
  5
14D
330
2
100
AcDbEntity
  8
WINDOW
100
AcDbLine
 10
984421.0008662514
 20
-614643.0888840971
 30
0.0
 11
983821.0008662301
 21
-614643.0888842836
 31
0.0
  0
LINE
  5
14E
330
2
100
AcDbEntity
  8
WINDOW
100
AcDbLine
 10
984821.0008661057
 20
-613643.0888840988
 30
0.0
 11
985721.0008661501
 21
-613643.0888840973
 31
0.0
  0
TEXT
  5
14F
330
2
100
AcDbEntity
  8
文字标注
100
AcDbText
 10
975388.1525586578
 20
-614524.6662960357
 30
0.0
 40
600.0
  1
强电
 50
0.0000000006610712
 41
0.8
  7
-黑体
100
AcDbText
  0
TEXT
  5
150
330
2
100
AcDbEntity
  8
文字标注
100
AcDbText
 10
976664.4246209915
 20
-614487.7373608457
 30
0.0
 40
600.0
  1
弱电
 50
0.0000000006610712
 41
0.8
  7
-黑体
100
AcDbText
  0
TEXT
  5
151
330
2
100
AcDbEntity
  8
文字标注
100
AcDbText
 10
983834.8527845496
 20
-614410.6984001819
 30
0.0
 40
600.0
  1
水
 50
0.0000000006610712
 41
0.8
  7
-黑体
100
AcDbText
  0
TEXT
  5
152
330
2
100
AcDbEntity
  8
文字标注
100
AcDbText
 10
995240.7706159668
 20
-618246.9838201637
 30
0.0000000000001015
 40
600.0
  1
主卧室
 50
0.0000000006610712
 41
0.8
  7
-黑体
100
AcDbText
  0
TEXT
  5
153
330
2
100
AcDbEntity
  8
文字标注
100
AcDbText
 10
986256.9750041217
 20
-612999.2597971845
 30
0.0
 40
600.0
  1
厨房
 50
0.0000000006610712
 41
0.8
  7
-黑体
100
AcDbText
  0
TEXT
  5
154
330
2
100
AcDbEntity
  8
文字标注
100
AcDbText
 10
992621.6722031364
 20
-613047.1152730129
 30
0.0
 40
600.0
  1
客厅
 50
0.0000000006610712
 41
0.8
  7
-黑体
100
AcDbText
  0
TEXT
  5
155
330
2
100
AcDbEntity
  8
文字标注
100
AcDbText
 10
988185.42908433
 20
-613211.5700039193
 30
0.0
 40
600.0
  1
餐厅
 50
0.0000000006610712
 41
0.8
  7
-黑体
100
AcDbText
  0
INSERT
  5
156
330
2
100
AcDbEntity
  8
0
100
AcDbBlockReference
  2
A$C7736197B
 10
998021.0007962648
 20
-616851.9585230666
 30
0.0
 50
180.0
  0
INSERT
  5
2B0
102
{ACAD_XDICTIONARY
360
2B1
102
}
330
2
100
AcDbEntity
  8
BATH
100
AcDbBlockReference
  2
*U39
 10
997021.0008668423
 20
-616143.0888840847
 30
0.0
 41
-1.0
  0
INSERT
  5
321
330
2
100
AcDbEntity
  8
FUR
 62
   252
100
AcDbBlockReference
  2
A$C67170A1A
 10
994620.3291056432
 20
-619577.8295429692
 30
0.0
 50
359.9815846624216
  0
INSERT
  5
349
330
2
100
AcDbEntity
  8
0
100
AcDbBlockReference
 66
     1
  2
A$C367E6596
 10
996221.0008777464
 20
-613143.0887980465
 30
0.0
  0
ATTRIB
  5
432
330
349
100
AcDbEntity
  8
家具示意
100
AcDbText
 10
996221.934199479
 20
-611142.588884061
 30
0.0
 40
0.5
  1
900
 50
179.9999999999472
 41
0.8
  7
DIM_FONT
100
AcDbAttribute
280
     0
  2
XSIZE
 70
     9
280
     0
  0
ATTRIB
  5
433
330
349
100
AcDbEntity
  8
家具示意
100
AcDbText
 10
996222.2675328128
 20
-611142.588884061
 30
0.0
 40
0.5
  1
2000
 50
179.9999999999472
 41
0.8
  7
DIM_FONT
100
AcDbAttribute
280
     0
  2
YSIZE
 70
     9
280
     0
  0
SEQEND
  5
434
330
349
100
AcDbEntity
  8
0
  0
INSERT
  5
435
330
2
100
AcDbEntity
  8
0
100
AcDbBlockReference
  2
A$C130E6298
 10
996221.0008569789
 20
-611143.0888331501
 30
0.0
 50
180.0
  0
INSERT
  5
4F3
330
2
100
AcDbEntity
  8
0
100
AcDbBlockReference
  2
A$C31840BCA
 10
994521.1308074355
 20
-614209.6543069205
 30
0.0
 41
-1.0
  0
INSERT
  5
51F
330
2
100
AcDbEntity
  8
FURN
100
AcDbBlockReference
 66
     1
  2
A$C6CA9292A
 10
990821.2339772845
 20
-614904.0955269882
 30
0.0
  0
ATTRIB
  5
617
330
51F
100
AcDbEntity
  8
0
  6
ByBlock
100
AcDbText
 10
992838.713533041
 20
-613113.8833035515
 30
0.0
 40
0.5000000000000006
  1
2500
 50
179.9999999999472
 41
0.8
  7
DIM_FONT
 71
     2
100
AcDbAttribute
280
     0
  2
XSIZE
 70
     9
280
     0
  0
ATTRIB
  5
618
330
51F
100
AcDbEntity
  8
0
  6
ByBlock
100
AcDbText
 10
992838.713533041
 20
-613113.8833035515
 30
0.0
 40
0.5000000000000006
  1
3500
 50
179.9999999999472
 41
0.8
  7
DIM_FONT
 71
     2
100
AcDbAttribute
280
     0
  2
YSIZE
 70
     9
280
     0
  0
SEQEND
  5
619
330
51F
100
AcDbEntity
  8
FURN
  0
INSERT
  5
61A
330
2
100
AcDbEntity
  8
Furniture(家具)
100
AcDbBlockReference
  2
餐桌2
 10
989403.7639180458
 20
-613703.4961246882
 30
0.0
 41
-1.0
 50
180.0
  0
INSERT
  5
68A
330
2
100
AcDbEntity
  8
BATH
  6
ByBlock
100
AcDbBlockReference
  2
A$C77202156
 10
997121.0008565977
 20
-616043.0889466308
 30
0.0
  0
INSERT
  5
6C3
330
2
100
AcDbEntity
  8
BATH
100
AcDbBlockReference
  2
TP6
 10
998021.0008661552
 20
-614803.5216064201
 30
0.0
 41
-1.0
  0
INSERT
  5
6CB
330
2
100
AcDbEntity
  8
家具
100
AcDbBlockReference
 66
     1
  2
_E12QMA
 10
-996339.6700377169
 20
-616001.7876818803
 30
0.0
 43
-0.9999999999999998
 50
180.0
210
0.0
220
0.0
230
-1.0
  0
ATTRIB
  5
6E7
330
6CB
100
AcDbEntity
  8
0
100
AcDbText
 10
996339.6700377169
 20
-616001.7876818803
 30
0.0
 40
0.5
  1
500
 41
0.7999999999883585
  7
DIM_FONT
 71
     4
100
AcDbAttribute
280
     0
  2
XSIZE
 70
     9
280
     0
  0
ATTRIB
  5
6E8
330
6CB
100
AcDbEntity
  8
0
100
AcDbText
 10
996339.6700377169
 20
-616001.7876818803
 30
0.0
 40
0.5
  1
0
 41
0.7999999999883585
  7
DIM_FONT
 71
     4
100
AcDbAttribute
280
     0
  2
YSIZE
 70
     9
280
     0
  0
SEQEND
  5
6E9
330
6CB
100
AcDbEntity
  8
家具
  0
LWPOLYLINE
  5
6EA
330
2
100
AcDbEntity
  8
家具
100
AcDbPolyline
 90
        4
 70
     1
 43
0.0
 10
995821.0008661533
 20
-615443.0888840714
 10
995821.0008661538
 20
-616043.0888840714
 10
996821.0008662021
 20
-616043.0888840508
 10
996821.0008661998
 20
-615443.0888840521
  0
INSERT
  5
6EB
330
2
100
AcDbEntity
  8
家具
100
AcDbBlockReference
 66
     1
  2
_E10NWL
 10
-987371.0008659493
 20
-614543.0888840722
 30
0.0
 41
-1.272727273404598
 42
1.272727273404598
 43
-1.27272727272727
 50
180.0
210
0.0
220
0.0
230
-1.0
  0
ATTRIB
  5
6EC
330
6EB
100
AcDbEntity
  8
0
100
AcDbText
 10
987371.0008659493
 20
-614543.7252477087
 30
0.0
 40
0.6363636363636359
  1
500
 50
179.9999999999472
 41
0.8000000000029102
  7
DIM_FONT
 71
     4
100
AcDbAttribute
280
     0
  2
XSIZE
 70
     9
280
     0
  0
ATTRIB
  5
6ED
330
6EB
100
AcDbEntity
  8
0
100
AcDbText
 10
987371.0008659493
 20
-614543.7252477087
 30
0.0
 40
0.6363636363636359
  1
500
 50
179.9999999999472
 41
0.8000000000029102
  7
DIM_FONT
 71
     4
100
AcDbAttribute
280
     0
  2
YSIZE
 70
     9
280
     0
  0
SEQEND
  5
6EE
330
6EB
100
AcDbEntity
  8
家具
  0
LINE
  5
6EF
330
2
100
AcDbEntity
  8
家具
100
AcDbLine
 10
987021.0008657636
 20
-613943.088884072
 30
0.0
 11
986521.0008661634
 21
-613943.0888840716
 31
0.0
  0
TEXT
  5
6F0
330
2
100
AcDbEntity
  8
文字标注
100
AcDbText
 10
988936.7433283529
 20
-615481.3273996047
 30
0.0000000000005733
 40
600.0
  1
B-1
 50
0.0000000006610712
 41
0.8
  7
-黑体
100
AcDbText
  0
LWPOLYLINE
  5
6F1
330
2
100
AcDbEntity
  8
文字标注
100
AcDbPolyline
 90
        4
 70
     1
 43
0.0
 10
989984.176446898
 20
-614934.884093367
 10
988650.5203107496
 20
-614934.8840933662
 10
988650.5203107489
 20
-615593.8840933661
 10
989984.1764468973
 20
-615593.8840933671
  0
LINE
  5
6F2
330
2
100
AcDbEntity
  8
WINDOW
100
AcDbLine
 10
994821.0008661584
 20
-611143.0888840601
 30
0.0
 11
997221.0008661557
 21
-611143.0888840615
 31
0.0
  0
TEXT
  5
6F3
330
2
100
AcDbEntity
  8
文字标注
100
AcDbText
 10
992390.4020945833
 20
-618045.0477292355
 30
0.0000000000001015
 40
600.0
  1
卧室
 50
0.0000000006610712
 41
0.8
  7
-黑体
100
AcDbText
  0
INSERT
  5
6F4
102
{ACAD_XDICTIONARY
360
6F5
102
}
330
2
100
AcDbEntity
  8
BATH
100
AcDbBlockReference
  2
*U38
 10
992455.4126098209
 20
-616143.0888839122
 30
0.0
 41
-1.0
  0
INSERT
  5
72F
330
2
100
AcDbEntity
  8
0
100
AcDbBlockReference
  2
A$C61AC3AE4
 10
993621.0008943421
 20
-619438.509852068
 30
0.0
 41
-1.0
  0
INSERT
  5
87E
330
2
100
AcDbEntity
  8
F1
100
AcDbBlockReference
  2
A$C20217E62
 10
-986738.796567595
 20
-611669.2479214674
 30
0.0
 41
-1.0
 43
-1.0
210
0.0
220
0.0
230
-1.0
  0
LINE
  5
8AA
330
2
100
AcDbEntity
  8
家具
100
AcDbLine
 10
986521.000866166
 20
-611743.0888840615
 30
0.0
 11
986521.0008661634
 21
-613943.0888840716
 31
0.0
  0
INSERT
  5
8AB
330
2
100
AcDbEntity
  8
BATH
100
AcDbBlockReference
  2
A$C179D235A
 10
986460.3408186841
 20
-612290.9098502798
 30
0.0
 41
-1.0
 50
90.0
  0
INSERT
  5
8AC
330
2
100
AcDbEntity
  8
F1
100
AcDbBlockReference
  2
A$C505D2F39
 10
-986447.4108395425
 20
-611444.1827677374
 30
0.0
 43
-1.0
210
0.0
220
0.0
230
-1.0
  0
LINE
  5
8BC
330
2
100
AcDbEntity
  8
家具
100
AcDbLine
 10
986521.000866166
 20
-611743.0888840615
 30
0.0
 11
987721.0008661513
 21
-611743.0888840618
 31
0.0
  0
LINE
  5
8BD
330
2
100
AcDbEntity
  8
WINDOW
100
AcDbLine
 10
975039.8964790136
 20
-611143.0888840617
 30
0.0
 11
974263.7518826605
 21
-611143.0888840617
 31
0.0
  0
INSERT
  5
8BE
330
2
100
AcDbEntity
  8
F1
100
AcDbBlockReference
  2
A$C505D2F39
 10
-975191.725016311
 20
-611444.1829928678
 30
0.0
 41
-1.0
 43
-1.0
210
0.0
220
0.0
230
-1.0
  0
TEXT
  5
8BF
330
2
100
AcDbEntity
  8
文字标注
100
AcDbText
 10
994648.0964692886
 20
-613453.0641677258
 30
-0.0000000000000987
 40
600.0
  1
书房
 50
0.0000000006610712
 41
0.8
  7
-黑体
100
AcDbText
  0
LINE
  5
8C0
330
2
100
AcDbEntity
  8
BATH
  6
ByBlock
100
AcDbLine
 10
978021.0008665193
 20
-616843.0888840546
 30
0.0
 11
980721.0008661373
 21
-616843.0888840518
 31
0.0
  0
INSERT
  5
8C1
330
2
100
AcDbEntity
  8
家具
100
AcDbBlockReference
 66
     1
  2
_E10NWL
 10
-977671.0008663322
 20
-616243.0888840548
 30
0.0
 41
1.272727273404598
 42
1.272727273404598
 43
-1.27272727272727
210
0.0
220
0.0
230
-1.0
  0
ATTRIB
  5
8C2
330
8C1
100
AcDbEntity
  8
0
100
AcDbText
 10
977669.6917754229
 20
-616242.4525204183
 30
0.0
 40
0.6363636363636365
  1
500
 50
0.0000000000589928
 41
0.8000000000029102
  7
DIM_FONT
 71
     4
100
AcDbAttribute
280
     0
  2
XSIZE
 70
     9
280
     0
  0
ATTRIB
  5
8C3
330
8C1
100
AcDbEntity
  8
0
100
AcDbText
 10
977669.6917754229
 20
-616242.4525204183
 30
0.0
 40
0.6363636363636365
  1
500
 50
0.0000000000589928
 41
0.8000000000029102
  7
DIM_FONT
 71
     4
100
AcDbAttribute
280
     0
  2
YSIZE
 70
     9
280
     0
  0
SEQEND
  5
8C4
330
8C1
100
AcDbEntity
  8
家具
  0
TEXT
  5
8C5
330
2
100
AcDbEntity
  8
文字标注
100
AcDbText
 10
973233.7372252295
 20
-624604.7791701514
 30
0.0000000000001015
 40
600.0
  1
阳台
 50
0.0000000006610712
 41
0.8
  7
-黑体
100
AcDbText
  0
TEXT
  5
8C6
330
2
100
AcDbEntity
  8
文字标注
100
AcDbText
 10
974024.287276744
 20
-622496.2938792621
 30
0.0000000000001015
 40
600.0
  1
主卧室
 50
0.0000000006610712
 41
0.8
  7
-黑体
100
AcDbText
  0
TEXT
  5
8C7
330
2
100
AcDbEntity
  8
文字标注
100
AcDbText
 10
974292.2472708023
 20
-617769.5893455697
 30
0.0
 40
600.0
  1
餐厅
 50
0.0000000006610712
 41
0.8
  7
-黑体
100
AcDbText
  0
TEXT
  5
8C8
330
2
100
AcDbEntity
  8
文字标注
100
AcDbText
 10
978115.0823901626
 20
-617483.5507454417
 30
0.0
 40
600.0
  1
厨房
 50
0.0000000006610712
 41
0.8
  7
-黑体
100
AcDbText
  0
TEXT
  5
8C9
330
2
100
AcDbEntity
  8
文字标注
100
AcDbText
 10
978665.8870331953
 20
-619441.9190682958
 30
0.0
 40
600.0
  1
生活阳台
 50
0.0000000006610712
 41
0.8
  7
-黑体
100
AcDbText
  0
TEXT
  5
8CA
330
2
100
AcDbEntity
  8
文字标注
100
AcDbText
 10
974200.1824727193
 20
-619607.0985302317
 30
0.0000000000005733
 40
600.0
  1
B-2
 50
0.0000000006610712
 41
0.8
  7
-黑体
100
AcDbText
  0
TEXT
  5
8CB
330
2
100
AcDbEntity
  8
文字标注
100
AcDbText
 10
976726.6747463201
 20
-622633.0023308079
 30
0.0000000000001015
 40
600.0
  1
卧室
 50
0.0000000006610712
 41
0.8
  7
-黑体
100
AcDbText
  0
TEXT
  5
8CC
330
2
100
AcDbEntity
  8
文字标注
100
AcDbText
 10
970684.9436154982
 20
-617667.9731042836
 30
0.0
 40
600.0
  1
客厅
 50
0.0000000006610712
 41
0.8
  7
-黑体
100
AcDbText
  0
LWPOLYLINE
  5
8CD
330
2
100
AcDbEntity
  8
文字标注
100
AcDbPolyline
 90
        4
 70
     1
 43
0.0
 10
974244.5142970098
 20
-619071.6085836676
 10
975578.1704331585
 20
-619071.6085836652
 10
975578.1704331598
 20
-619730.6085836652
 10
974244.5142970112
 20
-619730.6085836675
  0
INSERT
  5
8CE
330
2
100
AcDbEntity
  8
0
100
AcDbBlockReference
  2
A$C31840BCA
 10
970220.8709248651
 20
-619518.6358906621
 30
0.0
  0
INSERT
  5
8CF
330
2
100
AcDbEntity
  8
FURN
100
AcDbBlockReference
 66
     1
  2
A$C6CA9292A
 10
973920.7677550169
 20
-619830.0671889987
 30
0.0
 41
-1.0
  0
ATTRIB
  5
8D0
330
8CF
100
AcDbEntity
  8
0
  6
ByBlock
100
AcDbText
 10
971901.8786754489
 20
-618039.8549655642
 30
0.0
 40
0.5000000000000007
  1
2500
 50
180.0000000001117
 41
0.8
  7
DIM_FONT
 71
     2
100
AcDbAttribute
280
     0
  2
XSIZE
 70
     9
280
     0
  0
ATTRIB
  5
8D1
330
8CF
100
AcDbEntity
  8
0
  6
ByBlock
100
AcDbText
 10
971901.8786754489
 20
-618039.8549655642
 30
0.0
 40
0.5000000000000007
  1
3500
 50
180.0000000001117
 41
0.8
  7
DIM_FONT
 71
     2
100
AcDbAttribute
280
     0
  2
YSIZE
 70
     9
280
     0
  0
SEQEND
  5
8D2
330
8CF
100
AcDbEntity
  8
FURN
  0
INSERT
  5
8D3
330
2
100
AcDbEntity
  8
FURN
100
AcDbBlockReference
  2
yyyy
 10
676918.7298436546
 20
-631932.9329550345
 30
0.0
  0
LINE
  5
91F
330
2
100
AcDbEntity
  8
WINDOW
100
AcDbLine
 10
972721.0008661534
 20
-624043.0888840703
 30
0.0
 11
972721.0008661543
 21
-625243.0888840703
 31
0.0
  0
LINE
  5
920
330
2
100
AcDbEntity
  8
WINDOW
100
AcDbLine
 10
972821.0008661534
 20
-624043.0888840701
 30
0.0
 11
972821.0008661545
 21
-625143.0888840701
 31
0.0
  0
LINE
  5
921
330
2
100
AcDbEntity
  8
WINDOW
100
AcDbLine
 10
976021.0008661545
 20
-625243.088884067
 30
0.0
 11
972721.0008661543
 21
-625243.0888840703
 31
0.0
  0
LINE
  5
922
330
2
100
AcDbEntity
  8
WINDOW
100
AcDbLine
 10
976021.0008661545
 20
-625143.088884067
 30
0.0
 11
972821.0008661545
 21
-625143.0888840701
 31
0.0
  0
INSERT
  5
923
330
2
100
AcDbEntity
  8
BATH
  6
ByBlock
100
AcDbBlockReference
  2
A$C77202156
 10
978121.0008565894
 20
-618043.0888215185
 30
0.0
 41
-1.0
 50
180.0
  0
INSERT
  5
924
330
2
100
AcDbEntity
  8
BATH
100
AcDbBlockReference
  2
TP6
 10
977732.7295378301
 20
-618043.0888841031
 30
0.0
 50
270.0
  0
INSERT
  5
925
330
2
100
AcDbEntity
  8
家具
100
AcDbBlockReference
 66
     1
  2
_E12QMA
 10
-978979.6996639797
 20
-620633.334707039
 30
0.0
 43
-0.9999999999999998
 50
90.0
210
0.0
220
0.0
230
-1.0
  0
ATTRIB
  5
926
330
925
100
AcDbEntity
  8
0
100
AcDbText
 10
978980.1996639797
 20
-620632.3061356105
 30
0.0
 40
0.5000000000000002
  1
500
 50
270.0
 41
0.7999999999883585
  7
DIM_FONT
 71
     4
100
AcDbAttribute
280
     0
  2
XSIZE
 70
     9
280
     0
  0
ATTRIB
  5
927
330
925
100
AcDbEntity
  8
0
100
AcDbText
 10
978980.1996639797
 20
-620633.0680403723
 30
0.0
 40
0.5000000000000002
  1
0
 50
270.0
 41
0.7999999999883585
  7
DIM_FONT
 71
     4
100
AcDbAttribute
280
     0
  2
YSIZE
 70
     9
280
     0
  0
SEQEND
  5
928
330
925
100
AcDbEntity
  8
家具
  0
LWPOLYLINE
  5
929
330
2
100
AcDbEntity
  8
家具
100
AcDbPolyline
 90
        4
 70
     1
 43
0.0
 10
978421.0008661702
 20
-620043.0888840639
 10
979021.0008661702
 20
-620043.0888840637
 10
979021.0008661446
 20
-621143.0888840613
 10
978421.0008661457
 20
-621143.0888840601
  0
INSERT
  5
92A
102
{ACAD_XDICTIONARY
360
92B
102
}
330
2
100
AcDbEntity
  8
BATH
100
AcDbBlockReference
  2
*U38
 10
973755.4126098681
 20
-620043.0888838633
 30
0.0
 41
-1.0
  0
INSERT
  5
93B
330
2
100
AcDbEntity
  8
0
100
AcDbBlockReference
  2
A$C7736197B
 10
972921.0009360594
 20
-620828.3962667744
 30
0.0
 41
-1.0
 50
180.0
  0
INSERT
  5
93C
102
{ACAD_XDICTIONARY
360
93D
102
}
330
2
100
AcDbEntity
  8
BATH
100
AcDbBlockReference
  2
*U38
 10
978186.5891224329
 20
-621243.0888840606
 30
0.0
  0
INSERT
  5
94D
330
2
100
AcDbEntity
  8
0
100
AcDbBlockReference
  2
A$C61AC3AE4
 10
977021.0008379065
 20
-624413.702164136
 30
0.0
  0
INSERT
  5
94E
330
2
100
AcDbEntity
  8
Elec(电器)
100
AcDbBlockReference
  2
空调室外机2
 10
976289.9569793729
 20
-625096.2514748698
 30
-0.0000000126997486
  0
LINE
  5
958
330
2
100
AcDbEntity
  8
WINDOW
100
AcDbLine
 10
976221.0008661543
 20
-625243.0888840668
 30
0.0
 11
977121.0008662059
 21
-625243.0888840656
 31
0.0
  0
LINE
  5
959
330
2
100
AcDbEntity
  8
WINDOW
100
AcDbLine
 10
977221.0008661959
 20
-625243.0888840656
 30
0.0
 11
979021.0008661546
 21
-625243.0888840637
 31
0.0
  0
LINE
  5
95A
330
2
100
AcDbEntity
  8
WINDOW
100
AcDbLine
 10
977221.0008661957
 20
-625193.0888840656
 30
0.0
 11
979021.0008661546
 21
-625193.0888840637
 31
0.0
  0
LINE
  5
95B
330
2
100
AcDbEntity
  8
WINDOW
100
AcDbLine
 10
977221.0008661957
 20
-625143.0888840658
 30
0.0
 11
979021.0008661544
 21
-625143.0888840635
 31
0.0
  0
LINE
  5
95C
330
2
100
AcDbEntity
  8
WINDOW
100
AcDbLine
 10
977221.0008661268
 20
-624443.0888840657
 30
0.0
 11
979021.0008661537
 21
-624443.0888840637
 31
0.0
  0
HATCH
  5
95D
330
2
100
AcDbEntity
  8
铺地
100
AcDbHatch
 10
0.0
 20
0.0
 30
0.0
210
0.0
220
0.0
230
1.0
  2
LINE
 70
     0
 71
     0
 91
        1
 92
        1
 93
        4
 72
     1
 10
972921.0008661532
 20
-624043.0888840701
 11
975821.0008661533
 21
-624043.088884067
 72
     1
 10
975821.0008661533
 20
-624043.088884067
 11
975821.0008661544
 21
-625143.088884067
 72
     1
 10
975821.0008661544
 20
-625143.0888840672
 11
972921.0008661546
 21
-625143.0888840703
 72
     1
 10
972921.0008661544
 20
-625143.0888840701
 11
972921.0008661532
 21
-624043.0888840701
 97
        0
 75
     0
 76
     1
 52
90.0
 41
150.0
 77
     0
 78
     1
 53
90.0
 43
677178.9509390774
 44
-632860.7207711311
 45
-142.875
 46
-0.0000000001471949
 79
     0
 98
        1
 10
677178.9509390774
 20
-632860.7207711311
1001
ACAD
1010
0.0
1020
0.0
1030
0.0
  0
LINE
  5
961
330
2
100
AcDbEntity
  8
WINDOW
100
AcDbLine
 10
980721.0008661485
 20
-620143.0888840617
 30
0.0
 11
979221.0008661477
 21
-620143.0888840617
 31
0.0
  0
LINE
  5
962
330
2
100
AcDbEntity
  8
WINDOW
100
AcDbLine
 10
980721.0008661485
 20
-620043.0888840617
 30
0.0
 11
979221.0008661477
 21
-620043.0888840617
 31
0.0
  0
HATCH
  5
963
330
2
100
AcDbEntity
  8
铺地
100
AcDbHatch
 10
0.0
 20
0.0
 30
0.0
210
0.0
220
0.0
230
1.0
  2
LINE
 70
     0
 71
     0
 91
        1
 92
        1
 93
        4
 72
     1
 10
979321.0008661473
 20
-618143.088884062
 11
980721.0008661485
 21
-618143.088884062
 72
     1
 10
980721.0008661479
 20
-618143.088884062
 11
980721.0008661479
 21
-620043.0888840617
 72
     1
 10
980721.0008661479
 20
-620043.0888840617
 11
979321.0008661473
 21
-620043.0888840617
 72
     1
 10
979321.0008661473
 20
-620043.0888840617
 11
979321.0008661473
 21
-618143.088884062
 97
        0
 75
     0
 76
     1
 52
90.0
 41
150.0
 77
     0
 78
     1
 53
90.0
 43
677178.9509390626
 44
-632560.7207708181
 45
-142.875
 46
0.0000000000000087
 79
     0
 98
        1
 10
677178.9509390626
 20
-632560.7207708181
1001
ACAD
1010
0.0
1020
0.0
1030
0.0
  0
INSERT
  5
964
330
2
100
AcDbEntity
  8
Elec(电器)
100
AcDbBlockReference
  2
空调室外机2
 10
995067.0639894525
 20
-620596.251474788
 30
-0.0000000126997486
 41
-1.0
  0
LINE
  5
965
330
2
100
AcDbEntity
  8
WINDOW
100
AcDbLine
 10
994021.0008660672
 20
-620743.0888839629
 30
0.0
 11
995221.0008661495
 21
-620743.0888839875
 31
0.0
  0
LINE
  5
966
330
2
100
AcDbEntity
  8
WINDOW
100
AcDbLine
 10
993821.0008661808
 20
-619943.0888839589
 30
0.0
 11
991621.0008661479
 21
-619943.0888839589
 31
0.0
  0
LINE
  5
967
330
2
100
AcDbEntity
  8
WINDOW
100
AcDbLine
 10
993821.0008660821
 20
-620743.0888839607
 30
0.0
 11
991621.0008661479
 21
-620743.0888839607
 31
0.0
  0
LINE
  5
968
330
2
100
AcDbEntity
  8
WINDOW
100
AcDbLine
 10
993821.0008660885
 20
-620693.0888839607
 30
0.0
 11
991621.0008661479
 21
-620693.0888839607
 31
0.0
  0
LINE
  5
969
330
2
100
AcDbEntity
  8
WINDOW
100
AcDbLine
 10
993821.0008660945
 20
-620643.0888839608
 30
0.0
 11
991621.0008661479
 21
-620643.0888839608
 31
0.0
  0
INSERT
  5
96A
330
2
100
AcDbEntity
  8
F1
100
AcDbBlockReference
  2
A$C505D2F39
 10
-980721.0008088686
 20
-616769.4986815727
 30
0.0
 41
-1.0
 43
-1.0
 50
270.0
210
0.0
220
0.0
230
-1.0
  0
LINE
  5
96B
330
2
100
AcDbEntity
  8
WINDOW
100
AcDbLine
 10
985721.0008661525
 20
-610943.088884042
 30
0.0
 11
983821.0008661521
 21
-610943.0888840401
 31
0.0
  0
LINE
  5
96C
330
2
100
AcDbEntity
  8
WINDOW
100
AcDbLine
 10
985721.0008661521
 20
-611143.088884042
 30
0.0
 11
983821.0008661521
 21
-611143.0888840402
 31
0.0
  0
LINE
  5
96E
330
2
100
AcDbEntity
  8
WINDOW
100
AcDbLine
 10
975921.0008661449
 20
-610943.0888840405
 30
0.0
 11
977821.0008661449
 21
-610943.0888840392
 31
0.0
  0
LINE
  5
96F
330
2
100
AcDbEntity
  8
WINDOW
100
AcDbLine
 10
975921.0008661449
 20
-611143.0888840406
 30
0.0
 11
977821.0008661449
 21
-611143.0888840392
 31
0.0
  0
INSERT
  5
971
102
{ACAD_XDICTIONARY
360
972
102
}
330
2
100
AcDbEntity
  8
Lvtry(厨卫)
100
AcDbBlockReference
  2
洗衣机1
 10
979021.0008661494
 20
-619542.4706909492
 30
0.0
 50
270.0
1001
AcDbBlockRepETag
1070
     1
1071
       46
1005
0
  0
LINE
  5
997
330
2
100
AcDbEntity
  8
WINDOW
100
AcDbLine
 10
977321.0008661497
 20
-620043.0888840653
 30
0.0
 11
977321.0008661123
 21
-621143.0888840039
 31
0.0
  0
TEXT
  5
998
330
2
100
AcDbEntity
  8
文字标注
100
AcDbText
 10
991883.2840790669
 20
-610514.4498542419
 30
0.0000000000001015
 40
600.0
  1
阳台
 50
0.0000000006610712
 41
0.8
  7
-黑体
100
AcDbText
  0
LINE
  5
999
330
2
100
AcDbEntity
  8
WINDOW
100
AcDbLine
 10
994620.398766483
 20
-610943.0888840732
 30
0.0
 11
994620.398766483
 21
-609443.0888840449
 31
0.0
  0
LINE
  5
99A
330
2
100
AcDbEntity
  8
WINDOW
100
AcDbLine
 10
994620.398766483
 20
-609443.0888840449
 30
0.0
 11
990220.398766483
 21
-609443.0888840449
 31
0.0
  0
LINE
  5
99B
330
2
100
AcDbEntity
  8
WINDOW
100
AcDbLine
 10
994620.398766483
 20
-609543.0888840449
 30
0.0
 11
994020.3987664832
 21
-609543.0888840449
 31
0.0
  0
LINE
  5
99C
330
2
100
AcDbEntity
  8
WINDOW
100
AcDbLine
 10
993920.398766483
 20
-609543.0888840449
 30
0.0
 11
990220.398766483
 21
-609543.0888840449
 31
0.0
  0
LINE
  5
99D
330
2
100
AcDbEntity
  8
WINDOW
100
AcDbLine
 10
991020.398766483
 20
-609543.0888840449
 30
0.0
 11
991020.398766483
 21
-610943.0888840732
 31
0.0
  0
LINE
  5
99E
330
2
100
AcDbEntity
  8
WINDOW
100
AcDbLine
 10
990920.3987664833
 20
-609543.0888840449
 30
0.0
 11
990920.3987664833
 21
-610943.0888840732
 31
0.0
  0
LINE
  5
99F
330
2
100
AcDbEntity
  8
WINDOW
100
AcDbLine
 10
990220.398766483
 20
-609443.0888840449
 30
0.0
 11
990220.398766483
 21
-610943.0888840732
 31
0.0
  0
INSERT
  5
9A0
330
2
100
AcDbEntity
  8
Elec(电器)
100
AcDbBlockReference
  2
空调室外机2
 10
990432.4531696644
 20
-609998.6166041406
 30
-0.0000000126997486
 50
270.0
  0
LINE
  5
9A1
330
2
100
AcDbEntity
  8
WINDOW
100
AcDbLine
 10
994020.398766483
 20
-610943.0888840732
 30
0.0
 11
994020.3987664832
 21
-609543.0888840449
 31
0.0
  0
LINE
  5
9A2
330
2
100
AcDbEntity
  8
WINDOW
100
AcDbLine
 10
993920.398766483
 20
-610943.0888840732
 30
0.0
 11
993920.398766483
 21
-609543.0888840449
 31
0.0
  0
INSERT
  5
9A3
330
2
100
AcDbEntity
  8
Elec(电器)
100
AcDbBlockReference
  2
空调室外机2
 10
994121.5996549161
 20
-609998.6166041406
 30
-0.0000000126997486
 50
270.0
  0
LINE
  5
9A4
330
2
100
AcDbEntity
  8
WINDOW
100
AcDbLine
 10
995321.0008661509
 20
-619943.0888839589
 30
0.0
 11
998021.000866151
 21
-619943.0888839589
 31
0.0
  0
LINE
  5
9A5
330
2
100
AcDbEntity
  8
WINDOW
100
AcDbLine
 10
995321.0008661496
 20
-620743.0888839607
 30
0.0
 11
998021.0008661501
 21
-620743.0888839607
 31
0.0
  0
LINE
  5
9A6
330
2
100
AcDbEntity
  8
WINDOW
100
AcDbLine
 10
995321.0008661496
 20
-620693.0888839607
 30
0.0
 11
998021.0008661501
 21
-620693.0888839607
 31
0.0
  0
LINE
  5
9A7
330
2
100
AcDbEntity
  8
WINDOW
100
AcDbLine
 10
995321.00086615
 20
-620643.0888839608
 30
0.0
 11
998021.0008661501
 21
-620643.0888839608
 31
0.0
  0
TEXT
  5
9A8
330
2
100
AcDbEntity
  8
文字标注
100
AcDbText
 10
963774.1124722593
 20
-618246.9838201614
 30
0.0000000000001015
 40
600.0
  1
主卧室
 50
0.0000000006610712
 41
0.8
  7
-黑体
100
AcDbText
  0
TEXT
  5
9A9
330
2
100
AcDbEntity
  8
文字标注
100
AcDbText
 10
967294.9058003437
 20
-613047.115273012
 30
0.0
 40
600.0
  1
客厅
 50
0.0000000006610712
 41
0.8
  7
-黑体
100
AcDbText
  0
TEXT
  5
9AA
330
2
100
AcDbEntity
  8
文字标注
100
AcDbText
 10
971744.7082411844
 20
-613211.5700039185
 30
0.0
 40
600.0
  1
餐厅
 50
0.0000000006610712
 41
0.8
  7
-黑体
100
AcDbText
  0
INSERT
  5
9AB
330
2
100
AcDbEntity
  8
0
100
AcDbBlockReference
  2
A$C7736197B
 10
963621.0009360288
 20
-616851.9585230666
 30
0.0
 41
-1.0
 50
180.0
  0
INSERT
  5
9AC
102
{ACAD_XDICTIONARY
360
9AD
102
}
330
2
100
AcDbEntity
  8
BATH
100
AcDbBlockReference
  2
*U39
 10
964621.0008654509
 20
-616143.0888840847
 30
0.0
  0
INSERT
  5
9BD
330
2
100
AcDbEntity
  8
FUR
 62
   252
100
AcDbBlockReference
  2
A$C67170A1A
 10
967021.6726266504
 20
-619577.8295429692
 30
0.0
 41
-1.0
 50
0.0184153375784479
  0
INSERT
  5
9BE
330
2
100
AcDbEntity
  8
0
100
AcDbBlockReference
 66
     1
  2
A$C367E6596
 10
965421.0008545472
 20
-613143.0887980465
 30
0.0
 41
-1.0
  0
ATTRIB
  5
9BF
330
9BE
100
AcDbEntity
  8
家具示意
100
AcDbText
 10
965421.096104243
 20
-611142.588884061
 30
0.0
 40
0.5
  1
900
 50
180.0000000000527
 41
0.8
  7
DIM_FONT
100
AcDbAttribute
280
     0
  2
XSIZE
 70
     9
280
     0
  0
ATTRIB
  5
9C0
330
9BE
100
AcDbEntity
  8
家具示意
100
AcDbText
 10
965421.1437232909
 20
-611142.588884061
 30
0.0
 40
0.5
  1
2000
 50
180.0000000000527
 41
0.8
  7
DIM_FONT
100
AcDbAttribute
280
     0
  2
YSIZE
 70
     9
280
     0
  0
SEQEND
  5
9C1
330
9BE
100
AcDbEntity
  8
0
  0
INSERT
  5
9C2
330
2
100
AcDbEntity
  8
0
100
AcDbBlockReference
  2
A$C130E6298
 10
965421.0008753148
 20
-611143.0888331501
 30
0.0
 41
-1.0
 50
180.0
  0
INSERT
  5
9C3
330
2
100
AcDbEntity
  8
0
100
AcDbBlockReference
  2
A$C31840BCA
 10
967120.8709248581
 20
-614209.6543069205
 30
0.0
  0
INSERT
  5
9C4
330
2
100
AcDbEntity
  8
FURN
100
AcDbBlockReference
 66
     1
  2
A$C6CA9292A
 10
970820.7677550092
 20
-614904.0955269882
 30
0.0
 41
-1.0
  0
ATTRIB
  5
9C5
330
9C4
100
AcDbEntity
  8
0
  6
ByBlock
100
AcDbText
 10
968801.8786754433
 20
-613113.8833035515
 30
0.0
 40
0.5000000000000006
  1
2500
 50
180.0000000000527
 41
0.8
  7
DIM_FONT
 71
     2
100
AcDbAttribute
280
     0
  2
XSIZE
 70
     9
280
     0
  0
ATTRIB
  5
9C6
330
9C4
100
AcDbEntity
  8
0
  6
ByBlock
100
AcDbText
 10
968801.8786754433
 20
-613113.8833035515
 30
0.0
 40
0.5000000000000006
  1
3500
 50
180.0000000000527
 41
0.8
  7
DIM_FONT
 71
     2
100
AcDbAttribute
280
     0
  2
YSIZE
 70
     9
280
     0
  0
SEQEND
  5
9C7
330
9C4
100
AcDbEntity
  8
FURN
  0
INSERT
  5
9C8
330
2
100
AcDbEntity
  8
Furniture(家具)
100
AcDbBlockReference
  2
餐桌2
 10
972238.2378142478
 20
-613703.4961246882
 30
0.0
 50
180.0
  0
INSERT
  5
9C9
330
2
100
AcDbEntity
  8
BATH
  6
ByBlock
100
AcDbBlockReference
  2
A$C77202156
 10
964521.0008756958
 20
-616043.0889466308
 30
0.0
 41
-1.0
  0
INSERT
  5
9CA
330
2
100
AcDbEntity
  8
BATH
100
AcDbBlockReference
  2
TP6
 10
963621.0008661386
 20
-614803.5216064201
 30
0.0
  0
INSERT
  5
9CB
330
2
100
AcDbEntity
  8
家具
100
AcDbBlockReference
 66
     1
  2
_E12QMA
 10
-965302.331694577
 20
-616001.7876818803
 30
0.0
 41
-1.0
 43
-1.0
 50
180.0
210
0.0
220
0.0
230
-1.0
  0
ATTRIB
  5
9CC
330
9CB
100
AcDbEntity
  8
0
100
AcDbText
 10
965301.3031231484
 20
-616001.7876818803
 30
0.0
 40
0.5
  1
500
 41
0.7999999999883585
  7
DIM_FONT
 71
     4
100
AcDbAttribute
280
     0
  2
XSIZE
 70
     9
280
     0
  0
ATTRIB
  5
9CD
330
9CB
100
AcDbEntity
  8
0
100
AcDbText
 10
965302.0650279108
 20
-616001.7876818803
 30
0.0
 40
0.5
  1
0
 41
0.7999999999883585
  7
DIM_FONT
 71
     4
100
AcDbAttribute
280
     0
  2
YSIZE
 70
     9
280
     0
  0
SEQEND
  5
9CE
330
9CB
100
AcDbEntity
  8
家具
  0
LWPOLYLINE
  5
9CF
330
2
100
AcDbEntity
  8
家具
100
AcDbPolyline
 90
        4
 70
     1
 43
0.0
 10
965821.0008661406
 20
-615443.0888840714
 10
965821.00086614
 20
-616043.0888840714
 10
964821.0008660917
 20
-616043.0888840508
 10
964821.0008660937
 20
-615443.0888840521
  0
TEXT
  5
9D0
330
2
100
AcDbEntity
  8
文字标注
100
AcDbText
 10
971535.7668785173
 20
-615481.327399604
 30
0.0000000000005733
 40
600.0
  1
B-1
 50
0.0000000006610712
 41
0.8
  7
-黑体
100
AcDbText
  0
LWPOLYLINE
  5
9D1
330
2
100
AcDbEntity
  8
文字标注
100
AcDbPolyline
 90
        4
 70
     1
 43
0.0
 10
971657.8252853956
 20
-614934.884093367
 10
972991.4814215442
 20
-614934.8840933662
 10
972991.4814215447
 20
-615593.8840933661
 10
971657.8252853965
 20
-615593.8840933671
  0
LINE
  5
9D2
330
2
100
AcDbEntity
  8
WINDOW
100
AcDbLine
 10
966821.0008661352
 20
-611143.0888840601
 30
0.0
 11
964421.000866138
 21
-611143.0888840615
 31
0.0
  0
TEXT
  5
9D3
330
2
100
AcDbEntity
  8
文字标注
100
AcDbText
 10
967482.1081122866
 20
-618045.0477292477
 30
0.0000000000001015
 40
600.0
  1
卧室
 50
0.0000000006610712
 41
0.8
  7
-黑体
100
AcDbText
  0
INSERT
  5
9D4
102
{ACAD_XDICTIONARY
360
9D5
102
}
330
2
100
AcDbEntity
  8
BATH
100
AcDbBlockReference
  2
*U38
 10
969186.5891224733
 20
-616143.0888839122
 30
0.0
  0
INSERT
  5
9E5
330
2
100
AcDbEntity
  8
0
100
AcDbBlockReference
  2
A$C61AC3AE4
 10
968021.0008379521
 20
-619438.509852068
 30
0.0
  0
TEXT
  5
9E6
330
2
100
AcDbEntity
  8
文字标注
100
AcDbText
 10
965251.5323816494
 20
-613453.0641677258
 30
-0.0000000000000987
 40
600.0
  1
书房
 50
0.0000000006610712
 41
0.8
  7
-黑体
100
AcDbText
  0
INSERT
  5
9E7
330
2
100
AcDbEntity
  8
Elec(电器)
100
AcDbBlockReference
  2
空调室外机2
 10
966574.9377428412
 20
-620596.251474788
 30
-0.0000000126997486
  0
LINE
  5
9E8
330
2
100
AcDbEntity
  8
WINDOW
100
AcDbLine
 10
967621.0008662264
 20
-620743.0888839629
 30
0.0
 11
966421.0008661441
 21
-620743.0888839875
 31
0.0
  0
LINE
  5
9E9
330
2
100
AcDbEntity
  8
WINDOW
100
AcDbLine
 10
967821.0008661128
 20
-619943.0888839589
 30
0.0
 11
970021.0008661457
 21
-619943.0888839589
 31
0.0
  0
LINE
  5
9EA
330
2
100
AcDbEntity
  8
WINDOW
100
AcDbLine
 10
967821.0008662114
 20
-620743.0888839607
 30
0.0
 11
970021.0008661457
 21
-620743.0888839607
 31
0.0
  0
LINE
  5
9EB
330
2
100
AcDbEntity
  8
WINDOW
100
AcDbLine
 10
967821.0008662057
 20
-620693.0888839607
 30
0.0
 11
970021.0008661457
 21
-620693.0888839607
 31
0.0
  0
LINE
  5
9EC
330
2
100
AcDbEntity
  8
WINDOW
100
AcDbLine
 10
967821.0008661993
 20
-620643.0888839608
 30
0.0
 11
970021.0008661457
 21
-620643.0888839608
 31
0.0
  0
LINE
  5
9ED
330
2
100
AcDbEntity
  8
WINDOW
100
AcDbLine
 10
966321.000866143
 20
-619943.0888839589
 30
0.0
 11
963621.0008661423
 21
-619943.0888839589
 31
0.0
  0
LINE
  5
9EE
330
2
100
AcDbEntity
  8
WINDOW
100
AcDbLine
 10
966321.0008661444
 20
-620743.0888839607
 30
0.0
 11
963621.0008661436
 21
-620743.0888839607
 31
0.0
  0
LINE
  5
9EF
330
2
100
AcDbEntity
  8
WINDOW
100
AcDbLine
 10
966321.0008661437
 20
-620693.0888839607
 30
0.0
 11
963621.0008661436
 21
-620693.0888839607
 31
0.0
  0
LINE
  5
9F0
330
2
100
AcDbEntity
  8
WINDOW
100
AcDbLine
 10
966321.0008661437
 20
-620643.0888839608
 30
0.0
 11
963621.0008661436
 21
-620643.0888839608
 31
0.0
  0
LINE
  5
9F1
330
2
100
AcDbEntity
  8
BATH
  6
ByBlock
100
AcDbLine
 10
983621.0008657765
 20
-616843.0888840546
 30
0.0
 11
981521.0008661487
 21
-616843.0888840525
 31
0.0
  0
INSERT
  5
9F2
330
2
100
AcDbEntity
  8
FUR
100
AcDbBlockReference
  2
A$C179D235A
 10
981838.8167094013
 20
-616772.6748856711
 30
0.0
  0
INSERT
  5
9F3
330
2
100
AcDbEntity
  8
FUR
100
AcDbBlockReference
 66
     1
  2
A$C5B633F4C
 10
981440.3068434945
 20
-616997.9539797864
 30
0.0
 41
-1.0
 50
90.0
  0
ATTRIB
  5
A1D
330
9F3
100
AcDbEntity
  8
厨卫示意
 62
     6
100
AcDbText
 10
980990.6772743072
 20
-617373.3251841775
 30
0.0
 40
0.3712850000000003
  1
606
 41
0.8
  7
DIM_FONT
100
AcDbAttribute
280
     0
  2
XSIZE
 70
     9
280
     0
  0
ATTRIB
  5
A21
330
9F3
100
AcDbEntity
  8
厨卫示意
 62
     6
100
AcDbText
 10
980990.6772743072
 20
-617373.3251841775
 30
0.0
 40
0.3712850000000003
  1
908
 41
0.8
  7
DIM_FONT
100
AcDbAttribute
280
     0
  2
YSIZE
 70
     9
280
     0
  0
SEQEND
  5
A22
330
9F3
100
AcDbEntity
  8
FUR
  0
INSERT
  5
A23
330
2
100
AcDbEntity
  8
家具
100
AcDbBlockReference
 66
     1
  2
_E10NWL
 10
-983971.0008659638
 20
-616243.0888840548
 30
0.0
 41
-1.272727273404598
 42
1.272727273404598
 43
-1.27272727272727
210
0.0
220
0.0
230
-1.0
  0
ATTRIB
  5
A24
330
A23
100
AcDbEntity
  8
0
100
AcDbText
 10
983971.0008659638
 20
-616242.4525204183
 30
0.0
 40
0.6363636363636365
  1
500
 50
359.999999999941
 41
0.8000000000029102
  7
DIM_FONT
 71
     4
100
AcDbAttribute
280
     0
  2
XSIZE
 70
     9
280
     0
  0
ATTRIB
  5
A25
330
A23
100
AcDbEntity
  8
0
100
AcDbText
 10
983971.0008659638
 20
-616242.4525204183
 30
0.0
 40
0.6363636363636365
  1
500
 50
359.999999999941
 41
0.8000000000029102
  7
DIM_FONT
 71
     4
100
AcDbAttribute
280
     0
  2
YSIZE
 70
     9
280
     0
  0
SEQEND
  5
A26
330
A23
100
AcDbEntity
  8
家具
  0
TEXT
  5
A27
330
2
100
AcDbEntity
  8
文字标注
100
AcDbText
 10
986655.7221341851
 20
-624604.7791701531
 30
0.0000000000001015
 40
600.0
  1
阳台
 50
0.0000000006610712
 41
0.8
  7
-黑体
100
AcDbText
  0
TEXT
  5
A28
330
2
100
AcDbEntity
  8
文字标注
100
AcDbText
 10
985637.8900547138
 20
-617769.5893455709
 30
0.0
 40
600.0
  1
餐厅
 50
0.0000000006610712
 41
0.8
  7
-黑体
100
AcDbText
  0
TEXT
  5
A29
330
2
100
AcDbEntity
  8
文字标注
100
AcDbText
 10
981821.8345963709
 20
-617483.5507454428
 30
0.0
 40
600.0
  1
厨房
 50
0.0000000006610712
 41
0.8
  7
-黑体
100
AcDbText
  0
TEXT
  5
A2A
330
2
100
AcDbEntity
  8
文字标注
100
AcDbText
 10
980721.0008661414
 20
-619441.919068296
 30
0.0
 40
600.0
  1
生活阳台
 50
0.0000000006610712
 41
0.8
  7
-黑体
100
AcDbText
  0
TEXT
  5
A2B
330
2
100
AcDbEntity
  8
文字标注
100
AcDbText
 10
986146.9040053393
 20
-619607.0985302324
 30
0.0000000000005733
 40
600.0
  1
B-2
 50
0.0000000006610712
 41
0.8
  7
-黑体
100
AcDbText
  0
TEXT
  5
A2C
330
2
100
AcDbEntity
  8
文字标注
100
AcDbText
 10
989231.6343879841
 20
-617667.9731042847
 30
0.0
 40
600.0
  1
客厅
 50
0.0000000006610712
 41
0.8
  7
-黑体
100
AcDbText
  0
LWPOLYLINE
  5
A2D
330
2
100
AcDbEntity
  8
文字标注
100
AcDbPolyline
 90
        4
 70
     1
 43
0.0
 10
987397.487435286
 20
-619071.6085836676
 10
986063.8312991373
 20
-619071.6085836652
 10
986063.8312991358
 20
-619730.6085836652
 10
987397.4874352846
 20
-619730.6085836675
  0
INSERT
  5
A2E
330
2
100
AcDbEntity
  8
0
100
AcDbBlockReference
  2
A$C31840BCA
 10
991421.1308074309
 20
-619004.3370712341
 30
0.0
 41
-1.0
  0
INSERT
  5
A2F
330
2
100
AcDbEntity
  8
FURN
100
AcDbBlockReference
 66
     1
  2
A$C6CA9292A
 10
987721.2339772787
 20
-619830.0671889987
 30
0.0
  0
ATTRIB
  5
A30
330
A2F
100
AcDbEntity
  8
0
  6
ByBlock
100
AcDbText
 10
989738.7135330379
 20
-618039.8549655642
 30
0.0
 40
0.5000000000000007
  1
2500
 50
179.9999999998882
 41
0.8
  7
DIM_FONT
 71
     2
100
AcDbAttribute
280
     0
  2
XSIZE
 70
     9
280
     0
  0
ATTRIB
  5
A31
330
A2F
100
AcDbEntity
  8
0
  6
ByBlock
100
AcDbText
 10
989738.7135330379
 20
-618039.8549655642
 30
0.0
 40
0.5000000000000007
  1
3500
 50
179.9999999998882
 41
0.8
  7
DIM_FONT
 71
     2
100
AcDbAttribute
280
     0
  2
YSIZE
 70
     9
280
     0
  0
SEQEND
  5
A32
330
A2F
100
AcDbEntity
  8
FURN
  0
INSERT
  5
A33
330
2
100
AcDbEntity
  8
FURN
100
AcDbBlockReference
  2
yyyy
 10
1284723.271888641
 20
-631932.9329550345
 30
0.0
 41
-1.0
  0
LINE
  5
A34
330
2
100
AcDbEntity
  8
WINDOW
100
AcDbLine
 10
988921.0008661423
 20
-624043.0888840703
 30
0.0
 11
988921.0008661414
 21
-625243.0888840703
 31
0.0
  0
LINE
  5
A35
330
2
100
AcDbEntity
  8
WINDOW
100
AcDbLine
 10
988821.0008661424
 20
-624043.0888840701
 30
0.0
 11
988821.0008661413
 21
-625143.0888840701
 31
0.0
  0
LINE
  5
A36
330
2
100
AcDbEntity
  8
WINDOW
100
AcDbLine
 10
985621.0008661413
 20
-625243.0888840669
 30
0.0
 11
988921.0008661414
 21
-625243.0888840703
 31
0.0
  0
LINE
  5
A37
330
2
100
AcDbEntity
  8
WINDOW
100
AcDbLine
 10
985621.0008661413
 20
-625143.0888840669
 30
0.0
 11
988821.0008661413
 21
-625143.0888840701
 31
0.0
  0
INSERT
  5
A38
330
2
100
AcDbEntity
  8
BATH
  6
ByBlock
100
AcDbBlockReference
  2
A$C77202156
 10
983521.0008757062
 20
-618043.0888215185
 30
0.0
 50
180.0
  0
INSERT
  5
A39
330
2
100
AcDbEntity
  8
BATH
100
AcDbBlockReference
  2
TP6
 10
983909.2721944659
 20
-618043.0888841031
 30
0.0
 41
-1.0
 50
90.0
  0
INSERT
  5
A3A
330
2
100
AcDbEntity
  8
家具
100
AcDbBlockReference
 66
     1
  2
_E12QMA
 10
-982662.3020683159
 20
-620633.334707039
 30
0.0
 41
-1.0
 43
-1.0
 50
270.0
210
0.0
220
0.0
230
-1.0
  0
ATTRIB
  5
A3B
330
A3A
100
AcDbEntity
  8
0
100
AcDbText
 10
982662.3020683159
 20
-620632.3061356105
 30
0.0
 40
0.5000000000000002
  1
500
 50
270.0
 41
0.7999999999883585
  7
DIM_FONT
 71
     4
100
AcDbAttribute
280
     0
  2
XSIZE
 70
     9
280
     0
  0
ATTRIB
  5
A3C
330
A3A
100
AcDbEntity
  8
0
100
AcDbText
 10
982662.3020683159
 20
-620633.0680403723
 30
0.0
 40
0.5000000000000002
  1
0
 50
270.0
 41
0.7999999999883585
  7
DIM_FONT
 71
     4
100
AcDbAttribute
280
     0
  2
YSIZE
 70
     9
280
     0
  0
SEQEND
  5
A3D
330
A3A
100
AcDbEntity
  8
家具
  0
LWPOLYLINE
  5
A3E
330
2
100
AcDbEntity
  8
家具
100
AcDbPolyline
 90
        4
 70
     1
 43
0.0
 10
983221.0008661256
 20
-620043.0888840639
 10
982621.0008661256
 20
-620043.0888840637
 10
982621.0008661517
 20
-621143.0888840613
 10
983221.0008661501
 20
-621143.0888840601
  0
INSERT
  5
A3F
102
{ACAD_XDICTIONARY
360
A40
102
}
330
2
100
AcDbEntity
  8
BATH
100
AcDbBlockReference
  2
*U38
 10
987886.5891224281
 20
-620043.0888838633
 30
0.0
  0
INSERT
  5
A50
330
2
100
AcDbEntity
  8
0
100
AcDbBlockReference
  2
A$C7736197B
 10
988721.0007962362
 20
-620828.3962667744
 30
0.0
 50
180.0
  0
INSERT
  5
A51
102
{ACAD_XDICTIONARY
360
A52
102
}
330
2
100
AcDbEntity
  8
BATH
100
AcDbBlockReference
  2
*U38
 10
983455.4126098637
 20
-621243.0888840606
 30
0.0
 41
-1.0
  0
INSERT
  5
A62
330
2
100
AcDbEntity
  8
0
100
AcDbBlockReference
  2
A$C61AC3AE4
 10
984621.0008943893
 20
-624413.702164136
 30
0.0
 41
-1.0
  0
INSERT
  5
A63
330
2
100
AcDbEntity
  8
Elec(电器)
100
AcDbBlockReference
  2
空调室外机2
 10
985352.0447529229
 20
-625096.2514748698
 30
-0.0000000126997486
 41
-1.0
  0
LINE
  5
A64
330
2
100
AcDbEntity
  8
WINDOW
100
AcDbLine
 10
985421.0008661413
 20
-625243.0888840668
 30
0.0
 11
984321.0008660898
 21
-625243.0888840656
 31
0.0
  0
LINE
  5
A65
330
2
100
AcDbEntity
  8
WINDOW
100
AcDbLine
 10
984221.0008660998
 20
-625243.0888840656
 30
0.0
 11
982621.0008661414
 21
-625243.0888840637
 31
0.0
  0
LINE
  5
A66
330
2
100
AcDbEntity
  8
WINDOW
100
AcDbLine
 10
984221.0008660998
 20
-625193.0888840656
 30
0.0
 11
982621.0008661414
 21
-625193.0888840637
 31
0.0
  0
LINE
  5
A67
330
2
100
AcDbEntity
  8
WINDOW
100
AcDbLine
 10
984221.0008660998
 20
-625143.0888840658
 30
0.0
 11
982621.0008661414
 21
-625143.0888840635
 31
0.0
  0
LINE
  5
A68
330
2
100
AcDbEntity
  8
WINDOW
100
AcDbLine
 10
984221.0008661687
 20
-624443.0888840657
 30
0.0
 11
982621.0008661419
 21
-624443.0888840637
 31
0.0
  0
HATCH
  5
A69
330
2
100
AcDbEntity
  8
铺地
100
AcDbHatch
 10
0.0
 20
0.0
 30
0.0
210
0.0
220
0.0
230
1.0
  2
LINE
 70
     0
 71
     0
 91
        1
 92
        1
 93
        4
 72
     1
 10
988721.0008661424
 20
-624043.0888840701
 11
985821.0008661423
 21
-624043.088884067
 72
     1
 10
985821.0008661423
 20
-624043.088884067
 11
985821.0008661416
 21
-625143.088884067
 72
     1
 10
985821.0008661416
 20
-625143.0888840672
 11
988721.0008661414
 21
-625143.0888840703
 72
     1
 10
988721.0008661414
 20
-625143.0888840701
 11
988721.0008661424
 21
-624043.0888840701
 97
        0
 75
     0
 76
     1
 52
90.0
 41
150.0
 77
     0
 78
     1
 53
90.0
 43
1284463.050793218
 44
-632860.7207711311
 45
142.875
 46
-0.0000000001471949
 79
     0
 98
        1
 10
1284463.050793218
 20
-632860.7207711311
1001
ACAD
1010
0.0
1020
0.0
1030
0.0
  0
LINE
  5
A6A
330
2
100
AcDbEntity
  8
WINDOW
100
AcDbLine
 10
980921.0008661473
 20
-620143.0888840617
 30
0.0
 11
982421.0008661481
 21
-620143.0888840617
 31
0.0
  0
LINE
  5
A6B
330
2
100
AcDbEntity
  8
WINDOW
100
AcDbLine
 10
980921.0008661473
 20
-620043.0888840617
 30
0.0
 11
982421.0008661481
 21
-620043.0888840617
 31
0.0
  0
HATCH
  5
A6C
330
2
100
AcDbEntity
  8
铺地
100
AcDbHatch
 10
0.0
 20
0.0
 30
0.0
210
0.0
220
0.0
230
1.0
  2
LINE
 70
     0
 71
     0
 91
        1
 92
        1
 93
        4
 72
     1
 10
982321.0008661485
 20
-618143.088884062
 11
980921.000866148
 21
-618143.088884062
 72
     1
 10
980921.000866148
 20
-618143.088884062
 11
980921.000866148
 21
-620043.0888840617
 72
     1
 10
980921.000866148
 20
-620043.0888840617
 11
982321.0008661485
 21
-620043.0888840617
 72
     1
 10
982321.0008661485
 20
-620043.0888840617
 11
982321.0008661485
 21
-618143.088884062
 97
        0
 75
     0
 76
     1
 52
90.0
 41
150.0
 77
     0
 78
     1
 53
90.0
 43
1284463.050793233
 44
-632560.7207708181
 45
142.875
 46
0.0000000000000087
 79
     0
 98
        1
 10
1284463.050793233
 20
-632560.7207708181
1001
ACAD
1010
0.0
1020
0.0
1030
0.0
  0
TEXT
  5
A6D
330
2
100
AcDbEntity
  8
文字标注
100
AcDbText
 10
989164.7816393746
 20
-621106.4083376164
 30
0.0000000000001015
 40
600.0
  1
阳台
 50
0.0000000006610712
 41
0.8
  7
-黑体
100
AcDbText
  0
LINE
  5
A6E
330
2
100
AcDbEntity
  8
WINDOW
100
AcDbLine
 10
991521.000866148
 20
-621643.0888840786
 30
0.0
 11
988921.000866148
 21
-621643.0888840762
 31
0.0
  0
LINE
  5
A6F
330
2
100
AcDbEntity
  8
WINDOW
100
AcDbLine
 10
991621.0008661479
 20
-622243.0888840788
 30
0.0
 11
988921.0008661478
 21
-622243.0888840762
 31
0.0
  0
LINE
  5
A70
330
2
100
AcDbEntity
  8
WINDOW
100
AcDbLine
 10
991421.0008661481
 20
-621543.0888840787
 30
0.0
 11
988921.000866148
 21
-621543.0888840765
 31
0.0
  0
HATCH
  5
A71
330
2
100
AcDbEntity
  8
铺地
100
AcDbHatch
 10
0.0
 20
0.0
 30
0.0
210
0.0
220
0.0
230
1.0
  2
LINE
 70
     0
 71
     0
 91
        1
 92
        1
 93
        4
 72
     1
 10
991521.0008661478
 20
-620143.0888840788
 11
988821.0008661481
 21
-620143.0888840788
 72
     1
 10
988821.0008661481
 20
-620143.0888840788
 11
988821.0008661481
 21
-621543.0888840619
 72
     1
 10
988821.0008661481
 20
-621543.0888840619
 11
991521.000866148
 21
-621543.0888840619
 72
     1
 10
991521.0008661478
 20
-621543.0888840619
 11
991521.0008661478
 21
-620143.0888840788
 97
        0
 75
     0
 76
     1
 52
90.0
 41
150.0
 77
     0
 78
     1
 53
90.0
 43
1284463.050793233
 44
-632560.7207708181
 45
142.875
 46
0.0000000000000087
 79
     0
 98
        1
 10
1284463.050793233
 20
-632560.7207708181
1001
ACAD
1010
0.0
1020
0.0
1030
0.0
  0
INSERT
  5
A72
330
2
100
AcDbEntity
  8
F1
100
AcDbBlockReference
  2
A$C505D2F39
 10
-980921.0009234277
 20
-616769.4986815727
 30
0.0
 43
-1.0
 50
90.0
210
0.0
220
0.0
230
-1.0
  0
INSERT
  5
A73
102
{ACAD_XDICTIONARY
360
A74
102
}
330
2
100
AcDbEntity
  8
Lvtry(厨卫)
100
AcDbBlockReference
  2
洗衣机1
 10
982621.0008661465
 20
-619542.4706909492
 30
0.0
 41
-1.0
 50
90.0
1001
AcDbBlockRepETag
1070
     1
1071
       46
1005
0
  0
LINE
  5
A75
330
2
100
AcDbEntity
  8
WINDOW
100
AcDbLine
 10
984321.0008661465
 20
-620043.0888840653
 30
0.0
 11
984321.0008661834
 21
-621143.0888840039
 31
0.0
  0
LINE
  5
A76
330
2
100
AcDbEntity
  8
BATH
  6
ByBlock
100
AcDbLine
 10
981521.000866148
 20
-617943.0888840627
 30
0.0
 11
981521.0008661487
 21
-616843.0888840525
 31
0.0
  0
INSERT
  5
A77
330
2
100
AcDbEntity
  8
FUR
100
AcDbBlockReference
 66
     1
  2
A$C5B633F4C
 10
980201.6948888024
 20
-616997.953979785
 30
0.0
 50
270.0
  0
ATTRIB
  5
A78
330
A77
100
AcDbEntity
  8
厨卫示意
 62
     6
100
AcDbText
 10
980650.5748158931
 20
-617373.3251841771
 30
0.0
 40
0.3712850000000003
  1
606
 50
359.9999999998662
 41
0.8
  7
DIM_FONT
100
AcDbAttribute
280
     0
  2
XSIZE
 70
     9
280
     0
  0
ATTRIB
  5
A79
330
A77
100
AcDbEntity
  8
厨卫示意
 62
     6
100
AcDbText
 10
980650.5606717031
 20
-617373.3251841771
 30
0.0
 40
0.3712850000000003
  1
908
 50
359.9999999998662
 41
0.8
  7
DIM_FONT
100
AcDbAttribute
280
     0
  2
YSIZE
 70
     9
280
     0
  0
SEQEND
  5
A7A
330
A77
100
AcDbEntity
  8
FUR
  0
LINE
  5
A7B
330
2
100
AcDbEntity
  8
BATH
  6
ByBlock
100
AcDbLine
 10
980121.0008661465
 20
-617943.0888840611
 30
0.0
 11
980121.0008661485
 21
-616843.0888840507
 31
0.0
  0
INSERT
  5
A7C
330
2
100
AcDbEntity
  8
FUR
100
AcDbBlockReference
  2
A$C179D235A
 10
979803.1850228937
 20
-616772.6748856711
 30
0.0
 41
-1.0
  0
TEXT
  5
A7D
330
2
100
AcDbEntity
  8
文字标注
100
AcDbText
 10
984990.5958114804
 20
-622496.2938792643
 30
0.0000000000001015
 40
600.0
  1
主卧室
 50
0.0000000006610712
 41
0.8
  7
-黑体
100
AcDbText
  0
TEXT
  5
A7E
330
2
100
AcDbEntity
  8
文字标注
100
AcDbText
 10
983376.6500392442
 20
-622633.0023308095
 30
0.0000000000001015
 40
600.0
  1
卧室
 50
0.0000000006610712
 41
0.8
  7
-黑体
100
AcDbText
  0
INSERT
  5
A7F
330
2
100
AcDbEntity
  8
F1
100
AcDbBlockReference
  2
A$C20217E62
 10
-974903.2051647006
 20
-611669.2479214674
 30
0.0
 43
-1.0
210
0.0
220
0.0
230
-1.0
  0
LINE
  5
A80
330
2
100
AcDbEntity
  8
家具
100
AcDbLine
 10
975121.0008661338
 20
-611743.0888840615
 30
0.0
 11
973921.0008661437
 21
-611743.0888840618
 31
0.0
  0
INSERT
  5
A81
330
2
100
AcDbEntity
  8
Elec(电器)
100
AcDbBlockReference
  2
空调室外机2
 10
991425.7685174533
 20
-622081.932265431
 30
0.0
 41
-1.0
  0
LINE
  5
A82
330
2
100
AcDbEntity
  8
WINDOW
100
AcDbLine
 10
991621.0008661479
 20
-621643.0888840786
 30
0.0
 11
991621.0008661479
 21
-622243.0888840788
 31
0.0
  0
TEXT
  5
A83
330
2
100
AcDbEntity
  8
文字标注
100
AcDbText
 10
970724.6777200388
 20
-621106.4083376157
 30
0.0000000000001015
 40
600.0
  1
阳台
 50
0.0000000006610712
 41
0.8
  7
-黑体
100
AcDbText
  0
LINE
  5
A84
330
2
100
AcDbEntity
  8
WINDOW
100
AcDbLine
 10
970121.0008661469
 20
-621643.0888840786
 30
0.0
 11
972721.0008661469
 21
-621643.0888840762
 31
0.0
  0
LINE
  5
A85
330
2
100
AcDbEntity
  8
WINDOW
100
AcDbLine
 10
970021.0008661469
 20
-622243.0888840788
 30
0.0
 11
972721.0008661474
 21
-622243.0888840762
 31
0.0
  0
LINE
  5
A86
330
2
100
AcDbEntity
  8
WINDOW
100
AcDbLine
 10
970221.0008661468
 20
-621543.0888840787
 30
0.0
 11
972721.0008661469
 21
-621543.0888840765
 31
0.0
  0
HATCH
  5
A87
330
2
100
AcDbEntity
  8
铺地
100
AcDbHatch
 10
0.0
 20
0.0
 30
0.0
210
0.0
220
0.0
230
1.0
  2
LINE
 70
     0
 71
     0
 91
        1
 92
        1
 93
        4
 72
     1
 10
970121.0008661469
 20
-620143.0888840788
 11
972821.000866147
 21
-620143.0888840788
 72
     1
 10
972821.000866147
 20
-620143.0888840788
 11
972821.000866147
 21
-621543.0888840619
 72
     1
 10
972821.000866147
 20
-621543.0888840619
 11
970121.0008661472
 21
-621543.0888840619
 72
     1
 10
970121.0008661469
 20
-621543.0888840619
 11
970121.0008661469
 21
-620143.0888840788
 97
        0
 75
     0
 76
     1
 52
90.0
 41
150.0
 77
     0
 78
     1
 53
90.0
 43
677178.9509390618
 44
-632560.7207708181
 45
-142.875
 46
0.0000000000000087
 79
     0
 98
        1
 10
677178.9509390618
 20
-632560.7207708181
1001
ACAD
1010
0.0
1020
0.0
1030
0.0
  0
LINE
  5
A88
330
2
100
AcDbEntity
  8
WINDOW
100
AcDbLine
 10
970021.0008661469
 20
-621643.0888840786
 30
0.0
 11
970021.0008661469
 21
-622243.0888840788
 31
0.0
  0
INSERT
  5
A89
102
{ACAD_XDICTIONARY
360
A8A
102
}
330
2
100
AcDbEntity
  8
Lvtry(厨卫)
100
AcDbBlockReference
  2
洗衣机1
 10
991020.398766483
 20
-610542.4706909482
 30
0.0
 41
-1.0
 50
90.0
1001
AcDbBlockRepETag
1070
     1
1071
       46
1005
0
  0
TEXT
  5
A8B
330
2
100
AcDbEntity
  8
文字标注
100
AcDbText
 10
979624.0517136569
 20
-610418.9958246076
 30
-0.0000000000000379
 40
600.0
  1
上
 50
0.0000000006610712
 41
0.8
  7
-黑体
100
AcDbText
  0
TEXT
  5
A8C
330
2
100
AcDbEntity
  8
文字标注
100
AcDbText
 10
979492.2799775925
 20
-611683.3543737369
 30
0.0
 40
600.0
  1
下
 50
0.0000000006610712
 41
0.8
  7
-黑体
100
AcDbText
  0
INSERT
  5
A8D
330
2
100
AcDbEntity
  8
Elec(电器)
100
AcDbBlockReference
  2
空调室内机1
 10
-994522.5245858352
 20
-611736.6711123032
 30
0.0
 43
-1.0
 50
44.99999999959007
210
0.0
220
0.0
230
-1.0
  0
INSERT
  5
A96
330
2
100
AcDbEntity
  8
Elec(电器)
100
AcDbBlockReference
  2
空调室内机1
 10
-991429.742684852
 20
-619517.3722680944
 30
0.0
 41
-1.0
 43
-1.0
 50
135.0000000004099
210
0.0
220
0.0
230
-1.0
  0
INSERT
  5
A97
330
2
100
AcDbEntity
  8
Elec(电器)
100
AcDbBlockReference
  2
空调室内机1
 10
-967169.1987508914
 20
-611746.135232797
 30
0.0
 41
-1.0
 43
-1.0
 50
315.0000000004099
210
0.0
220
0.0
230
-1.0
  0
INSERT
  5
A98
330
2
100
AcDbEntity
  8
Elec(电器)
100
AcDbBlockReference
  2
*U37
 10
994571.0008661624
 20
-619022.9071723178
 30
0.0
 50
270.0
  0
INSERT
  5
AA3
330
2
100
AcDbEntity
  8
Elec(电器)
100
AcDbBlockReference
  2
*U37
 10
984621.0008661421
 20
-624193.0888840535
 30
0.0
  0
INSERT
  5
AA4
330
2
100
AcDbEntity
  8
Elec(电器)
100
AcDbBlockReference
  2
*U37
 10
994571.0008661286
 20
-619022.9071723178
 30
0.0
 41
-1.0
 50
90.0
  0
INSERT
  5
AA5
330
2
100
AcDbEntity
  8
Elec(电器)
100
AcDbBlockReference
  2
*U37
 10
994571.0008661345
 20
-611225.7932018728
 30
0.0
 41
-1.0
 50
90.0
  0
INSERT
  5
AA6
330
2
100
AcDbEntity
  8
Elec(电器)
100
AcDbBlockReference
  2
*U37
 10
967071.0008661204
 20
-618901.3359526995
 30
0.0
 41
-1.0
 50
90.0
  0
INSERT
  5
AA7
330
2
100
AcDbEntity
  8
Elec(电器)
100
AcDbBlockReference
  2
*U37
 10
967071.0008661533
 20
-618905.554559645
 30
0.0
 50
270.0
  0
INSERT
  5
AA8
330
2
100
AcDbEntity
  8
Elec(电器)
100
AcDbBlockReference
  2
*U37
 10
967071.000866148
 20
-611362.8847362787
 30
0.0
 50
270.0
  0
HATCH
  5
AA9
330
2
100
AcDbEntity
  8
铺地
100
AcDbHatch
 10
0.0
 20
0.0
 30
0.0
210
0.0
220
0.0
230
1.0
  2
LINE
 70
     0
 71
     0
 91
        2
 92
        1
 93
        4
 72
     1
 10
993920.398766483
 20
-609543.0888840449
 11
991020.398766483
 21
-609543.0888840449
 72
     1
 10
991020.398766483
 20
-609543.0888840449
 11
991020.398766483
 21
-610943.0888840535
 72
     1
 10
991020.398766483
 20
-610943.0888840535
 11
993920.398766483
 21
-610943.0888840535
 72
     1
 10
993920.398766483
 20
-610943.0888840535
 11
993920.398766483
 21
-609543.0888840449
 97
        0
 92
        1
 93
        6
 72
     2
 10
991638.0716816206
 20
-610310.5406950228
 40
34.71093413207564
 50
-89.99999999995194
 51
0.0000000000480391
 73
     0
 72
     1
 10
991672.7826157528
 20
-610310.5406950228
 11
991672.7826157528
 21
-610875.6370730952
 72
     2
 10
991638.0716816206
 20
-610875.6370730954
 40
34.71093413207564
 50
-0.0000000000480391
 51
89.99999999995194
 73
     0
 72
     1
 10
991638.0716816206
 20
-610910.3480072273
 11
991145.9359967953
 21
-610910.3480072273
 72
     1
 10
991145.9359967953
 20
-610910.3480072273
 11
991145.9359967953
 21
-610275.8297608907
 72
     1
 10
991145.9359967953
 20
-610275.8297608907
 11
991638.0716816206
 21
-610275.8297608907
 97
        0
 75
     0
 76
     1
 52
90.0
 41
150.0
 77
     0
 78
     1
 53
90.0
 43
1231176.364741074
 44
-635133.3326627409
 45
142.875
 46
0.0000000000000087
 79
     0
 98
        1
 10
1231176.364741074
 20
-635133.3326627409
1001
ACAD
1010
0.0
1020
0.0
1030
0.0
  0
INSERT
  5
AAA
330
2
100
AcDbEntity
  8
Elec(电器)
100
AcDbBlockReference
  2
空调室外机2
 10
970216.2332148434
 20
-622081.932265431
 30
0.0
  0
INSERT
  5
AAB
330
2
100
AcDbEntity
  8
Elec(电器)
100
AcDbBlockReference
  2
空调室内机1
 10
-970212.2590474445
 20
-619517.3722680944
 30
0.0
 43
-1.0
 50
224.9999999995901
210
0.0
220
0.0
230
-1.0
  0
INSERT
  5
AAC
330
2
100
AcDbEntity
  8
Elec(电器)
100
AcDbBlockReference
  2
*U37
 10
985621.0008661449
 20
-623593.0888840455
 30
0.0
  0
INSERT
  5
AAD
330
2
100
AcDbEntity
  8
Elec(电器)
100
AcDbBlockReference
  2
*U37
 10
977021.0008661528
 20
-624193.0888840535
 30
0.0
 41
-1.0
  0
INSERT
  5
AAE
330
2
100
AcDbEntity
  8
Elec(电器)
100
AcDbBlockReference
  2
*U37
 10
976021.0008661502
 20
-623593.0888840455
 30
0.0
 41
-1.0
  0
LINE
  5
AAF
330
2
100
AcDbEntity
  8
WINDOW
100
AcDbLine
 10
983821.0008661501
 20
-609443.0888840451
 30
0.0
 11
990220.3987664925
 21
-609443.0888840448
 31
0.0
  0
LINE
  5
AB0
330
2
100
AcDbEntity
  8
WINDOW
100
AcDbLine
 10
983821.0008661501
 20
-609643.088884045
 30
0.0
 11
990220.3987664925
 21
-609643.0888840448
 31
0.0
  0
LINE
  5
AB2
330
2
100
AcDbEntity
  8
WINDOW
100
AcDbLine
 10
977821.0008661428
 20
-609443.0888840451
 30
0.0
 11
972821.0008661235
 21
-609443.0888840448
 31
0.0
  0
LINE
  5
AB3
330
2
100
AcDbEntity
  8
WINDOW
100
AcDbLine
 10
977821.0008661428
 20
-609643.088884045
 30
0.0
 11
972821.0008661244
 21
-609643.0888840448
 31
0.0
  0
TEXT
  5
AB5
330
2
100
AcDbEntity
  8
文字标注
100
AcDbText
 10
967856.0816552529
 20
-610514.4498542132
 30
0.0000000000001015
 40
600.0
  1
阳台
 50
359.999999999339
 41
0.8
  7
-黑体
100
AcDbText
  0
LINE
  5
AB6
330
2
100
AcDbEntity
  8
WINDOW
100
AcDbLine
 10
966521.000866142
 20
-610943.0888840606
 30
0.0
 11
966521.000866142
 21
-609443.0888840323
 31
0.0
  0
LINE
  5
AB7
330
2
100
AcDbEntity
  8
WINDOW
100
AcDbLine
 10
966521.000866142
 20
-609443.0888840323
 30
0.0
 11
970921.0008661415
 21
-609443.0888840323
 31
0.0
  0
LINE
  5
AB8
330
2
100
AcDbEntity
  8
WINDOW
100
AcDbLine
 10
966521.000866142
 20
-609543.0888840322
 30
0.0
 11
967121.0008661416
 21
-609543.0888840322
 31
0.0
  0
LINE
  5
AB9
330
2
100
AcDbEntity
  8
WINDOW
100
AcDbLine
 10
967221.0008661416
 20
-609543.0888840322
 30
0.0
 11
970921.0008661415
 21
-609543.0888840322
 31
0.0
  0
LINE
  5
ABA
330
2
100
AcDbEntity
  8
WINDOW
100
AcDbLine
 10
970121.0008661416
 20
-609543.0888840322
 30
0.0
 11
970121.0008661416
 21
-610943.0888840606
 31
0.0
  0
LINE
  5
ABB
330
2
100
AcDbEntity
  8
WINDOW
100
AcDbLine
 10
970221.0008661417
 20
-609543.0888840322
 30
0.0
 11
970221.0008661417
 21
-610943.0888840606
 31
0.0
  0
LINE
  5
ABC
330
2
100
AcDbEntity
  8
WINDOW
100
AcDbLine
 10
970921.0008661415
 20
-609443.0888840323
 30
0.0
 11
970921.0008661415
 21
-610943.0888840606
 31
0.0
  0
INSERT
  5
ABD
330
2
100
AcDbEntity
  8
Elec(电器)
100
AcDbBlockReference
  2
空调室外机2
 10
970708.9464629605
 20
-609998.6166041279
 30
-0.0000000126997486
 41
-1.0
 50
90.0
  0
LINE
  5
ABE
330
2
100
AcDbEntity
  8
WINDOW
100
AcDbLine
 10
967121.0008661418
 20
-610943.0888840606
 30
0.0
 11
967121.0008661416
 21
-609543.0888840322
 31
0.0
  0
LINE
  5
ABF
330
2
100
AcDbEntity
  8
WINDOW
100
AcDbLine
 10
967221.0008661416
 20
-610943.0888840606
 30
0.0
 11
967221.0008661416
 21
-609543.0888840322
 31
0.0
  0
INSERT
  5
AC0
330
2
100
AcDbEntity
  8
Elec(电器)
100
AcDbBlockReference
  2
空调室外机2
 10
967019.7999777085
 20
-609998.6166041279
 30
-0.0000000126997486
 41
-1.0
 50
90.0
  0
INSERT
  5
AC1
102
{ACAD_XDICTIONARY
360
AC2
102
}
330
2
100
AcDbEntity
  8
Lvtry(厨卫)
100
AcDbBlockReference
  2
洗衣机1
 10
970121.0008661416
 20
-610542.4706909357
 30
0.0
 50
270.0
1001
AcDbBlockRepETag
1070
     1
1071
       46
1005
0
  0
HATCH
  5
AC3
330
2
100
AcDbEntity
  8
铺地
100
AcDbHatch
 10
0.0
 20
0.0
 30
0.0
210
0.0
220
0.0
230
1.0
  2
LINE
 70
     0
 71
     0
 91
        2
 92
        1
 93
        4
 72
     1
 10
967221.0008661416
 20
-609543.0888840322
 11
970121.0008661416
 21
-609543.0888840322
 72
     1
 10
970121.0008661416
 20
-609543.0888840322
 11
970121.0008661416
 21
-610943.0888840407
 72
     1
 10
970121.0008661416
 20
-610943.0888840407
 11
967221.0008661416
 21
-610943.0888840407
 72
     1
 10
967221.0008661416
 20
-610943.0888840407
 11
967221.0008661416
 21
-609543.0888840322
 97
        0
 92
        1
 93
        6
 72
     2
 10
969503.3279510044
 20
-610310.5406950101
 40
34.71093413207564
 50
90.00000000004803
 51
180.000000000048
 73
     1
 72
     1
 10
969468.6170168722
 20
-610310.5406950104
 11
969468.6170168722
 21
-610875.6370730827
 72
     2
 10
969503.3279510044
 20
-610875.6370730827
 40
34.71093413207564
 50
179.999999999952
 51
269.999999999952
 73
     1
 72
     1
 10
969503.3279510044
 20
-610910.3480072147
 11
969995.4636358295
 21
-610910.3480072147
 72
     1
 10
969995.4636358295
 20
-610910.3480072147
 11
969995.4636358295
 21
-610275.8297608781
 72
     1
 10
969995.4636358295
 20
-610275.8297608781
 11
969503.3279510044
 21
-610275.8297608781
 97
        0
 75
     0
 76
     1
 52
90.0
 41
150.0
 77
     0
 78
     1
 53
90.0
 43
729965.0348915503
 44
-635133.332662728
 45
-142.875
 46
0.0000000000000087
 79
     0
 98
        1
 10
729965.0348915503
 20
-635133.332662728
1001
ACAD
1010
0.0
1020
0.0
1030
0.0
  0
LINE
  5
AC4
330
2
100
AcDbEntity
  8
WINDOW
100
AcDbLine
 10
966521.000866142
 20
-609443.0888840323
 30
0.0
 11
964421.000866136
 21
-609443.0888840324
 31
0.0
  0
LINE
  5
AC5
330
2
100
AcDbEntity
  8
WINDOW
100
AcDbLine
 10
966521.000866142
 20
-609643.0888840322
 30
0.0
 11
964421.000866136
 21
-609643.0888840322
 31
0.0
  0
LINE
  5
AC7
330
2
100
AcDbEntity
  8
WINDOW
100
AcDbLine
 10
979221.0008661545
 20
-625243.0888840637
 30
0.0
 11
982421.0008661413
 21
-625243.0888840637
 31
0.0
  0
LINE
  5
AC8
330
2
100
AcDbEntity
  8
WINDOW
100
AcDbLine
 10
979221.0008661545
 20
-625043.0888840637
 30
0.0
 11
982421.0008661413
 21
-625043.0888840637
 31
0.0
  0
DIMENSION
  5
ACB
330
2
100
AcDbEntity
  8
PUB_DIM
100
AcDbDimension
280
     0
  2
*D40
 10
998121.0008661442
 20
-628996.1575609208
 30
0.0
 11
996321.0008661397
 21
-628308.6575609208
 31
0.0
 70
     1
 71
     5
 42
3600.000000008849
 73
     0
 74
     0
 75
     0
  3
_TCH_ARCH&&250
100
AcDbAlignedDimension
 13
994521.0008661351
 23
-626031.9456936696
 33
0.0
 14
998121.0008661442
 24
-626031.9456936696
 34
0.0
  0
DIMENSION
  5
ADC
330
2
100
AcDbEntity
  8
PUB_DIM
100
AcDbDimension
280
     0
  2
*D41
 10
994521.0008661351
 20
-628996.1575609208
 30
0.0
 11
993021.0008661353
 21
-628308.6575609208
 31
0.0
 70
     1
 71
     5
 42
3000.000000000234
 73
     0
 74
     0
 75
     0
  3
_TCH_ARCH&&250
100
AcDbAlignedDimension
 13
991521.0008661349
 23
-626031.9456936696
 33
0.0
 14
994521.0008661351
 24
-626031.9456936696
 34
0.0
  0
DIMENSION
  5
AE9
330
2
100
AcDbEntity
  8
PUB_DIM
100
AcDbDimension
280
     0
  2
*D42
 10
991521.0008661349
 20
-628996.1575609208
 30
0.0
 11
990171.0008661346
 21
-628308.6575609208
 31
0.0
 70
     1
 71
     5
 42
2700.000000000466
 73
     0
 74
     0
 75
     0
  3
_TCH_ARCH&&250
100
AcDbAlignedDimension
 13
988821.0008661346
 23
-626031.9456936696
 33
0.0
 14
991521.0008661349
 24
-626031.9456936696
 34
0.0
  0
DIMENSION
  5
AF6
330
2
100
AcDbEntity
  8
PUB_DIM
100
AcDbDimension
280
     0
  2
*D43
 10
988821.0008661346
 20
-628996.1575609208
 30
0.0
 11
987171.0008661345
 21
-628308.6575609208
 31
0.0
 70
     1
 71
     5
 42
3299.999999999883
 73
     0
 74
     0
 75
     0
  3
_TCH_ARCH&&250
100
AcDbAlignedDimension
 13
985521.0008661346
 23
-626031.9456936696
 33
0.0
 14
988821.0008661346
 24
-626031.9456936696
 34
0.0
  0
DIMENSION
  5
B03
330
2
100
AcDbEntity
  8
PUB_DIM
100
AcDbDimension
280
     0
  2
*D44
 10
985521.0008661346
 20
-628996.1575609208
 30
0.0
 11
984021.0008661349
 21
-628308.6575609208
 31
0.0
 70
     1
 71
     5
 42
2999.999999999534
 73
     0
 74
     0
 75
     0
  3
_TCH_ARCH&&250
100
AcDbAlignedDimension
 13
982521.000866135
 23
-626031.9456936696
 33
0.0
 14
985521.0008661346
 24
-626031.9456936696
 34
0.0
  0
DIMENSION
  5
B10
330
2
100
AcDbEntity
  8
PUB_DIM
100
AcDbDimension
280
     0
  2
*D45
 10
982521.000866135
 20
-628996.1575609208
 30
0.0
 11
980821.0008661413
 21
-628308.6575609208
 31
0.0
 70
     1
 71
     5
 42
3399.999999988708
 73
     0
 74
     0
 75
     0
  3
_TCH_ARCH&&250
100
AcDbAlignedDimension
 13
979121.0008661465
 23
-626031.9456936696
 33
0.0
 14
982521.000866135
 24
-626031.9456936696
 34
0.0
  0
DIMENSION
  5
B1D
330
2
100
AcDbEntity
  8
PUB_DIM
100
AcDbDimension
280
     0
  2
*D46
 10
979121.0008661465
 20
-628996.1575609208
 30
0.0
 11
977621.0008661458
 21
-628308.6575609208
 31
0.0
 70
     1
 71
     5
 42
3000.000000001164
 73
     0
 74
     0
 75
     0
  3
_TCH_ARCH&&250
100
AcDbAlignedDimension
 13
976121.0008661452
 23
-626031.9456936696
 33
0.0
 14
979121.0008661465
 24
-626031.9456936696
 34
0.0
  0
DIMENSION
  5
B2A
330
2
100
AcDbEntity
  8
PUB_DIM
100
AcDbDimension
280
     0
  2
*D47
 10
976121.0008661452
 20
-628996.1575609208
 30
0.0
 11
974471.0008661451
 21
-628308.6575609208
 31
0.0
 70
     1
 71
     5
 42
3300.000000000233
 73
     0
 74
     0
 75
     0
  3
_TCH_ARCH&&250
100
AcDbAlignedDimension
 13
972821.0008661449
 23
-626031.9456936696
 33
0.0
 14
976121.0008661452
 24
-626031.9456936696
 34
0.0
  0
DIMENSION
  5
B37
330
2
100
AcDbEntity
  8
PUB_DIM
100
AcDbDimension
280
     0
  2
*D48
 10
972821.0008661449
 20
-628996.1575609208
 30
0.0
 11
971471.00086614
 21
-628308.6575609208
 31
0.0
 70
     1
 71
     5
 42
2700.000000009779
 73
     0
 74
     0
 75
     0
  3
_TCH_ARCH&&250
100
AcDbAlignedDimension
 13
970121.0008661352
 23
-626031.9456936696
 33
0.0
 14
972821.0008661449
 24
-626031.9456936696
 34
0.0
  0
DIMENSION
  5
B44
330
2
100
AcDbEntity
  8
PUB_DIM
100
AcDbDimension
280
     0
  2
*D49
 10
970121.0008661352
 20
-628996.1575609208
 30
0.0
 11
968621.0008661378
 21
-628308.6575609208
 31
0.0
 70
     1
 71
     5
 42
2999.999999994645
 73
     0
 74
     0
 75
     0
  3
_TCH_ARCH&&250
100
AcDbAlignedDimension
 13
967121.0008661406
 23
-626031.9456936696
 33
0.0
 14
970121.0008661352
 24
-626031.9456936696
 34
0.0
  0
DIMENSION
  5
B51
330
2
100
AcDbEntity
  8
PUB_DIM
100
AcDbDimension
280
     0
  2
*D50
 10
967121.0008661406
 20
-628996.1575609208
 30
0.0
 11
965321.0008661405
 21
-628308.6575609208
 31
0.0
 70
     1
 71
     5
 42
3600.0
 73
     0
 74
     0
 75
     0
  3
_TCH_ARCH&&250
100
AcDbAlignedDimension
 13
963521.0008661406
 23
-626031.9456936696
 33
0.0
 14
967121.0008661406
 24
-626031.9456936696
 34
0.0
  0
DIMENSION
  5
B5E
330
2
100
AcDbEntity
  8
PUB_DIM
100
AcDbDimension
280
     0
  2
*D51
 10
956935.5421853805
 20
-609443.0888840442
 30
0.0
 11
956248.0421853804
 21
-617293.0888840569
 31
0.0
 70
     1
 71
     5
 42
15700.00000002549
 73
     0
 74
     0
 75
     0
  3
_TCH_ARCH&&250
100
AcDbAlignedDimension
 13
961108.9060055109
 23
-625143.0888840697
 33
0.0
 14
961108.9060055109
 24
-609443.0888840442
 34
0.0
  0
DIMENSION
  5
B6B
330
2
100
AcDbEntity
  8
PUB_DIM
100
AcDbDimension
280
     0
  2
*D52
 10
958935.542185373
 20
-609443.0888840438
 30
0.0
 11
958248.0421853732
 21
-610243.0888840554
 31
0.0
 70
     1
 71
     5
 42
1600.000000023516
 73
     0
 74
     0
 75
     0
  3
_TCH_ARCH&&250
100
AcDbAlignedDimension
 13
961858.9060054851
 23
-611043.0888840673
 33
0.0
 14
961858.9060054841
 24
-609443.0888840438
 34
0.0
  0
DIMENSION
  5
B7A
330
2
100
AcDbEntity
  8
PUB_DIM
100
AcDbDimension
280
     0
  2
*D53
 10
958935.5421853751
 20
-611043.0888840673
 30
0.0
 11
958248.0421853757
 21
-612693.0888840671
 31
0.0
 70
     1
 71
     5
 42
3299.999999999883
 73
     0
 74
     0
 75
     0
  3
_TCH_ARCH&&250
100
AcDbAlignedDimension
 13
961858.9060054887
 23
-614343.0888840672
 33
0.0
 14
961858.9060054851
 24
-611043.0888840673
 34
0.0
  0
DIMENSION
  5
B87
330
2
100
AcDbEntity
  8
PUB_DIM
100
AcDbDimension
280
     0
  2
*D54
 10
958935.5421853774
 20
-614343.0888840672
 30
0.0
 11
958248.0421853778
 21
-615243.0888839742
 31
0.0
 70
     1
 71
     5
 42
1799.999999814318
 73
     0
 74
     0
 75
     0
  3
_TCH_ARCH&&250
100
AcDbAlignedDimension
 13
961858.9060054901
 23
-616143.0888838816
 33
0.0
 14
961858.9060054887
 24
-614343.0888840672
 34
0.0
  0
DIMENSION
  5
B96
330
2
100
AcDbEntity
  8
PUB_DIM
100
AcDbDimension
280
     0
  2
*D55
 10
958935.5421853801
 20
-616143.0888838815
 30
0.0
 11
958248.04218538
 21
-618093.0888839743
 31
0.0
 70
     1
 71
     5
 42
3900.000000185799
 73
     0
 74
     0
 75
     0
  3
_TCH_ARCH&&250
100
AcDbAlignedDimension
 13
961858.9060054931
 23
-620043.0888840672
 33
0.0
 14
961858.9060054901
 24
-616143.0888838815
 34
0.0
  0
DIMENSION
  5
BA3
330
2
100
AcDbEntity
  8
PUB_DIM
100
AcDbDimension
280
     0
  2
*D56
 10
958935.5421853822
 20
-620043.0888840674
 30
0.0
 11
958248.0421853823
 21
-620793.0888840673
 31
0.0
 70
     1
 71
     5
 42
1500.0
 73
     0
 74
     0
 75
     0
  3
_TCH_ARCH&&250
100
AcDbAlignedDimension
 13
961858.9060054944
 23
-621543.0888840674
 33
0.0
 14
961858.9060054931
 24
-620043.0888840674
 34
0.0
  0
DIMENSION
  5
BB2
330
2
100
AcDbEntity
  8
PUB_DIM
100
AcDbDimension
280
     0
  2
*D57
 10
958935.5421853841
 20
-621543.0888840673
 30
0.0
 11
958248.0421853842
 21
-622743.0888840681
 31
0.0
 70
     1
 71
     5
 42
2400.000000001863
 73
     0
 74
     0
 75
     0
  3
_TCH_ARCH&&250
100
AcDbAlignedDimension
 13
961858.9060054969
 23
-623943.0888840693
 33
0.0
 14
961858.9060054944
 24
-621543.0888840673
 34
0.0
  0
DIMENSION
  5
BC1
330
2
100
AcDbEntity
  8
PUB_DIM
100
AcDbDimension
280
     0
  2
*D58
 10
958935.5421853857
 20
-623943.0888840693
 30
0.0
 11
958248.0421853857
 21
-624543.088884069
 31
0.0
 70
     1
 71
     5
 42
1200.000000000116
 73
     0
 74
     0
 75
     0
  3
_TCH_ARCH&&250
100
AcDbAlignedDimension
 13
961858.9060054977
 23
-625143.0888840694
 33
0.0
 14
961858.9060054969
 24
-623943.0888840693
 34
0.0
  0
DIMENSION
  5
BD0
330
2
100
AcDbEntity
  8
PUB_DIM
100
AcDbDimension
280
     0
  2
*D59
 10
964321.0008661483
 20
-605247.6253853686
 30
0.0
 11
962596.0008661557
 21
-604385.1253853686
 31
0.0
 70
   129
 71
     5
 42
799.9999999926657
 73
     0
 74
     0
 75
     0
  3
_TCH_ARCH&&250
100
AcDbAlignedDimension
 13
963521.0008661552
 23
-607982.5326635297
 33
0.0
 14
964321.0008661483
 24
-607982.5326635297
 34
0.0
  0
DIMENSION
  5
BDD
330
2
100
AcDbEntity
  8
PUB_DIM
100
AcDbDimension
280
     0
  2
*D60
 10
967121.0008661482
 20
-605247.6253853686
 30
0.0
 11
965721.0008661479
 21
-604560.1253853686
 31
0.0
 70
     1
 71
     5
 42
2800.0
 73
     0
 74
     0
 75
     0
  3
_TCH_ARCH&&250
100
AcDbAlignedDimension
 13
964321.0008661483
 23
-607982.5326635297
 33
0.0
 14
967121.0008661482
 24
-607982.5326635297
 34
0.0
  0
DIMENSION
  5
BEA
330
2
100
AcDbEntity
  8
PUB_DIM
100
AcDbDimension
280
     0
  2
*D61
 10
973921.000866148
 20
-605247.6253853686
 30
0.0
 11
970521.0008661481
 21
-604560.1253853686
 31
0.0
 70
     1
 71
     5
 42
6799.999999999883
 73
     0
 74
     0
 75
     0
  3
_TCH_ARCH&&250
100
AcDbAlignedDimension
 13
967121.0008661482
 23
-607982.5326635297
 33
0.0
 14
973921.000866148
 24
-607982.5326635297
 34
0.0
  0
DIMENSION
  5
BF7
330
2
100
AcDbEntity
  8
PUB_DIM
100
AcDbDimension
280
     0
  2
*D62
 10
975821.0008661485
 20
-605247.6253853686
 30
0.0
 11
974871.0008661484
 21
-604560.1253853686
 31
0.0
 70
     1
 71
     5
 42
1900.000000000349
 73
     0
 74
     0
 75
     0
  3
_TCH_ARCH&&250
100
AcDbAlignedDimension
 13
973921.000866148
 23
-607982.5326635297
 33
0.0
 14
975821.0008661485
 24
-607982.5326635297
 34
0.0
  0
DIMENSION
  5
C06
330
2
100
AcDbEntity
  8
PUB_DIM
100
AcDbDimension
280
     0
  2
*D63
 10
977921.0008661465
 20
-605247.6253853686
 30
0.0
 11
976871.0008661473
 21
-604560.1253853686
 31
0.0
 70
     1
 71
     5
 42
2099.999999998138
 73
     0
 74
     0
 75
     0
  3
_TCH_ARCH&&250
100
AcDbAlignedDimension
 13
975821.0008661485
 23
-607982.5326635297
 33
0.0
 14
977921.0008661465
 24
-607982.5326635297
 34
0.0
  0
DIMENSION
  5
C15
330
2
100
AcDbEntity
  8
PUB_DIM
100
AcDbDimension
280
     0
  2
*D64
 10
983721.0008661459
 20
-605247.6253853686
 30
0.0
 11
980821.0008661465
 21
-604560.1253853686
 31
0.0
 70
     1
 71
     5
 42
5799.999999999651
 73
     0
 74
     0
 75
     0
  3
_TCH_ARCH&&250
100
AcDbAlignedDimension
 13
977921.0008661465
 23
-607982.5326635297
 33
0.0
 14
983721.0008661459
 24
-607982.5326635297
 34
0.0
  0
DIMENSION
  5
C22
330
2
100
AcDbEntity
  8
PUB_DIM
100
AcDbDimension
280
     0
  2
*D65
 10
985821.000866152
 20
-605247.6253853686
 30
0.0
 11
984771.0008661493
 21
-604560.1253853686
 31
0.0
 70
     1
 71
     5
 42
2100.000000005938
 73
     0
 74
     0
 75
     0
  3
_TCH_ARCH&&250
100
AcDbAlignedDimension
 13
983721.0008661459
 23
-607982.5326635297
 33
0.0
 14
985821.000866152
 24
-607982.5326635297
 34
0.0
  0
DIMENSION
  5
C31
330
2
100
AcDbEntity
  8
PUB_DIM
100
AcDbDimension
280
     0
  2
*D66
 10
987721.0008661521
 20
-605247.6253853686
 30
0.0
 11
986771.000866152
 21
-604560.1253853686
 31
0.0
 70
     1
 71
     5
 42
1900.000000000116
 73
     0
 74
     0
 75
     0
  3
_TCH_ARCH&&250
100
AcDbAlignedDimension
 13
985821.000866152
 23
-607982.5326635297
 33
0.0
 14
987721.0008661521
 24
-607982.5326635297
 34
0.0
  0
DIMENSION
  5
C40
330
2
100
AcDbEntity
  8
PUB_DIM
100
AcDbDimension
280
     0
  2
*D67
 10
994521.0008661517
 20
-605247.6253853686
 30
0.0
 11
991121.000866152
 21
-604560.1253853686
 31
0.0
 70
     1
 71
     5
 42
6799.999999999418
 73
     0
 74
     0
 75
     0
  3
_TCH_ARCH&&250
100
AcDbAlignedDimension
 13
987721.0008661521
 23
-607982.5326635297
 33
0.0
 14
994521.0008661517
 24
-607982.5326635297
 34
0.0
  0
DIMENSION
  5
C4D
330
2
100
AcDbEntity
  8
PUB_DIM
100
AcDbDimension
280
     0
  2
*D68
 10
997321.0008661517
 20
-605247.6253853686
 30
0.0
 11
995921.0008661521
 21
-604560.1253853686
 31
0.0
 70
     1
 71
     5
 42
2800.000000000117
 73
     0
 74
     0
 75
     0
  3
_TCH_ARCH&&250
100
AcDbAlignedDimension
 13
994521.0008661517
 23
-607982.5326635297
 33
0.0
 14
997321.0008661517
 24
-607982.5326635297
 34
0.0
  0
DIMENSION
  5
C5A
330
2
100
AcDbEntity
  8
PUB_DIM
100
AcDbDimension
280
     0
  2
*D69
 10
998121.000866161
 20
-605247.6253853686
 30
0.0
 11
997189.6902274551
 21
-603828.8753853686
 31
0.0
 70
   129
 71
     5
 42
800.0000000093132
 73
     0
 74
     0
 75
     0
  3
_TCH_ARCH&&250
100
AcDbAlignedDimension
 13
997321.0008661517
 23
-607982.5326635297
 33
0.0
 14
998121.000866161
 24
-607982.5326635297
 34
0.0
  0
DIMENSION
  5
C67
330
2
100
AcDbEntity
  8
PUB_DIM
100
AcDbDimension
280
     0
  2
*D70
 10
998121.000866161
 20
-630996.1575609208
 30
0.0
 11
980821.0008661509
 21
-630308.6575609208
 31
0.0
 70
     1
 71
     5
 42
34600.00000002049
 73
     0
 74
     0
 75
     0
  3
_TCH_ARCH&&250
100
AcDbAlignedDimension
 13
963521.0008661406
 23
-626781.9456936696
 33
0.0
 14
998121.000866161
 24
-626781.9456936696
 34
0.0
  0
DIMENSION
  5
C74
330
2
100
AcDbEntity
  8
PUB_DIM
100
AcDbDimension
280
     0
  2
*D71
 10
998121.000866161
 20
-603247.6253853687
 30
0.0
 11
980821.0008661582
 21
-602560.1253853687
 31
0.0
 70
     1
 71
     5
 42
34600.00000000559
 73
     0
 74
     0
 75
     0
  3
_TCH_ARCH&&250
100
AcDbAlignedDimension
 13
963521.0008661552
 23
-607232.5326635303
 33
0.0
 14
998121.000866161
 24
-607232.5326635303
 34
0.0
  0
LINE
  5
C81
330
2
100
AcDbEntity
  8
WALL
100
AcDbLine
 10
984721.0008661473
 20
-614743.0888840522
 30
0.0
 11
984821.0008662416
 21
-614743.088884071
 31
0.0
  0
LINE
  5
C85
330
2
100
AcDbEntity
  8
WALL
100
AcDbLine
 10
984821.0008662416
 20
-614743.088884071
 30
0.0
 11
984821.0008662414
 21
-614543.0888839901
 31
0.0
  0
LINE
  5
C86
330
2
100
AcDbEntity
  8
WALL
100
AcDbLine
 10
985721.0008661297
 20
-614543.08888407
 30
0.0
 11
985621.0008660887
 21
-614543.0888839901
 31
0.0
  0
LINE
  5
C87
330
2
100
AcDbEntity
  8
WALL
100
AcDbLine
 10
985621.0008660887
 20
-614543.0888839901
 30
0.0
 11
985621.0008660887
 21
-614743.088884071
 31
0.0
  0
LINE
  5
C88
330
2
100
AcDbEntity
  8
WALL
100
AcDbLine
 10
985621.0008660887
 20
-614743.088884071
 30
0.0
 11
985821.0008661416
 21
-614743.0888840522
 31
0.0
  0
INSERT
  5
C89
330
2
100
AcDbEntity
  8
WINDOW
100
AcDbBlockReference
  2
$WINLIB2D$00000001
 10
985221.0008661508
 20
-614643.0888840521
 30
0.0
 41
-800.0
 42
200.0
 43
-800.0
1001
WTHICK
1040
200.0
  0
LINE
  5
C94
330
2
100
AcDbEntity
  8
WALL
100
AcDbLine
 10
975021.0008661541
 20
-616043.0888840704
 30
0.0
 11
975021.0008661859
 21
-615943.0888839779
 31
0.0
  0
LINE
  5
C95
330
2
100
AcDbEntity
  8
WALL
100
AcDbLine
 10
975021.0008661859
 20
-615943.0888839779
 30
0.0
 11
974821.0008661573
 21
-615943.0888839768
 31
0.0
  0
LINE
  5
C96
330
2
100
AcDbEntity
  8
WALL
100
AcDbLine
 10
974821.0008661573
 20
-615943.0888839768
 30
0.0
 11
974821.0008661516
 21
-616043.0888840484
 31
0.0
  0
LINE
  5
C97
330
2
100
AcDbEntity
  8
WALL
100
AcDbLine
 10
974821.0008661573
 20
-614743.0888840156
 30
0.0
 11
974821.0008661615
 21
-614943.0888839768
 31
0.0
  0
LINE
  5
C98
330
2
100
AcDbEntity
  8
WALL
100
AcDbLine
 10
974821.0008661615
 20
-614943.0888839768
 30
0.0
 11
975021.0008661905
 21
-614943.0888839777
 31
0.0
  0
LINE
  5
C99
330
2
100
AcDbEntity
  8
WALL
100
AcDbLine
 10
975021.0008661905
 20
-614943.0888839777
 30
0.0
 11
975021.0008661593
 21
-614743.0888841612
 31
0.0
  0
INSERT
  5
C9A
330
2
100
AcDbEntity
  8
WINDOW
100
AcDbBlockReference
  2
$DorLib2D$00000001
 10
974921.0008661508
 20
-615443.0888840393
 30
0.0
 41
-1000.0
 42
1000.0
 43
-1000.0
 50
89.99999999975988
1001
WTHICK
1040
200.0
  0
LINE
  5
CA5
330
2
100
AcDbEntity
  8
WINDOW
100
AcDbLine
 10
974821.0008661487
 20
-615943.0888840389
 30
0.0
 11
974821.000866153
 21
-614943.0888840388
 31
0.0
  0
LINE
  5
CA6
330
2
100
AcDbEntity
  8
WALL
100
AcDbLine
 10
970121.000866148
 20
-616043.0888840521
 30
0.0
 11
974821.0008661516
 21
-616043.0888840484
 31
0.0
  0
LINE
  5
CA7
330
2
100
AcDbEntity
  8
WALL
100
AcDbLine
 10
970221.0008661673
 20
-616243.0888840484
 30
0.0
 11
974921.000866148
 21
-616243.0888840521
 31
0.0
  0
LINE
  5
CA8
330
2
100
AcDbEntity
  8
WALL
100
AcDbLine
 10
970021.000866148
 20
-620043.0888840521
 30
0.0
 11
970021.0008661358
 21
-616143.0888839463
 31
0.0
  0
LINE
  5
CA9
330
2
100
AcDbEntity
  8
WALL
100
AcDbLine
 10
970221.0008661673
 20
-619943.088883903
 30
0.0
 11
970221.0008661673
 21
-616243.0888840484
 31
0.0
  0
LINE
  5
CAA
330
2
100
AcDbEntity
  8
WALL
100
AcDbLine
 10
983721.0008661459
 20
-616243.0888840521
 30
0.0
 11
980921.0008661523
 21
-616243.0888840518
 31
0.0
  0
LINE
  5
CAB
330
2
100
AcDbEntity
  8
WALL
100
AcDbLine
 10
983621.0008661524
 20
-616043.0888840518
 30
0.0
 11
980821.0008661477
 21
-616043.0888840521
 31
0.0
  0
INSERT
  5
CAC
330
2
100
AcDbEntity
  8
WINDOW
100
AcDbBlockReference
  2
$DorLib2D$00000001
 10
976621.0008661509
 20
-616143.0888840521
 30
0.0
 41
1000.0
 42
-1000.0
 43
1000.0
1001
WTHICK
1040
200.0
  0
LINE
  5
CAD
330
2
100
AcDbEntity
  8
WINDOW
100
AcDbLine
 10
976121.0008661509
 20
-616243.0888840521
 30
0.0
 11
977121.000866151
 21
-616243.0888840521
 31
0.0
  0
INSERT
  5
CAE
330
2
100
AcDbEntity
  8
WINDOW
100
AcDbBlockReference
  2
$DorLib2D$00000131
 10
973871.0008661421
 20
-612743.0888840523
 30
0.0
 41
1400.0
 42
-100.0
 43
1400.0
 50
90.0
1001
WTHICK
1040
100.0
  0
LINE
  5
CC2
330
2
100
AcDbEntity
  8
WALL
100
AcDbLine
 10
975721.000866077
 20
-614543.0888841585
 30
0.0
 11
975721.0008661473
 21
-613743.0888840594
 31
0.0
  0
LINE
  5
CC3
330
2
100
AcDbEntity
  8
WALL
100
AcDbLine
 10
975921.0008660758
 20
-614643.0888841091
 30
0.0
 11
975921.0008660746
 21
-613843.0888840625
 31
0.0
  0
LINE
  5
CC4
330
2
100
AcDbEntity
  8
WALL
100
AcDbLine
 10
975821.0008661421
 20
-614743.0888840522
 30
0.0
 11
975021.0008661593
 21
-614743.0888841612
 31
0.0
  0
LINE
  5
CC5
330
2
100
AcDbEntity
  8
WALL
100
AcDbLine
 10
975721.000866077
 20
-614543.0888841585
 30
0.0
 11
974921.0008661542
 21
-614543.0888840523
 31
0.0
  0
LINE
  5
CC6
330
2
100
AcDbEntity
  8
WALL
100
AcDbLine
 10
973921.0008661421
 20
-614743.0888840522
 30
0.0
 11
973819.443221288
 21
-614743.0888840522
 31
0.0
  0
LINE
  5
CC7
330
2
100
AcDbEntity
  8
WALL
100
AcDbLine
 10
973821.0008661617
 20
-614643.0888849067
 30
0.0
 11
973819.443221288
 21
-614643.0888840521
 31
0.0
  0
LINE
  5
CC8
330
2
100
AcDbEntity
  8
WALL
100
AcDbLine
 10
973819.443221288
 20
-614743.0888840522
 30
0.0
 11
973819.443221288
 21
-614643.0888840521
 31
0.0
  0
LINE
  5
CC9
330
2
100
AcDbEntity
  8
WALL
100
AcDbLine
 10
979221.0008661157
 20
-614543.088884061
 30
0.0
 11
979826.222841628
 21
-614543.0888840575
 31
0.0
  0
LINE
  5
CCA
330
2
100
AcDbEntity
  8
WALL
100
AcDbLine
 10
979826.222841628
 20
-614543.0888840575
 30
0.0
 11
979826.2228416273
 21
-614343.0888840843
 31
0.0
  0
LINE
  5
CCB
330
2
100
AcDbEntity
  8
WALL
100
AcDbLine
 10
979826.2228416273
 20
-614343.0888840843
 30
0.0
 11
979421.0008661687
 21
-614343.0888840603
 31
0.0
  0
LINE
  5
CCC
330
2
100
AcDbEntity
  8
WALL
100
AcDbLine
 10
981421.0008661158
 20
-614343.0888840537
 30
0.0
 11
981026.2228416274
 21
-614343.0888840802
 31
0.0
  0
LINE
  5
CCD
330
2
100
AcDbEntity
  8
WALL
100
AcDbLine
 10
981026.2228416274
 20
-614343.0888840802
 30
0.0
 11
981026.2228416281
 21
-614543.0888840498
 31
0.0
  0
LINE
  5
CCE
330
2
100
AcDbEntity
  8
WALL
100
AcDbLine
 10
981026.2228416281
 20
-614543.0888840498
 30
0.0
 11
981521.0008661544
 21
-614543.0888840463
 31
0.0
  0
INSERT
  5
CCF
330
2
100
AcDbEntity
  8
WINDOW
100
AcDbBlockReference
  2
$DorLib2D$00000127
 10
980426.2228417144
 20
-614443.0888840499
 30
0.0
 41
1200.0
 42
200.0
 43
1200.0
 50
0.0000000001879757
1001
WTHICK
1040
200.0
  0
LINE
  5
CDE
330
2
100
AcDbEntity
  8
WALL
100
AcDbLine
 10
981521.0008661537
 20
-612043.0888840463
 30
0.0
 11
983621.0008661357
 21
-612043.0888840412
 31
0.0
  0
LINE
  5
CDF
330
2
100
AcDbEntity
  8
WALL
100
AcDbLine
 10
981621.0008661688
 20
-612243.088884098
 30
0.0
 11
983621.0008660978
 21
-612243.0888840966
 31
0.0
  0
LINE
  5
CE0
330
2
100
AcDbEntity
  8
WALL
100
AcDbLine
 10
981521.0008661537
 20
-614543.0888840463
 30
0.0
 11
982043.9072134924
 21
-614543.0888840532
 31
0.0
  0
LINE
  5
CE1
330
2
100
AcDbEntity
  8
WALL
100
AcDbLine
 10
982043.9072134924
 20
-614543.0888840532
 30
0.0
 11
982043.9072134924
 21
-614343.0888840119
 31
0.0
  0
LINE
  5
CE2
330
2
100
AcDbEntity
  8
WALL
100
AcDbLine
 10
982043.9072134924
 20
-614343.0888840119
 30
0.0
 11
981621.0008661688
 21
-614343.0888840424
 31
0.0
  0
LINE
  5
CE3
330
2
100
AcDbEntity
  8
WALL
100
AcDbLine
 10
983621.0008661517
 20
-614343.0888840412
 30
0.0
 11
983243.9072134924
 21
-614343.0888840112
 31
0.0
  0
LINE
  5
CE4
330
2
100
AcDbEntity
  8
WALL
100
AcDbLine
 10
983243.9072134924
 20
-614343.0888840112
 30
0.0
 11
983243.9072134924
 21
-614543.08888405
 31
0.0
  0
LINE
  5
CE5
330
2
100
AcDbEntity
  8
WALL
100
AcDbLine
 10
983243.9072134924
 20
-614543.08888405
 30
0.0
 11
983621.0008662485
 21
-614543.0888840412
 31
0.0
  0
INSERT
  5
CE6
330
2
100
AcDbEntity
  8
WINDOW
100
AcDbBlockReference
  2
$DorLib2D$00000127
 10
982643.9072134649
 20
-614443.0888840457
 30
0.0
 41
1200.0
 42
200.0
 43
1200.0
 50
0.0000000000363824
1001
WTHICK
1040
200.0
  0
LINE
  5
CE7
330
2
100
AcDbEntity
  8
WALL
100
AcDbLine
 10
981421.0008661158
 20
-614343.0888840537
 30
0.0
 11
981421.0008661158
 21
-612243.0888840536
 31
0.0
  0
LINE
  5
CE8
330
2
100
AcDbEntity
  8
WALL
100
AcDbLine
 10
981621.0008661688
 20
-614343.0888840424
 30
0.0
 11
981621.0008661688
 21
-612243.088884098
 31
0.0
  0
LINE
  5
CE9
330
2
100
AcDbEntity
  8
WALL
100
AcDbLine
 10
983821.0008661382
 20
-609443.0888840459
 30
0.0
 11
979521.0008662415
 21
-609443.0888840546
 31
0.0
  0
LINE
  5
CEA
330
2
100
AcDbEntity
  8
WALL
100
AcDbLine
 10
979521.0008662415
 20
-609443.0888840546
 30
0.0
 11
979521.0008662415
 21
-609643.0888840558
 31
0.0
  0
LINE
  5
CEB
330
2
100
AcDbEntity
  8
WALL
100
AcDbLine
 10
979521.0008662415
 20
-609643.0888840558
 30
0.0
 11
983621.0008661382
 21
-609643.0888840457
 31
0.0
  0
LINE
  5
CEC
330
2
100
AcDbEntity
  8
WALL
100
AcDbLine
 10
978021.000866147
 20
-609643.0888840458
 30
0.0
 11
978321.0008660889
 21
-609643.0888840558
 31
0.0
  0
LINE
  5
CED
330
2
100
AcDbEntity
  8
WALL
100
AcDbLine
 10
978321.0008660889
 20
-609643.0888840558
 30
0.0
 11
978321.0008660889
 21
-609443.0888840546
 31
0.0
  0
LINE
  5
CEE
330
2
100
AcDbEntity
  8
WALL
100
AcDbLine
 10
978321.0008660889
 20
-609443.0888840546
 30
0.0
 11
977821.0008661941
 21
-609443.0888840459
 31
0.0
  0
INSERT
  5
CEF
330
2
100
AcDbEntity
  8
WINDOW
100
AcDbBlockReference
  2
$WINLIB2D$00000001
 10
978921.0008661592
 20
-609543.0888840449
 30
0.0
 41
-1200.0
 42
-200.0
 43
-1200.0
 50
180.0
1001
WTHICK
1040
200.0
  0
LINE
  5
CF0
330
2
100
AcDbEntity
  8
WALL
100
AcDbLine
 10
979321.0008661532
 20
-612043.0888840536
 30
0.0
 11
981521.0008661532
 21
-612043.0888840463
 31
0.0
  0
LINE
  5
CF1
330
2
100
AcDbEntity
  8
WALL
100
AcDbLine
 10
979421.0008661687
 20
-612243.0888840603
 30
0.0
 11
981421.0008661158
 21
-612243.0888840536
 31
0.0
  0
LINE
  5
CF2
330
2
100
AcDbEntity
  8
WALL
100
AcDbLine
 10
983821.0008661542
 20
-616043.0888841628
 30
0.0
 11
983821.000866208
 21
-615943.0888840494
 31
0.0
  0
LINE
  5
CF3
330
2
100
AcDbEntity
  8
WALL
100
AcDbLine
 10
983821.000866208
 20
-615943.0888840494
 30
0.0
 11
983621.0008661517
 21
-615943.0888840491
 31
0.0
  0
LINE
  5
CF4
330
2
100
AcDbEntity
  8
WALL
100
AcDbLine
 10
983621.0008661517
 20
-615943.0888840491
 30
0.0
 11
983621.0008661524
 21
-616043.0888840518
 31
0.0
  0
LINE
  5
CF5
330
2
100
AcDbEntity
  8
WALL
100
AcDbLine
 10
983621.0008661481
 20
-614643.0888840589
 30
0.0
 11
983621.0008661481
 21
-614943.0888840491
 31
0.0
  0
LINE
  5
CF6
330
2
100
AcDbEntity
  8
WALL
100
AcDbLine
 10
983621.0008661481
 20
-614943.0888840491
 30
0.0
 11
983821.0008662095
 21
-614943.0888840494
 31
0.0
  0
LINE
  5
CF7
330
2
100
AcDbEntity
  8
WALL
100
AcDbLine
 10
983821.0008662095
 20
-614943.0888840494
 30
0.0
 11
983821.0008661556
 21
-614743.0888841443
 31
0.0
  0
INSERT
  5
CF8
330
2
100
AcDbEntity
  8
WINDOW
100
AcDbBlockReference
  2
$DorLib2D$00000001
 10
983721.0008661472
 20
-615443.0888840787
 30
0.0
 41
-1000.0
 42
1000.0
 43
-1000.0
 50
89.99999999993773
1001
WTHICK
1040
200.0
  0
LINE
  5
CF9
330
2
100
AcDbEntity
  8
WALL
100
AcDbLine
 10
978021.000866147
 20
-609643.0888840458
 30
0.0
 11
978021.0008661482
 21
-612043.0888840175
 31
0.0
  0
LINE
  5
CFA
330
2
100
AcDbEntity
  8
WALL
100
AcDbLine
 10
977821.0008661941
 20
-609443.0888840459
 30
0.0
 11
977821.0008661559
 21
-612143.0888840492
 31
0.0
  0
LINE
  5
CFB
330
2
100
AcDbEntity
  8
WALL
100
AcDbLine
 10
978021.0008661081
 20
-612243.0888840177
 30
0.0
 11
978121.0008661616
 21
-612243.0888840618
 31
0.0
  0
LINE
  5
CFC
330
2
100
AcDbEntity
  8
WALL
100
AcDbLine
 10
978121.0008661616
 20
-612243.0888840618
 30
0.0
 11
978121.0008661632
 21
-612043.088883985
 31
0.0
  0
LINE
  5
CFD
330
2
100
AcDbEntity
  8
WALL
100
AcDbLine
 10
978121.0008661632
 20
-612043.088883985
 30
0.0
 11
978021.0008661482
 21
-612043.0888840175
 31
0.0
  0
LINE
  5
CFE
330
2
100
AcDbEntity
  8
WALL
100
AcDbLine
 10
979321.0008661542
 20
-612043.0888840536
 30
0.0
 11
979121.0008661629
 21
-612043.0888840128
 31
0.0
  0
LINE
  5
CFF
330
2
100
AcDbEntity
  8
WALL
100
AcDbLine
 10
979121.0008661629
 20
-612043.0888840128
 30
0.0
 11
979121.0008661616
 21
-612243.0888840678
 31
0.0
  0
LINE
  5
D00
330
2
100
AcDbEntity
  8
WALL
100
AcDbLine
 10
979121.0008661616
 20
-612243.0888840678
 30
0.0
 11
979221.0008661157
 21
-612243.0888840248
 31
0.0
  0
INSERT
  5
D01
330
2
100
AcDbEntity
  8
WINDOW
100
AcDbBlockReference
  2
$DorLib2D$00000001
 10
978621.0008661647
 20
-612143.0888840492
 30
0.0
 41
-1000.0
 42
1000.0
 43
-1000.0
 50
359.9999999996474
1001
WTHICK
1040
200.0
  0
LINE
  5
D02
330
2
100
AcDbEntity
  8
WALL
100
AcDbLine
 10
979221.0008661157
 20
-614543.088884061
 30
0.0
 11
979221.0008661157
 21
-612243.0888840248
 31
0.0
  0
LINE
  5
D03
330
2
100
AcDbEntity
  8
WALL
100
AcDbLine
 10
979421.0008661687
 20
-614343.0888840603
 30
0.0
 11
979421.0008661687
 21
-612243.0888840603
 31
0.0
  0
LINE
  5
D04
330
2
100
AcDbEntity
  8
WALL
100
AcDbLine
 10
983621.0008661357
 20
-612043.0888840412
 30
0.0
 11
983621.0008661382
 21
-609643.0888840457
 31
0.0
  0
LINE
  5
D05
330
2
100
AcDbEntity
  8
WALL
100
AcDbLine
 10
983821.0008661508
 20
-612143.088884045
 30
0.0
 11
983821.0008661382
 21
-609443.0888840459
 31
0.0
  0
LINE
  5
D06
330
2
100
AcDbEntity
  8
WALL
100
AcDbLine
 10
977821.0008661377
 20
-614643.0888841051
 30
0.0
 11
977821.0008661377
 21
-613843.0888841083
 31
0.0
  0
LINE
  5
D07
330
2
100
AcDbEntity
  8
WALL
100
AcDbLine
 10
978021.0008661384
 20
-614743.0888839934
 30
0.0
 11
978021.0008661573
 21
-613743.0888840589
 31
0.0
  0
LINE
  5
D08
330
2
100
AcDbEntity
  8
WALL
100
AcDbLine
 10
983621.0008661481
 20
-614643.0888840589
 30
0.0
 11
983621.0008662485
 21
-614543.0888840412
 31
0.0
  0
LINE
  5
D09
330
2
100
AcDbEntity
  8
WALL
100
AcDbLine
 10
983821.0008662345
 20
-614643.0888840296
 30
0.0
 11
983821.000866148
 21
-614443.088884045
 31
0.0
  0
LINE
  5
D0A
330
2
100
AcDbEntity
  8
WALL
100
AcDbLine
 10
983621.0008661517
 20
-614343.0888840412
 30
0.0
 11
983621.0008661485
 21
-613743.0888840745
 31
0.0
  0
LINE
  5
D0B
330
2
100
AcDbEntity
  8
WALL
100
AcDbLine
 10
983821.000866148
 20
-614443.088884045
 30
0.0
 11
983821.0008661604
 21
-613843.0888840815
 31
0.0
  0
LINE
  5
D0C
330
2
100
AcDbEntity
  8
WALL
100
AcDbLine
 10
983621.0008661485
 20
-613743.0888840745
 30
0.0
 11
983621.0008660978
 21
-612243.0888840966
 31
0.0
  0
LINE
  5
D0D
330
2
100
AcDbEntity
  8
WALL
100
AcDbLine
 10
983821.0008661691
 20
-613643.0888840844
 30
0.0
 11
983821.0008661508
 21
-612143.088884045
 31
0.0
  0
LINE
  5
D0E
330
2
100
AcDbEntity
  8
WALL
100
AcDbLine
 10
984621.0008661994
 20
-613843.0888840817
 30
0.0
 11
983821.0008661604
 21
-613843.0888840815
 31
0.0
  0
LINE
  5
D0F
330
2
100
AcDbEntity
  8
WALL
100
AcDbLine
 10
984821.0008662032
 20
-613643.0888840846
 30
0.0
 11
983821.0008661691
 21
-613643.0888840844
 31
0.0
  0
LINE
  5
D10
330
2
100
AcDbEntity
  8
WALL
100
AcDbLine
 10
984621.0008661989
 20
-614643.0888840296
 30
0.0
 11
984621.0008661994
 21
-613843.0888840817
 31
0.0
  0
LINE
  5
D11
330
2
100
AcDbEntity
  8
WALL
100
AcDbLine
 10
984821.0008662023
 20
-614543.08888407
 30
0.0
 11
984821.0008662032
 21
-613643.0888840846
 31
0.0
  0
LINE
  5
D12
330
2
100
AcDbEntity
  8
WALL
100
AcDbLine
 10
984621.0008661989
 20
-614643.0888840296
 30
0.0
 11
984421.0008663942
 21
-614643.0888840282
 31
0.0
  0
LINE
  5
D13
330
2
100
AcDbEntity
  8
WALL
100
AcDbLine
 10
984421.0008663942
 20
-614643.0888840282
 30
0.0
 11
984421.0008663942
 21
-614743.0888841468
 31
0.0
  0
LINE
  5
D14
330
2
100
AcDbEntity
  8
WALL
100
AcDbLine
 10
984421.0008663942
 20
-614743.0888841468
 30
0.0
 11
984721.0008662052
 21
-614743.0888840592
 31
0.0
  0
LINE
  5
D15
330
2
100
AcDbEntity
  8
WALL
100
AcDbLine
 10
983821.0008662345
 20
-614643.0888840296
 30
0.0
 11
983821.0008661556
 21
-614743.0888841443
 31
0.0
  0
INSERT
  5
D16
330
2
100
AcDbEntity
  8
WINDOW
100
AcDbBlockReference
  2
$DorLib2D$00000114
 10
984121.0008662589
 20
-614693.088884059
 30
0.0
 41
600.0
 42
600.0
 43
600.0
 50
179.9999999999867
1001
WTHICK
1040
100.0
  0
LINE
  5
D1C
330
2
100
AcDbEntity
  8
WALL
100
AcDbLine
 10
976821.0008662359
 20
-614643.0888841088
 30
0.0
 11
976821.0008662357
 21
-613843.0888840623
 31
0.0
  0
LINE
  5
D1D
330
2
100
AcDbEntity
  8
WALL
100
AcDbLine
 10
976921.0008662364
 20
-614643.0888841053
 30
0.0
 11
976921.0008662357
 21
-613843.0888841085
 31
0.0
  0
LINE
  5
D1E
330
2
100
AcDbEntity
  8
WALL
100
AcDbLine
 10
975821.0008661478
 20
-614743.0888840593
 30
0.0
 11
975921.0008663941
 21
-614743.088883987
 31
0.0
  0
LINE
  5
D1F
330
2
100
AcDbEntity
  8
WALL
100
AcDbLine
 10
975921.0008663941
 20
-614743.088883987
 30
0.0
 11
975921.0008663941
 21
-614643.0888841817
 31
0.0
  0
LINE
  5
D20
330
2
100
AcDbEntity
  8
WALL
100
AcDbLine
 10
976821.0008662359
 20
-614643.0888841088
 30
0.0
 11
976521.0008663943
 21
-614643.0888841813
 31
0.0
  0
LINE
  5
D21
330
2
100
AcDbEntity
  8
WALL
100
AcDbLine
 10
976521.0008663943
 20
-614643.0888841813
 30
0.0
 11
976521.0008663943
 21
-614743.0888839868
 31
0.0
  0
LINE
  5
D22
330
2
100
AcDbEntity
  8
WALL
100
AcDbLine
 10
976521.0008663943
 20
-614743.0888839868
 30
0.0
 11
976821.0008661483
 21
-614743.0888840592
 31
0.0
  0
INSERT
  5
D23
330
2
100
AcDbEntity
  8
WINDOW
100
AcDbBlockReference
  2
$DorLib2D$00000114
 10
976221.0008661597
 20
-614693.0888840593
 30
0.0
 41
-600.0
 42
-600.0
 43
-600.0
 50
0.0000000000133402
1001
WTHICK
1040
100.0
  0
LINE
  5
D24
330
2
100
AcDbEntity
  8
WALL
100
AcDbLine
 10
975921.0008661472
 20
-613643.0888840624
 30
0.0
 11
976821.0008661476
 21
-613643.088884059
 31
0.0
  0
LINE
  5
D25
330
2
100
AcDbEntity
  8
WALL
100
AcDbLine
 10
975921.0008660746
 20
-613843.0888840625
 30
0.0
 11
976821.0008662357
 21
-613843.0888840623
 31
0.0
  0
LINE
  5
D26
330
2
100
AcDbEntity
  8
WALL
100
AcDbLine
 10
978021.0008661573
 20
-613743.0888840587
 30
0.0
 11
978021.0008661029
 21
-613543.088884034
 31
0.0
  0
LINE
  5
D27
330
2
100
AcDbEntity
  8
WALL
100
AcDbLine
 10
978021.0008661029
 20
-613543.088884034
 30
0.0
 11
977821.0008661035
 21
-613543.088884034
 31
0.0
  0
LINE
  5
D28
330
2
100
AcDbEntity
  8
WALL
100
AcDbLine
 10
977821.0008661035
 20
-613543.088884034
 30
0.0
 11
977821.000866111
 21
-613643.0888841109
 31
0.0
  0
LINE
  5
D29
330
2
100
AcDbEntity
  8
WALL
100
AcDbLine
 10
977821.0008661559
 20
-612143.088884045
 30
0.0
 11
977821.0008661268
 21
-612743.088884034
 31
0.0
  0
LINE
  5
D2A
330
2
100
AcDbEntity
  8
WALL
100
AcDbLine
 10
977821.0008661268
 20
-612743.088884034
 30
0.0
 11
978021.0008660773
 21
-612743.088884034
 31
0.0
  0
LINE
  5
D2B
330
2
100
AcDbEntity
  8
WALL
100
AcDbLine
 10
978021.0008660773
 20
-612743.088884034
 30
0.0
 11
978021.0008661081
 21
-612243.0888840177
 31
0.0
  0
INSERT
  5
D2C
330
2
100
AcDbEntity
  8
WINDOW
100
AcDbBlockReference
  2
$TCHSYS$WIN2D
 10
977921.0008661564
 20
-613143.0888840593
 30
0.0
 41
800.0
 42
200.0
 43
800.0
 50
90.00000000005835
1001
WTHICK
1040
200.0
  0
LINE
  5
D36
330
2
100
AcDbEntity
  8
WALL
100
AcDbLine
 10
983821.0008661542
 20
-616043.0888841628
 30
0.0
 11
984321.0008661502
 21
-616043.0888840521
 31
0.0
  0
LINE
  5
D37
330
2
100
AcDbEntity
  8
WALL
100
AcDbLine
 10
983721.0008661459
 20
-616243.0888840521
 30
0.0
 11
984321.0008661992
 21
-616243.0888841615
 31
0.0
  0
LINE
  5
D38
330
2
100
AcDbEntity
  8
WALL
100
AcDbLine
 10
976821.0008661483
 20
-614743.0888840592
 30
0.0
 11
976921.0008663941
 21
-614743.0888840768
 31
0.0
  0
LINE
  5
D39
330
2
100
AcDbEntity
  8
WALL
100
AcDbLine
 10
976921.0008663941
 20
-614743.0888840768
 30
0.0
 11
976921.0008663941
 21
-614643.0888840112
 31
0.0
  0
LINE
  5
D3A
330
2
100
AcDbEntity
  8
WALL
100
AcDbLine
 10
977821.0008661377
 20
-614643.0888841051
 30
0.0
 11
977521.000866394
 21
-614643.0888840108
 31
0.0
  0
LINE
  5
D3B
330
2
100
AcDbEntity
  8
WALL
100
AcDbLine
 10
977521.000866394
 20
-614643.0888840108
 30
0.0
 11
977521.000866394
 21
-614743.0888840439
 31
0.0
  0
LINE
  5
D3C
330
2
100
AcDbEntity
  8
WALL
100
AcDbLine
 10
977521.000866394
 20
-614743.0888840439
 30
0.0
 11
978021.0008661384
 21
-614743.0888839934
 31
0.0
  0
INSERT
  5
D3D
330
2
100
AcDbEntity
  8
WINDOW
100
AcDbBlockReference
  2
$DorLib2D$00000114
 10
977221.0008662826
 20
-614693.088884059
 30
0.0
 41
-600.0
 42
-600.0
 43
-600.0
 50
0.0000000000121275
1001
WTHICK
1040
100.0
  0
LINE
  5
D3E
330
2
100
AcDbEntity
  8
WALL
100
AcDbLine
 10
976821.0008661476
 20
-613643.088884059
 30
0.0
 11
977821.000866111
 21
-613643.0888841109
 31
0.0
  0
LINE
  5
D3F
330
2
100
AcDbEntity
  8
WALL
100
AcDbLine
 10
976921.0008662357
 20
-613843.0888841085
 30
0.0
 11
977821.0008661377
 21
-613843.0888841083
 31
0.0
  0
LINE
  5
D40
330
2
100
AcDbEntity
  8
WALL
100
AcDbLine
 10
975721.0008661473
 20
-613743.0888840591
 30
0.0
 11
975721.0008661566
 21
-611143.0888840438
 31
0.0
  0
LINE
  5
D41
330
2
100
AcDbEntity
  8
WALL
100
AcDbLine
 10
975921.0008661472
 20
-613643.0888840624
 30
0.0
 11
975921.0008661479
 21
-611052.5449917277
 31
0.0
  0
LINE
  5
D42
330
2
100
AcDbEntity
  8
WALL
100
AcDbLine
 10
986821.0008661272
 20
-616043.0888840395
 30
0.0
 11
986821.0008661305
 21
-615943.0888840172
 31
0.0
  0
LINE
  5
D43
330
2
100
AcDbEntity
  8
WALL
100
AcDbLine
 10
986821.0008661305
 20
-615943.0888840172
 30
0.0
 11
986621.0008660786
 21
-615943.0888840179
 31
0.0
  0
LINE
  5
D44
330
2
100
AcDbEntity
  8
WALL
100
AcDbLine
 10
986621.0008660786
 20
-615943.0888840179
 30
0.0
 11
986621.0008661285
 21
-616043.0888840492
 31
0.0
  0
LINE
  5
D45
330
2
100
AcDbEntity
  8
WALL
100
AcDbLine
 10
986621.0008661237
 20
-614743.0888840972
 30
0.0
 11
986621.0008660758
 21
-614943.0888841705
 31
0.0
  0
LINE
  5
D46
330
2
100
AcDbEntity
  8
WALL
100
AcDbLine
 10
986621.0008660758
 20
-614943.0888841705
 30
0.0
 11
986821.0008661272
 21
-614943.0888841699
 31
0.0
  0
LINE
  5
D47
330
2
100
AcDbEntity
  8
WALL
100
AcDbLine
 10
986821.0008661272
 20
-614943.0888841699
 30
0.0
 11
986821.0008661232
 21
-614743.0888840874
 31
0.0
  0
INSERT
  5
D48
330
2
100
AcDbEntity
  8
WINDOW
100
AcDbBlockReference
  2
$DorLib2D$00000001
 10
986721.0008661452
 20
-615443.088884044
 30
0.0
 41
-1000.0
 42
-1000.0
 43
-1000.0
 50
90.00000000018678
1001
WTHICK
1040
200.0
  0
LINE
  5
D49
330
2
100
AcDbEntity
  8
WINDOW
100
AcDbLine
 10
986821.0008661472
 20
-615943.0888840439
 30
0.0
 11
986821.0008661437
 21
-614943.0888840439
 31
0.0
  0
LINE
  5
D4A
330
2
100
AcDbEntity
  8
WALL
100
AcDbLine
 10
997321.0008661553
 20
-614443.088884067
 30
0.0
 11
997421.0008661366
 21
-614443.0888840265
 31
0.0
  0
LINE
  5
D4B
330
2
100
AcDbEntity
  8
WALL
100
AcDbLine
 10
997421.0008661366
 20
-614443.0888840265
 30
0.0
 11
997421.0008661369
 21
-614243.088884134
 31
0.0
  0
LINE
  5
D4C
330
2
100
AcDbEntity
  8
WALL
100
AcDbLine
 10
998221.0008661313
 20
-614243.0888840736
 30
0.0
 11
998021.0008661369
 21
-614243.0888841342
 31
0.0
  0
LINE
  5
D4D
330
2
100
AcDbEntity
  8
WALL
100
AcDbLine
 10
998021.0008661369
 20
-614243.0888841342
 30
0.0
 11
998021.0008661366
 21
-614443.0888840318
 31
0.0
  0
INSERT
  5
D4E
330
2
100
AcDbEntity
  8
WINDOW
100
AcDbBlockReference
  2
$WINLIB2D$00000001
 10
997721.0008661552
 20
-614343.0888840676
 30
0.0
 41
-600.0000000002037
 42
-200.0
 43
-600.0000000002037
 50
359.9999999999416
1001
WTHICK
1040
200.0
  0
LINE
  5
D4F
330
2
100
AcDbEntity
  8
WALL
100
AcDbLine
 10
998221.0008661313
 20
-614243.0888840736
 30
0.0
 11
998221.0008661553
 21
-616143.0888840738
 31
0.0
  0
LINE
  5
D50
330
2
100
AcDbEntity
  8
WALL
100
AcDbLine
 10
998021.0008661321
 20
-614443.0888840735
 30
0.0
 11
998021.0008661321
 21
-616043.0888840686
 31
0.0
  0
LINE
  5
D51
330
2
100
AcDbEntity
  8
WALL
100
AcDbLine
 10
998221.0008661553
 20
-616143.0888840738
 30
0.0
 11
998221.0008661501
 21
-620743.0888839607
 31
0.0
  0
LINE
  5
D52
330
2
100
AcDbEntity
  8
WALL
100
AcDbLine
 10
998021.0008661465
 20
-616143.0888840691
 30
0.0
 11
998021.0008661501
 21
-620743.0888839606
 31
0.0
  0
LINE
  5
D53
330
2
100
AcDbEntity
  8
WALL
100
AcDbLine
 10
998221.0008661501
 20
-620743.0888839607
 30
0.0
 11
998021.0008661501
 21
-620743.0888839606
 31
0.0
  0
LINE
  5
D54
330
2
100
AcDbEntity
  8
WALL
100
AcDbLine
 10
998021.0008661465
 20
-616143.0888840691
 30
0.0
 11
995721.0008661713
 21
-616143.0888840717
 31
0.0
  0
LINE
  5
D55
330
2
100
AcDbEntity
  8
WALL
100
AcDbLine
 10
998021.0008661321
 20
-616043.0888840686
 30
0.0
 11
995821.0008661296
 21
-616043.0888840719
 31
0.0
  0
LINE
  5
D56
330
2
100
AcDbEntity
  8
WALL
100
AcDbLine
 10
995721.0008661974
 20
-616043.0888839825
 30
0.0
 11
995621.000866188
 21
-616043.0888839734
 31
0.0
  0
LINE
  5
D57
330
2
100
AcDbEntity
  8
WALL
100
AcDbLine
 10
995621.000866188
 20
-616043.0888839734
 30
0.0
 11
995621.0008661845
 21
-616143.0888840516
 31
0.0
  0
LINE
  5
D58
330
2
100
AcDbEntity
  8
WALL
100
AcDbLine
 10
995621.0008661845
 20
-616143.0888840516
 30
0.0
 11
995721.0008661713
 21
-616143.0888840717
 31
0.0
  0
LINE
  5
D59
330
2
100
AcDbEntity
  8
WALL
100
AcDbLine
 10
994621.0008661509
 20
-616143.0888840441
 30
0.0
 11
994721.0008661844
 21
-616143.0888840289
 31
0.0
  0
LINE
  5
D5A
330
2
100
AcDbEntity
  8
WALL
100
AcDbLine
 10
994721.0008661844
 20
-616143.0888840289
 30
0.0
 11
994721.000866188
 21
-616043.0888840085
 31
0.0
  0
LINE
  5
D5B
330
2
100
AcDbEntity
  8
WALL
100
AcDbLine
 10
994721.000866188
 20
-616043.0888840085
 30
0.0
 11
994521.0008661593
 21
-616043.0888840293
 31
0.0
  0
INSERT
  5
D5C
330
2
100
AcDbEntity
  8
WINDOW
100
AcDbBlockReference
  2
$DorLib2D$00000001
 10
995171.0008661564
 20
-616093.0888840522
 30
0.0
 41
900.0
 42
900.0
 43
900.0
 50
179.9999999979767
1001
WTHICK
1040
100.0
  0
INSERT
  5
D5D
330
2
100
AcDbEntity
  8
WINDOW
100
AcDbBlockReference
  2
$DorLib2D$00000001
 10
995771.0008661546
 20
-614943.0888840327
 30
0.0
 41
800.0
 42
-800.0
 43
800.0
 50
89.99999999994072
1001
WTHICK
1040
100.0
  0
LINE
  5
D5E
330
2
100
AcDbEntity
  8
WINDOW
100
AcDbLine
 10
995821.0008661541
 20
-615343.0888840328
 30
0.0
 11
995821.0008661552
 21
-614543.0888840328
 31
0.0
  0
LINE
  5
D5F
330
2
100
AcDbEntity
  8
WALL
100
AcDbLine
 10
995721.0008661553
 20
-614343.0888840656
 30
0.0
 11
997221.0008661306
 21
-614343.0888840797
 31
0.0
  0
LINE
  5
D60
330
2
100
AcDbEntity
  8
WALL
100
AcDbLine
 10
995821.0008661314
 20
-614443.0888840788
 30
0.0
 11
997321.0008661553
 21
-614443.088884067
 31
0.0
  0
LINE
  5
D61
330
2
100
AcDbEntity
  8
WALL
100
AcDbLine
 10
995821.0008661296
 20
-616043.0888840719
 30
0.0
 11
995821.0008661829
 21
-615343.0888842159
 31
0.0
  0
LINE
  5
D62
330
2
100
AcDbEntity
  8
WALL
100
AcDbLine
 10
995821.0008661829
 20
-615343.0888842159
 30
0.0
 11
995721.0008662549
 21
-615343.0888842159
 31
0.0
  0
LINE
  5
D63
330
2
100
AcDbEntity
  8
WALL
100
AcDbLine
 10
995721.0008662549
 20
-615343.0888842159
 30
0.0
 11
995721.0008661974
 21
-616043.0888839825
 31
0.0
  0
LINE
  5
D64
330
2
100
AcDbEntity
  8
WALL
100
AcDbLine
 10
995721.0008661993
 20
-614443.0888840278
 30
0.0
 11
995721.0008662558
 21
-614543.0888839107
 31
0.0
  0
LINE
  5
D65
330
2
100
AcDbEntity
  8
WALL
100
AcDbLine
 10
995721.0008662558
 20
-614543.0888839107
 30
0.0
 11
995821.0008661836
 21
-614543.0888839107
 31
0.0
  0
LINE
  5
D66
330
2
100
AcDbEntity
  8
WALL
100
AcDbLine
 10
995821.0008661836
 20
-614543.0888839107
 30
0.0
 11
995821.0008661314
 21
-614443.0888840788
 31
0.0
  0
LINE
  5
D67
330
2
100
AcDbEntity
  8
WALL
100
AcDbLine
 10
994621.0008660294
 20
-614443.0888840268
 30
0.0
 11
994721.000865984
 21
-614443.0888840754
 31
0.0
  0
LINE
  5
D68
330
2
100
AcDbEntity
  8
WALL
100
AcDbLine
 10
994721.000865984
 20
-614443.0888840754
 30
0.0
 11
994721.000865984
 21
-614343.0888840605
 31
0.0
  0
LINE
  5
D69
330
2
100
AcDbEntity
  8
WALL
100
AcDbLine
 10
994721.000865984
 20
-614343.0888840605
 30
0.0
 11
994621.0008661452
 21
-614343.0888840267
 31
0.0
  0
LINE
  5
D6A
330
2
100
AcDbEntity
  8
WALL
100
AcDbLine
 10
995721.0008661052
 20
-614343.0888840656
 30
0.0
 11
995621.0008662893
 21
-614343.0888840923
 31
0.0
  0
LINE
  5
D6B
330
2
100
AcDbEntity
  8
WALL
100
AcDbLine
 10
995621.0008662893
 20
-614343.0888840923
 30
0.0
 11
995621.0008662893
 21
-614443.0888840763
 31
0.0
  0
LINE
  5
D6C
330
2
100
AcDbEntity
  8
WALL
100
AcDbLine
 10
995621.0008662893
 20
-614443.0888840763
 30
0.0
 11
995721.0008661993
 21
-614443.0888840278
 31
0.0
  0
INSERT
  5
D6D
330
2
100
AcDbEntity
  8
WINDOW
100
AcDbBlockReference
  2
$DorLib2D$00000001
 10
995171.0008661052
 20
-614393.0888840653
 30
0.0
 41
-900.0
 42
900.0
 43
-900.0
 50
359.99999999995
1001
WTHICK
1040
100.0
  0
LINE
  5
D6E
330
2
100
AcDbEntity
  8
WALL
100
AcDbLine
 10
994521.0008661543
 20
-614943.0888840646
 30
0.0
 11
994521.000866155
 21
-614343.0888840646
 31
0.0
  0
LINE
  5
D6F
330
2
100
AcDbEntity
  8
WALL
100
AcDbLine
 10
994621.0008661545
 20
-614943.0888840647
 30
0.0
 11
994621.0008660294
 21
-614443.0888840268
 31
0.0
  0
LINE
  5
D70
330
2
100
AcDbEntity
  8
WALL
100
AcDbLine
 10
994521.0008661543
 20
-614943.0888840646
 30
0.0
 11
994621.0008661545
 21
-614943.0888840647
 31
0.0
  0
LINE
  5
D71
330
2
100
AcDbEntity
  8
WALL
100
AcDbLine
 10
987821.0008661689
 20
-614643.0888836352
 30
0.0
 11
987821.0008661632
 21
-613543.0888842066
 31
0.0
  0
LINE
  5
D72
330
2
100
AcDbEntity
  8
WALL
100
AcDbLine
 10
987821.0008661632
 20
-613543.0888842066
 30
0.0
 11
987721.00086614
 21
-613543.0888842066
 31
0.0
  0
LINE
  5
D73
330
2
100
AcDbEntity
  8
WALL
100
AcDbLine
 10
987721.00086614
 20
-613543.0888842066
 30
0.0
 11
987721.000866135
 21
-614543.0888840905
 31
0.0
  0
LINE
  5
D74
330
2
100
AcDbEntity
  8
WALL
100
AcDbLine
 10
987721.0008661386
 20
-611143.0888841037
 30
0.0
 11
987721.0008661414
 21
-612143.0888839014
 31
0.0
  0
LINE
  5
D75
330
2
100
AcDbEntity
  8
WALL
100
AcDbLine
 10
987721.0008661414
 20
-612143.0888839014
 30
0.0
 11
987821.0008661646
 21
-612143.0888839014
 31
0.0
  0
LINE
  5
D76
330
2
100
AcDbEntity
  8
WALL
100
AcDbLine
 10
987821.0008661646
 20
-612143.0888839014
 30
0.0
 11
987821.0008661724
 21
-611143.0888840398
 31
0.0
  0
INSERT
  5
D77
330
2
100
AcDbEntity
  8
WINDOW
100
AcDbBlockReference
  2
$DorLib2D$00000131
 10
987771.0008661569
 20
-612843.0888840583
 30
0.0
 41
1400.0
 42
100.0
 43
1400.0
 50
89.99999999994441
1001
WTHICK
1040
100.0
  0
LINE
  5
D78
330
2
100
AcDbEntity
  8
WALL
100
AcDbLine
 10
985921.0008661378
 20
-614543.088883958
 30
0.0
 11
986721.0008661428
 21
-614543.0888840576
 31
0.0
  0
LINE
  5
D79
330
2
100
AcDbEntity
  8
WALL
100
AcDbLine
 10
985821.0008661549
 20
-614743.0888840567
 30
0.0
 11
986621.0008661237
 21
-614743.0888840972
 31
0.0
  0
LINE
  5
D7A
330
2
100
AcDbEntity
  8
WALL
100
AcDbLine
 10
987821.0008661689
 20
-614643.0888836352
 30
0.0
 11
987822.5585110088
 21
-614643.0888840585
 31
0.0
  0
LINE
  5
D7B
330
2
100
AcDbEntity
  8
WALL
100
AcDbLine
 10
987721.0008661549
 20
-614743.0888840585
 30
0.0
 11
987822.5585110088
 21
-614743.0888840585
 31
0.0
  0
LINE
  5
D7C
330
2
100
AcDbEntity
  8
WALL
100
AcDbLine
 10
987822.5585110088
 20
-614643.0888840585
 30
0.0
 11
987822.5585110088
 21
-614743.0888840585
 31
0.0
  0
INSERT
  5
D7D
330
2
100
AcDbEntity
  8
WINDOW
100
AcDbBlockReference
  2
$DorLib2D$00000001
 10
993971.0008661153
 20
-616093.0888840097
 30
0.0
 41
-900.0
 42
900.0
 43
-900.0
 50
179.9999999979789
1001
WTHICK
1040
100.0
  0
LINE
  5
D7E
330
2
100
AcDbEntity
  8
WALL
100
AcDbLine
 10
995221.0008661495
 20
-620743.0888839875
 30
0.0
 11
995221.0008660806
 21
-620143.08888405
 31
0.0
  0
LINE
  5
D7F
330
2
100
AcDbEntity
  8
WALL
100
AcDbLine
 10
995321.0008661496
 20
-620743.0888839876
 30
0.0
 11
995321.0008660809
 21
-619943.0888840518
 31
0.0
  0
LINE
  5
D80
330
2
100
AcDbEntity
  8
WALL
100
AcDbLine
 10
995221.0008661495
 20
-620743.0888839875
 30
0.0
 11
995321.0008661496
 21
-620743.0888839876
 31
0.0
  0
LINE
  5
D81
330
2
100
AcDbEntity
  8
WALL
100
AcDbLine
 10
994521.0008661593
 20
-616043.0888840293
 30
0.0
 11
994421.0008661881
 21
-616043.0888840271
 31
0.0
  0
LINE
  5
D82
330
2
100
AcDbEntity
  8
WALL
100
AcDbLine
 10
994421.0008661881
 20
-616043.0888840271
 30
0.0
 11
994421.0008661846
 21
-616143.0888839993
 31
0.0
  0
LINE
  5
D83
330
2
100
AcDbEntity
  8
WALL
100
AcDbLine
 10
994421.0008661846
 20
-616143.0888839993
 30
0.0
 11
994521.0008661486
 21
-616143.0888840293
 31
0.0
  0
LINE
  5
D84
330
2
100
AcDbEntity
  8
WALL
100
AcDbLine
 10
991621.0008661224
 20
-616143.0888839269
 30
0.0
 11
993521.0008661844
 21
-616143.0888839674
 31
0.0
  0
LINE
  5
D85
330
2
100
AcDbEntity
  8
WALL
100
AcDbLine
 10
993521.0008661844
 20
-616143.0888839674
 30
0.0
 11
993521.0008661881
 21
-616043.0888839954
 31
0.0
  0
LINE
  5
D86
330
2
100
AcDbEntity
  8
WALL
100
AcDbLine
 10
993521.0008661881
 20
-616043.0888839954
 30
0.0
 11
991521.0008661162
 21
-616043.0888839235
 31
0.0
  0
LINE
  5
D87
330
2
100
AcDbEntity
  8
WALL
100
AcDbLine
 10
985921.0008661264
 20
-611143.0888840996
 30
0.0
 11
986721.0008661917
 21
-611143.0888841069
 31
0.0
  0
LINE
  5
D88
330
2
100
AcDbEntity
  8
WALL
100
AcDbLine
 10
986721.0008661917
 20
-611143.0888841069
 30
0.0
 11
986721.0008661924
 21
-610943.088884054
 31
0.0
  0
LINE
  5
D89
330
2
100
AcDbEntity
  8
WALL
100
AcDbLine
 10
986721.0008661924
 20
-610943.088884054
 30
0.0
 11
985921.0008657058
 21
-610943.0888840368
 31
0.0
  0
LINE
  5
D8A
330
2
100
AcDbEntity
  8
WALL
100
AcDbLine
 10
987721.0008661586
 20
-610943.0888840468
 30
0.0
 11
987521.0008661925
 21
-610943.0888840584
 31
0.0
  0
LINE
  5
D8B
330
2
100
AcDbEntity
  8
WALL
100
AcDbLine
 10
987521.0008661925
 20
-610943.0888840584
 30
0.0
 11
987521.0008661921
 21
-611143.0888841088
 31
0.0
  0
LINE
  5
D8C
330
2
100
AcDbEntity
  8
WALL
100
AcDbLine
 10
987521.0008661921
 20
-611143.0888841088
 30
0.0
 11
987721.0008661386
 21
-611143.0888841037
 31
0.0
  0
INSERT
  5
D8D
330
2
100
AcDbEntity
  8
WINDOW
100
AcDbBlockReference
  2
$WINLIB2D$00000001
 10
987121.0008661472
 20
-611043.0888840454
 30
0.0
 41
800.0
 42
-200.0
 43
800.0
 50
359.9999999998737
1001
WTHICK
1040
200.0
  0
INSERT
  5
D8E
330
2
100
AcDbEntity
  8
WINDOW
100
AcDbBlockReference
  2
$DorLib2D$00000131
 10
992771.0008661605
 20
-611043.0888840569
 30
0.0
 41
-2100.0
 42
200.0
 43
-2100.0
 50
359.9999999998833
1001
WTHICK
1040
200.0
  0
LINE
  5
D8F
330
2
100
AcDbEntity
  8
WALL
100
AcDbLine
 10
985721.0008661516
 20
-611043.0888840625
 30
0.0
 11
985721.0008661525
 21
-610943.088884042
 31
0.0
  0
LINE
  5
D90
330
2
100
AcDbEntity
  8
WALL
100
AcDbLine
 10
985822.4277393588
 20
-610941.7016156439
 30
0.0
 11
985821.020668556
 21
-610941.6818132403
 31
0.0
  0
LINE
  5
D91
330
2
100
AcDbEntity
  8
WALL
100
AcDbLine
 10
985721.0008661525
 20
-610943.088884042
 30
0.0
 11
985821.020668556
 21
-610941.6818132403
 31
0.0
  0
LINE
  5
D92
330
2
100
AcDbEntity
  8
WALL
100
AcDbLine
 10
985721.0008661297
 20
-614543.08888407
 30
0.0
 11
985721.0008661304
 21
-611041.4926561784
 31
0.0
  0
LINE
  5
D93
330
2
100
AcDbEntity
  8
WALL
100
AcDbLine
 10
985921.0008661378
 20
-614543.088883958
 30
0.0
 11
985921.0008661264
 21
-611143.0888840996
 31
0.0
  0
LINE
  5
D94
330
2
100
AcDbEntity
  8
WALL
100
AcDbLine
 10
987821.0008661724
 20
-611143.0888840398
 30
0.0
 11
989021.0008662172
 21
-611143.0888840343
 31
0.0
  0
LINE
  5
D95
330
2
100
AcDbEntity
  8
WALL
100
AcDbLine
 10
989021.0008662172
 20
-611143.0888840343
 30
0.0
 11
989021.000866218
 21
-610943.0888840423
 31
0.0
  0
LINE
  5
D96
330
2
100
AcDbEntity
  8
WALL
100
AcDbLine
 10
989021.000866218
 20
-610943.0888840423
 30
0.0
 11
987721.0008661586
 21
-610943.0888840468
 31
0.0
  0
LINE
  5
D97
330
2
100
AcDbEntity
  8
WALL
100
AcDbLine
 10
994521.0008661577
 20
-610943.0888840606
 30
0.0
 11
993821.0008662178
 21
-610943.088884052
 31
0.0
  0
LINE
  5
D98
330
2
100
AcDbEntity
  8
WALL
100
AcDbLine
 10
993821.0008662178
 20
-610943.088884052
 30
0.0
 11
993821.0008662172
 21
-611143.0888840441
 31
0.0
  0
LINE
  5
D99
330
2
100
AcDbEntity
  8
WALL
100
AcDbLine
 10
993821.0008662172
 20
-611143.0888840441
 30
0.0
 11
994521.0008661472
 21
-611143.0888840533
 31
0.0
  0
LINE
  5
D9A
330
2
100
AcDbEntity
  8
WALL
100
AcDbLine
 10
990521.0008662173
 20
-611143.0888840374
 30
0.0
 11
991721.0008662173
 21
-611143.0888840398
 31
0.0
  0
LINE
  5
D9B
330
2
100
AcDbEntity
  8
WALL
100
AcDbLine
 10
991721.0008662173
 20
-611143.0888840398
 30
0.0
 11
991721.0008662177
 21
-610943.0888840478
 31
0.0
  0
LINE
  5
D9C
330
2
100
AcDbEntity
  8
WALL
100
AcDbLine
 10
991721.0008662177
 20
-610943.0888840478
 30
0.0
 11
990521.0008662177
 21
-610943.0888840454
 31
0.0
  0
LINE
  5
D9D
330
2
100
AcDbEntity
  8
WALL
100
AcDbLine
 10
990521.0008662177
 20
-610943.0888840454
 30
0.0
 11
990521.0008662173
 21
-611143.0888840374
 31
0.0
  0
INSERT
  5
D9E
330
2
100
AcDbEntity
  8
WINDOW
100
AcDbBlockReference
  2
$WINLIB2D$00000001
 10
989771.0008661677
 20
-611043.0888840507
 30
0.0
 41
1500.0
 42
-200.0
 43
1500.0
 50
359.9999999998833
1001
WTHICK
1040
200.0
  0
LINE
  5
D9F
330
2
100
AcDbEntity
  8
WALL
100
AcDbLine
 10
975721.0008661608
 20
-610943.0888840446
 30
0.0
 11
974921.0008661378
 21
-610943.0888840667
 31
0.0
  0
LINE
  5
DA0
330
2
100
AcDbEntity
  8
WALL
100
AcDbLine
 10
974921.0008661378
 20
-610943.0888840667
 30
0.0
 11
974921.0008661385
 21
-611143.0888840986
 31
0.0
  0
LINE
  5
DA1
330
2
100
AcDbEntity
  8
WALL
100
AcDbLine
 10
974921.0008661385
 20
-611143.0888840986
 30
0.0
 11
975721.0008661566
 21
-611143.0888840438
 31
0.0
  0
LINE
  5
DA2
330
2
100
AcDbEntity
  8
WALL
100
AcDbLine
 10
973921.0008661622
 20
-611143.0888840478
 30
0.0
 11
974121.0008661385
 21
-611143.0888841003
 31
0.0
  0
LINE
  5
DA3
330
2
100
AcDbEntity
  8
WALL
100
AcDbLine
 10
974121.0008661385
 20
-611143.0888841003
 30
0.0
 11
974121.0008661379
 21
-610943.0888840677
 31
0.0
  0
LINE
  5
DA4
330
2
100
AcDbEntity
  8
WALL
100
AcDbLine
 10
974121.0008661379
 20
-610943.0888840677
 30
0.0
 11
973921.0008661416
 21
-610943.0888840465
 31
0.0
  0
INSERT
  5
DA5
330
2
100
AcDbEntity
  8
WINDOW
100
AcDbBlockReference
  2
$WINLIB2D$00000001
 10
974521.000866148
 20
-611043.0888840454
 30
0.0
 41
800.0
 42
200.0
 43
800.0
 50
180.0000000001264
1001
WTHICK
1040
200.0
  0
LINE
  5
DA6
330
2
100
AcDbEntity
  8
WALL
100
AcDbLine
 10
975829.7594343101
 20
-610953.7514887652
 30
0.0
 11
975820.0488478642
 21
-610952.7994704862
 31
0.0
  0
LINE
  5
DA7
330
2
100
AcDbEntity
  8
WALL
100
AcDbLine
 10
975921.0008661437
 20
-611043.0888840624
 30
0.0
 11
975921.0008661433
 21
-610943.0888840419
 31
0.0
  0
LINE
  5
DA8
330
2
100
AcDbEntity
  8
WALL
100
AcDbLine
 10
975820.0488478642
 20
-610952.7994704862
 30
0.0
 11
975921.0008661433
 21
-610943.0888840419
 31
0.0
  0
LINE
  5
DA9
330
2
100
AcDbEntity
  8
WALL
100
AcDbLine
 10
994521.000866155
 20
-614343.0888840646
 30
0.0
 11
994521.0008661472
 21
-611143.0888840533
 31
0.0
  0
LINE
  5
DAA
330
2
100
AcDbEntity
  8
WALL
100
AcDbLine
 10
994621.0008661452
 20
-614343.0888840267
 30
0.0
 11
994621.0008661473
 21
-611143.0888840802
 31
0.0
  0
LINE
  5
DAB
330
2
100
AcDbEntity
  8
WALL
100
AcDbLine
 10
980721.0008661533
 20
-616243.0888840274
 30
0.0
 11
977321.0008661438
 21
-616243.0888840274
 31
0.0
  0
LINE
  5
DAC
330
2
100
AcDbEntity
  8
WALL
100
AcDbLine
 10
980821.0008661477
 20
-616043.0888840521
 30
0.0
 11
977321.0008661457
 21
-616043.0888840521
 31
0.0
  0
LINE
  5
DAD
330
2
100
AcDbEntity
  8
WALL
100
AcDbLine
 10
980721.0008661474
 20
-620143.0888840617
 30
0.0
 11
980721.0008661305
 21
-618143.0888840591
 31
0.0
  0
LINE
  5
DAE
330
2
100
AcDbEntity
  8
WALL
100
AcDbLine
 10
980921.0008661473
 20
-620143.0888840617
 30
0.0
 11
980921.0008661889
 21
-618143.0888840726
 31
0.0
  0
LINE
  5
DAF
330
2
100
AcDbEntity
  8
WALL
100
AcDbLine
 10
980721.0008661474
 20
-620143.0888840617
 30
0.0
 11
980921.0008661473
 21
-620143.0888840617
 31
0.0
  0
LINE
  5
DB0
330
2
100
AcDbEntity
  8
WALL
100
AcDbLine
 10
972921.0008661777
 20
-620043.0888838622
 30
0.0
 11
972921.0008661812
 21
-623843.0888840385
 31
0.0
  0
LINE
  5
DB1
330
2
100
AcDbEntity
  8
WALL
100
AcDbLine
 10
972721.0008661572
 20
-620143.0888838451
 30
0.0
 11
972721.0008661607
 21
-624043.0888840758
 31
0.0
  0
LINE
  5
DB2
330
2
100
AcDbEntity
  8
WALL
100
AcDbLine
 10
972721.0008661607
 20
-624043.0888840758
 30
0.0
 11
973421.0008661762
 21
-624043.088884095
 31
0.0
  0
LINE
  5
DB3
330
2
100
AcDbEntity
  8
WALL
100
AcDbLine
 10
973421.0008661762
 20
-624043.088884095
 30
0.0
 11
973421.0008661758
 21
-623843.088884038
 31
0.0
  0
LINE
  5
DB4
330
2
100
AcDbEntity
  8
WALL
100
AcDbLine
 10
973421.0008661758
 20
-623843.088884038
 30
0.0
 11
972921.0008661812
 21
-623843.0888840385
 31
0.0
  0
LINE
  5
DB5
330
2
100
AcDbEntity
  8
WALL
100
AcDbLine
 10
976121.000866135
 20
-623843.0888840354
 30
0.0
 11
975221.000866176
 21
-623843.0888840362
 31
0.0
  0
LINE
  5
DB6
330
2
100
AcDbEntity
  8
WALL
100
AcDbLine
 10
975221.000866176
 20
-623843.0888840362
 30
0.0
 11
975221.000866176
 21
-624043.0888840934
 31
0.0
  0
LINE
  5
DB7
330
2
100
AcDbEntity
  8
WALL
100
AcDbLine
 10
975221.000866176
 20
-624043.0888840934
 30
0.0
 11
976021.0008662053
 21
-624043.0888840725
 31
0.0
  0
INSERT
  5
DB8
330
2
100
AcDbEntity
  8
WINDOW
100
AcDbBlockReference
  2
$DorLib2D$00000131
 10
974321.0008661513
 20
-623943.0888840685
 30
0.0
 41
1800.0
 42
-200.0
 43
1800.0
 50
0.0000000000545736
1001
WTHICK
1040
200.0
  0
LINE
  5
DB9
330
2
100
AcDbEntity
  8
WALL
100
AcDbLine
 10
976221.0008661533
 20
-623943.0888840669
 30
0.0
 11
976221.0008662059
 21
-624443.0888840657
 31
0.0
  0
LINE
  5
DBA
330
2
100
AcDbEntity
  8
WALL
100
AcDbLine
 10
976021.0008662053
 20
-624043.0888840725
 30
0.0
 11
976021.0008661537
 21
-624543.0888840671
 31
0.0
  0
LINE
  5
DBB
330
2
100
AcDbEntity
  8
WALL
100
AcDbLine
 10
979221.0008661793
 20
-618143.0888840604
 30
0.0
 11
979321.0008660185
 21
-618143.0888840981
 31
0.0
  0
LINE
  5
DBC
330
2
100
AcDbEntity
  8
WALL
100
AcDbLine
 10
979321.0008660185
 20
-618143.0888840981
 30
0.0
 11
979321.0008660182
 21
-617943.0888840619
 31
0.0
  0
LINE
  5
DBD
330
2
100
AcDbEntity
  8
WALL
100
AcDbLine
 10
979321.0008660182
 20
-617943.0888840619
 30
0.0
 11
979121.0008661472
 21
-617943.0888840637
 31
0.0
  0
LINE
  5
DBE
330
2
100
AcDbEntity
  8
WALL
100
AcDbLine
 10
980721.0008661533
 20
-617943.088884059
 30
0.0
 11
980621.0008661707
 21
-617943.0888840582
 31
0.0
  0
LINE
  5
DBF
330
2
100
AcDbEntity
  8
WALL
100
AcDbLine
 10
980621.0008661707
 20
-617943.0888840582
 30
0.0
 11
980621.0008661713
 21
-618143.0888840967
 31
0.0
  0
LINE
  5
DC0
330
2
100
AcDbEntity
  8
WALL
100
AcDbLine
 10
980621.0008661713
 20
-618143.0888840967
 30
0.0
 11
980721.0008661305
 21
-618143.0888840591
 31
0.0
  0
INSERT
  5
DC1
330
2
100
AcDbEntity
  8
WINDOW
100
AcDbBlockReference
  2
$DorLib2D$00000001
 10
979721.0008661465
 20
-618043.0888840632
 30
0.0
 41
-800.0
 42
-800.0
 43
-800.0
 50
0.0000000000549303
1001
WTHICK
1040
200.0
  0
LINE
  5
DC2
330
2
100
AcDbEntity
  8
WINDOW
100
AcDbLine
 10
979321.0008661464
 20
-618143.0888840634
 30
0.0
 11
980121.0008661465
 21
-618143.0888840627
 31
0.0
  0
INSERT
  5
DC3
330
2
100
AcDbEntity
  8
WINDOW
100
AcDbBlockReference
  2
$TCHSYS$WIN2D
 10
980371.0008661468
 20
-618043.0888840625
 30
0.0
 41
-500.0000000004654
 42
-200.0
 43
-500.0000000004654
 50
0.0000000000549303
1001
WTHICK
1040
200.0
  0
LINE
  5
DC4
330
2
100
AcDbEntity
  8
WALL
100
AcDbLine
 10
976221.0008661021
 20
-624643.0888840689
 30
0.0
 11
976221.0008661543
 21
-625243.0888840669
 31
0.0
  0
LINE
  5
DC5
330
2
100
AcDbEntity
  8
WALL
100
AcDbLine
 10
976021.0008661537
 20
-624543.0888840671
 30
0.0
 11
976021.0008661545
 21
-625243.088884067
 31
0.0
  0
LINE
  5
DC6
330
2
100
AcDbEntity
  8
WALL
100
AcDbLine
 10
976221.0008661543
 20
-625243.0888840669
 30
0.0
 11
976021.0008661545
 21
-625243.088884067
 31
0.0
  0
LINE
  5
DC7
330
2
100
AcDbEntity
  8
WALL
100
AcDbLine
 10
979021.0008661546
 20
-625243.0888840638
 30
0.0
 11
979021.0008661489
 21
-621243.0888840918
 31
0.0
  0
LINE
  5
DC8
330
2
100
AcDbEntity
  8
WALL
100
AcDbLine
 10
979221.0008661545
 20
-625243.0888840637
 30
0.0
 11
979221.0008661506
 21
-621243.0888840646
 31
0.0
  0
LINE
  5
DC9
330
2
100
AcDbEntity
  8
WALL
100
AcDbLine
 10
979021.0008661546
 20
-625243.0888840638
 30
0.0
 11
979221.0008661545
 21
-625243.0888840637
 31
0.0
  0
LINE
  5
DCA
330
2
100
AcDbEntity
  8
WALL
100
AcDbLine
 10
976221.0008662059
 20
-624443.0888840657
 30
0.0
 11
977421.0008660361
 21
-624443.0888840644
 31
0.0
  0
LINE
  5
DCB
330
2
100
AcDbEntity
  8
WALL
100
AcDbLine
 10
976221.0008661021
 20
-624643.0888840689
 30
0.0
 11
977221.0008662296
 21
-624643.0888840676
 31
0.0
  0
LINE
  5
DCC
330
2
100
AcDbEntity
  8
WALL
100
AcDbLine
 10
977221.0008661449
 20
-620043.0888839536
 30
0.0
 11
977221.0008661474
 21
-618043.0888840657
 31
0.0
  0
LINE
  5
DCD
330
2
100
AcDbEntity
  8
WALL
100
AcDbLine
 10
977321.000866145
 20
-619943.0888839573
 30
0.0
 11
977321.0008661429
 21
-618043.0888840799
 31
0.0
  0
LINE
  5
DCE
330
2
100
AcDbEntity
  8
WALL
100
AcDbLine
 10
979221.0008661497
 20
-620043.0888840633
 30
0.0
 11
979221.0008662188
 21
-619043.0888842055
 31
0.0
  0
LINE
  5
DCF
330
2
100
AcDbEntity
  8
WALL
100
AcDbLine
 10
979221.0008662188
 20
-619043.0888842055
 30
0.0
 11
979021.0008661825
 21
-619043.0888842058
 31
0.0
  0
LINE
  5
DD0
330
2
100
AcDbEntity
  8
WALL
100
AcDbLine
 10
979021.0008661825
 20
-619043.0888842058
 30
0.0
 11
979021.000866181
 21
-619943.0888840131
 31
0.0
  0
LINE
  5
DD1
330
2
100
AcDbEntity
  8
WALL
100
AcDbLine
 10
979021.0008661794
 20
-618043.0888840782
 30
0.0
 11
979021.0008661816
 21
-618243.0888840531
 31
0.0
  0
LINE
  5
DD2
330
2
100
AcDbEntity
  8
WALL
100
AcDbLine
 10
979021.0008661816
 20
-618243.0888840531
 30
0.0
 11
979221.0008662316
 21
-618243.0888840528
 31
0.0
  0
LINE
  5
DD3
330
2
100
AcDbEntity
  8
WALL
100
AcDbLine
 10
979221.0008662316
 20
-618243.0888840528
 30
0.0
 11
979221.0008661793
 21
-618143.0888840604
 31
0.0
  0
INSERT
  5
DD4
330
2
100
AcDbEntity
  8
WINDOW
100
AcDbBlockReference
  2
$TCHSYS$WIN2D
 10
979121.0008661479
 20
-618643.0888840618
 30
0.0
 41
800.0
 42
200.0
 43
800.0
 50
90.00000000006004
1001
WTHICK
1040
200.0
  0
LINE
  5
DD5
330
2
100
AcDbEntity
  8
WALL
100
AcDbLine
 10
972821.0008661525
 20
-619943.0888838661
 30
0.0
 11
976221.0008661607
 21
-619943.088883956
 31
0.0
  0
LINE
  5
DD6
330
2
100
AcDbEntity
  8
WALL
100
AcDbLine
 10
972921.0008661777
 20
-620043.0888838622
 30
0.0
 11
976121.0008661521
 21
-620043.0888839532
 31
0.0
  0
LINE
  5
DD7
330
2
100
AcDbEntity
  8
WALL
100
AcDbLine
 10
977221.0008661449
 20
-620043.0888839536
 30
0.0
 11
977421.0008659636
 21
-620043.0888839671
 31
0.0
  0
LINE
  5
DD8
330
2
100
AcDbEntity
  8
WALL
100
AcDbLine
 10
977421.0008659636
 20
-620043.0888839671
 30
0.0
 11
977421.0008659672
 21
-619943.0888839486
 31
0.0
  0
LINE
  5
DD9
330
2
100
AcDbEntity
  8
WALL
100
AcDbLine
 10
977421.0008659672
 20
-619943.0888839486
 30
0.0
 11
977321.000866145
 21
-619943.0888839573
 31
0.0
  0
LINE
  5
DDA
330
2
100
AcDbEntity
  8
WALL
100
AcDbLine
 10
979021.000866181
 20
-619943.0888840131
 30
0.0
 11
978221.0008659669
 21
-619943.088883975
 31
0.0
  0
LINE
  5
DDB
330
2
100
AcDbEntity
  8
WALL
100
AcDbLine
 10
978221.0008659669
 20
-619943.088883975
 30
0.0
 11
978221.0008659637
 21
-620043.0888839937
 31
0.0
  0
LINE
  5
DDC
330
2
100
AcDbEntity
  8
WALL
100
AcDbLine
 10
978221.0008659637
 20
-620043.0888839937
 30
0.0
 11
979021.0008661544
 21
-620043.0888840132
 31
0.0
  0
INSERT
  5
DDD
330
2
100
AcDbEntity
  8
WINDOW
100
AcDbBlockReference
  2
$DorLib2D$00000001
 10
977821.0008661513
 20
-619993.0888840205
 30
0.0
 41
-800.0
 42
800.0
 43
-800.0
 50
359.9999999981065
1001
WTHICK
1040
100.0
  0
LINE
  5
DDE
330
2
100
AcDbEntity
  8
WINDOW
100
AcDbLine
 10
977421.0008661528
 20
-619943.0888840073
 30
0.0
 11
978221.0008661529
 21
-619943.0888840337
 31
0.0
  0
LINE
  5
DDF
330
2
100
AcDbEntity
  8
WALL
100
AcDbLine
 10
976121.0008661521
 20
-620043.0888839532
 30
0.0
 11
976121.0008661473
 21
-620143.0888840564
 31
0.0
  0
LINE
  5
DE0
330
2
100
AcDbEntity
  8
WALL
100
AcDbLine
 10
976121.0008661473
 20
-620143.0888840564
 30
0.0
 11
976221.0008661782
 21
-620143.0888840564
 31
0.0
  0
LINE
  5
DE1
330
2
100
AcDbEntity
  8
WALL
100
AcDbLine
 10
976221.0008661782
 20
-620143.0888840564
 30
0.0
 11
976221.0008661607
 21
-619943.088883956
 31
0.0
  0
LINE
  5
DE2
330
2
100
AcDbEntity
  8
WALL
100
AcDbLine
 10
976221.000866162
 20
-621143.0888839537
 30
0.0
 11
976221.0008661785
 21
-621043.0888840563
 31
0.0
  0
LINE
  5
DE3
330
2
100
AcDbEntity
  8
WALL
100
AcDbLine
 10
976221.0008661785
 20
-621043.0888840563
 30
0.0
 11
976121.0008661464
 21
-621043.0888840565
 31
0.0
  0
LINE
  5
DE4
330
2
100
AcDbEntity
  8
WALL
100
AcDbLine
 10
976121.0008661464
 20
-621043.0888840565
 30
0.0
 11
976121.0008661509
 21
-621243.0888839601
 31
0.0
  0
INSERT
  5
DE5
330
2
100
AcDbEntity
  8
WINDOW
100
AcDbBlockReference
  2
$DorLib2D$00000001
 10
976171.0008661502
 20
-620593.0888839636
 30
0.0
 41
-900.0
 42
-900.0
 43
-900.0
 50
270.0000000000556
1001
WTHICK
1040
100.0
  0
LINE
  5
DE6
330
2
100
AcDbEntity
  8
WALL
100
AcDbLine
 10
977321.0008661457
 20
-617943.0888840121
 30
0.0
 11
977321.0008661578
 21
-617843.0888843603
 31
0.0
  0
LINE
  5
DE7
330
2
100
AcDbEntity
  8
WALL
100
AcDbLine
 10
977321.0008661578
 20
-617843.0888843603
 30
0.0
 11
977221.0008661341
 21
-617843.0888843604
 31
0.0
  0
LINE
  5
DE8
330
2
100
AcDbEntity
  8
WALL
100
AcDbLine
 10
977221.0008661341
 20
-617843.0888843604
 30
0.0
 11
977221.0008661474
 21
-618043.0888840657
 31
0.0
  0
LINE
  5
DE9
330
2
100
AcDbEntity
  8
WALL
100
AcDbLine
 10
977221.0008661446
 20
-616243.0888840702
 30
0.0
 11
977221.0008661328
 21
-617043.0888840552
 31
0.0
  0
LINE
  5
DEA
330
2
100
AcDbEntity
  8
WALL
100
AcDbLine
 10
977221.0008661328
 20
-617043.0888840552
 30
0.0
 11
977321.0008661569
 21
-617043.0888840552
 31
0.0
  0
LINE
  5
DEB
330
2
100
AcDbEntity
  8
WALL
100
AcDbLine
 10
977321.0008661569
 20
-617043.0888840552
 30
0.0
 11
977321.0008661438
 21
-616243.0888840274
 31
0.0
  0
INSERT
  5
DEC
330
2
100
AcDbEntity
  8
WINDOW
100
AcDbBlockReference
  2
$DorLib2D$00000001
 10
977271.0008661469
 20
-617443.0888840658
 30
0.0
 41
-800.0
 42
-800.0
 43
-800.0
 50
90.00000000006322
1001
WTHICK
1040
100.0
  0
LINE
  5
DED
330
2
100
AcDbEntity
  8
WINDOW
100
AcDbLine
 10
977321.0008661472
 20
-617843.0888840656
 30
0.0
 11
977321.0008661465
 21
-617043.0888840656
 31
0.0
  0
LINE
  5
DEE
330
2
100
AcDbEntity
  8
WALL
100
AcDbLine
 10
977321.0008661457
 20
-617943.0888840121
 30
0.0
 11
979121.0008661472
 21
-617943.0888840637
 31
0.0
  0
LINE
  5
DEF
330
2
100
AcDbEntity
  8
WALL
100
AcDbLine
 10
977321.0008661429
 20
-618043.0888840799
 30
0.0
 11
979021.0008661794
 21
-618043.0888840782
 31
0.0
  0
LINE
  5
DF0
330
2
100
AcDbEntity
  8
WALL
100
AcDbLine
 10
977421.0008660361
 20
-624443.0888840644
 30
0.0
 11
977421.000866196
 21
-625243.0888840658
 31
0.0
  0
LINE
  5
DF1
330
2
100
AcDbEntity
  8
WALL
100
AcDbLine
 10
977221.0008662296
 20
-624643.0888840676
 30
0.0
 11
977221.0008661959
 21
-625243.0888840744
 31
0.0
  0
LINE
  5
DF2
330
2
100
AcDbEntity
  8
WALL
100
AcDbLine
 10
977421.000866196
 20
-625243.0888840658
 30
0.0
 11
977221.0008661959
 21
-625243.0888840744
 31
0.0
  0
LINE
  5
DF3
330
2
100
AcDbEntity
  8
WALL
100
AcDbLine
 10
980721.0008661533
 20
-617943.088884059
 30
0.0
 11
980721.0008661533
 21
-616243.0888840274
 31
0.0
  0
LINE
  5
DF4
330
2
100
AcDbEntity
  8
WALL
100
AcDbLine
 10
980921.0008661523
 20
-617943.0888840727
 30
0.0
 11
980921.0008661523
 21
-616243.0888840518
 31
0.0
  0
LINE
  5
DF5
330
2
100
AcDbEntity
  8
WALL
100
AcDbLine
 10
997421.0008661701
 20
-610943.0888840423
 30
0.0
 11
997421.0008661678
 21
-614243.0888840729
 31
0.0
  0
LINE
  5
DF6
330
2
100
AcDbEntity
  8
WALL
100
AcDbLine
 10
997221.0008661328
 20
-611143.0888840857
 30
0.0
 11
997221.0008661306
 21
-614343.0888840797
 31
0.0
  0
INSERT
  5
DF7
330
2
100
AcDbEntity
  8
WINDOW
100
AcDbBlockReference
  2
$TCHSYS$WIN2D
 10
995921.000866155
 20
-611043.0888840633
 30
0.0
 41
-1500.0
 42
200.0
 43
-1500.0
 50
359.9999999998833
1001
WTHICK
1040
200.0
  0
LINE
  5
DF8
330
2
100
AcDbEntity
  8
WALL
100
AcDbLine
 10
994621.0008661473
 20
-611143.0888840802
 30
0.0
 11
995171.0008660644
 21
-611143.0888840864
 31
0.0
  0
LINE
  5
DF9
330
2
100
AcDbEntity
  8
WALL
100
AcDbLine
 10
995171.0008660644
 20
-611143.0888840864
 30
0.0
 11
995171.0008660649
 21
-610943.0888840592
 31
0.0
  0
LINE
  5
DFA
330
2
100
AcDbEntity
  8
WALL
100
AcDbLine
 10
995171.0008660649
 20
-610943.0888840592
 30
0.0
 11
994521.0008661577
 21
-610943.0888840606
 31
0.0
  0
LINE
  5
DFB
330
2
100
AcDbEntity
  8
WALL
100
AcDbLine
 10
997421.0008661701
 20
-610943.0888840423
 30
0.0
 11
996671.0008660648
 21
-610943.0888840498
 31
0.0
  0
LINE
  5
DFC
330
2
100
AcDbEntity
  8
WALL
100
AcDbLine
 10
996671.0008660648
 20
-610943.0888840498
 30
0.0
 11
996671.0008660648
 21
-611143.0888840892
 31
0.0
  0
LINE
  5
DFD
330
2
100
AcDbEntity
  8
WALL
100
AcDbLine
 10
996671.0008660648
 20
-611143.0888840892
 30
0.0
 11
997221.0008661328
 21
-611143.0888840857
 31
0.0
  0
LINE
  5
DFE
330
2
100
AcDbEntity
  8
WALL
100
AcDbLine
 10
994521.000866144
 20
-619943.0888840153
 30
0.0
 11
994521.0008661486
 21
-616143.0888840293
 31
0.0
  0
LINE
  5
DFF
330
2
100
AcDbEntity
  8
WALL
100
AcDbLine
 10
994621.0008661459
 20
-619943.0888840384
 30
0.0
 11
994621.0008661509
 21
-616143.0888840441
 31
0.0
  0
LINE
  5
E00
330
2
100
AcDbEntity
  8
WALL
100
AcDbLine
 10
994021.0008661857
 20
-620143.0888838065
 30
0.0
 11
994021.0008660821
 21
-620743.0888839607
 31
0.0
  0
LINE
  5
E01
330
2
100
AcDbEntity
  8
WALL
100
AcDbLine
 10
993821.0008662048
 20
-619943.0888839996
 30
0.0
 11
993821.0008660821
 21
-620743.0888839486
 31
0.0
  0
LINE
  5
E02
330
2
100
AcDbEntity
  8
WALL
100
AcDbLine
 10
994021.0008660821
 20
-620743.0888839607
 30
0.0
 11
993821.0008660821
 21
-620743.0888839486
 31
0.0
  0
LINE
  5
E03
330
2
100
AcDbEntity
  8
WALL
100
AcDbLine
 10
991421.0008661481
 20
-621643.0888840786
 30
0.0
 11
991421.0008661711
 21
-620143.0888839302
 31
0.0
  0
LINE
  5
E04
330
2
100
AcDbEntity
  8
WALL
100
AcDbLine
 10
991621.0008661479
 20
-621643.0888840786
 30
0.0
 11
991621.0008661479
 21
-620043.0888839203
 31
0.0
  0
LINE
  5
E05
330
2
100
AcDbEntity
  8
WALL
100
AcDbLine
 10
991421.0008661481
 20
-621643.0888840786
 30
0.0
 11
991621.0008661479
 21
-621643.0888840786
 31
0.0
  0
LINE
  5
E06
330
2
100
AcDbEntity
  8
WALL
100
AcDbLine
 10
970021.0008661469
 20
-621643.0888840786
 30
0.0
 11
970021.0008661478
 21
-620043.0888839203
 31
0.0
  0
LINE
  5
E07
330
2
100
AcDbEntity
  8
WALL
100
AcDbLine
 10
970221.0008661468
 20
-621643.0888840786
 30
0.0
 11
970221.0008661205
 21
-620143.0888839031
 31
0.0
  0
LINE
  5
E08
330
2
100
AcDbEntity
  8
WALL
100
AcDbLine
 10
970021.0008661469
 20
-621643.0888840786
 30
0.0
 11
970221.0008661468
 21
-621643.0888840786
 31
0.0
  0
LINE
  5
E09
330
2
100
AcDbEntity
  8
WALL
100
AcDbLine
 10
970221.0008661205
 20
-620143.0888839031
 30
0.0
 11
970471.0008661846
 21
-620143.0888839148
 31
0.0
  0
LINE
  5
E0A
330
2
100
AcDbEntity
  8
WALL
100
AcDbLine
 10
970471.0008661846
 20
-620143.0888839148
 30
0.0
 11
970471.0008661798
 21
-619943.0888839007
 31
0.0
  0
LINE
  5
E0B
330
2
100
AcDbEntity
  8
WALL
100
AcDbLine
 10
970471.0008661798
 20
-619943.0888839007
 30
0.0
 11
970221.0008661673
 21
-619943.088883903
 31
0.0
  0
LINE
  5
E0C
330
2
100
AcDbEntity
  8
WALL
100
AcDbLine
 10
972821.0008661456
 20
-619943.088883858
 30
0.0
 11
972571.0008660271
 21
-619943.0888838644
 31
0.0
  0
LINE
  5
E0D
330
2
100
AcDbEntity
  8
WALL
100
AcDbLine
 10
972571.0008660271
 20
-619943.0888838644
 30
0.0
 11
972571.0008660321
 21
-620143.088883866
 31
0.0
  0
LINE
  5
E0E
330
2
100
AcDbEntity
  8
WALL
100
AcDbLine
 10
972571.0008660321
 20
-620143.088883866
 30
0.0
 11
972721.0008661572
 21
-620143.0888838451
 31
0.0
  0
INSERT
  5
E0F
330
2
100
AcDbEntity
  8
WINDOW
100
AcDbBlockReference
  2
$DorLib2D$00000131
 10
971521.0008661465
 20
-620043.0888838881
 30
0.0
 41
2100.0
 42
-200.0
 43
2100.0
 50
0.0000000013266101
1001
WTHICK
1040
200.0
  0
LINE
  5
E10
330
2
100
AcDbEntity
  8
WALL
100
AcDbLine
 10
976221.0008661286
 20
-621243.0888839943
 30
0.0
 11
976221.000866162
 21
-621143.0888839537
 31
0.0
  0
LINE
  5
E11
330
2
100
AcDbEntity
  8
WALL
100
AcDbLine
 10
979021.0008661556
 20
-621143.0888840512
 30
0.0
 11
977121.0008660633
 21
-621143.0888839463
 31
0.0
  0
LINE
  5
E12
330
2
100
AcDbEntity
  8
WALL
100
AcDbLine
 10
977121.0008660633
 20
-621143.0888839463
 30
0.0
 11
977121.0008660595
 21
-621243.0888840153
 31
0.0
  0
LINE
  5
E13
330
2
100
AcDbEntity
  8
WALL
100
AcDbLine
 10
977121.0008660595
 20
-621243.0888840153
 30
0.0
 11
979021.0008661489
 21
-621243.0888840918
 31
0.0
  0
INSERT
  5
E14
330
2
100
AcDbEntity
  8
WINDOW
100
AcDbBlockReference
  2
$DorLib2D$00000001
 10
976671.000866151
 20
-621193.0888839792
 30
0.0
 41
-900.0
 42
-900.0
 43
-900.0
 50
359.9999999980012
1001
WTHICK
1040
100.0
  0
LINE
  5
E15
330
2
100
AcDbEntity
  8
WALL
100
AcDbLine
 10
976221.0008661286
 20
-621243.0888839943
 30
0.0
 11
976221.0008661533
 21
-623943.0888840669
 31
0.0
  0
LINE
  5
E16
330
2
100
AcDbEntity
  8
WALL
100
AcDbLine
 10
976121.0008661509
 20
-621243.0888839601
 30
0.0
 11
976121.000866135
 21
-623843.0888840354
 31
0.0
  0
LINE
  5
E17
330
2
100
AcDbEntity
  8
WALL
100
AcDbLine
 10
979021.0008661556
 20
-621143.0888840512
 30
0.0
 11
979021.0008661544
 21
-620043.0888840132
 31
0.0
  0
LINE
  5
E18
330
2
100
AcDbEntity
  8
WALL
100
AcDbLine
 10
979221.0008661506
 20
-621243.0888840646
 30
0.0
 11
979221.0008661497
 21
-620043.0888840633
 31
0.0
  0
LINE
  5
E19
330
2
100
AcDbEntity
  8
WALL
100
AcDbLine
 10
995221.0008660806
 20
-620143.08888405
 30
0.0
 11
994521.0008661485
 21
-620143.088883974
 31
0.0
  0
LINE
  5
E1A
330
2
100
AcDbEntity
  8
WALL
100
AcDbLine
 10
995321.0008660809
 20
-619943.0888840518
 30
0.0
 11
994621.0008661459
 21
-619943.0888840384
 31
0.0
  0
LINE
  5
E1B
330
2
100
AcDbEntity
  8
WALL
100
AcDbLine
 10
994521.0008661479
 20
-620143.088883974
 30
0.0
 11
994021.0008661857
 21
-620143.0888838065
 31
0.0
  0
LINE
  5
E1C
330
2
100
AcDbEntity
  8
WALL
100
AcDbLine
 10
994521.000866144
 20
-619943.0888840153
 30
0.0
 11
993821.0008662048
 21
-619943.0888839996
 31
0.0
  0
LINE
  5
E1D
330
2
100
AcDbEntity
  8
WALL
100
AcDbLine
 10
964221.0008661358
 20
-614243.0888840582
 30
0.0
 11
964221.0008661045
 21
-614443.0888841419
 31
0.0
  0
LINE
  5
E1E
330
2
100
AcDbEntity
  8
WALL
100
AcDbLine
 10
964221.0008661045
 20
-614443.0888841419
 30
0.0
 11
964321.0008661387
 21
-614443.088884067
 31
0.0
  0
LINE
  5
E1F
330
2
100
AcDbEntity
  8
WALL
100
AcDbLine
 10
963621.0008661542
 20
-614443.0888840589
 30
0.0
 11
963621.0008662569
 21
-614243.0888839908
 31
0.0
  0
LINE
  5
E20
330
2
100
AcDbEntity
  8
WALL
100
AcDbLine
 10
963621.0008662569
 20
-614243.0888839908
 30
0.0
 11
963421.0008660872
 21
-614243.0888840589
 31
0.0
  0
INSERT
  5
E21
330
2
100
AcDbEntity
  8
WINDOW
100
AcDbBlockReference
  2
$WINLIB2D$00000001
 10
963921.0008661386
 20
-614343.0888840676
 30
0.0
 41
-600.0000000002037
 42
200.0
 43
-600.0000000002037
 50
180.0000000000583
1001
WTHICK
1040
200.0
  0
LINE
  5
E22
330
2
100
AcDbEntity
  8
WALL
100
AcDbLine
 10
963621.0008661542
 20
-614443.0888840589
 30
0.0
 11
963621.0008661542
 21
-616043.0888840551
 31
0.0
  0
LINE
  5
E23
330
2
100
AcDbEntity
  8
WALL
100
AcDbLine
 10
963421.0008660872
 20
-614243.0888840589
 30
0.0
 11
963421.0008661385
 21
-616143.0888840738
 31
0.0
  0
LINE
  5
E24
330
2
100
AcDbEntity
  8
WALL
100
AcDbLine
 10
963621.0008661251
 20
-616143.0888840557
 30
0.0
 11
963621.0008661436
 21
-620743.0888839607
 31
0.0
  0
LINE
  5
E25
330
2
100
AcDbEntity
  8
WALL
100
AcDbLine
 10
963421.0008661385
 20
-616143.0888840739
 30
0.0
 11
963421.0008661437
 21
-620743.088883961
 31
0.0
  0
LINE
  5
E26
330
2
100
AcDbEntity
  8
WALL
100
AcDbLine
 10
963621.0008661436
 20
-620743.0888839607
 30
0.0
 11
963421.0008661437
 21
-620743.088883961
 31
0.0
  0
LINE
  5
E27
330
2
100
AcDbEntity
  8
WALL
100
AcDbLine
 10
963621.0008661542
 20
-616043.0888840551
 30
0.0
 11
965821.0008661159
 21
-616043.0888840584
 31
0.0
  0
LINE
  5
E28
330
2
100
AcDbEntity
  8
WALL
100
AcDbLine
 10
963621.0008661251
 20
-616143.0888840557
 30
0.0
 11
965921.0008661228
 21
-616143.0888840717
 31
0.0
  0
LINE
  5
E29
330
2
100
AcDbEntity
  8
WALL
100
AcDbLine
 10
965921.0008661228
 20
-616143.0888840717
 30
0.0
 11
966021.0008659937
 21
-616143.0888840591
 31
0.0
  0
LINE
  5
E2A
330
2
100
AcDbEntity
  8
WALL
100
AcDbLine
 10
966021.0008659937
 20
-616143.0888840591
 30
0.0
 11
966021.00086599
 21
-616043.0888840758
 31
0.0
  0
LINE
  5
E2B
330
2
100
AcDbEntity
  8
WALL
100
AcDbLine
 10
966021.00086599
 20
-616043.0888840758
 30
0.0
 11
965921.000866184
 21
-616043.0888840886
 31
0.0
  0
LINE
  5
E2C
330
2
100
AcDbEntity
  8
WALL
100
AcDbLine
 10
967121.0008661345
 20
-616043.0888840293
 30
0.0
 11
966921.00086599
 21
-616043.0888840315
 31
0.0
  0
LINE
  5
E2D
330
2
100
AcDbEntity
  8
WALL
100
AcDbLine
 10
966921.00086599
 20
-616043.0888840315
 30
0.0
 11
966921.0008659936
 21
-616143.0888840398
 31
0.0
  0
LINE
  5
E2E
330
2
100
AcDbEntity
  8
WALL
100
AcDbLine
 10
966921.0008659936
 20
-616143.0888840398
 30
0.0
 11
967021.0008661465
 21
-616143.0888840482
 31
0.0
  0
INSERT
  5
E2F
330
2
100
AcDbEntity
  8
WINDOW
100
AcDbBlockReference
  2
$DorLib2D$00000001
 10
966471.000866138
 20
-616093.0888840522
 30
0.0
 41
900.0
 42
-900.0
 43
900.0
 50
0.0000000020232657
1001
WTHICK
1040
100.0
  0
INSERT
  5
E30
330
2
100
AcDbEntity
  8
WINDOW
100
AcDbBlockReference
  2
$DorLib2D$00000001
 10
965871.0008661394
 20
-614943.0888840327
 30
0.0
 41
800.0
 42
800.0
 43
800.0
 50
90.00000000005931
1001
WTHICK
1040
100.0
  0
LINE
  5
E31
330
2
100
AcDbEntity
  8
WINDOW
100
AcDbLine
 10
965821.0008661397
 20
-615343.0888840328
 30
0.0
 11
965821.0008661384
 21
-614543.0888840328
 31
0.0
  0
LINE
  5
E32
330
2
100
AcDbEntity
  8
WALL
100
AcDbLine
 10
965821.0008661145
 20
-614443.0888840446
 30
0.0
 11
964321.0008661387
 21
-614443.088884067
 31
0.0
  0
LINE
  5
E33
330
2
100
AcDbEntity
  8
WALL
100
AcDbLine
 10
965921.0008661389
 20
-614343.0888840656
 30
0.0
 11
964421.0008661357
 21
-614343.0888840456
 31
0.0
  0
LINE
  5
E34
330
2
100
AcDbEntity
  8
WALL
100
AcDbLine
 10
965921.000866184
 20
-616043.0888840886
 30
0.0
 11
965921.0008661659
 21
-615343.0888840683
 31
0.0
  0
LINE
  5
E35
330
2
100
AcDbEntity
  8
WALL
100
AcDbLine
 10
965921.0008661659
 20
-615343.0888840683
 30
0.0
 11
965821.00086611
 21
-615343.0888840684
 31
0.0
  0
LINE
  5
E36
330
2
100
AcDbEntity
  8
WALL
100
AcDbLine
 10
965821.00086611
 20
-615343.0888840684
 30
0.0
 11
965821.0008661159
 21
-616043.0888840584
 31
0.0
  0
LINE
  5
E37
330
2
100
AcDbEntity
  8
WALL
100
AcDbLine
 10
965821.0008661145
 20
-614443.0888840446
 30
0.0
 11
965821.0008661088
 21
-614543.0888840685
 31
0.0
  0
LINE
  5
E38
330
2
100
AcDbEntity
  8
WALL
100
AcDbLine
 10
965821.0008661088
 20
-614543.0888840685
 30
0.0
 11
965921.0008661652
 21
-614543.0888840684
 31
0.0
  0
LINE
  5
E39
330
2
100
AcDbEntity
  8
WALL
100
AcDbLine
 10
965921.0008661652
 20
-614543.0888840684
 30
0.0
 11
965921.0008661824
 21
-614443.0888840443
 31
0.0
  0
LINE
  5
E3A
330
2
100
AcDbEntity
  8
WALL
100
AcDbLine
 10
967021.0008661562
 20
-614343.0888840433
 30
0.0
 11
966921.0008661416
 21
-614343.0888840821
 31
0.0
  0
LINE
  5
E3B
330
2
100
AcDbEntity
  8
WALL
100
AcDbLine
 10
966921.0008661416
 20
-614343.0888840821
 30
0.0
 11
966921.0008661416
 21
-614443.0888840694
 31
0.0
  0
LINE
  5
E3C
330
2
100
AcDbEntity
  8
WALL
100
AcDbLine
 10
966921.0008661416
 20
-614443.0888840694
 30
0.0
 11
967021.0008661749
 21
-614443.0888840434
 31
0.0
  0
LINE
  5
E3D
330
2
100
AcDbEntity
  8
WALL
100
AcDbLine
 10
965921.0008661824
 20
-614443.0888840443
 30
0.0
 11
966021.0008661413
 21
-614443.0888840703
 31
0.0
  0
LINE
  5
E3E
330
2
100
AcDbEntity
  8
WALL
100
AcDbLine
 10
966021.0008661413
 20
-614443.0888840703
 30
0.0
 11
966021.0008661413
 21
-614343.0888841004
 31
0.0
  0
LINE
  5
E3F
330
2
100
AcDbEntity
  8
WALL
100
AcDbLine
 10
966021.0008661413
 20
-614343.0888841004
 30
0.0
 11
965921.0008661885
 21
-614343.0888840656
 31
0.0
  0
INSERT
  5
E40
330
2
100
AcDbEntity
  8
WINDOW
100
AcDbBlockReference
  2
$DorLib2D$00000001
 10
966471.0008661884
 20
-614393.0888840653
 30
0.0
 41
-900.0
 42
-900.0
 43
-900.0
 50
180.00000000005
1001
WTHICK
1040
100.0
  0
LINE
  5
E41
330
2
100
AcDbEntity
  8
WALL
100
AcDbLine
 10
967021.0008661392
 20
-614943.0888840647
 30
0.0
 11
967021.0008661749
 21
-614443.0888840434
 31
0.0
  0
LINE
  5
E42
330
2
100
AcDbEntity
  8
WALL
100
AcDbLine
 10
967121.0008661393
 20
-614943.0888840646
 30
0.0
 11
967121.0008661386
 21
-614343.0888840646
 31
0.0
  0
LINE
  5
E43
330
2
100
AcDbEntity
  8
WALL
100
AcDbLine
 10
967021.0008661392
 20
-614943.0888840647
 30
0.0
 11
967121.0008661393
 21
-614943.0888840646
 31
0.0
  0
INSERT
  5
E44
330
2
100
AcDbEntity
  8
WINDOW
100
AcDbBlockReference
  2
$DorLib2D$00000001
 10
967671.0008661785
 20
-616093.0888840097
 30
0.0
 41
-900.0
 42
-900.0
 43
-900.0
 50
0.0000000020210423
1001
WTHICK
1040
100.0
  0
LINE
  5
E45
330
2
100
AcDbEntity
  8
WALL
100
AcDbLine
 10
966321.0008661444
 20
-620743.0888839876
 30
0.0
 11
966321.0008662005
 21
-619943.0888839565
 31
0.0
  0
LINE
  5
E46
330
2
100
AcDbEntity
  8
WALL
100
AcDbLine
 10
966421.0008661441
 20
-620743.0888839875
 30
0.0
 11
966421.0008662008
 21
-620143.0888839547
 31
0.0
  0
LINE
  5
E47
330
2
100
AcDbEntity
  8
WALL
100
AcDbLine
 10
966321.0008661444
 20
-620743.0888839876
 30
0.0
 11
966421.0008661441
 21
-620743.0888839875
 31
0.0
  0
LINE
  5
E48
330
2
100
AcDbEntity
  8
WALL
100
AcDbLine
 10
967121.0008661489
 20
-616143.0888840485
 30
0.0
 11
967221.0008659931
 21
-616143.088884074
 31
0.0
  0
LINE
  5
E49
330
2
100
AcDbEntity
  8
WALL
100
AcDbLine
 10
967221.0008659931
 20
-616143.088884074
 30
0.0
 11
967221.00086599
 21
-616043.0888840465
 31
0.0
  0
LINE
  5
E4A
330
2
100
AcDbEntity
  8
WALL
100
AcDbLine
 10
967221.00086599
 20
-616043.0888840465
 30
0.0
 11
967121.0008661345
 21
-616043.0888840293
 31
0.0
  0
LINE
  5
E4B
330
2
100
AcDbEntity
  8
WALL
100
AcDbLine
 10
970121.0008661774
 20
-616043.0888839235
 30
0.0
 11
968121.0008659901
 21
-616043.0888840147
 31
0.0
  0
LINE
  5
E4C
330
2
100
AcDbEntity
  8
WALL
100
AcDbLine
 10
968121.0008659901
 20
-616043.0888840147
 30
0.0
 11
968121.0008659936
 21
-616143.0888840424
 31
0.0
  0
LINE
  5
E4D
330
2
100
AcDbEntity
  8
WALL
100
AcDbLine
 10
968121.0008659936
 20
-616143.0888840424
 30
0.0
 11
970021.0008661358
 21
-616143.0888839463
 31
0.0
  0
INSERT
  5
E4E
330
2
100
AcDbEntity
  8
WINDOW
100
AcDbBlockReference
  2
$DorLib2D$00000131
 10
968871.0008661331
 20
-611043.0888840569
 30
0.0
 41
-2100.0
 42
-200.0
 43
-2100.0
 50
180.0000000001167
1001
WTHICK
1040
200.0
  0
LINE
  5
E4F
330
2
100
AcDbEntity
  8
WALL
100
AcDbLine
 10
973821.0008661617
 20
-611143.0888840775
 30
0.0
 11
972721.0008661264
 21
-611143.0888840491
 31
0.0
  0
LINE
  5
E50
330
2
100
AcDbEntity
  8
WALL
100
AcDbLine
 10
973921.0008661352
 20
-610943.0888840468
 30
0.0
 11
972821.0008660973
 21
-610943.0888839796
 31
0.0
  0
INSERT
  5
E51
330
2
100
AcDbEntity
  8
WINDOW
100
AcDbBlockReference
  2
$WINLIB2D$00000001
 10
971871.0008661261
 20
-611043.0888840507
 30
0.0
 41
1500.0
 42
200.0
 43
1500.0
 50
180.0000000001167
1001
WTHICK
1040
200.0
  0
LINE
  5
E52
330
2
100
AcDbEntity
  8
WALL
100
AcDbLine
 10
967021.0008661562
 20
-614343.0888840433
 30
0.0
 11
967021.0008661538
 21
-611143.0888840331
 31
0.0
  0
LINE
  5
E53
330
2
100
AcDbEntity
  8
WALL
100
AcDbLine
 10
967121.0008661386
 20
-614343.0888840646
 30
0.0
 11
967121.0008661169
 21
-611143.0888840629
 31
0.0
  0
LINE
  5
E54
330
2
100
AcDbEntity
  8
WALL
100
AcDbLine
 10
964421.000866136
 20
-609443.0888840323
 30
0.0
 11
964421.0008661602
 21
-610943.0888840819
 31
0.0
  0
LINE
  5
E55
330
2
100
AcDbEntity
  8
WALL
100
AcDbLine
 10
964221.000866136
 20
-609443.0888840323
 30
0.0
 11
964221.000866137
 21
-611043.0888840662
 31
0.0
  0
LINE
  5
E56
330
2
100
AcDbEntity
  8
WALL
100
AcDbLine
 10
964421.000866136
 20
-609443.0888840323
 30
0.0
 11
964221.000866136
 21
-609443.0888840323
 31
0.0
  0
INSERT
  5
E57
330
2
100
AcDbEntity
  8
WINDOW
100
AcDbBlockReference
  2
$TCHSYS$WIN2D
 10
965721.0008661387
 20
-611043.0888840633
 30
0.0
 41
-1500.0
 42
-200.0
 43
-1500.0
 50
180.0000000001167
1001
WTHICK
1040
200.0
  0
LINE
  5
E58
330
2
100
AcDbEntity
  8
WALL
100
AcDbLine
 10
967121.0008661361
 20
-610943.0888840606
 30
0.0
 11
966471.0008661128
 21
-610943.0888840297
 31
0.0
  0
LINE
  5
E59
330
2
100
AcDbEntity
  8
WALL
100
AcDbLine
 10
966471.0008661128
 20
-610943.0888840297
 30
0.0
 11
966471.0008661137
 21
-611143.0888840402
 31
0.0
  0
LINE
  5
E5A
330
2
100
AcDbEntity
  8
WALL
100
AcDbLine
 10
966471.0008661137
 20
-611143.0888840402
 30
0.0
 11
967021.0008661538
 21
-611143.0888840331
 31
0.0
  0
LINE
  5
E5B
330
2
100
AcDbEntity
  8
WALL
100
AcDbLine
 10
964421.0008661341
 20
-611143.0888840382
 30
0.0
 11
964971.0008662658
 21
-611143.088884043
 31
0.0
  0
LINE
  5
E5C
330
2
100
AcDbEntity
  8
WALL
100
AcDbLine
 10
964971.0008662658
 20
-611143.088884043
 30
0.0
 11
964971.0008662657
 21
-610943.0888840414
 31
0.0
  0
LINE
  5
E5D
330
2
100
AcDbEntity
  8
WALL
100
AcDbLine
 10
964971.0008662657
 20
-610943.0888840414
 30
0.0
 11
964421.0008661602
 21
-610943.0888840819
 31
0.0
  0
LINE
  5
E5E
330
2
100
AcDbEntity
  8
WALL
100
AcDbLine
 10
967021.0008661513
 20
-619943.088883943
 30
0.0
 11
967021.0008661465
 21
-616143.0888840482
 31
0.0
  0
LINE
  5
E5F
330
2
100
AcDbEntity
  8
WALL
100
AcDbLine
 10
967121.0008661537
 20
-619943.088883987
 30
0.0
 11
967121.0008661489
 21
-616143.0888840485
 31
0.0
  0
LINE
  5
E60
330
2
100
AcDbEntity
  8
WALL
100
AcDbLine
 10
967821.000866016
 20
-619943.0888839715
 30
0.0
 11
967821.0008662114
 21
-620743.0888839607
 31
0.0
  0
LINE
  5
E61
330
2
100
AcDbEntity
  8
WALL
100
AcDbLine
 10
967621.0008662101
 20
-620143.0888839819
 30
0.0
 11
967621.0008662117
 21
-620743.0888839731
 31
0.0
  0
LINE
  5
E62
330
2
100
AcDbEntity
  8
WALL
100
AcDbLine
 10
967821.0008662114
 20
-620743.0888839607
 30
0.0
 11
967621.0008662117
 21
-620743.0888839731
 31
0.0
  0
LINE
  5
E63
330
2
100
AcDbEntity
  8
WALL
100
AcDbLine
 10
966321.0008662005
 20
-619943.0888839565
 30
0.0
 11
967021.0008661513
 21
-619943.088883943
 31
0.0
  0
LINE
  5
E64
330
2
100
AcDbEntity
  8
WALL
100
AcDbLine
 10
966421.0008662008
 20
-620143.0888839547
 30
0.0
 11
967121.0008661452
 21
-620143.088883974
 31
0.0
  0
LINE
  5
E65
330
2
100
AcDbEntity
  8
WALL
100
AcDbLine
 10
967121.0008661537
 20
-619943.088883987
 30
0.0
 11
967821.000866016
 21
-619943.0888839715
 31
0.0
  0
LINE
  5
E66
330
2
100
AcDbEntity
  8
WALL
100
AcDbLine
 10
967121.0008661457
 20
-620143.088883974
 30
0.0
 11
967621.0008662101
 21
-620143.0888839819
 31
0.0
  0
LINE
  5
E67
330
2
100
AcDbEntity
  8
WALL
100
AcDbLine
 10
973921.0008661622
 20
-614543.0888840182
 30
0.0
 11
973921.0008661551
 21
-613443.0888842773
 31
0.0
  0
LINE
  5
E68
330
2
100
AcDbEntity
  8
WALL
100
AcDbLine
 10
973921.0008661551
 20
-613443.0888842773
 30
0.0
 11
973821.0008661695
 21
-613443.0888842774
 31
0.0
  0
LINE
  5
E69
330
2
100
AcDbEntity
  8
WALL
100
AcDbLine
 10
973821.0008661695
 20
-613443.0888842774
 30
0.0
 11
973821.0008661617
 21
-614643.0888849067
 31
0.0
  0
LINE
  5
E6A
330
2
100
AcDbEntity
  8
WALL
100
AcDbLine
 10
973821.0008661617
 20
-611143.0888840775
 30
0.0
 11
973821.0008661695
 21
-612043.0888839721
 31
0.0
  0
LINE
  5
E6B
330
2
100
AcDbEntity
  8
WALL
100
AcDbLine
 10
973821.0008661695
 20
-612043.0888839721
 30
0.0
 11
973921.0008661551
 21
-612043.0888839721
 31
0.0
  0
LINE
  5
E6C
330
2
100
AcDbEntity
  8
WALL
100
AcDbLine
 10
973921.0008661551
 20
-612043.0888839721
 30
0.0
 11
973921.0008661622
 21
-611143.0888840478
 31
0.0
  0
INSERT
  5
E6D
330
2
100
AcDbEntity
  8
WINDOW
100
AcDbBlockReference
  2
$DorLib2D$00000001
 10
985021.000866145
 20
-616143.0888840521
 30
0.0
 41
-1000.0
 42
-1000.0
 43
-1000.0
1001
WTHICK
1040
200.0
  0
LINE
  5
E6E
330
2
100
AcDbEntity
  8
WINDOW
100
AcDbLine
 10
984521.0008661453
 20
-616243.0888840521
 30
0.0
 11
985521.0008661451
 21
-616243.0888840521
 31
0.0
  0
LINE
  5
E6F
330
2
100
AcDbEntity
  8
WALL
100
AcDbLine
 10
988921.0008661592
 20
-620143.0888838721
 30
0.0
 11
988921.0008661557
 21
-624043.0888840728
 31
0.0
  0
LINE
  5
E70
330
2
100
AcDbEntity
  8
WALL
100
AcDbLine
 10
988721.0008661385
 20
-620043.0888838511
 30
0.0
 11
988721.000866135
 21
-623843.0888840354
 31
0.0
  0
LINE
  5
E71
330
2
100
AcDbEntity
  8
WALL
100
AcDbLine
 10
988721.000866135
 20
-623843.0888840354
 30
0.0
 11
988221.0008660022
 21
-623843.0888840294
 31
0.0
  0
LINE
  5
E72
330
2
100
AcDbEntity
  8
WALL
100
AcDbLine
 10
988221.0008660022
 20
-623843.0888840294
 30
0.0
 11
988221.0008660022
 21
-624043.0888840563
 31
0.0
  0
LINE
  5
E73
330
2
100
AcDbEntity
  8
WALL
100
AcDbLine
 10
988221.0008660022
 20
-624043.0888840563
 30
0.0
 11
988921.0008661557
 21
-624043.0888840728
 31
0.0
  0
LINE
  5
E74
330
2
100
AcDbEntity
  8
WALL
100
AcDbLine
 10
985621.0008660937
 20
-624043.0888840696
 30
0.0
 11
986421.0008661544
 21
-624043.0888840545
 31
0.0
  0
LINE
  5
E75
330
2
100
AcDbEntity
  8
WALL
100
AcDbLine
 10
986421.0008661544
 20
-624043.0888840545
 30
0.0
 11
986421.0008661546
 21
-623843.0888840278
 31
0.0
  0
LINE
  5
E76
330
2
100
AcDbEntity
  8
WALL
100
AcDbLine
 10
986421.0008661546
 20
-623843.0888840278
 30
0.0
 11
985521.0008661169
 21
-623843.0888840323
 31
0.0
  0
INSERT
  5
E77
330
2
100
AcDbEntity
  8
WINDOW
100
AcDbBlockReference
  2
$DorLib2D$00000131
 10
987321.0008661446
 20
-623943.0888840685
 30
0.0
 41
1800.0
 42
200.0
 43
1800.0
 50
179.9999999999454
1001
WTHICK
1040
200.0
  0
LINE
  5
E78
330
2
100
AcDbEntity
  8
WALL
100
AcDbLine
 10
985621.0008660937
 20
-624043.0888840696
 30
0.0
 11
985621.000866142
 21
-624543.0888840669
 31
0.0
  0
LINE
  5
E79
330
2
100
AcDbEntity
  8
WALL
100
AcDbLine
 10
985421.0008661425
 20
-623943.0888840669
 30
0.0
 11
985421.0008662972
 21
-624443.0888840219
 31
0.0
  0
LINE
  5
E7A
330
2
100
AcDbEntity
  8
WALL
100
AcDbLine
 10
982521.0008661485
 20
-617943.0888840637
 30
0.0
 11
982321.0008661597
 21
-617943.0888840772
 31
0.0
  0
LINE
  5
E7B
330
2
100
AcDbEntity
  8
WALL
100
AcDbLine
 10
982321.0008661597
 20
-617943.0888840772
 30
0.0
 11
982321.0008661597
 21
-618143.0888840711
 31
0.0
  0
LINE
  5
E7C
330
2
100
AcDbEntity
  8
WALL
100
AcDbLine
 10
982321.0008661597
 20
-618143.0888840711
 30
0.0
 11
982421.000866141
 21
-618143.0888840742
 31
0.0
  0
LINE
  5
E7D
330
2
100
AcDbEntity
  8
WALL
100
AcDbLine
 10
980921.0008661889
 20
-618143.0888840726
 30
0.0
 11
981021.0008660073
 21
-618143.0888840698
 31
0.0
  0
LINE
  5
E7E
330
2
100
AcDbEntity
  8
WALL
100
AcDbLine
 10
981021.0008660073
 20
-618143.0888840698
 30
0.0
 11
981021.0008660073
 21
-617943.0888840845
 31
0.0
  0
LINE
  5
E7F
330
2
100
AcDbEntity
  8
WALL
100
AcDbLine
 10
981021.0008660073
 20
-617943.0888840845
 30
0.0
 11
980921.0008661523
 21
-617943.0888840727
 31
0.0
  0
INSERT
  5
E80
330
2
100
AcDbEntity
  8
WINDOW
100
AcDbBlockReference
  2
$DorLib2D$00000001
 10
981921.0008661482
 20
-618043.0888840632
 30
0.0
 41
-800.0
 42
800.0
 43
-800.0
 50
179.999999999945
1001
WTHICK
1040
200.0
  0
LINE
  5
E81
330
2
100
AcDbEntity
  8
WINDOW
100
AcDbLine
 10
982321.0008661479
 20
-618143.0888840634
 30
0.0
 11
981521.000866148
 21
-618143.0888840627
 31
0.0
  0
INSERT
  5
E82
330
2
100
AcDbEntity
  8
WINDOW
100
AcDbBlockReference
  2
$TCHSYS$WIN2D
 10
981271.0008661477
 20
-618043.0888840625
 30
0.0
 41
-500.0000000004654
 42
200.0
 43
-500.0000000004654
 50
179.999999999945
1001
WTHICK
1040
200.0
  0
LINE
  5
E83
330
2
100
AcDbEntity
  8
WALL
100
AcDbLine
 10
985621.000866142
 20
-624543.0888840669
 30
0.0
 11
985621.0008661413
 21
-625243.0888840669
 31
0.0
  0
LINE
  5
E84
330
2
100
AcDbEntity
  8
WALL
100
AcDbLine
 10
985421.0008660761
 20
-624643.0888840251
 30
0.0
 11
985421.0008661413
 21
-625243.0888840668
 31
0.0
  0
LINE
  5
E85
330
2
100
AcDbEntity
  8
WALL
100
AcDbLine
 10
985621.0008661413
 20
-625243.0888840669
 30
0.0
 11
985421.0008661413
 21
-625243.0888840668
 31
0.0
  0
LINE
  5
E86
330
2
100
AcDbEntity
  8
WALL
100
AcDbLine
 10
982421.0008661413
 20
-625243.0888840637
 30
0.0
 11
982421.000866145
 21
-621243.0888840646
 31
0.0
  0
LINE
  5
E87
330
2
100
AcDbEntity
  8
WALL
100
AcDbLine
 10
982621.0008661414
 20
-625243.0888840638
 30
0.0
 11
982621.0008661588
 21
-621243.0888840827
 31
0.0
  0
LINE
  5
E88
330
2
100
AcDbEntity
  8
WALL
100
AcDbLine
 10
982421.0008661413
 20
-625243.0888840637
 30
0.0
 11
982621.0008661414
 21
-625243.0888840638
 31
0.0
  0
LINE
  5
E89
330
2
100
AcDbEntity
  8
WALL
100
AcDbLine
 10
985421.0008660761
 20
-624643.0888840251
 30
0.0
 11
984421.0008662486
 21
-624643.088884024
 31
0.0
  0
LINE
  5
E8A
330
2
100
AcDbEntity
  8
WALL
100
AcDbLine
 10
985421.0008662972
 20
-624443.0888840219
 30
0.0
 11
984221.0008662672
 21
-624443.0888840208
 31
0.0
  0
LINE
  5
E8B
330
2
100
AcDbEntity
  8
WALL
100
AcDbLine
 10
984321.0008661394
 20
-619943.0888840275
 30
0.0
 11
984321.0008661413
 21
-618043.0888840753
 31
0.0
  0
LINE
  5
E8C
330
2
100
AcDbEntity
  8
WALL
100
AcDbLine
 10
984421.0008661391
 20
-620043.088884024
 30
0.0
 11
984421.0008661482
 21
-618043.0888840657
 31
0.0
  0
LINE
  5
E8D
330
2
100
AcDbEntity
  8
WALL
100
AcDbLine
 10
982621.0008661393
 20
-619943.0888840836
 30
0.0
 11
982621.0008661453
 21
-619043.0888840672
 31
0.0
  0
LINE
  5
E8E
330
2
100
AcDbEntity
  8
WALL
100
AcDbLine
 10
982621.0008661453
 20
-619043.0888840672
 30
0.0
 11
982421.0008661395
 21
-619043.088884067
 31
0.0
  0
LINE
  5
E8F
330
2
100
AcDbEntity
  8
WALL
100
AcDbLine
 10
982421.0008661395
 20
-619043.088884067
 30
0.0
 11
982421.0008661465
 21
-620043.0888840633
 31
0.0
  0
LINE
  5
E90
330
2
100
AcDbEntity
  8
WALL
100
AcDbLine
 10
982421.000866141
 20
-618143.0888840742
 30
0.0
 11
982421.0008661374
 21
-618243.088884067
 31
0.0
  0
LINE
  5
E91
330
2
100
AcDbEntity
  8
WALL
100
AcDbLine
 10
982421.0008661374
 20
-618243.088884067
 30
0.0
 11
982621.0008661458
 21
-618243.0888840673
 31
0.0
  0
LINE
  5
E92
330
2
100
AcDbEntity
  8
WALL
100
AcDbLine
 10
982621.0008661458
 20
-618243.0888840673
 30
0.0
 11
982621.0008661414
 21
-618043.0888840735
 31
0.0
  0
INSERT
  5
E93
330
2
100
AcDbEntity
  8
WINDOW
100
AcDbBlockReference
  2
$TCHSYS$WIN2D
 10
982521.0008661478
 20
-618643.0888840619
 30
0.0
 41
800.0
 42
-200.0
 43
800.0
 50
89.99999999994331
1001
WTHICK
1040
200.0
  0
LINE
  5
E94
330
2
100
AcDbEntity
  8
WALL
100
AcDbLine
 10
988721.0008661385
 20
-620043.0888838511
 30
0.0
 11
985521.0008661913
 21
-620043.088883942
 31
0.0
  0
LINE
  5
E95
330
2
100
AcDbEntity
  8
WALL
100
AcDbLine
 10
988821.0008661438
 20
-619943.0888838661
 30
0.0
 11
985421.0008661825
 21
-619943.0888839819
 31
0.0
  0
LINE
  5
E96
330
2
100
AcDbEntity
  8
WALL
100
AcDbLine
 10
984321.0008661394
 20
-619943.0888840275
 30
0.0
 11
984221.0008662108
 21
-619943.088884019
 31
0.0
  0
LINE
  5
E97
330
2
100
AcDbEntity
  8
WALL
100
AcDbLine
 10
984221.0008662108
 20
-619943.088884019
 30
0.0
 11
984221.0008662142
 21
-620043.0888840746
 31
0.0
  0
LINE
  5
E98
330
2
100
AcDbEntity
  8
WALL
100
AcDbLine
 10
984221.0008662142
 20
-620043.0888840746
 30
0.0
 11
984421.0008661391
 21
-620043.088884024
 31
0.0
  0
LINE
  5
E99
330
2
100
AcDbEntity
  8
WALL
100
AcDbLine
 10
982621.0008661682
 20
-620043.0888840834
 30
0.0
 11
983421.0008662141
 21
-620043.0888841009
 31
0.0
  0
LINE
  5
E9A
330
2
100
AcDbEntity
  8
WALL
100
AcDbLine
 10
983421.0008662141
 20
-620043.0888841009
 30
0.0
 11
983421.0008662109
 21
-619943.0888840454
 31
0.0
  0
LINE
  5
E9B
330
2
100
AcDbEntity
  8
WALL
100
AcDbLine
 10
983421.0008662109
 20
-619943.0888840454
 30
0.0
 11
982621.0008661393
 21
-619943.0888840836
 31
0.0
  0
INSERT
  5
E9C
330
2
100
AcDbEntity
  8
WINDOW
100
AcDbBlockReference
  2
$DorLib2D$00000001
 10
983821.0008661445
 20
-619993.0888840205
 30
0.0
 41
-800.0
 42
-800.0
 43
-800.0
 50
180.0000000018935
1001
WTHICK
1040
100.0
  0
LINE
  5
E9D
330
2
100
AcDbEntity
  8
WINDOW
100
AcDbLine
 10
984221.0008661428
 20
-619943.0888840073
 30
0.0
 11
983421.0008661429
 21
-619943.0888840337
 31
0.0
  0
LINE
  5
E9E
330
2
100
AcDbEntity
  8
WALL
100
AcDbLine
 10
985421.0008661825
 20
-619943.0888839819
 30
0.0
 11
985421.0008661553
 21
-620143.0888842038
 31
0.0
  0
LINE
  5
E9F
330
2
100
AcDbEntity
  8
WALL
100
AcDbLine
 10
985421.0008661553
 20
-620143.0888842038
 30
0.0
 11
985521.0008662028
 21
-620143.088884204
 31
0.0
  0
LINE
  5
EA0
330
2
100
AcDbEntity
  8
WALL
100
AcDbLine
 10
985521.0008662028
 20
-620143.088884204
 30
0.0
 11
985521.0008661913
 21
-620043.088883942
 31
0.0
  0
LINE
  5
EA1
330
2
100
AcDbEntity
  8
WALL
100
AcDbLine
 10
985521.0008661451
 20
-621243.0888839601
 30
0.0
 11
985521.0008661687
 21
-621043.088884204
 31
0.0
  0
LINE
  5
EA2
330
2
100
AcDbEntity
  8
WALL
100
AcDbLine
 10
985521.0008661687
 20
-621043.088884204
 30
0.0
 11
985421.0008661544
 21
-621043.0888842038
 31
0.0
  0
LINE
  5
EA3
330
2
100
AcDbEntity
  8
WALL
100
AcDbLine
 10
985421.0008661544
 20
-621043.0888842038
 30
0.0
 11
985421.000866181
 21
-621143.0888839849
 31
0.0
  0
INSERT
  5
EA4
330
2
100
AcDbEntity
  8
WINDOW
100
AcDbBlockReference
  2
$DorLib2D$00000001
 10
985471.0008661456
 20
-620593.0888839636
 30
0.0
 41
-900.0
 42
900.0
 43
-900.0
 50
269.9999999999444
1001
WTHICK
1040
100.0
  0
LINE
  5
EA5
330
2
100
AcDbEntity
  8
WALL
100
AcDbLine
 10
984421.0008661482
 20
-618043.0888840657
 30
0.0
 11
984421.0008661553
 21
-617843.0888842028
 31
0.0
  0
LINE
  5
EA6
330
2
100
AcDbEntity
  8
WALL
100
AcDbLine
 10
984421.0008661553
 20
-617843.0888842028
 30
0.0
 11
984321.0008661538
 21
-617843.0888842026
 31
0.0
  0
LINE
  5
EA7
330
2
100
AcDbEntity
  8
WALL
100
AcDbLine
 10
984321.0008661538
 20
-617843.0888842026
 30
0.0
 11
984321.0008661976
 21
-617943.0888840753
 31
0.0
  0
LINE
  5
EA8
330
2
100
AcDbEntity
  8
WALL
100
AcDbLine
 10
984321.0008661992
 20
-616243.0888841615
 30
0.0
 11
984321.0008661548
 21
-617043.0888842028
 31
0.0
  0
LINE
  5
EA9
330
2
100
AcDbEntity
  8
WALL
100
AcDbLine
 10
984321.0008661548
 20
-617043.0888842028
 30
0.0
 11
984421.0008661493
 21
-617043.0888842028
 31
0.0
  0
LINE
  5
EAA
330
2
100
AcDbEntity
  8
WALL
100
AcDbLine
 10
984421.0008661493
 20
-617043.0888842028
 30
0.0
 11
984421.0008661349
 21
-616243.0888840493
 31
0.0
  0
INSERT
  5
EAB
330
2
100
AcDbEntity
  8
WINDOW
100
AcDbBlockReference
  2
$DorLib2D$00000001
 10
984371.0008661489
 20
-617443.0888840658
 30
0.0
 41
-800.0
 42
800.0
 43
-800.0
 50
89.99999999994031
1001
WTHICK
1040
100.0
  0
LINE
  5
EAC
330
2
100
AcDbEntity
  8
WINDOW
100
AcDbLine
 10
984321.0008661484
 20
-617843.0888840658
 30
0.0
 11
984321.0008661493
 21
-617043.0888840658
 31
0.0
  0
LINE
  5
EAD
330
2
100
AcDbEntity
  8
WALL
100
AcDbLine
 10
984321.0008661413
 20
-618043.0888840753
 30
0.0
 11
982621.0008661414
 21
-618043.0888840735
 31
0.0
  0
LINE
  5
EAE
330
2
100
AcDbEntity
  8
WALL
100
AcDbLine
 10
984321.0008661976
 20
-617943.0888840753
 30
0.0
 11
982521.0008661485
 21
-617943.0888840637
 31
0.0
  0
LINE
  5
EAF
330
2
100
AcDbEntity
  8
WALL
100
AcDbLine
 10
984421.0008662486
 20
-624643.088884024
 30
0.0
 11
984421.0008661001
 21
-625243.0888840658
 31
0.0
  0
LINE
  5
EB0
330
2
100
AcDbEntity
  8
WALL
100
AcDbLine
 10
984221.0008662672
 20
-624443.0888840208
 30
0.0
 11
984221.0008660998
 21
-625243.0888840571
 31
0.0
  0
LINE
  5
EB1
330
2
100
AcDbEntity
  8
WALL
100
AcDbLine
 10
984421.0008661001
 20
-625243.0888840658
 30
0.0
 11
984221.0008660998
 21
-625243.0888840571
 31
0.0
  0
LINE
  5
EB2
330
2
100
AcDbEntity
  8
WALL
100
AcDbLine
 10
991421.000866147
 20
-619943.088883885
 30
0.0
 11
991171.0008661508
 21
-619943.0888838566
 31
0.0
  0
LINE
  5
EB3
330
2
100
AcDbEntity
  8
WALL
100
AcDbLine
 10
991171.0008661508
 20
-619943.0888838566
 30
0.0
 11
991171.0008661458
 21
-620143.0888839071
 31
0.0
  0
LINE
  5
EB4
330
2
100
AcDbEntity
  8
WALL
100
AcDbLine
 10
991171.0008661458
 20
-620143.0888839071
 30
0.0
 11
991421.0008661711
 21
-620143.0888839302
 31
0.0
  0
LINE
  5
EB5
330
2
100
AcDbEntity
  8
WALL
100
AcDbLine
 10
988921.0008661592
 20
-620143.0888838721
 30
0.0
 11
989071.0008661461
 21
-620143.0888838582
 31
0.0
  0
LINE
  5
EB6
330
2
100
AcDbEntity
  8
WALL
100
AcDbLine
 10
989071.0008661461
 20
-620143.0888838582
 30
0.0
 11
989071.0008661509
 21
-619943.0888838347
 31
0.0
  0
LINE
  5
EB7
330
2
100
AcDbEntity
  8
WALL
100
AcDbLine
 10
989071.0008661509
 20
-619943.0888838347
 30
0.0
 11
988821.0008661509
 21
-619943.088883858
 31
0.0
  0
INSERT
  5
EB8
330
2
100
AcDbEntity
  8
WINDOW
100
AcDbBlockReference
  2
$DorLib2D$00000131
 10
990121.0008661493
 20
-620043.0888838881
 30
0.0
 41
2100.0
 42
200.0
 43
2100.0
 50
179.9999999986734
1001
WTHICK
1040
200.0
  0
LINE
  5
EB9
330
2
100
AcDbEntity
  8
WALL
100
AcDbLine
 10
985421.000866181
 20
-621143.0888839849
 30
0.0
 11
985421.0008661233
 21
-621243.088883985
 31
0.0
  0
LINE
  5
EBA
330
2
100
AcDbEntity
  8
WALL
100
AcDbLine
 10
982621.0008661588
 20
-621243.0888840827
 30
0.0
 11
984521.0008661185
 21
-621243.0888840219
 31
0.0
  0
LINE
  5
EBB
330
2
100
AcDbEntity
  8
WALL
100
AcDbLine
 10
984521.0008661185
 20
-621243.0888840219
 30
0.0
 11
984521.0008661149
 21
-621143.0888840231
 31
0.0
  0
LINE
  5
EBC
330
2
100
AcDbEntity
  8
WALL
100
AcDbLine
 10
984521.0008661149
 20
-621143.0888840231
 30
0.0
 11
982621.0008661671
 21
-621143.0888840826
 31
0.0
  0
INSERT
  5
EBD
330
2
100
AcDbEntity
  8
WINDOW
100
AcDbBlockReference
  2
$DorLib2D$00000001
 10
984971.0008661446
 20
-621193.0888839792
 30
0.0
 41
-900.0
 42
900.0
 43
-900.0
 50
180.0000000019988
1001
WTHICK
1040
100.0
  0
LINE
  5
EBE
330
2
100
AcDbEntity
  8
WALL
100
AcDbLine
 10
985521.0008661451
 20
-621243.0888839601
 30
0.0
 11
985521.0008661169
 21
-623843.0888840323
 31
0.0
  0
LINE
  5
EBF
330
2
100
AcDbEntity
  8
WALL
100
AcDbLine
 10
985421.0008661233
 20
-621243.088883985
 30
0.0
 11
985421.0008661425
 21
-623943.0888840669
 31
0.0
  0
LINE
  5
EC0
330
2
100
AcDbEntity
  8
WALL
100
AcDbLine
 10
982421.000866145
 20
-621243.0888840646
 30
0.0
 11
982421.0008661465
 21
-620043.0888840633
 31
0.0
  0
LINE
  5
EC1
330
2
100
AcDbEntity
  8
WALL
100
AcDbLine
 10
982621.0008661671
 20
-621143.0888840826
 30
0.0
 11
982621.0008661682
 21
-620043.0888840834
 31
0.0
  0
LINE
  5
EC2
330
2
100
AcDbEntity
  8
WALL
100
AcDbLine
 10
984421.0008661349
 20
-616243.0888840493
 30
0.0
 11
984521.0008660894
 21
-616243.088884006
 31
0.0
  0
LINE
  5
EC3
330
2
100
AcDbEntity
  8
WALL
100
AcDbLine
 10
984521.0008660894
 20
-616243.088884006
 30
0.0
 11
984521.0008660894
 21
-616043.0888840513
 31
0.0
  0
LINE
  5
EC4
330
2
100
AcDbEntity
  8
WALL
100
AcDbLine
 10
984521.0008660894
 20
-616043.0888840513
 30
0.0
 11
984321.0008661502
 21
-616043.0888840521
 31
0.0
  0
LINE
  5
EC5
330
2
100
AcDbEntity
  8
WALL
100
AcDbLine
 10
986621.0008661285
 20
-616043.0888840492
 30
0.0
 11
985521.000866089
 21
-616043.0888840499
 31
0.0
  0
LINE
  5
EC6
330
2
100
AcDbEntity
  8
WALL
100
AcDbLine
 10
985521.000866089
 20
-616043.0888840499
 30
0.0
 11
985521.000866089
 21
-616243.0888840074
 31
0.0
  0
LINE
  5
EC7
330
2
100
AcDbEntity
  8
WALL
100
AcDbLine
 10
985521.000866089
 20
-616243.0888840074
 30
0.0
 11
986721.000866148
 21
-616243.0888840521
 31
0.0
  0
LINE
  5
EC8
330
2
100
AcDbEntity
  8
WALL
100
AcDbLine
 10
991421.000866147
 20
-619943.088883885
 30
0.0
 11
991421.000866147
 21
-616243.0888840397
 31
0.0
  0
LINE
  5
EC9
330
2
100
AcDbEntity
  8
WALL
100
AcDbLine
 10
991621.0008661479
 20
-620043.0888839203
 30
0.0
 11
991621.0008661224
 21
-616143.0888839269
 31
0.0
  0
LINE
  5
ECA
330
2
100
AcDbEntity
  8
WALL
100
AcDbLine
 10
986821.0008661272
 20
-616043.0888840395
 30
0.0
 11
991521.000866148
 21
-616043.0888840521
 31
0.0
  0
LINE
  5
ECB
330
2
100
AcDbEntity
  8
WALL
100
AcDbLine
 10
986721.000866148
 20
-616243.0888840521
 30
0.0
 11
991421.000866147
 21
-616243.0888840397
 31
0.0
  0
LINE
  5
ECC
330
2
100
AcDbEntity
  8
WALL
100
AcDbLine
 10
986721.0008661428
 20
-614543.0888840576
 30
0.0
 11
987721.000866135
 21
-614543.0888840905
 31
0.0
  0
LINE
  5
ECD
330
2
100
AcDbEntity
  8
WALL
100
AcDbLine
 10
986821.0008661232
 20
-614743.0888840874
 30
0.0
 11
987721.0008661549
 21
-614743.0888840585
 31
0.0
  0
LINE
  5
ECE
330
2
100
AcDbEntity
  8
WALL
100
AcDbLine
 10
974921.000866148
 20
-616243.0888840521
 30
0.0
 11
976121.0008662414
 21
-616243.0888840571
 31
0.0
  0
LINE
  5
ECF
330
2
100
AcDbEntity
  8
WALL
100
AcDbLine
 10
976121.0008662414
 20
-616243.0888840571
 30
0.0
 11
976121.0008662414
 21
-616043.0888840656
 31
0.0
  0
LINE
  5
ED0
330
2
100
AcDbEntity
  8
WALL
100
AcDbLine
 10
976121.0008662414
 20
-616043.0888840656
 30
0.0
 11
975021.0008661541
 21
-616043.0888840704
 31
0.0
  0
LINE
  5
ED1
330
2
100
AcDbEntity
  8
WALL
100
AcDbLine
 10
977321.0008661457
 20
-616043.0888840521
 30
0.0
 11
977121.0008662416
 21
-616043.0888840577
 31
0.0
  0
LINE
  5
ED2
330
2
100
AcDbEntity
  8
WALL
100
AcDbLine
 10
977121.0008662416
 20
-616043.0888840577
 30
0.0
 11
977121.0008662416
 21
-616243.0888840651
 31
0.0
  0
LINE
  5
ED3
330
2
100
AcDbEntity
  8
WALL
100
AcDbLine
 10
977121.0008662416
 20
-616243.0888840651
 30
0.0
 11
977221.0008661446
 21
-616243.0888840702
 31
0.0
  0
LINE
  5
ED4
330
2
100
AcDbEntity
  8
WALL
100
AcDbLine
 10
974821.0008661573
 20
-614743.0888840156
 30
0.0
 11
973921.0008661421
 21
-614743.0888840522
 31
0.0
  0
LINE
  5
ED5
330
2
100
AcDbEntity
  8
WALL
100
AcDbLine
 10
974921.0008661542
 20
-614543.0888840523
 30
0.0
 11
973921.0008661622
 21
-614543.0888840182
 31
0.0
  0
LINE
  5
ED6
330
2
100
AcDbEntity
  8
WALL
100
AcDbLine
 10
972821.0008661235
 20
-609443.0888840448
 30
0.0
 11
972821.0008660973
 21
-610943.0888839796
 31
0.0
  0
LINE
  5
ED7
330
2
100
AcDbEntity
  8
WALL
100
AcDbLine
 10
972621.0008661238
 20
-609443.0888840449
 30
0.0
 11
972621.0008661745
 21
-610943.0888840512
 31
0.0
  0
LINE
  5
ED8
330
2
100
AcDbEntity
  8
WALL
100
AcDbLine
 10
972821.0008661235
 20
-609443.0888840448
 30
0.0
 11
972621.0008661238
 21
-609443.0888840449
 31
0.0
  0
LINE
  5
ED9
330
2
100
AcDbEntity
  8
WALL
100
AcDbLine
 10
972621.0008661745
 20
-610943.0888840512
 30
0.0
 11
972621.0008661137
 21
-611143.0888840413
 31
0.0
  0
LINE
  5
EDA
330
2
100
AcDbEntity
  8
WALL
100
AcDbLine
 10
972621.0008661137
 20
-611143.0888840413
 30
0.0
 11
972721.0008661264
 21
-611143.0888840491
 31
0.0
  0
LINE
  5
EDB
330
2
100
AcDbEntity
  8
WALL
100
AcDbLine
 10
967121.0008661169
 20
-611143.0888840629
 30
0.0
 11
967821.0008662659
 21
-611143.0888840532
 31
0.0
  0
LINE
  5
EDC
330
2
100
AcDbEntity
  8
WALL
100
AcDbLine
 10
967821.0008662659
 20
-611143.0888840532
 30
0.0
 11
967821.0008662659
 21
-610943.088884066
 31
0.0
  0
LINE
  5
EDD
330
2
100
AcDbEntity
  8
WALL
100
AcDbLine
 10
967821.0008662659
 20
-610943.088884066
 30
0.0
 11
967121.0008661361
 21
-610943.0888840606
 31
0.0
  0
LINE
  5
EDE
330
2
100
AcDbEntity
  8
WALL
100
AcDbLine
 10
971121.0008661128
 20
-610943.0888840603
 30
0.0
 11
969921.0008661129
 21
-610943.0888840623
 31
0.0
  0
LINE
  5
EDF
330
2
100
AcDbEntity
  8
WALL
100
AcDbLine
 10
969921.0008661129
 20
-610943.0888840623
 30
0.0
 11
969921.0008661133
 21
-611143.0888840479
 31
0.0
  0
LINE
  5
EE0
330
2
100
AcDbEntity
  8
WALL
100
AcDbLine
 10
969921.0008661133
 20
-611143.0888840479
 30
0.0
 11
971121.0008661133
 21
-611143.0888840451
 31
0.0
  0
LINE
  5
EE1
330
2
100
AcDbEntity
  8
WALL
100
AcDbLine
 10
971121.0008661133
 20
-611143.0888840451
 30
0.0
 11
971121.0008661128
 21
-610943.0888840603
 31
0.0
  0
LINE
  5
EE2
330
2
100
AcDbEntity
  8
WALL
100
AcDbLine
 10
964421.0008661341
 20
-611143.0888840382
 30
0.0
 11
964421.0008661357
 21
-614343.0888840456
 31
0.0
  0
LINE
  5
EE3
330
2
100
AcDbEntity
  8
WALL
100
AcDbLine
 10
964221.000866137
 20
-611043.0888840662
 30
0.0
 11
964221.0008661358
 21
-614243.0888840582
 31
0.0
  0
INSERT
  5
F50
330
2
100
AcDbEntity
  8
AC
100
AcDbBlockReference
  2
房间图层样板
 10
970733.2427082549
 20
-626421.9065399132
 30
0.0
  0
LWPOLYLINE
  5
F51
330
2
100
AcDbEntity
  8
GT_卧室
100
AcDbPolyline
 90
        5
 70
     0
 43
0.0
 10
963621.0008661386
 20
-616143.0888840847
 10
967021.0008661465
 20
-616143.0888840803
 10
967021.00086622
 20
-619943.088883943
 10
963621.0008661423
 20
-619943.0888839589
 10
963621.0008661251
 20
-616143.0888840557
  0
LWPOLYLINE
  5
F52
330
2
100
AcDbEntity
  8
GT_卧室
100
AcDbPolyline
 90
        5
 70
     0
 43
0.0
 10
970021.0008661917
 20
-616143.0888840557
 10
967121.0008661489
 20
-616143.0888840595
 10
967121.0008661537
 20
-619943.088883987
 10
970021.0008661457
 20
-619943.0888839589
 10
970021.0008661358
 20
-616143.0888839463
  0
LWPOLYLINE
  5
F53
330
2
100
AcDbEntity
  8
GT_卧室
100
AcDbPolyline
 90
        5
 70
     0
 43
0.0
 10
979021.0008661537
 20
-624443.0888840637
 10
976221.0008662059
 20
-624443.0888843591
 10
976221.0008662059
 20
-621243.0888840153
 10
979021.0008661489
 20
-621243.0888840918
 10
979021.0008664864
 20
-624443.0888840637
  0
LWPOLYLINE
  5
F54
330
2
100
AcDbEntity
  8
GT_卧室
100
AcDbPolyline
 90
        5
 70
     0
 43
0.0
 10
972921.0008661496
 20
-620043.0888838633
 10
976121.0008661521
 20
-620043.0888839532
 10
976121.000866135
 20
-623843.0888840354
 10
972921.0008661812
 20
-623843.0888840384
 10
972921.0008662882
 20
-620043.0888838633
  0
LWPOLYLINE
  5
F56
330
2
100
AcDbEntity
  8
GT_卫生间
100
AcDbPolyline
 90
        5
 70
     0
 43
0.0
 10
977321.0008661429
 20
-618043.0888840799
 10
979021.0008661794
 20
-618043.0888840612
 10
979021.000866181
 20
-619943.0888840131
 10
977321.000866145
 20
-619943.0888839573
 10
977321.0008661433
 20
-618043.0888840799
  0
LWPOLYLINE
  5
F58
330
2
100
AcDbEntity
  8
GT_卫生间
100
AcDbPolyline
 90
        5
 70
     0
 43
0.0
 10
963621.0008661542
 20
-614443.0888840589
 10
965821.0008661145
 20
-614443.0888840446
 10
965821.0008660812
 20
-616043.0888840714
 10
963621.0008661542
 20
-616043.0888840551
 10
963621.0008661528
 20
-614443.088884068
  0
LWPOLYLINE
  5
F59
330
2
100
AcDbEntity
  8
GT_阳台
100
AcDbPolyline
 90
        5
 70
     0
 43
0.0
 10
970221.0008661205
 20
-620143.0888839031
 10
972721.0008661572
 20
-620143.0888839007
 10
972721.0008661469
 20
-621543.0888840765
 10
970221.0008661452
 20
-621543.0888841204
 10
970221.0008661205
 20
-620143.0888839031
  0
LWPOLYLINE
  5
F5A
330
2
100
AcDbEntity
  8
GT_阳台
100
AcDbPolyline
 90
        5
 70
     0
 43
0.0
 10
972821.0008661534
 20
-624043.0888840701
 10
972821.0008661545
 20
-625143.0888840701
 10
976021.0008661545
 20
-625143.0888840669
 10
976021.0008662053
 20
-624043.0888840725
 10
972821.0008661534
 20
-624043.0888840701
  0
LWPOLYLINE
  5
F5B
330
2
100
AcDbEntity
  8
GT_阳台
100
AcDbPolyline
 90
        5
 70
     0
 43
0.0
 10
967221.0008661416
 20
-609543.0888840322
 10
967221.0008661416
 20
-610943.0888840606
 10
970121.0008661416
 20
-610943.0888840465
 10
970121.0008661414
 20
-609543.0888840322
 10
967221.0008661416
 20
-609543.0888840322
  0
LWPOLYLINE
  5
F5C
330
2
100
AcDbEntity
  8
GT_阳台
100
AcDbPolyline
 90
        5
 70
     0
 43
0.0
 10
979221.0008661793
 20
-618143.0888840604
 10
979221.0008661793
 20
-620043.0888840617
 10
980721.0008661463
 20
-620043.0888840489
 10
980721.0008661305
 20
-618143.0888840591
 10
979221.0008661793
 20
-618143.0888848431
  0
LWPOLYLINE
  5
F5D
330
2
100
AcDbEntity
  8
GT_厨房
100
AcDbPolyline
 90
        5
 70
     0
 43
0.0
 10
973921.0008661622
 20
-611143.0888840478
 10
973921.0008661622
 20
-614543.0888840182
 10
975721.000866077
 20
-614543.0888841763
 10
975718.134989678
 20
-611143.0891092684
 10
973921.0008661622
 20
-611143.0891092684
  0
LWPOLYLINE
  5
F5E
330
2
100
AcDbEntity
  8
GT_厨房
100
AcDbPolyline
 90
        5
 70
     0
 43
0.0
 10
977321.0008661459
 20
-616243.0888840551
 10
980721.0008661533
 20
-616243.0888840274
 10
980721.0008661392
 20
-617943.088884059
 10
977321.0008661457
 20
-617943.0888840121
 10
977321.0008661459
 20
-616243.0888840551
  0
LWPOLYLINE
  5
F5F
330
2
100
AcDbEntity
  8
GT_餐厅
100
AcDbPolyline
 90
        5
 70
     0
 43
0.0
 10
973821.0008661617
 20
-611143.0888840775
 10
973821.0008661617
 20
-614743.0888840522
 10
971121.0008661332
 20
-614743.0888840524
 10
971121.0008661261
 20
-611143.0888840523
 10
973821.0008661617
 20
-611143.0888840775
  0
LWPOLYLINE
  5
F60
330
2
100
AcDbEntity
  8
GT_餐厅
100
AcDbPolyline
 90
        5
 70
     0
 43
0.0
 10
977221.0008661446
 20
-616243.0888840702
 10
977221.0008661446
 20
-619943.0888838696
 10
974173.7546190435
 20
-619943.0888838696
 10
974173.7546190465
 20
-616243.0888840516
 10
977221.0008661446
 20
-616243.0888840516
  0
LWPOLYLINE
  5
F61
330
2
100
AcDbEntity
  8
GT_客厅
100
AcDbPolyline
 90
        5
 70
     0
 43
0.0
 10
970221.0008661673
 20
-616243.0888840484
 10
974173.7546190465
 20
-616243.0888840516
 10
974173.7546189488
 20
-619943.0888839018
 10
970221.0008661673
 20
-619943.0888839018
 10
970221.0008661701
 20
-616243.0888840484
  0
LWPOLYLINE
  5
F62
330
2
100
AcDbEntity
  8
GT_客厅
100
AcDbPolyline
 90
        5
 70
     0
 43
0.0
 10
967121.0008661169
 20
-611143.0888840629
 10
971121.0008661261
 20
-611143.0888840553
 10
971121.0008661261
 20
-614943.0888840646
 10
967121.0008661393
 20
-614943.0888840646
 10
967121.0008661169
 20
-611143.0888840629
  0
LWPOLYLINE
  5
F63
330
2
100
AcDbEntity
  8
GT_过道
100
AcDbPolyline
 90
        9
 70
     0
 43
0.0
 10
974821.0008661573
 20
-614743.0888840156
 10
974821.0008661585
 20
-616043.0888840484
 10
965921.000866184
 20
-616043.0888840886
 10
965921.0008661824
 20
-614443.0888840443
 10
967021.0008661749
 20
-614443.0888840434
 10
967021.0008661392
 20
-614943.0888840647
 10
971121.0008661261
 20
-614943.0888840646
 10
971121.0008661332
 20
-614743.0888840524
 10
974821.0008661573
 20
-614743.0888840493
  0
LWPOLYLINE
  5
F64
330
2
100
AcDbEntity
  8
GT_过道
100
AcDbPolyline
 90
        7
 70
     0
 43
0.0
 10
976221.0008661607
 20
-619943.088883956
 10
976221.0008661606
 20
-621143.0888839463
 10
979021.0008661446
 20
-621143.0888840613
 10
979021.0008661702
 20
-620043.0888840637
 10
977221.0008661449
 20
-620043.0888840614
 10
977221.0008661449
 20
-619943.0888838696
 10
976221.0008661607
 20
-619943.088883956
  0
LWPOLYLINE
  5
F65
330
2
100
AcDbEntity
  8
GT_书房
100
AcDbPolyline
 90
        5
 70
     0
 43
0.0
 10
964421.0008661341
 20
-611143.0888840382
 10
967021.0008661538
 20
-611143.0888840331
 10
967021.0008673981
 20
-614343.0888840433
 10
964421.0008661357
 20
-614343.0888840456
 10
964421.0008661341
 20
-611143.0888840615
  0
LWPOLYLINE
  5
F66
330
2
100
AcDbEntity
  8
GT_电机房
100
AcDbPolyline
 90
        5
 70
     0
 43
0.0
 10
975921.0008660746
 20
-613843.0888840625
 10
975921.0008663941
 20
-614643.0888841817
 10
976821.0008662359
 20
-614643.0888841088
 10
976821.0008662359
 20
-613843.0888840623
 10
975921.0008660746
 20
-613843.0888840625
  0
LWPOLYLINE
  5
F67
330
2
100
AcDbEntity
  8
GT_电机房
100
AcDbPolyline
 90
        5
 70
     0
 43
0.0
 10
976921.0008662357
 20
-613843.0888841085
 10
976921.0008660273
 20
-614643.0888840449
 10
977821.0008661377
 20
-614643.0888840449
 10
977821.0008661377
 20
-613843.0888841083
 10
976921.0008662357
 20
-613843.0888841085
  0
LWPOLYLINE
  5
F68
330
2
100
AcDbEntity
  8
GT_楼梯
100
AcDbPolyline
 90
        5
 70
     0
 43
0.0
 10
978021.000866147
 20
-609643.0888840458
 10
983621.0008661382
 20
-609643.0888840457
 10
983621.0008661357
 20
-612043.0888840412
 10
978021.0008661482
 20
-612043.0888840175
 10
978021.000866147
 20
-609643.0888840458
  0
LWPOLYLINE
  5
F69
330
2
100
AcDbEntity
  8
GT_电梯
100
AcDbPolyline
 90
        5
 70
     0
 43
0.0
 10
979421.0008661687
 20
-612243.0888840603
 10
981421.0008661158
 20
-612243.0888840536
 10
981421.0008661158
 20
-614343.0888840537
 10
979421.0008661687
 20
-614343.0888840537
 10
979421.0008661687
 20
-612243.0888840603
  0
LWPOLYLINE
  5
F6A
330
2
100
AcDbEntity
  8
GT_电梯
100
AcDbPolyline
 90
        5
 70
     0
 43
0.0
 10
981621.0008661688
 20
-612243.088884098
 10
983621.0008660978
 20
-612243.0888840966
 10
983621.0008659309
 20
-614343.0888840412
 10
981621.0008661688
 20
-614343.0888840412
 10
981621.0008661688
 20
-612243.088884098
  0
LWPOLYLINE
  5
F6B
330
2
100
AcDbEntity
  8
GT_过道
100
AcDbPolyline
 90
        9
 70
     0
 43
0.0
 10
978021.0008661081
 20
-612243.0888840177
 10
979221.0008661157
 20
-612243.0888840177
 10
979221.0008661292
 20
-614543.088884061
 10
983621.0008662485
 20
-614543.0888840412
 10
983621.0008661524
 20
-616043.0888840518
 10
975021.0008661541
 20
-616043.0888840704
 10
975021.0008661593
 20
-614743.0888841612
 10
978021.0008661384
 20
-614743.0888842174
 10
978021.0008672389
 20
-612243.0888840177
  0
LINE
  5
F6D
330
2
100
AcDbEntity
  8
WALL
100
AcDbLine
 10
995821.0008661552
 20
-614443.0888839798
 30
0.0
 11
997321.0008661313
 21
-614443.0888839958
 31
0.0
  0
LWPOLYLINE
  5
F6E
330
2
100
AcDbEntity
  8
GT_卧室
100
AcDbPolyline
 90
        5
 70
     0
 43
0.0
 10
998021.0008661385
 20
-616143.0888840104
 10
994621.000866131
 20
-616143.0888840208
 10
994621.0008660736
 20
-619943.0888838836
 10
998021.0008661515
 20
-619943.0888838846
 10
998021.000866152
 20
-616143.0888839815
  0
LWPOLYLINE
  5
F6F
330
2
100
AcDbEntity
  8
GT_卧室
100
AcDbPolyline
 90
        5
 70
     0
 43
0.0
 10
991621.0008660858
 20
-616143.0888840092
 10
994521.0008661286
 20
-616143.0888840005
 10
994521.0008661399
 20
-619943.0888839279
 10
991621.0008661479
 20
-619943.0888839123
 10
991621.0008661414
 20
-616143.0888838998
  0
LWPOLYLINE
  5
F70
330
2
100
AcDbEntity
  8
GT_卧室
100
AcDbPolyline
 90
        5
 70
     0
 43
0.0
 10
982621.0008661593
 20
-624443.0888840557
 10
985421.0008661071
 20
-624443.0888843393
 10
985421.0008660931
 20
-621243.0888839954
 10
982621.0008661504
 20
-621243.0888840841
 10
982621.0008658266
 20
-624443.0888840557
  0
LWPOLYLINE
  5
F71
330
2
100
AcDbEntity
  8
GT_卧室
100
AcDbPolyline
 90
        5
 70
     0
 43
0.0
 10
988721.0008661442
 20
-620043.0888838292
 10
985521.0008661421
 20
-620043.088883933
 10
985521.0008661751
 20
-623843.0888840151
 10
988721.0008661291
 20
-623843.0888840043
 10
988721.000866006
 20
-620043.0888838292
  0
LWPOLYLINE
  5
F72
330
2
100
AcDbEntity
  8
GT_卫生间
100
AcDbPolyline
 90
        5
 70
     0
 43
0.0
 10
984321.0008661428
 20
-618043.0888840648
 10
982621.0008661059
 20
-618043.0888840534
 10
982621.0008661124
 20
-619943.0888840053
 10
984321.0008661484
 20
-619943.0888839422
 10
984321.0008661422
 20
-618043.0888840648
  0
LWPOLYLINE
  5
F73
330
2
100
AcDbEntity
  8
GT_卫生间
100
AcDbPolyline
 90
        5
 70
     0
 43
0.0
 10
998021.0008661154
 20
-614443.0888839846
 10
995821.0008661552
 20
-614443.0888839798
 10
995821.0008661957
 20
-616043.0888840068
 10
998021.0008661224
 20
-616043.0888839808
 10
998021.0008661174
 20
-614443.0888839937
  0
LWPOLYLINE
  5
F74
330
2
100
AcDbEntity
  8
GT_阳台
100
AcDbPolyline
 90
        5
 70
     0
 43
0.0
 10
991421.0008661742
 20
-620143.0888838575
 10
988921.0008661374
 20
-620143.0888838658
 10
988921.0008661537
 20
-621543.0888840415
 10
991421.0008661552
 20
-621543.0888840747
 10
991421.0008661742
 20
-620143.0888838575
  0
LWPOLYLINE
  5
F75
330
2
100
AcDbEntity
  8
GT_阳台
100
AcDbPolyline
 90
        5
 70
     0
 43
0.0
 10
988821.000866158
 20
-624043.0888840356
 10
988821.0008661616
 20
-625143.0888840356
 10
985621.0008661616
 20
-625143.0888840462
 10
985621.000866106
 20
-624043.0888840518
 10
988821.000866158
 20
-624043.0888840356
  0
LWPOLYLINE
  5
F76
330
2
100
AcDbEntity
  8
GT_阳台
100
AcDbPolyline
 90
        5
 70
     0
 43
0.0
 10
994421.0008661073
 20
-609543.0888839736
 10
994421.0008661132
 20
-610943.0888840019
 10
991521.0008661132
 20
-610943.0888840003
 10
991521.0008661071
 20
-609543.088883986
 10
994421.0008661073
 20
-609543.0888839736
  0
LWPOLYLINE
  5
F77
330
2
100
AcDbEntity
  8
GT_阳台
100
AcDbPolyline
 90
        5
 70
     0
 43
0.0
 10
982421.0008661063
 20
-618143.0888840536
 10
982421.0008661149
 20
-620043.0888840548
 10
980921.0008661478
 20
-620043.0888840486
 10
980921.0008661551
 20
-618143.0888840587
 10
982421.0008661063
 20
-618143.0888848363
  0
LWPOLYLINE
  5
F78
330
2
100
AcDbEntity
  8
GT_厨房
100
AcDbPolyline
 90
        5
 70
     0
 43
0.0
 10
987721.0008660931
 20
-611143.088884018
 10
987721.000866108
 20
-614543.0888839886
 10
985921.0008661932
 20
-614543.0888841541
 10
985923.8667425778
 20
-611143.0891092464
 10
987721.0008660931
 20
-611143.0891092386
  0
LWPOLYLINE
  5
F79
330
2
100
AcDbEntity
  8
GT_厨房
100
AcDbPolyline
 90
        5
 70
     0
 43
0.0
 10
984321.0008661316
 20
-616243.0888840398
 10
980921.0008661246
 20
-616243.088884027
 10
980921.0008661457
 20
-617943.0888840586
 10
984321.0008661394
 20
-617943.0888839971
 10
984321.0008661316
 20
-616243.0888840398
  0
LWPOLYLINE
  5
F7A
330
2
100
AcDbEntity
  8
GT_餐厅
100
AcDbPolyline
 90
        5
 70
     0
 43
0.0
 10
987821.0008660941
 20
-611143.0888840473
 10
987821.0008661094
 20
-614743.0888840221
 10
990521.0008661379
 20
-614743.0888840107
 10
990521.0008661295
 20
-611143.0888840104
 10
987821.0008660941
 20
-611143.0888840473
  0
LWPOLYLINE
  5
F7B
330
2
100
AcDbEntity
  8
GT_餐厅
100
AcDbPolyline
 90
        5
 70
     0
 43
0.0
 10
984421.0008661328
 20
-616243.0888840548
 10
984421.0008661487
 20
-619943.0888838541
 10
987468.2471132501
 20
-619943.0888838411
 10
987468.2471132313
 20
-616243.0888840229
 10
984421.0008661328
 20
-616243.0888840361
  0
LWPOLYLINE
  5
F7C
330
2
100
AcDbEntity
  8
GT_客厅
100
AcDbPolyline
 90
        5
 70
     0
 43
0.0
 10
991421.0008661106
 20
-616243.0888840026
 10
987468.2471132313
 20
-616243.0888840229
 10
987468.2471133448
 20
-619943.0888838732
 10
991421.0008661264
 20
-619943.0888838561
 10
991421.0008661074
 20
-616243.0888840026
  0
LWPOLYLINE
  5
F7D
330
2
100
AcDbEntity
  8
GT_客厅
100
AcDbPolyline
 90
        5
 70
     0
 43
0.0
 10
994521.0008661389
 20
-611143.088884004
 10
990521.0008661295
 20
-611143.0888840136
 10
990521.0008661462
 20
-614943.0888840228
 10
994521.0008661328
 20
-614943.0888840054
 10
994521.0008661389
 20
-611143.088884004
  0
LWPOLYLINE
  5
F7E
330
2
100
AcDbEntity
  8
GT_过道
100
AcDbPolyline
 90
        9
 70
     0
 43
0.0
 10
986821.0008661137
 20
-614743.0888839897
 10
986821.0008661186
 20
-616043.0888840226
 10
995721.0008660929
 20
-616043.0888840243
 10
995721.0008660872
 20
-614443.0888839801
 10
994621.0008660948
 20
-614443.0888839839
 10
994621.000866133
 20
-614943.0888840052
 10
990521.0008661462
 20
-614943.0888840228
 10
990521.0008661379
 20
-614743.0888840107
 10
986821.0008661137
 20
-614743.0888840235
  0
LWPOLYLINE
  5
F7F
330
2
100
AcDbEntity
  8
GT_过道
100
AcDbPolyline
 90
        7
 70
     0
 43
0.0
 10
985421.0008661329
 20
-619943.0888839362
 10
985421.0008661382
 20
-621143.0888839266
 10
982621.0008661542
 20
-621143.0888840535
 10
982621.0008661238
 20
-620043.088884056
 10
984421.0008661493
 20
-620043.0888840461
 10
984421.0008661487
 20
-619943.0888838541
 10
985421.0008661329
 20
-619943.0888839362
  0
LWPOLYLINE
  5
F80
330
2
100
AcDbEntity
  8
GT_书房
100
AcDbPolyline
 90
        5
 70
     0
 43
0.0
 10
997221.0008661214
 20
-611143.0888839674
 10
994621.0008661021
 20
-611143.0888839737
 10
994621.0008648714
 20
-614343.0888839838
 10
997221.0008661338
 20
-614343.0888839748
 10
997221.0008661217
 20
-611143.0888839906
  0
LWPOLYLINE
  5
F83
330
2
100
AcDbEntity
  8
GT_门
100
AcDbPolyline
 90
        5
 70
     0
 43
0.0
 10
966921.0008661877
 20
-613515.588884065
 10
966921.0008661885
 20
-614393.088884065
 10
966021.0008661884
 20
-614393.088884065
 10
966021.0008661884
 20
-613515.5888840658
 10
966921.0008661877
 20
-613515.588884065
  0
LWPOLYLINE
  5
F84
330
2
100
AcDbEntity
  8
GT_门
100
AcDbPolyline
 90
        5
 70
     0
 43
0.0
 10
967821.0008662659
 20
-610943.088884066
 10
967821.0008662684
 20
-611143.0888840532
 10
969921.0008661133
 20
-611143.0888840479
 10
969921.0008661122
 20
-610943.0888840474
 10
967821.0008662658
 20
-610943.0888840511
  0
LWPOLYLINE
  5
F85
330
2
100
AcDbEntity
  8
GT_门
100
AcDbPolyline
 90
        5
 70
     0
 43
0.0
 10
973821.0008661695
 20
-612043.0888839721
 10
973921.0008661551
 20
-612043.088883973
 10
973921.000866157
 20
-613443.0888842773
 10
973821.0008661617
 20
-613443.0888842773
 10
973821.0008661731
 20
-612043.0888839721
  0
LWPOLYLINE
  5
F86
330
2
100
AcDbEntity
  8
GT_门
100
AcDbPolyline
 90
        5
 70
     0
 43
0.0
 10
973946.0008661488
 20
-615943.0888840352
 10
974921.0008661719
 20
-615943.0888840352
 10
974921.0008661766
 20
-614943.0888839773
 10
973946.0008661488
 20
-614943.0888839773
 10
973946.0008661446
 20
-615943.0888840352
  0
LWPOLYLINE
  5
F87
330
2
100
AcDbEntity
  8
GT_门
100
AcDbPolyline
 90
        5
 70
     0
 43
0.0
 10
966921.0008661687
 20
-616970.5888840363
 10
966921.0008661378
 20
-616093.0888840363
 10
966021.000866138
 20
-616093.0888840682
 10
966021.000866138
 20
-616970.5888840363
 10
966921.0008661687
 20
-616970.5888840363
  0
LWPOLYLINE
  5
F88
330
2
100
AcDbEntity
  8
GT_门
100
AcDbPolyline
 90
        5
 70
     0
 43
0.0
 10
967221.0008662093
 20
-616970.5888840257
 10
967221.0008659916
 20
-616093.0888840603
 10
968121.0008659917
 20
-616093.0888840278
 10
968121.0008659917
 20
-616970.5888840256
 10
967221.0008662093
 20
-616970.5888842489
  0
LWPOLYLINE
  5
F89
330
2
100
AcDbEntity
  8
GT_门
100
AcDbPolyline
 90
        5
 70
     0
 43
0.0
 10
970471.0008661798
 20
-619943.0888839007
 10
970471.0008661802
 20
-620143.0888839029
 10
972571.0008660321
 20
-620143.088883866
 10
972571.0008660321
 20
-619943.0888839018
 10
970471.0008661798
 20
-619943.0888839007
  0
LWPOLYLINE
  5
F8A
330
2
100
AcDbEntity
  8
GT_门
100
AcDbPolyline
 90
        5
 70
     0
 43
0.0
 10
977121.000866151
 20
-617118.0888840521
 10
977121.0008662416
 20
-616143.0888840615
 10
976121.0008661509
 20
-616143.0888836889
 10
976121.0008661509
 20
-617118.088884052
 10
977121.000866151
 20
-617118.088884145
  0
LWPOLYLINE
  5
F8B
330
2
100
AcDbEntity
  8
GT_门
100
AcDbPolyline
 90
        5
 70
     0
 43
0.0
 10
975293.5008661495
 20
-620143.0888839646
 10
976171.0008661628
 20
-620143.0888840564
 10
976171.0008656457
 20
-621043.0888839637
 10
975293.7893751171
 20
-621043.0888839638
 10
975293.7893752113
 20
-620143.0888839646
  0
LWPOLYLINE
  5
F8C
330
2
100
AcDbEntity
  8
GT_门
100
AcDbPolyline
 90
        5
 70
     0
 43
0.0
 10
976221.0008661206
 20
-622070.5888839635
 10
976221.0008661456
 20
-621193.0888839739
 10
977121.0008660617
 20
-621193.0888840064
 10
977121.0008660617
 20
-622070.5888839894
 10
976221.0008661206
 20
-622070.5888839582
  0
LWPOLYLINE
  5
F8D
330
2
100
AcDbEntity
  8
GT_门
100
AcDbPolyline
 90
        5
 70
     0
 43
0.0
 10
977421.0008661773
 20
-619213.0888840072
 10
977421.0008661516
 20
-619993.0888840071
 10
978221.0008661515
 20
-619993.0888840352
 10
978221.0008661515
 20
-619213.0888840072
 10
977421.0008661773
 20
-619213.0888840072
  0
LWPOLYLINE
  5
F8E
330
2
100
AcDbEntity
  8
GT_门
100
AcDbPolyline
 90
        5
 70
     0
 43
0.0
 10
978051.0008661474
 20
-617843.0888840649
 10
977271.000866146
 20
-617843.0888843604
 10
977271.0008661452
 20
-617043.0888840552
 10
978051.0008661472
 20
-617043.0888840552
 10
978051.0008661474
 20
-617843.0888840649
  0
LWPOLYLINE
  5
F8F
330
2
100
AcDbEntity
  8
GT_门
100
AcDbPolyline
 90
        5
 70
     0
 43
0.0
 10
979321.0008661473
 20
-618823.0888840635
 10
979321.0008661473
 20
-618043.0888840636
 10
980121.0008661465
 20
-618043.0888840628
 10
980121.0008661465
 20
-618823.0888840635
 10
979321.0008661473
 20
-618823.0888840635
  0
LWPOLYLINE
  5
F90
330
2
100
AcDbEntity
  8
GT_门
100
AcDbPolyline
 90
        5
 70
     0
 43
0.0
 10
978121.0008661709
 20
-611168.0888840462
 10
978121.0008661648
 20
-612143.0888840462
 10
979121.000866165
 20
-612143.0888840523
 10
979121.0008661643
 20
-611168.0888840464
 10
978121.0008661709
 20
-611168.0888840401
  0
LWPOLYLINE
  5
F91
330
2
100
AcDbEntity
  8
GT_门
100
AcDbPolyline
 90
        5
 70
     0
 43
0.0
 38
-112500.0
 10
979786.222841715
 20
-614284.1092209647
 10
979786.222841715
 20
-614343.0888840537
 10
981066.2228417132
 20
-614343.0888840537
 10
981066.2228417132
 20
-614284.1092209605
 10
979786.222841715
 20
-614284.1092209605
  0
LWPOLYLINE
  5
F92
330
2
100
AcDbEntity
  8
GT_门
100
AcDbPolyline
 90
        5
 70
     0
 43
0.0
 38
-112500.0
 10
982003.9072134658
 20
-614284.1092209588
 10
982003.9072134704
 20
-614343.0888840146
 10
983283.9072134641
 20
-614343.0888840146
 10
983283.9072134641
 20
-614284.109220958
 10
982003.9072134658
 20
-614284.109220958
  0
LWPOLYLINE
  5
F93
330
2
100
AcDbEntity
  8
GT_门
100
AcDbPolyline
 90
        5
 70
     0
 43
0.0
 10
975921.0008663941
 20
-614693.0888840844
 10
976521.00086616
 20
-614693.0888840587
 10
976521.0008661593
 20
-615117.3529527714
 10
975921.0008661597
 20
-615117.3529527714
 10
975921.0008663941
 20
-614693.0888840844
  0
LWPOLYLINE
  5
F94
330
2
100
AcDbEntity
  8
GT_门
100
AcDbPolyline
 90
        5
 70
     0
 43
0.0
 10
977521.0008662829
 20
-614693.0888840429
 10
977521.0008662829
 20
-615117.352952771
 10
976921.0008662829
 20
-615117.3529527711
 10
976921.0008663941
 20
-614693.088884044
 10
977521.0008662829
 20
-614693.0888840583
  0
LWPOLYLINE
  5
F95
330
2
100
AcDbEntity
  8
GT_门
100
AcDbPolyline
 90
        5
 70
     0
 43
0.0
 10
994721.000866108
 20
-613515.588884065
 10
994721.0008661073
 20
-614393.088884065
 10
995621.0008661074
 20
-614393.088884065
 10
995621.0008661074
 20
-613515.5888840658
 10
994721.000866108
 20
-613515.588884065
  0
LWPOLYLINE
  5
F96
330
2
100
AcDbEntity
  8
GT_门
100
AcDbPolyline
 90
        5
 70
     0
 43
0.0
 10
993821.00086603
 20
-610943.088884066
 10
993821.0008660274
 20
-611143.0888840532
 10
991721.0008661825
 20
-611143.0888840479
 10
991721.0008661834
 20
-610943.0888840474
 10
993821.0008660302
 20
-610943.0888840511
  0
LWPOLYLINE
  5
F97
330
2
100
AcDbEntity
  8
GT_门
100
AcDbPolyline
 90
        5
 70
     0
 43
0.0
 10
987821.0008661261
 20
-612043.0888839721
 10
987721.0008661405
 20
-612043.088883973
 10
987721.0008661387
 20
-613443.0888842773
 10
987821.0008661341
 20
-613443.0888842773
 10
987821.0008661229
 20
-612043.0888839721
  0
LWPOLYLINE
  5
F98
330
2
100
AcDbEntity
  8
GT_门
100
AcDbPolyline
 90
        5
 70
     0
 43
0.0
 10
987696.000866147
 20
-615943.0888840352
 10
986721.0008661242
 20
-615943.0888840352
 10
986721.0008661196
 20
-614943.0888839773
 10
987696.000866147
 20
-614943.0888839773
 10
987696.0008661512
 20
-615943.0888840352
  0
LWPOLYLINE
  5
F99
330
2
100
AcDbEntity
  8
GT_门
100
AcDbPolyline
 90
        5
 70
     0
 43
0.0
 10
994721.0008661269
 20
-616970.5888840363
 10
994721.0008661578
 20
-616093.0888840363
 10
995621.0008661578
 20
-616093.0888840682
 10
995621.0008661578
 20
-616970.5888840363
 10
994721.0008661269
 20
-616970.5888840363
  0
LWPOLYLINE
  5
F9A
330
2
100
AcDbEntity
  8
GT_门
100
AcDbPolyline
 90
        5
 70
     0
 43
0.0
 10
994421.0008660865
 20
-616970.5888840257
 10
994421.0008663041
 20
-616093.0888840603
 10
993521.0008663041
 20
-616093.0888840278
 10
993521.0008663041
 20
-616970.5888840256
 10
994421.0008660865
 20
-616970.5888842489
  0
LWPOLYLINE
  5
F9B
330
2
100
AcDbEntity
  8
GT_门
100
AcDbPolyline
 90
        5
 70
     0
 43
0.0
 10
991171.000866116
 20
-619943.0888839007
 10
991171.0008661158
 20
-620143.0888839029
 10
989071.0008662637
 20
-620143.088883866
 10
989071.0008662637
 20
-619943.0888839018
 10
991171.000866116
 20
-619943.0888839007
  0
LWPOLYLINE
  5
F9C
330
2
100
AcDbEntity
  8
GT_门
100
AcDbPolyline
 90
        5
 70
     0
 43
0.0
 10
984521.000866145
 20
-617118.0888840521
 10
984521.0008660544
 20
-616143.0888840615
 10
985521.0008661449
 20
-616143.0888836889
 10
985521.0008661449
 20
-617118.088884052
 10
984521.000866145
 20
-617118.088884145
  0
LWPOLYLINE
  5
F9D
330
2
100
AcDbEntity
  8
GT_门
100
AcDbPolyline
 90
        5
 70
     0
 43
0.0
 10
986348.5008661461
 20
-620143.0888839646
 10
985471.0008661331
 20
-620143.0888840564
 10
985471.0008666501
 20
-621043.0888839637
 10
986348.2123571788
 20
-621043.0888839638
 10
986348.2123570845
 20
-620143.0888839646
  0
LWPOLYLINE
  5
F9E
330
2
100
AcDbEntity
  8
GT_门
100
AcDbPolyline
 90
        5
 70
     0
 43
0.0
 10
985421.0008661755
 20
-622070.5888839635
 10
985421.0008661505
 20
-621193.0888839739
 10
984521.0008662341
 20
-621193.0888840064
 10
984521.0008662345
 20
-622070.5888839894
 10
985421.0008661755
 20
-622070.5888839582
  0
LWPOLYLINE
  5
F9F
330
2
100
AcDbEntity
  8
GT_门
100
AcDbPolyline
 90
        5
 70
     0
 43
0.0
 10
984221.0008661188
 20
-619213.0888840072
 10
984221.0008661446
 20
-619993.0888840071
 10
983421.0008661445
 20
-619993.0888840352
 10
983421.0008661445
 20
-619213.0888840072
 10
984221.0008661188
 20
-619213.0888840072
  0
LWPOLYLINE
  5
FA0
330
2
100
AcDbEntity
  8
GT_门
100
AcDbPolyline
 90
        5
 70
     0
 43
0.0
 10
983591.0008661485
 20
-617843.0888840649
 10
984371.0008661496
 20
-617843.0888843604
 10
984371.000866151
 20
-617043.0888840552
 10
983591.0008661485
 20
-617043.0888840552
 10
983591.0008661485
 20
-617843.0888840649
  0
LWPOLYLINE
  5
FA1
330
2
100
AcDbEntity
  8
GT_门
100
AcDbPolyline
 90
        5
 70
     0
 43
0.0
 10
982321.0008661485
 20
-618823.0888840635
 10
982321.0008661485
 20
-618043.0888840636
 10
981521.0008661493
 20
-618043.0888840628
 10
981521.0008661493
 20
-618823.0888840635
 10
982321.0008661485
 20
-618823.0888840635
  0
LWPOLYLINE
  5
FA2
330
2
100
AcDbEntity
  8
GT_门
100
AcDbPolyline
 90
        5
 70
     0
 43
0.0
 10
965091.0008661389
 20
-614543.0888840335
 10
965871.0008661387
 20
-614543.0888840313
 10
965871.0008661401
 20
-615343.0888840684
 10
965091.0008661389
 20
-615343.0888840684
 10
965091.0008661366
 20
-614543.0888840335
  0
LWPOLYLINE
  5
FA3
330
2
100
AcDbEntity
  8
GT_门
100
AcDbPolyline
 90
        5
 70
     0
 43
0.0
 10
982746.000866147
 20
-615943.0888840777
 10
983721.00086618
 20
-615943.0888840494
 10
983721.0008648577
 20
-614943.0888840787
 10
982746.0008661176
 20
-614943.0888840783
 10
982746.0008661162
 20
-615943.0888840777
  0
LWPOLYLINE
  5
FA4
330
2
100
AcDbEntity
  8
GT_门
100
AcDbPolyline
 90
        5
 70
     0
 43
0.0
 10
983821.0008662588
 20
-614693.0888840589
 10
984421.0008662592
 20
-614693.0888840584
 10
984421.0008662592
 20
-615117.3529527711
 10
983821.0008662592
 20
-615117.3529527714
 10
983821.0008661953
 20
-614693.088884087
  0
LWPOLYLINE
  5
FA5
330
2
100
AcDbEntity
  8
GT_水机房
100
AcDbPolyline
 90
        5
 70
     0
 43
0.0
 10
983821.0008661604
 20
-613843.0888840815
 10
984621.0008661994
 20
-613843.088884082
 10
984621.0008661941
 20
-614643.0888840296
 10
983821.0008662345
 20
-614643.0888833993
 10
983821.0008661604
 20
-613843.0888840815
  0
LWPOLYLINE
  5
FA6
330
2
100
AcDbEntity
  8
GT_门
100
AcDbPolyline
 90
        5
 70
     0
 43
0.0
 10
996551.0008661553
 20
-614543.0888840335
 10
995771.000866155
 20
-614543.0888840313
 10
995771.0008661505
 20
-615343.0888840327
 10
996551.0008661553
 20
-615343.0888840328
 10
996551.0008661553
 20
-614543.0888840335
  0
LWPOLYLINE
  5
FA7
330
2
100
AcDbEntity
  8
GT_门
100
AcDbPolyline
 90
        5
 70
     0
 43
0.0
 10
986421.0008661451
 20
-623843.0888840678
 10
986421.0008661544
 20
-624043.0888840545
 10
988221.0008660022
 20
-624043.0888840545
 10
988221.0008660022
 20
-623843.0888840294
 10
986421.0008661451
 20
-623843.0888841143
  0
LWPOLYLINE
  5
FA8
330
2
100
AcDbEntity
  8
GT_门
100
AcDbPolyline
 90
        5
 70
     0
 43
0.0
 10
973421.0008661758
 20
-623843.088884038
 10
973421.0008661756
 20
-624043.0888840705
 10
975221.000866176
 20
-624043.0888840705
 10
975221.0008661714
 20
-623843.0888840678
 10
973421.0008661758
 20
-623843.0888840722
  0
LWPOLYLINE
  5
FA9
330
2
100
AcDbEntity
  8
GT_过道
100
AcDbPolyline
 90
        5
 70
     0
 43
0.0
 10
986621.0008661237
 20
-614743.0888840972
 10
986621.0008661285
 20
-616043.0888840492
 10
983821.0008661542
 20
-616043.0888841628
 10
983821.0008662713
 20
-614743.0888842834
 10
986621.0008661237
 20
-614743.0888849549
  0
ENDSEC
  0
SECTION
  2
OBJECTS
  0
DICTIONARY
  5
C
330
0
100
AcDbDictionary
281
     1
  3
ACAD_CIP_PREVIOUS_PRODUCT_INFO
350
F1D
  3
ACAD_COLOR
350
5A
  3
ACAD_DETAILVIEWSTYLE
350
F18
  3
ACAD_GROUP
350
47
  3
ACAD_LAYOUT
350
13
  3
ACAD_MATERIAL
350
E
  3
ACAD_MLEADERSTYLE
350
5D
  3
ACAD_MLINESTYLE
350
48
  3
ACAD_PLOTSETTINGS
350
49
  3
ACAD_PLOTSTYLENAME
350
B
  3
ACAD_SCALELIST
350
5B
  3
ACAD_SECTIONVIEWSTYLE
350
F16
  3
ACAD_TABLESTYLE
350
5C
  3
ACAD_VISUALSTYLE
350
2C
  3
ACDB_RECOMPOSE_DATA
350
FB5
  3
AcDbVariableDictionary
350
5E
  0
DICTIONARY
  5
2E
330
29
100
AcDbDictionary
280
     1
281
     1
  0
DICTIONARY
  5
1C
330
1B
100
AcDbDictionary
280
     1
281
     1
  3
ACAD_LAYERFILTERS
360
1D
  3
ACAD_LAYERSTATES
360
1E
  3
ACLYDICTIONARY
360
1F
  0
DICTIONARY
  5
8
330
7
100
AcDbDictionary
280
     1
281
     1
  3
ADSK_XREC_LAYER_RECONCILED
360
9
  0
DICTIONARY
  5
94
330
93
100
AcDbDictionary
280
     1
281
     1
  3
ADSK_XREC_LAYER_RECONCILED
360
95
  0
DICTIONARY
  5
145
330
144
100
AcDbDictionary
280
     1
281
     1
  3
ADSK_XREC_LAYER_RECONCILED
360
146
  0
DICTIONARY
  5
C83
330
C82
100
AcDbDictionary
280
     1
281
     1
  3
ADSK_XREC_LAYER_RECONCILED
360
C84
  0
DICTIONARY
  5
104
330
103
100
AcDbDictionary
280
     1
281
     1
  3
ADSK_XREC_LAYER_RECONCILED
360
105
  0
DICTIONARY
  5
ACD
330
ACC
100
AcDbDictionary
280
     1
281
     1
  3
ADSK_XREC_LAYER_RECONCILED
360
ACE
  0
DICTIONARY
  5
323
330
322
100
AcDbDictionary
280
     1
281
     1
  3
ADSK_XREC_LAYER_RECONCILED
360
324
  0
DICTIONARY
  5
99
330
98
100
AcDbDictionary
280
     1
281
     1
  3
ADSK_XREC_LAYER_RECONCILED
360
9A
  0
DICTIONARY
  5
95F
330
95E
100
AcDbDictionary
280
     1
281
     1
  3
ADSK_XREC_LAYER_RECONCILED
360
960
  0
DICTIONARY
  5
880
330
87F
100
AcDbDictionary
280
     1
281
     1
  3
ADSK_XREC_LAYER_RECONCILED
360
881
  0
DICTIONARY
  5
B1
330
B0
100
AcDbDictionary
280
     1
281
     1
  3
ADSK_XREC_LAYER_RECONCILED
360
B2
  0
DICTIONARY
  5
950
330
94F
100
AcDbDictionary
280
     1
281
     1
  3
ADSK_XREC_LAYER_RECONCILED
360
951
  0
DICTIONARY
  5
61C
330
61B
100
AcDbDictionary
280
     1
281
     1
  3
ADSK_XREC_LAYER_RECONCILED
360
61D
  0
DICTIONARY
  5
521
330
520
100
AcDbDictionary
280
     1
281
     1
  3
ADSK_XREC_LAYER_RECONCILED
360
522
  0
DICTIONARY
  5
15E
330
15D
100
AcDbDictionary
280
     1
281
     1
  3
ADSK_XREC_LAYER_RECONCILED
360
15F
  0
DICTIONARY
  5
A1F
330
A1E
100
AcDbDictionary
280
     1
281
     1
  3
ADSK_XREC_LAYER_RECONCILED
360
A20
  0
DICTIONARY
  5
974
330
973
100
AcDbDictionary
280
     1
281
     1
  3
ADSK_XREC_LAYER_RECONCILED
360
975
  0
DICTIONARY
  5
744
330
743
100
AcDbDictionary
280
     1
281
     1
  3
ADSK_XREC_LAYER_RECONCILED
360
745
  0
DICTIONARY
  5
FF
330
FE
100
AcDbDictionary
280
     1
281
     1
  3
ADSK_XREC_LAYER_RECONCILED
360
100
  0
DICTIONARY
  5
69
330
68
100
AcDbDictionary
280
     1
281
     1
  3
ADSK_XREC_LAYER_RECONCILED
360
6A
  0
DICTIONARY
  5
3
330
2
100
AcDbDictionary
280
     1
281
     1
  3
ACAD_LAYOUTSELFREF
360
4
  3
ACAD_SORTENTS
360
EF7
  0
DICTIONARY
  5
16
330
15
100
AcDbDictionary
280
     1
281
     1
  3
ACAD_LAYOUTSELFREF
360
17
  0
DICTIONARY
  5
3D
330
3C
100
AcDbDictionary
280
     1
281
     1
  3
ACAD_SORTENTS
360
EE4
  0
DICTIONARY
  5
115
330
114
100
AcDbDictionary
280
     1
281
     1
  3
ACAD_SORTENTS
360
EEA
  0
DICTIONARY
  5
2B5
330
2B4
100
AcDbDictionary
280
     1
281
     1
  3
ACAD_ENHANCEDBLOCK
360
2B6
  3
ACAD_SORTENTS
360
EF3
  3
AcDbDynamicBlockRoundTripPurgePreventer
360
2D1
  0
DICTIONARY
  5
C9C
330
C9B
100
AcDbDictionary
280
     1
281
     1
  3
ACAD_SORTENTS
360
EF0
  0
DICTIONARY
  5
6CD
330
6CC
100
AcDbDictionary
280
     1
281
     1
  3
ACAD_SORTENTS
360
EF2
  0
DICTIONARY
  5
35
330
34
100
AcDbDictionary
280
     1
281
     1
  3
ACAD_SORTENTS
360
EF6
  0
DICTIONARY
  5
CB0
330
CAF
100
AcDbDictionary
280
     1
281
     1
  3
ACAD_SORTENTS
360
EEE
  0
DICTIONARY
  5
B4
330
B3
100
AcDbDictionary
280
     1
281
     1
  3
ACAD_SORTENTS
360
EE7
  0
DICTIONARY
  5
68C
330
68B
100
AcDbDictionary
280
     1
281
     1
  3
ACAD_SORTENTS
360
EEB
  0
DICTIONARY
  5
883
330
882
100
AcDbDictionary
280
     1
281
     1
  3
ACAD_SORTENTS
360
EF5
  0
DICTIONARY
  5
A8F
330
A8E
100
AcDbDictionary
280
     1
281
     1
  3
ACAD_SORTENTS
360
EED
  0
DICTIONARY
  5
326
330
325
100
AcDbDictionary
280
     1
281
     1
  3
ACAD_SORTENTS
360
EEC
  0
DICTIONARY
  5
4F5
330
4F4
100
AcDbDictionary
280
     1
281
     1
  3
ACAD_SORTENTS
360
EEF
  0
DICTIONARY
  5
977
330
976
100
AcDbDictionary
280
     1
281
     1
  3
ACAD_SORTENTS
360
EF4
  0
DICTIONARY
  5
34B
330
34A
100
AcDbDictionary
280
     1
281
     1
  3
ACAD_SORTENTS
360
EE6
  0
DICTIONARY
  5
9F5
330
9F4
100
AcDbDictionary
280
     1
281
     1
  3
ACAD_SORTENTS
360
EE9
  0
DICTIONARY
  5
CD1
330
CD0
100
AcDbDictionary
280
     1
281
     1
  3
ACAD_SORTENTS
360
EE8
  0
DICTIONARY
  5
A9A
330
A99
100
AcDbDictionary
280
     1
281
     1
  0
DICTIONARY
  5
706
330
705
100
AcDbDictionary
280
     1
281
     1
  3
ACAD_SORTENTS
360
EE5
  0
DICTIONARY
  5
2EA
330
2E9
100
AcDbDictionary
280
     1
281
     1
  3
ACAD_SORTENTS
360
EF1
  0
DICTIONARY
  5
F4C
330
F4B
100
AcDbDictionary
280
     1
281
     1
  0
DICTIONARY
  5
2B1
330
2B0
100
AcDbDictionary
280
     1
281
     1
  3
AcDbBlockRepresentation
360
2B2
  0
DICTIONARY
  5
6F5
330
6F4
100
AcDbDictionary
280
     1
281
     1
  3
AcDbBlockRepresentation
360
6F6
  0
DICTIONARY
  5
92B
330
92A
100
AcDbDictionary
280
     1
281
     1
  3
AcDbBlockRepresentation
360
92C
  0
DICTIONARY
  5
93D
330
93C
100
AcDbDictionary
280
     1
281
     1
  3
AcDbBlockRepresentation
360
93E
  0
DICTIONARY
  5
972
330
971
100
AcDbDictionary
280
     1
281
     1
  0
DICTIONARY
  5
9AD
330
9AC
100
AcDbDictionary
280
     1
281
     1
  3
AcDbBlockRepresentation
360
9AE
  0
DICTIONARY
  5
9D5
330
9D4
100
AcDbDictionary
280
     1
281
     1
  3
AcDbBlockRepresentation
360
9D6
  0
DICTIONARY
  5
A40
330
A3F
100
AcDbDictionary
280
     1
281
     1
  3
AcDbBlockRepresentation
360
A41
  0
DICTIONARY
  5
A52
330
A51
100
AcDbDictionary
280
     1
281
     1
  3
AcDbBlockRepresentation
360
A53
  0
DICTIONARY
  5
A74
330
A73
100
AcDbDictionary
280
     1
281
     1
  0
DICTIONARY
  5
A8A
330
A89
100
AcDbDictionary
280
     1
281
     1
  0
DICTIONARY
  5
AC2
330
AC1
100
AcDbDictionary
280
     1
281
     1
  0
XRECORD
  5
F1D
102
{ACAD_REACTORS
330
C
102
}
330
C
100
AcDbXrecord
280
     1
300
ACD
300
2022
300

  0
DICTIONARY
  5
5A
102
{ACAD_REACTORS
330
C
102
}
330
C
100
AcDbDictionary
281
     1
  0
DICTIONARY
  5
F18
102
{ACAD_REACTORS
330
C
102
}
330
C
100
AcDbDictionary
281
     1
  3
Imperial24
350
F19
  3
Metric50
350
F4A
  0
DICTIONARY
  5
47
102
{ACAD_REACTORS
330
C
102
}
330
C
100
AcDbDictionary
281
     1
  0
DICTIONARY
  5
13
102
{ACAD_REACTORS
330
C
102
}
330
C
100
AcDbDictionary
281
     1
  3
Model
350
12
  3
布局1
350
1A
  0
DICTIONARY
  5
E
102
{ACAD_REACTORS
330
C
102
}
330
C
100
AcDbDictionary
281
     1
  3
ByBlock
350
52
  3
ByLayer
350
4A
  3
Global
350
D
  0
DICTIONARY
  5
5D
102
{ACAD_REACTORS
330
C
102
}
330
C
100
AcDbDictionary
281
     1
  3
Annotative
350
F48
  3
Standard
350
F15
  0
DICTIONARY
  5
48
102
{ACAD_REACTORS
330
C
102
}
330
C
100
AcDbDictionary
281
     1
  3
STANDARD
350
6C
  0
DICTIONARY
  5
49
102
{ACAD_REACTORS
330
C
102
}
330
C
100
AcDbDictionary
281
     1
  0
ACDBDICTIONARYWDFLT
  5
B
102
{ACAD_REACTORS
330
C
102
}
330
C
100
AcDbDictionary
281
     1
  3
Normal
350
A
100
AcDbDictionaryWithDefault
340
A
  0
DICTIONARY
  5
5B
102
{ACAD_REACTORS
330
C
102
}
330
C
100
AcDbDictionary
281
     1
  3
A0
350
71
  3
A1
350
72
  3
A2
350
73
  3
A3
350
74
  3
A4
350
75
  3
A5
350
76
  3
A6
350
77
  3
A7
350
78
  3
A8
350
79
  3
A9
350
7A
  3
B0
350
7B
  3
B1
350
7C
  3
B2
350
7D
  3
B3
350
7E
  3
B4
350
7F
  3
B5
350
80
  3
B6
350
81
  3
B7
350
82
  3
B8
350
83
  3
B9
350
84
  3
C0
350
85
  3
C1
350
86
  3
C2
350
87
  3
C3
350
88
  3
C4
350
89
  3
C5
350
8A
  3
C6
350
8B
  3
C7
350
8C
  3
C8
350
8D
  3
C9
350
8E
  3
D0
350
8F
  3
D1
350
90
  3
D2
350
91
  0
DICTIONARY
  5
F16
102
{ACAD_REACTORS
330
C
102
}
330
C
100
AcDbDictionary
281
     1
  3
Imperial24
350
F17
  3
Metric50
350
F49
  0
DICTIONARY
  5
5C
102
{ACAD_REACTORS
330
C
102
}
330
C
100
AcDbDictionary
281
     1
  3
Standard
350
6D
  0
DICTIONARY
  5
2C
102
{ACAD_REACTORS
330
C
102
}
330
C
100
AcDbDictionary
281
     1
  3
2dWireframe
350
2B
  3
Basic
350
F05
  3
Brighten
350
F09
  3
ColorChange
350
F0D
  3
Conceptual
350
F07
  3
Dim
350
F08
  3
EdgeColorOff
350
119
  3
Facepattern
350
F0C
  3
Flat
350
F01
  3
FlatWithEdges
350
F02
  3
Gouraud
350
F03
  3
GouraudWithEdges
350
F04
  3
Hidden
350
F06
  3
JitterOff
350
F13
  3
Linepattern
350
F0B
  3
OverhangOff
350
F14
  3
Realistic
350
6F
  3
Shaded
350
F12
  3
Shaded with edges
350
F11
  3
Shades of Gray
350
F0E
  3
Sketchy
350
F0F
  3
Thicken
350
F0A
  3
Wireframe
350
70
  3
X-Ray
350
F10
  0
XRECORD
  5
FB5
102
{ACAD_REACTORS
330
C
102
}
330
C
100
AcDbXrecord
280
     1
 90
        1
330
6D
  0
DICTIONARY
  5
5E
102
{ACAD_REACTORS
330
C
102
}
330
C
100
AcDbDictionary
281
     1
  3
CANNOSCALE
350
5F
  3
CMLEADERSTYLE
350
60
  3
CTABLESTYLE
350
61
  3
CVIEWDETAILSTYLE
350
62
  3
CVIEWSECTIONSTYLE
350
63
  3
LAYEREVAL
350
64
  3
LAYERNOTIFY
350
65
  3
LIGHTINGUNITS
350
66
  3
MSLTSCALE
350
67
  0
DICTIONARY
  5
1D
102
{ACAD_REACTORS
330
1C
102
}
330
1C
100
AcDbDictionary
281
     1
  0
DICTIONARY
  5
1E
102
{ACAD_REACTORS
330
1C
102
}
330
1C
100
AcDbDictionary
281
     1
  0
DICTIONARY
  5
1F
102
{ACAD_REACTORS
330
1C
102
}
330
1C
100
AcDbDictionary
281
     1
1001
ACAD
1000
<All
  0
XRECORD
  5
9
102
{ACAD_REACTORS
330
8
102
}
330
8
100
AcDbXrecord
280
     1
290
     1
  0
XRECORD
  5
95
102
{ACAD_REACTORS
330
94
102
}
330
94
100
AcDbXrecord
280
     1
290
     1
  0
XRECORD
  5
146
102
{ACAD_REACTORS
330
145
102
}
330
145
100
AcDbXrecord
280
     1
290
     1
  0
XRECORD
  5
C84
102
{ACAD_REACTORS
330
C83
102
}
330
C83
100
AcDbXrecord
280
     1
290
     1
  0
XRECORD
  5
105
102
{ACAD_REACTORS
330
104
102
}
330
104
100
AcDbXrecord
280
     1
290
     1
  0
XRECORD
  5
ACE
102
{ACAD_REACTORS
330
ACD
102
}
330
ACD
100
AcDbXrecord
280
     1
290
     1
  0
XRECORD
  5
324
102
{ACAD_REACTORS
330
323
102
}
330
323
100
AcDbXrecord
280
     1
290
     1
  0
XRECORD
  5
9A
102
{ACAD_REACTORS
330
99
102
}
330
99
100
AcDbXrecord
280
     1
290
     1
  0
XRECORD
  5
960
102
{ACAD_REACTORS
330
95F
102
}
330
95F
100
AcDbXrecord
280
     1
290
     1
  0
XRECORD
  5
881
102
{ACAD_REACTORS
330
880
102
}
330
880
100
AcDbXrecord
280
     1
290
     1
  0
XRECORD
  5
B2
102
{ACAD_REACTORS
330
B1
102
}
330
B1
100
AcDbXrecord
280
     1
290
     1
  0
XRECORD
  5
951
102
{ACAD_REACTORS
330
950
102
}
330
950
100
AcDbXrecord
280
     1
290
     1
  0
XRECORD
  5
61D
102
{ACAD_REACTORS
330
61C
102
}
330
61C
100
AcDbXrecord
280
     1
290
     1
  0
XRECORD
  5
522
102
{ACAD_REACTORS
330
521
102
}
330
521
100
AcDbXrecord
280
     1
290
     1
  0
XRECORD
  5
15F
102
{ACAD_REACTORS
330
15E
102
}
330
15E
100
AcDbXrecord
280
     1
290
     1
  0
XRECORD
  5
A20
102
{ACAD_REACTORS
330
A1F
102
}
330
A1F
100
AcDbXrecord
280
     1
290
     1
  0
XRECORD
  5
975
102
{ACAD_REACTORS
330
974
102
}
330
974
100
AcDbXrecord
280
     1
290
     1
  0
XRECORD
  5
745
102
{ACAD_REACTORS
330
744
102
}
330
744
100
AcDbXrecord
280
     1
290
     1
  0
XRECORD
  5
100
102
{ACAD_REACTORS
330
FF
102
}
330
FF
100
AcDbXrecord
280
     1
290
     1
  0
XRECORD
  5
6A
102
{ACAD_REACTORS
330
69
102
}
330
69
100
AcDbXrecord
280
     1
290
     1
  0
XRECORD
  5
4
102
{ACAD_REACTORS
330
3
102
}
330
3
100
AcDbXrecord
280
     1
340
2
  0
SORTENTSTABLE
  5
EF7
102
{ACAD_REACTORS
330
3
102
}
330
3
100
AcDbSortentsTable
330
2
  0
XRECORD
  5
17
102
{ACAD_REACTORS
330
16
102
}
330
16
100
AcDbXrecord
280
     1
340
15
  0
SORTENTSTABLE
  5
EE4
102
{ACAD_REACTORS
330
3D
102
}
330
3D
100
AcDbSortentsTable
330
3C
  0
SORTENTSTABLE
  5
EEA
102
{ACAD_REACTORS
330
115
102
}
330
115
100
AcDbSortentsTable
330
114
  0
ACAD_EVALUATION_GRAPH
  5
2B6
102
{ACAD_REACTORS
330
2B5
102
}
330
2B5
100
AcDbEvalGraph
 96
       38
 97
       38
 91
        0
 93
       32
 95
        1
360
2B7
 92
        0
 92
        0
 92
        1
 92
        2
 91
        1
 93
       32
 95
        2
360
2B8
 92
       -1
 92
       -1
 92
        0
 92
        0
 91
        2
 93
       32
 95
        3
360
2B9
 92
        1
 92
        1
 92
       -1
 92
       -1
 91
        3
 93
       32
 95
        4
360
2BA
 92
        2
 92
        2
 92
       -1
 92
       -1
 91
        4
 93
       32
 95
        5
360
2BB
 92
       19
 92
       23
 92
       -1
 92
       -1
 91
        5
 93
       32
 95
       12
360
2BC
 92
        5
 92
        5
 92
        3
 92
        6
 91
        6
 93
       32
 95
       13
360
2BD
 92
       -1
 92
       -1
 92
        5
 92
        5
 91
        7
 93
       32
 95
       14
360
2BE
 92
        3
 92
        3
 92
       -1
 92
       -1
 91
        8
 93
       32
 95
       15
360
2BF
 92
        4
 92
        4
 92
       -1
 92
       -1
 91
        9
 93
       32
 95
       19
360
2C0
 92
        6
 92
       24
 92
       -1
 92
       -1
 91
       10
 93
       32
 95
       20
360
2C1
 92
        9
 92
        9
 92
        7
 92
       10
 91
       11
 93
       32
 95
       21
360
2C2
 92
       -1
 92
       -1
 92
        9
 92
        9
 91
       12
 93
       32
 95
       22
360
2C3
 92
        7
 92
        7
 92
       -1
 92
       -1
 91
       13
 93
       32
 95
       23
360
2C4
 92
        8
 92
        8
 92
       -1
 92
       -1
 91
       14
 93
       32
 95
       28
360
2C5
 92
       10
 92
       25
 92
       -1
 92
       -1
 91
       15
 93
       32
 95
       29
360
2C6
 92
       13
 92
       13
 92
       11
 92
       14
 91
       16
 93
       32
 95
       30
360
2C7
 92
       -1
 92
       -1
 92
       13
 92
       13
 91
       17
 93
       32
 95
       31
360
2C8
 92
       11
 92
       11
 92
       -1
 92
       -1
 91
       18
 93
       32
 95
       32
360
2C9
 92
       12
 92
       12
 92
       -1
 92
       -1
 91
       19
 93
       32
 95
       33
360
2CA
 92
       14
 92
       22
 92
       23
 92
       25
 91
       20
 93
       32
 95
       34
360
2CB
 92
       17
 92
       17
 92
       15
 92
       18
 91
       21
 93
       32
 95
       35
360
2CC
 92
       -1
 92
       -1
 92
       17
 92
       17
 91
       22
 93
       32
 95
       36
360
2CD
 92
       15
 92
       15
 92
       -1
 92
       -1
 91
       23
 93
       32
 95
       37
360
2CE
 92
       16
 92
       16
 92
       -1
 92
       -1
 91
       24
 93
       32
 95
       38
360
2CF
 92
       18
 92
       18
 92
       19
 92
       22
 92
        0
 93
        0
 94
        1
 91
        1
 91
        0
 92
       -1
 92
       -1
 92
       -1
 92
       -1
 92
       -1
 92
        1
 93
        0
 94
        1
 91
        0
 91
        2
 92
       -1
 92
       -1
 92
       -1
 92
        2
 92
       -1
 92
        2
 93
        0
 94
        1
 91
        0
 91
        3
 92
       -1
 92
       -1
 92
        1
 92
       -1
 92
       -1
 92
        3
 93
        0
 94
        1
 91
        5
 91
        7
 92
       -1
 92
       -1
 92
       -1
 92
        4
 92
       -1
 92
        4
 93
        0
 94
        1
 91
        5
 91
        8
 92
       -1
 92
       -1
 92
        3
 92
        6
 92
       -1
 92
        5
 93
        0
 94
        2
 91
        6
 91
        5
 92
       -1
 92
       -1
 92
       -1
 92
       -1
 92
       -1
 92
        6
 93
        0
 94
        4
 91
        5
 91
        9
 92
       -1
 92
       20
 92
        4
 92
       -1
 92
       -1
 92
        7
 93
        0
 94
        1
 91
       10
 91
       12
 92
       -1
 92
       -1
 92
       -1
 92
        8
 92
       -1
 92
        8
 93
        0
 94
        1
 91
       10
 91
       13
 92
       -1
 92
       -1
 92
        7
 92
       10
 92
       -1
 92
        9
 93
        0
 94
        2
 91
       11
 91
       10
 92
       -1
 92
       -1
 92
       -1
 92
       -1
 92
       -1
 92
       10
 93
        0
 94
        2
 91
       10
 91
       14
 92
       -1
 92
       21
 92
        8
 92
       -1
 92
       -1
 92
       11
 93
        0
 94
        1
 91
       15
 91
       17
 92
       -1
 92
       -1
 92
       -1
 92
       12
 92
       -1
 92
       12
 93
        0
 94
        1
 91
       15
 91
       18
 92
       -1
 92
       -1
 92
       11
 92
       14
 92
       -1
 92
       13
 93
        0
 94
        2
 91
       16
 91
       15
 92
       -1
 92
       -1
 92
       -1
 92
       -1
 92
       -1
 92
       14
 93
        0
 94
        2
 91
       15
 91
       19
 92
       -1
 92
       22
 92
       12
 92
       -1
 92
       -1
 92
       15
 93
        0
 94
        1
 91
       20
 91
       22
 92
       -1
 92
       -1
 92
       -1
 92
       16
 92
       -1
 92
       16
 93
        0
 94
        1
 91
       20
 91
       23
 92
       -1
 92
       -1
 92
       15
 92
       18
 92
       -1
 92
       17
 93
        0
 94
        2
 91
       21
 91
       20
 92
       -1
 92
       -1
 92
       -1
 92
       -1
 92
       -1
 92
       18
 93
        0
 94
        2
 91
       20
 91
       24
 92
       -1
 92
       -1
 92
       16
 92
       -1
 92
       -1
 92
       19
 93
        0
 94
        1
 91
       24
 91
        4
 92
       -1
 92
       23
 92
       -1
 92
       20
 92
       -1
 92
       20
 93
        0
 94
        1
 91
       24
 91
        9
 92
        6
 92
       24
 92
       19
 92
       21
 92
       -1
 92
       21
 93
        0
 94
        1
 91
       24
 91
       14
 92
       10
 92
       25
 92
       20
 92
       22
 92
       -1
 92
       22
 93
        0
 94
        1
 91
       24
 91
       19
 92
       14
 92
       -1
 92
       21
 92
       -1
 92
       -1
 92
       23
 93
        0
 94
        1
 91
       19
 91
        4
 92
       19
 92
       -1
 92
       -1
 92
       24
 92
       -1
 92
       24
 93
        0
 94
        1
 91
       19
 91
        9
 92
       20
 92
       -1
 92
       23
 92
       25
 92
       -1
 92
       25
 93
        0
 94
        1
 91
       19
 91
       14
 92
       21
 92
       -1
 92
       24
 92
       -1
 92
       -1
1001
ACAD
1000
AcRTDxfName
1000
ACAD_EVALUATION_GRAPH
  0
SORTENTSTABLE
  5
EF3
102
{ACAD_REACTORS
330
2B5
102
}
330
2B5
100
AcDbSortentsTable
330
2B4
  0
ACDB_DYNAMICBLOCKPURGEPREVENTER_VERSION
  5
2D1
102
{ACAD_REACTORS
330
2B5
102
}
330
2B5
100
AcDbDynamicBlockPurgePreventer
 70
     1
1001
ACAD
1000
AcRTDxfName
1000
ACDB_DYNAMICBLOCKPURGEPREVENTER_VERSION
  0
SORTENTSTABLE
  5
EF0
102
{ACAD_REACTORS
330
C9C
102
}
330
C9C
100
AcDbSortentsTable
330
C9B
  0
SORTENTSTABLE
  5
EF2
102
{ACAD_REACTORS
330
6CD
102
}
330
6CD
100
AcDbSortentsTable
330
6CC
  0
SORTENTSTABLE
  5
EF6
102
{ACAD_REACTORS
330
35
102
}
330
35
100
AcDbSortentsTable
330
34
  0
SORTENTSTABLE
  5
EEE
102
{ACAD_REACTORS
330
CB0
102
}
330
CB0
100
AcDbSortentsTable
330
CAF
  0
SORTENTSTABLE
  5
EE7
102
{ACAD_REACTORS
330
B4
102
}
330
B4
100
AcDbSortentsTable
330
B3
  0
SORTENTSTABLE
  5
EEB
102
{ACAD_REACTORS
330
68C
102
}
330
68C
100
AcDbSortentsTable
330
68B
  0
SORTENTSTABLE
  5
EF5
102
{ACAD_REACTORS
330
883
102
}
330
883
100
AcDbSortentsTable
330
882
  0
SORTENTSTABLE
  5
EED
102
{ACAD_REACTORS
330
A8F
102
}
330
A8F
100
AcDbSortentsTable
330
A8E
  0
SORTENTSTABLE
  5
EEC
102
{ACAD_REACTORS
330
326
102
}
330
326
100
AcDbSortentsTable
330
325
  0
SORTENTSTABLE
  5
EEF
102
{ACAD_REACTORS
330
4F5
102
}
330
4F5
100
AcDbSortentsTable
330
4F4
  0
SORTENTSTABLE
  5
EF4
102
{ACAD_REACTORS
330
977
102
}
330
977
100
AcDbSortentsTable
330
976
  0
SORTENTSTABLE
  5
EE6
102
{ACAD_REACTORS
330
34B
102
}
330
34B
100
AcDbSortentsTable
330
34A
  0
SORTENTSTABLE
  5
EE9
102
{ACAD_REACTORS
330
9F5
102
}
330
9F5
100
AcDbSortentsTable
330
9F4
  0
SORTENTSTABLE
  5
EE8
102
{ACAD_REACTORS
330
CD1
102
}
330
CD1
100
AcDbSortentsTable
330
CD0
  0
SORTENTSTABLE
  5
EE5
102
{ACAD_REACTORS
330
706
102
}
330
706
100
AcDbSortentsTable
330
705
  0
SORTENTSTABLE
  5
EF1
102
{ACAD_REACTORS
330
2EA
102
}
330
2EA
100
AcDbSortentsTable
330
2E9
  0
DICTIONARY
  5
2B2
102
{ACAD_REACTORS
330
2B1
102
}
330
2B1
100
AcDbDictionary
280
     1
281
     1
  3
AcDbRepData
360
2B3
  3
AppDataCache
360
2DC
  0
DICTIONARY
  5
6F6
102
{ACAD_REACTORS
330
6F5
102
}
330
6F5
100
AcDbDictionary
280
     1
281
     1
  3
AcDbRepData
360
6F7
  3
AppDataCache
360
6F8
  0
DICTIONARY
  5
92C
102
{ACAD_REACTORS
330
92B
102
}
330
92B
100
AcDbDictionary
280
     1
281
     1
  3
AcDbRepData
360
92D
  3
AppDataCache
360
92E
  0
DICTIONARY
  5
93E
102
{ACAD_REACTORS
330
93D
102
}
330
93D
100
AcDbDictionary
280
     1
281
     1
  3
AcDbRepData
360
93F
  3
AppDataCache
360
940
  0
DICTIONARY
  5
9AE
102
{ACAD_REACTORS
330
9AD
102
}
330
9AD
100
AcDbDictionary
280
     1
281
     1
  3
AcDbRepData
360
9AF
  3
AppDataCache
360
9B0
  0
DICTIONARY
  5
9D6
102
{ACAD_REACTORS
330
9D5
102
}
330
9D5
100
AcDbDictionary
280
     1
281
     1
  3
AcDbRepData
360
9D7
  3
AppDataCache
360
9D8
  0
DICTIONARY
  5
A41
102
{ACAD_REACTORS
330
A40
102
}
330
A40
100
AcDbDictionary
280
     1
281
     1
  3
AcDbRepData
360
A42
  3
AppDataCache
360
A43
  0
DICTIONARY
  5
A53
102
{ACAD_REACTORS
330
A52
102
}
330
A52
100
AcDbDictionary
280
     1
281
     1
  3
AcDbRepData
360
A54
  3
AppDataCache
360
A55
  0
ACDBDETAILVIEWSTYLE
  5
F19
102
{ACAD_REACTORS
330
F18
102
}
330
F18
100
AcDbModelDocViewStyle
 70
     0
  3
Imperial24
290
     0
300
Imperial24
 90
        0
100
AcDbDetailViewStyle
 70
     0
 71
     0
 90
        3
 71
     1
340
22
 62
   256
 40
0.24
340
0
 62
   256
 40
0.24
300

 40
0.36
280
     3
 71
     2
340
F
 90
       25
 62
   256
 71
     3
340
22
 62
   256
 40
0.24
 90
        1
 40
0.75
 90
        1
300
%<\AcVar ViewType \f "%tc1">% %<\AcVar ViewDetailId>%\PSCALE %<\AcVar ViewScale \f "%sn">%
 71
     4
340
F
 90
       25
 62
   256
340
F
 90
       25
 62
   256
280
     0
  0
ACDBDETAILVIEWSTYLE
  5
F4A
102
{ACAD_REACTORS
330
F18
102
}
330
F18
100
AcDbModelDocViewStyle
 70
     0
  3
Metric50
290
     0
300
Metric50
 90
        0
100
AcDbDetailViewStyle
 70
     0
 71
     0
 90
        3
 71
     1
340
22
 62
   256
 40
5.0
340
0
 62
   256
 40
5.0
300

 40
0.0
280
     1
 71
     2
340
F
 90
       25
 62
   256
 71
     3
340
22
 62
   256
 40
5.0
 90
        0
 40
15.0
 90
        1
300
%<\AcVar ViewDetailId>% (%<\AcVar ViewScale \f "%sn">%)
 71
     4
340
F
 90
       25
 62
   256
340
F
 90
       25
 62
   256
280
     0
  0
LAYOUT
  5
12
102
{ACAD_REACTORS
330
13
102
}
330
13
100
AcDbPlotSettings
  1

  2
\\Hp-9\HP LaserJet 5100 PCL 6
  4
A3
  6

 40
4.233333110809326
 41
4.233341693878172
 42
4.23333740234375
 43
4.23333740234375
 44
296.9259948730469
 45
419.9466552734373
 46
0.0
 47
1.817523780611734
 48
810476.6629604773
 49
-1164706.289428389
140
1037233.658237302
141
-1004326.289428389
142
1.0
143
555.9882675170626
 70
  3764
 72
     1
 73
     1
 74
     4
  7
户型索引.ctb
 75
     0
147
0.0017985991043764
 76
     1
 77
     2
 78
   300
148
-810476.6629604773
149
1164706.289428389
100
AcDbLayout
  1
Model
 70
     1
 71
     0
 10
0.0
 20
0.0
 11
12.0
 21
9.0
 12
0.0
 22
0.0
 32
0.0
 14
0.0
 24
0.0
 34
0.0
 15
0.0
 25
0.0
 35
0.0
146
0.0
 13
0.0
 23
0.0
 33
0.0
 16
1.0
 26
0.0
 36
0.0
 17
0.0
 27
1.0
 37
0.0
 76
     0
330
2
331
2A
1001
ACAD_PSEXT
1000
\\Hp-9\HP LaserJet 5100 PCL 6
1000
HP LaserJet 5100 PCL 6
1000
\\Hp-9
1000

1070
     0
  0
LAYOUT
  5
1A
102
{ACAD_REACTORS
330
13
102
}
330
13
100
AcDbPlotSettings
  1

  2
\\HP-9\HP-9
  4

  6

 40
0.0
 41
0.0
 42
0.0
 43
0.0
 44
0.0
 45
0.0
 46
0.0
 47
0.0
 48
0.0
 49
0.0
140
0.0
141
0.0
142
1.0
143
1.0
 70
   688
 72
     0
 73
     0
 74
     5
  7
鹏基户型.ctb
 75
    16
147
1.0
 76
     0
 77
     2
 78
   300
148
0.0
149
0.0
100
AcDbLayout
  1
布局1
 70
     1
 71
     1
 10
0.0
 20
0.0
 11
12.0
 21
9.0
 12
0.0
 22
0.0
 32
0.0
 14
1.000000000000000E+20
 24
1.000000000000000E+20
 34
1.000000000000000E+20
 15
-1.000000000000000E+20
 25
-1.000000000000000E+20
 35
-1.000000000000000E+20
146
0.0
 13
0.0
 23
0.0
 33
0.0
 16
1.0
 26
0.0
 36
0.0
 17
0.0
 27
1.0
 37
0.0
 76
     0
330
15
  0
MATERIAL
  5
52
102
{ACAD_XDICTIONARY
360
53
102
}
102
{ACAD_REACTORS
330
E
102
}
330
E
100
AcDbMaterial
  1
ByBlock
 72
     0
 43
0.0208333333333333
 43
0.0
 43
0.0
 43
0.0
 43
0.0
 43
0.0208333333333333
 43
0.0
 43
0.0
 43
0.0
 43
0.0
 43
1.0
 43
0.0
 43
0.0
 43
0.0
 43
0.0
 43
1.0
 77
     0
 47
0.0208333333333333
 47
0.0
 47
0.0
 47
0.0
 47
0.0
 47
0.0208333333333333
 47
0.0
 47
0.0
 47
0.0
 47
0.0
 47
1.0
 47
0.0
 47
0.0
 47
0.0
 47
0.0
 47
1.0
171
     0
 49
0.0208333333333333
 49
0.0
 49
0.0
 49
0.0
 49
0.0
 49
0.0208333333333333
 49
0.0
 49
0.0
 49
0.0
 49
0.0
 49
1.0
 49
0.0
 49
0.0
 49
0.0
 49
0.0
 49
1.0
175
     0
142
0.0208333333333333
142
0.0
142
0.0
142
0.0
142
0.0
142
0.0208333333333333
142
0.0
142
0.0
142
0.0
142
0.0
142
1.0
142
0.0
142
0.0
142
0.0
142
0.0
142
1.0
179
     0
144
0.0208333333333333
144
0.0
144
0.0
144
0.0
144
0.0
144
0.0208333333333333
144
0.0
144
0.0
144
0.0
144
0.0
144
1.0
144
0.0
144
0.0
144
0.0
144
0.0
144
1.0
147
0.0208333333333333
147
0.0
147
0.0
147
0.0
147
0.0
147
0.0208333333333333
147
0.0
147
0.0
147
0.0
147
0.0
147
1.0
147
0.0
147
0.0
147
0.0
147
0.0
147
1.0
  0
MATERIAL
  5
4A
102
{ACAD_XDICTIONARY
360
4B
102
}
102
{ACAD_REACTORS
330
E
102
}
330
E
100
AcDbMaterial
  1
ByLayer
 72
     0
 43
0.0208333333333333
 43
0.0
 43
0.0
 43
0.0
 43
0.0
 43
0.0208333333333333
 43
0.0
 43
0.0
 43
0.0
 43
0.0
 43
1.0
 43
0.0
 43
0.0
 43
0.0
 43
0.0
 43
1.0
 77
     0
 47
0.0208333333333333
 47
0.0
 47
0.0
 47
0.0
 47
0.0
 47
0.0208333333333333
 47
0.0
 47
0.0
 47
0.0
 47
0.0
 47
1.0
 47
0.0
 47
0.0
 47
0.0
 47
0.0
 47
1.0
171
     0
 49
0.0208333333333333
 49
0.0
 49
0.0
 49
0.0
 49
0.0
 49
0.0208333333333333
 49
0.0
 49
0.0
 49
0.0
 49
0.0
 49
1.0
 49
0.0
 49
0.0
 49
0.0
 49
0.0
 49
1.0
175
     0
142
0.0208333333333333
142
0.0
142
0.0
142
0.0
142
0.0
142
0.0208333333333333
142
0.0
142
0.0
142
0.0
142
0.0
142
1.0
142
0.0
142
0.0
142
0.0
142
0.0
142
1.0
179
     0
144
0.0208333333333333
144
0.0
144
0.0
144
0.0
144
0.0
144
0.0208333333333333
144
0.0
144
0.0
144
0.0
144
0.0
144
1.0
144
0.0
144
0.0
144
0.0
144
0.0
144
1.0
147
0.0208333333333333
147
0.0
147
0.0
147
0.0
147
0.0
147
0.0208333333333333
147
0.0
147
0.0
147
0.0
147
0.0
147
1.0
147
0.0
147
0.0
147
0.0
147
0.0
147
1.0
  0
MATERIAL
  5
D
102
{ACAD_REACTORS
330
E
102
}
330
E
100
AcDbMaterial
  1
Global
 73
     1
 78
     1
172
     1
176
     1
270
     1
274
     1
  0
MLEADERSTYLE
  5
F48
102
{ACAD_REACTORS
330
5D
102
}
330
5D
100
AcDbMLeaderStyle
179
     2
170
     2
171
     1
172
     0
 90
        2
 40
0.0
 41
0.0
173
     1
 91
-1056964608
340
25
 92
       -2
290
     1
 42
2.0
291
     1
 43
8.0
  3
Standard
 44
4.0
300

342
22
174
     1
178
     1
175
     1
176
     0
 93
-1056964608
 45
4.0
292
     0
297
     0
 46
4.0
 94
-1056964608
 47
1.0
 49
1.0
140
1.0
293
     1
141
0.0
294
     1
177
     0
142
1.0
295
     0
296
     1
143
3.75
271
     0
272
     9
273
     9
298
     0
  0
MLEADERSTYLE
  5
F15
102
{ACAD_REACTORS
330
5D
102
}
330
5D
100
AcDbMLeaderStyle
179
     2
170
     2
171
     1
172
     0
 90
        2
 40
0.0
 41
0.0
173
     1
 91
-1056964608
340
25
 92
       -2
290
     1
 42
0.09
291
     1
 43
0.36
  3
Standard
 44
0.18
300

342
22
174
     1
178
     6
175
     1
176
     0
 93
-1056964608
 45
0.18
292
     0
297
     0
 46
0.18
 94
-1056964608
 47
1.0
 49
1.0
140
1.0
293
     1
141
0.0
294
     1
177
     0
142
1.0
295
     0
296
     0
143
0.125
271
     0
272
     9
273
     9
298
     1
  0
MLINESTYLE
  5
6C
102
{ACAD_REACTORS
330
48
102
}
330
48
100
AcDbMlineStyle
  2
STANDARD
 70
     0
  3

 62
     0
 51
90.0
 52
90.0
 71
     2
 49
0.5
 62
   256
  6
BYLAYER
 49
-0.5
 62
   256
  6
BYLAYER
  0
ACDBPLACEHOLDER
  5
A
102
{ACAD_REACTORS
330
B
102
}
330
B
  0
SCALE
  5
71
102
{ACAD_REACTORS
330
5B
102
}
330
5B
100
AcDbScale
 70
     0
300
1:1
140
1.0
141
1.0
290
     1
  0
SCALE
  5
72
102
{ACAD_REACTORS
330
5B
102
}
330
5B
100
AcDbScale
 70
     0
300
1:2
140
1.0
141
2.0
290
     0
  0
SCALE
  5
73
102
{ACAD_REACTORS
330
5B
102
}
330
5B
100
AcDbScale
 70
     0
300
1:4
140
1.0
141
4.0
290
     0
  0
SCALE
  5
74
102
{ACAD_REACTORS
330
5B
102
}
330
5B
100
AcDbScale
 70
     0
300
1:5
140
1.0
141
5.0
290
     0
  0
SCALE
  5
75
102
{ACAD_REACTORS
330
5B
102
}
330
5B
100
AcDbScale
 70
     0
300
1:8
140
1.0
141
8.0
290
     0
  0
SCALE
  5
76
102
{ACAD_REACTORS
330
5B
102
}
330
5B
100
AcDbScale
 70
     0
300
1:10
140
1.0
141
10.0
290
     0
  0
SCALE
  5
77
102
{ACAD_REACTORS
330
5B
102
}
330
5B
100
AcDbScale
 70
     0
300
1:16
140
1.0
141
16.0
290
     0
  0
SCALE
  5
78
102
{ACAD_REACTORS
330
5B
102
}
330
5B
100
AcDbScale
 70
     0
300
1:20
140
1.0
141
20.0
290
     0
  0
SCALE
  5
79
102
{ACAD_REACTORS
330
5B
102
}
330
5B
100
AcDbScale
 70
     0
300
1:30
140
1.0
141
30.0
290
     0
  0
SCALE
  5
7A
102
{ACAD_REACTORS
330
5B
102
}
330
5B
100
AcDbScale
 70
     0
300
1:40
140
1.0
141
40.0
290
     0
  0
SCALE
  5
7B
102
{ACAD_REACTORS
330
5B
102
}
330
5B
100
AcDbScale
 70
     0
300
1:50
140
1.0
141
50.0
290
     0
  0
SCALE
  5
7C
102
{ACAD_REACTORS
330
5B
102
}
330
5B
100
AcDbScale
 70
     0
300
1:100
140
1.0
141
100.0
290
     0
  0
SCALE
  5
7D
102
{ACAD_REACTORS
330
5B
102
}
330
5B
100
AcDbScale
 70
     0
300
2:1
140
2.0
141
1.0
290
     0
  0
SCALE
  5
7E
102
{ACAD_REACTORS
330
5B
102
}
330
5B
100
AcDbScale
 70
     0
300
4:1
140
4.0
141
1.0
290
     0
  0
SCALE
  5
7F
102
{ACAD_REACTORS
330
5B
102
}
330
5B
100
AcDbScale
 70
     0
300
8:1
140
8.0
141
1.0
290
     0
  0
SCALE
  5
80
102
{ACAD_REACTORS
330
5B
102
}
330
5B
100
AcDbScale
 70
     0
300
10:1
140
10.0
141
1.0
290
     0
  0
SCALE
  5
81
102
{ACAD_REACTORS
330
5B
102
}
330
5B
100
AcDbScale
 70
     0
300
100:1
140
100.0
141
1.0
290
     0
  0
SCALE
  5
82
102
{ACAD_REACTORS
330
5B
102
}
330
5B
100
AcDbScale
 70
     0
300
1/128" = 1'-0"
140
0.0078125
141
12.0
290
     0
  0
SCALE
  5
83
102
{ACAD_REACTORS
330
5B
102
}
330
5B
100
AcDbScale
 70
     0
300
1/64" = 1'-0"
140
0.015625
141
12.0
290
     0
  0
SCALE
  5
84
102
{ACAD_REACTORS
330
5B
102
}
330
5B
100
AcDbScale
 70
     0
300
1/32" = 1'-0"
140
0.03125
141
12.0
290
     0
  0
SCALE
  5
85
102
{ACAD_REACTORS
330
5B
102
}
330
5B
100
AcDbScale
 70
     0
300
1/16" = 1'-0"
140
0.0625
141
12.0
290
     0
  0
SCALE
  5
86
102
{ACAD_REACTORS
330
5B
102
}
330
5B
100
AcDbScale
 70
     0
300
3/32" = 1'-0"
140
0.09375
141
12.0
290
     0
  0
SCALE
  5
87
102
{ACAD_REACTORS
330
5B
102
}
330
5B
100
AcDbScale
 70
     0
300
1/8" = 1'-0"
140
0.125
141
12.0
290
     0
  0
SCALE
  5
88
102
{ACAD_REACTORS
330
5B
102
}
330
5B
100
AcDbScale
 70
     0
300
3/16" = 1'-0"
140
0.1875
141
12.0
290
     0
  0
SCALE
  5
89
102
{ACAD_REACTORS
330
5B
102
}
330
5B
100
AcDbScale
 70
     0
300
1/4" = 1'-0"
140
0.25
141
12.0
290
     0
  0
SCALE
  5
8A
102
{ACAD_REACTORS
330
5B
102
}
330
5B
100
AcDbScale
 70
     0
300
3/8" = 1'-0"
140
0.375
141
12.0
290
     0
  0
SCALE
  5
8B
102
{ACAD_REACTORS
330
5B
102
}
330
5B
100
AcDbScale
 70
     0
300
1/2" = 1'-0"
140
0.5
141
12.0
290
     0
  0
SCALE
  5
8C
102
{ACAD_REACTORS
330
5B
102
}
330
5B
100
AcDbScale
 70
     0
300
3/4" = 1'-0"
140
0.75
141
12.0
290
     0
  0
SCALE
  5
8D
102
{ACAD_REACTORS
330
5B
102
}
330
5B
100
AcDbScale
 70
     0
300
1" = 1'-0"
140
1.0
141
12.0
290
     0
  0
SCALE
  5
8E
102
{ACAD_REACTORS
330
5B
102
}
330
5B
100
AcDbScale
 70
     0
300
1-1/2" = 1'-0"
140
1.5
141
12.0
290
     0
  0
SCALE
  5
8F
102
{ACAD_REACTORS
330
5B
102
}
330
5B
100
AcDbScale
 70
     0
300
3" = 1'-0"
140
3.0
141
12.0
290
     0
  0
SCALE
  5
90
102
{ACAD_REACTORS
330
5B
102
}
330
5B
100
AcDbScale
 70
     0
300
6" = 1'-0"
140
6.0
141
12.0
290
     0
  0
SCALE
  5
91
102
{ACAD_REACTORS
330
5B
102
}
330
5B
100
AcDbScale
 70
     0
300
1'-0" = 1'-0"
140
12.0
141
12.0
290
     0
  0
ACDBSECTIONVIEWSTYLE
  5
F17
102
{ACAD_REACTORS
330
F16
102
}
330
F16
100
AcDbModelDocViewStyle
 70
     0
  3
Imperial24
290
     0
300
Imperial24
 90
        0
100
AcDbSectionViewStyle
 70
     0
 71
     0
 90
       78
 71
     1
340
22
 62
   256
 40
0.24
340
0
340
0
 62
   256
 40
0.24
300
I, O, Q, S, X, Z
 40
0.48
 90
        3
 40
0.18
 90
        1
 71
     2
340
F
 90
       25
 62
   256
340
F
 90
       50
 62
   256
 40
0.24
 40
0.0
 40
0.24
 71
     3
340
22
 62
   256
 40
0.24
 90
        1
 40
0.75
 90
        1
300
%<\AcVar ViewType \f "%tc1">% %<\AcVar ViewSectionStartId>%-%<\AcVar ViewSectionEndId>%\PSCALE %<\AcVar ViewScale \f "%sn">%
 71
     4
 62
   256
 62
   257
300
ANSI31
 40
1.0
 90
        0
290
     0
290
     0
 90
        6
 40
0.0
 40
1.570796326794896
 40
0.2617993877991494
 40
1.308996938995747
 40
-0.2617993877991494
 40
1.832595714594044
  0
ACDBSECTIONVIEWSTYLE
  5
F49
102
{ACAD_REACTORS
330
F16
102
}
330
F16
100
AcDbModelDocViewStyle
 70
     0
  3
Metric50
290
     0
300
Metric50
 90
        0
100
AcDbSectionViewStyle
 70
     0
 71
     0
 90
      102
 71
     1
340
22
 62
   256
 40
5.0
340
0
340
0
 62
   256
 40
5.0
300
I, O, Q, S, X, Z
 40
10.0
 90
        0
 40
2.5
 90
        0
 71
     2
340
F
 90
       25
 62
   256
340
F
 90
       50
 62
   256
 40
5.0
 40
2.5
 40
5.0
 71
     3
340
22
 62
   256
 40
5.0
 90
        0
 40
15.0
 90
        1
300
%<\AcVar ViewSectionStartId>%-%<\AcVar ViewSectionEndId>% (%<\AcVar ViewScale \f "%sn">%)
 71
     4
 62
   256
 62
   257
300
ANSI31
 40
1.0
 90
        0
290
     0
290
     0
 90
        6
 40
0.0
 40
1.570796326794896
 40
0.2617993877991494
 40
1.308996938995747
 40
-0.2617993877991494
 40
1.832595714594045
  0
TABLESTYLE
  5
6D
102
{ACAD_XDICTIONARY
360
6E
102
}
102
{ACAD_REACTORS
330
5C
102
}
330
5C
100
AcDbTableStyle
280
     0
  3
Standard
 70
     0
 71
     0
 40
0.06
 41
0.06
280
     0
281
     0
  7
STANDARD
140
0.18
170
     2
 62
     0
 63
     7
283
     0
 90
        4
 91
        0
  1

274
    -2
284
     1
 64
     0
275
    -2
285
     1
 65
     0
276
    -2
286
     1
 66
     0
277
    -2
287
     1
 67
     0
278
    -2
288
     1
 68
     0
279
    -2
289
     1
 69
     0
  7
STANDARD
140
0.25
170
     5
 62
     0
 63
     7
283
     0
 90
        4
 91
        0
  1

274
    -2
284
     1
 64
     0
275
    -2
285
     1
 65
     0
276
    -2
286
     1
 66
     0
277
    -2
287
     1
 67
     0
278
    -2
288
     1
 68
     0
279
    -2
289
     1
 69
     0
  7
STANDARD
140
0.18
170
     5
 62
     0
 63
     7
283
     0
 90
        4
 91
        0
  1

274
    -2
284
     1
 64
     0
275
    -2
285
     1
 65
     0
276
    -2
286
     1
 66
     0
277
    -2
287
     1
 67
     0
278
    -2
288
     1
 68
     0
279
    -2
289
     1
 69
     0
1001
ACAD
1000
AcRTDxfName
1000
TABLESTYLE
  0
VISUALSTYLE
  5
2B
102
{ACAD_REACTORS
330
2C
102
}
330
2C
100
AcDbVisualStyle
  2
2dWireframe
 70
     4
177
     3
291
     0
 70
    58
 90
        0
176
     1
 90
        2
176
     1
 90
        0
176
     1
 90
        0
176
     1
 40
0.6
176
     1
 40
30.0
176
     1
 62
     7
420
 16777215
176
     1
 90
        1
176
     1
 90
        4
176
     1
 62
     7
176
     1
 62
   257
176
     1
 90
        1
176
     1
 90
        1
176
     1
 40
1.0
176
     1
 90
        0
176
     1
 62
   257
176
     1
 40
1.0
176
     1
 90
        1
176
     1
 90
        6
176
     1
 90
        2
176
     1
 62
     7
176
     1
 90
        5
176
     1
 90
        0
176
     1
 90
        0
176
     1
290
     0
176
     1
 90
        1
176
     1
 40
0.0
176
     1
 90
        0
176
     1
290
     1
176
     1
290
     1
176
     1
290
     0
176
     1
290
     0
176
     1
290
     0
176
     1
290
     0
176
     1
290
     0
176
     1
290
     0
176
     1
290
     0
176
     1
 90
       50
176
     1
 40
0.0
176
     1
 40
1.0
176
     1
 90
        0
176
     1
 62
    18
176
     1
 90
       50
176
     1
 90
        3
176
     1
 62
     5
420
      255
176
     1
290
     0
176
     1
 90
       50
176
     1
 90
       50
176
     1
 90
       50
176
     1
290
     0
176
     1
 90
       50
176
     1
 62
   256
176
     0
 40
1.0
176
     0
 90
        2
176
     1
  1
strokes_ogs.tif
176
     1
290
     0
176
     1
 40
1.0
176
     1
 40
1.0
176
     1
  0
VISUALSTYLE
  5
F05
102
{ACAD_REACTORS
330
2C
102
}
330
2C
100
AcDbVisualStyle
  2
Basic
 70
     7
177
     3
291
     1
 70
    58
 90
        1
176
     1
 90
        0
176
     1
 90
        1
176
     1
 90
        0
176
     1
 40
0.6
176
     1
 40
30.0
176
     1
 62
     7
420
 16777215
176
     1
 90
        0
176
     1
 90
        4
176
     1
 62
     7
176
     1
 62
   257
176
     1
 90
        1
176
     1
 90
        1
176
     1
 40
1.0
176
     1
 90
        8
176
     1
 62
     7
176
     1
 40
1.0
176
     1
 90
        1
176
     1
 90
        6
176
     1
 90
        2
176
     1
 62
     7
176
     1
 90
        5
176
     1
 90
        0
176
     1
 90
        0
176
     1
290
     0
176
     1
 90
        1
176
     1
 40
0.0
176
     1
 90
        0
176
     1
290
     0
176
     1
290
     1
176
     1
290
     1
176
     1
290
     0
176
     1
290
     0
176
     1
290
     0
176
     1
290
     0
176
     1
290
     0
176
     1
290
     0
176
     1
 90
       50
176
     1
 40
0.0
176
     1
 40
1.0
176
     1
 90
        0
176
     1
 62
    18
176
     1
 90
       50
176
     1
 90
        3
176
     1
 62
     5
420
      255
176
     1
290
     0
176
     1
 90
       50
176
     1
 90
       50
176
     1
 90
       50
176
     1
290
     0
176
     1
 90
       50
176
     1
 62
   256
176
     0
 40
1.0
176
     0
 90
        2
176
     1
  1
strokes_ogs.tif
176
     1
290
     0
176
     1
 40
1.0
176
     1
 40
1.0
176
     1
  0
VISUALSTYLE
  5
F09
102
{ACAD_REACTORS
330
2C
102
}
330
2C
100
AcDbVisualStyle
  2
Brighten
 70
    12
177
     3
291
     1
 70
    58
 90
        2
176
     1
 90
        2
176
     1
 90
        0
176
     1
 90
        0
176
     1
 40
0.6
176
     1
 40
30.0
176
     1
 62
     7
420
 16777215
176
     1
 90
        1
176
     1
 90
        4
176
     1
 62
     7
176
     1
 62
   257
176
     1
 90
        1
176
     1
 90
        1
176
     1
 40
1.0
176
     1
 90
        8
176
     1
 62
     7
176
     1
 40
1.0
176
     1
 90
        1
176
     1
 90
        6
176
     1
 90
        2
176
     1
 62
     7
176
     1
 90
        5
176
     1
 90
        0
176
     1
 90
        0
176
     1
290
     0
176
     1
 90
        1
176
     1
 40
50.0
176
     1
 90
        0
176
     1
290
     0
176
     1
290
     1
176
     1
290
     1
176
     1
290
     0
176
     1
290
     0
176
     1
290
     0
176
     1
290
     0
176
     1
290
     0
176
     1
290
     0
176
     1
 90
       50
176
     1
 40
0.0
176
     1
 40
1.0
176
     1
 90
        0
176
     1
 62
    18
176
     1
 90
       50
176
     1
 90
        3
176
     1
 62
     5
420
      255
176
     1
290
     0
176
     1
 90
       50
176
     1
 90
       50
176
     1
 90
       50
176
     1
290
     0
176
     1
 90
       50
176
     1
 62
   256
176
     0
 40
1.0
176
     0
 90
        2
176
     1
  1
strokes_ogs.tif
176
     1
290
     0
176
     1
 40
1.0
176
     1
 40
1.0
176
     1
  0
VISUALSTYLE
  5
F0D
102
{ACAD_REACTORS
330
2C
102
}
330
2C
100
AcDbVisualStyle
  2
ColorChange
 70
    16
177
     3
291
     1
 70
    58
 90
        2
176
     1
 90
        2
176
     1
 90
        3
176
     1
 90
        0
176
     1
 40
0.6
176
     1
 40
30.0
176
     1
 62
     8
420
  8421504
176
     1
 90
        1
176
     1
 90
        4
176
     1
 62
     7
176
     1
 62
   257
176
     1
 90
        1
176
     1
 90
        1
176
     1
 40
1.0
176
     1
 90
        8
176
     1
 62
     8
420
  8421504
176
     1
 40
1.0
176
     1
 90
        1
176
     1
 90
        6
176
     1
 90
        2
176
     1
 62
     7
176
     1
 90
        5
176
     1
 90
        0
176
     1
 90
        0
176
     1
290
     0
176
     1
 90
        1
176
     1
 40
0.0
176
     1
 90
        0
176
     1
290
     0
176
     1
290
     1
176
     1
290
     1
176
     1
290
     0
176
     1
290
     0
176
     1
290
     0
176
     1
290
     0
176
     1
290
     0
176
     1
290
     0
176
     1
 90
       50
176
     1
 40
0.0
176
     1
 40
1.0
176
     1
 90
        0
176
     1
 62
    18
176
     1
 90
       50
176
     1
 90
        3
176
     1
 62
     5
420
      255
176
     1
290
     0
176
     1
 90
       50
176
     1
 90
       50
176
     1
 90
       50
176
     1
290
     0
176
     1
 90
       50
176
     1
 62
   256
176
     0
 40
1.0
176
     0
 90
        2
176
     1
  1
strokes_ogs.tif
176
     1
290
     0
176
     1
 40
1.0
176
     1
 40
1.0
176
     1
  0
VISUALSTYLE
  5
F07
102
{ACAD_REACTORS
330
2C
102
}
330
2C
100
AcDbVisualStyle
  2
Conceptual
 70
     9
177
     3
291
     0
 70
    58
 90
        3
176
     1
 90
        2
176
     1
 90
        0
176
     1
 90
        0
176
     1
 40
0.6
176
     1
 40
30.0
176
     1
 62
     7
420
 16777215
176
     1
 90
        2
176
     1
 90
        2
176
     1
 62
     7
176
     1
 62
   257
176
     1
 90
        1
176
     1
 90
        1
176
     1
 40
179.0
176
     1
 90
        8
176
     1
 62
     7
176
     1
 40
1.0
176
     1
 90
        1
176
     1
 90
        6
176
     1
 90
        2
176
     1
 62
     7
176
     1
 90
        3
176
     1
 90
        0
176
     1
 90
        0
176
     1
290
     0
176
     1
 90
        1
176
     1
 40
0.0
176
     1
 90
        0
176
     1
290
     0
176
     1
290
     1
176
     1
290
     1
176
     1
290
     0
176
     1
290
     0
176
     1
290
     0
176
     1
290
     0
176
     1
290
     0
176
     1
290
     0
176
     1
 90
       50
176
     1
 40
0.0
176
     1
 40
1.0
176
     1
 90
        0
176
     1
 62
    18
176
     1
 90
       50
176
     1
 90
        3
176
     1
 62
     5
420
      255
176
     1
290
     0
176
     1
 90
       50
176
     1
 90
       50
176
     1
 90
       50
176
     1
290
     0
176
     1
 90
       50
176
     1
 62
   256
176
     0
 40
1.0
176
     0
 90
        2
176
     1
  1
strokes_ogs.tif
176
     1
290
     0
176
     1
 40
1.0
176
     1
 40
1.0
176
     1
  0
VISUALSTYLE
  5
F08
102
{ACAD_REACTORS
330
2C
102
}
330
2C
100
AcDbVisualStyle
  2
Dim
 70
    11
177
     3
291
     1
 70
    58
 90
        2
176
     1
 90
        2
176
     1
 90
        0
176
     1
 90
        0
176
     1
 40
0.6
176
     1
 40
30.0
176
     1
 62
     7
420
 16777215
176
     1
 90
        1
176
     1
 90
        4
176
     1
 62
     7
176
     1
 62
   257
176
     1
 90
        1
176
     1
 90
        1
176
     1
 40
1.0
176
     1
 90
        8
176
     1
 62
     7
176
     1
 40
1.0
176
     1
 90
        1
176
     1
 90
        6
176
     1
 90
        2
176
     1
 62
     7
176
     1
 90
        5
176
     1
 90
        0
176
     1
 90
        0
176
     1
290
     0
176
     1
 90
        1
176
     1
 40
-50.0
176
     1
 90
        0
176
     1
290
     0
176
     1
290
     1
176
     1
290
     1
176
     1
290
     0
176
     1
290
     0
176
     1
290
     0
176
     1
290
     0
176
     1
290
     0
176
     1
290
     0
176
     1
 90
       50
176
     1
 40
0.0
176
     1
 40
1.0
176
     1
 90
        0
176
     1
 62
    18
176
     1
 90
       50
176
     1
 90
        3
176
     1
 62
     5
420
      255
176
     1
290
     0
176
     1
 90
       50
176
     1
 90
       50
176
     1
 90
       50
176
     1
290
     0
176
     1
 90
       50
176
     1
 62
   256
176
     0
 40
1.0
176
     0
 90
        2
176
     1
  1
strokes_ogs.tif
176
     1
290
     0
176
     1
 40
1.0
176
     1
 40
1.0
176
     1
  0
VISUALSTYLE
  5
119
102
{ACAD_REACTORS
330
2C
102
}
330
2C
100
AcDbVisualStyle
  2
EdgeColorOff
 70
    22
177
     3
291
     1
 70
    58
 90
        2
176
     0
 90
        2
176
     0
 90
        0
176
     0
 90
        0
176
     0
 40
0.6
176
     0
 40
30.0
176
     0
 62
     7
420
 16777215
176
     0
 90
        1
176
     0
 90
        4
176
     0
 62
     7
176
     0
 62
   257
176
     0
 90
        1
176
     0
 90
        1
176
     0
 40
1.0
176
     0
 90
        8
176
     2
 62
     7
176
     0
 40
1.0
176
     0
 90
        1
176
     0
 90
        6
176
     0
 90
        2
176
     0
 62
     7
176
     0
 90
        5
176
     0
 90
        0
176
     0
 90
        0
176
     0
290
     0
176
     0
 90
        1
176
     0
 40
0.0
176
     0
 90
        0
176
     0
290
     0
176
     0
290
     1
176
     0
290
     1
176
     0
290
     0
176
     0
290
     0
176
     0
290
     0
176
     0
290
     0
176
     0
290
     0
176
     0
290
     0
176
     0
 90
       50
176
     0
 40
0.0
176
     0
 40
1.0
176
     0
 90
        0
176
     0
 62
    18
176
     0
 90
       50
176
     0
 90
        3
176
     0
 62
     5
420
      255
176
     0
290
     0
176
     0
 90
       50
176
     0
 90
       50
176
     0
 90
       50
176
     0
290
     0
176
     0
 90
       50
176
     0
 62
   256
176
     0
 40
1.0
176
     0
 90
        2
176
     0
  1
strokes_ogs.tif
176
     0
290
     0
176
     0
 40
1.0
176
     0
 40
1.0
176
     0
  0
VISUALSTYLE
  5
F0C
102
{ACAD_REACTORS
330
2C
102
}
330
2C
100
AcDbVisualStyle
  2
Facepattern
 70
    15
177
     3
291
     1
 70
    58
 90
        2
176
     1
 90
        2
176
     1
 90
        0
176
     1
 90
        0
176
     1
 40
0.6
176
     1
 40
30.0
176
     1
 62
     7
420
 16777215
176
     1
 90
        1
176
     1
 90
        4
176
     1
 62
     7
176
     1
 62
   257
176
     1
 90
        1
176
     1
 90
        1
176
     1
 40
1.0
176
     1
 90
        8
176
     1
 62
     7
176
     1
 40
1.0
176
     1
 90
        1
176
     1
 90
        6
176
     1
 90
        2
176
     1
 62
     7
176
     1
 90
        5
176
     1
 90
        0
176
     1
 90
        0
176
     1
290
     0
176
     1
 90
        1
176
     1
 40
0.0
176
     1
 90
        0
176
     1
290
     0
176
     1
290
     1
176
     1
290
     1
176
     1
290
     0
176
     1
290
     0
176
     1
290
     0
176
     1
290
     0
176
     1
290
     0
176
     1
290
     0
176
     1
 90
       50
176
     1
 40
0.0
176
     1
 40
1.0
176
     1
 90
        0
176
     1
 62
    18
176
     1
 90
       50
176
     1
 90
        3
176
     1
 62
     5
420
      255
176
     1
290
     0
176
     1
 90
       50
176
     1
 90
       50
176
     1
 90
       50
176
     1
290
     0
176
     1
 90
       50
176
     1
 62
   256
176
     0
 40
1.0
176
     0
 90
        2
176
     1
  1
strokes_ogs.tif
176
     1
290
     0
176
     1
 40
1.0
176
     1
 40
1.0
176
     1
  0
VISUALSTYLE
  5
F01
102
{ACAD_REACTORS
330
2C
102
}
330
2C
100
AcDbVisualStyle
  2
Flat
 70
     0
177
     3
291
     1
 70
    58
 90
        2
176
     1
 90
        1
176
     1
 90
        1
176
     1
 90
        2
176
     1
 40
0.6
176
     1
 40
30.0
176
     1
 62
     7
420
 16777215
176
     1
 90
        0
176
     1
 90
        0
176
     1
 62
     7
176
     1
 62
   257
176
     1
 90
        1
176
     1
 90
        1
176
     1
 40
1.0
176
     1
 90
        8
176
     1
 62
     7
176
     1
 40
1.0
176
     1
 90
        1
176
     1
 90
        6
176
     1
 90
        2
176
     1
 62
     7
176
     1
 90
        5
176
     1
 90
        0
176
     1
 90
        0
176
     1
290
     0
176
     1
 90
       13
176
     1
 40
0.0
176
     1
 90
        0
176
     1
290
     0
176
     1
290
     1
176
     1
290
     1
176
     1
290
     0
176
     1
290
     0
176
     1
290
     0
176
     1
290
     0
176
     1
290
     0
176
     1
290
     0
176
     1
 90
       50
176
     1
 40
0.0
176
     1
 40
1.0
176
     1
 90
        0
176
     1
 62
    18
176
     1
 90
       50
176
     1
 90
        3
176
     1
 62
     5
420
      255
176
     1
290
     0
176
     1
 90
       50
176
     1
 90
       50
176
     1
 90
       50
176
     1
290
     0
176
     1
 90
       50
176
     1
 62
   256
176
     0
 40
1.0
176
     0
 90
        2
176
     1
  1
strokes_ogs.tif
176
     1
290
     0
176
     1
 40
1.0
176
     1
 40
1.0
176
     1
  0
VISUALSTYLE
  5
F02
102
{ACAD_REACTORS
330
2C
102
}
330
2C
100
AcDbVisualStyle
  2
FlatWithEdges
 70
     1
177
     3
291
     1
 70
    58
 90
        2
176
     1
 90
        1
176
     1
 90
        1
176
     1
 90
        2
176
     1
 40
0.6
176
     1
 40
30.0
176
     1
 62
     7
420
 16777215
176
     1
 90
        1
176
     1
 90
        0
176
     1
 62
     7
176
     1
 62
   257
176
     1
 90
        1
176
     1
 90
        1
176
     1
 40
1.0
176
     1
 90
        0
176
     1
 62
   257
176
     1
 40
1.0
176
     1
 90
        1
176
     1
 90
        6
176
     1
 90
        2
176
     1
 62
     7
176
     1
 90
        5
176
     1
 90
        0
176
     1
 90
        0
176
     1
290
     0
176
     1
 90
       13
176
     1
 40
0.0
176
     1
 90
        0
176
     1
290
     0
176
     1
290
     1
176
     1
290
     1
176
     1
290
     0
176
     1
290
     0
176
     1
290
     0
176
     1
290
     0
176
     1
290
     0
176
     1
290
     0
176
     1
 90
       50
176
     1
 40
0.0
176
     1
 40
1.0
176
     1
 90
        0
176
     1
 62
    18
176
     1
 90
       50
176
     1
 90
        3
176
     1
 62
     5
420
      255
176
     1
290
     0
176
     1
 90
       50
176
     1
 90
       50
176
     1
 90
       50
176
     1
290
     0
176
     1
 90
       50
176
     1
 62
   256
176
     0
 40
1.0
176
     0
 90
        2
176
     1
  1
strokes_ogs.tif
176
     1
290
     0
176
     1
 40
1.0
176
     1
 40
1.0
176
     1
  0
VISUALSTYLE
  5
F03
102
{ACAD_REACTORS
330
2C
102
}
330
2C
100
AcDbVisualStyle
  2
Gouraud
 70
     2
177
     3
291
     1
 70
    58
 90
        2
176
     1
 90
        2
176
     1
 90
        1
176
     1
 90
        2
176
     1
 40
0.6
176
     1
 40
30.0
176
     1
 62
     7
420
 16777215
176
     1
 90
        0
176
     1
 90
        0
176
     1
 62
     7
176
     1
 62
   257
176
     1
 90
        1
176
     1
 90
        1
176
     1
 40
1.0
176
     1
 90
        0
176
     1
 62
     7
176
     1
 40
1.0
176
     1
 90
        1
176
     1
 90
        6
176
     1
 90
        2
176
     1
 62
     7
176
     1
 90
        5
176
     1
 90
        0
176
     1
 90
        0
176
     1
290
     0
176
     1
 90
       13
176
     1
 40
0.0
176
     1
 90
        0
176
     1
290
     0
176
     1
290
     1
176
     1
290
     1
176
     1
290
     0
176
     1
290
     0
176
     1
290
     0
176
     1
290
     0
176
     1
290
     0
176
     1
290
     0
176
     1
 90
       50
176
     1
 40
0.0
176
     1
 40
1.0
176
     1
 90
        0
176
     1
 62
    18
176
     1
 90
       50
176
     1
 90
        3
176
     1
 62
     5
420
      255
176
     1
290
     0
176
     1
 90
       50
176
     1
 90
       50
176
     1
 90
       50
176
     1
290
     0
176
     1
 90
       50
176
     1
 62
   256
176
     0
 40
1.0
176
     0
 90
        2
176
     1
  1
strokes_ogs.tif
176
     1
290
     0
176
     1
 40
1.0
176
     1
 40
1.0
176
     1
  0
VISUALSTYLE
  5
F04
102
{ACAD_REACTORS
330
2C
102
}
330
2C
100
AcDbVisualStyle
  2
GouraudWithEdges
 70
     3
177
     3
291
     1
 70
    58
 90
        2
176
     1
 90
        2
176
     1
 90
        1
176
     1
 90
        2
176
     1
 40
0.6
176
     1
 40
30.0
176
     1
 62
     7
420
 16777215
176
     1
 90
        1
176
     1
 90
        0
176
     1
 62
     7
176
     1
 62
   257
176
     1
 90
        1
176
     1
 90
        1
176
     1
 40
1.0
176
     1
 90
        0
176
     1
 62
   257
176
     1
 40
1.0
176
     1
 90
        1
176
     1
 90
        6
176
     1
 90
        2
176
     1
 62
     7
176
     1
 90
        5
176
     1
 90
        0
176
     1
 90
        0
176
     1
290
     0
176
     1
 90
       13
176
     1
 40
0.0
176
     1
 90
        0
176
     1
290
     0
176
     1
290
     1
176
     1
290
     1
176
     1
290
     0
176
     1
290
     0
176
     1
290
     0
176
     1
290
     0
176
     1
290
     0
176
     1
290
     0
176
     1
 90
       50
176
     1
 40
0.0
176
     1
 40
1.0
176
     1
 90
        0
176
     1
 62
    18
176
     1
 90
       50
176
     1
 90
        3
176
     1
 62
     5
420
      255
176
     1
290
     0
176
     1
 90
       50
176
     1
 90
       50
176
     1
 90
       50
176
     1
290
     0
176
     1
 90
       50
176
     1
 62
   256
176
     0
 40
1.0
176
     0
 90
        2
176
     1
  1
strokes_ogs.tif
176
     1
290
     0
176
     1
 40
1.0
176
     1
 40
1.0
176
     1
  0
VISUALSTYLE
  5
F06
102
{ACAD_REACTORS
330
2C
102
}
330
2C
100
AcDbVisualStyle
  2
Hidden
 70
     6
177
     3
291
     0
 70
    58
 90
        1
176
     1
 90
        2
176
     1
 90
        2
176
     1
 90
        0
176
     1
 40
0.6
176
     1
 40
30.0
176
     1
 62
     7
420
 16777215
176
     1
 90
        2
176
     1
 90
        2
176
     1
 62
     7
176
     1
 62
   257
176
     1
 90
        2
176
     1
 90
        1
176
     1
 40
40.0
176
     1
 90
        0
176
     1
 62
   257
176
     1
 40
1.0
176
     1
 90
        1
176
     1
 90
        6
176
     1
 90
        2
176
     1
 62
     7
176
     1
 90
        3
176
     1
 90
        0
176
     1
 90
        0
176
     1
290
     0
176
     1
 90
        1
176
     1
 40
0.0
176
     1
 90
        0
176
     1
290
     0
176
     1
290
     1
176
     1
290
     1
176
     1
290
     0
176
     1
290
     0
176
     1
290
     0
176
     1
290
     0
176
     1
290
     0
176
     1
290
     0
176
     1
 90
       50
176
     1
 40
0.0
176
     1
 40
1.0
176
     1
 90
        0
176
     1
 62
    18
176
     1
 90
       50
176
     1
 90
        3
176
     1
 62
     5
420
      255
176
     1
290
     0
176
     1
 90
       50
176
     1
 90
       50
176
     1
 90
       50
176
     1
290
     0
176
     1
 90
       50
176
     1
 62
   256
176
     0
 40
1.0
176
     0
 90
        2
176
     1
  1
strokes_ogs.tif
176
     1
290
     0
176
     1
 40
1.0
176
     1
 40
1.0
176
     1
  0
VISUALSTYLE
  5
F13
102
{ACAD_REACTORS
330
2C
102
}
330
2C
100
AcDbVisualStyle
  2
JitterOff
 70
    20
177
     3
291
     1
 70
    58
 90
        2
176
     0
 90
        2
176
     0
 90
        0
176
     0
 90
        0
176
     0
 40
0.6
176
     0
 40
30.0
176
     0
 62
     7
420
 16777215
176
     0
 90
        1
176
     0
 90
        4
176
     0
 62
     7
176
     0
 62
   257
176
     0
 90
        1
176
     0
 90
        1
176
     0
 40
1.0
176
     0
 90
       10
176
     2
 62
     7
176
     0
 40
1.0
176
     0
 90
        1
176
     0
 90
        6
176
     0
 90
        2
176
     0
 62
     7
176
     0
 90
        5
176
     0
 90
        0
176
     0
 90
        0
176
     0
290
     0
176
     0
 90
        1
176
     0
 40
0.0
176
     0
 90
        0
176
     0
290
     0
176
     0
290
     1
176
     0
290
     1
176
     0
290
     0
176
     0
290
     0
176
     0
290
     0
176
     0
290
     0
176
     0
290
     0
176
     0
290
     0
176
     0
 90
       50
176
     0
 40
0.0
176
     0
 40
1.0
176
     0
 90
        0
176
     0
 62
    18
176
     0
 90
       50
176
     0
 90
        3
176
     0
 62
     5
420
      255
176
     0
290
     0
176
     0
 90
       50
176
     0
 90
       50
176
     0
 90
       50
176
     0
290
     0
176
     0
 90
       50
176
     0
 62
   256
176
     0
 40
1.0
176
     0
 90
        2
176
     0
  1
strokes_ogs.tif
176
     0
290
     0
176
     0
 40
1.0
176
     0
 40
1.0
176
     0
  0
VISUALSTYLE
  5
F0B
102
{ACAD_REACTORS
330
2C
102
}
330
2C
100
AcDbVisualStyle
  2
Linepattern
 70
    14
177
     3
291
     1
 70
    58
 90
        2
176
     1
 90
        2
176
     1
 90
        0
176
     1
 90
        0
176
     1
 40
0.6
176
     1
 40
30.0
176
     1
 62
     7
420
 16777215
176
     1
 90
        1
176
     1
 90
        4
176
     1
 62
     7
176
     1
 62
   257
176
     1
 90
        7
176
     1
 90
        7
176
     1
 40
1.0
176
     1
 90
        8
176
     1
 62
     7
176
     1
 40
1.0
176
     1
 90
        1
176
     1
 90
        6
176
     1
 90
        2
176
     1
 62
     7
176
     1
 90
        5
176
     1
 90
        0
176
     1
 90
        0
176
     1
290
     0
176
     1
 90
        1
176
     1
 40
0.0
176
     1
 90
        0
176
     1
290
     0
176
     1
290
     1
176
     1
290
     1
176
     1
290
     0
176
     1
290
     0
176
     1
290
     0
176
     1
290
     0
176
     1
290
     0
176
     1
290
     0
176
     1
 90
       50
176
     1
 40
0.0
176
     1
 40
1.0
176
     1
 90
        0
176
     1
 62
    18
176
     1
 90
       50
176
     1
 90
        3
176
     1
 62
     5
420
      255
176
     1
290
     0
176
     1
 90
       50
176
     1
 90
       50
176
     1
 90
       50
176
     1
290
     0
176
     1
 90
       50
176
     1
 62
   256
176
     0
 40
1.0
176
     0
 90
        2
176
     1
  1
strokes_ogs.tif
176
     1
290
     0
176
     1
 40
1.0
176
     1
 40
1.0
176
     1
  0
VISUALSTYLE
  5
F14
102
{ACAD_REACTORS
330
2C
102
}
330
2C
100
AcDbVisualStyle
  2
OverhangOff
 70
    21
177
     3
291
     1
 70
    58
 90
        2
176
     0
 90
        2
176
     0
 90
        0
176
     0
 90
        0
176
     0
 40
0.6
176
     0
 40
30.0
176
     0
 62
     7
420
 16777215
176
     0
 90
        1
176
     0
 90
        4
176
     0
 62
     7
176
     0
 62
   257
176
     0
 90
        1
176
     0
 90
        1
176
     0
 40
1.0
176
     0
 90
        9
176
     2
 62
     7
176
     0
 40
1.0
176
     0
 90
        1
176
     0
 90
        6
176
     0
 90
        2
176
     0
 62
     7
176
     0
 90
        5
176
     0
 90
        0
176
     0
 90
        0
176
     0
290
     0
176
     0
 90
        1
176
     0
 40
0.0
176
     0
 90
        0
176
     0
290
     0
176
     0
290
     1
176
     0
290
     1
176
     0
290
     0
176
     0
290
     0
176
     0
290
     0
176
     0
290
     0
176
     0
290
     0
176
     0
290
     0
176
     0
 90
       50
176
     0
 40
0.0
176
     0
 40
1.0
176
     0
 90
        0
176
     0
 62
    18
176
     0
 90
       50
176
     0
 90
        3
176
     0
 62
     5
420
      255
176
     0
290
     0
176
     0
 90
       50
176
     0
 90
       50
176
     0
 90
       50
176
     0
290
     0
176
     0
 90
       50
176
     0
 62
   256
176
     0
 40
1.0
176
     0
 90
        2
176
     0
  1
strokes_ogs.tif
176
     0
290
     0
176
     0
 40
1.0
176
     0
 40
1.0
176
     0
  0
VISUALSTYLE
  5
6F
102
{ACAD_REACTORS
330
2C
102
}
330
2C
100
AcDbVisualStyle
  2
Realistic
 70
     8
177
     3
291
     0
 70
    58
 90
        2
176
     1
 90
        2
176
     1
 90
        0
176
     1
 90
        0
176
     1
 40
0.6
176
     1
 40
30.0
176
     1
 62
     7
420
 16777215
176
     1
 90
        1
176
     1
 90
        0
176
     1
 62
     7
176
     1
 62
   257
176
     1
 90
        1
176
     1
 90
        1
176
     1
 40
1.0
176
     1
 90
        8
176
     1
 62
     8
420
  7895160
176
     1
 40
1.0
176
     1
 90
        1
176
     1
 90
        6
176
     1
 90
        2
176
     1
 62
     7
176
     1
 90
        5
176
     1
 90
        0
176
     1
 90
        0
176
     1
290
     0
176
     1
 90
       13
176
     1
 40
0.0
176
     1
 90
        0
176
     1
290
     0
176
     1
290
     1
176
     1
290
     1
176
     1
290
     0
176
     1
290
     0
176
     1
290
     0
176
     1
290
     0
176
     1
290
     0
176
     1
290
     0
176
     1
 90
       50
176
     1
 40
0.0
176
     1
 40
1.0
176
     1
 90
        0
176
     1
 62
    18
176
     1
 90
       50
176
     1
 90
        3
176
     1
 62
     5
420
      255
176
     1
290
     0
176
     1
 90
       50
176
     1
 90
       50
176
     1
 90
       50
176
     1
290
     0
176
     1
 90
       50
176
     1
 62
   256
176
     0
 40
1.0
176
     0
 90
        2
176
     1
  1
strokes_ogs.tif
176
     1
290
     0
176
     1
 40
1.0
176
     1
 40
1.0
176
     1
  0
VISUALSTYLE
  5
F12
102
{ACAD_REACTORS
330
2C
102
}
330
2C
100
AcDbVisualStyle
  2
Shaded
 70
    27
177
     3
291
     0
 70
    58
 90
        2
176
     1
 90
        2
176
     1
 90
        1
176
     1
 90
        2
176
     1
 40
0.6
176
     1
 40
30.0
176
     1
 62
     7
420
 16777215
176
     1
 90
        0
176
     1
 90
        4
176
     1
 62
     7
176
     1
 62
   257
176
     1
 90
        1
176
     1
 90
        1
176
     1
 40
1.0
176
     1
 90
        8
176
     1
 62
   257
176
     1
 40
1.0
176
     1
 90
        1
176
     1
 90
        6
176
     1
 90
        2
176
     1
 62
     8
420
  7895160
176
     1
 90
        3
176
     1
 90
        0
176
     1
 90
        0
176
     1
290
     0
176
     1
 90
        5
176
     1
 40
0.0
176
     1
 90
        0
176
     1
290
     0
176
     1
290
     1
176
     1
290
     1
176
     1
290
     0
176
     1
290
     0
176
     1
290
     0
176
     1
290
     0
176
     1
290
     0
176
     1
290
     0
176
     1
 90
       50
176
     1
 40
0.0
176
     1
 40
1.0
176
     1
 90
        0
176
     1
 62
    18
176
     1
 90
       50
176
     1
 90
        3
176
     1
 62
     5
420
      255
176
     1
290
     0
176
     1
 90
       50
176
     1
 90
       50
176
     1
 90
       50
176
     1
290
     0
176
     1
 90
       50
176
     1
 62
   256
176
     0
 40
1.0
176
     0
 90
        2
176
     1
  1
strokes_ogs.tif
176
     1
290
     0
176
     1
 40
1.0
176
     1
 40
1.0
176
     1
  0
VISUALSTYLE
  5
F11
102
{ACAD_REACTORS
330
2C
102
}
330
2C
100
AcDbVisualStyle
  2
Shaded with edges
 70
    26
177
     3
291
     0
 70
    58
 90
        2
176
     1
 90
        2
176
     1
 90
        1
176
     1
 90
        2
176
     1
 40
0.6
176
     1
 40
30.0
176
     1
 62
     7
420
 16777215
176
     1
 90
        1
176
     1
 90
        2
176
     1
 62
     7
176
     1
 62
   257
176
     1
 90
        2
176
     1
 90
        1
176
     1
 40
1.0
176
     1
 90
        8
176
     1
 62
   257
176
     1
 40
1.0
176
     1
 90
        1
176
     1
 90
        6
176
     1
 90
        2
176
     1
 62
     7
176
     1
 90
        3
176
     1
 90
        0
176
     1
 90
        0
176
     1
290
     0
176
     1
 90
        5
176
     1
 40
0.0
176
     1
 90
        0
176
     1
290
     0
176
     1
290
     1
176
     1
290
     1
176
     1
290
     0
176
     1
290
     0
176
     1
290
     0
176
     1
290
     0
176
     1
290
     0
176
     1
290
     0
176
     1
 90
       50
176
     1
 40
0.0
176
     1
 40
1.0
176
     1
 90
        0
176
     1
 62
    18
176
     1
 90
       50
176
     1
 90
        3
176
     1
 62
     5
420
      255
176
     1
290
     0
176
     1
 90
       50
176
     1
 90
       50
176
     1
 90
       50
176
     1
290
     0
176
     1
 90
       50
176
     1
 62
   256
176
     0
 40
1.0
176
     0
 90
        2
176
     1
  1
strokes_ogs.tif
176
     1
290
     0
176
     1
 40
1.0
176
     1
 40
1.0
176
     1
  0
VISUALSTYLE
  5
F0E
102
{ACAD_REACTORS
330
2C
102
}
330
2C
100
AcDbVisualStyle
  2
Shades of Gray
 70
    23
177
     3
291
     0
 70
    58
 90
        2
176
     1
 90
        2
176
     1
 90
        3
176
     1
 90
        0
176
     1
 40
0.6
176
     1
 40
30.0
176
     1
 62
     7
420
 16777215
176
     1
 90
        2
176
     1
 90
        2
176
     1
 62
     7
176
     1
 62
     7
176
     1
 90
        1
176
     1
 90
        1
176
     1
 40
40.0
176
     1
 90
        8
176
     1
 62
     7
176
     1
 40
1.0
176
     1
 90
        1
176
     1
 90
        6
176
     1
 90
        2
176
     1
 62
     7
176
     1
 90
        3
176
     1
 90
        0
176
     1
 90
        0
176
     1
290
     0
176
     1
 90
        1
176
     1
 40
0.0
176
     1
 90
        0
176
     1
290
     0
176
     1
290
     1
176
     1
290
     1
176
     1
290
     0
176
     1
290
     0
176
     1
290
     0
176
     1
290
     0
176
     1
290
     0
176
     1
290
     0
176
     1
 90
       50
176
     1
 40
0.0
176
     1
 40
1.0
176
     1
 90
        0
176
     1
 62
    18
176
     1
 90
       50
176
     1
 90
        3
176
     1
 62
     5
420
      255
176
     1
290
     0
176
     1
 90
       50
176
     1
 90
       50
176
     1
 90
       50
176
     1
290
     0
176
     1
 90
       50
176
     1
 62
   256
176
     0
 40
1.0
176
     0
 90
        2
176
     1
  1
strokes_ogs.tif
176
     1
290
     0
176
     1
 40
1.0
176
     1
 40
1.0
176
     1
  0
VISUALSTYLE
  5
F0F
102
{ACAD_REACTORS
330
2C
102
}
330
2C
100
AcDbVisualStyle
  2
Sketchy
 70
    24
177
     3
291
     0
 70
    58
 90
        1
176
     1
 90
        2
176
     1
 90
        2
176
     1
 90
        0
176
     1
 40
0.6
176
     1
 40
30.0
176
     1
 62
     7
420
 16777215
176
     1
 90
        2
176
     1
 90
        2
176
     1
 62
     7
176
     1
 62
     7
176
     1
 90
        1
176
     1
 90
        1
176
     1
 40
40.0
176
     1
 90
       11
176
     1
 62
     7
176
     1
 40
1.0
176
     1
 90
        1
176
     1
 90
        6
176
     1
 90
        2
176
     1
 62
     7
176
     1
 90
        6
176
     1
 90
        0
176
     1
 90
        0
176
     1
290
     0
176
     1
 90
        1
176
     1
 40
0.0
176
     1
 90
        0
176
     1
290
     0
176
     1
290
     1
176
     1
290
     1
176
     1
290
     0
176
     1
290
     0
176
     1
290
     0
176
     1
290
     0
176
     1
290
     0
176
     1
290
     0
176
     1
 90
       50
176
     1
 40
0.0
176
     1
 40
1.0
176
     1
 90
        0
176
     1
 62
    18
176
     1
 90
       50
176
     1
 90
        3
176
     1
 62
     5
420
      255
176
     1
290
     0
176
     1
 90
       50
176
     1
 90
       50
176
     1
 90
       50
176
     1
290
     0
176
     1
 90
       50
176
     1
 62
   256
176
     0
 40
1.0
176
     0
 90
        2
176
     1
  1
strokes_ogs.tif
176
     1
290
     0
176
     1
 40
1.0
176
     1
 40
1.0
176
     1
  0
VISUALSTYLE
  5
F0A
102
{ACAD_REACTORS
330
2C
102
}
330
2C
100
AcDbVisualStyle
  2
Thicken
 70
    13
177
     3
291
     1
 70
    58
 90
        2
176
     1
 90
        2
176
     1
 90
        0
176
     1
 90
        0
176
     1
 40
0.6
176
     1
 40
30.0
176
     1
 62
     7
420
 16777215
176
     1
 90
        1
176
     1
 90
        4
176
     1
 62
     7
176
     1
 62
   257
176
     1
 90
        1
176
     1
 90
        1
176
     1
 40
1.0
176
     1
 90
       12
176
     1
 62
     7
176
     1
 40
1.0
176
     1
 90
        1
176
     1
 90
        6
176
     1
 90
        2
176
     1
 62
     7
176
     1
 90
        5
176
     1
 90
        0
176
     1
 90
        0
176
     1
290
     0
176
     1
 90
        1
176
     1
 40
0.0
176
     1
 90
        0
176
     1
290
     0
176
     1
290
     1
176
     1
290
     1
176
     1
290
     0
176
     1
290
     0
176
     1
290
     0
176
     1
290
     0
176
     1
290
     0
176
     1
290
     0
176
     1
 90
       50
176
     1
 40
0.0
176
     1
 40
1.0
176
     1
 90
        0
176
     1
 62
    18
176
     1
 90
       50
176
     1
 90
        3
176
     1
 62
     5
420
      255
176
     1
290
     0
176
     1
 90
       50
176
     1
 90
       50
176
     1
 90
       50
176
     1
290
     0
176
     1
 90
       50
176
     1
 62
   256
176
     0
 40
1.0
176
     0
 90
        2
176
     1
  1
strokes_ogs.tif
176
     1
290
     0
176
     1
 40
1.0
176
     1
 40
1.0
176
     1
  0
VISUALSTYLE
  5
70
102
{ACAD_REACTORS
330
2C
102
}
330
2C
100
AcDbVisualStyle
  2
Wireframe
 70
     5
177
     3
291
     0
 70
    58
 90
        0
176
     1
 90
        2
176
     1
 90
        0
176
     1
 90
        0
176
     1
 40
0.6
176
     1
 40
30.0
176
     1
 62
     7
420
 16777215
176
     1
 90
        1
176
     1
 90
        4
176
     1
 62
     7
176
     1
 62
   257
176
     1
 90
        1
176
     1
 90
        1
176
     1
 40
1.0
176
     1
 90
        0
176
     1
 62
   257
176
     1
 40
1.0
176
     1
 90
        1
176
     1
 90
        6
176
     1
 90
        2
176
     1
 62
     7
176
     1
 90
        3
176
     1
 90
        0
176
     1
 90
        0
176
     1
290
     0
176
     1
 90
        1
176
     1
 40
0.0
176
     1
 90
        0
176
     1
290
     0
176
     1
290
     1
176
     1
290
     1
176
     1
290
     0
176
     1
290
     0
176
     1
290
     0
176
     1
290
     0
176
     1
290
     0
176
     1
290
     0
176
     1
 90
       50
176
     1
 40
0.0
176
     1
 40
1.0
176
     1
 90
        0
176
     1
 62
    18
176
     1
 90
       50
176
     1
 90
        3
176
     1
 62
     5
420
      255
176
     1
290
     0
176
     1
 90
       50
176
     1
 90
       50
176
     1
 90
       50
176
     1
290
     0
176
     1
 90
       50
176
     1
 62
   256
176
     0
 40
1.0
176
     0
 90
        2
176
     1
  1
strokes_ogs.tif
176
     1
290
     0
176
     1
 40
1.0
176
     1
 40
1.0
176
     1
  0
VISUALSTYLE
  5
F10
102
{ACAD_REACTORS
330
2C
102
}
330
2C
100
AcDbVisualStyle
  2
X-Ray
 70
    25
177
     3
291
     0
 70
    58
 90
        2
176
     1
 90
        2
176
     1
 90
        1
176
     1
 90
        1
176
     1
 40
0.5
176
     1
 40
30.0
176
     1
 62
     7
420
 16777215
176
     1
 90
        1
176
     1
 90
        0
176
     1
 62
     7
176
     1
 62
   257
176
     1
 90
        1
176
     1
 90
        1
176
     1
 40
1.0
176
     1
 90
        8
176
     1
 62
     7
176
     1
 40
1.0
176
     1
 90
        1
176
     1
 90
        6
176
     1
 90
        2
176
     1
 62
     7
176
     1
 90
        3
176
     1
 90
        0
176
     1
 90
        0
176
     1
290
     0
176
     1
 90
       13
176
     1
 40
0.0
176
     1
 90
        0
176
     1
290
     0
176
     1
290
     1
176
     1
290
     1
176
     1
290
     0
176
     1
290
     0
176
     1
290
     0
176
     1
290
     0
176
     1
290
     0
176
     1
290
     0
176
     1
 90
       50
176
     1
 40
0.0
176
     1
 40
1.0
176
     1
 90
        0
176
     1
 62
    18
176
     1
 90
       50
176
     1
 90
        3
176
     1
 62
     5
420
      255
176
     1
290
     0
176
     1
 90
       50
176
     1
 90
       50
176
     1
 90
       50
176
     1
290
     0
176
     1
 90
       50
176
     1
 62
   256
176
     0
 40
1.0
176
     0
 90
        2
176
     1
  1
strokes_ogs.tif
176
     1
290
     0
176
     1
 40
1.0
176
     1
 40
1.0
176
     1
  0
DICTIONARYVAR
  5
5F
102
{ACAD_REACTORS
330
5E
102
}
330
5E
100
DictionaryVariables
280
     0
  1
1:1
  0
DICTIONARYVAR
  5
60
102
{ACAD_REACTORS
330
5E
102
}
330
5E
100
DictionaryVariables
280
     0
  1
STANDARD
  0
DICTIONARYVAR
  5
61
102
{ACAD_REACTORS
330
5E
102
}
330
5E
100
DictionaryVariables
280
     0
  1
STANDARD
  0
DICTIONARYVAR
  5
62
102
{ACAD_REACTORS
330
5E
102
}
330
5E
100
DictionaryVariables
280
     0
  1
Imperial24
  0
DICTIONARYVAR
  5
63
102
{ACAD_REACTORS
330
5E
102
}
330
5E
100
DictionaryVariables
280
     0
  1
Imperial24
  0
DICTIONARYVAR
  5
64
102
{ACAD_REACTORS
330
5E
102
}
330
5E
100
DictionaryVariables
280
     0
  1
1
  0
DICTIONARYVAR
  5
65
102
{ACAD_REACTORS
330
5E
102
}
330
5E
100
DictionaryVariables
280
     0
  1
15
  0
DICTIONARYVAR
  5
66
102
{ACAD_REACTORS
330
5E
102
}
330
5E
100
DictionaryVariables
280
     0
  1
0
  0
DICTIONARYVAR
  5
67
102
{ACAD_REACTORS
330
5E
102
}
330
5E
100
DictionaryVariables
280
     0
  1
0
  0
BLOCKALIGNMENTPARAMETER
  5
2B7
330
2B6
100
AcDbEvalExpr
 90
        1
 98
       33
 99
      197
100
AcDbBlockElement
300
对齐
 98
       33
 99
      197
1071
        0
100
AcDbBlockParameter
280
     1
281
     0
100
AcDbBlock2PtParameter
1010
0.0
1020
0.0
1030
0.0
1011
1162.965025485027
1021
0.0
1031
0.0
170
     4
 91
        2
 91
        0
 91
        0
 91
        0
171
     0
172
     0
173
     0
174
     0
177
     0
100
AcDbBlockAlignmentParameter
280
     1
1001
ACAD
1000
AcRTDxfName
1000
BLOCKALIGNMENTPARAMETER
  0
BLOCKALIGNMENTGRIP
  5
2B8
330
2B6
100
AcDbEvalExpr
 90
        2
 98
       33
 99
      197
100
AcDbBlockElement
300
夹点
 98
       33
 99
      197
1071
        0
100
AcDbBlockGrip
 91
        3
 92
        4
1010
0.0
1020
0.0
1030
0.0
280
     1
 93
       -1
100
AcDbBlockAlignmentGrip
140
1162.965025485027
141
0.0
142
0.0
1001
ACAD
1000
AcRTDxfName
1000
BLOCKALIGNMENTGRIP
  0
BLOCKGRIPLOCATIONCOMPONENT
  5
2B9
330
2B6
100
AcDbEvalExpr
 90
        3
 98
       33
 99
      197
  1

 70
    40
140
0.0
100
AcDbBlockGripExpr
 91
        1
300
UpdatedBaseX
1001
ACAD
1000
AcRTDxfName
1000
BLOCKGRIPLOCATIONCOMPONENT
  0
BLOCKGRIPLOCATIONCOMPONENT
  5
2BA
330
2B6
100
AcDbEvalExpr
 90
        4
 98
       33
 99
      197
  1

 70
    40
140
0.0
100
AcDbBlockGripExpr
 91
        1
300
UpdatedBaseY
1001
ACAD
1000
AcRTDxfName
1000
BLOCKGRIPLOCATIONCOMPONENT
  0
BLOCKBASEPOINTPARAMETER
  5
2BB
330
2B6
100
AcDbEvalExpr
 90
        5
 98
       33
 99
      197
100
AcDbBlockElement
300
基点
 98
       33
 99
      197
1071
        0
100
AcDbBlockParameter
280
     1
281
     0
100
AcDbBlock1PtParameter
1010
1376127.521748923
1020
-275353.1274451662
1030
0.0
 93
        0
170
     0
171
     0
100
AcDbBlockBasepointParameter
1011
0.0
1021
0.0
1031
0.0
1012
0.0
1022
0.0
1032
0.0
1001
ACAD
1000
AcRTDxfName
1000
BLOCKBASEPOINTPARAMETER
  0
BLOCKLINEARPARAMETER
  5
2BC
330
2B6
100
AcDbEvalExpr
 90
       12
 98
       33
 99
      197
100
AcDbBlockElement
300
线性
 98
       33
 99
      197
1071
        0
100
AcDbBlockParameter
280
     1
281
     0
100
AcDbBlock2PtParameter
1010
-969.9999993122183
1020
-275.0000000002328
1030
0.0
1011
-889.9999993122182
1021
-275.0000000002328
1031
0.0
170
     4
 91
        0
 91
       13
 91
        0
 91
        0
171
     0
172
     0
173
     1
 94
       13
303
DisplacementX
174
     1
 95
       13
304
DisplacementY
177
     0
100
AcDbBlockLinearParameter
305
距离
306

140
-56.23950069223064
307

 96
        1
141
0.0
142
0.0
143
0.0
175
     0
1001
ACAD
1000
AcRTDxfName
1000
BLOCKLINEARPARAMETER
  0
BLOCKLINEARGRIP
  5
2BD
330
2B6
100
AcDbEvalExpr
 90
       13
 98
       33
 99
      197
100
AcDbBlockElement
300
端点夹点
 98
       33
 99
      197
1071
        0
100
AcDbBlockGrip
 91
       14
 92
       15
1010
-889.9999993122182
1020
-275.0000000002328
1030
0.0
280
     1
 93
       -1
100
AcDbBlockLinearGrip
140
80.0
141
0.0
142
0.0
1001
ACAD
1000
AcRTDxfName
1000
BLOCKLINEARGRIP
  0
BLOCKGRIPLOCATIONCOMPONENT
  5
2BE
330
2B6
100
AcDbEvalExpr
 90
       14
 98
       33
 99
      197
  1

 70
    40
140
1.797693134862313E+99
100
AcDbBlockGripExpr
 91
       12
300
UpdatedEndX
1001
ACAD
1000
AcRTDxfName
1000
BLOCKGRIPLOCATIONCOMPONENT
  0
BLOCKGRIPLOCATIONCOMPONENT
  5
2BF
330
2B6
100
AcDbEvalExpr
 90
       15
 98
       33
 99
      197
  1

 70
    40
140
1.797693134862313E+99
100
AcDbBlockGripExpr
 91
       12
300
UpdatedEndY
1001
ACAD
1000
AcRTDxfName
1000
BLOCKGRIPLOCATIONCOMPONENT
  0
BLOCKARRAYACTION
  5
2C0
330
2B6
100
AcDbEvalExpr
 90
       19
 98
       33
 99
      197
100
AcDbBlockElement
300
衣架阵列
 98
       33
 99
      197
1071
        0
100
AcDbBlockAction
 70
     0
 71
     2
330
2D7
330
2D8
1010
1374676.822504039
1020
-275491.9392843397
1030
0.0
100
AcDbBlockArrayAction
 92
       12
 93
       12
 94
       12
 95
       12
301
Base
302
End
303
UpdatedBase
304
UpdatedEnd
140
1.0
141
100.0
1001
ACAD
1000
AcRTDxfName
1000
BLOCKARRAYACTION
  0
BLOCKLINEARPARAMETER
  5
2C1
330
2B6
100
AcDbEvalExpr
 90
       20
 98
       33
 99
      197
100
AcDbBlockElement
300
线性1
 98
       33
 99
      197
1071
        0
100
AcDbBlockParameter
280
     1
281
     0
100
AcDbBlock2PtParameter
1010
-999.9999993122182
1020
-550.0000000004656
1030
0.0
1011
999.9999993122182
1021
-550.0000000004656
1031
0.0
170
     4
 91
        0
 91
       21
 91
        0
 91
        0
171
     0
172
     0
173
     1
 94
       21
303
DisplacementX
174
     1
 95
       21
304
DisplacementY
177
     0
100
AcDbBlockLinearParameter
305
距离1
306

140
-205.9361874358146
307

 96
        1
141
0.0
142
0.0
143
0.0
175
     0
1001
ACAD
1000
AcRTDxfName
1000
BLOCKLINEARPARAMETER
  0
BLOCKLINEARGRIP
  5
2C2
330
2B6
100
AcDbEvalExpr
 90
       21
 98
       33
 99
      197
100
AcDbBlockElement
300
端点夹点
 98
       33
 99
      197
1071
        0
100
AcDbBlockGrip
 91
       22
 92
       23
1010
999.9999993122182
1020
-550.0000000004656
1030
0.0
280
     1
 93
       -1
100
AcDbBlockLinearGrip
140
1999.999998624436
141
0.0
142
0.0
1001
ACAD
1000
AcRTDxfName
1000
BLOCKLINEARGRIP
  0
BLOCKGRIPLOCATIONCOMPONENT
  5
2C3
330
2B6
100
AcDbEvalExpr
 90
       22
 98
       33
 99
      197
  1

 70
    40
140
1.797693134862313E+99
100
AcDbBlockGripExpr
 91
       20
300
UpdatedEndX
1001
ACAD
1000
AcRTDxfName
1000
BLOCKGRIPLOCATIONCOMPONENT
  0
BLOCKGRIPLOCATIONCOMPONENT
  5
2C4
330
2B6
100
AcDbEvalExpr
 90
       23
 98
       33
 99
      197
  1

 70
    40
140
1.797693134862313E+99
100
AcDbBlockGripExpr
 91
       20
300
UpdatedEndY
1001
ACAD
1000
AcRTDxfName
1000
BLOCKGRIPLOCATIONCOMPONENT
  0
BLOCKSTRETCHACTION
  5
2C5
330
2B6
100
AcDbEvalExpr
 90
       28
 98
       33
 99
      197
100
AcDbBlockElement
300
拉伸
 98
       33
 99
      197
1071
        0
100
AcDbBlockAction
 70
     2
 91
       34
 91
        1
 71
     7
330
2C2
330
2B7
330
2D6
330
2D5
330
2D3
330
2CC
330
2CB
1010
1374658.060382933
1020
-275737.884518252
1030
0.0
100
AcDbBlockStretchAction
 92
       20
301
EndXDelta
 93
       20
302
EndYDelta
 72
     2
1011
1345.714762012008
1021
-1023.702781310479
1011
855.6821011691354
1021
229.6725129497354
 73
     3
331
2D3
 74
     2
 94
        1
 94
        2
331
2D5
 74
     2
 94
        1
 94
        2
331
2D6
 74
     1
 94
        1
 75
     2
 95
        1
 76
     1
 94
        1
 95
       34
 76
     1
 94
        0
140
1.0
141
0.0
280
     0
1001
ACAD
1000
AcRTDxfName
1000
BLOCKSTRETCHACTION
  0
BLOCKPOINTPARAMETER
  5
2C6
330
2B6
100
AcDbEvalExpr
 90
       29
 98
       33
 99
      197
100
AcDbBlockElement
300
点
 98
       33
 99
      197
1071
        0
100
AcDbBlockParameter
280
     1
281
     0
100
AcDbBlock1PtParameter
1010
-999.9999993122182
1020
0.0
1030
0.0
 93
       30
170
     1
 91
       30
301
DisplacementX
171
     1
 92
       30
302
DisplacementY
100
AcDbBlockPointParameter
303
位置
304

1011
1375143.938487396
1021
-274939.4091212769
1031
0.0
1001
ACAD
1000
AcRTDxfName
1000
BLOCKPOINTPARAMETER
  0
BLOCKXYGRIP
  5
2C7
330
2B6
100
AcDbEvalExpr
 90
       30
 98
       33
 99
      197
100
AcDbBlockElement
300
夹点
 98
       33
 99
      197
1071
        0
100
AcDbBlockGrip
 91
       31
 92
       32
1010
-999.9999993122182
1020
0.0
1030
0.0
280
     1
 93
       -1
100
AcDbBlockXYGrip
1001
ACAD
1000
AcRTDxfName
1000
BLOCKXYGRIP
  0
BLOCKGRIPLOCATIONCOMPONENT
  5
2C8
330
2B6
100
AcDbEvalExpr
 90
       31
 98
       33
 99
      197
  1

 70
    40
140
0.0
100
AcDbBlockGripExpr
 91
       29
300
UpdatedX
1001
ACAD
1000
AcRTDxfName
1000
BLOCKGRIPLOCATIONCOMPONENT
  0
BLOCKGRIPLOCATIONCOMPONENT
  5
2C9
330
2B6
100
AcDbEvalExpr
 90
       32
 98
       33
 99
      197
  1

 70
    40
140
0.0
100
AcDbBlockGripExpr
 91
       29
300
UpdatedY
1001
ACAD
1000
AcRTDxfName
1000
BLOCKGRIPLOCATIONCOMPONENT
  0
BLOCKMOVEACTION
  5
2CA
330
2B6
100
AcDbEvalExpr
 90
       33
 98
       33
 99
      197
100
AcDbBlockElement
300
移动
 98
       33
 99
      197
1071
        0
100
AcDbBlockAction
 70
     7
 91
       34
 91
        1
 91
        5
 91
       12
 91
       19
 91
       20
 91
       28
 71
    17
330
2C7
330
2C5
330
2C2
330
2C1
330
2C0
330
2BD
330
2BC
330
2BB
330
2B8
330
2B7
330
2D7
330
2D6
330
2D8
330
2D5
330
2D3
330
2CC
330
2CB
1010
1374694.053900007
1020
-274729.517761442
1030
0.0
100
AcDbBlockMoveAction
 92
       29
301
XDelta
 93
       29
302
YDelta
140
1.0
141
0.0
280
     0
1001
ACAD
1000
AcRTDxfName
1000
BLOCKMOVEACTION
  0
BLOCKPOINTPARAMETER
  5
2CB
330
2B6
100
AcDbEvalExpr
 90
       34
 98
       33
 99
      197
100
AcDbBlockElement
300
点1
 98
       33
 99
      197
1071
        0
100
AcDbBlockParameter
280
     1
281
     0
100
AcDbBlock1PtParameter
1010
999.9999993122182
1020
0.0
1030
0.0
 93
       35
170
     1
 91
       35
301
DisplacementX
171
     1
 92
       35
302
DisplacementY
100
AcDbBlockPointParameter
303
位置1
304

1011
1377087.446419545
1021
-274933.410561326
1031
0.0
1001
ACAD
1000
AcRTDxfName
1000
BLOCKPOINTPARAMETER
  0
BLOCKXYGRIP
  5
2CC
330
2B6
100
AcDbEvalExpr
 90
       35
 98
       33
 99
      197
100
AcDbBlockElement
300
夹点
 98
       33
 99
      197
1071
        0
100
AcDbBlockGrip
 91
       36
 92
       37
1010
999.9999993122182
1020
0.0
1030
0.0
280
     1
 93
       -1
100
AcDbBlockXYGrip
1001
ACAD
1000
AcRTDxfName
1000
BLOCKXYGRIP
  0
BLOCKGRIPLOCATIONCOMPONENT
  5
2CD
330
2B6
100
AcDbEvalExpr
 90
       36
 98
       33
 99
      197
  1

 70
    40
140
0.0
100
AcDbBlockGripExpr
 91
       34
300
UpdatedX
1001
ACAD
1000
AcRTDxfName
1000
BLOCKGRIPLOCATIONCOMPONENT
  0
BLOCKGRIPLOCATIONCOMPONENT
  5
2CE
330
2B6
100
AcDbEvalExpr
 90
       37
 98
       33
 99
      197
  1

 70
    40
140
0.0
100
AcDbBlockGripExpr
 91
       34
300
UpdatedY
1001
ACAD
1000
AcRTDxfName
1000
BLOCKGRIPLOCATIONCOMPONENT
  0
BLOCKMOVEACTION
  5
2CF
330
2B6
100
AcDbEvalExpr
 90
       38
 98
       33
 99
      197
100
AcDbBlockElement
300
移动1
 98
       33
 99
      197
1071
        0
100
AcDbBlockAction
 70
     8
 91
        1
 91
        5
 91
       12
 91
       19
 91
       20
 91
       28
 91
       29
 91
       33
 71
    18
330
2CC
330
2CA
330
2C6
330
2C7
330
2C5
330
2C2
330
2C1
330
2C0
330
2BD
330
2BC
330
2BB
330
2B8
330
2B7
330
2D7
330
2D6
330
2D8
330
2D5
330
2D3
1010
1377123.435974512
1020
-274489.643308261
1030
0.0
100
AcDbBlockMoveAction
 92
       34
301
XDelta
 93
       34
302
YDelta
140
1.0
141
0.0
280
     0
1001
ACAD
1000
AcRTDxfName
1000
BLOCKMOVEACTION
  0
ACDB_BLOCKREPRESENTATION_DATA
  5
2B3
102
{ACAD_REACTORS
330
2B2
102
}
330
2B2
100
AcDbBlockRepresentationData
 70
     1
340
2B4
1001
ACAD
1000
AcRTDxfName
1000
ACDB_BLOCKREPRESENTATION_DATA
  0
DICTIONARY
  5
2DC
102
{ACAD_REACTORS
330
2B2
102
}
330
2B2
100
AcDbDictionary
280
     1
281
     1
  3
ACAD_ENHANCEDBLOCKDATA
360
2DD
  3
ACAD_ENHANCEDBLOCKHISTORY
360
2E8
  0
ACDB_BLOCKREPRESENTATION_DATA
  5
6F7
102
{ACAD_REACTORS
330
6F6
102
}
330
6F6
100
AcDbBlockRepresentationData
 70
     1
340
2B4
1001
ACAD
1000
AcRTDxfName
1000
ACDB_BLOCKREPRESENTATION_DATA
  0
DICTIONARY
  5
6F8
102
{ACAD_REACTORS
330
6F6
102
}
330
6F6
100
AcDbDictionary
280
     1
281
     1
  3
ACAD_ENHANCEDBLOCKDATA
360
6F9
  3
ACAD_ENHANCEDBLOCKHISTORY
360
704
  0
ACDB_BLOCKREPRESENTATION_DATA
  5
92D
102
{ACAD_REACTORS
330
92C
102
}
330
92C
100
AcDbBlockRepresentationData
 70
     1
340
2B4
1001
ACAD
1000
AcRTDxfName
1000
ACDB_BLOCKREPRESENTATION_DATA
  0
DICTIONARY
  5
92E
102
{ACAD_REACTORS
330
92C
102
}
330
92C
100
AcDbDictionary
280
     1
281
     1
  3
ACAD_ENHANCEDBLOCKDATA
360
92F
  3
ACAD_ENHANCEDBLOCKHISTORY
360
93A
  0
ACDB_BLOCKREPRESENTATION_DATA
  5
93F
102
{ACAD_REACTORS
330
93E
102
}
330
93E
100
AcDbBlockRepresentationData
 70
     1
340
2B4
1001
ACAD
1000
AcRTDxfName
1000
ACDB_BLOCKREPRESENTATION_DATA
  0
DICTIONARY
  5
940
102
{ACAD_REACTORS
330
93E
102
}
330
93E
100
AcDbDictionary
280
     1
281
     1
  3
ACAD_ENHANCEDBLOCKDATA
360
941
  3
ACAD_ENHANCEDBLOCKHISTORY
360
94C
  0
ACDB_BLOCKREPRESENTATION_DATA
  5
9AF
102
{ACAD_REACTORS
330
9AE
102
}
330
9AE
100
AcDbBlockRepresentationData
 70
     1
340
2B4
1001
ACAD
1000
AcRTDxfName
1000
ACDB_BLOCKREPRESENTATION_DATA
  0
DICTIONARY
  5
9B0
102
{ACAD_REACTORS
330
9AE
102
}
330
9AE
100
AcDbDictionary
280
     1
281
     1
  3
ACAD_ENHANCEDBLOCKDATA
360
9B1
  3
ACAD_ENHANCEDBLOCKHISTORY
360
9BC
  0
ACDB_BLOCKREPRESENTATION_DATA
  5
9D7
102
{ACAD_REACTORS
330
9D6
102
}
330
9D6
100
AcDbBlockRepresentationData
 70
     1
340
2B4
1001
ACAD
1000
AcRTDxfName
1000
ACDB_BLOCKREPRESENTATION_DATA
  0
DICTIONARY
  5
9D8
102
{ACAD_REACTORS
330
9D6
102
}
330
9D6
100
AcDbDictionary
280
     1
281
     1
  3
ACAD_ENHANCEDBLOCKDATA
360
9D9
  3
ACAD_ENHANCEDBLOCKHISTORY
360
9E4
  0
ACDB_BLOCKREPRESENTATION_DATA
  5
A42
102
{ACAD_REACTORS
330
A41
102
}
330
A41
100
AcDbBlockRepresentationData
 70
     1
340
2B4
1001
ACAD
1000
AcRTDxfName
1000
ACDB_BLOCKREPRESENTATION_DATA
  0
DICTIONARY
  5
A43
102
{ACAD_REACTORS
330
A41
102
}
330
A41
100
AcDbDictionary
280
     1
281
     1
  3
ACAD_ENHANCEDBLOCKDATA
360
A44
  3
ACAD_ENHANCEDBLOCKHISTORY
360
A4F
  0
ACDB_BLOCKREPRESENTATION_DATA
  5
A54
102
{ACAD_REACTORS
330
A53
102
}
330
A53
100
AcDbBlockRepresentationData
 70
     1
340
2B4
1001
ACAD
1000
AcRTDxfName
1000
ACDB_BLOCKREPRESENTATION_DATA
  0
DICTIONARY
  5
A55
102
{ACAD_REACTORS
330
A53
102
}
330
A53
100
AcDbDictionary
280
     1
281
     1
  3
ACAD_ENHANCEDBLOCKDATA
360
A56
  3
ACAD_ENHANCEDBLOCKHISTORY
360
A61
  0
DICTIONARY
  5
53
330
52
100
AcDbDictionary
280
     1
281
     1
  3
BUMPTILE
360
54
  3
DIFFUSETILE
360
55
  3
OPACITYTILE
360
56
  3
REFLECTIONTILE
360
57
  3
REFRACTIONTILE
360
58
  3
SPECULARTILE
360
59
  0
DICTIONARY
  5
4B
330
4A
100
AcDbDictionary
280
     1
281
     1
  3
BUMPTILE
360
4C
  3
DIFFUSETILE
360
4D
  3
OPACITYTILE
360
4E
  3
REFLECTIONTILE
360
4F
  3
REFRACTIONTILE
360
50
  3
SPECULARTILE
360
51
  0
DICTIONARY
  5
6E
330
6D
100
AcDbDictionary
280
     1
281
     1
  3
ACAD_ROUNDTRIP_2008_TABLESTYLE_CELLSTYLEMAP
360
FB4
  0
DICTIONARY
  5
2DD
102
{ACAD_REACTORS
330
2DC
102
}
330
2DC
100
AcDbDictionary
280
     1
281
     1
  3
1
360
2DE
  3
12
360
2DF
  3
2
360
2E0
  3
20
360
2E1
  3
28
360
2E2
  3
29
360
2E3
  3
33
360
2E4
  3
34
360
2E5
  3
38
360
2E6
  3
5
360
2E7
  0
XRECORD
  5
2E8
102
{ACAD_REACTORS
330
2DC
102
}
330
2DC
100
AcDbXrecord
280
     1
1070
     2
1071
       13
300
GRIPLOC
 11
1859.999998624437
 21
0.0
 31
0.0
1071
       21
300
GRIPLOC
 11
-1046.408281255455
 21
0.0
 31
0.0
1071
       13
300
GRIPLOC
 11
-1046.408281255455
 21
0.0
 31
0.0
1071
       21
300
GRIPLOC
 11
123.3389506272506
 21
0.0
 31
0.0
1071
       13
300
GRIPLOC
 11
276.4082826253143
 21
0.0
 31
0.0
1071
       35
300
GRIPLOC
 11
206.2111623538658
 21
0.0
 31
0.0
1071
       13
300
GRIPLOC
 11
-153.0693319980637
 21
0.0
 31
0.0
1071
       21
300
GRIPLOC
 11
-83.14183035586031
 21
0.0
 31
0.0
1071
       13
300
GRIPLOC
 11
-83.14183035586031
 21
0.0
 31
0.0
1071
       30
300
GRIPLOC
 11
-206.2111624888494
 21
-0.0000000506115612
 31
0.0
1071
       21
300
GRIPLOC
 11
206.2111624888494
 21
0.0
 31
0.0
1071
       13
300
GRIPLOC
 11
206.2111624888494
 21
0.0
 31
0.0
1071
       21
300
GRIPLOC
 11
599.9999991008662
 21
0.0
 31
0.0
1071
       13
300
GRIPLOC
 11
599.9999991008662
 21
0.0
 31
0.0
1071
       35
300
GRIPLOC
 11
-99.99999923002906
 21
0.0
 31
0.0
1071
       21
300
GRIPLOC
 11
-100.0
 21
0.0
 31
0.0
1071
       13
300
GRIPLOC
 11
444.1536247613838
 21
0.0
 31
0.0
1071
       21
300
GRIPLOC
 11
514.1536247613839
 21
0.0
 31
0.0
1071
       13
300
GRIPLOC
 11
-282.1536241961294
 21
0.0
 31
0.0
1071
       21
300
GRIPLOC
 11
-514.1536239910711
 21
0.0
 31
0.0
1071
       13
300
GRIPLOC
 11
-693.9999998323616
 21
0.0
 31
0.0
1071
       21
300
GRIPLOC
 11
-400.0000000013313
 21
0.0
 31
0.0
1071
       30
300
GRIPLOC
 11
-99.99999999997818
 21
-0.0000000000291038
 31
0.0
1071
       21
300
GRIPLOC
 11
99.99999999997818
 21
0.0
 31
0.0
1071
       13
300
GRIPLOC
 11
105.2481169015664
 21
0.0
 31
0.0
1071
       21
300
GRIPLOC
 11
1002.063520750373
 21
0.0
 31
0.0
1071
       13
300
GRIPLOC
 11
1028.815403884873
 21
0.0
 31
0.0
  0
DICTIONARY
  5
6F9
102
{ACAD_REACTORS
330
6F8
102
}
330
6F8
100
AcDbDictionary
280
     1
281
     1
  3
1
360
6FA
  3
12
360
6FB
  3
2
360
6FC
  3
20
360
6FD
  3
28
360
6FE
  3
29
360
6FF
  3
33
360
700
  3
34
360
701
  3
38
360
702
  3
5
360
703
  0
XRECORD
  5
704
102
{ACAD_REACTORS
330
6F8
102
}
330
6F8
100
AcDbXrecord
280
     1
1070
     2
1071
       13
300
GRIPLOC
 11
1859.999998624437
 21
0.0
 31
0.0
1071
       21
300
GRIPLOC
 11
-1046.408281255455
 21
0.0
 31
0.0
1071
       13
300
GRIPLOC
 11
-1046.408281255455
 21
0.0
 31
0.0
1071
       21
300
GRIPLOC
 11
123.3389506272506
 21
0.0
 31
0.0
1071
       13
300
GRIPLOC
 11
276.4082826253143
 21
0.0
 31
0.0
1071
       35
300
GRIPLOC
 11
206.2111623538658
 21
0.0
 31
0.0
1071
       13
300
GRIPLOC
 11
-153.0693319980637
 21
0.0
 31
0.0
1071
       21
300
GRIPLOC
 11
-83.14183035586031
 21
0.0
 31
0.0
1071
       13
300
GRIPLOC
 11
-83.14183035586031
 21
0.0
 31
0.0
1071
       30
300
GRIPLOC
 11
-206.2111624888494
 21
-0.0000000506115612
 31
0.0
1071
       21
300
GRIPLOC
 11
206.2111624888494
 21
0.0
 31
0.0
1071
       13
300
GRIPLOC
 11
206.2111624888494
 21
0.0
 31
0.0
1071
       21
300
GRIPLOC
 11
599.9999991008662
 21
0.0
 31
0.0
1071
       13
300
GRIPLOC
 11
599.9999991008662
 21
0.0
 31
0.0
1071
       35
300
GRIPLOC
 11
-99.99999923002906
 21
0.0
 31
0.0
1071
       21
300
GRIPLOC
 11
-100.0
 21
0.0
 31
0.0
1071
       13
300
GRIPLOC
 11
444.1536247613838
 21
0.0
 31
0.0
1071
       21
300
GRIPLOC
 11
514.1536247613839
 21
0.0
 31
0.0
1071
       13
300
GRIPLOC
 11
-282.1536241961294
 21
0.0
 31
0.0
1071
       21
300
GRIPLOC
 11
-514.1536239910711
 21
0.0
 31
0.0
1071
       13
300
GRIPLOC
 11
-693.9999998323616
 21
0.0
 31
0.0
1071
       21
300
GRIPLOC
 11
-400.0000000013313
 21
0.0
 31
0.0
1071
       30
300
GRIPLOC
 11
-99.99999999997818
 21
-0.0000000000291038
 31
0.0
1071
       21
300
GRIPLOC
 11
99.99999999997818
 21
0.0
 31
0.0
1071
       13
300
GRIPLOC
 11
105.2481169015664
 21
0.0
 31
0.0
1071
       21
300
GRIPLOC
 11
1002.063520750373
 21
0.0
 31
0.0
1071
       13
300
GRIPLOC
 11
1028.815403884873
 21
0.0
 31
0.0
1071
       21
300
GRIPLOC
 11
-402.0635207656303
 21
0.0
 31
0.0
1071
       13
300
GRIPLOC
 11
-466.0635207863522
 21
0.0
 31
0.0
1071
       21
300
GRIPLOC
 11
-165.5882569532841
 21
0.0
 31
0.0
1071
       13
300
GRIPLOC
 11
-167.2566372116562
 21
0.0
 31
0.0
  0
DICTIONARY
  5
92F
102
{ACAD_REACTORS
330
92E
102
}
330
92E
100
AcDbDictionary
280
     1
281
     1
  3
1
360
930
  3
12
360
931
  3
2
360
932
  3
20
360
933
  3
28
360
934
  3
29
360
935
  3
33
360
936
  3
34
360
937
  3
38
360
938
  3
5
360
939
  0
XRECORD
  5
93A
102
{ACAD_REACTORS
330
92E
102
}
330
92E
100
AcDbXrecord
280
     1
1070
     2
1071
       13
300
GRIPLOC
 11
1859.999998624437
 21
0.0
 31
0.0
1071
       21
300
GRIPLOC
 11
-1046.408281255455
 21
0.0
 31
0.0
1071
       13
300
GRIPLOC
 11
-1046.408281255455
 21
0.0
 31
0.0
1071
       21
300
GRIPLOC
 11
123.3389506272506
 21
0.0
 31
0.0
1071
       13
300
GRIPLOC
 11
276.4082826253143
 21
0.0
 31
0.0
1071
       35
300
GRIPLOC
 11
206.2111623538658
 21
0.0
 31
0.0
1071
       13
300
GRIPLOC
 11
-153.0693319980637
 21
0.0
 31
0.0
1071
       21
300
GRIPLOC
 11
-83.14183035586031
 21
0.0
 31
0.0
1071
       13
300
GRIPLOC
 11
-83.14183035586031
 21
0.0
 31
0.0
1071
       30
300
GRIPLOC
 11
-206.2111624888494
 21
-0.0000000506115612
 31
0.0
1071
       21
300
GRIPLOC
 11
206.2111624888494
 21
0.0
 31
0.0
1071
       13
300
GRIPLOC
 11
206.2111624888494
 21
0.0
 31
0.0
1071
       21
300
GRIPLOC
 11
599.9999991008662
 21
0.0
 31
0.0
1071
       13
300
GRIPLOC
 11
599.9999991008662
 21
0.0
 31
0.0
1071
       35
300
GRIPLOC
 11
-99.99999923002906
 21
0.0
 31
0.0
1071
       21
300
GRIPLOC
 11
-100.0
 21
0.0
 31
0.0
1071
       13
300
GRIPLOC
 11
444.1536247613838
 21
0.0
 31
0.0
1071
       21
300
GRIPLOC
 11
514.1536247613839
 21
0.0
 31
0.0
1071
       13
300
GRIPLOC
 11
-282.1536241961294
 21
0.0
 31
0.0
1071
       21
300
GRIPLOC
 11
-514.1536239910711
 21
0.0
 31
0.0
1071
       13
300
GRIPLOC
 11
-693.9999998323616
 21
0.0
 31
0.0
1071
       21
300
GRIPLOC
 11
-400.0000000013313
 21
0.0
 31
0.0
1071
       30
300
GRIPLOC
 11
-99.99999999997818
 21
-0.0000000000291038
 31
0.0
1071
       21
300
GRIPLOC
 11
99.99999999997818
 21
0.0
 31
0.0
1071
       13
300
GRIPLOC
 11
105.2481169015664
 21
0.0
 31
0.0
1071
       21
300
GRIPLOC
 11
1002.063520750373
 21
0.0
 31
0.0
1071
       13
300
GRIPLOC
 11
1028.815403884873
 21
0.0
 31
0.0
1071
       21
300
GRIPLOC
 11
-402.0635207656303
 21
0.0
 31
0.0
1071
       13
300
GRIPLOC
 11
-466.0635207863522
 21
0.0
 31
0.0
1071
       21
300
GRIPLOC
 11
-165.5882569532841
 21
0.0
 31
0.0
1071
       13
300
GRIPLOC
 11
-167.2566372116562
 21
0.0
 31
0.0
  0
DICTIONARY
  5
941
102
{ACAD_REACTORS
330
940
102
}
330
940
100
AcDbDictionary
280
     1
281
     1
  3
1
360
942
  3
12
360
943
  3
2
360
944
  3
20
360
945
  3
28
360
946
  3
29
360
947
  3
33
360
948
  3
34
360
949
  3
38
360
94A
  3
5
360
94B
  0
XRECORD
  5
94C
102
{ACAD_REACTORS
330
940
102
}
330
940
100
AcDbXrecord
280
     1
1070
     2
1071
       13
300
GRIPLOC
 11
1859.999998624437
 21
0.0
 31
0.0
1071
       21
300
GRIPLOC
 11
-1046.408281255455
 21
0.0
 31
0.0
1071
       13
300
GRIPLOC
 11
-1046.408281255455
 21
0.0
 31
0.0
1071
       21
300
GRIPLOC
 11
123.3389506272506
 21
0.0
 31
0.0
1071
       13
300
GRIPLOC
 11
276.4082826253143
 21
0.0
 31
0.0
1071
       35
300
GRIPLOC
 11
206.2111623538658
 21
0.0
 31
0.0
1071
       13
300
GRIPLOC
 11
-153.0693319980637
 21
0.0
 31
0.0
1071
       21
300
GRIPLOC
 11
-83.14183035586031
 21
0.0
 31
0.0
1071
       13
300
GRIPLOC
 11
-83.14183035586031
 21
0.0
 31
0.0
1071
       30
300
GRIPLOC
 11
-206.2111624888494
 21
-0.0000000506115612
 31
0.0
1071
       21
300
GRIPLOC
 11
206.2111624888494
 21
0.0
 31
0.0
1071
       13
300
GRIPLOC
 11
206.2111624888494
 21
0.0
 31
0.0
1071
       21
300
GRIPLOC
 11
599.9999991008662
 21
0.0
 31
0.0
1071
       13
300
GRIPLOC
 11
599.9999991008662
 21
0.0
 31
0.0
1071
       35
300
GRIPLOC
 11
-99.99999923002906
 21
0.0
 31
0.0
1071
       21
300
GRIPLOC
 11
-100.0
 21
0.0
 31
0.0
1071
       13
300
GRIPLOC
 11
444.1536247613838
 21
0.0
 31
0.0
1071
       21
300
GRIPLOC
 11
514.1536247613839
 21
0.0
 31
0.0
1071
       13
300
GRIPLOC
 11
-282.1536241961294
 21
0.0
 31
0.0
1071
       21
300
GRIPLOC
 11
-514.1536239910711
 21
0.0
 31
0.0
1071
       13
300
GRIPLOC
 11
-693.9999998323616
 21
0.0
 31
0.0
1071
       21
300
GRIPLOC
 11
-400.0000000013313
 21
0.0
 31
0.0
1071
       30
300
GRIPLOC
 11
-99.99999999997818
 21
-0.0000000000291038
 31
0.0
1071
       21
300
GRIPLOC
 11
99.99999999997818
 21
0.0
 31
0.0
1071
       13
300
GRIPLOC
 11
105.2481169015664
 21
0.0
 31
0.0
1071
       21
300
GRIPLOC
 11
1002.063520750373
 21
0.0
 31
0.0
1071
       13
300
GRIPLOC
 11
1028.815403884873
 21
0.0
 31
0.0
1071
       21
300
GRIPLOC
 11
-402.0635207656303
 21
0.0
 31
0.0
1071
       13
300
GRIPLOC
 11
-466.0635207863522
 21
0.0
 31
0.0
1071
       21
300
GRIPLOC
 11
-165.5882569532841
 21
0.0
 31
0.0
1071
       13
300
GRIPLOC
 11
-167.2566372116562
 21
0.0
 31
0.0
  0
DICTIONARY
  5
9B1
102
{ACAD_REACTORS
330
9B0
102
}
330
9B0
100
AcDbDictionary
280
     1
281
     1
  3
1
360
9B2
  3
12
360
9B3
  3
2
360
9B4
  3
20
360
9B5
  3
28
360
9B6
  3
29
360
9B7
  3
33
360
9B8
  3
34
360
9B9
  3
38
360
9BA
  3
5
360
9BB
  0
XRECORD
  5
9BC
102
{ACAD_REACTORS
330
9B0
102
}
330
9B0
100
AcDbXrecord
280
     1
1070
     2
1071
       13
300
GRIPLOC
 11
1859.999998624437
 21
0.0
 31
0.0
1071
       21
300
GRIPLOC
 11
-1046.408281255455
 21
0.0
 31
0.0
1071
       13
300
GRIPLOC
 11
-1046.408281255455
 21
0.0
 31
0.0
1071
       21
300
GRIPLOC
 11
123.3389506272506
 21
0.0
 31
0.0
1071
       13
300
GRIPLOC
 11
276.4082826253143
 21
0.0
 31
0.0
1071
       35
300
GRIPLOC
 11
206.2111623538658
 21
0.0
 31
0.0
1071
       13
300
GRIPLOC
 11
-153.0693319980637
 21
0.0
 31
0.0
1071
       21
300
GRIPLOC
 11
-83.14183035586031
 21
0.0
 31
0.0
1071
       13
300
GRIPLOC
 11
-83.14183035586031
 21
0.0
 31
0.0
1071
       30
300
GRIPLOC
 11
-206.2111624888494
 21
-0.0000000506115612
 31
0.0
1071
       21
300
GRIPLOC
 11
206.2111624888494
 21
0.0
 31
0.0
1071
       13
300
GRIPLOC
 11
206.2111624888494
 21
0.0
 31
0.0
1071
       21
300
GRIPLOC
 11
599.9999991008662
 21
0.0
 31
0.0
1071
       13
300
GRIPLOC
 11
599.9999991008662
 21
0.0
 31
0.0
1071
       35
300
GRIPLOC
 11
-99.99999923002906
 21
0.0
 31
0.0
1071
       21
300
GRIPLOC
 11
-100.0
 21
0.0
 31
0.0
1071
       13
300
GRIPLOC
 11
444.1536247613838
 21
0.0
 31
0.0
1071
       21
300
GRIPLOC
 11
514.1536247613839
 21
0.0
 31
0.0
1071
       13
300
GRIPLOC
 11
-282.1536241961294
 21
0.0
 31
0.0
1071
       21
300
GRIPLOC
 11
-514.1536239910711
 21
0.0
 31
0.0
1071
       13
300
GRIPLOC
 11
-693.9999998323616
 21
0.0
 31
0.0
1071
       21
300
GRIPLOC
 11
-400.0000000013313
 21
0.0
 31
0.0
1071
       30
300
GRIPLOC
 11
-99.99999999997818
 21
-0.0000000000291038
 31
0.0
1071
       21
300
GRIPLOC
 11
99.99999999997818
 21
0.0
 31
0.0
1071
       13
300
GRIPLOC
 11
105.2481169015664
 21
0.0
 31
0.0
1071
       21
300
GRIPLOC
 11
1002.063520750373
 21
0.0
 31
0.0
1071
       13
300
GRIPLOC
 11
1028.815403884873
 21
0.0
 31
0.0
  0
DICTIONARY
  5
9D9
102
{ACAD_REACTORS
330
9D8
102
}
330
9D8
100
AcDbDictionary
280
     1
281
     1
  3
1
360
9DA
  3
12
360
9DB
  3
2
360
9DC
  3
20
360
9DD
  3
28
360
9DE
  3
29
360
9DF
  3
33
360
9E0
  3
34
360
9E1
  3
38
360
9E2
  3
5
360
9E3
  0
XRECORD
  5
9E4
102
{ACAD_REACTORS
330
9D8
102
}
330
9D8
100
AcDbXrecord
280
     1
1070
     2
1071
       13
300
GRIPLOC
 11
1859.999998624437
 21
0.0
 31
0.0
1071
       21
300
GRIPLOC
 11
-1046.408281255455
 21
0.0
 31
0.0
1071
       13
300
GRIPLOC
 11
-1046.408281255455
 21
0.0
 31
0.0
1071
       21
300
GRIPLOC
 11
123.3389506272506
 21
0.0
 31
0.0
1071
       13
300
GRIPLOC
 11
276.4082826253143
 21
0.0
 31
0.0
1071
       35
300
GRIPLOC
 11
206.2111623538658
 21
0.0
 31
0.0
1071
       13
300
GRIPLOC
 11
-153.0693319980637
 21
0.0
 31
0.0
1071
       21
300
GRIPLOC
 11
-83.14183035586031
 21
0.0
 31
0.0
1071
       13
300
GRIPLOC
 11
-83.14183035586031
 21
0.0
 31
0.0
1071
       30
300
GRIPLOC
 11
-206.2111624888494
 21
-0.0000000506115612
 31
0.0
1071
       21
300
GRIPLOC
 11
206.2111624888494
 21
0.0
 31
0.0
1071
       13
300
GRIPLOC
 11
206.2111624888494
 21
0.0
 31
0.0
1071
       21
300
GRIPLOC
 11
599.9999991008662
 21
0.0
 31
0.0
1071
       13
300
GRIPLOC
 11
599.9999991008662
 21
0.0
 31
0.0
1071
       35
300
GRIPLOC
 11
-99.99999923002906
 21
0.0
 31
0.0
1071
       21
300
GRIPLOC
 11
-100.0
 21
0.0
 31
0.0
1071
       13
300
GRIPLOC
 11
444.1536247613838
 21
0.0
 31
0.0
1071
       21
300
GRIPLOC
 11
514.1536247613839
 21
0.0
 31
0.0
1071
       13
300
GRIPLOC
 11
-282.1536241961294
 21
0.0
 31
0.0
1071
       21
300
GRIPLOC
 11
-514.1536239910711
 21
0.0
 31
0.0
1071
       13
300
GRIPLOC
 11
-693.9999998323616
 21
0.0
 31
0.0
1071
       21
300
GRIPLOC
 11
-400.0000000013313
 21
0.0
 31
0.0
1071
       30
300
GRIPLOC
 11
-99.99999999997818
 21
-0.0000000000291038
 31
0.0
1071
       21
300
GRIPLOC
 11
99.99999999997818
 21
0.0
 31
0.0
1071
       13
300
GRIPLOC
 11
105.2481169015664
 21
0.0
 31
0.0
1071
       21
300
GRIPLOC
 11
1002.063520750373
 21
0.0
 31
0.0
1071
       13
300
GRIPLOC
 11
1028.815403884873
 21
0.0
 31
0.0
1071
       21
300
GRIPLOC
 11
-402.0635207656303
 21
0.0
 31
0.0
1071
       13
300
GRIPLOC
 11
-466.0635207863522
 21
0.0
 31
0.0
1071
       21
300
GRIPLOC
 11
-165.5882569532841
 21
0.0
 31
0.0
1071
       13
300
GRIPLOC
 11
-167.2566372116562
 21
0.0
 31
0.0
  0
DICTIONARY
  5
A44
102
{ACAD_REACTORS
330
A43
102
}
330
A43
100
AcDbDictionary
280
     1
281
     1
  3
1
360
A45
  3
12
360
A46
  3
2
360
A47
  3
20
360
A48
  3
28
360
A49
  3
29
360
A4A
  3
33
360
A4B
  3
34
360
A4C
  3
38
360
A4D
  3
5
360
A4E
  0
XRECORD
  5
A4F
102
{ACAD_REACTORS
330
A43
102
}
330
A43
100
AcDbXrecord
280
     1
1070
     2
1071
       13
300
GRIPLOC
 11
1859.999998624437
 21
0.0
 31
0.0
1071
       21
300
GRIPLOC
 11
-1046.408281255455
 21
0.0
 31
0.0
1071
       13
300
GRIPLOC
 11
-1046.408281255455
 21
0.0
 31
0.0
1071
       21
300
GRIPLOC
 11
123.3389506272506
 21
0.0
 31
0.0
1071
       13
300
GRIPLOC
 11
276.4082826253143
 21
0.0
 31
0.0
1071
       35
300
GRIPLOC
 11
206.2111623538658
 21
0.0
 31
0.0
1071
       13
300
GRIPLOC
 11
-153.0693319980637
 21
0.0
 31
0.0
1071
       21
300
GRIPLOC
 11
-83.14183035586031
 21
0.0
 31
0.0
1071
       13
300
GRIPLOC
 11
-83.14183035586031
 21
0.0
 31
0.0
1071
       30
300
GRIPLOC
 11
-206.2111624888494
 21
-0.0000000506115612
 31
0.0
1071
       21
300
GRIPLOC
 11
206.2111624888494
 21
0.0
 31
0.0
1071
       13
300
GRIPLOC
 11
206.2111624888494
 21
0.0
 31
0.0
1071
       21
300
GRIPLOC
 11
599.9999991008662
 21
0.0
 31
0.0
1071
       13
300
GRIPLOC
 11
599.9999991008662
 21
0.0
 31
0.0
1071
       35
300
GRIPLOC
 11
-99.99999923002906
 21
0.0
 31
0.0
1071
       21
300
GRIPLOC
 11
-100.0
 21
0.0
 31
0.0
1071
       13
300
GRIPLOC
 11
444.1536247613838
 21
0.0
 31
0.0
1071
       21
300
GRIPLOC
 11
514.1536247613839
 21
0.0
 31
0.0
1071
       13
300
GRIPLOC
 11
-282.1536241961294
 21
0.0
 31
0.0
1071
       21
300
GRIPLOC
 11
-514.1536239910711
 21
0.0
 31
0.0
1071
       13
300
GRIPLOC
 11
-693.9999998323616
 21
0.0
 31
0.0
1071
       21
300
GRIPLOC
 11
-400.0000000013313
 21
0.0
 31
0.0
1071
       30
300
GRIPLOC
 11
-99.99999999997818
 21
-0.0000000000291038
 31
0.0
1071
       21
300
GRIPLOC
 11
99.99999999997818
 21
0.0
 31
0.0
1071
       13
300
GRIPLOC
 11
105.2481169015664
 21
0.0
 31
0.0
1071
       21
300
GRIPLOC
 11
1002.063520750373
 21
0.0
 31
0.0
1071
       13
300
GRIPLOC
 11
1028.815403884873
 21
0.0
 31
0.0
1071
       21
300
GRIPLOC
 11
-402.0635207656303
 21
0.0
 31
0.0
1071
       13
300
GRIPLOC
 11
-466.0635207863522
 21
0.0
 31
0.0
1071
       21
300
GRIPLOC
 11
-165.5882569532841
 21
0.0
 31
0.0
1071
       13
300
GRIPLOC
 11
-167.2566372116562
 21
0.0
 31
0.0
  0
DICTIONARY
  5
A56
102
{ACAD_REACTORS
330
A55
102
}
330
A55
100
AcDbDictionary
280
     1
281
     1
  3
1
360
A57
  3
12
360
A58
  3
2
360
A59
  3
20
360
A5A
  3
28
360
A5B
  3
29
360
A5C
  3
33
360
A5D
  3
34
360
A5E
  3
38
360
A5F
  3
5
360
A60
  0
XRECORD
  5
A61
102
{ACAD_REACTORS
330
A55
102
}
330
A55
100
AcDbXrecord
280
     1
1070
     2
1071
       13
300
GRIPLOC
 11
1859.999998624437
 21
0.0
 31
0.0
1071
       21
300
GRIPLOC
 11
-1046.408281255455
 21
0.0
 31
0.0
1071
       13
300
GRIPLOC
 11
-1046.408281255455
 21
0.0
 31
0.0
1071
       21
300
GRIPLOC
 11
123.3389506272506
 21
0.0
 31
0.0
1071
       13
300
GRIPLOC
 11
276.4082826253143
 21
0.0
 31
0.0
1071
       35
300
GRIPLOC
 11
206.2111623538658
 21
0.0
 31
0.0
1071
       13
300
GRIPLOC
 11
-153.0693319980637
 21
0.0
 31
0.0
1071
       21
300
GRIPLOC
 11
-83.14183035586031
 21
0.0
 31
0.0
1071
       13
300
GRIPLOC
 11
-83.14183035586031
 21
0.0
 31
0.0
1071
       30
300
GRIPLOC
 11
-206.2111624888494
 21
-0.0000000506115612
 31
0.0
1071
       21
300
GRIPLOC
 11
206.2111624888494
 21
0.0
 31
0.0
1071
       13
300
GRIPLOC
 11
206.2111624888494
 21
0.0
 31
0.0
1071
       21
300
GRIPLOC
 11
599.9999991008662
 21
0.0
 31
0.0
1071
       13
300
GRIPLOC
 11
599.9999991008662
 21
0.0
 31
0.0
1071
       35
300
GRIPLOC
 11
-99.99999923002906
 21
0.0
 31
0.0
1071
       21
300
GRIPLOC
 11
-100.0
 21
0.0
 31
0.0
1071
       13
300
GRIPLOC
 11
444.1536247613838
 21
0.0
 31
0.0
1071
       21
300
GRIPLOC
 11
514.1536247613839
 21
0.0
 31
0.0
1071
       13
300
GRIPLOC
 11
-282.1536241961294
 21
0.0
 31
0.0
1071
       21
300
GRIPLOC
 11
-514.1536239910711
 21
0.0
 31
0.0
1071
       13
300
GRIPLOC
 11
-693.9999998323616
 21
0.0
 31
0.0
1071
       21
300
GRIPLOC
 11
-400.0000000013313
 21
0.0
 31
0.0
1071
       30
300
GRIPLOC
 11
-99.99999999997818
 21
-0.0000000000291038
 31
0.0
1071
       21
300
GRIPLOC
 11
99.99999999997818
 21
0.0
 31
0.0
1071
       13
300
GRIPLOC
 11
105.2481169015664
 21
0.0
 31
0.0
1071
       21
300
GRIPLOC
 11
1002.063520750373
 21
0.0
 31
0.0
1071
       13
300
GRIPLOC
 11
1028.815403884873
 21
0.0
 31
0.0
1071
       21
300
GRIPLOC
 11
-402.0635207656303
 21
0.0
 31
0.0
1071
       13
300
GRIPLOC
 11
-466.0635207863522
 21
0.0
 31
0.0
1071
       21
300
GRIPLOC
 11
-165.5882569532841
 21
0.0
 31
0.0
1071
       13
300
GRIPLOC
 11
-167.2566372116562
 21
0.0
 31
0.0
  0
XRECORD
  5
54
102
{ACAD_REACTORS
330
53
102
}
330
53
100
AcDbXrecord
280
     1
270
     1
271
     1
  0
XRECORD
  5
55
102
{ACAD_REACTORS
330
53
102
}
330
53
100
AcDbXrecord
280
     1
270
     1
271
     1
  0
XRECORD
  5
56
102
{ACAD_REACTORS
330
53
102
}
330
53
100
AcDbXrecord
280
     1
270
     1
271
     1
  0
XRECORD
  5
57
102
{ACAD_REACTORS
330
53
102
}
330
53
100
AcDbXrecord
280
     1
270
     1
271
     1
  0
XRECORD
  5
58
102
{ACAD_REACTORS
330
53
102
}
330
53
100
AcDbXrecord
280
     1
270
     1
271
     1
  0
XRECORD
  5
59
102
{ACAD_REACTORS
330
53
102
}
330
53
100
AcDbXrecord
280
     1
270
     1
271
     1
  0
XRECORD
  5
4C
102
{ACAD_REACTORS
330
4B
102
}
330
4B
100
AcDbXrecord
280
     1
270
     1
271
     1
  0
XRECORD
  5
4D
102
{ACAD_REACTORS
330
4B
102
}
330
4B
100
AcDbXrecord
280
     1
270
     1
271
     1
  0
XRECORD
  5
4E
102
{ACAD_REACTORS
330
4B
102
}
330
4B
100
AcDbXrecord
280
     1
270
     1
271
     1
  0
XRECORD
  5
4F
102
{ACAD_REACTORS
330
4B
102
}
330
4B
100
AcDbXrecord
280
     1
270
     1
271
     1
  0
XRECORD
  5
50
102
{ACAD_REACTORS
330
4B
102
}
330
4B
100
AcDbXrecord
280
     1
270
     1
271
     1
  0
XRECORD
  5
51
102
{ACAD_REACTORS
330
4B
102
}
330
4B
100
AcDbXrecord
280
     1
270
     1
271
     1
  0
CELLSTYLEMAP
  5
FB4
102
{ACAD_REACTORS
330
6E
102
}
330
6E
100
AcDbCellStyleMap
 90
        3
300
CELLSTYLE
  1
TABLEFORMAT_BEGIN
 90
        5
170
     1
 91
        0
 92
    32768
 62
   257
 93
        1
300
CONTENTFORMAT
  1
CONTENTFORMAT_BEGIN
 90
        0
 91
        0
 92
        4
 93
        0
300

 40
0.0
140
1.0
 94
        5
 62
     0
340
22
144
0.25
309
CONTENTFORMAT_END
171
     1
301
MARGIN
  1
CELLMARGIN_BEGIN
 40
0.06
 40
0.06
 40
0.06
 40
0.06
 40
0.18
 40
0.18
309
CELLMARGIN_END
 94
        6
 95
        1
302
GRIDFORMAT
  1
GRIDFORMAT_BEGIN
 90
        0
 91
        1
 62
     0
 92
       -2
340
0
 93
        0
 40
0.045
309
GRIDFORMAT_END
 95
        2
302
GRIDFORMAT
  1
GRIDFORMAT_BEGIN
 90
        0
 91
        1
 62
     0
 92
       -2
340
0
 93
        0
 40
0.045
309
GRIDFORMAT_END
 95
        4
302
GRIDFORMAT
  1
GRIDFORMAT_BEGIN
 90
        0
 91
        1
 62
     0
 92
       -2
340
0
 93
        0
 40
0.045
309
GRIDFORMAT_END
 95
        8
302
GRIDFORMAT
  1
GRIDFORMAT_BEGIN
 90
        0
 91
        1
 62
     0
 92
       -2
340
0
 93
        0
 40
0.045
309
GRIDFORMAT_END
 95
       16
302
GRIDFORMAT
  1
GRIDFORMAT_BEGIN
 90
        0
 91
        1
 62
     0
 92
       -2
340
0
 93
        0
 40
0.045
309
GRIDFORMAT_END
 95
       32
302
GRIDFORMAT
  1
GRIDFORMAT_BEGIN
 90
        0
 91
        1
 62
     0
 92
       -2
340
0
 93
        0
 40
0.045
309
GRIDFORMAT_END
309
TABLEFORMAT_END
  1
CELLSTYLE_BEGIN
 90
        1
 91
        1
300
_TITLE
309
CELLSTYLE_END
300
CELLSTYLE
  1
TABLEFORMAT_BEGIN
 90
        5
170
     1
 91
        0
 92
        0
 62
   257
 93
        1
300
CONTENTFORMAT
  1
CONTENTFORMAT_BEGIN
 90
        0
 91
        0
 92
        4
 93
        0
300

 40
0.0
140
1.0
 94
        5
 62
     0
340
22
144
0.18
309
CONTENTFORMAT_END
171
     1
301
MARGIN
  1
CELLMARGIN_BEGIN
 40
0.06
 40
0.06
 40
0.06
 40
0.06
 40
0.18
 40
0.18
309
CELLMARGIN_END
 94
        6
 95
        1
302
GRIDFORMAT
  1
GRIDFORMAT_BEGIN
 90
        0
 91
        1
 62
     0
 92
       -2
340
0
 93
        0
 40
0.045
309
GRIDFORMAT_END
 95
        2
302
GRIDFORMAT
  1
GRIDFORMAT_BEGIN
 90
        0
 91
        1
 62
     0
 92
       -2
340
0
 93
        0
 40
0.045
309
GRIDFORMAT_END
 95
        4
302
GRIDFORMAT
  1
GRIDFORMAT_BEGIN
 90
        0
 91
        1
 62
     0
 92
       -2
340
0
 93
        0
 40
0.045
309
GRIDFORMAT_END
 95
        8
302
GRIDFORMAT
  1
GRIDFORMAT_BEGIN
 90
        0
 91
        1
 62
     0
 92
       -2
340
0
 93
        0
 40
0.045
309
GRIDFORMAT_END
 95
       16
302
GRIDFORMAT
  1
GRIDFORMAT_BEGIN
 90
        0
 91
        1
 62
     0
 92
       -2
340
0
 93
        0
 40
0.045
309
GRIDFORMAT_END
 95
       32
302
GRIDFORMAT
  1
GRIDFORMAT_BEGIN
 90
        0
 91
        1
 62
     0
 92
       -2
340
0
 93
        0
 40
0.045
309
GRIDFORMAT_END
309
TABLEFORMAT_END
  1
CELLSTYLE_BEGIN
 90
        2
 91
        1
300
_HEADER
309
CELLSTYLE_END
300
CELLSTYLE
  1
TABLEFORMAT_BEGIN
 90
        5
170
     1
 91
        0
 92
        0
 62
   257
 93
        1
300
CONTENTFORMAT
  1
CONTENTFORMAT_BEGIN
 90
        0
 91
        0
 92
        4
 93
        0
300

 40
0.0
140
1.0
 94
        2
 62
     0
340
22
144
0.18
309
CONTENTFORMAT_END
171
     1
301
MARGIN
  1
CELLMARGIN_BEGIN
 40
0.06
 40
0.06
 40
0.06
 40
0.06
 40
0.18
 40
0.18
309
CELLMARGIN_END
 94
        6
 95
        1
302
GRIDFORMAT
  1
GRIDFORMAT_BEGIN
 90
        0
 91
        1
 62
     0
 92
       -2
340
0
 93
        0
 40
0.045
309
GRIDFORMAT_END
 95
        2
302
GRIDFORMAT
  1
GRIDFORMAT_BEGIN
 90
        0
 91
        1
 62
     0
 92
       -2
340
0
 93
        0
 40
0.045
309
GRIDFORMAT_END
 95
        4
302
GRIDFORMAT
  1
GRIDFORMAT_BEGIN
 90
        0
 91
        1
 62
     0
 92
       -2
340
0
 93
        0
 40
0.045
309
GRIDFORMAT_END
 95
        8
302
GRIDFORMAT
  1
GRIDFORMAT_BEGIN
 90
        0
 91
        1
 62
     0
 92
       -2
340
0
 93
        0
 40
0.045
309
GRIDFORMAT_END
 95
       16
302
GRIDFORMAT
  1
GRIDFORMAT_BEGIN
 90
        0
 91
        1
 62
     0
 92
       -2
340
0
 93
        0
 40
0.045
309
GRIDFORMAT_END
 95
       32
302
GRIDFORMAT
  1
GRIDFORMAT_BEGIN
 90
        0
 91
        1
 62
     0
 92
       -2
340
0
 93
        0
 40
0.045
309
GRIDFORMAT_END
309
TABLEFORMAT_END
  1
CELLSTYLE_BEGIN
 90
        3
 91
        2
300
_DATA
309
CELLSTYLE_END
  0
XRECORD
  5
2DE
102
{ACAD_REACTORS
330
2DD
102
}
330
2DD
100
AcDbXrecord
280
     1
1071
 82446124
1071
112284408
 70
    25
 70
    76
 10
0.0
 20
0.0
 30
0.0
 10
1565.028547610011
 20
0.0
 30
0.0
 10
0.0
 20
0.0
 30
-1.0
  0
XRECORD
  5
2DF
102
{ACAD_REACTORS
330
2DD
102
}
330
2DD
100
AcDbXrecord
280
     1
1071
 18597260
1071
 25303744
 70
    25
 70
    76
 10
-969.9999993122183
 20
-275.0000000002328
 30
0.0
 10
1372.063521437202
 20
-275.0000000002328
 30
0.0
 10
0.0
 20
0.0
 30
-1.0
  0
XRECORD
  5
2E0
102
{ACAD_REACTORS
330
2DD
102
}
330
2DD
100
AcDbXrecord
280
     1
1071
  6886097
1071
  9208651
 70
    25
 70
    76
 70
     0
  0
XRECORD
  5
2E1
102
{ACAD_REACTORS
330
2DD
102
}
330
2DD
100
AcDbXrecord
280
     1
1071
 18597260
1071
 25303744
 70
    25
 70
    76
 10
-999.9999993122182
 20
-550.0000000004656
 30
0.0
 10
1402.063521437202
 20
-550.0000000004656
 30
0.0
 10
0.0
 20
0.0
 30
-1.0
  0
XRECORD
  5
2E2
102
{ACAD_REACTORS
330
2DD
102
}
330
2DD
100
AcDbXrecord
280
     1
1071
  6895636
1071
  9291323
 70
    25
 70
    76
 40
0.0
  0
XRECORD
  5
2E3
102
{ACAD_REACTORS
330
2DD
102
}
330
2DD
100
AcDbXrecord
280
     1
1071
 11324608
1071
 15407465
 70
    25
 70
    76
 10
-999.9999993122182
 20
0.0
 30
0.0
  0
XRECORD
  5
2E4
102
{ACAD_REACTORS
330
2DD
102
}
330
2DD
100
AcDbXrecord
280
     1
1071
  1553528
1071
  2094574
 70
    25
 70
    76
 40
0.0
  0
XRECORD
  5
2E5
102
{ACAD_REACTORS
330
2DD
102
}
330
2DD
100
AcDbXrecord
280
     1
1071
 11324608
1071
 15407465
 70
    25
 70
    76
 10
1402.063521437202
 20
0.0
 30
0.0
  0
XRECORD
  5
2E6
102
{ACAD_REACTORS
330
2DD
102
}
330
2DD
100
AcDbXrecord
280
     1
1071
  1553528
1071
  2094574
 70
    25
 70
    76
 40
0.0
  0
XRECORD
  5
2E7
102
{ACAD_REACTORS
330
2DD
102
}
330
2DD
100
AcDbXrecord
280
     1
1071
 82437801
1071
112294725
 70
    25
 70
    76
 10
0.0
 20
0.0
 30
0.0
  0
XRECORD
  5
6FA
102
{ACAD_REACTORS
330
6F9
102
}
330
6F9
100
AcDbXrecord
280
     1
1071
 82446124
1071
112284408
 70
    25
 70
    76
 10
0.0
 20
0.0
 30
0.0
 10
997.3767698910963
 20
0.0
 30
0.0
 10
0.0
 20
0.0
 30
-1.0
  0
XRECORD
  5
6FB
102
{ACAD_REACTORS
330
6F9
102
}
330
6F9
100
AcDbXrecord
280
     1
1071
 18597260
1071
 25303744
 70
    25
 70
    76
 10
-969.9999993122183
 20
-275.0000000002328
 30
0.0
 10
738.7433634391936
 20
-275.0000000002328
 30
0.0
 10
0.0
 20
0.0
 30
-1.0
  0
XRECORD
  5
6FC
102
{ACAD_REACTORS
330
6F9
102
}
330
6F9
100
AcDbXrecord
280
     1
1071
  6886097
1071
  9208651
 70
    25
 70
    76
 70
     0
  0
XRECORD
  5
6FD
102
{ACAD_REACTORS
330
6F9
102
}
330
6F9
100
AcDbXrecord
280
     1
1071
 18597260
1071
 25303744
 70
    25
 70
    76
 10
-999.9999993122182
 20
-550.0000000004656
 30
0.0
 10
834.411743718287
 20
-550.0000000004656
 30
0.0
 10
0.0
 20
0.0
 30
-1.0
  0
XRECORD
  5
6FE
102
{ACAD_REACTORS
330
6F9
102
}
330
6F9
100
AcDbXrecord
280
     1
1071
  6895636
1071
  9291323
 70
    25
 70
    76
 40
0.0
  0
XRECORD
  5
6FF
102
{ACAD_REACTORS
330
6F9
102
}
330
6F9
100
AcDbXrecord
280
     1
1071
 11324608
1071
 15407465
 70
    25
 70
    76
 10
-999.9999993122182
 20
0.0
 30
0.0
  0
XRECORD
  5
700
102
{ACAD_REACTORS
330
6F9
102
}
330
6F9
100
AcDbXrecord
280
     1
1071
  1553528
1071
  2094574
 70
    25
 70
    76
 40
0.0
  0
XRECORD
  5
701
102
{ACAD_REACTORS
330
6F9
102
}
330
6F9
100
AcDbXrecord
280
     1
1071
 11324608
1071
 15407465
 70
    25
 70
    76
 10
834.411743718287
 20
0.0
 30
0.0
  0
XRECORD
  5
702
102
{ACAD_REACTORS
330
6F9
102
}
330
6F9
100
AcDbXrecord
280
     1
1071
  1553528
1071
  2094574
 70
    25
 70
    76
 40
0.0
  0
XRECORD
  5
703
102
{ACAD_REACTORS
330
6F9
102
}
330
6F9
100
AcDbXrecord
280
     1
1071
 82437801
1071
112294725
 70
    25
 70
    76
 10
0.0
 20
0.0
 30
0.0
  0
XRECORD
  5
930
102
{ACAD_REACTORS
330
92F
102
}
330
92F
100
AcDbXrecord
280
     1
1071
 82446124
1071
112284408
 70
    25
 70
    76
 10
0.0
 20
0.0
 30
0.0
 10
997.3767698910963
 20
0.0
 30
0.0
 10
0.0
 20
0.0
 30
-1.0
  0
XRECORD
  5
931
102
{ACAD_REACTORS
330
92F
102
}
330
92F
100
AcDbXrecord
280
     1
1071
 18597260
1071
 25303744
 70
    25
 70
    76
 10
-969.9999993122183
 20
-275.0000000002328
 30
0.0
 10
738.7433634391936
 20
-275.0000000002328
 30
0.0
 10
0.0
 20
0.0
 30
-1.0
  0
XRECORD
  5
932
102
{ACAD_REACTORS
330
92F
102
}
330
92F
100
AcDbXrecord
280
     1
1071
  6886097
1071
  9208651
 70
    25
 70
    76
 70
     0
  0
XRECORD
  5
933
102
{ACAD_REACTORS
330
92F
102
}
330
92F
100
AcDbXrecord
280
     1
1071
 18597260
1071
 25303744
 70
    25
 70
    76
 10
-999.9999993122182
 20
-550.0000000004656
 30
0.0
 10
834.411743718287
 20
-550.0000000004656
 30
0.0
 10
0.0
 20
0.0
 30
-1.0
  0
XRECORD
  5
934
102
{ACAD_REACTORS
330
92F
102
}
330
92F
100
AcDbXrecord
280
     1
1071
  6895636
1071
  9291323
 70
    25
 70
    76
 40
0.0
  0
XRECORD
  5
935
102
{ACAD_REACTORS
330
92F
102
}
330
92F
100
AcDbXrecord
280
     1
1071
 11324608
1071
 15407465
 70
    25
 70
    76
 10
-999.9999993122182
 20
0.0
 30
0.0
  0
XRECORD
  5
936
102
{ACAD_REACTORS
330
92F
102
}
330
92F
100
AcDbXrecord
280
     1
1071
  1553528
1071
  2094574
 70
    25
 70
    76
 40
0.0
  0
XRECORD
  5
937
102
{ACAD_REACTORS
330
92F
102
}
330
92F
100
AcDbXrecord
280
     1
1071
 11324608
1071
 15407465
 70
    25
 70
    76
 10
834.411743718287
 20
0.0
 30
0.0
  0
XRECORD
  5
938
102
{ACAD_REACTORS
330
92F
102
}
330
92F
100
AcDbXrecord
280
     1
1071
  1553528
1071
  2094574
 70
    25
 70
    76
 40
0.0
  0
XRECORD
  5
939
102
{ACAD_REACTORS
330
92F
102
}
330
92F
100
AcDbXrecord
280
     1
1071
 82437801
1071
112294725
 70
    25
 70
    76
 10
0.0
 20
0.0
 30
0.0
  0
XRECORD
  5
942
102
{ACAD_REACTORS
330
941
102
}
330
941
100
AcDbXrecord
280
     1
1071
 82446124
1071
112284408
 70
    25
 70
    76
 10
0.0
 20
0.0
 30
0.0
 10
997.3767698910963
 20
0.0
 30
0.0
 10
0.0
 20
0.0
 30
-1.0
  0
XRECORD
  5
943
102
{ACAD_REACTORS
330
941
102
}
330
941
100
AcDbXrecord
280
     1
1071
 18597260
1071
 25303744
 70
    25
 70
    76
 10
-969.9999993122183
 20
-275.0000000002328
 30
0.0
 10
738.7433634391936
 20
-275.0000000002328
 30
0.0
 10
0.0
 20
0.0
 30
-1.0
  0
XRECORD
  5
944
102
{ACAD_REACTORS
330
941
102
}
330
941
100
AcDbXrecord
280
     1
1071
  6886097
1071
  9208651
 70
    25
 70
    76
 70
     0
  0
XRECORD
  5
945
102
{ACAD_REACTORS
330
941
102
}
330
941
100
AcDbXrecord
280
     1
1071
 18597260
1071
 25303744
 70
    25
 70
    76
 10
-999.9999993122182
 20
-550.0000000004656
 30
0.0
 10
834.411743718287
 20
-550.0000000004656
 30
0.0
 10
0.0
 20
0.0
 30
-1.0
  0
XRECORD
  5
946
102
{ACAD_REACTORS
330
941
102
}
330
941
100
AcDbXrecord
280
     1
1071
  6895636
1071
  9291323
 70
    25
 70
    76
 40
0.0
  0
XRECORD
  5
947
102
{ACAD_REACTORS
330
941
102
}
330
941
100
AcDbXrecord
280
     1
1071
 11324608
1071
 15407465
 70
    25
 70
    76
 10
-999.9999993122182
 20
0.0
 30
0.0
  0
XRECORD
  5
948
102
{ACAD_REACTORS
330
941
102
}
330
941
100
AcDbXrecord
280
     1
1071
  1553528
1071
  2094574
 70
    25
 70
    76
 40
0.0
  0
XRECORD
  5
949
102
{ACAD_REACTORS
330
941
102
}
330
941
100
AcDbXrecord
280
     1
1071
 11324608
1071
 15407465
 70
    25
 70
    76
 10
834.411743718287
 20
0.0
 30
0.0
  0
XRECORD
  5
94A
102
{ACAD_REACTORS
330
941
102
}
330
941
100
AcDbXrecord
280
     1
1071
  1553528
1071
  2094574
 70
    25
 70
    76
 40
0.0
  0
XRECORD
  5
94B
102
{ACAD_REACTORS
330
941
102
}
330
941
100
AcDbXrecord
280
     1
1071
 82437801
1071
112294725
 70
    25
 70
    76
 10
0.0
 20
0.0
 30
0.0
  0
XRECORD
  5
9B2
102
{ACAD_REACTORS
330
9B1
102
}
330
9B1
100
AcDbXrecord
280
     1
1071
 82446124
1071
112284408
 70
    25
 70
    76
 10
0.0
 20
0.0
 30
0.0
 10
1565.028547610011
 20
0.0
 30
0.0
 10
0.0
 20
0.0
 30
-1.0
  0
XRECORD
  5
9B3
102
{ACAD_REACTORS
330
9B1
102
}
330
9B1
100
AcDbXrecord
280
     1
1071
 18597260
1071
 25303744
 70
    25
 70
    76
 10
-969.9999993122183
 20
-275.0000000002328
 30
0.0
 10
1372.063521437202
 20
-275.0000000002328
 30
0.0
 10
0.0
 20
0.0
 30
-1.0
  0
XRECORD
  5
9B4
102
{ACAD_REACTORS
330
9B1
102
}
330
9B1
100
AcDbXrecord
280
     1
1071
  6886097
1071
  9208651
 70
    25
 70
    76
 70
     0
  0
XRECORD
  5
9B5
102
{ACAD_REACTORS
330
9B1
102
}
330
9B1
100
AcDbXrecord
280
     1
1071
 18597260
1071
 25303744
 70
    25
 70
    76
 10
-999.9999993122182
 20
-550.0000000004656
 30
0.0
 10
1402.063521437202
 20
-550.0000000004656
 30
0.0
 10
0.0
 20
0.0
 30
-1.0
  0
XRECORD
  5
9B6
102
{ACAD_REACTORS
330
9B1
102
}
330
9B1
100
AcDbXrecord
280
     1
1071
  6895636
1071
  9291323
 70
    25
 70
    76
 40
0.0
  0
XRECORD
  5
9B7
102
{ACAD_REACTORS
330
9B1
102
}
330
9B1
100
AcDbXrecord
280
     1
1071
 11324608
1071
 15407465
 70
    25
 70
    76
 10
-999.9999993122182
 20
0.0
 30
0.0
  0
XRECORD
  5
9B8
102
{ACAD_REACTORS
330
9B1
102
}
330
9B1
100
AcDbXrecord
280
     1
1071
  1553528
1071
  2094574
 70
    25
 70
    76
 40
0.0
  0
XRECORD
  5
9B9
102
{ACAD_REACTORS
330
9B1
102
}
330
9B1
100
AcDbXrecord
280
     1
1071
 11324608
1071
 15407465
 70
    25
 70
    76
 10
1402.063521437202
 20
0.0
 30
0.0
  0
XRECORD
  5
9BA
102
{ACAD_REACTORS
330
9B1
102
}
330
9B1
100
AcDbXrecord
280
     1
1071
  1553528
1071
  2094574
 70
    25
 70
    76
 40
0.0
  0
XRECORD
  5
9BB
102
{ACAD_REACTORS
330
9B1
102
}
330
9B1
100
AcDbXrecord
280
     1
1071
 82437801
1071
112294725
 70
    25
 70
    76
 10
0.0
 20
0.0
 30
0.0
  0
XRECORD
  5
9DA
102
{ACAD_REACTORS
330
9D9
102
}
330
9D9
100
AcDbXrecord
280
     1
1071
 82446124
1071
112284408
 70
    25
 70
    76
 10
0.0
 20
0.0
 30
0.0
 10
997.3767698910963
 20
0.0
 30
0.0
 10
0.0
 20
0.0
 30
-1.0
  0
XRECORD
  5
9DB
102
{ACAD_REACTORS
330
9D9
102
}
330
9D9
100
AcDbXrecord
280
     1
1071
 18597260
1071
 25303744
 70
    25
 70
    76
 10
-969.9999993122183
 20
-275.0000000002328
 30
0.0
 10
738.7433634391936
 20
-275.0000000002328
 30
0.0
 10
0.0
 20
0.0
 30
-1.0
  0
XRECORD
  5
9DC
102
{ACAD_REACTORS
330
9D9
102
}
330
9D9
100
AcDbXrecord
280
     1
1071
  6886097
1071
  9208651
 70
    25
 70
    76
 70
     0
  0
XRECORD
  5
9DD
102
{ACAD_REACTORS
330
9D9
102
}
330
9D9
100
AcDbXrecord
280
     1
1071
 18597260
1071
 25303744
 70
    25
 70
    76
 10
-999.9999993122182
 20
-550.0000000004656
 30
0.0
 10
834.411743718287
 20
-550.0000000004656
 30
0.0
 10
0.0
 20
0.0
 30
-1.0
  0
XRECORD
  5
9DE
102
{ACAD_REACTORS
330
9D9
102
}
330
9D9
100
AcDbXrecord
280
     1
1071
  6895636
1071
  9291323
 70
    25
 70
    76
 40
0.0
  0
XRECORD
  5
9DF
102
{ACAD_REACTORS
330
9D9
102
}
330
9D9
100
AcDbXrecord
280
     1
1071
 11324608
1071
 15407465
 70
    25
 70
    76
 10
-999.9999993122182
 20
0.0
 30
0.0
  0
XRECORD
  5
9E0
102
{ACAD_REACTORS
330
9D9
102
}
330
9D9
100
AcDbXrecord
280
     1
1071
  1553528
1071
  2094574
 70
    25
 70
    76
 40
0.0
  0
XRECORD
  5
9E1
102
{ACAD_REACTORS
330
9D9
102
}
330
9D9
100
AcDbXrecord
280
     1
1071
 11324608
1071
 15407465
 70
    25
 70
    76
 10
834.411743718287
 20
0.0
 30
0.0
  0
XRECORD
  5
9E2
102
{ACAD_REACTORS
330
9D9
102
}
330
9D9
100
AcDbXrecord
280
     1
1071
  1553528
1071
  2094574
 70
    25
 70
    76
 40
0.0
  0
XRECORD
  5
9E3
102
{ACAD_REACTORS
330
9D9
102
}
330
9D9
100
AcDbXrecord
280
     1
1071
 82437801
1071
112294725
 70
    25
 70
    76
 10
0.0
 20
0.0
 30
0.0
  0
XRECORD
  5
A45
102
{ACAD_REACTORS
330
A44
102
}
330
A44
100
AcDbXrecord
280
     1
1071
 82446124
1071
112284408
 70
    25
 70
    76
 10
0.0
 20
0.0
 30
0.0
 10
997.3767698910963
 20
0.0
 30
0.0
 10
0.0
 20
0.0
 30
-1.0
  0
XRECORD
  5
A46
102
{ACAD_REACTORS
330
A44
102
}
330
A44
100
AcDbXrecord
280
     1
1071
 18597260
1071
 25303744
 70
    25
 70
    76
 10
-969.9999993122183
 20
-275.0000000002328
 30
0.0
 10
738.7433634391936
 20
-275.0000000002328
 30
0.0
 10
0.0
 20
0.0
 30
-1.0
  0
XRECORD
  5
A47
102
{ACAD_REACTORS
330
A44
102
}
330
A44
100
AcDbXrecord
280
     1
1071
  6886097
1071
  9208651
 70
    25
 70
    76
 70
     0
  0
XRECORD
  5
A48
102
{ACAD_REACTORS
330
A44
102
}
330
A44
100
AcDbXrecord
280
     1
1071
 18597260
1071
 25303744
 70
    25
 70
    76
 10
-999.9999993122182
 20
-550.0000000004656
 30
0.0
 10
834.411743718287
 20
-550.0000000004656
 30
0.0
 10
0.0
 20
0.0
 30
-1.0
  0
XRECORD
  5
A49
102
{ACAD_REACTORS
330
A44
102
}
330
A44
100
AcDbXrecord
280
     1
1071
  6895636
1071
  9291323
 70
    25
 70
    76
 40
0.0
  0
XRECORD
  5
A4A
102
{ACAD_REACTORS
330
A44
102
}
330
A44
100
AcDbXrecord
280
     1
1071
 11324608
1071
 15407465
 70
    25
 70
    76
 10
-999.9999993122182
 20
0.0
 30
0.0
  0
XRECORD
  5
A4B
102
{ACAD_REACTORS
330
A44
102
}
330
A44
100
AcDbXrecord
280
     1
1071
  1553528
1071
  2094574
 70
    25
 70
    76
 40
0.0
  0
XRECORD
  5
A4C
102
{ACAD_REACTORS
330
A44
102
}
330
A44
100
AcDbXrecord
280
     1
1071
 11324608
1071
 15407465
 70
    25
 70
    76
 10
834.411743718287
 20
0.0
 30
0.0
  0
XRECORD
  5
A4D
102
{ACAD_REACTORS
330
A44
102
}
330
A44
100
AcDbXrecord
280
     1
1071
  1553528
1071
  2094574
 70
    25
 70
    76
 40
0.0
  0
XRECORD
  5
A4E
102
{ACAD_REACTORS
330
A44
102
}
330
A44
100
AcDbXrecord
280
     1
1071
 82437801
1071
112294725
 70
    25
 70
    76
 10
0.0
 20
0.0
 30
0.0
  0
XRECORD
  5
A57
102
{ACAD_REACTORS
330
A56
102
}
330
A56
100
AcDbXrecord
280
     1
1071
 82446124
1071
112284408
 70
    25
 70
    76
 10
0.0
 20
0.0
 30
0.0
 10
997.3767698910963
 20
0.0
 30
0.0
 10
0.0
 20
0.0
 30
-1.0
  0
XRECORD
  5
A58
102
{ACAD_REACTORS
330
A56
102
}
330
A56
100
AcDbXrecord
280
     1
1071
 18597260
1071
 25303744
 70
    25
 70
    76
 10
-969.9999993122183
 20
-275.0000000002328
 30
0.0
 10
738.7433634391936
 20
-275.0000000002328
 30
0.0
 10
0.0
 20
0.0
 30
-1.0
  0
XRECORD
  5
A59
102
{ACAD_REACTORS
330
A56
102
}
330
A56
100
AcDbXrecord
280
     1
1071
  6886097
1071
  9208651
 70
    25
 70
    76
 70
     0
  0
XRECORD
  5
A5A
102
{ACAD_REACTORS
330
A56
102
}
330
A56
100
AcDbXrecord
280
     1
1071
 18597260
1071
 25303744
 70
    25
 70
    76
 10
-999.9999993122182
 20
-550.0000000004656
 30
0.0
 10
834.411743718287
 20
-550.0000000004656
 30
0.0
 10
0.0
 20
0.0
 30
-1.0
  0
XRECORD
  5
A5B
102
{ACAD_REACTORS
330
A56
102
}
330
A56
100
AcDbXrecord
280
     1
1071
  6895636
1071
  9291323
 70
    25
 70
    76
 40
0.0
  0
XRECORD
  5
A5C
102
{ACAD_REACTORS
330
A56
102
}
330
A56
100
AcDbXrecord
280
     1
1071
 11324608
1071
 15407465
 70
    25
 70
    76
 10
-999.9999993122182
 20
0.0
 30
0.0
  0
XRECORD
  5
A5D
102
{ACAD_REACTORS
330
A56
102
}
330
A56
100
AcDbXrecord
280
     1
1071
  1553528
1071
  2094574
 70
    25
 70
    76
 40
0.0
  0
XRECORD
  5
A5E
102
{ACAD_REACTORS
330
A56
102
}
330
A56
100
AcDbXrecord
280
     1
1071
 11324608
1071
 15407465
 70
    25
 70
    76
 10
834.411743718287
 20
0.0
 30
0.0
  0
XRECORD
  5
A5F
102
{ACAD_REACTORS
330
A56
102
}
330
A56
100
AcDbXrecord
280
     1
1071
  1553528
1071
  2094574
 70
    25
 70
    76
 40
0.0
  0
XRECORD
  5
A60
102
{ACAD_REACTORS
330
A56
102
}
330
A56
100
AcDbXrecord
280
     1
1071
 82437801
1071
112294725
 70
    25
 70
    76
 10
0.0
 20
0.0
 30
0.0
  0
ENDSEC
  0
SECTION
  2
ACDSDATA
 70
     2
 71
     8
  0
ACDSSCHEMA
 90
        0
  1
AcDb_Thumbnail_Schema
  2
AcDbDs::ID
280
    10
 91
        8
  2
Thumbnail_Data
280
    15
 91
        0
101
ACDSRECORD
 95
        0
 90
        1
  2
AcDbDs::TreatedAsObjectData
280
     1
291
     1
101
ACDSRECORD
 95
        0
 90
        2
  2
AcDbDs::Legacy
280
     1
291
     1
101
ACDSRECORD
  1
AcDbDs::ID
 90
        3
  2
AcDs:Indexable
280
     1
291
     1
101
ACDSRECORD
  1
AcDbDs::ID
 90
        4
  2
AcDbDs::HandleAttribute
280
     7
282
     1
  0
ACDSSCHEMA
 90
        1
  1
AcDbDs::TreatedAsObjectDataSchema
  2
AcDbDs::TreatedAsObjectData
280
     1
 91
        0
  0
ACDSSCHEMA
 90
        2
  1
AcDbDs::LegacySchema
  2
AcDbDs::Legacy
280
     1
 91
        0
  0
ACDSSCHEMA
 90
        3
  1
AcDbDs::IndexedPropertySchema
  2
AcDs:Indexable
280
     1
 91
        0
  0
ACDSSCHEMA
 90
        4
  1
AcDbDs::HandleAttributeSchema
  2
AcDbDs::HandleAttribute
280
     7
 91
        1
284
     1
  0
ACDSRECORD
 90
        0
  2
AcDbDs::ID
280
    10
320
12
  2
Thumbnail_Data
280
    15
 94
     2299
310
89504E470D0A1A0A0000000D49484452000001000000006108030000000E738F1F00000300504C5445212830FFFFFF2128300000000000000000000000000000000000000000000000000000330000660000990000CC0000FF0033000033330033660033990033CC0033FF0066000066330066660066990066CC0066FF0099
310
000099330099660099990099CC0099FF00CC0000CC3300CC6600CC9900CCCC00CCFF00FF0000FF3300FF6600FF9900FFCC00FFFF3300003300333300663300993300CC3300FF3333003333333333663333993333CC3333FF3366003366333366663366993366CC3366FF3399003399333399663399993399CC3399FF33CC00
310
33CC3333CC6633CC9933CCCC33CCFF33FF0033FF3333FF6633FF9933FFCC33FFFF6600006600336600666600996600CC6600FF6633006633336633666633996633CC6633FF6666006666336666666666996666CC6666FF6699006699336699666699996699CC6699FF66CC0066CC3366CC6666CC9966CCCC66CCFF66FF0066
310
FF3366FF6666FF9966FFCC66FFFF9900009900339900669900999900CC9900FF9933009933339933669933999933CC9933FF9966009966339966669966999966CC9966FF9999009999339999669999999999CC9999FF99CC0099CC3399CC6699CC9999CCCC99CCFF99FF0099FF3399FF6699FF9999FFCC99FFFFCC0000CC00
310
33CC0066CC0099CC00CCCC00FFCC3300CC3333CC3366CC3399CC33CCCC33FFCC6600CC6633CC6666CC6699CC66CCCC66FFCC9900CC9933CC9966CC9999CC99CCCC99FFCCCC00CCCC33CCCC66CCCC99CCCCCCCCCCFFCCFF00CCFF33CCFF66CCFF99CCFFCCCCFFFFFF0000FF0033FF0066FF0099FF00CCFF00FFFF3300FF3333
310
FF3366FF3399FF33CCFF33FFFF6600FF6633FF6666FF6699FF66CCFF66FFFF9900FF9933FF9966FF9999FF99CCFF99FFFFCC00FFCC33FFCC66FFCC99FFCCCCFFCCFFFFFF00FFFF33FFFF66FFFF99FFFFCCFFFFFF0000000D0D0D1A1A1A2828283535354343435050505D5D5D6B6B6B787878868686939393A1A1A1AEAEAEBB
310
BBBBC9C9C9D6D6D6E4E4E4F1F1F1FFFFFF0000000000000000000000000000000000000000000000000000000000002E4550F1000005B64944415478DAED9CBB91E3480C863B03D618AA520682B1EDD298EA5C18C226B151AD41479E8A212001B260B403FF7E00A4B4B7375577E7AC011192F89A71F0351EDD20C8524E39E5
310
94534EF93352FFBBE405D0B5F55648FD5394485549E890D1CE95B202E83C0FC3F6D8B432A456F21DB3EFFD1047845F5E00DF86073EBAEBBBEF9F007034EAC82A75CC0940EBF7EFBDD7CDC6B83E471EE35E0F1320721BC86A01ADF5073F7A87D7038079BE98DAB2EFED601C55390B80DF433A00CCDF866FBD0100ECDF439FDB
310
BD1F54DFCFA4232506D02A638BE05FDDDC2DE2AB6704DB585E289E06B202785E35DD437F93559F52629715C0EA8A2BAD4FF58B9328EE04459BCB1355BE20B8C2ED07505823E4BB1B547883D84F24F46F9A1800AB0EEBCA72CC7B0060A209003C0740F74D373381AC00685DA1FBBACEA1BDCD0468C2D0AB0110550320992D80
310
56C1A7CA5A8A0FB9200098F193BB01C1021400125B4059D76ADF121380ABC7BE5710DC6340660020E089CE15B68950C1A9FD29B650FD5E326781E2466F9BCA6A01A08CA38CE308FD23FE6B720B9039040E20C21DD18F2F887D97314CDF5647E61B79017CBC00A87615192FF8EA45BD2A60D226E62D71163800681800D67E3C
310
8C3C6A23CB89B0810612ED0D0010A241EF005047C5676C1B4F8C34C81F1FDB961D806701B8BF02805E2E17BEC0021A6687110692A7C1227B1AB4F91FA44993B1D90C405DF3488769012CCB15E9EF7A5D5ECB5F5F171ED381B89419C0B6FD806C8B89DA06CA5B79E02B5BC90B400C006F751359C8AAA3757E1B00509FF1C3E8
310
FF70B15A18B2BFBE0D80C52B01051600473012C80BFC4511382F80254A41CB21BE2C7C9F18F0EE37474F39E594534E39E594F795B34BEC0BCD44F66DC31CB9B31504F34D85A3E0EF6A1DA59FBD2BAE48ADA26ADB6EC2B52704D0F68A37D47AB58555C5A78A786310DB9113E8C3901A407BF5C5296B65EB158A1BE5D286DE27
310
1EDE0580DD1AD399A97945886A6D7DB042390FE53D001C626D5395C89A4360FF15DFDC00221E7A6B50B40859FC9728916363A1E03D8260BBFDBCDD6E3F9BDD2E264B02B5211A881A8BB7708166B7026F370CB857C4F0453EB0CDDB00D86F07436D4B84D6372DDE28063F483D117A01C0E0C30A4A8309582EAC6DA600D01202
310
784E854B79B868F1E86F13E3165AB77A1CD5CC004C10E91ECFB3B677C61A8B8EB9D0B15AC80C6096798E8E28BB1B2E7B6F6C81FEF27B57714617B0EE08FCC40194413E45028068AF310DCE0D207A44282C002E0F00BE026EB8DA86E3EE7802005F9637B08F3E31CFF5DA4CFDCF4F4B7C5805742C0800A1E706E0FA4B105036
310
00BB0B74E4446DB618C80DE0E892720BC00CE8D36240E4802A580AF73EE48E011406307B0ADC634000689604B40DB983201445FC93E807B004685361DBC3F9E79D4B720016FFC99380B789632D8CCCE865C276CC83B41F55817C00D40820DA6BD1BD20223E35C0EA609EFB60AD934A921880D54219913E9E0FB57699B91DEB
310
A339CAC25E1BCF03E0EF37390040A32006DD475FFCD101009300E88F3F2B5C40B302502C7955186E60CA1B01D2E70AB9D955F8030CA4A4B500B23A80581484B2D5FAE35AFB38EA257671668C7FEAB5802D885D3D12F27278ABFE287990B23090E8C9D17F0288A57FDD5B83E3D8D27F8BC3E7C3B3679B5C39E594534E39E594
310
534E392742C900FCFB3FF97438F18393BF0ADB03340BFBF1CCFB35FEEA3F13AD06E37511BBAE75F136013F0CCD1FD581E42D8B9330454100E3FFB833D3448B8D7F9802F3FD5E130380FE5BA5BA6D468097057A437F53FC3E31D95364F7E99AD902AC0C24C475138A0810EFD3737720AB0C639BDA0588360C3F7E61018F09E3
310
3EB9C64BE5FAB032F1A3A68E018536130F82D630CC4F0033DF699EAF6605A90194FDA5417E1EF74622FF3D9F25BD4FB90184271CCFCA4ED3F4EB14C8CEA7921EC01EF7FECF94291300A29701BCBC215E1ED1F60E99DC00FC15222FFD295EA565F787A952D3FC004485F681B60EE180A1D61FA0E39F07F017A8E1A23E1253AE
310
090000000049454E44AE426082
  0
ENDSEC
  0
EOF
