  0
SECTION
  2
HEADER
  9
$ACADVER
  1
AC1032
  9
$ACADMAINTVER
 90
      197
  9
$DWGCODEPAGE
  3
ANSI_936
  9
$LASTSAVEDBY
  1
admin
  9
$REQUIREDVERSIONS
160
                 0
  9
$INSBASE
 10
0.0
 20
0.0
 30
0.0
  9
$EXTMIN
 10
1000582.111006561
 20
-629846.4583591488
 30
-0.0000000049003113
  9
$EXTMAX
 10
1039007.232242444
 20
-605656.3211033275
 30
1371.424504470748
  9
$LIMMIN
 10
0.0
 20
0.0
  9
$LIMMAX
 10
12.0
 20
9.0
  9
$ORTHOMODE
 70
     1
  9
$REGENMODE
 70
     1
  9
$FILLMODE
 70
     1
  9
$QTEXTMODE
 70
     0
  9
$MIRRTEXT
 70
     0
  9
$LTSCALE
 40
1000.0
  9
$ATTMODE
 70
     1
  9
$TEXTSIZE
 40
175.0
  9
$TRACEWID
 40
0.05
  9
$TEXTSTYLE
  7
_FSD
  9
$CLAYER
  8
GT_电梯
  9
$CELTYPE
  6
BYLAYER
  9
$CECOLOR
 62
   256
  9
$CELTSCALE
 40
1.0
  9
$DISPSILH
 70
     0
  9
$DIMSCALE
 40
1.0
  9
$DIMASZ
 40
1.0
  9
$DIMEXO
 40
300.0
  9
$DIMDLI
 40
0.0
  9
$DIMRND
 40
0.0
  9
$DIMDLE
 40
0.0
  9
$DIMEXE
 40
250.0
  9
$DIMTP
 40
0.0
  9
$DIMTM
 40
0.0
  9
$DIMTXT
 40
300.0
  9
$DIMCEN
 40
0.09
  9
$DIMTSZ
 40
0.0
  9
$DIMTOL
 70
     0
  9
$DIMLIM
 70
     0
  9
$DIMTIH
 70
     0
  9
$DIMTOH
 70
     0
  9
$DIMSE1
 70
     0
  9
$DIMSE2
 70
     0
  9
$DIMTAD
 70
     1
  9
$DIMZIN
 70
     8
  9
$DIMBLK
  1
_DIMX
  9
$DIMASO
 70
     1
  9
$DIMSHO
 70
     1
  9
$DIMPOST
  1

  9
$DIMAPOST
  1

  9
$DIMALT
 70
     0
  9
$DIMALTD
 70
     2
  9
$DIMALTF
 40
25.4
  9
$DIMLFAC
 40
1.0
  9
$DIMTOFL
 70
     1
  9
$DIMTVP
 40
0.0
  9
$DIMTIX
 70
     1
  9
$DIMSOXD
 70
     0
  9
$DIMSAH
 70
     0
  9
$DIMBLK1
  1
_DIMX
  9
$DIMBLK2
  1
_DIMX
  9
$DIMSTYLE
  2
NORMAL
  9
$DIMCLRD
 70
     0
  9
$DIMCLRE
 70
     0
  9
$DIMCLRT
 70
     7
  9
$DIMTFAC
 40
1.0
  9
$DIMGAP
 40
150.0
  9
$DIMJUST
 70
     0
  9
$DIMSD1
 70
     0
  9
$DIMSD2
 70
     0
  9
$DIMTOLJ
 70
     1
  9
$DIMTZIN
 70
     0
  9
$DIMALTZ
 70
     0
  9
$DIMALTTZ
 70
     0
  9
$DIMUPT
 70
     0
  9
$DIMDEC
 70
     0
  9
$DIMTDEC
 70
     0
  9
$DIMALTU
 70
     2
  9
$DIMALTTD
 70
     2
  9
$DIMTXSTY
  7
DIM_FONT
  9
$DIMAUNIT
 70
     0
  9
$DIMADEC
 70
     0
  9
$DIMALTRND
 40
0.0
  9
$DIMAZIN
 70
     0
  9
$DIMDSEP
 70
    46
  9
$DIMATFIT
 70
     3
  9
$DIMFRAC
 70
     0
  9
$DIMLDRBLK
  1
_DIMX
  9
$DIMLUNIT
 70
     2
  9
$DIMLWD
 70
    -2
  9
$DIMLWE
 70
    -2
  9
$DIMTMOVE
 70
     2
  9
$DIMFXL
 40
1.0
  9
$DIMFXLON
 70
     0
  9
$DIMJOGANG
 40
0.7853981633974483
  9
$DIMTFILL
 70
     0
  9
$DIMTFILLCLR
 70
     0
  9
$DIMARCSYM
 70
     0
  9
$DIMLTYPE
  6

  9
$DIMLTEX1
  6

  9
$DIMLTEX2
  6

  9
$DIMTXTDIRECTION
 70
     0
  9
$LUNITS
 70
     2
  9
$LUPREC
 70
     0
  9
$SKETCHINC
 40
0.1
  9
$FILLETRAD
 40
0.0
  9
$AUNITS
 70
     0
  9
$AUPREC
 70
     0
  9
$MENU
  1
.
  9
$ELEVATION
 40
0.0
  9
$PELEVATION
 40
0.0
  9
$THICKNESS
 40
0.0
  9
$LIMCHECK
 70
     0
  9
$CHAMFERA
 40
0.0
  9
$CHAMFERB
 40
0.0
  9
$CHAMFERC
 40
1.0
  9
$CHAMFERD
 40
0.0
  9
$SKPOLY
 70
     0
  9
$TDCREATE
 40
2453732.892939815
  9
$TDUCREATE
 40
2453732.559612038
  9
$TDUPDATE
 40
2461147.503865741
  9
$TDUUPDATE
 40
2461147.170532407
  9
$TDINDWG
 40
32.7867198032
  9
$TDUSRTIMER
 40
32.7867198032
  9
$USRTIMER
 70
     1
  9
$ANGBASE
 50
0.0
  9
$ANGDIR
 70
     0
  9
$PDMODE
 70
     0
  9
$PDSIZE
 40
0.0
  9
$PLINEWID
 40
0.0
  9
$SPLFRAME
 70
     0
  9
$SPLINETYPE
 70
     6
  9
$SPLINESEGS
 70
     8
  9
$HANDSEED
  5
FCE
  9
$SURFTAB1
 70
     6
  9
$SURFTAB2
 70
     6
  9
$SURFTYPE
 70
     6
  9
$SURFU
 70
     6
  9
$SURFV
 70
     6
  9
$UCSBASE
  2

  9
$UCSNAME
  2

  9
$UCSORG
 10
0.0
 20
0.0
 30
0.0
  9
$UCSXDIR
 10
1.0
 20
0.0
 30
0.0
  9
$UCSYDIR
 10
0.0
 20
1.0
 30
0.0
  9
$UCSORTHOREF
  2

  9
$UCSORTHOVIEW
 70
     0
  9
$UCSORGTOP
 10
0.0
 20
0.0
 30
0.0
  9
$UCSORGBOTTOM
 10
0.0
 20
0.0
 30
0.0
  9
$UCSORGLEFT
 10
0.0
 20
0.0
 30
0.0
  9
$UCSORGRIGHT
 10
0.0
 20
0.0
 30
0.0
  9
$UCSORGFRONT
 10
0.0
 20
0.0
 30
0.0
  9
$UCSORGBACK
 10
0.0
 20
0.0
 30
0.0
  9
$PUCSBASE
  2

  9
$PUCSNAME
  2

  9
$PUCSORG
 10
0.0
 20
0.0
 30
0.0
  9
$PUCSXDIR
 10
1.0
 20
0.0
 30
0.0
  9
$PUCSYDIR
 10
0.0
 20
1.0
 30
0.0
  9
$PUCSORTHOREF
  2

  9
$PUCSORTHOVIEW
 70
     0
  9
$PUCSORGTOP
 10
0.0
 20
0.0
 30
0.0
  9
$PUCSORGBOTTOM
 10
0.0
 20
0.0
 30
0.0
  9
$PUCSORGLEFT
 10
0.0
 20
0.0
 30
0.0
  9
$PUCSORGRIGHT
 10
0.0
 20
0.0
 30
0.0
  9
$PUCSORGFRONT
 10
0.0
 20
0.0
 30
0.0
  9
$PUCSORGBACK
 10
0.0
 20
0.0
 30
0.0
  9
$USERI1
 70
     0
  9
$USERI2
 70
     0
  9
$USERI3
 70
     0
  9
$USERI4
 70
     0
  9
$USERI5
 70
     0
  9
$USERR1
 40
0.0
  9
$USERR2
 40
0.0
  9
$USERR3
 40
0.0
  9
$USERR4
 40
0.0
  9
$USERR5
 40
0.0
  9
$WORLDVIEW
 70
     1
  9
$SHADEDGE
 70
     3
  9
$SHADEDIF
 70
    70
  9
$TILEMODE
 70
     1
  9
$MAXACTVP
 70
    48
  9
$PINSBASE
 10
0.0
 20
0.0
 30
0.0
  9
$PLIMCHECK
 70
     0
  9
$PEXTMIN
 10
1.000000000000000E+20
 20
1.000000000000000E+20
 30
1.000000000000000E+20
  9
$PEXTMAX
 10
-1.000000000000000E+20
 20
-1.000000000000000E+20
 30
-1.000000000000000E+20
  9
$PLIMMIN
 10
0.0
 20
0.0
  9
$PLIMMAX
 10
12.0
 20
9.0
  9
$UNITMODE
 70
     1
  9
$VISRETAIN
 70
     1
  9
$PLINEGEN
 70
     0
  9
$PSLTSCALE
 70
     1
  9
$TREEDEPTH
 70
  3020
  9
$CMLSTYLE
  2
STANDARD
  9
$CMLJUST
 70
     0
  9
$CMLSCALE
 40
1.0
  9
$PROXYGRAPHICS
 70
     1
  9
$MEASUREMENT
 70
     0
  9
$CELWEIGHT
370
    -1
  9
$ENDCAPS
280
     0
  9
$JOINSTYLE
280
     0
  9
$LWDISPLAY
290
     1
  9
$INSUNITS
 70
     0
  9
$HYPERLINKBASE
  1

  9
$STYLESHEET
  1

  9
$XEDIT
290
     1
  9
$CEPSNTYPE
380
     0
  9
$PSTYLEMODE
290
     1
  9
$FINGERPRINTGUID
  2
{1854702A-3A1E-B443-B0A8-16A4102AF5D5}
  9
$VERSIONGUID
  2
{2224CF07-488D-8343-91BA-0A2E0917B8F9}
  9
$EXTNAMES
290
     1
  9
$PSVPSCALE
 40
0.0
  9
$OLESTARTUP
290
     0
  9
$SORTENTS
280
   127
  9
$INDEXCTL
280
     0
  9
$HIDETEXT
280
     1
  9
$XCLIPFRAME
280
     0
  9
$HALOGAP
280
     0
  9
$OBSCOLOR
 70
   257
  9
$OBSLTYPE
280
     0
  9
$INTERSECTIONDISPLAY
280
     0
  9
$INTERSECTIONCOLOR
 70
   257
  9
$DIMASSOC
280
     1
  9
$PROJECTNAME
  1

  9
$CAMERADISPLAY
290
     0
  9
$LENSLENGTH
 40
50.0
  9
$CAMERAHEIGHT
 40
0.0
  9
$STEPSPERSEC
 40
2.0
  9
$STEPSIZE
 40
6.0
  9
$3DDWFPREC
 40
2.0
  9
$PSOLWIDTH
 40
0.25
  9
$PSOLHEIGHT
 40
4.0
  9
$LOFTANG1
 40
1.570796326794896
  9
$LOFTANG2
 40
1.570796326794896
  9
$LOFTMAG1
 40
0.0
  9
$LOFTMAG2
 40
0.0
  9
$LOFTPARAM
 70
     7
  9
$LOFTNORMALS
280
     1
  9
$LATITUDE
 40
37.795
  9
$LONGITUDE
 40
-122.394
  9
$NORTHDIRECTION
 40
0.0
  9
$TIMEZONE
 70
 -8000
  9
$LIGHTGLYPHDISPLAY
280
     1
  9
$TILEMODELIGHTSYNCH
280
     1
  9
$CMATERIAL
347
4A
  9
$SOLIDHIST
280
     0
  9
$SHOWHIST
280
     1
  9
$DWFFRAME
280
     2
  9
$DGNFRAME
280
     0
  9
$REALWORLDSCALE
290
     1
  9
$INTERFERECOLOR
 62
     1
  9
$INTERFEREOBJVS
345
6F
  9
$INTERFEREVPVS
346
70
  9
$CSHADOW
280
     0
  9
$SHADOWPLANELOCATION
 40
0.0
  0
ENDSEC
  0
SECTION
  2
CLASSES
  0
CLASS
  1
DICTIONARYVAR
  2
AcDbDictionaryVar
  3
ObjectDBX Classes
 90
        0
 91
        9
280
     0
281
     0
  0
CLASS
  1
ACDBDICTIONARYWDFLT
  2
AcDbDictionaryWithDefault
  3
ObjectDBX Classes
 90
        0
 91
        1
280
     0
281
     0
  0
CLASS
  1
TABLESTYLE
  2
AcDbTableStyle
  3
ObjectDBX Classes
 90
     4095
 91
        1
280
     0
281
     0
  0
CLASS
  1
SORTENTSTABLE
  2
AcDbSortentsTable
  3
ObjectDBX Classes
 90
        0
 91
       20
280
     0
281
     0
  0
CLASS
  1
TCH_DBCONFIG
  2
TDbConfig
  3
"TCH_KERNAL|缺乏解释器天正图形看不见, 请下载天正插件|网址: www.tangent.com.cn"
 90
        1
 91
        0
280
     1
281
     0
  0
CLASS
  1
TCH_DIMENSION2
  2
TDbDimension2
  3
"TCH_KERNAL|缺乏解释器天正图形看不见, 请下载天正插件|网址: www.tangent.com.cn"
 90
        1
 91
        0
280
     1
281
     1
  0
CLASS
  1
MATERIAL
  2
AcDbMaterial
  3
ObjectDBX Classes
 90
     1153
 91
        3
280
     0
281
     0
  0
CLASS
  1
ACAD_EVALUATION_GRAPH
  2
AcDbEvalGraph
  3
ObjectDBX Classes
 90
     1153
 91
        1
280
     0
281
     0
  0
CLASS
  1
BLOCKALIGNMENTPARAMETER
  2
AcDbBlockAlignmentParameter
  3
ObjectDBX Classes
 90
     1153
 91
        1
280
     0
281
     0
  0
CLASS
  1
BLOCKALIGNMENTGRIP
  2
AcDbBlockAlignmentGrip
  3
ObjectDBX Classes
 90
     1153
 91
        1
280
     0
281
     0
  0
CLASS
  1
BLOCKGRIPLOCATIONCOMPONENT
  2
AcDbBlockGripExpr
  3
ObjectDBX Classes
 90
     1153
 91
       10
280
     0
281
     0
  0
CLASS
  1
BLOCKBASEPOINTPARAMETER
  2
AcDbBlockBasepointParameter
  3
ObjectDBX Classes
 90
     1153
 91
        1
280
     0
281
     0
  0
CLASS
  1
BLOCKLINEARPARAMETER
  2
AcDbBlockLinearParameter
  3
ObjectDBX Classes
 90
     1153
 91
        2
280
     0
281
     0
  0
CLASS
  1
BLOCKLINEARGRIP
  2
AcDbBlockLinearGrip
  3
ObjectDBX Classes
 90
     1153
 91
        2
280
     0
281
     0
  0
CLASS
  1
BLOCKARRAYACTION
  2
AcDbBlockArrayAction
  3
ObjectDBX Classes
 90
     1153
 91
        1
280
     0
281
     0
  0
CLASS
  1
BLOCKSTRETCHACTION
  2
AcDbBlockStretchAction
  3
ObjectDBX Classes
 90
     1153
 91
        1
280
     0
281
     0
  0
CLASS
  1
BLOCKPOINTPARAMETER
  2
AcDbBlockPointParameter
  3
ObjectDBX Classes
 90
     1153
 91
        2
280
     0
281
     0
  0
CLASS
  1
BLOCKXYGRIP
  2
AcDbBlockXYGrip
  3
ObjectDBX Classes
 90
     1153
 91
        2
280
     0
281
     0
  0
CLASS
  1
BLOCKMOVEACTION
  2
AcDbBlockMoveAction
  3
ObjectDBX Classes
 90
     1153
 91
        2
280
     0
281
     0
  0
CLASS
  1
ACDB_DYNAMICBLOCKPURGEPREVENTER_VERSION
  2
AcDbDynamicBlockPurgePreventer
  3
ObjectDBX Classes
 90
     1153
 91
        1
280
     0
281
     0
  0
CLASS
  1
ACDB_BLOCKREPRESENTATION_DATA
  2
AcDbBlockRepresentationData
  3
ObjectDBX Classes
 90
     1153
 91
        6
280
     0
281
     0
  0
CLASS
  1
TCH_ARROW
  2
TDbSymbArrow
  3
"TCH_KERNAL|缺乏解释器天正图形看不见, 请下载天正插件|网址: www.tangent.com.cn"
 90
        1
 91
        0
280
     1
281
     1
  0
CLASS
  1
TCH_WALL
  2
TDbWall
  3
"TCH_KERNAL|缺乏解释器天正图形看不见, 请下载天正插件|网址: www.tangent.com.cn"
 90
        1
 91
        0
280
     1
281
     1
  0
CLASS
  1
TCH_OPENING
  2
TDbOpening
  3
"TCH_KERNAL|缺乏解释器天正图形看不见, 请下载天正插件|网址: www.tangent.com.cn"
 90
        1
 91
        0
280
     1
281
     1
  0
CLASS
  1
TCH_ERRORMSG
  2
TDbPromptMark
  3
"TCH_KERNAL|缺乏解释器天正图形看不见, 请下载天正插件|网址: www.tangent.com.cn"
 90
        1
 91
        0
280
     1
281
     1
  0
CLASS
  1
TCH_CURVEMESH
  2
TDbCurveMesh
  3
"TCH_KERNAL|缺乏解释器天正图形看不见, 请下载天正插件|网址: www.tangent.com.cn"
 90
        1
 91
        0
280
     1
281
     1
  0
CLASS
  1
TCH_TEXT
  2
TDbText
  3
"TCH_KERNAL|缺乏解释器天正图形看不见, 请下载天正插件|网址: www.tangent.com.cn"
 90
        1
 91
        0
280
     1
281
     1
  0
CLASS
  1
ACAECUSTOBJ
  2
AcAeEditorObj
  3
AcAeEditorObj
 90
     1024
 91
        0
280
     0
281
     0
  0
CLASS
  1
TCH_CORNER_WINDOW
  2
TDbCornerWin
  3
"TCH_KERNAL|缺乏解释器天正图形看不见, 请下载天正插件|网址: www.tangent.com.cn"
 90
        1
 91
        0
280
     1
281
     1
  0
CLASS
  1
TCH_BLOCK_INSERT
  2
TDbBlockInsert
  3
"TCH_KERNAL|缺乏解释器天正图形看不见, 请下载天正插件|网址: www.tangent.com.cn"
 90
        1
 91
        0
280
     1
281
     1
  0
CLASS
  1
TCH_DRAWINGNAME
  2
TDbDrawingName
  3
"TCH_KERNAL|缺乏解释器天正图形看不见, 请下载天正插件|网址: www.tangent.com.cn"
 90
        1
 91
        0
280
     1
281
     1
  0
CLASS
  1
IMAGEDEF
  2
AcDbRasterImageDef
  3
ISM
 90
        0
 91
        0
280
     0
281
     0
  0
CLASS
  1
RASTERVARIABLES
  2
AcDbRasterVariables
  3
ISM
 90
        0
 91
        0
280
     0
281
     0
  0
CLASS
  1
IMAGEDEF_REACTOR
  2
AcDbRasterImageDefReactor
  3
ISM
 90
        1
 91
        0
280
     0
281
     0
  0
CLASS
  1
IMAGE
  2
AcDbRasterImage
  3
ISM
 90
     2175
 91
        0
280
     0
281
     1
  0
CLASS
  1
TCH_RECTSTAIR
  2
TDbRectStair
  3
"TCH_KERNAL|缺乏解释器天正图形看不见, 请下载天正插件|网址: www.tangent.com.cn"
 90
        1
 91
        0
280
     1
281
     1
  0
CLASS
  1
BLOCKLOOKUPPARAMETER
  2
AcDbBlockLookupParameter
  3
ObjectDBX Classes
 90
     1153
 91
        0
280
     0
281
     0
  0
CLASS
  1
BLOCKLOOKUPGRIP
  2
AcDbBlockLookupGrip
  3
ObjectDBX Classes
 90
     1153
 91
        0
280
     0
281
     0
  0
CLASS
  1
BLOCKLOOKUPACTION
  2
AcDbBlockLookupAction
  3
ObjectDBX Classes
 90
     1153
 91
        0
280
     0
281
     0
  0
CLASS
  1
BLOCKVISIBILITYPARAMETER
  2
AcDbBlockVisibilityParameter
  3
ObjectDBX Classes
 90
     1153
 91
        0
280
     0
281
     0
  0
CLASS
  1
BLOCKVISIBILITYGRIP
  2
AcDbBlockVisibilityGrip
  3
ObjectDBX Classes
 90
     1153
 91
        0
280
     0
281
     0
  0
CLASS
  1
TCH_SYMB_SECTION
  2
TDbSymbSection
  3
"TCH_KERNAL|缺乏解释器天正图形看不见, 请下载天正插件|网址: www.tangent.com.cn"
 90
        1
 91
        0
280
     1
281
     1
  0
CLASS
  1
TCH_LINESTAIR
  2
TDbLineStair
  3
"TCH_KERNAL|缺乏解释器天正图形看不见, 请下载天正插件|网址: www.tangent.com.cn"
 90
        1
 91
        0
280
     1
281
     1
  0
CLASS
  1
TCH_ELEVATION
  2
TDbSymbElevation
  3
"TCH_KERNAL|缺乏解释器天正图形看不见, 请下载天正插件|网址: www.tangent.com.cn"
 90
        1
 91
        0
280
     1
281
     1
  0
CLASS
  1
TCH_HANDRAIL
  2
TDbHandRail
  3
"TCH_KERNAL|缺乏解释器天正图形看不见, 请下载天正插件|网址: www.tangent.com.cn"
 90
        1
 91
        0
280
     1
281
     1
  0
CLASS
  1
DIMASSOC
  2
AcDbDimAssoc
  3
"AcDbDimAssoc|Product Desc:     AcDim ARX App For Dimension|Company:          Autodesk, Inc.|WEB Address:      www.autodesk.com"
 90
        0
 91
        0
280
     0
281
     0
  0
CLASS
  1
TCH_SLAB
  2
TDbSlab
  3
"TCH_KERNAL|缺乏解释器天正图形看不见, 请下载天正插件|网址: www.tangent.com.cn"
 90
        1
 91
        0
280
     1
281
     1
  0
CLASS
  1
VISUALSTYLE
  2
AcDbVisualStyle
  3
ObjectDBX Classes
 90
     4095
 91
       24
280
     0
281
     0
  0
CLASS
  1
SCALE
  2
AcDbScale
  3
ObjectDBX Classes
 90
     1153
 91
       33
280
     0
281
     0
  0
CLASS
  1
MLEADERSTYLE
  2
AcDbMLeaderStyle
  3
ACDB_MLEADERSTYLE_CLASS
 90
     4095
 91
        2
280
     0
281
     0
  0
CLASS
  1
EXACXREFPANELOBJECT
  2
ExAcXREFPanelObject
  3
EXAC_ESW
 90
     1025
 91
        0
280
     1
281
     0
  0
CLASS
  1
NPOCOLLECTION
  2
AcDbImpNonPersistentObjectsCollection
  3
ObjectDBX Classes
 90
     1153
 91
        0
280
     0
281
     0
  0
CLASS
  1
TCH_DIMENSION
  2
TDbDimension
  3
"TCH_KERNAL|缺乏解释器天正图形看不见, 请下载天正插件|网址: www.tangent.com.cn"
 90
        1
 91
        0
280
     1
281
     1
  0
CLASS
  1
TCH_MTEXT
  2
TDbMText
  3
"TCH_KERNAL|缺乏解释器天正图形看不见, 请下载天正插件|网址: www.tangent.com.cn"
 90
        1
 91
        0
280
     1
281
     1
  0
CLASS
  1
CELLSTYLEMAP
  2
AcDbCellStyleMap
  3
ObjectDBX Classes
 90
     1152
 91
        3
280
     0
281
     0
  0
CLASS
  1
ACDBSECTIONVIEWSTYLE
  2
AcDbSectionViewStyle
  3
ObjectDBX Classes
 90
     1025
 91
        2
280
     0
281
     0
  0
CLASS
  1
ACDBDETAILVIEWSTYLE
  2
AcDbDetailViewStyle
  3
ObjectDBX Classes
 90
     1025
 91
        2
280
     0
281
     0
  0
CLASS
  1
SOLID_BACKGROUND
  2
AcDbSolidBackground
  3
SCENEOE
 90
     4095
 91
        0
280
     0
281
     0
  0
ENDSEC
  0
SECTION
  2
TABLES
  0
TABLE
  2
VPORT
  5
29
102
{ACAD_XDICTIONARY
360
2E
102
}
330
0
100
AcDbSymbolTable
 70
     1
  0
VPORT
  5
2A
330
29
100
AcDbSymbolTableRecord
100
AcDbViewportTableRecord
  2
*Active
 70
     0
 10
0.0
 20
0.0
 11
1.0
 21
1.0
 12
1029807.814071714
 22
-614489.3686498838
 13
0.0
 23
0.0
 14
300.0
 24
300.0
 15
0.5
 25
0.5
 16
0.0
 26
0.0
 36
1.0
 17
0.0
 27
0.0
 37
0.0
 40
28808.56449655213
 41
1.990958408679927
 42
50.0
 43
0.0
 44
0.0
 50
0.0
 51
0.0
 71
     0
 72
     8
 73
     1
 74
     1
 75
     0
 76
     0
 77
     0
 78
     0
281
     0
 65
     1
110
0.0
120
0.0
130
0.0
111
1.0
121
0.0
131
0.0
112
0.0
122
1.0
132
0.0
 79
     0
146
0.0
348
2B
 60
     3
 61
     5
292
     1
282
     1
141
0.0
142
0.0
 63
   250
421
  3355443
1001
ACAD_NAV_VCDISPLAY
1070
     3
  0
ENDTAB
  0
TABLE
  2
LTYPE
  5
24
330
0
100
AcDbSymbolTable
 70
     3
  0
LTYPE
  5
25
330
24
100
AcDbSymbolTableRecord
100
AcDbLinetypeTableRecord
  2
BYBLOCK
 70
     0
  3

 72
    65
 73
     0
 40
0.0
  0
LTYPE
  5
26
330
24
100
AcDbSymbolTableRecord
100
AcDbLinetypeTableRecord
  2
BYLAYER
 70
     0
  3

 72
    65
 73
     0
 40
0.0
  0
LTYPE
  5
F
330
24
100
AcDbSymbolTableRecord
100
AcDbLinetypeTableRecord
  2
CONTINUOUS
 70
     0
  3
Solid line
 72
    65
 73
     0
 40
0.0
  0
LTYPE
  5
6CD
330
24
100
AcDbSymbolTableRecord
100
AcDbLinetypeTableRecord
  2
HIDDEN
 70
     0
  3
_ _ _ _ _ _ _ _ _ _ _ _ _ _ _ _ _ _ _ _ _ _ _
 72
    65
 73
     2
 40
7.5
 49
5.0
 74
     0
 49
-2.5
 74
     0
  0
ENDTAB
  0
TABLE
  2
LAYER
  5
1B
102
{ACAD_XDICTIONARY
360
1C
102
}
330
0
100
AcDbSymbolTable
 70
    43
  0
LAYER
  5
7
102
{ACAD_XDICTIONARY
360
8
102
}
330
1B
100
AcDbSymbolTableRecord
100
AcDbLayerTableRecord
  2
0
 70
     0
 62
     7
  6
CONTINUOUS
370
    -3
390
A
347
D
348
0
1001
RAK
1000
{ACET-LAYISO
1070
     0
1070
     7
1000
CONTINUOUS
1071
       -3
1071
        1
1005
A
1000
ACET-LAYISO}
  0
LAYER
  5
43F
102
{ACAD_XDICTIONARY
360
440
102
}
330
1B
100
AcDbSymbolTableRecord
100
AcDbLayerTableRecord
  2
文字标注
 70
     0
 62
   121
  6
CONTINUOUS
370
     0
390
A
347
D
348
0
1001
RAK
1000
{ACET-LAYISO
1070
     0
1070
   121
1000
CONTINUOUS
1071
        0
1071
        1
1005
A
1000
ACET-LAYISO}
  0
LAYER
  5
3D4
102
{ACAD_XDICTIONARY
360
3D5
102
}
330
1B
100
AcDbSymbolTableRecord
100
AcDbLayerTableRecord
  2
WINDOW
 70
     0
 62
     4
  6
CONTINUOUS
370
    -3
390
A
347
D
348
0
1001
RAK
1000
{ACET-LAYISO
1070
     0
1070
     2
1000
CONTINUOUS
1071
       -3
1071
        1
1005
A
1000
ACET-LAYISO}
  0
LAYER
  5
692
102
{ACAD_XDICTIONARY
360
693
102
}
330
1B
100
AcDbSymbolTableRecord
100
AcDbLayerTableRecord
  2
DOTE
 70
     0
 62
    -1
  6
CONTINUOUS
370
    -3
390
A
347
D
348
0
1001
RAK
1000
{ACET-LAYISO
1070
     0
1070
    -1
1000
CENTER
1071
       -3
1071
        1
1005
A
1000
ACET-LAYISO}
1001
_LayerManage
1070
     0
1070
     0
1070
     0
  0
LAYER
  5
496
102
{ACAD_XDICTIONARY
360
497
102
}
330
1B
100
AcDbSymbolTableRecord
100
AcDbLayerTableRecord
  2
WALL
 70
     0
 62
     2
  6
CONTINUOUS
370
    -3
390
A
347
D
348
0
1001
RAK
1000
{ACET-LAYISO
1070
     0
1070
    21
1000
CONTINUOUS
1071
       -3
1071
        1
1005
A
1000
ACET-LAYISO}
  0
LAYER
  5
CB
102
{ACAD_XDICTIONARY
360
CC
102
}
330
1B
100
AcDbSymbolTableRecord
100
AcDbLayerTableRecord
  2
STAIR
 70
     0
 62
     3
  6
CONTINUOUS
370
    -3
390
A
347
D
348
0
1001
RAK
1000
{ACET-LAYISO
1070
     0
1070
     2
1000
CONTINUOUS
1071
       -3
1071
        1
1005
A
1000
ACET-LAYISO}
  0
LAYER
  5
A9C
102
{ACAD_XDICTIONARY
360
A9D
102
}
330
1B
100
AcDbSymbolTableRecord
100
AcDbLayerTableRecord
  2
PUB_DIM
 70
     0
 62
    -3
  6
CONTINUOUS
370
    -3
390
A
347
D
348
0
1001
RAK
1000
{ACET-LAYISO
1070
     0
1070
     3
1000
CONTINUOUS
1071
       -3
1071
        1
1005
A
1000
ACET-LAYISO}
  0
LAYER
  5
4A4
102
{ACAD_XDICTIONARY
360
4A5
102
}
330
1B
100
AcDbSymbolTableRecord
100
AcDbLayerTableRecord
  2
文字注明
 70
     0
 62
   211
  6
CONTINUOUS
370
    -3
390
A
347
D
348
0
1001
RAK
1000
{ACET-LAYISO
1070
     0
1070
   211
1000
CONTINUOUS
1071
       -3
1071
        1
1005
A
1000
ACET-LAYISO}
  0
LAYER
  5
D8
102
{ACAD_XDICTIONARY
360
D9
102
}
330
1B
100
AcDbSymbolTableRecord
100
AcDbLayerTableRecord
  2
FUR
 70
     0
 62
     8
  6
CONTINUOUS
370
    -3
390
A
347
D
348
0
  0
LAYER
  5
184
102
{ACAD_XDICTIONARY
360
185
102
}
330
1B
100
AcDbSymbolTableRecord
100
AcDbLayerTableRecord
  2
家具
 70
     0
 62
     8
  6
CONTINUOUS
370
    -3
390
A
347
D
348
0
  0
LAYER
  5
97
102
{ACAD_XDICTIONARY
360
98
102
}
330
1B
100
AcDbSymbolTableRecord
100
AcDbLayerTableRecord
  2
铺地
 70
     0
 62
    -8
  6
CONTINUOUS
370
    -3
390
A
347
D
348
0
  0
LAYER
  5
93
102
{ACAD_XDICTIONARY
360
94
102
}
330
1B
100
AcDbSymbolTableRecord
100
AcDbLayerTableRecord
  2
阳台露台
 70
     0
 62
   141
  6
CONTINUOUS
370
    -3
390
A
347
D
348
0
1001
RAK
1000
{ACET-LAYISO
1070
     0
1070
   141
1000
CONTINUOUS
1071
       -3
1071
        1
1005
A
1000
ACET-LAYISO}
  0
LAYER
  5
B7
102
{ACAD_XDICTIONARY
360
B8
102
}
330
1B
100
AcDbSymbolTableRecord
100
AcDbLayerTableRecord
  2
Line_Look(看线)
 70
     0
 62
   215
  6
CONTINUOUS
370
    -3
390
A
347
D
348
0
1001
AcAecLayerStandard
1000

1000
看线
1001
RAK
1000
{ACET-LAYISO
1070
     0
1070
   215
1000
CONTINUOUS
1071
       -3
1071
        1
1005
A
1000
ACET-LAYISO}
  0
LAYER
  5
9C
102
{ACAD_XDICTIONARY
360
9D
102
}
330
1B
100
AcDbSymbolTableRecord
100
AcDbLayerTableRecord
  2
Stair(楼梯)
 70
     0
 62
     2
  6
CONTINUOUS
370
    -3
390
A
347
D
348
0
1001
AcAecLayerStandard
1000

1000
楼梯、电梯
1001
RAK
1000
{A
1070
     0
1070
     2
1000
CONTINUOUS
1000
A}
1000
{B
1070
     0
1070
     2
1000
CONTINUOUS
1000
B}
1000
{ACET-LAYISO
1070
     0
1070
     2
1000
CONTINUOUS
1071
       -3
1071
        1
1005
A
1000
ACET-LAYISO}
  0
LAYER
  5
E4
102
{ACAD_XDICTIONARY
360
E5
102
}
330
1B
100
AcDbSymbolTableRecord
100
AcDbLayerTableRecord
  2
BATH
 70
     0
 62
     8
  6
CONTINUOUS
370
    -3
390
A
347
D
348
0
1001
RAK
1000
{ACET-LAYISO
1070
     0
1070
   251
1000
CONTINUOUS
1071
       -3
1071
        1
1005
A
1000
ACET-LAYISO}
  0
LAYER
  5
6C6
102
{ACAD_XDICTIONARY
360
6C7
102
}
330
1B
100
AcDbSymbolTableRecord
100
AcDbLayerTableRecord
  2
Elec(电器)
 70
     0
 62
    33
  6
CONTINUOUS
370
    -3
390
A
347
D
348
0
1001
RAK
1000
{ACET-LAYISO
1070
     0
1070
    33
1000
CONTINUOUS
1071
       -3
1071
        1
1005
A
1000
ACET-LAYISO}
  0
LAYER
  5
1C9
102
{ACAD_XDICTIONARY
360
1CA
102
}
330
1B
100
AcDbSymbolTableRecord
100
AcDbLayerTableRecord
  2
Furniture(家具)
 70
     0
 62
     8
  6
CONTINUOUS
370
    -3
390
A
347
D
348
0
1001
AcAecLayerStandard
1000

1000
室内家具布置
1001
RAK
1000
{ACET-LAYISO
1070
     0
1070
     8
1000
CONTINUOUS
1071
       -3
1071
        1
1005
A
1000
ACET-LAYISO}
  0
LAYER
  5
6EB
102
{ACAD_XDICTIONARY
360
6EC
102
}
330
1B
100
AcDbSymbolTableRecord
100
AcDbLayerTableRecord
  2
家具示意
 70
     0
 62
     8
  6
CONTINUOUS
370
    -3
390
A
347
D
348
0
1001
RAK
1000
{ACET-LAYISO
1070
     0
1070
     8
1000
CONTINUOUS
1071
       -3
1071
        1
1005
A
1000
ACET-LAYISO}
  0
LAYER
  5
AAA
330
1B
100
AcDbSymbolTableRecord
100
AcDbLayerTableRecord
  2
DEFPOINTS
 70
     0
 62
     7
  6
CONTINUOUS
290
     0
370
    -3
390
A
347
D
348
0
1001
RAK
1000
{ACET-LAYISO
1070
     0
1070
     7
1000
Continuous
1071
       -3
1071
        0
1005
A
1000
ACET-LAYISO}
  0
LAYER
  5
68
102
{ACAD_XDICTIONARY
360
69
102
}
330
1B
100
AcDbSymbolTableRecord
100
AcDbLayerTableRecord
  2
AC
 70
     0
 62
    11
  6
CONTINUOUS
370
    -3
390
A
347
D
348
0
1001
RAK
1000
{ACET-LAYISO
1070
     0
1070
    11
1000
CONTINUOUS
1071
       -3
1071
        1
1005
A
1000
ACET-LAYISO}
  0
LAYER
  5
F39
330
1B
100
AcDbSymbolTableRecord
100
AcDbLayerTableRecord
  2
GT_卧室
 70
     0
 62
     1
  6
CONTINUOUS
370
    60
390
A
347
D
348
0
  0
LAYER
  5
F3A
330
1B
100
AcDbSymbolTableRecord
100
AcDbLayerTableRecord
  2
GT_客厅
 70
     0
 62
     2
  6
CONTINUOUS
370
    60
390
A
347
D
348
0
  0
LAYER
  5
F3B
330
1B
100
AcDbSymbolTableRecord
100
AcDbLayerTableRecord
  2
GT_厨房
 70
     0
 62
     4
  6
CONTINUOUS
370
    60
390
A
347
D
348
0
  0
LAYER
  5
F3C
330
1B
100
AcDbSymbolTableRecord
100
AcDbLayerTableRecord
  2
GT_卫生间
 70
     0
 62
     5
  6
CONTINUOUS
370
    60
390
A
347
D
348
0
  0
LAYER
  5
F3D
330
1B
100
AcDbSymbolTableRecord
100
AcDbLayerTableRecord
  2
GT_阳台
 70
     0
 62
     6
  6
CONTINUOUS
370
    60
390
A
347
D
348
0
  0
LAYER
  5
F3E
330
1B
100
AcDbSymbolTableRecord
100
AcDbLayerTableRecord
  2
GT_过道
 70
     0
 62
    30
  6
CONTINUOUS
370
    60
390
A
347
D
348
0
  0
LAYER
  5
F3F
330
1B
100
AcDbSymbolTableRecord
100
AcDbLayerTableRecord
  2
GT_玄关
 70
     0
 62
    40
  6
CONTINUOUS
370
    60
390
A
347
D
348
0
  0
LAYER
  5
F40
330
1B
100
AcDbSymbolTableRecord
100
AcDbLayerTableRecord
  2
GT_餐厅
 70
     0
 62
     3
  6
CONTINUOUS
370
    60
390
A
347
D
348
0
  0
LAYER
  5
F41
330
1B
100
AcDbSymbolTableRecord
100
AcDbLayerTableRecord
  2
GT_电梯
 70
     0
 62
   150
  6
CONTINUOUS
370
    60
390
A
347
D
348
0
  0
LAYER
  5
F42
330
1B
100
AcDbSymbolTableRecord
100
AcDbLayerTableRecord
  2
GT_储藏间
 70
     0
 62
    50
  6
CONTINUOUS
370
    60
390
A
347
D
348
0
  0
LAYER
  5
F43
330
1B
100
AcDbSymbolTableRecord
100
AcDbLayerTableRecord
  2
GT_楼梯
 70
     0
 62
   130
  6
CONTINUOUS
370
    60
390
A
347
D
348
0
  0
LAYER
  5
F44
330
1B
100
AcDbSymbolTableRecord
100
AcDbLayerTableRecord
  2
GT_水机房
 70
     0
 62
   170
  6
CONTINUOUS
370
    60
390
A
347
D
348
0
  0
LAYER
  5
F45
330
1B
100
AcDbSymbolTableRecord
100
AcDbLayerTableRecord
  2
GT_电机房
 70
     0
 62
   210
  6
CONTINUOUS
370
    60
390
A
347
D
348
0
  0
LAYER
  5
F46
330
1B
100
AcDbSymbolTableRecord
100
AcDbLayerTableRecord
  2
GT_风机房
 70
     0
 62
   230
  6
CONTINUOUS
370
    60
390
A
347
D
348
0
  0
LAYER
  5
F47
330
1B
100
AcDbSymbolTableRecord
100
AcDbLayerTableRecord
  2
GT_花园
 70
     0
 62
    74
  6
CONTINUOUS
370
    60
390
A
347
D
348
0
  0
LAYER
  5
F48
330
1B
100
AcDbSymbolTableRecord
100
AcDbLayerTableRecord
  2
GT_阳光房
 70
     0
 62
   240
420
 16189532
  6
CONTINUOUS
370
    60
390
A
347
D
348
0
1001
AcAecLayerStandard
1000

1000

1001
AcCmTransparency
1071
        0
  0
LAYER
  5
F49
330
1B
100
AcDbSymbolTableRecord
100
AcDbLayerTableRecord
  2
GT_书房
 70
     0
 62
   205
420
  8411558
  6
CONTINUOUS
370
    60
390
A
347
D
348
0
1001
AcAecLayerStandard
1000

1000

1001
AcCmTransparency
1071
        0
  0
LAYER
  5
F4A
330
1B
100
AcDbSymbolTableRecord
100
AcDbLayerTableRecord
  2
GT_衣帽间
 70
     0
 62
    85
  6
CONTINUOUS
370
    60
390
A
347
D
348
0
1001
AcAecLayerStandard
1000

1000

1001
AcCmTransparency
1071
        0
  0
LAYER
  5
F4B
330
1B
100
AcDbSymbolTableRecord
100
AcDbLayerTableRecord
  2
GT_门
 70
     0
 62
   245
  6
CONTINUOUS
370
    60
390
A
347
D
348
0
1001
AcAecLayerStandard
1000

1000

1001
AcCmTransparency
1071
        0
  0
LAYER
  5
F4C
330
1B
100
AcDbSymbolTableRecord
100
AcDbLayerTableRecord
  2
GT_SINK
 70
     0
 62
     3
  6
CONTINUOUS
370
    60
390
A
347
D
348
0
1001
AcAecLayerStandard
1000

1000

1001
AcCmTransparency
1071
        0
  0
LAYER
  5
F4D
330
1B
100
AcDbSymbolTableRecord
100
AcDbLayerTableRecord
  2
GT_GASSTOVE
 70
     0
 62
     3
  6
CONTINUOUS
370
    60
390
A
347
D
348
0
1001
AcAecLayerStandard
1000

1000

1001
AcCmTransparency
1071
        0
  0
LAYER
  5
F4E
330
1B
100
AcDbSymbolTableRecord
100
AcDbLayerTableRecord
  2
GT_BATH
 70
     0
 62
     3
  6
CONTINUOUS
370
    60
390
A
347
D
348
0
1001
AcAecLayerStandard
1000

1000

1001
AcCmTransparency
1071
        0
  0
LAYER
  5
F4F
330
1B
100
AcDbSymbolTableRecord
100
AcDbLayerTableRecord
  2
GT_BATHTUB
 70
     0
 62
     3
  6
CONTINUOUS
370
    60
390
A
347
D
348
0
1001
AcAecLayerStandard
1000

1000

1001
AcCmTransparency
1071
        0
  0
ENDTAB
  0
TABLE
  2
STYLE
  5
21
330
0
100
AcDbSymbolTable
 70
     7
  0
STYLE
  5
22
330
21
100
AcDbSymbolTableRecord
100
AcDbTextStyleTableRecord
  2
STANDARD
 70
     0
 40
0.0
 41
1.0
 50
0.0
 71
     0
 42
0.2
  3
txt
  4

  0
STYLE
  5
3B
330
21
100
AcDbSymbolTableRecord
100
AcDbTextStyleTableRecord
  2
DIM_FONT
 70
     0
 40
0.0
 41
0.8
 50
0.0
 71
     0
 42
300.0
  3
ZBTXT.shx
  4

  0
STYLE
  5
442
330
21
100
AcDbSymbolTableRecord
100
AcDbTextStyleTableRecord
  2
-黑体
 70
     0
 40
0.0
 41
0.8
 50
0.0
 71
     0
 42
300.0
  3
simhei.ttf
  4

1001
ACAD
1000
SimHei
1071
    34306
  0
STYLE
  5
6D9
330
21
100
AcDbSymbolTableRecord
100
AcDbTextStyleTableRecord
  2
_ZBHZ
 70
     0
 40
0.0
 41
0.8
 50
0.0
 71
     0
 42
2.5
  3
simhei.ttf
  4

1001
_TCH
1040
1.0
1040
1.0
1070
     0
1001
ACAD
1000
SimHei
1071
    34306
  0
STYLE
  5
6B
330
21
100
AcDbSymbolTableRecord
100
AcDbTextStyleTableRecord
  2
_FSD
 70
     0
 40
0.0
 41
0.8
 50
0.0
 71
     0
 42
175.0
  3

  4

1001
ACAD
1000
SimSun
1071
    34306
  0
STYLE
  5
32
330
21
100
AcDbSymbolTableRecord
100
AcDbTextStyleTableRecord
  2
_TCH_DIM_T3
 70
     0
 40
0.0
 41
0.7058823529411768
 50
0.0
 71
     0
 42
300.0
  3
SIMPLEX
  4
GBCBIG
1001
_TCH
1040
0.85
1040
0.6
1070
     7
  0
STYLE
  5
F50
330
21
100
AcDbSymbolTableRecord
100
AcDbTextStyleTableRecord
  2
Annotative
 70
     0
 40
0.0
 41
1.0
 50
0.0
 71
     0
 42
2.5
  3
arial.ttf
  4

1001
AcadAnnotative
1000
AnnotativeData
1002
{
1070
     1
1070
     1
1002
}
1001
ACAD
1000
Arial
1071
       34
  0
ENDTAB
  0
TABLE
  2
VIEW
  5
27
330
0
100
AcDbSymbolTable
 70
     1
  0
ENDTAB
  0
TABLE
  2
UCS
  5
28
330
0
100
AcDbSymbolTable
 70
     0
  0
ENDTAB
  0
TABLE
  2
APPID
  5
2F
330
0
100
AcDbSymbolTable
 70
    21
  0
APPID
  5
20
330
2F
100
AcDbSymbolTableRecord
100
AcDbRegAppTableRecord
  2
ACAD
 70
     0
  0
APPID
  5
CBA
330
2F
100
AcDbSymbolTableRecord
100
AcDbRegAppTableRecord
  2
WTHICK
 70
     0
  0
APPID
  5
10
330
2F
100
AcDbSymbolTableRecord
100
AcDbRegAppTableRecord
  2
RAK
 70
     0
  0
APPID
  5
33
330
2F
100
AcDbSymbolTableRecord
100
AcDbRegAppTableRecord
  2
_TCH
 70
     0
  0
APPID
  5
9F
330
2F
100
AcDbSymbolTableRecord
100
AcDbRegAppTableRecord
  2
AcAecLayerStandard
 70
     0
  0
APPID
  5
14
330
2F
100
AcDbSymbolTableRecord
100
AcDbRegAppTableRecord
  2
ACAD_PSEXT
 70
     0
  0
APPID
  5
695
330
2F
100
AcDbSymbolTableRecord
100
AcDbRegAppTableRecord
  2
_LayerManage
 70
     0
  0
APPID
  5
19F
330
2F
100
AcDbSymbolTableRecord
100
AcDbRegAppTableRecord
  2
AcDbBlockRepETag
 70
     0
  0
APPID
  5
1C6
330
2F
100
AcDbSymbolTableRecord
100
AcDbRegAppTableRecord
  2
AcDbDynamicBlockGUID
 70
     0
  0
APPID
  5
640
330
2F
100
AcDbSymbolTableRecord
100
AcDbRegAppTableRecord
  2
AcDbDynamicBlockTrueName
 70
     0
  0
APPID
  5
67F
330
2F
100
AcDbSymbolTableRecord
100
AcDbRegAppTableRecord
  2
AcDbBlockRepBTag
 70
     0
  0
APPID
  5
658
330
2F
100
AcDbSymbolTableRecord
100
AcDbRegAppTableRecord
  2
AcDbBlockArrayActionTag
 70
     0
  0
APPID
  5
2D
330
2F
100
AcDbSymbolTableRecord
100
AcDbRegAppTableRecord
  2
ACAD_NAV_VCDISPLAY
 70
     0
  0
APPID
  5
F54
330
2F
100
AcDbSymbolTableRecord
100
AcDbRegAppTableRecord
  2
AcadAnnoPO
 70
     0
  0
APPID
  5
F55
330
2F
100
AcDbSymbolTableRecord
100
AcDbRegAppTableRecord
  2
AcadAnnotative
 70
     0
  0
APPID
  5
F56
330
2F
100
AcDbSymbolTableRecord
100
AcDbRegAppTableRecord
  2
ACAD_DSTYLE_DIMJAG
 70
     0
  0
APPID
  5
F57
330
2F
100
AcDbSymbolTableRecord
100
AcDbRegAppTableRecord
  2
ACAD_DSTYLE_DIMTALN
 70
     0
  0
APPID
  5
F58
330
2F
100
AcDbSymbolTableRecord
100
AcDbRegAppTableRecord
  2
ACAD_MLEADERVER
 70
     0
  0
APPID
  5
F59
330
2F
100
AcDbSymbolTableRecord
100
AcDbRegAppTableRecord
  2
AcCmTransparency
 70
     0
  0
APPID
  5
FB9
330
2F
100
AcDbSymbolTableRecord
100
AcDbRegAppTableRecord
  2
ACAD_EXEMPT_FROM_CAD_STANDARDS
 70
     0
  0
APPID
  5
FC0
330
2F
100
AcDbSymbolTableRecord
100
AcDbRegAppTableRecord
  2
Acad_TC
 70
     0
  0
ENDTAB
  0
TABLE
  2
DIMSTYLE
  5
30
330
0
100
AcDbSymbolTable
 70
     9
100
AcDbDimStyleTable
 71
     5
340
3A
340
31
340
43
340
44
340
45
  0
DIMSTYLE
105
3A
330
30
100
AcDbSymbolTableRecord
100
AcDbDimStyleTableRecord
  2
NORMAL
 70
     0
 41
1.0
 42
300.0
 43
0.0
 44
250.0
 73
     0
 74
     0
 77
     1
 78
     8
140
300.0
147
150.0
172
     1
174
     1
178
     7
271
     0
272
     0
279
     2
340
3B
341
3C
342
3C
343
3C
344
3C
  0
DIMSTYLE
105
45
330
30
100
AcDbSymbolTableRecord
100
AcDbDimStyleTableRecord
  2
_TCH_ARCH&&100
 70
     0
 41
100.0
 42
300.0
 43
0.0
 44
250.0
 73
     0
 74
     0
 77
     1
 79
     2
140
297.5
147
126.25
172
     1
174
     1
178
     7
179
     2
271
     0
272
     0
279
     2
340
32
342
34
  0
DIMSTYLE
105
31
102
{ACAD_REACTORS
330
A9B
330
AAE
330
ABB
330
AC8
330
AD5
330
AE4
330
AF1
330
B00
330
B0D
330
B1C
330
B29
330
B36
330
B43
330
B52
330
B5F
330
B6E
330
B7B
330
B88
330
B95
330
BA2
330
BAF
330
BBC
330
BC9
330
BD6
330
BE3
330
BF0
330
BFD
330
C0A
330
C19
330
C26
330
C33
330
C40
330
C4D
330
C5A
330
C67
330
C74
330
C81
330
C8E
330
C9B
102
}
330
30
100
AcDbSymbolTableRecord
100
AcDbDimStyleTableRecord
  2
_TCH_ARCH&&150
 70
     0
 41
150.0
 42
450.0
 43
0.0
 44
375.0
 73
     0
 74
     0
 77
     1
 79
     2
140
446.25
147
189.375
172
     1
174
     1
178
     7
179
     2
271
     0
272
     0
279
     2
340
32
342
34
  0
DIMSTYLE
105
43
330
30
100
AcDbSymbolTableRecord
100
AcDbDimStyleTableRecord
  2
_TCH_ARCH&&200
 70
     0
 41
200.0
 42
600.0
 43
0.0
 44
500.0
 73
     0
 74
     0
 77
     1
 79
     2
140
595.0
147
252.5
172
     1
174
     1
178
     7
179
     2
271
     0
272
     0
279
     2
340
32
342
34
  0
DIMSTYLE
105
44
330
30
100
AcDbSymbolTableRecord
100
AcDbDimStyleTableRecord
  2
_TCH_ARCH&&250
 70
     0
 41
250.0
 42
750.0
 43
0.0
 44
625.0
 73
     0
 74
     0
 77
     1
 79
     2
140
743.75
147
315.625
172
     1
174
     1
178
     7
179
     2
271
     0
272
     0
279
     2
340
32
342
34
  0
DIMSTYLE
105
F51
330
30
100
AcDbSymbolTableRecord
100
AcDbDimStyleTableRecord
  2
Standard
 70
     0
340
22
  0
DIMSTYLE
105
F52
330
30
100
AcDbSymbolTableRecord
100
AcDbDimStyleTableRecord
  2
Annotative
 70
     0
 40
0.0
 41
2.5
 42
0.625
 43
3.75
 44
1.25
 73
     0
 74
     0
 77
     1
 78
     8
140
2.5
141
2.5
143
0.03937007874016
147
0.625
171
     3
172
     1
271
     2
272
     2
274
     3
278
    44
283
     0
284
     8
340
22
1001
AcadAnnotative
1000
AnnotativeData
1002
{
1070
     1
1070
     1
1002
}
1001
ACAD_DSTYLE_DIMJAG
1070
   388
1040
1.5
1001
ACAD_DSTYLE_DIMTALN
1070
   392
1070
     0
  0
DIMSTYLE
105
F53
330
30
100
AcDbSymbolTableRecord
100
AcDbDimStyleTableRecord
  2
ISO-25
 70
     0
 41
2.5
 42
0.625
 43
3.75
 44
1.25
 73
     0
 74
     0
 77
     1
 78
     8
140
2.5
141
2.5
143
0.03937007874016
147
0.625
171
     3
172
     1
271
     2
272
     2
274
     3
278
    44
283
     0
284
     8
340
22
  0
ENDTAB
  0
TABLE
  2
BLOCK_RECORD
  5
1
330
0
100
AcDbSymbolTable
 70
    72
  0
BLOCK_RECORD
  5
2
102
{ACAD_XDICTIONARY
360
3
102
}
330
1
100
AcDbSymbolTableRecord
100
AcDbBlockTableRecord
  2
*MODEL_SPACE
340
12
 70
     0
280
     1
281
     0
  0
BLOCK_RECORD
  5
15
102
{ACAD_XDICTIONARY
360
16
102
}
330
1
100
AcDbSymbolTableRecord
100
AcDbBlockTableRecord
  2
*PAPER_SPACE
340
1A
 70
     0
280
     1
281
     0
  0
BLOCK_RECORD
  5
3C
102
{ACAD_XDICTIONARY
360
3D
102
}
330
1
100
AcDbSymbolTableRecord
100
AcDbBlockTableRecord
  2
_DIMX
340
0
 70
     0
280
     1
281
     0
  0
BLOCK_RECORD
  5
BD
102
{ACAD_XDICTIONARY
360
BE
102
}
330
1
100
AcDbSymbolTableRecord
100
AcDbBlockTableRecord
  2
_ARROW
340
0
102
{BLKREFS
331
BC
331
C9
102
}
 70
     0
280
     1
281
     0
  0
BLOCK_RECORD
  5
61B
102
{ACAD_XDICTIONARY
360
61C
102
}
330
1
100
AcDbSymbolTableRecord
100
AcDbBlockTableRecord
  2
衣柜
340
0
310
2800000020000000200000000100080000000000000400000000000000000000000000000000000000000000000080000080000000808000800000008000800080800000C0C0C000C0DCC000C8D0D4000020400000206000002080000020A0000020C0000020E00000400000004020000040400000406000004080000040A0
310
000040C0000040E00000600000006020000060400000606000006080000060A0000060C0000060E00000800000008020000080400000806000008080000080A0000080C0000080E00000A0000000A0200000A0400000A0600000A0800000A0A00000A0C00000A0E00000C0000000C0200000C0400000C0600000C0800000C0
310
A00000C0C00000C0E00000E0000000E0200000E0400000E0600000E0800000E0A00000E0C00000E0E00040000000400020004000400040006000400080004000A0004000C0004000E00040200000402020004020400040206000402080004020A0004020C0004020E000404000004040200040404000404060004040800040
310
40A0004040C0004040E00040600000406020004060400040606000406080004060A0004060C0004060E00040800000408020004080400040806000408080004080A0004080C0004080E00040A0000040A0200040A0400040A0600040A0800040A0A00040A0C00040A0E00040C0000040C0200040C0400040C0600040C08000
310
40C0A00040C0C00040C0E00040E0000040E0200040E0400040E0600040E0800040E0A00040E0C00040E0E00080000000800020008000400080006000800080008000A0008000C0008000E00080200000802020008020400080206000802080008020A0008020C0008020E00080400000804020008040400080406000804080
310
008040A0008040C0008040E00080600000806020008060400080606000806080008060A0008060C0008060E00080800000808020008080400080806000808080008080A0008080C0008080E00080A0000080A0200080A0400080A0600080A0800080A0A00080A0C00080A0E00080C0000080C0200080C0400080C0600080C0
310
800080C0A00080C0C00080C0E00080E0000080E0200080E0400080E0600080E0800080E0A00080E0C00080E0E000C0000000C0002000C0004000C0006000C0008000C000A000C000C000C000E000C0200000C0202000C0204000C0206000C0208000C020A000C020C000C020E000C0400000C0402000C0404000C0406000C0
310
408000C040A000C040C000C040E000C0600000C0602000C0604000C0606000C0608000C060A000C060C000C060E000C0800000C0802000C0804000C0806000C0808000C080A000C080C000C080E000C0A00000C0A02000C0A04000C0A06000C0A08000C0A0A000C0A0C000C0A0E000C0C00000C0C02000C0C04000C0C06000
310
C0C08000C0C0A000F0FBFF00A56E3A00808080000000FF0000FF000000FFFF00FF000000FF00FF00FFFF0000FFFFFF0000000000000000000000000000000000000000000000000000000000000000000000000000000000000000000000000000000000000000000000000000000000000000000000000000000000000000
310
00000000000000000000000000000000000000000000000000000000000000000000000000000000000000000000000000000000000000000000000000000000000000000000000000000000000000000000000000000000000000000000000000000000000000000000000000000000000000000000000000000000000000
310
00000000000000000000000000000000000000000000000000000000000000000000000000000000000000000000000000000000000000000000000000000000000000000000000000000000000000000000000000000000000000000000000000000000000000000000000000000000000000000000000000000000000000
310
0000000000000000000000000000000000000000A4A4A4A4A4A4A4A4A4A4A4A4A4A4A4A4A4A4A4A4A4A4A4A4A4A4A4A4A4A400000000A4A4A4A4A4A4A4A4A4A4A4A4A4A4A400A4A4A4A400A4A4A4A4A400A400000000A4A4A4A4A4A4A4A4A4A4A4A4A4A4A400A4A4A4A400A4A4A4A4A400A400000000A4A4A4A4A4A4A4A4A4
310
A4A4A4A4A4A400A4A4A4A4A4A4A4A4A4A400A400000000A4A4A4A4A4A4A4A4A4A4A4A4A4A4A400A4A4A4A4A4A4A4A4A4A400A40000A4A4A4A4A4A4A4A4A4A4A4A4A4A4A4A4A4A4A4A4A4A4A4A4A4A4A4A4A4A400000000A4A4A4A4A4A4A4A4A4A4A4A4A4A4A400A4A4A4A4A4A4A4A4A4A400A400000000A4A4A4A4A4A4A4A4
310
A4A4A4A4A4A4A400A4A4A4A400A4A4A4A4A400A400000000A4A4A4A4A4A4A4A4A4A4A4A4A4A4A400A4A4A4A400A4A4A4A4A400A400000000000000000000000000000000000000000000000000000000000000A400000000000000000000000000000000000000000000000000000000000000000000000000000000000000
310
00000000000000000000000000000000000000000000000000000000000000000000000000000000000000000000000000000000000000000000000000000000000000000000000000000000000000000000000000000000000000000000000000000000000000000000000000000000000000000000000000000000000000
310
00000000000000000000000000000000000000000000000000000000000000000000000000000000000000000000000000000000000000000000000000000000000000000000000000000000000000000000000000000000000000000000000000000000000000000000000000000000000000000000000000000000000000
310
0000000000000000000000000000000000000000000000000000000000000000000000000000000000000000000000000000000000000000
 70
     4
280
     1
281
     0
1001
AcDbBlockRepETag
1070
     1
1071
       13
1001
AcDbDynamicBlockTrueName
1000
衣柜
1001
AcDbDynamicBlockGUID
1000
{573B5A73-5936-6A42-85BF-1C85D59034C7}
  0
BLOCK_RECORD
  5
118
330
1
100
AcDbSymbolTableRecord
100
AcDbBlockTableRecord
  2
餐桌2
340
0
310
2800000020000000200000000100080000000000000400000000000000000000000000000000000000000000000080000080000000808000800000008000800080800000C0C0C000C0DCC000F0CAA6000020400000206000002080000020A0000020C0000020E00000400000004020000040400000406000004080000040A0
310
000040C0000040E00000600000006020000060400000606000006080000060A0000060C0000060E00000800000008020000080400000806000008080000080A0000080C0000080E00000A0000000A0200000A0400000A0600000A0800000A0A00000A0C00000A0E00000C0000000C0200000C0400000C0600000C0800000C0
310
A00000C0C00000C0E00000E0000000E0200000E0400000E0600000E0800000E0A00000E0C00000E0E00040000000400020004000400040006000400080004000A0004000C0004000E00040200000402020004020400040206000402080004020A0004020C0004020E000404000004040200040404000404060004040800040
310
40A0004040C0004040E00040600000406020004060400040606000406080004060A0004060C0004060E00040800000408020004080400040806000408080004080A0004080C0004080E00040A0000040A0200040A0400040A0600040A0800040A0A00040A0C00040A0E00040C0000040C0200040C0400040C0600040C08000
310
40C0A00040C0C00040C0E00040E0000040E0200040E0400040E0600040E0800040E0A00040E0C00040E0E00080000000800020008000400080006000800080008000A0008000C0008000E00080200000802020008020400080206000802080008020A0008020C0008020E00080400000804020008040400080406000804080
310
008040A0008040C0008040E00080600000806020008060400080606000806080008060A0008060C0008060E00080800000808020008080400080806000808080008080A0008080C0008080E00080A0000080A0200080A0400080A0600080A0800080A0A00080A0C00080A0E00080C0000080C0200080C0400080C0600080C0
310
800080C0A00080C0C00080C0E00080E0000080E0200080E0400080E0600080E0800080E0A00080E0C00080E0E000C0000000C0002000C0004000C0006000C0008000C000A000C000C000C000E000C0200000C0202000C0204000C0206000C0208000C020A000C020C000C020E000C0400000C0402000C0404000C0406000C0
310
408000C040A000C040C000C040E000C0600000C0602000C0604000C0606000C0608000C060A000C060C000C060E000C0800000C0802000C0804000C0806000C0808000C080A000C080C000C080E000C0A00000C0A02000C0A04000C0A06000C0A08000C0A0A000C0A0C000C0A0E000C0C00000C0C02000C0C04000C0C06000
310
C0C08000C0C0A000F0FBFF00A4A0A000808080000000FF0000FF000000FFFF00FF000000FF00FF00FFFF0000FFFFFF000000000000000000000000000000000000000000000000000000000000000000000000000000000000000000000000FFFF00000000000000000000000000000000000000000000000000000000FFFF
310
FFFFFFFF0000000000000000000000000000000000000000000000000000FFFFFFFFFFFF0000000000000000000000000000000000000000000000000000FF00000000FF0000000000000000000000000000000000000000000000000000FF00000000FF0000000000000000000000000000000000000000000000000000FF
310
FFFFFFFFFF00000000000000000000000000000000000000000000000000FFFFFFFFFFFFFFFF0000000000000000000000000000000000000000000000FF0000000000000000FF0000000000000000000000000000000000FFFFFFFFFFFF0000000000000000FFFFFFFFFFFF000000000000000000000000FFFF000000FF00
310
00000000000000FF000000FFFF000000000000000000000000FFFF000000FF0000000000000000FF000000FFFF000000000000000000000000FFFF000000FF0000000000000000FF000000FFFF000000000000000000000000FFFF000000FF0000000000000000FF000000FFFF000000000000000000000000FFFFFFFFFFFF
310
0000000000000000FFFFFFFFFFFF0000000000000000000000000000000000FF0000000000000000FF00000000000000000000000000000000000000000000FF0000000000000000FF0000000000000000000000000000000000FFFFFFFFFFFF0000000000000000FFFFFFFFFFFF000000000000000000000000FFFF000000
310
FF0000000000000000FF000000FFFF000000000000000000000000FFFF000000FF0000000000000000FF000000FFFF000000000000000000000000FFFF000000FF0000000000000000FF000000FFFF000000000000000000000000FFFF000000FF0000000000000000FF000000FFFF000000000000000000000000FFFFFFFF
310
FFFF0000000000000000FFFFFFFFFFFF0000000000000000000000000000000000FF0000000000000000FF0000000000000000000000000000000000000000000000FFFFFFFFFFFFFFFF00000000000000000000000000000000000000000000000000FFFFFFFFFFFF00000000000000000000000000000000000000000000
310
00000000FF00000000FF0000000000000000000000000000000000000000000000000000FF00000000FF0000000000000000000000000000000000000000000000000000FFFFFFFFFFFF0000000000000000000000000000000000000000000000000000FFFFFFFFFFFF000000000000000000000000000000000000000000
310
000000000000FFFFFFFF00000000000000000000000000000000000000000000000000000000000000000000000000000000000000000000
102
{BLKREFS
331
117
331
906
102
}
 70
     1
280
     1
281
     0
  0
BLOCK_RECORD
  5
4B1
102
{ACAD_XDICTIONARY
360
4B2
102
}
330
1
100
AcDbSymbolTableRecord
100
AcDbBlockTableRecord
  2
M_C54TQD
340
0
102
{BLKREFS
331
4B0
331
680
331
973
331
94A
102
}
 70
     0
280
     1
281
     0
  0
BLOCK_RECORD
  5
187
330
1
100
AcDbSymbolTableRecord
100
AcDbBlockTableRecord
  2
_E10NWL
340
0
102
{BLKREFS
331
183
331
43A
331
907
331
927
102
}
 70
     0
280
     1
281
     0
  0
BLOCK_RECORD
  5
5EE
330
1
100
AcDbSymbolTableRecord
100
AcDbBlockTableRecord
  2
A$C332848BE
340
0
102
{BLKREFS
331
684
331
685
331
977
331
94E
331
94F
331
5ED
331
603
331
978
102
}
 70
     0
280
     1
281
     0
  0
BLOCK_RECORD
  5
CED
102
{ACAD_XDICTIONARY
360
CEE
102
}
330
1
100
AcDbSymbolTableRecord
100
AcDbBlockTableRecord
  2
$DorLib2D$00000001
340
0
102
{BLKREFS
331
E58
331
E61
331
E75
331
CFD
331
CEC
331
D21
331
D3B
331
D44
331
D45
331
D46
331
D4F
331
D58
331
D6E
331
E26
331
E27
331
E3A
331
E44
331
E4D
331
E4E
331
E4F
102
}
 70
     0
280
     1
281
     0
  0
BLOCK_RECORD
  5
D2A
330
1
100
AcDbSymbolTableRecord
100
AcDbBlockTableRecord
  2
$TCHSYS$WIN2D
340
0
102
{BLKREFS
331
E12
331
DBB
331
DD6
331
EB3
331
ECE
331
D29
331
E3B
102
}
 70
     0
280
     1
281
     0
  0
BLOCK_RECORD
  5
D76
330
1
100
AcDbSymbolTableRecord
100
AcDbBlockTableRecord
  2
$DorLib2D$00000116
340
0
102
{BLKREFS
331
D75
331
E7C
331
E02
331
E0B
102
}
 70
     0
280
     1
281
     0
  0
BLOCK_RECORD
  5
3B3
102
{ACAD_XDICTIONARY
360
3B4
102
}
330
1
100
AcDbSymbolTableRecord
100
AcDbBlockTableRecord
  2
_E12QMA
340
0
102
{BLKREFS
331
3B2
331
8EF
331
915
331
A3D
102
}
 70
     0
280
     1
281
     0
  0
BLOCK_RECORD
  5
34
102
{ACAD_XDICTIONARY
360
35
102
}
330
1
100
AcDbSymbolTableRecord
100
AcDbBlockTableRecord
  2
_ArchTick
340
0
102
{BLKREFS
331
ACE
331
ACF
331
B06
331
B07
331
B2F
331
B30
331
B58
331
B59
331
B68
331
C60
331
C61
331
C87
331
C88
331
B8E
331
B8F
331
BA8
331
BA9
331
BCF
331
BD0
331
BF6
331
BF7
331
C1F
331
C20
331
C46
331
C47
331
AC1
331
AC2
331
C39
331
C3A
331
C53
331
C54
331
C6D
331
C6E
331
C7A
331
C7B
331
C94
331
C95
331
CA3
331
CA4
331
ADD
331
ADE
331
AEA
331
AEB
331
AF9
331
AFA
331
B15
331
B16
331
B22
331
B23
331
B3C
331
B3D
331
B4B
331
B4C
331
B67
331
AA6
331
AA7
331
AB4
331
AB5
331
B74
331
B75
331
B81
331
B82
331
B9B
331
B9C
331
BB5
331
BB6
331
BC2
331
BC3
331
BDC
331
BDD
331
BE9
331
BEA
331
C03
331
C04
331
C12
331
C13
331
C2C
331
C2D
102
}
 70
     0
280
     1
281
     0
  0
BLOCK_RECORD
  5
108
330
1
100
AcDbSymbolTableRecord
100
AcDbBlockTableRecord
  2
A$C52241BEE
340
0
102
{BLKREFS
331
439
331
904
331
926
331
107
102
}
 70
     0
280
     1
281
     0
  0
BLOCK_RECORD
  5
3A8
330
1
100
AcDbSymbolTableRecord
100
AcDbBlockTableRecord
  2
TP6
340
0
102
{BLKREFS
331
911
331
3A7
331
8F3
331
A41
102
}
 70
     0
280
     1
281
     0
  0
BLOCK_RECORD
  5
472
330
1
100
AcDbSymbolTableRecord
100
AcDbBlockTableRecord
  2
A$C718D6682
340
0
102
{BLKREFS
331
471
331
60F
331
936
331
95A
102
}
 70
     0
280
     1
281
     0
  0
BLOCK_RECORD
  5
E7
330
1
100
AcDbSymbolTableRecord
100
AcDbBlockTableRecord
  2
A$C5B6B14AB
340
0
102
{BLKREFS
331
E3
331
900
331
922
331
435
102
}
 70
     0
280
     1
281
     0
  0
BLOCK_RECORD
  5
CC2
102
{ACAD_XDICTIONARY
360
CC3
102
}
330
1
100
AcDbSymbolTableRecord
100
AcDbBlockTableRecord
  2
$TCHSYS$LDOR22D
340
0
102
{BLKREFS
331
CC1
102
}
 70
     0
280
     1
281
     0
  0
BLOCK_RECORD
  5
CD1
102
{ACAD_XDICTIONARY
360
CD2
102
}
330
1
100
AcDbSymbolTableRecord
100
AcDbBlockTableRecord
  2
$DorLib2D$00000131
340
0
102
{BLKREFS
331
E23
331
CD0
102
}
 70
     0
280
     1
281
     0
1001
_TCH
1040
1.0
  0
BLOCK_RECORD
  5
D01
102
{ACAD_XDICTIONARY
360
D02
102
}
330
1
100
AcDbSymbolTableRecord
100
AcDbBlockTableRecord
  2
$DorLib2D$00000132
340
0
102
{BLKREFS
331
D00
331
E2A
102
}
 70
     0
280
     1
281
     0
1001
_TCH
1040
1.0
  0
BLOCK_RECORD
  5
8B7
102
{ACAD_XDICTIONARY
360
8B8
102
}
330
1
100
AcDbSymbolTableRecord
100
AcDbBlockTableRecord
  2
A$C77202156
340
0
102
{BLKREFS
331
8B6
331
A3C
102
}
 70
     0
280
     1
281
     0
  0
BLOCK_RECORD
  5
44A
102
{ACAD_XDICTIONARY
360
44B
102
}
330
1
100
AcDbSymbolTableRecord
100
AcDbBlockTableRecord
  2
A$C67170A1A
340
0
102
{BLKREFS
331
449
331
932
102
}
 70
     0
280
     1
281
     0
  0
BLOCK_RECORD
  5
19A
102
{ACAD_XDICTIONARY
360
19B
102
}
330
1
100
AcDbSymbolTableRecord
100
AcDbBlockTableRecord
  2
A$C31840BCA
340
0
102
{BLKREFS
331
199
331
1C7
331
90B
331
90C
102
}
 70
     0
280
     1
281
     0
1001
AcDbDynamicBlockGUID
1000
{7EBAD41B-5347-4307-87E0-3EB473D9E2FD}
1001
AcDbBlockRepETag
1070
     1
1071
       38
  0
BLOCK_RECORD
  5
1CC
102
{ACAD_XDICTIONARY
360
1CD
102
}
330
1
100
AcDbSymbolTableRecord
100
AcDbBlockTableRecord
  2
1
340
0
310
2800000020000000200000000100080000000000000400000000000000000000000000000000000000000000000080000080000000808000800000008000800080800000C0C0C000C0DCC000F0CAA6000020400000206000002080000020A0000020C0000020E00000400000004020000040400000406000004080000040A0
310
000040C0000040E00000600000006020000060400000606000006080000060A0000060C0000060E00000800000008020000080400000806000008080000080A0000080C0000080E00000A0000000A0200000A0400000A0600000A0800000A0A00000A0C00000A0E00000C0000000C0200000C0400000C0600000C0800000C0
310
A00000C0C00000C0E00000E0000000E0200000E0400000E0600000E0800000E0A00000E0C00000E0E00040000000400020004000400040006000400080004000A0004000C0004000E00040200000402020004020400040206000402080004020A0004020C0004020E000404000004040200040404000404060004040800040
310
40A0004040C0004040E00040600000406020004060400040606000406080004060A0004060C0004060E00040800000408020004080400040806000408080004080A0004080C0004080E00040A0000040A0200040A0400040A0600040A0800040A0A00040A0C00040A0E00040C0000040C0200040C0400040C0600040C08000
310
40C0A00040C0C00040C0E00040E0000040E0200040E0400040E0600040E0800040E0A00040E0C00040E0E00080000000800020008000400080006000800080008000A0008000C0008000E00080200000802020008020400080206000802080008020A0008020C0008020E00080400000804020008040400080406000804080
310
008040A0008040C0008040E00080600000806020008060400080606000806080008060A0008060C0008060E00080800000808020008080400080806000808080008080A0008080C0008080E00080A0000080A0200080A0400080A0600080A0800080A0A00080A0C00080A0E00080C0000080C0200080C0400080C0600080C0
310
800080C0A00080C0C00080C0E00080E0000080E0200080E0400080E0600080E0800080E0A00080E0C00080E0E000C0000000C0002000C0004000C0006000C0008000C000A000C000C000C000E000C0200000C0202000C0204000C0206000C0208000C020A000C020C000C020E000C0400000C0402000C0404000C0406000C0
310
408000C040A000C040C000C040E000C0600000C0602000C0604000C0606000C0608000C060A000C060C000C060E000C0800000C0802000C0804000C0806000C0808000C080A000C080C000C080E000C0A00000C0A02000C0A04000C0A06000C0A08000C0A0A000C0A0C000C0A0E000C0C00000C0C02000C0C04000C0C06000
310
C0C08000C0C0A000F0FBFF00A4A0A000808080000000FF0000FF000000FFFF00FF000000FF00FF00FFFF0000FFFFFF0000000000000000000000000000000000000000000000000000000000000000000000000000000000000000000000A4A4A4A4A4A4A400000000000000000000000000000000000000000000000000A4
310
A4A4A4A4A4A4A40000000000000000000000000000000000A4A4A4A4A4A4A4A4A4A4A4A4A4A4A4A4A4A4A4000000000000000000000000A4A4A4A4A4A4A4A4A4A4A4A4A4A400A4A4A4A4A4000000000000000000000000A4A400A4A4A4A400A4A4000000A400A4000000A4000000000000000000000000A4A400A4A4A4A400
310
A4A4000000A400A4000000A4000000000000000000000000A4A4A4A4A4A40000A4A4000000A400A4000000A4000000000000000000000000A4A400000000A400A4A4A4A4A4A4A400000000A4000000000000000000000000A4A4A4A4A4A4A400A4000000A4A4A40000A400A4000000000000000000000000A4A4A4000000A4
310
0000A40000A4A4A400000000A4000000000000000000000000A4A4A4000000A40000A4000000A4A400000000A4000000000000000000000000A4A4A4000000A40000A4A4A4A4A4A400000000A4000000000000000000000000A4A4A4A4A4A4A40000A400A4A4A4A400000000A4000000000000000000000000A4A4A4000000
310
A4000000A4A4A4A4A400000000A4000000000000000000000000A4A4A4000000A4000000A4A40000A400000000A4000000000000000000000000A4A4A4000000A4000000A4A4A4A4A400A40000A4000000000000000000000000A4A4A4000000A4000000A400A4A4A400A4A400A4000000000000000000000000A4A4A4A4A4
310
A4A4000000A4000000A400A40000A4000000000000000000000000A4A4A4000000A400000000A4A400A400000000A4000000000000000000000000A4A4A4000000A400000000A4A4A4A400000000A4000000000000000000000000A4A4A4000000A400000000000000A400000000A4000000000000000000000000A4A4A4A4
310
A4A4A400000000000000A400000000A4000000000000000000000000A4A400000000A400A4A4A4A4A4A4A4000000A4A4000000000000000000000000A4A4A4A4A4A40000A4A4000000A400A4000000A4000000000000000000000000A4A4A4A4A4A40000A4A4000000A400A4000000A4000000000000000000000000A4A4A4
310
A4A4A4A4A4A4A4000000A400A4A4A4A4A4000000000000000000000000A4A4A4A4A4A4A4A4A4A4000000A400A4A4A4A4A400000000000000000000000000A4A4A4A4A40000A4A4A4A4A4A4A4A400000000000000000000000000000000000000A4A4000000A4A4A4A4A4A4A4A4000000000000000000000000000000000000
310
000000000000A4A4A4A4A4A4A400000000000000000000000000000000000000000000000000000000000000000000000000000000000000
102
{BLKREFS
331
1C8
331
97E
331
90D
331
68B
102
}
 70
     0
280
     1
281
     0
  0
BLOCK_RECORD
  5
6D4
102
{ACAD_XDICTIONARY
360
6D5
102
}
330
1
100
AcDbSymbolTableRecord
100
AcDbBlockTableRecord
  2
空调室外机1
340
0
310
2800000020000000200000000100080000000000000400000000000000000000000000000000000000000000000080000080000000808000800000008000800080800000C0C0C000C0DCC000F0CAA6000020400000206000002080000020A0000020C0000020E00000400000004020000040400000406000004080000040A0
310
000040C0000040E00000600000006020000060400000606000006080000060A0000060C0000060E00000800000008020000080400000806000008080000080A0000080C0000080E00000A0000000A0200000A0400000A0600000A0800000A0A00000A0C00000A0E00000C0000000C0200000C0400000C0600000C0800000C0
310
A00000C0C00000C0E00000E0000000E0200000E0400000E0600000E0800000E0A00000E0C00000E0E00040000000400020004000400040006000400080004000A0004000C0004000E00040200000402020004020400040206000402080004020A0004020C0004020E000404000004040200040404000404060004040800040
310
40A0004040C0004040E00040600000406020004060400040606000406080004060A0004060C0004060E00040800000408020004080400040806000408080004080A0004080C0004080E00040A0000040A0200040A0400040A0600040A0800040A0A00040A0C00040A0E00040C0000040C0200040C0400040C0600040C08000
310
40C0A00040C0C00040C0E00040E0000040E0200040E0400040E0600040E0800040E0A00040E0C00040E0E00080000000800020008000400080006000800080008000A0008000C0008000E00080200000802020008020400080206000802080008020A0008020C0008020E00080400000804020008040400080406000804080
310
008040A0008040C0008040E00080600000806020008060400080606000806080008060A0008060C0008060E00080800000808020008080400080806000808080008080A0008080C0008080E00080A0000080A0200080A0400080A0600080A0800080A0A00080A0C00080A0E00080C0000080C0200080C0400080C0600080C0
310
800080C0A00080C0C00080C0E00080E0000080E0200080E0400080E0600080E0800080E0A00080E0C00080E0E000C0000000C0002000C0004000C0006000C0008000C000A000C000C000C000E000C0200000C0202000C0204000C0206000C0208000C020A000C020C000C020E000C0400000C0402000C0404000C0406000C0
310
408000C040A000C040C000C040E000C0600000C0602000C0604000C0606000C0608000C060A000C060C000C060E000C0800000C0802000C0804000C0806000C0808000C080A000C080C000C080E000C0A00000C0A02000C0A04000C0A06000C0A08000C0A0A000C0A0C000C0A0E000C0C00000C0C02000C0C04000C0C06000
310
C0C08000C0C0A000F0FBFF00A4A0A000808080000000FF0000FF000000FFFF00FF000000FF00FF00FFFF0000FFFFFF0000000000000000000000000000000000000000000000000000000000000000000000000000000000000000000000000000000000000000000000000000000000000000000000000000000000000000
310
00000000000000000000000000000000000000000000000000000000000000000000000000000000000000000000000000000000000000000000000000000000000000000000000000000000000000000000000000000000000000000000000000000000000000000000000000000000000000000000000000000000000000
310
00000000000000000000000000000000000000000000000000000000000000000000000000000000000000000000000000000000000000000000000000000000000000000000000000000000000000000000000000000000000000000000000000000000000000000000000000000000000000FFFFFFFFFFFFFFFFFFFFFFFF
310
FFFFFFFFFFFFFFFFFFFFFFFFFFFFFFFFFFFF0000FF00000000000000000000000000000000000000000000000000000000FF0000FF0000000000000000FFFFFFFF00FF0000FF00FF000000000000000000FF0000FF000000000000000000FF000000FF0000FF00FF000000000000000000FF0000FF000000000000000000FF
310
000000FF00FF0000FF000000000000000000FF0000FF00000000000000000000FF0000FFFFFF0000FF000000000000000000FF0000FF0000000000000000000000FF00FFFF000000FF000000000000000000FF0000FF000000000000000000FF00FF00FF00FF0000FF000000000000000000FF0000FF000000000000000000
310
FF00FF00FF00FF0000FF000000000000000000FF0000FF000000000000000000FFFF0000FF0000FFFFFFFF0000000000000000FF0000FF00000000000000000000000000000000000000000000000000000000FF0000FFFFFFFFFFFFFFFFFFFFFFFFFFFFFFFFFFFFFFFFFFFFFFFFFFFFFFFFFFFF0000000000000000000000
310
00000000000000000000000000000000000000000000000000000000000000000000000000000000000000000000000000000000000000000000000000000000000000000000000000000000000000000000000000000000000000000000000000000000000000000000000000000000000000000000000000000000000000
310
00000000000000000000000000000000000000000000000000000000000000000000000000000000000000000000000000000000000000000000000000000000000000000000000000000000000000000000000000000000000000000000000000000000000000000000000000000000000000000000000000000000000000
310
0000000000000000000000000000000000000000000000000000000000000000000000000000000000000000000000000000000000000000
102
{BLKREFS
331
6DD
331
6D3
331
6E3
331
9A5
331
9A7
331
9AD
102
}
 70
     0
280
     1
281
     0
  0
BLOCK_RECORD
  5
CB1
330
1
100
AcDbSymbolTableRecord
100
AcDbBlockTableRecord
  2
$WINLIB2D$00000001
340
0
102
{BLKREFS
331
CB0
102
}
 70
     0
280
     1
281
     0
  0
BLOCK_RECORD
  5
6E6
102
{ACAD_XDICTIONARY
360
6E7
102
}
330
1
100
AcDbSymbolTableRecord
100
AcDbBlockTableRecord
  2
A$C367E6596
340
0
102
{BLKREFS
331
6E5
331
9AF
102
}
 70
     0
280
     1
281
     0
  0
BLOCK_RECORD
  5
8AC
330
1
100
AcDbSymbolTableRecord
100
AcDbBlockTableRecord
  2
13
340
0
310
2800000020000000200000000100080000000000000400000000000000000000000000000000000000000000000080000080000000808000800000008000800080800000C0C0C000C0DCC000F0CAA6000020400000206000002080000020A0000020C0000020E00000400000004020000040400000406000004080000040A0
310
000040C0000040E00000600000006020000060400000606000006080000060A0000060C0000060E00000800000008020000080400000806000008080000080A0000080C0000080E00000A0000000A0200000A0400000A0600000A0800000A0A00000A0C00000A0E00000C0000000C0200000C0400000C0600000C0800000C0
310
A00000C0C00000C0E00000E0000000E0200000E0400000E0600000E0800000E0A00000E0C00000E0E00040000000400020004000400040006000400080004000A0004000C0004000E00040200000402020004020400040206000402080004020A0004020C0004020E000404000004040200040404000404060004040800040
310
40A0004040C0004040E00040600000406020004060400040606000406080004060A0004060C0004060E00040800000408020004080400040806000408080004080A0004080C0004080E00040A0000040A0200040A0400040A0600040A0800040A0A00040A0C00040A0E00040C0000040C0200040C0400040C0600040C08000
310
40C0A00040C0C00040C0E00040E0000040E0200040E0400040E0600040E0800040E0A00040E0C00040E0E00080000000800020008000400080006000800080008000A0008000C0008000E00080200000802020008020400080206000802080008020A0008020C0008020E00080400000804020008040400080406000804080
310
008040A0008040C0008040E00080600000806020008060400080606000806080008060A0008060C0008060E00080800000808020008080400080806000808080008080A0008080C0008080E00080A0000080A0200080A0400080A0600080A0800080A0A00080A0C00080A0E00080C0000080C0200080C0400080C0600080C0
310
800080C0A00080C0C00080C0E00080E0000080E0200080E0400080E0600080E0800080E0A00080E0C00080E0E000C0000000C0002000C0004000C0006000C0008000C000A000C000C000C000E000C0200000C0202000C0204000C0206000C0208000C020A000C020C000C020E000C0400000C0402000C0404000C0406000C0
310
408000C040A000C040C000C040E000C0600000C0602000C0604000C0606000C0608000C060A000C060C000C060E000C0800000C0802000C0804000C0806000C0808000C080A000C080C000C080E000C0A00000C0A02000C0A04000C0A06000C0A08000C0A0A000C0A0C000C0A0E000C0C00000C0C02000C0C04000C0C06000
310
C0C08000C0C0A000F0FBFF00A4A0A000808080000000FF0000FF000000FFFF00FF000000FF00FF00FFFF0000FFFFFF0000000000000000000000000000000000000000000000000000000000000000000000000000000000000000000000000000000000000000000000000000000000000000000000000000000000000000
310
00000000000000000000000000000000000000000000000000000000000000000000000000000000000000000000000000000000000000000000000000000000000000000000000000000000000000000000000000000000000000000000000000000000000000000000000000000000000000000000000000000000000000
310
00000000000000000000000000000000000000A4A4A4A4A4A4A4A4A4A4A4A4A4A4A4A4A4A4A4A4A4A4A4A4A4A4A4A4A4A40000A4A4000000000000000000000000000000000000000000000000A4A400A40000A4A400000000000000000000000000000000000000000000A4A4000000A40000A400A4000000000000000000
310
000000000000000000A4A4A40000000000A40000A400A400000000000000000000000000000000A4A40000000000000000A40000A40000A400000000000000000000000000A4A400000000000000000000A40000A4000000A400000000000000000000A4A4000000000000000000000000A40000A4000000A4000000000000
310
00A4A4A40000000000000000000000000000A40000A400000000A400000000A4A40000000000000000000000000000000000A40000A400000000A40000A4A400000000000000000000000000000000000000A40000A400000000A4A4A4000000000000000000000000000000000000000000A40000A400000000A4A400A4A4
310
A4000000000000000000000000000000000000A40000A4000000A4000000000000A4A4A4A40000000000000000000000000000A40000A40000A40000000000000000000000A4A4A40000000000000000000000A40000A40000A40000000000000000000000000000A4A4A40000000000000000A40000A400A4000000000000
310
000000000000000000000000A4A4A4A400000000A40000A4A40000000000000000000000000000000000000000000000A4A4A400A40000A4A4A4A4A4A4A4A4A4A4A4A4A4A4A4A4A4A4A4A4A4A4A4A4A4A4A4A4A4A4000000000000000000000000000000000000000000000000000000000000000000000000000000000000
310
00000000000000000000000000000000000000000000000000000000000000000000000000000000000000000000000000000000000000000000000000000000000000000000000000000000000000000000000000000000000000000000000000000000000000000000000000000000000000000000000000000000000000
310
0000000000000000000000000000000000000000000000000000000000000000000000000000000000000000000000000000000000000000
102
{BLKREFS
331
8AB
331
A3B
102
}
 70
     0
280
     1
281
     0
  0
BLOCK_RECORD
  5
6C9
102
{ACAD_XDICTIONARY
360
6CA
102
}
330
1
100
AcDbSymbolTableRecord
100
AcDbBlockTableRecord
  2
*U27
340
0
102
{BLKREFS
331
6C5
331
6DC
331
9A4
331
9A6
331
812
331
813
331
814
331
815
331
9F1
331
9F2
331
9F3
331
9F4
102
}
 70
     0
280
     1
281
     0
1001
AcDbBlockRepBTag
1070
     1
1005
0
  0
BLOCK_RECORD
  5
827
102
{ACAD_XDICTIONARY
360
828
102
}
330
1
100
AcDbSymbolTableRecord
100
AcDbBlockTableRecord
  2
*U28
340
0
102
{BLKREFS
331
816
331
9F5
102
}
 70
     0
280
     1
281
     0
1001
AcDbBlockRepBTag
1070
     1
1005
61B
  0
BLOCK_RECORD
  5
860
102
{ACAD_XDICTIONARY
360
861
102
}
330
1
100
AcDbSymbolTableRecord
100
AcDbBlockTableRecord
  2
*U29
340
0
102
{BLKREFS
331
84F
331
A06
102
}
 70
     0
280
     1
281
     0
1001
AcDbBlockRepBTag
1070
     1
1005
61B
  0
BLOCK_RECORD
  5
64E
102
{ACAD_XDICTIONARY
360
64F
102
}
330
1
100
AcDbSymbolTableRecord
100
AcDbBlockTableRecord
  2
*U30
340
0
102
{BLKREFS
331
617
331
962
102
}
 70
     0
280
     1
281
     0
1001
AcDbBlockRepBTag
1070
     1
1005
61B
  0
BLOCK_RECORD
  5
A9F
330
1
100
AcDbSymbolTableRecord
100
AcDbBlockTableRecord
  2
*D31
340
0
 70
     0
280
     1
281
     0
  0
BLOCK_RECORD
  5
AAF
330
1
100
AcDbSymbolTableRecord
100
AcDbBlockTableRecord
  2
*D32
340
0
 70
     0
280
     1
281
     0
  0
BLOCK_RECORD
  5
ABC
330
1
100
AcDbSymbolTableRecord
100
AcDbBlockTableRecord
  2
*D33
340
0
 70
     0
280
     1
281
     0
  0
BLOCK_RECORD
  5
AC9
330
1
100
AcDbSymbolTableRecord
100
AcDbBlockTableRecord
  2
*D34
340
0
 70
     0
280
     1
281
     0
  0
BLOCK_RECORD
  5
AD6
330
1
100
AcDbSymbolTableRecord
100
AcDbBlockTableRecord
  2
*D35
340
0
 70
     0
280
     1
281
     0
  0
BLOCK_RECORD
  5
AE5
330
1
100
AcDbSymbolTableRecord
100
AcDbBlockTableRecord
  2
*D36
340
0
 70
     0
280
     1
281
     0
  0
BLOCK_RECORD
  5
AF2
330
1
100
AcDbSymbolTableRecord
100
AcDbBlockTableRecord
  2
*D37
340
0
 70
     0
280
     1
281
     0
  0
BLOCK_RECORD
  5
B01
330
1
100
AcDbSymbolTableRecord
100
AcDbBlockTableRecord
  2
*D38
340
0
 70
     0
280
     1
281
     0
  0
BLOCK_RECORD
  5
B0E
330
1
100
AcDbSymbolTableRecord
100
AcDbBlockTableRecord
  2
*D39
340
0
 70
     0
280
     1
281
     0
  0
BLOCK_RECORD
  5
B1D
330
1
100
AcDbSymbolTableRecord
100
AcDbBlockTableRecord
  2
*D40
340
0
 70
     0
280
     1
281
     0
  0
BLOCK_RECORD
  5
B2A
330
1
100
AcDbSymbolTableRecord
100
AcDbBlockTableRecord
  2
*D41
340
0
 70
     0
280
     1
281
     0
  0
BLOCK_RECORD
  5
B37
330
1
100
AcDbSymbolTableRecord
100
AcDbBlockTableRecord
  2
*D42
340
0
 70
     0
280
     1
281
     0
  0
BLOCK_RECORD
  5
B44
330
1
100
AcDbSymbolTableRecord
100
AcDbBlockTableRecord
  2
*D43
340
0
 70
     0
280
     1
281
     0
  0
BLOCK_RECORD
  5
B53
330
1
100
AcDbSymbolTableRecord
100
AcDbBlockTableRecord
  2
*D44
340
0
 70
     0
280
     1
281
     0
  0
BLOCK_RECORD
  5
B60
330
1
100
AcDbSymbolTableRecord
100
AcDbBlockTableRecord
  2
*D45
340
0
 70
     0
280
     1
281
     0
  0
BLOCK_RECORD
  5
B6F
330
1
100
AcDbSymbolTableRecord
100
AcDbBlockTableRecord
  2
*D46
340
0
 70
     0
280
     1
281
     0
  0
BLOCK_RECORD
  5
B7C
330
1
100
AcDbSymbolTableRecord
100
AcDbBlockTableRecord
  2
*D47
340
0
 70
     0
280
     1
281
     0
  0
BLOCK_RECORD
  5
B89
330
1
100
AcDbSymbolTableRecord
100
AcDbBlockTableRecord
  2
*D48
340
0
 70
     0
280
     1
281
     0
  0
BLOCK_RECORD
  5
B96
330
1
100
AcDbSymbolTableRecord
100
AcDbBlockTableRecord
  2
*D49
340
0
 70
     0
280
     1
281
     0
  0
BLOCK_RECORD
  5
BA3
330
1
100
AcDbSymbolTableRecord
100
AcDbBlockTableRecord
  2
*D50
340
0
 70
     0
280
     1
281
     0
  0
BLOCK_RECORD
  5
BB0
330
1
100
AcDbSymbolTableRecord
100
AcDbBlockTableRecord
  2
*D51
340
0
 70
     0
280
     1
281
     0
  0
BLOCK_RECORD
  5
BBD
330
1
100
AcDbSymbolTableRecord
100
AcDbBlockTableRecord
  2
*D52
340
0
 70
     0
280
     1
281
     0
  0
BLOCK_RECORD
  5
BCA
330
1
100
AcDbSymbolTableRecord
100
AcDbBlockTableRecord
  2
*D53
340
0
 70
     0
280
     1
281
     0
  0
BLOCK_RECORD
  5
BD7
330
1
100
AcDbSymbolTableRecord
100
AcDbBlockTableRecord
  2
*D54
340
0
 70
     0
280
     1
281
     0
  0
BLOCK_RECORD
  5
BE4
330
1
100
AcDbSymbolTableRecord
100
AcDbBlockTableRecord
  2
*D55
340
0
 70
     0
280
     1
281
     0
  0
BLOCK_RECORD
  5
BF1
330
1
100
AcDbSymbolTableRecord
100
AcDbBlockTableRecord
  2
*D56
340
0
 70
     0
280
     1
281
     0
  0
BLOCK_RECORD
  5
BFE
330
1
100
AcDbSymbolTableRecord
100
AcDbBlockTableRecord
  2
*D57
340
0
 70
     0
280
     1
281
     0
  0
BLOCK_RECORD
  5
C0B
330
1
100
AcDbSymbolTableRecord
100
AcDbBlockTableRecord
  2
*D58
340
0
 70
     0
280
     1
281
     0
  0
BLOCK_RECORD
  5
C1A
330
1
100
AcDbSymbolTableRecord
100
AcDbBlockTableRecord
  2
*D59
340
0
 70
     0
280
     1
281
     0
  0
BLOCK_RECORD
  5
C27
330
1
100
AcDbSymbolTableRecord
100
AcDbBlockTableRecord
  2
*D60
340
0
 70
     0
280
     1
281
     0
  0
BLOCK_RECORD
  5
C34
330
1
100
AcDbSymbolTableRecord
100
AcDbBlockTableRecord
  2
*D61
340
0
 70
     0
280
     1
281
     0
  0
BLOCK_RECORD
  5
C41
330
1
100
AcDbSymbolTableRecord
100
AcDbBlockTableRecord
  2
*D62
340
0
 70
     0
280
     1
281
     0
  0
BLOCK_RECORD
  5
C4E
330
1
100
AcDbSymbolTableRecord
100
AcDbBlockTableRecord
  2
*D63
340
0
 70
     0
280
     1
281
     0
  0
BLOCK_RECORD
  5
C5B
330
1
100
AcDbSymbolTableRecord
100
AcDbBlockTableRecord
  2
*D64
340
0
 70
     0
280
     1
281
     0
  0
BLOCK_RECORD
  5
C68
330
1
100
AcDbSymbolTableRecord
100
AcDbBlockTableRecord
  2
*D65
340
0
 70
     0
280
     1
281
     0
  0
BLOCK_RECORD
  5
C75
330
1
100
AcDbSymbolTableRecord
100
AcDbBlockTableRecord
  2
*D66
340
0
 70
     0
280
     1
281
     0
  0
BLOCK_RECORD
  5
C82
330
1
100
AcDbSymbolTableRecord
100
AcDbBlockTableRecord
  2
*D67
340
0
 70
     0
280
     1
281
     0
  0
BLOCK_RECORD
  5
C8F
330
1
100
AcDbSymbolTableRecord
100
AcDbBlockTableRecord
  2
*D68
340
0
 70
     0
280
     1
281
     0
  0
BLOCK_RECORD
  5
C9C
330
1
100
AcDbSymbolTableRecord
100
AcDbBlockTableRecord
  2
*D69
340
0
 70
     0
280
     1
281
     0
  0
BLOCK_RECORD
  5
F5D
102
{ACAD_XDICTIONARY
360
F5E
102
}
330
1
100
AcDbSymbolTableRecord
100
AcDbBlockTableRecord
  2
房间图层样板
340
0
102
{BLKREFS
331
F62
102
}
 70
     4
280
     1
281
     0
  0
ENDTAB
  0
ENDSEC
  0
SECTION
  2
BLOCKS
  0
BLOCK
  5
6
330
2
100
AcDbEntity
  8
0
100
AcDbBlockBegin
  2
*MODEL_SPACE
 70
     0
 10
0.0
 20
0.0
 30
0.0
  3
*MODEL_SPACE
  1

  0
ENDBLK
  5
11
330
2
100
AcDbEntity
  8
0
100
AcDbBlockEnd
  0
BLOCK
  5
18
330
15
100
AcDbEntity
 67
     1
  8
0
100
AcDbBlockBegin
  2
*PAPER_SPACE
 70
     0
 10
0.0
 20
0.0
 30
0.0
  3
*PAPER_SPACE
  1

  0
ENDBLK
  5
19
330
15
100
AcDbEntity
 67
     1
  8
0
100
AcDbBlockEnd
  0
BLOCK
  5
3F
330
3C
100
AcDbEntity
  8
0
100
AcDbBlockBegin
  2
_DIMX
 70
     0
 10
0.0
 20
0.0
 30
0.0
  3
_DIMX
  1

  0
LINE
  5
40
330
3C
100
AcDbEntity
  8
0
100
AcDbLine
 10
-150.0
 20
0.0
 30
0.0
 11
150.0
 21
0.0
 31
0.0
  0
LWPOLYLINE
  5
41
330
3C
100
AcDbEntity
  8
0
100
AcDbPolyline
 90
        2
 70
     0
 43
50.0
 10
-70.0
 20
-70.0
 10
70.0
 20
70.0
  0
ENDBLK
  5
42
330
3C
100
AcDbEntity
  8
0
100
AcDbBlockEnd
  0
BLOCK
  5
C0
330
BD
100
AcDbEntity
  8
0
100
AcDbBlockBegin
  2
_ARROW
 70
     0
 10
0.0
 20
0.0
 30
0.0
  3
_ARROW
  1

  0
SOLID
  5
C1
330
BD
100
AcDbEntity
  8
0
100
AcDbTrace
 10
0.0
 20
0.0
 30
0.0
 11
-1.0
 21
0.1
 31
0.0
 12
-1.0
 22
-0.1
 32
0.0
 13
-1.0
 23
-0.1
 33
0.0
  0
ENDBLK
  5
C3
330
BD
100
AcDbEntity
  8
0
100
AcDbBlockEnd
  0
BLOCK
  5
639
330
61B
100
AcDbEntity
  8
0
100
AcDbBlockBegin
  2
衣柜
 70
     0
 10
0.0
 20
0.0
 30
0.0
  3
衣柜
  1

  0
LWPOLYLINE
  5
63A
330
61B
100
AcDbEntity
  8
0
100
AcDbPolyline
 90
        4
 70
     1
 43
0.0
 10
-999.9999993122182
 20
0.0
 10
999.9999993122182
 20
0.0
 10
999.9999993122182
 20
-550.0000000004656
 10
-999.9999993122182
 20
-550.0000000004656
1001
AcDbBlockRepETag
1070
     1
1071
        8
1005
63A
  0
LWPOLYLINE
  5
63B
330
61B
100
AcDbEntity
  8
0
100
AcDbPolyline
 90
        4
 70
     1
 43
0.0
 10
-969.9999993122183
 20
-30.0
 10
969.9999993122183
 20
-30.0
 10
969.9999993122183
 20
-520.0000000004656
 10
-969.9999993122183
 20
-520.0000000004656
1001
AcDbBlockRepETag
1070
     1
1071
        9
1005
63B
  0
LINE
  5
63C
330
61B
100
AcDbEntity
  8
0
100
AcDbLine
 10
-969.9999993122183
 20
-275.0000000002328
 30
0.0
 11
969.9999993122183
 21
-275.0000000002328
 31
0.0
1001
AcDbBlockRepETag
1070
     1
1071
       10
1005
63C
  0
LWPOLYLINE
  5
63D
330
61B
100
AcDbEntity
  8
0
100
AcDbPolyline
 90
        6
 70
     1
 43
0.0
 38
0.0000004644613586
 10
-873.9999990141951
 20
-95.00000000768341
 10
-861.9999993492383
 20
-275.0000000300352
 10
-873.9999996845144
 20
-455.0000000076834
 10
-905.9999996845144
 20
-454.9999999480787
 10
-917.9999993492385
 20
-274.999999925727
 10
-905.999999014195
 20
-94.99999994807877
1001
AcDbBlockRepETag
1070
     1
1071
       11
1005
63D
  0
LWPOLYLINE
  5
63E
330
61B
100
AcDbEntity
  8
0
 48
15.0
100
AcDbPolyline
 90
        4
 70
     1
 43
0.0
 38
-0.0000000049003113
 10
-893.9999993119855
 20
-254.9999999704305
 10
-885.9999993122183
 20
-254.9999999853317
 10
-885.9999993864912
 20
-294.9999999853316
 10
-893.9999993864912
 20
-294.9999999704305
1001
AcDbBlockRepETag
1070
     1
1071
       12
1005
63E
  0
ENDBLK
  5
63F
330
61B
100
AcDbEntity
  8
0
100
AcDbBlockEnd
  0
BLOCK
  5
119
330
118
100
AcDbEntity
  8
0
100
AcDbBlockBegin
  2
餐桌2
 70
     0
 10
0.0
 20
0.0
 30
0.0
  3
餐桌2
  1

  0
ARC
  5
11A
330
118
100
AcDbEntity
  8
0
100
AcDbCircle
 10
820.4078717207012
 20
-1332.640520104454
 30
0.0
 40
10.0
100
AcDbArc
 50
247.3300087843618
 51
319.2734566899164
  0
ARC
  5
11B
330
118
100
AcDbEntity
  8
0
100
AcDbCircle
 10
588.8222284800868
 20
-1133.258707373447
 30
0.0
 40
315.5896225382623
100
AcDbArc
 50
319.2734566899164
 51
358.2348621534222
  0
ARC
  5
11C
330
118
100
AcDbEntity
  8
0
100
AcDbCircle
 10
824.2620998023049
 20
-1323.413119284349
 30
0.0
 40
20.0
100
AcDbArc
 50
180.0
 51
247.3300087843618
  0
ARC
  5
11D
330
118
100
AcDbEntity
  8
0
100
AcDbCircle
 10
736.7620998023046
 20
-1250.913119284349
 30
0.0
 40
67.5
100
AcDbArc
 50
270.0
 51
0.0
  0
ARC
  5
11E
330
118
100
AcDbEntity
  8
0
100
AcDbCircle
 10
325.0
 20
-1450.0
 30
0.0
 40
50.0
100
AcDbArc
 50
270.0
 51
0.0
  0
ARC
  5
11F
330
118
100
AcDbEntity
  8
0
100
AcDbCircle
 10
511.7620998023048
 20
-1250.913119284349
 30
0.0
 40
67.5
100
AcDbArc
 50
180.0
 51
270.0
  0
ARC
  5
120
330
118
100
AcDbEntity
  8
0
100
AcDbCircle
 10
-325.0
 20
-1450.0
 30
0.0
 40
50.0
100
AcDbArc
 50
180.0
 51
270.0
  0
LINE
  5
121
330
118
100
AcDbEntity
  8
0
100
AcDbLine
 10
-325.0
 20
-1500.0
 30
0.0
 11
325.0
 21
-1500.0
 31
0.0
  0
LINE
  5
122
330
118
100
AcDbEntity
  8
0
100
AcDbLine
 10
736.7620998023046
 20
-1318.413119284349
 30
0.0
 11
511.7620998023048
 21
-1318.413119284349
 31
0.0
  0
ARC
  5
123
330
118
100
AcDbEntity
  8
0
100
AcDbCircle
 10
-820.4078717207012
 20
-1332.640520104454
 30
0.0
 40
10.0
100
AcDbArc
 50
220.7265433100836
 51
292.6699912156383
  0
ARC
  5
124
330
118
100
AcDbEntity
  8
0
100
AcDbCircle
 10
-588.8222284800868
 20
-1133.258707373447
 30
0.0
 40
315.5896225382623
100
AcDbArc
 50
181.7651378465778
 51
220.7265433100836
  0
ARC
  5
125
330
118
100
AcDbEntity
  8
0
100
AcDbCircle
 10
-824.2620998023049
 20
-1323.413119284349
 30
0.0
 40
20.0
100
AcDbArc
 50
292.6699912156383
 51
0.0
  0
ARC
  5
126
330
118
100
AcDbEntity
  8
0
100
AcDbCircle
 10
-736.7620998023046
 20
-1250.913119284349
 30
0.0
 40
67.5
100
AcDbArc
 50
180.0
 51
270.0
  0
LINE
  5
127
330
118
100
AcDbEntity
  8
0
100
AcDbLine
 10
-736.7620998023046
 20
-1318.413119284349
 30
0.0
 11
-511.7620998023048
 21
-1318.413119284349
 31
0.0
  0
ARC
  5
128
330
118
100
AcDbEntity
  8
0
100
AcDbCircle
 10
-511.7620998023048
 20
-1250.913119284349
 30
0.0
 40
67.5
100
AcDbArc
 50
270.0
 51
0.0
  0
ARC
  5
129
330
118
100
AcDbEntity
  8
0
100
AcDbCircle
 10
736.7620998023046
 20
-935.9131192843488
 30
0.0
 40
67.5
100
AcDbArc
 50
0.0
 51
90.0
  0
ARC
  5
12A
330
118
100
AcDbEntity
  8
0
100
AcDbCircle
 10
820.4078717207012
 20
-645.8142815357567
 30
0.0
 40
10.0
100
AcDbArc
 50
247.3300087843618
 51
319.2734566899164
  0
ARC
  5
12B
330
118
100
AcDbEntity
  8
0
100
AcDbCircle
 10
824.2620998023049
 20
-636.5868807156512
 30
0.0
 40
20.0
100
AcDbArc
 50
180.0
 51
247.3300087843618
  0
ARC
  5
12C
330
118
100
AcDbEntity
  8
0
100
AcDbCircle
 10
588.8222284800868
 20
-1053.567531195236
 30
0.0
 40
315.5896225382623
100
AcDbArc
 50
1.765137846577824
 51
40.72654331008362
  0
ARC
  5
12D
330
118
100
AcDbEntity
  8
0
100
AcDbCircle
 10
820.4078717207012
 20
-854.1857184642285
 30
0.0
 40
10.0
100
AcDbArc
 50
40.72654331008362
 51
112.6699912156382
  0
ARC
  5
12E
330
118
100
AcDbEntity
  8
0
100
AcDbCircle
 10
824.2620998023049
 20
-863.4131192843488
 30
0.0
 40
20.0
100
AcDbArc
 50
112.6699912156382
 51
180.0
  0
LINE
  5
12F
330
118
100
AcDbEntity
  8
0
100
AcDbLine
 10
904.2620998023046
 20
-357.0203135575284
 30
0.0
 11
904.2620998023046
 21
-456.1534478737593
 31
0.0
  0
ARC
  5
130
330
118
100
AcDbEntity
  8
0
100
AcDbCircle
 10
824.2620998023049
 20
-176.5868807156512
 30
0.0
 40
20.0
100
AcDbArc
 50
112.6699912156382
 51
180.0
  0
ARC
  5
131
330
118
100
AcDbEntity
  8
0
100
AcDbCircle
 10
736.7620998023046
 20
-249.0868807156512
 30
0.0
 40
67.5
100
AcDbArc
 50
0.0
 51
90.0
  0
ARC
  5
132
330
118
100
AcDbEntity
  8
0
100
AcDbCircle
 10
820.4078717207012
 20
-167.3594798955309
 30
0.0
 40
10.0
100
AcDbArc
 50
40.72654331008362
 51
112.6699912156382
  0
ARC
  5
133
330
118
100
AcDbEntity
  8
0
100
AcDbCircle
 10
588.8222284800868
 20
-366.7412926265388
 30
0.0
 40
315.5896225382623
100
AcDbArc
 50
1.765137846577824
 51
40.72654331008362
  0
ARC
  5
134
330
118
100
AcDbEntity
  8
0
370
    13
100
AcDbCircle
 10
-1873.576150918743
 20
-406.586880715651
 30
0.0
 40
2712.716921149136
100
AcDbArc
 50
354.8023040311401
 51
5.197695968859976
  0
ARC
  5
135
330
118
100
AcDbEntity
  8
0
100
AcDbCircle
 10
588.8222284800868
 20
-446.432468804749
 30
0.0
 40
315.5896225382623
100
AcDbArc
 50
319.2734566899164
 51
358.2348621534222
  0
ARC
  5
136
330
118
100
AcDbEntity
  8
0
100
AcDbCircle
 10
736.7620998023046
 20
-564.0868807156512
 30
0.0
 40
67.5
100
AcDbArc
 50
270.0
 51
0.0
  0
LINE
  5
137
330
118
100
AcDbEntity
  8
0
100
AcDbLine
 10
804.2620998023046
 20
-176.5868807156512
 30
0.0
 11
804.2620998023046
 21
-636.5868807156512
 31
0.0
  0
ARC
  5
138
330
118
100
AcDbEntity
  8
0
100
AcDbCircle
 10
511.7620998023048
 20
-935.9131192843488
 30
0.0
 40
67.5
100
AcDbArc
 50
90.0
 51
180.0
  0
ARC
  5
139
330
118
100
AcDbEntity
  8
0
100
AcDbCircle
 10
511.7620998023048
 20
-249.0868807156512
 30
0.0
 40
67.5
100
AcDbArc
 50
90.0
 51
180.0
  0
LINE
  5
13A
330
118
100
AcDbEntity
  8
0
100
AcDbLine
 10
444.2620998023047
 20
-249.0868807156512
 30
0.0
 11
444.2620998023047
 21
-564.0868807156512
 31
0.0
  0
LINE
  5
13B
330
118
100
AcDbEntity
  8
0
100
AcDbLine
 10
-444.2620998023047
 20
-564.0868807156512
 30
0.0
 11
-444.2620998023047
 21
-249.0868807156512
 31
0.0
  0
ARC
  5
13C
330
118
100
AcDbEntity
  8
0
100
AcDbCircle
 10
511.7620998023048
 20
-564.0868807156512
 30
0.0
 40
67.5
100
AcDbArc
 50
180.0
 51
270.0
  0
LINE
  5
13D
330
118
100
AcDbEntity
  8
0
100
AcDbLine
 10
736.7620998023046
 20
-181.5868807156512
 30
0.0
 11
511.7620998023048
 21
-181.5868807156512
 31
0.0
  0
LINE
  5
13E
330
118
100
AcDbEntity
  8
0
100
AcDbLine
 10
736.7620998023046
 20
-631.5868807156512
 30
0.0
 11
511.7620998023048
 21
-631.5868807156512
 31
0.0
  0
LINE
  5
13F
330
118
100
AcDbEntity
  8
0
100
AcDbLine
 10
736.7620998023046
 20
-868.4131192843487
 30
0.0
 11
511.7620998023048
 21
-868.4131192843487
 31
0.0
  0
LINE
  5
140
330
118
100
AcDbEntity
  8
0
100
AcDbLine
 10
325.0
 20
0.0
 30
0.0
 11
-325.0
 21
0.0
 31
0.0
  0
ARC
  5
141
330
118
100
AcDbEntity
  8
0
100
AcDbCircle
 10
-325.0
 20
-50.0
 30
0.0
 40
50.0
100
AcDbArc
 50
90.0
 51
180.0
  0
ARC
  5
142
330
118
100
AcDbEntity
  8
0
100
AcDbCircle
 10
325.0
 20
-50.0
 30
0.0
 40
50.0
100
AcDbArc
 50
0.0
 51
90.0
  0
ARC
  5
143
330
118
100
AcDbEntity
  8
0
100
AcDbCircle
 10
-736.7620998023046
 20
-935.9131192843488
 30
0.0
 40
67.5
100
AcDbArc
 50
90.0
 51
180.0
  0
LINE
  5
144
330
118
100
AcDbEntity
  8
0
100
AcDbLine
 10
-736.7620998023046
 20
-868.4131192843487
 30
0.0
 11
-511.7620998023048
 21
-868.4131192843487
 31
0.0
  0
ARC
  5
145
330
118
100
AcDbEntity
  8
0
100
AcDbCircle
 10
-820.4078717207012
 20
-645.8142815357567
 30
0.0
 40
10.0
100
AcDbArc
 50
220.7265433100836
 51
292.6699912156383
  0
ARC
  5
146
330
118
100
AcDbEntity
  8
0
100
AcDbCircle
 10
-824.2620998023049
 20
-636.5868807156512
 30
0.0
 40
20.0
100
AcDbArc
 50
292.6699912156383
 51
0.0
  0
LINE
  5
147
330
118
100
AcDbEntity
  8
0
100
AcDbLine
 10
-736.7620998023046
 20
-631.5868807156512
 30
0.0
 11
-511.7620998023048
 21
-631.5868807156512
 31
0.0
  0
ARC
  5
148
330
118
100
AcDbEntity
  8
0
100
AcDbCircle
 10
-588.8222284800868
 20
-1053.567531195236
 30
0.0
 40
315.5896225382623
100
AcDbArc
 50
139.2734566899163
 51
178.2348621534221
  0
ARC
  5
149
330
118
100
AcDbEntity
  8
0
100
AcDbCircle
 10
-820.4078717207012
 20
-854.1857184642285
 30
0.0
 40
10.0
100
AcDbArc
 50
67.33000878436175
 51
139.2734566899163
  0
ARC
  5
14A
330
118
100
AcDbEntity
  8
0
100
AcDbCircle
 10
-824.2620998023049
 20
-863.4131192843488
 30
0.0
 40
20.0
100
AcDbArc
 50
0.0
 51
67.33000878436175
  0
LINE
  5
14B
330
118
100
AcDbEntity
  8
0
100
AcDbLine
 10
-904.2620998023046
 20
-456.1534478737593
 30
0.0
 11
-904.2620998023046
 21
-357.0203135575284
 31
0.0
  0
ARC
  5
14C
330
118
100
AcDbEntity
  8
0
100
AcDbCircle
 10
-824.2620998023049
 20
-176.5868807156512
 30
0.0
 40
20.0
100
AcDbArc
 50
0.0
 51
67.33000878436175
  0
ARC
  5
14D
330
118
100
AcDbEntity
  8
0
100
AcDbCircle
 10
-736.7620998023046
 20
-249.0868807156512
 30
0.0
 40
67.5
100
AcDbArc
 50
90.0
 51
180.0
  0
ARC
  5
14E
330
118
100
AcDbEntity
  8
0
100
AcDbCircle
 10
-820.4078717207012
 20
-167.3594798955309
 30
0.0
 40
10.0
100
AcDbArc
 50
67.33000878436175
 51
139.2734566899163
  0
LINE
  5
14F
330
118
100
AcDbEntity
  8
0
100
AcDbLine
 10
-736.7620998023046
 20
-181.5868807156512
 30
0.0
 11
-511.7620998023048
 21
-181.5868807156512
 31
0.0
  0
ARC
  5
150
330
118
100
AcDbEntity
  8
0
100
AcDbCircle
 10
-588.8222284800868
 20
-366.7412926265388
 30
0.0
 40
315.5896225382623
100
AcDbArc
 50
139.2734566899163
 51
178.2348621534221
  0
ARC
  5
151
330
118
100
AcDbEntity
  8
0
370
    13
100
AcDbCircle
 10
1873.576150918743
 20
-406.586880715651
 30
0.0
 40
2712.716921149136
100
AcDbArc
 50
174.80230403114
 51
185.19769596886
  0
ARC
  5
152
330
118
100
AcDbEntity
  8
0
100
AcDbCircle
 10
-588.8222284800868
 20
-446.432468804749
 30
0.0
 40
315.5896225382623
100
AcDbArc
 50
181.7651378465778
 51
220.7265433100836
  0
ARC
  5
153
330
118
100
AcDbEntity
  8
0
100
AcDbCircle
 10
-736.7620998023046
 20
-564.0868807156512
 30
0.0
 40
67.5
100
AcDbArc
 50
180.0
 51
270.0
  0
LINE
  5
154
330
118
100
AcDbEntity
  8
0
100
AcDbLine
 10
-804.2620998023046
 20
-636.5868807156512
 30
0.0
 11
-804.2620998023046
 21
-176.5868807156512
 31
0.0
  0
ARC
  5
155
330
118
100
AcDbEntity
  8
0
100
AcDbCircle
 10
-511.7620998023048
 20
-564.0868807156512
 30
0.0
 40
67.5
100
AcDbArc
 50
270.0
 51
0.0
  0
ARC
  5
156
330
118
100
AcDbEntity
  8
0
100
AcDbCircle
 10
-511.7620998023048
 20
-249.0868807156512
 30
0.0
 40
67.5
100
AcDbArc
 50
0.0
 51
90.0
  0
ARC
  5
157
330
118
100
AcDbEntity
  8
0
100
AcDbCircle
 10
-511.7620998023048
 20
-935.9131192843488
 30
0.0
 40
67.5
100
AcDbArc
 50
0.0
 51
90.0
  0
LINE
  5
158
330
118
100
AcDbEntity
  8
0
100
AcDbLine
 10
-375.0
 20
-50.0
 30
0.0
 11
-375.0
 21
-1450.0
 31
0.0
  0
ARC
  5
159
330
118
100
AcDbEntity
  8
0
370
    13
100
AcDbCircle
 10
1873.576150918743
 20
-1093.413119284349
 30
0.0
 40
2712.716921149136
100
AcDbArc
 50
174.80230403114
 51
185.19769596886
  0
LINE
  5
15A
330
118
100
AcDbEntity
  8
0
100
AcDbLine
 10
-804.2620998023046
 20
-1323.413119284349
 30
0.0
 11
-804.2620998023046
 21
-863.4131192843488
 31
0.0
  0
LINE
  5
15B
330
118
100
AcDbEntity
  8
0
100
AcDbLine
 10
-904.2620998023046
 20
-1142.979686442457
 30
0.0
 11
-904.2620998023046
 21
-1043.846552126226
 31
0.0
  0
LINE
  5
15C
330
118
100
AcDbEntity
  8
0
100
AcDbLine
 10
-444.2620998023047
 20
-1250.913119284349
 30
0.0
 11
-444.2620998023047
 21
-935.9131192843488
 31
0.0
  0
LINE
  5
15D
330
118
100
AcDbEntity
  8
0
100
AcDbLine
 10
375.0
 20
-1450.0
 30
0.0
 11
375.0
 21
-50.0
 31
0.0
  0
LINE
  5
15E
330
118
100
AcDbEntity
  8
0
100
AcDbLine
 10
444.2620998023047
 20
-935.9131192843488
 30
0.0
 11
444.2620998023047
 21
-1250.913119284349
 31
0.0
  0
ARC
  5
15F
330
118
100
AcDbEntity
  8
0
370
    13
100
AcDbCircle
 10
-1873.576150918743
 20
-1093.413119284349
 30
0.0
 40
2712.716921149136
100
AcDbArc
 50
354.8023040311401
 51
5.197695968859976
  0
LINE
  5
160
330
118
100
AcDbEntity
  8
0
100
AcDbLine
 10
804.2620998023046
 20
-863.4131192843488
 30
0.0
 11
804.2620998023046
 21
-1323.413119284349
 31
0.0
  0
LINE
  5
161
330
118
100
AcDbEntity
  8
0
100
AcDbLine
 10
904.2620998023046
 20
-1043.846552126226
 30
0.0
 11
904.2620998023046
 21
-1142.979686442457
 31
0.0
  0
ARC
  5
162
330
118
100
AcDbEntity
  8
0
100
AcDbCircle
 10
239.2274008201057
 20
445.1457719183962
 30
0.0
 40
10.0
100
AcDbArc
 50
337.3300087843617
 51
49.27345668991637
  0
ARC
  5
163
330
118
100
AcDbEntity
  8
0
100
AcDbCircle
 10
230.0
 20
449.0
 30
0.0
 40
20.0
100
AcDbArc
 50
270.0
 51
337.3300087843617
  0
LINE
  5
164
330
118
100
AcDbEntity
  8
0
100
AcDbLine
 10
-49.56656715812278
 20
529.0
 30
0.0
 11
49.56656715810821
 21
529.0
 31
0.0
  0
ARC
  5
165
330
118
100
AcDbEntity
  8
0
100
AcDbCircle
 10
-230.0
 20
449.0
 30
0.0
 40
20.0
100
AcDbArc
 50
202.6699912156383
 51
270.0
  0
ARC
  5
166
330
118
100
AcDbEntity
  8
0
100
AcDbCircle
 10
-157.5
 20
361.5
 30
0.0
 40
67.5
100
AcDbArc
 50
90.0
 51
180.0
  0
ARC
  5
167
330
118
100
AcDbEntity
  8
0
100
AcDbCircle
 10
-239.2274008201202
 20
445.1457719183962
 30
0.0
 40
10.0
100
AcDbArc
 50
130.7265433100836
 51
202.6699912156383
  0
ARC
  5
168
330
118
100
AcDbEntity
  8
0
100
AcDbCircle
 10
-39.84558808911243
 20
213.5601286777673
 30
0.0
 40
315.5896225382623
100
AcDbArc
 50
91.76513784658423
 51
130.7265433100836
  0
ARC
  5
169
330
118
100
AcDbEntity
  8
0
370
    13
100
AcDbCircle
 10
0.0
 20
-2248.838250721063
 30
0.0
 40
2712.716921149136
100
AcDbArc
 50
84.80230403115891
 51
95.19769596884108
  0
ARC
  5
16A
330
118
100
AcDbEntity
  8
0
100
AcDbCircle
 10
39.84558808909787
 20
213.5601286777673
 30
0.0
 40
315.5896225382623
100
AcDbArc
 50
49.27345668991637
 51
88.23486215341576
  0
ARC
  5
16B
330
118
100
AcDbEntity
  8
0
100
AcDbCircle
 10
157.5
 20
361.5
 30
0.0
 40
67.5
100
AcDbArc
 50
0.0
 51
90.0
  0
LINE
  5
16C
330
118
100
AcDbEntity
  8
0
100
AcDbLine
 10
-230.0
 20
429.0
 30
0.0
 11
230.0
 21
429.0
 31
0.0
  0
ARC
  5
16D
330
118
100
AcDbEntity
  8
0
100
AcDbCircle
 10
-157.5
 20
136.5
 30
0.0
 40
67.5
100
AcDbArc
 50
180.0
 51
270.0
  0
LINE
  5
16E
330
118
100
AcDbEntity
  8
0
100
AcDbLine
 10
-157.5
 20
69.0
 30
0.0
 11
157.5
 21
69.0
 31
0.0
  0
ARC
  5
16F
330
118
100
AcDbEntity
  8
0
100
AcDbCircle
 10
157.5
 20
136.5
 30
0.0
 40
67.5
100
AcDbArc
 50
270.0
 51
0.0
  0
LINE
  5
170
330
118
100
AcDbEntity
  8
0
100
AcDbLine
 10
-225.0
 20
361.5
 30
0.0
 11
-225.0
 21
136.5
 31
0.0
  0
LINE
  5
171
330
118
100
AcDbEntity
  8
0
100
AcDbLine
 10
225.0
 20
361.5
 30
0.0
 11
225.0
 21
136.5
 31
0.0
  0
ARC
  5
172
330
118
100
AcDbEntity
  8
0
100
AcDbCircle
 10
239.2274008201057
 20
-1945.145771918396
 30
0.0
 40
10.0
100
AcDbArc
 50
310.7265433100836
 51
22.66999121656828
  0
ARC
  5
173
330
118
100
AcDbEntity
  8
0
100
AcDbCircle
 10
230.0
 20
-1949.0
 30
0.0
 40
20.0
100
AcDbArc
 50
22.66999121656828
 51
90.0
  0
LINE
  5
174
330
118
100
AcDbEntity
  8
0
100
AcDbLine
 10
-49.56656715812278
 20
-2029.0
 30
0.0
 11
49.56656715810821
 21
-2029.0
 31
0.0
  0
ARC
  5
175
330
118
100
AcDbEntity
  8
0
100
AcDbCircle
 10
-230.0
 20
-1949.0
 30
0.0
 40
20.0
100
AcDbArc
 50
90.0
 51
157.3300087834317
  0
ARC
  5
176
330
118
100
AcDbEntity
  8
0
100
AcDbCircle
 10
-157.5
 20
-1861.5
 30
0.0
 40
67.5
100
AcDbArc
 50
180.0
 51
270.0
  0
ARC
  5
177
330
118
100
AcDbEntity
  8
0
100
AcDbCircle
 10
-239.2274008201202
 20
-1945.145771918396
 30
0.0
 40
10.0
100
AcDbArc
 50
157.3300087834317
 51
229.2734566899164
  0
ARC
  5
178
330
118
100
AcDbEntity
  8
0
100
AcDbCircle
 10
-39.84558808911243
 20
-1713.560128677767
 30
0.0
 40
315.5896225382623
100
AcDbArc
 50
229.2734566899164
 51
268.2348621534158
  0
ARC
  5
179
330
118
100
AcDbEntity
  8
0
370
    13
100
AcDbCircle
 10
0.0
 20
748.8382507210626
 30
0.0
 40
2712.716921149136
100
AcDbArc
 50
264.8023040311589
 51
275.197695968841
  0
ARC
  5
17A
330
118
100
AcDbEntity
  8
0
100
AcDbCircle
 10
39.84558808909787
 20
-1713.560128677767
 30
0.0
 40
315.5896225382623
100
AcDbArc
 50
271.7651378465843
 51
310.7265433100836
  0
ARC
  5
17B
330
118
100
AcDbEntity
  8
0
100
AcDbCircle
 10
157.5
 20
-1861.5
 30
0.0
 40
67.5
100
AcDbArc
 50
270.0
 51
0.0
  0
LINE
  5
17C
330
118
100
AcDbEntity
  8
0
100
AcDbLine
 10
-230.0
 20
-1929.0
 30
0.0
 11
230.0
 21
-1929.0
 31
0.0
  0
ARC
  5
17D
330
118
100
AcDbEntity
  8
0
100
AcDbCircle
 10
-157.5
 20
-1636.5
 30
0.0
 40
67.5
100
AcDbArc
 50
90.0
 51
180.0
  0
LINE
  5
17E
330
118
100
AcDbEntity
  8
0
100
AcDbLine
 10
-157.5
 20
-1569.0
 30
0.0
 11
157.5
 21
-1569.0
 31
0.0
  0
ARC
  5
17F
330
118
100
AcDbEntity
  8
0
100
AcDbCircle
 10
157.5
 20
-1636.5
 30
0.0
 40
67.5
100
AcDbArc
 50
0.0
 51
90.0
  0
LINE
  5
180
330
118
100
AcDbEntity
  8
0
100
AcDbLine
 10
-225.0
 20
-1861.5
 30
0.0
 11
-225.0
 21
-1636.5
 31
0.0
  0
LINE
  5
181
330
118
100
AcDbEntity
  8
0
100
AcDbLine
 10
225.0
 20
-1861.5
 30
0.0
 11
225.0
 21
-1636.5
 31
0.0
  0
ENDBLK
  5
182
330
118
100
AcDbEntity
  8
0
100
AcDbBlockEnd
  0
BLOCK
  5
4B4
330
4B1
100
AcDbEntity
  8
0
100
AcDbBlockBegin
  2
M_C54TQD
 70
     2
 10
0.0
 20
0.0
 30
0.0
  3
M_C54TQD
  1

  0
ATTDEF
  5
4B5
330
4B1
100
AcDbEntity
  8
0
100
AcDbText
 10
0.0
 20
0.0
 30
0.0
 40
0.5
  1
1500
 41
0.8
  7
DIM_FONT
100
AcDbAttributeDefinition
280
     0
  3
XSIZE
  2
XSIZE
 70
     9
280
     0
  0
ATTDEF
  5
4B6
330
4B1
100
AcDbEntity
  8
0
100
AcDbText
 10
0.0
 20
0.0
 30
0.0
 40
0.5
  1
2000
 41
0.8
  7
DIM_FONT
100
AcDbAttributeDefinition
280
     0
  3
YSIZE
  2
YSIZE
 70
     9
280
     0
  0
LWPOLYLINE
  5
4B7
330
4B1
100
AcDbEntity
  8
0
100
AcDbPolyline
 90
        4
 70
     1
 43
0.0
 10
0.0
 20
-2000.0
 10
0.0
 20
0.0
 10
1500.0
 20
0.0
 10
1500.0
 20
-2000.0
  0
LINE
  5
4B8
330
4B1
100
AcDbEntity
  8
0
100
AcDbLine
 10
25.81707532191649
 20
-508.5309666635002
 30
0.0
 11
25.81707532354631
 21
-1967.83045325207
 31
0.0
  0
LINE
  5
4B9
330
4B1
100
AcDbEntity
  8
0
100
AcDbLine
 10
1471.571529761888
 20
-1967.830453251838
 30
0.0
 11
1471.571529761888
 21
-915.9286437098636
 31
0.0
  0
LINE
  5
4BA
330
4B1
100
AcDbEntity
  8
0
100
AcDbLine
 10
368.977387327468
 20
-1593.453046087059
 30
0.0
 11
324.2529505379498
 21
-1645.023484812815
 31
0.0
  0
LINE
  5
4BB
330
4B1
100
AcDbEntity
  8
0
100
AcDbLine
 10
324.2529505379498
 20
-1645.023484812815
 30
0.0
 11
255.4458232410252
 21
-1552.196723353932
 31
0.0
  0
LINE
  5
4BC
330
4B1
100
AcDbEntity
  8
0
100
AcDbLine
 10
698.3876391793602
 20
-1472.359672029037
 30
0.0
 11
623.2731592210475
 21
-1602.733589553973
 31
0.0
  0
LINE
  5
4BD
330
4B1
100
AcDbEntity
  8
0
100
AcDbLine
 10
548.1586792629675
 20
-1616.561117701349
 30
0.0
 11
528.3918655531015
 21
-1559.275664124638
 31
0.0
  0
POLYLINE
  5
4BE
330
4B1
100
AcDbEntity
  8
0
100
AcDb2dPolyline
 66
     1
 10
0.0
 20
0.0
 30
0.0
 70
     3
  0
VERTEX
  5
4BF
330
4BE
100
AcDbEntity
  8
0
100
AcDbVertex
100
AcDb2dVertex
 10
58.13472162233664
 20
-1583.152987174108
 30
0.0
 42
0.1013919190942201
  0
VERTEX
  5
4C0
330
4BE
100
AcDbEntity
  8
0
100
AcDbVertex
100
AcDb2dVertex
 10
39.50652894447557
 20
-1559.234586530481
 30
0.0
 42
-0.2237680032509501
 70
     1
  0
VERTEX
  5
4C1
330
4BE
100
AcDbEntity
  8
0
100
AcDbVertex
100
AcDb2dVertex
 10
33.63892572536133
 20
-1546.218089336646
 30
0.0
 42
-0.2555795284433636
  0
VERTEX
  5
4C2
330
4BE
100
AcDbEntity
  8
0
100
AcDbVertex
100
AcDb2dVertex
 10
36.39313040487468
 20
-1541.376663566218
 30
0.0
 42
-0.0815627085866008
 70
     1
  0
VERTEX
  5
4C3
330
4BE
100
AcDbEntity
  8
0
100
AcDbVertex
100
AcDb2dVertex
 10
51.64504933147689
 20
-1535.100866504712
 30
0.0
 42
-0.0718052271760612
  0
VERTEX
  5
4C4
330
4BE
100
AcDbEntity
  8
0
100
AcDbVertex
100
AcDb2dVertex
 10
68.69275314197875
 20
-1533.661523332354
 30
0.0
 42
0.0699853129919421
 70
     1
  0
VERTEX
  5
4C5
330
4BE
100
AcDbEntity
  8
0
100
AcDbVertex
100
AcDb2dVertex
 10
86.1845112729352
 20
-1532.248469445971
 30
0.0
 42
0.0354599108751823
  0
VERTEX
  5
4C6
330
4BE
100
AcDbEntity
  8
0
100
AcDbVertex
100
AcDb2dVertex
 10
144.5297128919046
 20
-1514.75857928826
 30
0.0
 42
0.0294323486893013
 70
     1
  0
VERTEX
  5
4C7
330
4BE
100
AcDbEntity
  8
0
100
AcDbVertex
100
AcDb2dVertex
 10
211.4805883753579
 20
-1484.781453064643
 30
0.0
 42
0.0015539306784282
  0
VERTEX
  5
4C8
330
4BE
100
AcDbEntity
  8
0
100
AcDbVertex
100
AcDb2dVertex
 10
243.6197459157556
 20
-1467.929371439502
 30
0.0
 42
-0.0015200045161783
 70
     1
  0
VERTEX
  5
4C9
330
4BE
100
AcDbEntity
  8
0
100
AcDbVertex
100
AcDb2dVertex
 10
276.4750698423013
 20
-1450.698927546618
 30
0.0
 42
-0.004735139452577
  0
VERTEX
  5
4CA
330
4BE
100
AcDbEntity
  8
0
100
AcDbVertex
100
AcDb2dVertex
 10
310.5137885496952
 20
-1433.387308924691
 30
0.0
 42
0.0038204816556974
 70
     1
  0
VERTEX
  5
4CB
330
4BE
100
AcDbEntity
  8
0
100
AcDbVertex
100
AcDb2dVertex
 10
352.7405321199913
 20
-1412.008509248728
 30
0.0
 42
0.2960011448983662
  0
VERTEX
  5
4CC
330
4BE
100
AcDbEntity
  8
0
100
AcDbVertex
100
AcDb2dVertex
 10
372.1044370702002
 20
-1378.10416726314
 30
0.0
 42
-0.6497743301907089
 70
     1
  0
VERTEX
  5
4CD
330
4BE
100
AcDbEntity
  8
0
100
AcDbVertex
100
AcDb2dVertex
 10
392.7877194753382
 20
-1367.467129011638
 30
0.0
 42
-0.0231899331533064
  0
VERTEX
  5
4CE
330
4BE
100
AcDbEntity
  8
0
100
AcDbVertex
100
AcDb2dVertex
 10
397.6280315041076
 20
-1371.745035845088
 30
0.0
 42
0.0288000585939381
 70
     1
  0
VERTEX
  5
4CF
330
4BE
100
AcDbEntity
  8
0
100
AcDbVertex
100
AcDb2dVertex
 10
401.5649964159819
 20
-1375.146700252313
 30
0.0
 42
0.0057266574220755
  0
VERTEX
  5
4D0
330
4BE
100
AcDbEntity
  8
0
100
AcDbVertex
100
AcDb2dVertex
 10
408.5744758499786
 20
-1380.404311201884
 30
0.0
 42
-0.0043580803065144
 70
     1
  0
VERTEX
  5
4D1
330
4BE
100
AcDbEntity
  8
0
100
AcDbVertex
100
AcDb2dVertex
 10
417.8039045564363
 20
-1387.287649516016
 30
0.0
 42
-0.0275279624241201
  0
VERTEX
  5
4D2
330
4BE
100
AcDbEntity
  8
0
100
AcDbVertex
100
AcDb2dVertex
 10
436.0464629260823
 20
-1402.796145362314
 30
0.0
 42
-0.0462141911587343
 70
     1
  0
VERTEX
  5
4D3
330
4BE
100
AcDbEntity
  8
0
100
AcDbVertex
100
AcDb2dVertex
 10
445.4511556827928
 20
-1413.544502137112
 30
0.0
 42
-0.194121097555792
  0
VERTEX
  5
4D4
330
4BE
100
AcDbEntity
  8
0
100
AcDbVertex
100
AcDb2dVertex
 10
449.5192762336228
 20
-1429.955747354426
 30
0.0
 42
0.1337189327007904
 70
     1
  0
VERTEX
  5
4D5
330
4BE
100
AcDbEntity
  8
0
100
AcDbVertex
100
AcDb2dVertex
 10
452.5300568193197
 20
-1453.843785754172
 30
0.0
 42
0.0115049885239622
  0
VERTEX
  5
4D6
330
4BE
100
AcDbEntity
  8
0
100
AcDbVertex
100
AcDb2dVertex
 10
471.1510833646171
 20
-1496.194292383734
 30
0.0
 42
0.0088817836259535
 70
     1
  0
VERTEX
  5
4D7
330
4BE
100
AcDbEntity
  8
0
100
AcDbVertex
100
AcDb2dVertex
 10
497.4863913217559
 20
-1550.021231578546
 30
0.0
 42
0.0124257131937093
  0
VERTEX
  5
4D8
330
4BE
100
AcDbEntity
  8
0
100
AcDbVertex
100
AcDb2dVertex
 10
534.6168163891416
 20
-1618.372365437332
 30
0.0
 42
-0.0336123700455677
 70
     1
  0
VERTEX
  5
4D9
330
4BE
100
AcDbEntity
  8
0
100
AcDbVertex
100
AcDb2dVertex
 10
547.2733422871677
 20
-1644.223848813679
 30
0.0
  0
VERTEX
  5
4DA
330
4BE
100
AcDbEntity
  8
0
100
AcDbVertex
100
AcDb2dVertex
 10
570.2964757324663
 20
-1700.540598565829
 30
0.0
  0
VERTEX
  5
4DB
330
4BE
100
AcDbEntity
  8
0
100
AcDbVertex
100
AcDb2dVertex
 10
588.0571801417972
 20
-1743.984951960272
 30
0.0
 42
0.2243410718216135
  0
VERTEX
  5
4DC
330
4BE
100
AcDbEntity
  8
0
100
AcDbVertex
100
AcDb2dVertex
 10
602.5851146520579
 20
-1757.285988330492
 30
0.0
 42
-0.722771522499555
 70
     1
  0
VERTEX
  5
4DD
330
4BE
100
AcDbEntity
  8
0
100
AcDbVertex
100
AcDb2dVertex
 10
602.7547089883592
 20
-1766.146016167477
 30
0.0
 42
-0.1035130412990579
  0
VERTEX
  5
4DE
330
4BE
100
AcDbEntity
  8
0
100
AcDbVertex
100
AcDb2dVertex
 10
599.0172203551046
 20
-1766.642068473855
 30
0.0
 42
0.0534647381238438
 70
     1
  0
VERTEX
  5
4DF
330
4BE
100
AcDbEntity
  8
0
100
AcDbVertex
100
AcDb2dVertex
 10
591.778178574983
 20
-1766.87733775645
 30
0.0
 42
0.0301092765793074
  0
VERTEX
  5
4E0
330
4BE
100
AcDbEntity
  8
0
100
AcDbVertex
100
AcDb2dVertex
 10
568.7220152600202
 20
-1771.539454950951
 30
0.0
 42
-0.0314364773003218
 70
     1
  0
VERTEX
  5
4E1
330
4BE
100
AcDbEntity
  8
0
100
AcDbVertex
100
AcDb2dVertex
 10
546.625681511592
 20
-1775.946527513326
 30
0.0
 42
-0.0532399643574459
  0
VERTEX
  5
4E2
330
4BE
100
AcDbEntity
  8
0
100
AcDbVertex
100
AcDb2dVertex
 10
531.5061410476919
 20
-1776.364433890325
 30
0.0
 42
0.0551795226477933
 70
     1
  0
VERTEX
  5
4E3
330
4BE
100
AcDbEntity
  8
0
100
AcDbVertex
100
AcDb2dVertex
 10
516.9166619062889
 20
-1776.824167168699
 30
0.0
 42
0.0562710074868784
  0
VERTEX
  5
4E4
330
4BE
100
AcDbEntity
  8
0
100
AcDbVertex
100
AcDb2dVertex
 10
491.602710487321
 20
-1783.400484463316
 30
0.0
 42
0.0108003175969269
 70
     1
  0
VERTEX
  5
4E5
330
4BE
100
AcDbEntity
  8
0
100
AcDbVertex
100
AcDb2dVertex
 10
365.8583998028189
 20
-1834.823151849559
 30
0.0
 42
0.0045599242865635
  0
VERTEX
  5
4E6
330
4BE
100
AcDbEntity
  8
0
100
AcDbVertex
100
AcDb2dVertex
 10
280.9774346444756
 20
-1872.61819007888
 30
0.0
 42
0.0112502049699783
 70
     1
  0
VERTEX
  5
4E7
330
4BE
100
AcDbEntity
  8
0
100
AcDbVertex
100
AcDb2dVertex
 10
247.0714551992714
 20
-1889.01896651613
 30
0.0
 42
0.0693939607328312
  0
VERTEX
  5
4E8
330
4BE
100
AcDbEntity
  8
0
100
AcDbVertex
100
AcDb2dVertex
 10
229.1588344399352
 20
-1901.581113359076
 30
0.0
 42
-0.0797562568819131
 70
     1
  0
VERTEX
  5
4E9
330
4BE
100
AcDbEntity
  8
0
100
AcDbVertex
100
AcDb2dVertex
 10
213.3272498133592
 20
-1912.203934125835
 30
0.0
 42
-0.1063994932269791
  0
VERTEX
  5
4EA
330
4BE
100
AcDbEntity
  8
0
100
AcDbVertex
100
AcDb2dVertex
 10
198.8538511942606
 20
-1915.437612356851
 30
0.0
 42
-0.3286420819917078
 70
     1
  0
VERTEX
  5
4EB
330
4BE
100
AcDbEntity
  8
0
100
AcDbVertex
100
AcDb2dVertex
 10
194.5947606211993
 20
-1912.350252192235
 30
0.0
 42
-0.2995467624749613
  0
VERTEX
  5
4EC
330
4BE
100
AcDbEntity
  8
0
100
AcDbVertex
100
AcDb2dVertex
 10
196.464941778453
 20
-1905.685310124536
 30
0.0
 42
0.1899166392732897
 70
     1
  0
VERTEX
  5
4ED
330
4BE
100
AcDbEntity
  8
0
100
AcDbVertex
100
AcDb2dVertex
 10
201.2611352659296
 20
-1896.479059664067
 30
0.0
 42
0.0335175224208069
  0
VERTEX
  5
4EE
330
4BE
100
AcDbEntity
  8
0
100
AcDbVertex
100
AcDb2dVertex
 10
201.6526498869061
 20
-1886.156726935762
 30
0.0
 42
0.0756271031388586
 70
     1
  0
VERTEX
  5
4EF
330
4BE
100
AcDbEntity
  8
0
100
AcDbVertex
100
AcDb2dVertex
 10
200.8289744397625
 20
-1881.631977088749
 30
0.0
 42
0.0534886286392459
  0
VERTEX
  5
4F0
330
4BE
100
AcDbEntity
  8
0
100
AcDbVertex
100
AcDb2dVertex
 10
197.2694064734969
 20
-1874.029762269463
 30
0.0
 42
0.0178378667503755
 70
     1
  0
VERTEX
  5
4F1
330
4BE
100
AcDbEntity
  8
0
100
AcDbVertex
100
AcDb2dVertex
 10
183.5004308565985
 20
-1853.03470626974
 30
0.0
 42
0.0383935750642246
  0
VERTEX
  5
4F2
330
4BE
100
AcDbEntity
  8
0
100
AcDbVertex
100
AcDb2dVertex
 10
164.5023714373819
 20
-1830.150565112359
 30
0.0
 42
-0.0595290825061912
 70
     1
  0
VERTEX
  5
4F3
330
4BE
100
AcDbEntity
  8
0
100
AcDbVertex
100
AcDb2dVertex
 10
152.8585468831006
 20
-1814.856372617767
 30
0.0
 42
-0.0359425927522917
  0
VERTEX
  5
4F4
330
4BE
100
AcDbEntity
  8
0
100
AcDbVertex
100
AcDb2dVertex
 10
140.3333988315426
 20
-1789.571933990927
 30
0.0
 42
-0.011245006357116
 70
     1
  0
VERTEX
  5
4F5
330
4BE
100
AcDbEntity
  8
0
100
AcDbVertex
100
AcDb2dVertex
 10
108.1278744246811
 20
-1705.440940826898
 30
0.0
 42
-0.0062027091860942
  0
VERTEX
  5
4F6
330
4BE
100
AcDbEntity
  8
0
100
AcDbVertex
100
AcDb2dVertex
 10
94.85072786197996
 20
-1666.766565078753
 30
0.0
 42
0.010783211680623
 70
     1
  0
VERTEX
  5
4F7
330
4BE
100
AcDbEntity
  8
0
100
AcDbVertex
100
AcDb2dVertex
 10
87.00939013040622
 20
-1644.589492921368
 30
0.0
 42
0.0194848343010926
  0
VERTEX
  5
4F8
330
4BE
100
AcDbEntity
  8
0
100
AcDbVertex
100
AcDb2dVertex
 10
81.5506756566465
 20
-1631.692431285046
 30
0.0
 42
0.0050616242096234
 70
     1
  0
SEQEND
  5
4F9
330
4BE
100
AcDbEntity
  8
0
  0
LWPOLYLINE
  5
4FA
330
4B1
100
AcDbEntity
  8
0
100
AcDbPolyline
 90
       46
 70
     0
 43
0.0
 10
463.9505119207313
 20
-1480.437258017133
 42
0.0256263773130658
 10
475.5529135710093
 20
-1477.614787561935
 42
0.0108003175969269
 10
604.8687299224548
 20
-1435.981363105937
 42
0.0045599242865635
 10
692.3968879890162
 20
-1404.803410856868
 42
0.0112502049699783
 10
727.4602013842668
 20
-1391.049685411621
 42
0.0693939607328312
 10
746.282983473502
 20
-1379.897448407486
 42
-0.0797562568819131
 10
762.8822070427702
 20
-1370.519326541922
 42
-0.1063994932269791
 10
777.5608816721942
 20
-1368.404508911655
 42
-0.3286420819917078
 10
781.570805078838
 20
-1371.809234975604
 42
-0.2995467624749613
 10
779.1952752068173
 20
-1378.311226067249
 42
0.1899166392732897
 10
773.7075559524817
 20
-1387.122778535122
 42
0.0335175224208069
 10
772.5260133859701
 20
-1397.384737111046
 42
0.0756271031388586
 10
773.0004556113851
 20
-1401.959308893885
 42
0.0534886286392459
 10
775.9668624771292
 20
-1409.811991529539
 42
0.0178378667503755
 10
788.0861175216267
 20
-1431.800641400157
 42
0.0383935750642246
 10
805.2742803669534
 20
-1456.073614769731
 42
-0.0595290825061912
 10
815.7115921904331
 20
-1472.215284330654
 42
-0.0359425927522917
 10
826.2619087763594
 20
-1498.385362479603
 42
-0.011245006357116
 10
851.9242734634318
 20
-1584.737333225552
 42
-0.0062027091860942
 10
862.1980728851632
 20
-1624.315597536159
 42
0.010783211680623
 10
868.3165291617624
 20
-1647.028448516852
 42
0.0194848343010926
 10
872.7706596516069
 20
-1660.305966512998
 42
0.0050616242096234
 10
892.3973092753438
 20
-1710.497391701792
 42
0.1013919190942201
 10
909.1374201583676
 20
-1735.773232724518
 42
-0.2237680032509501
 10
913.990082128439
 20
-1749.201175178284
 42
-0.2555795284433636
 10
910.8728970314841
 20
-1753.817256197799
 42
-0.0815627085866008
 10
895.1848218820524
 20
-1758.905572009971
 42
-0.0718052271760612
 10
878.0769460559822
 20
-1759.0340193148
 42
0.0699853129919421
 10
860.5283372055271
 20
-1759.102219073102
 42
0.0354599108751823
 10
801.0142176891676
 20
-1772.068652195274
 42
0.0294323486893013
 10
731.9626261058727
 20
-1796.825984933995
 42
0.0015539306784282
 10
698.6263457331806
 20
-1811.165110202273
 42
-0.0015200045161783
 10
664.5470052741002
 20
-1825.826592424651
 42
-0.004735139452577
 10
629.2815294407772
 20
-1840.478306480334
 42
0.0038204816556974
 10
585.5403770180418
 20
-1858.557646425674
 42
0.2960011448983662
 10
563.6347568596248
 20
-1890.878058333299
 42
-0.6497743301907089
 10
542.1970181963406
 20
-1899.898485974292
 42
-0.0231899331533064
 10
537.6988354085479
 20
-1895.262166419066
 42
0.0288000585939381
 10
534.0341806493234
 20
-1891.568750797771
 42
0.0057266574220755
 10
527.4483033211436
 20
-1885.789348176797
 42
-0.0043580803065144
 10
518.7736149579286
 20
-1878.218847374897
 42
-0.0275279624241201
 10
501.7734068457499
 20
-1861.357729279669
 42
-0.0462141911587343
 10
493.2202135212718
 20
-1849.920146354939
 42
-0.194121097555792
 10
490.4219391301738
 20
-1833.24536795076
 42
0.1337189327007904
 10
489.250970837893
 20
-1809.196833450929
 42
0.0057790609655978
 10
481.8063498067203
 20
-1787.180584505084
 42
0.0088817836259535
  0
LINE
  5
4FB
330
4B1
100
AcDbEntity
  8
0
100
AcDbLine
 10
45.8170753235463
 20
-1987.83045325207
 30
0.0
 11
1451.571529761888
 21
-1987.830453251838
 31
0.0
  0
LINE
  5
4FC
330
4B1
100
AcDbEntity
  8
0
100
AcDbLine
 10
257.1660994002595
 20
-1617.519269657321
 30
0.0
 11
188.3591680568643
 21
-1620.957261242554
 31
0.0
  0
ARC
  5
4FD
330
4B1
100
AcDbEntity
  8
0
100
AcDbCircle
 10
45.8170753235463
 20
-1967.83045325207
 30
0.0
 40
20.0
100
AcDbArc
 50
180.0000000000573
 51
270.0000000000047
  0
LINE
  5
4FE
330
4B1
100
AcDbEntity
  8
0
100
AcDbLine
 10
90.30910963541828
 20
-1638.147501642466
 30
0.0
 11
87.00939012947491
 21
-1644.58949291869
 31
0.0
  0
LINE
  5
4FF
330
4B1
100
AcDbEntity
  8
0
100
AcDbLine
 10
188.3591680568643
 20
-1620.957261242554
 30
0.0
 11
90.30910963541828
 21
-1638.147501642466
 31
0.0
  0
LINE
  5
500
330
4B1
100
AcDbEntity
  8
0
100
AcDbLine
 10
324.2529505379498
 20
-1645.023484812815
 30
0.0
 11
510.0318023327272
 21
-1663.932721005287
 31
0.0
  0
LINE
  5
501
330
4B1
100
AcDbEntity
  8
0
100
AcDbLine
 10
510.0318023327272
 20
-1663.932721005287
 30
0.0
 11
559.9168716461863
 21
-1700.031915123691
 31
0.0
  0
LINE
  5
502
330
4B1
100
AcDbEntity
  8
0
100
AcDbLine
 10
559.9168716461863
 20
-1700.031915123691
 30
0.0
 11
571.9582169000057
 21
-1708.627035323647
 31
0.0
  0
LINE
  5
503
330
4B1
100
AcDbEntity
  8
0
100
AcDbLine
 10
334.5740196325351
 20
-1810.04891698237
 30
0.0
 11
280.9774346412159
 21
-1872.618190080393
 31
0.0
  0
LINE
  5
504
330
4B1
100
AcDbEntity
  8
0
100
AcDbLine
 10
355.2161578217056
 20
-1727.536271516117
 30
0.0
 11
334.5740196325351
 21
-1810.04891698237
 31
0.0
  0
LINE
  5
505
330
4B1
100
AcDbEntity
  8
0
100
AcDbLine
 10
324.2529505379498
 20
-1645.023484812815
 30
0.0
 11
355.2161578217056
 21
-1727.536271516117
 31
0.0
  0
LINE
  5
506
330
4B1
100
AcDbEntity
  8
0
100
AcDbLine
 10
324.2529505379498
 20
-1645.023484812815
 30
0.0
 11
257.1660994002595
 21
-1617.519269657321
 31
0.0
  0
LINE
  5
507
330
4B1
100
AcDbEntity
  8
0
100
AcDbLine
 10
623.2731592210475
 20
-1602.733589553973
 30
0.0
 11
605.4829289054032
 21
-1658.043702143477
 31
0.0
  0
LINE
  5
508
330
4B1
100
AcDbEntity
  8
0
100
AcDbLine
 10
605.4829289054032
 20
-1658.043702143477
 30
0.0
 11
733.9680998106488
 21
-1626.437963874312
 31
0.0
  0
LINE
  5
509
330
4B1
100
AcDbEntity
  8
0
100
AcDbLine
 10
733.9680998106488
 20
-1626.437963874312
 30
0.0
 11
836.7563149160705
 21
-1640.265492021688
 31
0.0
  0
LINE
  5
50A
330
4B1
100
AcDbEntity
  8
0
100
AcDbLine
 10
836.7563149160705
 20
-1640.265492021688
 30
0.0
 11
872.7706596506758
 21
-1660.305966510903
 31
0.0
  0
LINE
  5
50B
330
4B1
100
AcDbEntity
  8
0
100
AcDbLine
 10
605.4829289054032
 20
-1658.043702143477
 30
0.0
 11
548.1586792629675
 21
-1616.561117701349
 31
0.0
  0
LINE
  5
50C
330
4B1
100
AcDbEntity
  8
0
100
AcDbLine
 10
605.4829289054032
 20
-1658.043702143477
 30
0.0
 11
654.9002571103629
 21
-1721.255319918738
 31
0.0
  0
LINE
  5
50D
330
4B1
100
AcDbEntity
  8
0
100
AcDbLine
 10
654.9002571103629
 20
-1721.255319918738
 30
0.0
 11
720.1312322369776
 21
-1768.66392732237
 31
0.0
  0
LINE
  5
50E
330
4B1
100
AcDbEntity
  8
0
100
AcDbLine
 10
720.1312322369776
 20
-1768.66392732237
 30
0.0
 11
813.0359425107016
 21
-1768.66392732237
 31
0.0
  0
LINE
  5
50F
330
4B1
100
AcDbEntity
  8
0
100
AcDbLine
 10
605.4829289054032
 20
-1658.043702143477
 30
0.0
 11
593.7109122320544
 21
-1752.156051272759
 31
0.0
  0
LINE
  5
510
330
4B1
100
AcDbEntity
  8
0
100
AcDbLine
 10
591.871118045412
 20
-1766.864436217816
 30
0.0
 11
580.0376802883111
 21
-1861.467821219121
 31
0.0
  0
ARC
  5
511
330
4B1
100
AcDbEntity
  8
0
100
AcDbCircle
 10
1451.571529761888
 20
-1967.830453251838
 30
0.0
 40
20.0
100
AcDbArc
 50
270.0
 51
360.0
  0
LINE
  5
512
330
4B1
100
AcDbEntity
  8
0
100
AcDbLine
 10
255.4458232410252
 20
-1552.196723353932
 30
0.0
 11
160.8363171380479
 21
-1514.378392206039
 31
0.0
  0
POLYLINE
  5
513
330
4B1
100
AcDbEntity
  8
0
100
AcDb2dPolyline
 66
     1
 10
0.0
 20
0.0
 30
0.0
 70
     2
  0
VERTEX
  5
514
330
513
100
AcDbEntity
  8
0
100
AcDbVertex
100
AcDb2dVertex
 10
191.3706686275545
 20
-453.6728252451866
 30
0.0
 42
0.0097294744723616
  0
VERTEX
  5
515
330
513
100
AcDbEntity
  8
0
100
AcDbVertex
100
AcDb2dVertex
 10
218.6594809463713
 20
-444.6409905871842
 30
0.0
 42
0.009729474473291
 70
     1
  0
VERTEX
  5
516
330
513
100
AcDbEntity
  8
0
100
AcDbVertex
100
AcDb2dVertex
 10
245.5762311110738
 20
-434.5542727969585
 30
0.0
 42
0.0079705008528091
  0
VERTEX
  5
517
330
513
100
AcDbEntity
  8
0
100
AcDbVertex
100
AcDb2dVertex
 10
267.3211682804395
 20
-425.5156059400176
 30
0.0
 42
0.0079705008551367
 70
     1
  0
VERTEX
  5
518
330
513
100
AcDbEntity
  8
0
100
AcDbVertex
100
AcDb2dVertex
 10
288.7669395147823
 20
-415.7883921816246
 30
0.0
  0
SEQEND
  5
519
330
513
100
AcDbEntity
  8
0
  0
LINE
  5
51A
330
4B1
100
AcDbEntity
  8
0
100
AcDbLine
 10
0.0
 20
-52.37141133332626
 30
0.0
 11
1500.0
 21
-52.37141133332626
 31
0.0
  0
POLYLINE
  5
51B
330
4B1
100
AcDbEntity
  8
0
100
AcDb2dPolyline
 66
     1
 10
0.0
 20
0.0
 30
0.0
 70
     2
  0
VERTEX
  5
51C
330
51B
100
AcDbEntity
  8
0
100
AcDbVertex
100
AcDb2dVertex
 10
100.9809355731122
 20
-126.7930115305353
 30
0.0
 42
-0.2633679387580063
  0
VERTEX
  5
51D
330
51B
100
AcDbEntity
  8
0
100
AcDbVertex
100
AcDb2dVertex
 10
73.03082517371513
 20
-108.0043454644037
 30
0.0
 42
-0.494818049593334
 70
     1
  0
VERTEX
  5
51E
330
51B
100
AcDbEntity
  8
0
100
AcDbVertex
100
AcDb2dVertex
 10
82.20231558359229
 20
-89.26110906281975
 30
0.0
 42
-0.049224722880142
  0
VERTEX
  5
51F
330
51B
100
AcDbEntity
  8
0
100
AcDbVertex
100
AcDb2dVertex
 10
99.87297290400602
 20
-87.51721706544048
 30
0.0
 42
-0.0368308428568549
 70
     1
  0
VERTEX
  5
520
330
51B
100
AcDbEntity
  8
0
100
AcDbVertex
100
AcDb2dVertex
 10
123.5152011790778
 20
-89.26110906281975
 30
0.0
 42
-0.0318926909000512
  0
VERTEX
  5
521
330
51B
100
AcDbEntity
  8
0
100
AcDbVertex
100
AcDb2dVertex
 10
161.4932668786496
 20
-97.39637610432692
 30
0.0
 42
0.0357819959079403
 70
     1
  0
VERTEX
  5
522
330
51B
100
AcDbEntity
  8
0
100
AcDbVertex
100
AcDb2dVertex
 10
195.4075579075142
 20
-104.386000819155
 30
0.0
 42
0.0329412578642258
  0
VERTEX
  5
523
330
51B
100
AcDbEntity
  8
0
100
AcDbVertex
100
AcDb2dVertex
 10
285.0692274586763
 20
-110.2995541269192
 30
0.0
 42
0.0265644647772248
 70
     1
  0
VERTEX
  5
524
330
51B
100
AcDbEntity
  8
0
100
AcDbVertex
100
AcDb2dVertex
 10
396.2963938089087
 20
-104.386000819155
 30
0.0
 42
0.0179054185074339
  0
VERTEX
  5
525
330
51B
100
AcDbEntity
  8
0
100
AcDbVertex
100
AcDb2dVertex
 10
433.8106666770761
 20
-99.02135129994713
 30
0.0
 42
-0.0333974636936459
 70
     1
  0
VERTEX
  5
526
330
51B
100
AcDbEntity
  8
0
100
AcDbVertex
100
AcDb2dVertex
 10
454.0186778504867
 20
-96.76743306149729
 30
0.0
 42
-0.0320396294917023
  0
VERTEX
  5
527
330
51B
100
AcDbEntity
  8
0
100
AcDbVertex
100
AcDb2dVertex
 10
491.1012199197427
 20
-97.4999333183514
 30
0.0
 42
0.018441951395994
 70
     1
  0
VERTEX
  5
528
330
51B
100
AcDbEntity
  8
0
100
AcDbVertex
100
AcDb2dVertex
 10
555.4230690312106
 20
-100.5206656794762
 30
0.0
 42
0.0108372939697291
  0
VERTEX
  5
529
330
51B
100
AcDbEntity
  8
0
100
AcDbVertex
100
AcDb2dVertex
 10
620.186532073887
 20
-99.76774555223528
 30
0.0
 42
0.0146238513299216
 70
     1
  0
VERTEX
  5
52A
330
51B
100
AcDbEntity
  8
0
100
AcDbVertex
100
AcDb2dVertex
 10
668.0947889683302
 20
-96.76743306149729
 30
0.0
 42
0.1112493716170288
  0
VERTEX
  5
52B
330
51B
100
AcDbEntity
  8
0
100
AcDbVertex
100
AcDb2dVertex
 10
690.6415959072765
 20
-89.46100785862656
 30
0.0
 42
-0.1537083434765361
 70
     1
  0
VERTEX
  5
52C
330
51B
100
AcDbEntity
  8
0
100
AcDbVertex
100
AcDb2dVertex
 10
707.5298517555928
 20
-85.50787644495722
 30
0.0
 42
-0.0764444186523767
  0
VERTEX
  5
52D
330
51B
100
AcDbEntity
  8
0
100
AcDbVertex
100
AcDb2dVertex
 10
714.9663045406343
 20
-87.23092743253801
 30
0.0
 42
-0.215512293950284
 70
     1
  0
VERTEX
  5
52E
330
51B
100
AcDbEntity
  8
0
100
AcDbVertex
100
AcDb2dVertex
 10
716.9191617504694
 20
-89.26110906281975
 30
0.0
 42
-0.5858582349918418
  0
VERTEX
  5
52F
330
51B
100
AcDbEntity
  8
0
100
AcDbVertex
100
AcDb2dVertex
 10
714.256699609803
 20
-92.3062150827609
 30
0.0
 42
0.3634893070176432
 70
     1
  0
VERTEX
  5
530
330
51B
100
AcDbEntity
  8
0
100
AcDbVertex
100
AcDb2dVertex
 10
709.4076745638158
 20
-94.89081675256604
 30
0.0
 42
0.1917162675796268
  0
VERTEX
  5
531
330
51B
100
AcDbEntity
  8
0
100
AcDbVertex
100
AcDb2dVertex
 10
709.3503550537861
 20
-106.4259541546926
 30
0.0
 42
-0.1296753022843935
 70
     1
  0
VERTEX
  5
532
330
51B
100
AcDbEntity
  8
0
100
AcDbVertex
100
AcDb2dVertex
 10
711.2854973720385
 20
-123.0397789126727
 30
0.0
 42
-0.017350206177164
  0
VERTEX
  5
533
330
51B
100
AcDbEntity
  8
0
100
AcDbVertex
100
AcDb2dVertex
 10
708.2857401394285
 20
-139.8438447378576
 30
0.0
 42
0.0193256498707409
 70
     1
  0
VERTEX
  5
534
330
51B
100
AcDbEntity
  8
0
100
AcDbVertex
100
AcDb2dVertex
 10
705.6520289473701
 20
-154.9418324535945
 30
0.0
 42
0.0188175161277147
  0
VERTEX
  5
535
330
51B
100
AcDbEntity
  8
0
100
AcDbVertex
100
AcDb2dVertex
 10
699.0376803365068
 20
-223.3239292913349
 30
0.0
 42
0.0218280980030002
 70
     1
  0
VERTEX
  5
536
330
51B
100
AcDbEntity
  8
0
100
AcDbVertex
100
AcDb2dVertex
 10
698.1405417609494
 20
-282.5501878542127
 30
0.0
 42
0.0062041541509907
  0
VERTEX
  5
537
330
51B
100
AcDbEntity
  8
0
100
AcDbVertex
100
AcDb2dVertex
 10
699.5261772114318
 20
-316.400861889706
 30
0.0
 42
0.0019630604773014
 70
     1
  0
VERTEX
  5
538
330
51B
100
AcDbEntity
  8
0
100
AcDbVertex
100
AcDb2dVertex
 10
705.6520289473701
 20
-423.2947161803021
 30
0.0
 42
0.0283408257713941
  0
VERTEX
  5
539
330
51B
100
AcDbEntity
  8
0
100
AcDbVertex
100
AcDb2dVertex
 10
709.9291620904112
 20
-459.4233455349458
 30
0.0
 42
-0.1170135268628909
 70
     1
  0
VERTEX
  5
53A
330
51B
100
AcDbEntity
  8
0
100
AcDbVertex
100
AcDb2dVertex
 10
709.4076745638158
 20
-468.3330838838592
 30
0.0
 42
-0.3660599914315623
  0
VERTEX
  5
53B
330
51B
100
AcDbEntity
  8
0
100
AcDbVertex
100
AcDb2dVertex
 10
707.9786069015973
 20
-469.2643586997872
 30
0.0
 42
-0.0397304305354332
 70
     1
  0
VERTEX
  5
53C
330
51B
100
AcDbEntity
  8
0
100
AcDbVertex
100
AcDb2dVertex
 10
694.3848961445037
 20
-466.456467574928
 30
0.0
 42
-0.0483088234329496
  0
VERTEX
  5
53D
330
51B
100
AcDbEntity
  8
0
100
AcDbVertex
100
AcDb2dVertex
 10
680.646424039267
 20
-460.9746408300707
 30
0.0
 42
0.0629807230965901
 70
     1
  0
VERTEX
  5
53E
330
51B
100
AcDbEntity
  8
0
100
AcDbVertex
100
AcDb2dVertex
 10
669.9726117765528
 20
-457.0735272672027
 30
0.0
 42
0.0405796252690656
  0
VERTEX
  5
53F
330
51B
100
AcDbEntity
  8
0
100
AcDbVertex
100
AcDb2dVertex
 10
646.575280764373
 20
-453.6929555620297
 30
0.0
 42
0.0143450944869819
 70
     1
  0
VERTEX
  5
540
330
51B
100
AcDbEntity
  8
0
100
AcDbVertex
100
AcDb2dVertex
 10
579.8353533989284
 20
-451.4436783404088
 30
0.0
 42
0.0054844172030433
  0
VERTEX
  5
541
330
51B
100
AcDbEntity
  8
0
100
AcDbVertex
100
AcDb2dVertex
 10
454.3906688750722
 20
-452.1922876990865
 30
0.0
 42
0.0071527060937162
 70
     1
  0
VERTEX
  5
542
330
51B
100
AcDbEntity
  8
0
100
AcDbVertex
100
AcDb2dVertex
 10
358.2477550946642
 20
-455.1969109582715
 30
0.0
 42
0.0087615685340777
  0
VERTEX
  5
543
330
51B
100
AcDbEntity
  8
0
100
AcDbVertex
100
AcDb2dVertex
 10
315.7035025332589
 20
-457.8837116115026
 30
0.0
 42
-0.0081531255989414
 70
     1
  0
VERTEX
  5
544
330
51B
100
AcDbEntity
  8
0
100
AcDbVertex
100
AcDb2dVertex
 10
269.9883195252624
 20
-460.8266186480176
 30
0.0
 42
-0.062510027184643
  0
VERTEX
  5
545
330
51B
100
AcDbEntity
  8
0
100
AcDbVertex
100
AcDb2dVertex
 10
212.858998686308
 20
-456.4259942439385
 30
0.0
 42
0.078669286227118
 70
     1
  0
VERTEX
  5
546
330
51B
100
AcDbEntity
  8
0
100
AcDbVertex
100
AcDb2dVertex
 10
167.272150359815
 20
-454.386000819155
 30
0.0
 42
0.0478250924924058
  0
VERTEX
  5
547
330
51B
100
AcDbEntity
  8
0
100
AcDbVertex
100
AcDb2dVertex
 10
144.9107191013172
 20
-459.1024647536687
 30
0.0
 42
-0.0344939943977636
 70
     1
  0
VERTEX
  5
548
330
51B
100
AcDbEntity
  8
0
100
AcDbVertex
100
AcDb2dVertex
 10
114.1258911844343
 20
-466.456467574928
 30
0.0
 42
-0.0235713893391271
  0
VERTEX
  5
549
330
51B
100
AcDbEntity
  8
0
100
AcDbVertex
100
AcDb2dVertex
 10
88.79070591600614
 20
-469.4701159588293
 30
0.0
 42
-0.5102284767959722
 70
     1
  0
VERTEX
  5
54A
330
51B
100
AcDbEntity
  8
0
100
AcDbVertex
100
AcDb2dVertex
 10
87.83597996179016
 20
-468.3330838838592
 30
0.0
  0
VERTEX
  5
54B
330
51B
100
AcDbEntity
  8
0
100
AcDbVertex
100
AcDb2dVertex
 10
95.34746714844368
 20
-438.3075054148211
 30
0.0
  0
VERTEX
  5
54C
330
51B
100
AcDbEntity
  8
0
100
AcDbVertex
100
AcDb2dVertex
 10
116.0039099461865
 20
-355.7373764807127
 30
0.0
 42
0.0730409353706404
  0
VERTEX
  5
54D
330
51B
100
AcDbEntity
  8
0
100
AcDbVertex
100
AcDb2dVertex
 10
117.9549391705077
 20
-336.1565441959537
 30
0.0
 42
0.0233051013921503
 70
     1
  0
VERTEX
  5
54E
330
51B
100
AcDbEntity
  8
0
100
AcDbVertex
100
AcDb2dVertex
 10
112.2480683759786
 20
-275.0438638554188
 30
0.0
 42
0.0182988888762084
  0
VERTEX
  5
54F
330
51B
100
AcDbEntity
  8
0
100
AcDbVertex
100
AcDb2dVertex
 10
108.178149793297
 20
-252.1994323256659
 30
0.0
 42
-0.0109698913763853
 70
     1
  0
VERTEX
  5
550
330
51B
100
AcDbEntity
  8
0
100
AcDbVertex
100
AcDb2dVertex
 10
100.8329906477593
 20
-214.2043384962017
 30
0.0
 42
-0.0422811877974625
  0
VERTEX
  5
551
330
51B
100
AcDbEntity
  8
0
100
AcDbVertex
100
AcDb2dVertex
 10
97.92617118963972
 20
-179.8909346904838
 30
0.0
 42
-0.0272005265134367
 70
     1
  0
VERTEX
  5
552
330
51B
100
AcDbEntity
  8
0
100
AcDbVertex
100
AcDb2dVertex
 10
100.8329906477593
 20
-126.4973212979967
 30
0.0
  0
SEQEND
  5
553
330
51B
100
AcDbEntity
  8
0
  0
LINE
  5
554
330
4B1
100
AcDbEntity
  8
0
100
AcDbLine
 10
853.4887384483591
 20
-488.5309666636167
 30
0.0
 11
45.81707532191649
 21
-488.5309666635002
 31
0.0
  0
LINE
  5
555
330
4B1
100
AcDbEntity
  8
0
100
AcDbLine
 10
45.81707532214932
 20
-761.1308476366103
 30
0.0
 11
915.2873221009503
 21
-761.1308476364936
 31
0.0
  0
ARC
  5
556
330
4B1
100
AcDbEntity
  8
0
100
AcDbCircle
 10
45.81707532214932
 20
-741.1308476366103
 30
0.0
 40
20.0
100
AcDbArc
 50
180.0000000000093
 51
270.0
  0
LINE
  5
557
330
4B1
100
AcDbEntity
  8
0
100
AcDbLine
 10
160.8363171380479
 20
-1514.378392206039
 30
0.0
 11
136.7538225841708
 21
-1517.816383791156
 31
0.0
  0
ARC
  5
558
330
4B1
100
AcDbEntity
  8
0
100
AcDbCircle
 10
45.81707532191649
 20
-508.5309666635002
 30
0.0
 40
20.0
100
AcDbArc
 50
89.99999999999173
 51
180.0000000000116
  0
POLYLINE
  5
559
330
4B1
100
AcDbEntity
  8
0
100
AcDb2dPolyline
 66
     1
 10
0.0
 20
0.0
 30
0.0
 70
     2
  0
VERTEX
  5
55A
330
559
100
AcDbEntity
  8
0
100
AcDbVertex
100
AcDb2dVertex
 10
99.32607474597173
 20
-142.8089705866296
 30
0.0
 42
-0.0536899463297647
  0
VERTEX
  5
55B
330
559
100
AcDbEntity
  8
0
100
AcDbVertex
100
AcDb2dVertex
 10
113.5327993906103
 20
-155.7863047061255
 30
0.0
 42
-0.0703117485643946
 70
     1
  0
VERTEX
  5
55C
330
559
100
AcDbEntity
  8
0
100
AcDbVertex
100
AcDb2dVertex
 10
121.637378370855
 20
-168.0780053790658
 30
0.0
 42
-0.0154482349215183
  0
VERTEX
  5
55D
330
559
100
AcDbEntity
  8
0
100
AcDbVertex
100
AcDb2dVertex
 10
125.372092746431
 20
-176.6325245260959
 30
0.0
 42
-0.0132435682896378
 70
     1
  0
VERTEX
  5
55E
330
559
100
AcDbEntity
  8
0
100
AcDbVertex
100
AcDb2dVertex
 10
129.1488655572757
 20
-186.8438859943999
 30
0.0
 42
-0.0821266656645959
  0
VERTEX
  5
55F
330
559
100
AcDbEntity
  8
0
100
AcDbVertex
100
AcDb2dVertex
 10
132.1388998322654
 20
-204.9249020674033
 30
0.0
 42
-0.064163702142309
 70
     1
  0
VERTEX
  5
560
330
559
100
AcDbEntity
  8
0
100
AcDbVertex
100
AcDb2dVertex
 10
129.1488655572757
 20
-228.1290210800944
 30
0.0
  0
SEQEND
  5
561
330
559
100
AcDbEntity
  8
0
  0
POLYLINE
  5
562
330
4B1
100
AcDbEntity
  8
0
100
AcDb2dPolyline
 66
     1
 10
0.0
 20
0.0
 30
0.0
 70
     2
  0
VERTEX
  5
563
330
562
100
AcDbEntity
  8
0
100
AcDbVertex
100
AcDb2dVertex
 10
100.802333666943
 20
-126.7787973218364
 30
0.0
 42
-0.0773794298008275
  0
VERTEX
  5
564
330
562
100
AcDbEntity
  8
0
100
AcDbVertex
100
AcDb2dVertex
 10
135.6131864276249
 20
-152.1195828430354
 30
0.0
 42
-0.0773794298004389
 70
     1
  0
VERTEX
  5
565
330
562
100
AcDbEntity
  8
0
100
AcDbVertex
100
AcDb2dVertex
 10
161.0724411581177
 20
-186.8438859943999
 30
0.0
 42
-0.0475254861911322
  0
VERTEX
  5
566
330
562
100
AcDbEntity
  8
0
100
AcDbVertex
100
AcDb2dVertex
 10
170.9974045124836
 20
-211.4623332455522
 30
0.0
 42
-0.0475254861919447
 70
     1
  0
VERTEX
  5
567
330
562
100
AcDbEntity
  8
0
100
AcDbVertex
100
AcDb2dVertex
 10
176.0954155311919
 20
-237.5119613877032
 30
0.0
  0
SEQEND
  5
568
330
562
100
AcDbEntity
  8
0
  0
LINE
  5
569
330
4B1
100
AcDbEntity
  8
0
100
AcDbLine
 10
853.4887384483591
 20
-488.5309666636167
 30
0.0
 11
1471.571529761655
 21
-915.928643709747
 31
0.0
  0
POLYLINE
  5
56A
330
4B1
100
AcDbEntity
  8
0
100
AcDb2dPolyline
 66
     1
 10
0.0
 20
0.0
 30
0.0
 70
     2
  0
VERTEX
  5
56B
330
56A
100
AcDbEntity
  8
0
100
AcDbVertex
100
AcDb2dVertex
 10
853.4887384483591
 20
-488.5309666636167
 30
0.0
 42
-0.0852718179142582
  0
VERTEX
  5
56C
330
56A
100
AcDbEntity
  8
0
100
AcDbVertex
100
AcDb2dVertex
 10
916.7940449684392
 20
-598.6369900371646
 30
0.0
 42
-0.1240444849517736
 70
     1
  0
VERTEX
  5
56D
330
56A
100
AcDbEntity
  8
0
100
AcDbVertex
100
AcDb2dVertex
 10
926.0039442058186
 20
-686.1659086162688
 30
0.0
  0
VERTEX
  5
56E
330
56A
100
AcDbEntity
  8
0
100
AcDbVertex
100
AcDb2dVertex
 10
912.364597803913
 20
-781.5758952042086
 30
0.0
  0
VERTEX
  5
56F
330
56A
100
AcDbEntity
  8
0
100
AcDbVertex
100
AcDb2dVertex
 10
914.1106356123927
 20
-911.7165031466866
 30
0.0
  0
SEQEND
  5
570
330
56A
100
AcDbEntity
  8
0
  0
LINE
  5
571
330
4B1
100
AcDbEntity
  8
0
100
AcDbLine
 10
381.0187325812876
 20
-1368.262054991908
 30
0.0
 11
394.7801580405794
 21
-1471.40293244319
 31
0.0
  0
LINE
  5
572
330
4B1
100
AcDbEntity
  8
0
100
AcDbLine
 10
777.5608816719612
 20
-1368.404508911655
 30
0.0
 11
698.3876391793602
 21
-1472.359672029037
 31
0.0
  0
LINE
  5
573
330
4B1
100
AcDbEntity
  8
0
100
AcDbLine
 10
394.7801580405794
 20
-1471.40293244319
 30
0.0
 11
368.977387327468
 21
-1593.453046087059
 31
0.0
  0
LINE
  5
574
330
4B1
100
AcDbEntity
  8
0
100
AcDbLine
 10
528.3918655531015
 20
-1559.275664124638
 30
0.0
 11
508.6248558897058
 21
-1470.38433104183
 31
0.0
  0
POLYLINE
  5
575
330
4B1
100
AcDbEntity
  8
0
100
AcDb2dPolyline
 66
     1
 10
0.0
 20
0.0
 30
0.0
 70
     2
  0
VERTEX
  5
576
330
575
100
AcDbEntity
  8
0
100
AcDbVertex
100
AcDb2dVertex
 10
914.1106356123927
 20
-911.7165031466866
 30
0.0
 42
0.0078673409248488
  0
VERTEX
  5
577
330
575
100
AcDbEntity
  8
0
100
AcDbVertex
100
AcDb2dVertex
 10
1031.724163627252
 20
-893.9427607996623
 30
0.0
 42
0.0095084780273965
 70
     1
  0
VERTEX
  5
578
330
575
100
AcDbEntity
  8
0
100
AcDbVertex
100
AcDb2dVertex
 10
1128.470983586972
 20
-875.8640361278084
 30
0.0
 42
0.006616053903061
  0
VERTEX
  5
579
330
575
100
AcDbEntity
  8
0
100
AcDbVertex
100
AcDb2dVertex
 10
1193.485191743588
 20
-861.5313435217831
 30
0.0
 42
-0.0238283431850551
 70
     1
  0
VERTEX
  5
57A
330
575
100
AcDbEntity
  8
0
100
AcDbVertex
100
AcDb2dVertex
 10
1211.672466289019
 20
-858.1735341966851
 30
0.0
 42
-0.080712554601587
  0
VERTEX
  5
57B
330
575
100
AcDbEntity
  8
0
100
AcDbVertex
100
AcDb2dVertex
 10
1230.311834537657
 20
-858.6611640215851
 30
0.0
 42
-0.0095907749214261
 70
     1
  0
VERTEX
  5
57C
330
575
100
AcDbEntity
  8
0
100
AcDbVertex
100
AcDb2dVertex
 10
1382.91685589496
 20
-890.6158193460433
 30
0.0
 42
-0.0131328366423957
  0
VERTEX
  5
57D
330
575
100
AcDbEntity
  8
0
100
AcDbVertex
100
AcDb2dVertex
 10
1416.355327734956
 20
-899.220250509563
 30
0.0
 42
-0.0078593660510627
 70
     1
  0
VERTEX
  5
57E
330
575
100
AcDbEntity
  8
0
100
AcDbVertex
100
AcDb2dVertex
 10
1471.571529761655
 20
-915.928643709747
 30
0.0
  0
SEQEND
  5
57F
330
575
100
AcDbEntity
  8
0
  0
POLYLINE
  5
580
330
4B1
100
AcDbEntity
  8
0
100
AcDb2dPolyline
 66
     1
 10
0.0
 20
0.0
 30
0.0
 70
     2
  0
VERTEX
  5
581
330
580
100
AcDbEntity
  8
0
100
AcDbVertex
100
AcDb2dVertex
 10
810.218914367957
 20
-126.7930115305353
 30
0.0
 42
-0.2633679387580063
  0
VERTEX
  5
582
330
580
100
AcDbEntity
  8
0
100
AcDbVertex
100
AcDb2dVertex
 10
782.26880396856
 20
-108.0043454644037
 30
0.0
 42
-0.494818049593334
 70
     1
  0
VERTEX
  5
583
330
580
100
AcDbEntity
  8
0
100
AcDbVertex
100
AcDb2dVertex
 10
791.4402943784372
 20
-89.26110906281975
 30
0.0
 42
-0.049224722880142
  0
VERTEX
  5
584
330
580
100
AcDbEntity
  8
0
100
AcDbVertex
100
AcDb2dVertex
 10
809.1109516988504
 20
-87.51721706544048
 30
0.0
 42
-0.0368308428568549
 70
     1
  0
VERTEX
  5
585
330
580
100
AcDbEntity
  8
0
100
AcDbVertex
100
AcDb2dVertex
 10
832.7531799739226
 20
-89.26110906281975
 30
0.0
 42
-0.0318926909000512
  0
VERTEX
  5
586
330
580
100
AcDbEntity
  8
0
100
AcDbVertex
100
AcDb2dVertex
 10
870.7312456734944
 20
-97.39637610432692
 30
0.0
 42
0.0357819959079403
 70
     1
  0
VERTEX
  5
587
330
580
100
AcDbEntity
  8
0
100
AcDbVertex
100
AcDb2dVertex
 10
904.6455367023593
 20
-104.386000819155
 30
0.0
 42
0.0329412578642258
  0
VERTEX
  5
588
330
580
100
AcDbEntity
  8
0
100
AcDbVertex
100
AcDb2dVertex
 10
994.3072062535213
 20
-110.2995541269192
 30
0.0
 42
0.0265644647772248
 70
     1
  0
VERTEX
  5
589
330
580
100
AcDbEntity
  8
0
100
AcDbVertex
100
AcDb2dVertex
 10
1105.534372603753
 20
-104.386000819155
 30
0.0
 42
0.0179054185074339
  0
VERTEX
  5
58A
330
580
100
AcDbEntity
  8
0
100
AcDbVertex
100
AcDb2dVertex
 10
1143.048645471921
 20
-99.02135129994713
 30
0.0
 42
-0.0333974636936459
 70
     1
  0
VERTEX
  5
58B
330
580
100
AcDbEntity
  8
0
100
AcDbVertex
100
AcDb2dVertex
 10
1163.256656645331
 20
-96.76743306149729
 30
0.0
 42
-0.0320396294917023
  0
VERTEX
  5
58C
330
580
100
AcDbEntity
  8
0
100
AcDbVertex
100
AcDb2dVertex
 10
1200.339198714588
 20
-97.4999333183514
 30
0.0
 42
0.018441951395994
 70
     1
  0
VERTEX
  5
58D
330
580
100
AcDbEntity
  8
0
100
AcDbVertex
100
AcDb2dVertex
 10
1264.661047826055
 20
-100.5206656794762
 30
0.0
 42
0.0108372939697291
  0
VERTEX
  5
58E
330
580
100
AcDbEntity
  8
0
100
AcDbVertex
100
AcDb2dVertex
 10
1329.424510868732
 20
-99.76774555223528
 30
0.0
 42
0.0146238513299216
 70
     1
  0
VERTEX
  5
58F
330
580
100
AcDbEntity
  8
0
100
AcDbVertex
100
AcDb2dVertex
 10
1377.332767763175
 20
-96.76743306149729
 30
0.0
 42
0.1112493716170288
  0
VERTEX
  5
590
330
580
100
AcDbEntity
  8
0
100
AcDbVertex
100
AcDb2dVertex
 10
1399.879574702121
 20
-89.46100785862656
 30
0.0
 42
-0.1537083434765361
 70
     1
  0
VERTEX
  5
591
330
580
100
AcDbEntity
  8
0
100
AcDbVertex
100
AcDb2dVertex
 10
1416.767830550438
 20
-85.50787644495722
 30
0.0
 42
-0.0764444186523767
  0
VERTEX
  5
592
330
580
100
AcDbEntity
  8
0
100
AcDbVertex
100
AcDb2dVertex
 10
1424.204283335479
 20
-87.23092743253801
 30
0.0
 42
-0.215512293950284
 70
     1
  0
VERTEX
  5
593
330
580
100
AcDbEntity
  8
0
100
AcDbVertex
100
AcDb2dVertex
 10
1426.157140545314
 20
-89.26110906281975
 30
0.0
 42
-0.5858582349918418
  0
VERTEX
  5
594
330
580
100
AcDbEntity
  8
0
100
AcDbVertex
100
AcDb2dVertex
 10
1423.494678404648
 20
-92.3062150827609
 30
0.0
 42
0.3634893070176432
 70
     1
  0
VERTEX
  5
595
330
580
100
AcDbEntity
  8
0
100
AcDbVertex
100
AcDb2dVertex
 10
1418.645653358661
 20
-94.89081675256604
 30
0.0
 42
0.1917162675796268
  0
VERTEX
  5
596
330
580
100
AcDbEntity
  8
0
100
AcDbVertex
100
AcDb2dVertex
 10
1418.588333848631
 20
-106.4259541546926
 30
0.0
 42
-0.1296753022843935
 70
     1
  0
VERTEX
  5
597
330
580
100
AcDbEntity
  8
0
100
AcDbVertex
100
AcDb2dVertex
 10
1420.523476166883
 20
-123.0397789126727
 30
0.0
 42
-0.017350206177164
  0
VERTEX
  5
598
330
580
100
AcDbEntity
  8
0
100
AcDbVertex
100
AcDb2dVertex
 10
1417.523718934273
 20
-139.8438447378576
 30
0.0
 42
0.0193256498707409
 70
     1
  0
VERTEX
  5
599
330
580
100
AcDbEntity
  8
0
100
AcDbVertex
100
AcDb2dVertex
 10
1414.890007742215
 20
-154.9418324535945
 30
0.0
 42
0.0188175161277147
  0
VERTEX
  5
59A
330
580
100
AcDbEntity
  8
0
100
AcDbVertex
100
AcDb2dVertex
 10
1408.275659131352
 20
-223.3239292913349
 30
0.0
 42
0.0218280980030002
 70
     1
  0
VERTEX
  5
59B
330
580
100
AcDbEntity
  8
0
100
AcDbVertex
100
AcDb2dVertex
 10
1407.378520555794
 20
-282.5501878542127
 30
0.0
 42
0.0062041541509907
  0
VERTEX
  5
59C
330
580
100
AcDbEntity
  8
0
100
AcDbVertex
100
AcDb2dVertex
 10
1408.764156006276
 20
-316.400861889706
 30
0.0
 42
0.0019630604773014
 70
     1
  0
VERTEX
  5
59D
330
580
100
AcDbEntity
  8
0
100
AcDbVertex
100
AcDb2dVertex
 10
1414.890007742215
 20
-423.2947161803021
 30
0.0
 42
0.0283408257713941
  0
VERTEX
  5
59E
330
580
100
AcDbEntity
  8
0
100
AcDbVertex
100
AcDb2dVertex
 10
1419.167140885256
 20
-459.4233455349458
 30
0.0
 42
-0.1170135268628909
 70
     1
  0
VERTEX
  5
59F
330
580
100
AcDbEntity
  8
0
100
AcDbVertex
100
AcDb2dVertex
 10
1418.645653358661
 20
-468.3330838838592
 30
0.0
 42
-0.3660599914315623
  0
VERTEX
  5
5A0
330
580
100
AcDbEntity
  8
0
100
AcDbVertex
100
AcDb2dVertex
 10
1417.216585696442
 20
-469.2643586997872
 30
0.0
 42
-0.0397304305354332
 70
     1
  0
VERTEX
  5
5A1
330
580
100
AcDbEntity
  8
0
100
AcDbVertex
100
AcDb2dVertex
 10
1403.622874939348
 20
-466.456467574928
 30
0.0
 42
-0.0483088234329496
  0
VERTEX
  5
5A2
330
580
100
AcDbEntity
  8
0
100
AcDbVertex
100
AcDb2dVertex
 10
1389.884402834112
 20
-460.9746408300707
 30
0.0
 42
0.0629807230965901
 70
     1
  0
VERTEX
  5
5A3
330
580
100
AcDbEntity
  8
0
100
AcDbVertex
100
AcDb2dVertex
 10
1379.210590571398
 20
-457.0735272672027
 30
0.0
 42
0.0405796252690656
  0
VERTEX
  5
5A4
330
580
100
AcDbEntity
  8
0
100
AcDbVertex
100
AcDb2dVertex
 10
1355.813259559218
 20
-453.6929555620297
 30
0.0
 42
0.0143450944869819
 70
     1
  0
VERTEX
  5
5A5
330
580
100
AcDbEntity
  8
0
100
AcDbVertex
100
AcDb2dVertex
 10
1289.073332193773
 20
-451.4436783404088
 30
0.0
 42
0.0054844172030433
  0
VERTEX
  5
5A6
330
580
100
AcDbEntity
  8
0
100
AcDbVertex
100
AcDb2dVertex
 10
1163.628647669917
 20
-452.1922876990865
 30
0.0
 42
0.0071527060937162
 70
     1
  0
VERTEX
  5
5A7
330
580
100
AcDbEntity
  8
0
100
AcDbVertex
100
AcDb2dVertex
 10
1067.485733889509
 20
-455.1969109582715
 30
0.0
 42
0.0087615685340777
  0
VERTEX
  5
5A8
330
580
100
AcDbEntity
  8
0
100
AcDbVertex
100
AcDb2dVertex
 10
1024.941481328103
 20
-457.8837116115026
 30
0.0
 42
-0.0081531255989414
 70
     1
  0
VERTEX
  5
5A9
330
580
100
AcDbEntity
  8
0
100
AcDbVertex
100
AcDb2dVertex
 10
979.2262983201073
 20
-460.8266186480176
 30
0.0
 42
-0.062510027184643
  0
VERTEX
  5
5AA
330
580
100
AcDbEntity
  8
0
100
AcDbVertex
100
AcDb2dVertex
 10
922.0969774811527
 20
-456.4259942439385
 30
0.0
 42
0.078669286227118
 70
     1
  0
VERTEX
  5
5AB
330
580
100
AcDbEntity
  8
0
100
AcDbVertex
100
AcDb2dVertex
 10
876.5101291546598
 20
-454.386000819155
 30
0.0
 42
0.0478250924924058
  0
VERTEX
  5
5AC
330
580
100
AcDbEntity
  8
0
100
AcDbVertex
100
AcDb2dVertex
 10
854.148697896162
 20
-459.1024647536687
 30
0.0
 42
-0.0344939943977636
 70
     1
  0
VERTEX
  5
5AD
330
580
100
AcDbEntity
  8
0
100
AcDbVertex
100
AcDb2dVertex
 10
823.3638699792791
 20
-466.456467574928
 30
0.0
 42
-0.0235713893391271
  0
VERTEX
  5
5AE
330
580
100
AcDbEntity
  8
0
100
AcDbVertex
100
AcDb2dVertex
 10
798.0286847108507
 20
-469.4701159588293
 30
0.0
 42
-0.5102284767959722
 70
     1
  0
VERTEX
  5
5AF
330
580
100
AcDbEntity
  8
0
100
AcDbVertex
100
AcDb2dVertex
 10
797.073958756635
 20
-468.3330838838592
 30
0.0
  0
VERTEX
  5
5B0
330
580
100
AcDbEntity
  8
0
100
AcDbVertex
100
AcDb2dVertex
 10
804.5854459432884
 20
-438.3075054148211
 30
0.0
  0
VERTEX
  5
5B1
330
580
100
AcDbEntity
  8
0
100
AcDbVertex
100
AcDb2dVertex
 10
825.2418887410311
 20
-355.7373764807127
 30
0.0
 42
0.0730409353706404
  0
VERTEX
  5
5B2
330
580
100
AcDbEntity
  8
0
100
AcDbVertex
100
AcDb2dVertex
 10
827.1929179653522
 20
-336.1565441959537
 30
0.0
 42
0.0233051013921503
 70
     1
  0
VERTEX
  5
5B3
330
580
100
AcDbEntity
  8
0
100
AcDbVertex
100
AcDb2dVertex
 10
821.4860471708231
 20
-275.0438638554188
 30
0.0
 42
0.0182988888762084
  0
VERTEX
  5
5B4
330
580
100
AcDbEntity
  8
0
100
AcDbVertex
100
AcDb2dVertex
 10
817.4161285881419
 20
-252.1994323256659
 30
0.0
 42
-0.0109698913763853
 70
     1
  0
VERTEX
  5
5B5
330
580
100
AcDbEntity
  8
0
100
AcDbVertex
100
AcDb2dVertex
 10
810.070969442604
 20
-214.2043384962017
 30
0.0
 42
-0.0422811877974625
  0
VERTEX
  5
5B6
330
580
100
AcDbEntity
  8
0
100
AcDbVertex
100
AcDb2dVertex
 10
807.1641499844846
 20
-179.8909346904838
 30
0.0
 42
-0.0272005265134367
 70
     1
  0
VERTEX
  5
5B7
330
580
100
AcDbEntity
  8
0
100
AcDbVertex
100
AcDb2dVertex
 10
810.070969442604
 20
-126.4973212979967
 30
0.0
  0
SEQEND
  5
5B8
330
580
100
AcDbEntity
  8
0
  0
POLYLINE
  5
5B9
330
4B1
100
AcDbEntity
  8
0
100
AcDb2dPolyline
 66
     1
 10
0.0
 20
0.0
 30
0.0
 70
     2
  0
VERTEX
  5
5BA
330
5B9
100
AcDbEntity
  8
0
100
AcDbVertex
100
AcDb2dVertex
 10
660.5833017819095
 20
-455.1969109582715
 30
0.0
 42
0.0161077521653885
  0
VERTEX
  5
5BB
330
5B9
100
AcDbEntity
  8
0
100
AcDbVertex
100
AcDb2dVertex
 10
621.6645676454064
 20
-428.9650299670173
 30
0.0
 42
0.0245988265329337
 70
     1
  0
VERTEX
  5
5BC
330
5B9
100
AcDbEntity
  8
0
100
AcDbVertex
100
AcDb2dVertex
 10
594.8583277720026
 20
-413.9117758726934
 30
0.0
 42
0.009477215100867
  0
VERTEX
  5
5BD
330
5B9
100
AcDbEntity
  8
0
100
AcDbVertex
100
AcDb2dVertex
 10
545.8200545446016
 20
-390.6135754343122
 30
0.0
 42
0.0159372813057892
 70
     1
  0
VERTEX
  5
5BE
330
5B9
100
AcDbEntity
  8
0
100
AcDbVertex
100
AcDb2dVertex
 10
515.9880062439476
 20
-378.2564897139092
 30
0.0
 42
0.0725208528990522
  0
VERTEX
  5
5BF
330
5B9
100
AcDbEntity
  8
0
100
AcDbVertex
100
AcDb2dVertex
 10
499.6476300114299
 20
-374.6702446285635
 30
0.0
 42
0.0333392788004724
 70
     1
  0
VERTEX
  5
5C0
330
5B9
100
AcDbEntity
  8
0
100
AcDbVertex
100
AcDb2dVertex
 10
463.4079878453631
 20
-374.5033983330941
 30
0.0
  0
SEQEND
  5
5C1
330
5B9
100
AcDbEntity
  8
0
  0
POLYLINE
  5
5C2
330
4B1
100
AcDbEntity
  8
0
100
AcDb2dPolyline
 66
     1
 10
0.0
 20
0.0
 30
0.0
 70
     2
  0
VERTEX
  5
5C3
330
5C2
100
AcDbEntity
  8
0
100
AcDbVertex
100
AcDb2dVertex
 10
900.6086474223993
 20
-453.6728252451866
 30
0.0
 42
0.0097294744723616
  0
VERTEX
  5
5C4
330
5C2
100
AcDbEntity
  8
0
100
AcDbVertex
100
AcDb2dVertex
 10
927.8974597412162
 20
-444.6409905871842
 30
0.0
 42
0.009729474473291
 70
     1
  0
VERTEX
  5
5C5
330
5C2
100
AcDbEntity
  8
0
100
AcDbVertex
100
AcDb2dVertex
 10
954.8142099059187
 20
-434.5542727969585
 30
0.0
 42
0.0079705008528091
  0
VERTEX
  5
5C6
330
5C2
100
AcDbEntity
  8
0
100
AcDbVertex
100
AcDb2dVertex
 10
976.5591470752843
 20
-425.5156059400176
 30
0.0
 42
0.0079705008551367
 70
     1
  0
VERTEX
  5
5C7
330
5C2
100
AcDbEntity
  8
0
100
AcDbVertex
100
AcDb2dVertex
 10
998.0049183096271
 20
-415.7883921816246
 30
0.0
  0
SEQEND
  5
5C8
330
5C2
100
AcDbEntity
  8
0
  0
POLYLINE
  5
5C9
330
4B1
100
AcDbEntity
  8
0
100
AcDb2dPolyline
 66
     1
 10
0.0
 20
0.0
 30
0.0
 70
     2
  0
VERTEX
  5
5CA
330
5C9
100
AcDbEntity
  8
0
100
AcDbVertex
100
AcDb2dVertex
 10
1284.07898616069
 20
-100.5896195458481
 30
0.0
 42
0.0278421621871093
  0
VERTEX
  5
5CB
330
5C9
100
AcDbEntity
  8
0
100
AcDbVertex
100
AcDb2dVertex
 10
1260.297212000005
 20
-111.202792232274
 30
0.0
 42
0.0486850077751128
 70
     1
  0
VERTEX
  5
5CC
330
5C9
100
AcDbEntity
  8
0
100
AcDbVertex
100
AcDb2dVertex
 10
1247.760446598287
 20
-119.2865462948102
 30
0.0
 42
0.0236664622263066
  0
VERTEX
  5
5CD
330
5C9
100
AcDbEntity
  8
0
100
AcDbVertex
100
AcDb2dVertex
 10
1219.837173086591
 20
-143.6456021170597
 30
0.0
 42
0.0312234184537797
 70
     1
  0
VERTEX
  5
5CE
330
5C9
100
AcDbEntity
  8
0
100
AcDbVertex
100
AcDb2dVertex
 10
1200.813896624371
 20
-164.3247727612033
 30
0.0
 42
0.0468009736850804
  0
VERTEX
  5
5CF
330
5C9
100
AcDbEntity
  8
0
100
AcDbVertex
100
AcDb2dVertex
 10
1195.705887704156
 20
-171.9909071292495
 30
0.0
 42
0.023190832047154
 70
     1
  0
VERTEX
  5
5D0
330
5C9
100
AcDbEntity
  8
0
100
AcDbVertex
100
AcDb2dVertex
 10
1187.668941013282
 20
-188.7205023034475
 30
0.0
  0
SEQEND
  5
5D1
330
5C9
100
AcDbEntity
  8
0
  0
POLYLINE
  5
5D2
330
4B1
100
AcDbEntity
  8
0
100
AcDb2dPolyline
 66
     1
 10
0.0
 20
0.0
 30
0.0
 70
     2
  0
VERTEX
  5
5D3
330
5D2
100
AcDbEntity
  8
0
100
AcDbVertex
100
AcDb2dVertex
 10
574.8410073658451
 20
-100.5896195458481
 30
0.0
 42
0.0278421621871093
  0
VERTEX
  5
5D4
330
5D2
100
AcDbEntity
  8
0
100
AcDbVertex
100
AcDb2dVertex
 10
551.0592332051601
 20
-111.202792232274
 30
0.0
 42
0.0486850077751128
 70
     1
  0
VERTEX
  5
5D5
330
5D2
100
AcDbEntity
  8
0
100
AcDbVertex
100
AcDb2dVertex
 10
538.5224678034428
 20
-119.2865462948102
 30
0.0
 42
0.0236664622263066
  0
VERTEX
  5
5D6
330
5D2
100
AcDbEntity
  8
0
100
AcDbVertex
100
AcDb2dVertex
 10
510.5991942917462
 20
-143.6456021170597
 30
0.0
 42
0.0312234184537797
 70
     1
  0
VERTEX
  5
5D7
330
5D2
100
AcDbEntity
  8
0
100
AcDbVertex
100
AcDb2dVertex
 10
491.5759178295266
 20
-164.3247727612033
 30
0.0
 42
0.0468009736850804
  0
VERTEX
  5
5D8
330
5D2
100
AcDbEntity
  8
0
100
AcDbVertex
100
AcDb2dVertex
 10
486.4679089093113
 20
-171.9909071292495
 30
0.0
 42
0.023190832047154
 70
     1
  0
VERTEX
  5
5D9
330
5D2
100
AcDbEntity
  8
0
100
AcDbVertex
100
AcDb2dVertex
 10
478.4309622184373
 20
-188.7205023034475
 30
0.0
  0
SEQEND
  5
5DA
330
5D2
100
AcDbEntity
  8
0
  0
POLYLINE
  5
5DB
330
4B1
100
AcDbEntity
  8
0
100
AcDb2dPolyline
 66
     1
 10
0.0
 20
0.0
 30
0.0
 70
     2
  0
VERTEX
  5
5DC
330
5DB
100
AcDbEntity
  8
0
100
AcDbVertex
100
AcDb2dVertex
 10
656.8276561654637
 20
-94.89081675256604
 30
0.0
 42
0.0881531318181468
  0
VERTEX
  5
5DD
330
5DB
100
AcDbEntity
  8
0
100
AcDbVertex
100
AcDb2dVertex
 10
622.2978315080982
 20
-98.43457139458042
 30
0.0
 42
0.0881531318190246
 70
     1
  0
VERTEX
  5
5DE
330
5DB
100
AcDbEntity
  8
0
100
AcDbVertex
100
AcDb2dVertex
 10
591.1024862020275
 20
-113.6568386049475
 30
0.0
 42
0.0775471207029249
  0
VERTEX
  5
5DF
330
5DB
100
AcDbEntity
  8
0
100
AcDbVertex
100
AcDb2dVertex
 10
569.4562496813013
 20
-135.2689928915351
 30
0.0
 42
0.077547120704443
 70
     1
  0
VERTEX
  5
5E0
330
5DB
100
AcDbEntity
  8
0
100
AcDbVertex
100
AcDb2dVertex
 10
555.4230690312106
 20
-162.4482976893196
 30
0.0
  0
SEQEND
  5
5E1
330
5DB
100
AcDbEntity
  8
0
  0
POLYLINE
  5
5E2
330
4B1
100
AcDbEntity
  8
0
100
AcDb2dPolyline
 66
     1
 10
0.0
 20
0.0
 30
0.0
 70
     2
  0
VERTEX
  5
5E3
330
5E2
100
AcDbEntity
  8
0
100
AcDbVertex
100
AcDb2dVertex
 10
1366.065634960309
 20
-94.89081675256604
 30
0.0
 42
0.0881531318181468
  0
VERTEX
  5
5E4
330
5E2
100
AcDbEntity
  8
0
100
AcDbVertex
100
AcDb2dVertex
 10
1331.535810302943
 20
-98.43457139458042
 30
0.0
 42
0.0881531318190246
 70
     1
  0
VERTEX
  5
5E5
330
5E2
100
AcDbEntity
  8
0
100
AcDbVertex
100
AcDb2dVertex
 10
1300.340464996872
 20
-113.6568386049475
 30
0.0
 42
0.0775471207029249
  0
VERTEX
  5
5E6
330
5E2
100
AcDbEntity
  8
0
100
AcDbVertex
100
AcDb2dVertex
 10
1278.694228476146
 20
-135.2689928915351
 30
0.0
 42
0.077547120704443
 70
     1
  0
VERTEX
  5
5E7
330
5E2
100
AcDbEntity
  8
0
100
AcDbVertex
100
AcDb2dVertex
 10
1264.661047826055
 20
-162.4482976893196
 30
0.0
  0
SEQEND
  5
5E8
330
5E2
100
AcDbEntity
  8
0
  0
ENDBLK
  5
5E9
330
4B1
100
AcDbEntity
  8
0
100
AcDbBlockEnd
  0
BLOCK
  5
188
330
187
100
AcDbEntity
  8
0
100
AcDbBlockBegin
  2
_E10NWL
 70
     2
 10
0.0
 20
0.0
 30
0.0
  3
_E10NWL
  1

  0
ATTDEF
  5
189
330
187
100
AcDbEntity
  8
0
100
AcDbText
 10
0.0
 20
0.0
 30
0.0
 40
0.5
  1
500
 41
0.8
  7
DIM_FONT
100
AcDbAttributeDefinition
280
     0
  3
XSIZE
  2
XSIZE
 70
     9
280
     0
  0
ATTDEF
  5
18A
330
187
100
AcDbEntity
  8
0
100
AcDbText
 10
0.0
 20
0.0
 30
0.0
 40
0.5
  1
500
 41
0.8
  7
DIM_FONT
100
AcDbAttributeDefinition
280
     0
  3
YSIZE
  2
YSIZE
 70
     9
280
     0
  0
LINE
  5
18B
330
187
100
AcDbEntity
  8
0
100
AcDbLine
 10
275.0
 20
-0.0000000000582077
 30
0.0
 11
274.9999999998836
 21
-482.0296022229887
 31
0.0
  0
LINE
  5
18C
330
187
100
AcDbEntity
  8
0
100
AcDbLine
 10
-275.0
 20
0.0000000000727596
 30
0.0
 11
275.0
 21
-0.0000000000582077
 31
0.0
  0
LINE
  5
18D
330
187
100
AcDbEntity
  8
0
100
AcDbLine
 10
-275.0000000001164
 20
-549.9999999999272
 30
0.0
 11
-275.0000000001164
 21
-499.1354199651541
 31
0.0
  0
LINE
  5
18E
330
187
100
AcDbEntity
  8
0
100
AcDbLine
 10
274.9999999998836
 20
-550.0000000000579
 30
0.0
 11
-275.0000000001164
 21
-549.9999999999272
 31
0.0
  0
LINE
  5
18F
330
187
100
AcDbEntity
  8
0
100
AcDbLine
 10
274.9999999998836
 20
-499.1354199652558
 30
0.0
 11
274.9999999998836
 21
-550.0000000000579
 31
0.0
  0
LINE
  5
190
330
187
100
AcDbEntity
  8
0
100
AcDbLine
 10
256.6195966103114
 20
-482.0296022229887
 30
0.0
 11
256.6195966103114
 21
-499.1354199652558
 31
0.0
  0
LINE
  5
191
330
187
100
AcDbEntity
  8
0
100
AcDbLine
 10
-256.6195966105443
 20
-482.0296022228866
 30
0.0
 11
-256.6195966105443
 21
-499.1354199651541
 31
0.0
  0
LINE
  5
192
330
187
100
AcDbEntity
  8
0
100
AcDbLine
 10
274.9999999998836
 20
-482.0296022229887
 30
0.0
 11
-275.0000000001164
 21
-482.0296022228576
 31
0.0
  0
LINE
  5
193
330
187
100
AcDbEntity
  8
0
100
AcDbLine
 10
274.9999999998836
 20
-499.1354199652558
 30
0.0
 11
-275.0000000001164
 21
-499.1354199651541
 31
0.0
  0
LINE
  5
194
330
187
100
AcDbEntity
  8
0
100
AcDbLine
 10
-275.0000000001164
 20
-482.0296022228576
 30
0.0
 11
-275.0
 21
0.0000000000727596
 31
0.0
  0
ENDBLK
  5
195
330
187
100
AcDbEntity
  8
0
100
AcDbBlockEnd
  0
BLOCK
  5
5EF
330
5EE
100
AcDbEntity
  8
0
100
AcDbBlockBegin
  2
A$C332848BE
 70
     0
 10
0.0
 20
0.0
 30
0.0
  3
A$C332848BE
  1

  0
LINE
  5
5F0
330
5EE
100
AcDbEntity
  8
0
100
AcDbLine
 10
449.9998767929501
 20
450.016675737861
 30
0.0
 11
-0.00012320704991
 21
449.9999732275391
 31
0.0
  0
LINE
  5
5F1
330
5EE
100
AcDbEntity
  8
0
100
AcDbLine
 10
256.4688572585073
 20
241.6979218226115
 30
0.0
 11
363.2417912332312
 21
173.9166874345428
 31
0.0
  0
LINE
  5
5F2
330
5EE
100
AcDbEntity
  8
0
100
AcDbLine
 10
222.9858436454378
 20
264.8644951479036
 30
0.0
 11
372.4927201753672
 21
267.9155971583168
 31
0.0
  0
CIRCLE
  5
5F3
330
5EE
100
AcDbEntity
  8
0
100
AcDbCircle
 10
207.9496465082047
 20
207.3523920478619
 30
-0.0000000000000002
 40
59.44517833553501
  0
CIRCLE
  5
5F4
330
5EE
100
AcDbEntity
  8
0
100
AcDbCircle
 10
217.2726308875208
 20
235.7369543390851
 30
-0.0000000000000002
 40
158.5204755614266
  0
LINE
  5
5F5
330
5EE
100
AcDbEntity
  8
0
100
AcDbLine
 10
257.4787168146286
 20
174.4799047381057
 30
0.0
 11
220.8364825836615
 21
77.25654503482292
 31
0.0
  0
LINE
  5
5F6
330
5EE
100
AcDbEntity
  8
0
100
AcDbLine
 10
223.0163836030624
 20
149.8482821021825
 30
0.0
 11
158.0812589152192
 21
88.68212559747551
 31
0.0
  0
LINE
  5
5F7
330
5EE
100
AcDbEntity
  8
0
100
AcDbLine
 10
267.2102858891958
 20
212.0327603552941
 30
0.0
 11
305.1909923352359
 21
103.8312952772248
 31
0.0
  0
LINE
  5
5F8
330
5EE
100
AcDbEntity
  8
0
100
AcDbLine
 10
168.086783584913
 20
163.2538502703428
 30
0.0
 11
77.75503572190792
 21
159.9002466154088
 31
0.0
  0
LINE
  5
5F9
330
5EE
100
AcDbEntity
  8
0
100
AcDbLine
 10
184.0913711801841
 20
152.9050603802716
 30
0.0
 11
109.8651127349294
 21
119.15065061317
 31
0.0
  0
LINE
  5
5FA
330
5EE
100
AcDbEntity
  8
0
100
AcDbLine
 10
155.0223171014804
 20
180.2890029544069
 30
0.0
 11
59.51647974162916
 21
220.1890301106287
 31
0.0
  0
LINE
  5
5FB
330
5EE
100
AcDbEntity
  8
0
100
AcDbLine
 10
187.9887235729475
 20
263.3242321117032
 30
0.0
 11
315.3158061986323
 21
360.4233544754352
 31
0.0
  0
LINE
  5
5FC
330
5EE
100
AcDbEntity
  8
0
100
AcDbLine
 10
151.6672266553505
 20
222.7671530664265
 30
0.0
 11
121.1100720380418
 21
361.7587915253133
 31
0.0
  0
LINE
  5
5FD
330
5EE
100
AcDbEntity
  8
0
100
AcDbLine
 10
167.4751722822402
 20
250.8902624997609
 30
0.0
 11
218.2561502948811
 21
394.2543788129005
 31
0.0
  0
LINE
  5
5FE
330
5EE
100
AcDbEntity
  8
0
100
AcDbLine
 10
149.8566490966841
 20
194.7455336332204
 30
0.0
 11
70.06341537424304
 21
294.5433148808261
 31
0.0
  0
LINE
  5
5FF
330
5EE
100
AcDbEntity
  8
0
100
AcDbLine
 10
449.9998767928336
 20
450.0166757380648
 30
0.0
 11
450.018296594244
 21
0.0166761148429942
 31
0.0
  0
LINE
  5
600
330
5EE
100
AcDbEntity
  8
0
100
AcDbLine
 10
0.0182965942440205
 20
-0.0000263954789261
 30
0.0
 11
-0.0001232073991559
 21
449.9999732275391
 31
0.0
  0
LINE
  5
601
330
5EE
100
AcDbEntity
  8
0
100
AcDbLine
 10
450.018296594244
 20
0.0166761148429942
 30
0.0
 11
0.0182965942440205
 21
-0.0000263954789261
 31
0.0
  0
ENDBLK
  5
602
330
5EE
100
AcDbEntity
  8
0
100
AcDbBlockEnd
  0
BLOCK
  5
CF0
330
CED
100
AcDbEntity
  8
0
100
AcDbBlockBegin
  2
$DorLib2D$00000001
 70
     0
 10
0.0
 20
0.0
 30
0.0
  3
$DorLib2D$00000001
  1

  0
LINE
  5
CF1
330
CED
100
AcDbEntity
  8
0
100
AcDbLine
 10
0.45
 20
0.975
 30
0.0
 11
0.5000000000000002
 21
0.975
 31
0.0
  0
LINE
  5
CF2
330
CED
100
AcDbEntity
  8
0
100
AcDbLine
 10
0.5
 20
0.0
 30
0.0
 11
0.45
 21
0.0
 31
0.0
  0
ARC
  5
CF3
330
CED
100
AcDbEntity
  8
0
370
    13
100
AcDbCircle
 10
0.475
 20
0.0
 30
0.0
 40
0.975
100
AcDbArc
 50
91.46928358135379
 51
180.0
  0
LINE
  5
CF4
330
CED
100
AcDbEntity
  8
0
100
AcDbLine
 10
0.5
 20
0.0
 30
0.0
 11
0.5
 21
0.975
 31
0.0
  0
LINE
  5
CF5
330
CED
100
AcDbEntity
  8
0
100
AcDbLine
 10
0.45
 20
0.0
 30
0.0
 11
0.45
 21
0.975
 31
0.0
  0
ENDBLK
  5
CF6
330
CED
100
AcDbEntity
  8
0
100
AcDbBlockEnd
  0
BLOCK
  5
D2B
330
D2A
100
AcDbEntity
  8
0
100
AcDbBlockBegin
  2
$TCHSYS$WIN2D
 70
     0
 10
0.0
 20
0.0
 30
0.0
  3
$TCHSYS$WIN2D
  1

  0
LINE
  5
D2C
330
D2A
100
AcDbEntity
  8
0
100
AcDbLine
 10
-0.5
 20
0.5
 30
0.0
 11
0.5
 21
0.5
 31
0.0
  0
LINE
  5
D2D
330
D2A
100
AcDbEntity
  8
0
100
AcDbLine
 10
-0.5
 20
-0.5
 30
0.0
 11
0.5
 21
-0.5
 31
0.0
  0
LINE
  5
D2E
330
D2A
100
AcDbEntity
  8
0
100
AcDbLine
 10
0.5
 20
-0.1666666666666667
 30
0.0
 11
-0.5
 21
-0.1666666666666667
 31
0.0
  0
LINE
  5
D2F
330
D2A
100
AcDbEntity
  8
0
100
AcDbLine
 10
0.5
 20
0.1666666666666666
 30
0.0
 11
-0.5
 21
0.1666666666666666
 31
0.0
  0
LINE
  5
D30
330
D2A
100
AcDbEntity
  8
0
100
AcDbLine
 10
-0.5
 20
0.5
 30
0.0
 11
-0.5
 21
-0.5
 31
0.0
  0
LINE
  5
D31
330
D2A
100
AcDbEntity
  8
0
100
AcDbLine
 10
0.5
 20
0.5
 30
0.0
 11
0.5
 21
-0.5
 31
0.0
  0
ENDBLK
  5
D32
330
D2A
100
AcDbEntity
  8
0
100
AcDbBlockEnd
  0
BLOCK
  5
D77
330
D76
100
AcDbEntity
  8
0
100
AcDbBlockBegin
  2
$DorLib2D$00000116
 70
     0
 10
0.0
 20
0.0
 30
0.0
  3
$DorLib2D$00000116
  1

  0
LINE
  5
D78
330
D76
100
AcDbEntity
  8
0
 62
     0
100
AcDbLine
 10
-0.4999999999999929
 20
0.0000000000000071
 30
0.0
 11
-0.146446609406766
 21
0.353553390593234
 31
0.0
  0
ARC
  5
D79
330
D76
100
AcDbEntity
  8
0
 62
     0
100
AcDbCircle
 10
-0.4999999999984654
 20
0.0000000000004832
 30
0.0
 40
0.4999999999984674
100
AcDbArc
 50
0.0
 51
45.0
  0
ARC
  5
D7A
330
D76
100
AcDbEntity
  8
0
 62
     0
100
AcDbCircle
 10
0.4999999999977513
 20
0.0000000000009059
 30
0.0
 40
0.49999999999766
100
AcDbArc
 50
135.0
 51
180.0
  0
LINE
  5
D7B
330
D76
100
AcDbEntity
  8
0
 62
     0
100
AcDbLine
 10
0.5000000000000071
 20
0.0000000000000071
 30
0.0
 11
0.1464466094067731
 21
0.353553390593234
 31
0.0
  0
ENDBLK
  5
D7C
330
D76
100
AcDbEntity
  8
0
100
AcDbBlockEnd
  0
BLOCK
  5
3B6
330
3B3
100
AcDbEntity
  8
0
100
AcDbBlockBegin
  2
_E12QMA
 70
     2
 10
0.0
 20
0.0
 30
0.0
  3
_E12QMA
  1

  0
ATTDEF
  5
3B7
330
3B3
100
AcDbEntity
  8
0
100
AcDbText
 10
0.0
 20
0.0
 30
0.0
 40
0.5
  1
500
 41
0.8
  7
DIM_FONT
100
AcDbAttributeDefinition
280
     0
  3
XSIZE
  2
XSIZE
 70
     9
280
     0
  0
ATTDEF
  5
3B8
330
3B3
100
AcDbEntity
  8
0
100
AcDbText
 10
0.0
 20
0.0
 30
0.0
 40
0.5
  1
0
 41
0.8
  7
DIM_FONT
100
AcDbAttributeDefinition
280
     0
  3
YSIZE
  2
YSIZE
 70
     9
280
     0
  0
CIRCLE
  5
3B9
330
3B3
100
AcDbEntity
  8
0
100
AcDbCircle
 10
-57.43098359100986
 20
-41.74884856888093
 30
0.0
 40
22.08883984271272
  0
CIRCLE
  5
3BA
330
3B3
100
AcDbEntity
  8
0
100
AcDbCircle
 10
0.0
 20
-37.5086918687739
 30
0.0
 40
22.08883984271272
  0
CIRCLE
  5
3BB
330
3B3
100
AcDbEntity
  8
0
100
AcDbCircle
 10
61.84875155962071
 20
-41.74884856902645
 30
0.0
 40
22.08883984271272
  0
CIRCLE
  5
3BC
330
3B3
100
AcDbEntity
  8
0
100
AcDbCircle
 10
-0.0000000002328306
 20
-181.6740196748142
 30
0.0
 40
35.34214374833949
  0
ARC
  5
3BD
330
3B3
100
AcDbEntity
  8
0
100
AcDbCircle
 10
148.3383567398414
 20
-287.6779371794691
 30
0.0
 40
152.0698651207193
100
AcDbArc
 50
329.5901693287218
 51
359.9999999999271
  0
ARC
  5
3BE
330
3B3
100
AcDbEntity
  8
0
100
AcDbCircle
 10
77.12544692354277
 20
-245.8811451759684
 30
0.0
 40
234.6425624624666
100
AcDbArc
 50
305.2118606658251
 51
329.590169328716
  0
ARC
  5
3BF
330
3B3
100
AcDbEntity
  8
0
100
AcDbCircle
 10
30.50159683288075
 20
-179.8166626935417
 30
0.0
 40
315.5023129131417
100
AcDbArc
 50
286.2949060748626
 51
305.2118606658209
  0
ARC
  5
3C0
330
3B3
100
AcDbEntity
  8
0
100
AcDbCircle
 10
0.0
 20
-75.47490095021203
 30
0.0
 40
424.2108712379606
100
AcDbArc
 50
270.0
 51
286.2949060748644
  0
ARC
  5
3C1
330
3B3
100
AcDbEntity
  8
0
100
AcDbCircle
 10
0.0
 20
-75.47490095021203
 30
0.0
 40
424.2108712379602
100
AcDbArc
 50
253.70509392499
 51
270.0
  0
ARC
  5
3C2
330
3B3
100
AcDbEntity
  8
0
100
AcDbCircle
 10
-30.50159683323
 20
-179.8166626934689
 30
0.0
 40
315.5023129131399
100
AcDbArc
 50
234.7881393340342
 51
253.7050939249932
  0
ARC
  5
3C3
330
3B3
100
AcDbEntity
  8
0
100
AcDbCircle
 10
-77.12544692412484
 20
-245.8811451758084
 30
0.0
 40
234.6425624624083
100
AcDbArc
 50
210.4098306711364
 51
234.7881393340338
  0
ARC
  5
3C4
330
3B3
100
AcDbEntity
  8
0
100
AcDbCircle
 10
-148.3383567404235
 20
-287.6779371791053
 30
0.0
 40
152.0698651207087
100
AcDbArc
 50
179.9999999999271
 51
210.4098306711339
  0
ARC
  5
3C5
330
3B3
100
AcDbEntity
  8
0
100
AcDbCircle
 10
-148.3383567404235
 20
-287.6779371791053
 30
0.0
 40
152.0698651207193
100
AcDbArc
 50
149.5901693287225
 51
179.9999999999271
  0
ARC
  5
3C6
330
3B3
100
AcDbEntity
  8
0
100
AcDbCircle
 10
-77.12544692412484
 20
-329.474729182577
 30
0.0
 40
234.6425624624732
100
AcDbArc
 50
125.2118606658294
 51
149.5901693287262
  0
ARC
  5
3C7
330
3B3
100
AcDbEntity
  8
0
100
AcDbCircle
 10
-30.50159683346283
 20
-395.5392116650328
 30
0.0
 40
315.5023129131869
100
AcDbArc
 50
106.294906074868
 51
125.2118606658216
  0
ARC
  5
3C8
330
3B3
100
AcDbEntity
  8
0
100
AcDbCircle
 10
-0.0000000005820766
 20
-499.8809734083623
 30
0.0
 40
424.2108712379947
100
AcDbArc
 50
90.0
 51
106.2949060748641
  0
ARC
  5
3C9
330
3B3
100
AcDbEntity
  8
0
100
AcDbCircle
 10
-0.0000000005820766
 20
-499.8809734083041
 30
0.0
 40
424.2108712379261
100
AcDbArc
 50
73.70509392498916
 51
90.0
  0
ARC
  5
3CA
330
3B3
100
AcDbEntity
  8
0
100
AcDbCircle
 10
30.50159683264792
 20
-395.5392116650764
 30
0.0
 40
315.5023129131424
100
AcDbArc
 50
54.78813933403323
 51
73.70509392499156
  0
ARC
  5
3CB
330
3B3
100
AcDbEntity
  8
0
100
AcDbCircle
 10
77.12544692342634
 20
-329.4747291827371
 30
0.0
 40
234.6425624624083
100
AcDbArc
 50
30.40983067113753
 51
54.78813933403323
  0
ARC
  5
3CC
330
3B3
100
AcDbEntity
  8
0
100
AcDbCircle
 10
148.3383567398414
 20
-287.6779371794691
 30
0.0
 40
152.0698651207758
100
AcDbArc
 50
359.9999999999271
 51
390.4098306711339
  0
ENDBLK
  5
3CD
330
3B3
100
AcDbEntity
  8
0
100
AcDbBlockEnd
  0
BLOCK
  5
37
330
34
100
AcDbEntity
  8
0
100
AcDbBlockBegin
  2
_ArchTick
 70
     0
 10
0.0
 20
0.0
 30
0.0
  3
_ArchTick
  1

  0
LWPOLYLINE
  5
38
330
34
100
AcDbEntity
  8
0
  6
ByBlock
 62
     0
100
AcDbPolyline
 90
        2
 70
     0
 43
0.4
 10
-0.5
 20
-0.5
 10
0.5
 20
0.5
  0
ENDBLK
  5
39
330
34
100
AcDbEntity
  8
0
100
AcDbBlockEnd
  0
BLOCK
  5
109
330
108
100
AcDbEntity
  8
0
100
AcDbBlockBegin
  2
A$C52241BEE
 70
     0
 10
0.0
 20
0.0
 30
0.0
  3
A$C52241BEE
  1

  0
LINE
  5
10A
330
108
100
AcDbEntity
  8
0
100
AcDbLine
 10
250.0000548274183
 20
749.9999868098602
 30
0.0
 11
250.0000548274183
 21
549.9999868098601
 31
0.0
  0
CIRCLE
  5
10B
330
108
100
AcDbEntity
  8
0
100
AcDbCircle
 10
250.0000548274329
 20
649.9999868098674
 30
0.0
 40
100.0
  0
CIRCLE
  5
10C
330
108
100
AcDbEntity
  8
0
100
AcDbCircle
 10
250.0000548274329
 20
649.9999868098674
 30
0.0
 40
120.0
  0
LWPOLYLINE
  5
10D
330
108
100
AcDbEntity
  8
0
100
AcDbPolyline
 90
        4
 70
     1
 43
0.0
 10
0.0000548274183529
 20
899.9999868098603
 10
0.0000548274183529
 20
-0.0000131901397253
 10
500.0000548274183
 20
-0.0000131901397253
 10
500.0000548274183
 20
899.9999868098603
  0
CIRCLE
  5
10E
330
108
100
AcDbEntity
  8
0
100
AcDbCircle
 10
406.4989708217399
 20
504.2905545647518
 30
0.0
 40
15.0
  0
CIRCLE
  5
10F
330
108
100
AcDbEntity
  8
0
100
AcDbCircle
 10
406.4989708217399
 20
395.7094190549833
 30
0.0
 40
15.0
  0
LINE
  5
110
330
108
100
AcDbEntity
  8
0
100
AcDbLine
 10
350.0000548274183
 20
249.9999868098603
 30
0.0
 11
150.0000548274183
 21
249.9999868098603
 31
0.0
  0
CIRCLE
  5
111
330
108
100
AcDbEntity
  8
0
100
AcDbCircle
 10
250.0000548274329
 20
249.9999868098675
 30
0.0
 40
100.0
  0
LINE
  5
112
330
108
100
AcDbEntity
  8
0
100
AcDbLine
 10
250.0000548274183
 20
349.9999868098603
 30
0.0
 11
250.0000548274183
 21
149.9999868098603
 31
0.0
  0
CIRCLE
  5
113
330
108
100
AcDbEntity
  8
0
100
AcDbCircle
 10
250.0000548274329
 20
249.9999868098675
 30
0.0
 40
120.0
  0
LINE
  5
114
330
108
100
AcDbEntity
  8
0
100
AcDbLine
 10
350.0000548274183
 20
649.9999868098602
 30
0.0
 11
150.0000548274183
 21
649.9999868098602
 31
0.0
  0
ENDBLK
  5
115
330
108
100
AcDbEntity
  8
0
100
AcDbBlockEnd
  0
BLOCK
  5
3A9
330
3A8
100
AcDbEntity
  8
0
100
AcDbBlockBegin
  2
TP6
 70
     0
 10
0.0
 20
0.0
 30
0.0
  3
TP6
  1

  0
ARC
  5
3AA
330
3A8
100
AcDbEntity
  8
0
100
AcDbCircle
 10
821.5971014706884
 20
-7004.308595557522
 30
0.0
 40
7193.528568453422
100
AcDbArc
 50
92.61819366503454
 51
94.72691065732764
  0
LWPOLYLINE
  5
3AB
330
3A8
100
AcDbEntity
  8
0
100
AcDbPolyline
 90
        6
 70
     1
 43
0.0
 10
623.3775408145739
 20
157.4904384352849
 42
0.3254536082108833
 10
314.1155800522538
 20
96.26761879143305
 10
314.1155800522538
 20
-96.26761879154949
 42
0.3254536082108832
 10
623.3775408145739
 20
-157.4904384352849
 42
0.1119502741924208
 10
728.4499672917881
 20
-76.47745061415482
 42
0.3599401333538326
 10
728.4499672917881
 20
76.47745061415482
 42
0.1119502741924207
  0
LWPOLYLINE
  5
3AC
330
3A8
100
AcDbEntity
  8
0
100
AcDbPolyline
 90
        9
 70
     0
 43
0.0
 10
20.00000283680856
 20
-300.0
 10
200.7865984665695
 20
-300.0
 42
0.3889026617575781
 10
220.710637290962
 20
-281.7414582750061
 42
0.0436192911904028
 10
220.710637290962
 20
281.7414582750061
 42
0.3889026617575781
 10
200.7865984665695
 20
300.0
 10
19.99999999988357
 20
300.0
 42
0.4142135623730951
 10
-0.0000000001164153
 20
280.0
 10
-0.0000000001164153
 20
-280.0
 42
0.4142135623730951
 10
19.99999999988357
 20
-300.0
 42
0.4142135623730951
  0
ARC
  5
3AD
330
3A8
100
AcDbEntity
  8
0
100
AcDbCircle
 10
821.5971014706884
 20
7004.308595557522
 30
0.0
 40
7193.528568453422
100
AcDbArc
 50
265.2730893426725
 51
267.3818063349655
  0
ENDBLK
  5
3AE
330
3A8
100
AcDbEntity
  8
0
100
AcDbBlockEnd
  0
BLOCK
  5
473
330
472
100
AcDbEntity
  8
0
100
AcDbBlockBegin
  2
A$C718D6682
 70
     2
 10
0.0
 20
0.0
 30
0.0
  3
A$C718D6682
  1

  0
ATTDEF
  5
474
330
472
100
AcDbEntity
  8
0
100
AcDbText
 10
345.0003280304372
 20
0.5003298111259939
 30
0.0
 40
0.5
  1
705
 50
179.9999999999999
 41
0.8
100
AcDbAttributeDefinition
280
     0
  3
YSIZE
  2
YSIZE
 70
     9
280
     0
  0
ATTDEF
  5
475
330
472
100
AcDbEntity
  8
0
100
AcDbText
 10
345.0003280304372
 20
0.5003298111259939
 30
0.0
 40
0.5
  1
690
 50
179.9999999999999
 41
0.8
100
AcDbAttributeDefinition
280
     0
  3
XSIZE
  2
XSIZE
 70
     9
280
     0
  0
LINE
  5
476
330
472
100
AcDbEntity
  8
0
  6
Continuous
100
AcDbLine
 10
690.0003280304373
 20
145.1662495862692
 30
0.0
 11
0.0003280304372311
 21
145.1662495862692
 31
0.0
  0
LWPOLYLINE
  5
477
330
472
100
AcDbEntity
  8
0
100
AcDbPolyline
 90
       10
 70
     0
 43
0.0
 10
130.2261597365141
 20
88.52910339273512
 42
0.2590339714206403
 10
132.1269441731274
 20
85.10630047693849
 42
0.0762761895455676
 10
143.6470240615308
 20
80.17191793955863
 42
0.0365148199121137
 10
157.1953145284205
 20
77.71449040994048
 42
0.026614996038891
 10
176.0478567369282
 20
76.71025838330386
 42
0.026614996038891
 10
194.9003989472985
 20
77.71449040994048
 42
0.0365148199121137
 10
208.4486894123256
 20
80.17191793955863
 42
0.0762761895455752
 10
219.9687693025917
 20
85.10630047693849
 42
0.2590339714203898
 10
221.869553739205
 20
88.52910339273512
 42
0.0784621676306809
 10
221.6733902357518
 20
89.77145920507609
 42
0.056762457430155
  0
LINE
  5
478
330
472
100
AcDbEntity
  8
0
100
AcDbLine
 10
221.9880145676434
 20
87.35279970429838
 30
0.0
 11
221.8695097379387
 21
99.06378692761066
 31
0.0
  0
LINE
  5
479
330
472
100
AcDbEntity
  8
0
100
AcDbLine
 10
130.2261597365141
 20
88.52910339273512
 30
0.0
 11
130.2261597365141
 21
99.04494985565545
 31
0.0
  0
LWPOLYLINE
  5
47A
330
472
100
AcDbEntity
  8
0
100
AcDbPolyline
 90
       11
 70
     0
 43
0.0
 10
130.2261597365141
 20
99.04494985565545
 42
0.2590339714206403
 10
132.1269441731274
 20
95.62214694172144
 42
0.0762761895455676
 10
143.6470240615308
 20
90.68776440434158
 42
0.0365148199121137
 10
157.1953145284205
 20
88.23033687472344
 42
0.026614996038891
 10
176.0478567369282
 20
87.22610484622419
 42
0.026614996038891
 10
194.9003989472985
 20
88.23033687472344
 42
0.0365148199121137
 10
208.4486894123256
 20
90.68776440434158
 42
0.0762761895455752
 10
219.9687693025917
 20
95.62214694172144
 42
0.2590339714203898
 10
221.869553739205
 20
99.04494985565545
 42
0.2590339714202164
 10
219.9687693025917
 20
102.4677527714521
 42
0.056762457430155
 10
211.523180257529
 20
106.4803684204816
 42
0.0365148199120382
  0
LWPOLYLINE
  5
47B
330
472
100
AcDbEntity
  8
0
100
AcDbPolyline
 90
        4
 70
     0
 43
0.0
 10
146.8547707274556
 20
108.1700028907507
 42
0.0087359414318704
 10
143.6470240615308
 20
107.4021353088319
 42
0.0762761895456294
 10
132.1269441731274
 20
102.4677527714521
 42
0.2590339714204861
 10
130.2261597365141
 20
99.04494985565545
 42
0.2590339714206403
  0
LINE
  5
47C
330
472
100
AcDbEntity
  8
0
100
AcDbLine
 10
146.8547707274556
 20
96.82891641743479
 30
0.0
 11
211.523180257529
 21
96.82891641743479
 31
0.0
  0
LINE
  5
47D
330
472
100
AcDbEntity
  8
0
100
AcDbLine
 10
146.8547707274556
 20
113.4491672106087
 30
0.0
 11
146.8547707274556
 21
96.82891641743479
 31
0.0
  0
LINE
  5
47E
330
472
100
AcDbEntity
  8
0
100
AcDbLine
 10
211.523180257529
 20
113.4491672106087
 30
0.0
 11
146.8547707274556
 21
113.4491672106087
 31
0.0
  0
LINE
  5
47F
330
472
100
AcDbEntity
  8
0
100
AcDbLine
 10
211.523180257529
 20
96.82891641743479
 30
0.0
 11
211.523180257529
 21
113.4491672106087
 31
0.0
  0
ARC
  5
480
330
472
100
AcDbEntity
  8
0
  6
Continuous
100
AcDbCircle
 10
50.00032803043723
 20
656.3355133254081
 30
0.0
 40
50.0
100
AcDbArc
 50
89.99999999999992
 51
179.9999999999999
  0
LINE
  5
481
330
472
100
AcDbEntity
  8
0
  6
Continuous
100
AcDbLine
 10
50.00032803043723
 20
706.3355133254083
 30
0.0
 11
640.0003280304372
 21
706.3355133254083
 31
0.0
  0
ARC
  5
482
330
472
100
AcDbEntity
  8
0
  6
Continuous
100
AcDbCircle
 10
640.0003280304372
 20
656.3355133254081
 30
0.0
 40
50.0
100
AcDbArc
 50
360.0
 51
89.99999999999992
  0
LINE
  5
483
330
472
100
AcDbEntity
  8
0
  6
Continuous
100
AcDbLine
 10
0.0003280304372311
 20
0.5003298111259939
 30
0.0
 11
0.0003280304372311
 21
656.3355133254081
 31
0.0
  0
LINE
  5
484
330
472
100
AcDbEntity
  8
0
  6
Continuous
100
AcDbLine
 10
690.0003280304373
 20
656.3355133254081
 30
0.0
 11
690.0003280304373
 21
0.5003298111259939
 31
0.0
  0
LINE
  5
485
330
472
100
AcDbEntity
  8
0
100
AcDbLine
 10
0.0003280304372311
 20
0.5003298111259939
 30
0.0
 11
690.0003280304373
 21
0.5003298111259939
 31
0.0
  0
CIRCLE
  5
486
330
472
100
AcDbEntity
  8
0
100
AcDbCircle
 10
603.6690351460129
 20
35.49586378410459
 30
0.0
 40
17.49659003333545
  0
LINE
  5
487
330
472
100
AcDbEntity
  8
0
100
AcDbLine
 10
647.4356281384822
 20
35.49586378410459
 30
0.0
 11
647.4356281384822
 21
66.1178387273103
 31
0.0
  0
LINE
  5
488
330
472
100
AcDbEntity
  8
0
100
AcDbLine
 10
647.4356281384822
 20
66.1178387273103
 30
0.0
 11
564.2791014537212
 21
66.1178387273103
 31
0.0
  0
LINE
  5
489
330
472
100
AcDbEntity
  8
0
100
AcDbLine
 10
564.2791014537212
 20
66.1178387273103
 30
0.0
 11
564.2791014537212
 21
35.49586378410459
 31
0.0
  0
LINE
  5
48A
330
472
100
AcDbEntity
  8
0
100
AcDbLine
 10
0.0003280304372311
 20
36.3355133254081
 30
0.0
 11
564.2791014537212
 21
36.3355133254081
 31
0.0
  0
LINE
  5
48B
330
472
100
AcDbEntity
  8
0
100
AcDbLine
 10
647.4356281384822
 20
36.3355133254081
 30
0.0
 11
690.0003280304373
 21
36.3355133254081
 31
0.0
  0
LINE
  5
48C
330
472
100
AcDbEntity
  8
0
100
AcDbLine
 10
37.73008397035301
 20
144.7595145534724
 30
0.0
 11
37.73008397035301
 21
611.4638690762221
 31
0.0
  0
ARC
  5
48D
330
472
100
AcDbEntity
  8
0
100
AcDbCircle
 10
77.73008397035301
 20
611.4638690762221
 30
0.0
 40
40.0
100
AcDbArc
 50
89.99999999999992
 51
179.9999999999999
  0
LINE
  5
48E
330
472
100
AcDbEntity
  8
0
100
AcDbLine
 10
77.73008397035301
 20
651.4638690762222
 30
0.0
 11
612.2705720905212
 21
651.4638690762222
 31
0.0
  0
LINE
  5
48F
330
472
100
AcDbEntity
  8
0
100
AcDbLine
 10
652.2705720905212
 20
144.7595145534724
 30
0.0
 11
652.2705720905212
 21
611.4638690762221
 31
0.0
  0
ARC
  5
490
330
472
100
AcDbEntity
  8
0
100
AcDbCircle
 10
612.2705720905212
 20
611.4638690762221
 30
0.0
 40
40.0
100
AcDbArc
 50
360.0
 51
89.99999999999976
  0
LWPOLYLINE
  5
491
330
472
100
AcDbEntity
  8
0
100
AcDbPolyline
 90
       16
 70
     1
 43
0.0
 10
261.6907326094806
 20
94.9343670718372
 42
0.1851580092270577
 10
256.8059049062431
 20
107.673105161637
 42
0.102041767147919
 10
237.3366461358965
 20
122.0204320121556
 42
0.0608615383846834
 10
212.2829803097993
 20
130.0492874868214
 42
0.0471731328896009
 10
178.540680270642
 20
133.2398474626243
 42
0.0471731328896349
 10
144.7983802333474
 20
130.0492874868214
 42
0.0608615383847268
 10
119.7447144072503
 20
122.0204320121556
 42
0.1020417671479031
 10
100.2754556369036
 20
107.673105161637
 42
0.1851580092270727
 10
95.39062793366614
 20
94.9343670718372
 42
0.1851580092270577
 10
100.2754556369036
 20
82.19562898203731
 42
0.1020417671479417
 10
119.7447144072503
 20
67.84830213151872
 42
0.0608615383846845
 10
144.7983802333474
 20
59.81944665499032
 42
0.0471731328896248
 10
178.540680270642
 20
56.62888668105006
 42
0.0471731328895818
 10
212.2829803097993
 20
59.81944665499032
 42
0.0608615383846819
 10
237.3366461358965
 20
67.84830213151872
 42
0.102041767147903
 10
256.8059049062431
 20
82.19562898203731
 42
0.1851580092271371
  0
ENDBLK
  5
492
330
472
100
AcDbEntity
  8
0
100
AcDbBlockEnd
  0
BLOCK
  5
E8
330
E7
100
AcDbEntity
  8
0
100
AcDbBlockBegin
  2
A$C5B6B14AB
 70
     2
 10
0.0
 20
0.0
 30
0.0
  3
A$C5B6B14AB
  1

  0
ARC
  5
E9
330
E7
100
AcDbEntity
  8
BATH
100
AcDbCircle
 10
92.05465806515713
 20
92.04693058469999
 30
0.0
 40
61.36363636363636
100
AcDbArc
 50
180.0014239952242
 51
270.0014239943905
  0
ARC
  5
EA
330
E7
100
AcDbEntity
  8
BATH
100
AcDbCircle
 10
30.69254681562597
 20
30.68176914486685
 30
0.0
 40
30.68181818181819
100
AcDbArc
 50
180.0014239952242
 51
270.0014239943905
  0
ARC
  5
EB
330
E7
100
AcDbEntity
  8
BATH
100
AcDbCircle
 10
398.8728397885789
 20
92.05455606048779
 30
0.0
 40
61.36363636363636
100
AcDbArc
 50
270.0014239943905
 51
0.0014239952242538
  0
ARC
  5
EC
330
E7
100
AcDbEntity
  8
BATH
100
AcDbCircle
 10
460.2380012284193
 20
30.69244481095666
 30
0.0
 40
30.68181818181819
100
AcDbArc
 50
270.0014239943905
 51
0.0014239952242538
  0
LINE
  5
ED
330
E7
100
AcDbEntity
  8
BATH
100
AcDbLine
 10
460.2387637759966
 20
0.0106266386137577
 30
0.0
 11
30.69330936321057
 21
-0.0000490274833282
 31
0.0
  0
LINE
  5
EE
330
E7
100
AcDbEntity
  8
BATH
100
AcDbLine
 10
92.05618316031175
 20
30.6832942400215
 30
0.0
 11
398.8743648837409
 21
30.69091971580201
 31
0.0
  0
LINE
  5
EF
330
E7
100
AcDbEntity
  8
BATH
100
AcDbLine
 10
255.6867005480381
 20
265.9146338150604
 30
0.0
 11
235.2321550998095
 21
265.9141254500064
 31
0.0
  0
CIRCLE
  5
F0
330
E7
100
AcDbEntity
  8
BATH
100
AcDbCircle
 10
245.4609529190857
 20
204.5507432878439
 30
0.0
 40
30.68181818181819
  0
LINE
  5
F1
330
E7
100
AcDbEntity
  8
BATH
100
AcDbLine
 10
219.8887041883791
 20
368.1864714173571
 30
0.0
 11
92.04779513695395
 21
368.1832941357861
 31
0.0
  0
ARC
  5
F2
330
E7
100
AcDbEntity
  8
BATH
100
AcDbCircle
 10
92.04932023210856
 20
306.8196577911003
 30
0.0
 40
61.36363636363636
100
AcDbArc
 50
90.00142399439049
 51
180.0014239952242
  0
ARC
  5
F3
330
E7
100
AcDbEntity
  8
BATH
100
AcDbCircle
 10
30.68288787963684
 20
419.3181326611957
 30
0.0
 40
30.68181818181819
100
AcDbArc
 50
90.00142399439049
 51
180.0014239952242
  0
LINE
  5
F4
330
E7
100
AcDbEntity
  8
BATH
100
AcDbLine
 10
276.1376874408961
 20
409.0969603177073
 30
0.0
 11
214.7740510962176
 21
409.0954352225526
 31
0.0
  0
CIRCLE
  5
F5
330
E7
100
AcDbEntity
  8
BATH
100
AcDbCircle
 10
194.3197598305123
 20
398.8676541333843
 30
0.0
 40
20.45454545454546
  0
LINE
  5
F6
330
E7
100
AcDbEntity
  8
BATH
100
AcDbLine
 10
276.1381958059573
 20
388.6424148694858
 30
0.0
 11
255.6867005480381
 21
265.9146338150604
 31
0.0
  0
LINE
  5
F7
330
E7
100
AcDbEntity
  8
BATH
100
AcDbLine
 10
235.2321550998095
 20
265.9141254500064
 30
0.0
 11
214.7745594612643
 21
388.640889774324
 31
0.0
  0
ARC
  5
F8
330
E7
100
AcDbEntity
  8
BATH
100
AcDbCircle
 10
398.8675019555303
 20
306.8272832668808
 30
0.0
 40
61.36363636363636
100
AcDbArc
 50
0.0014239952242538
 51
90.00142399439049
  0
ARC
  5
F9
330
E7
100
AcDbEntity
  8
BATH
100
AcDbCircle
 10
460.2283422924299
 20
419.3288083272928
 30
0.0
 40
30.68181818181819
100
AcDbArc
 50
0.0014239952242538
 51
90.00142399439049
  0
LINE
  5
FA
330
E7
100
AcDbEntity
  8
BATH
100
AcDbLine
 10
30.68212533205951
 20
449.9999508335386
 30
0.0
 11
460.2275797448528
 21
450.0106264996357
 31
0.0
  0
CIRCLE
  5
FB
330
E7
100
AcDbEntity
  8
BATH
100
AcDbCircle
 10
296.5924870716553
 20
398.870195958647
 30
0.0
 40
20.45454545454546
  0
LINE
  5
FC
330
E7
100
AcDbEntity
  8
BATH
100
AcDbLine
 10
398.8659768603757
 20
368.1909196115666
 30
0.0
 11
271.0250678089506
 21
368.1877423299884
 31
0.0
  0
LINE
  5
FD
330
E7
100
AcDbEntity
  8
BATH
100
AcDbLine
 10
460.2364761332646
 20
92.05608115564244
 30
0.0
 11
460.231138300216
 21
306.8288083620355
 31
0.0
  0
LINE
  5
FE
330
E7
100
AcDbEntity
  8
BATH
100
AcDbLine
 10
490.9101604647656
 20
419.3295708748701
 30
0.0
 11
490.9198194007621
 21
30.69320735853398
 31
0.0
  0
LINE
  5
FF
330
E7
100
AcDbEntity
  8
BATH
100
AcDbLine
 10
30.68568388742278
 20
306.8181326959384
 30
0.0
 11
30.69102172047133
 21
92.04540548954538
 31
0.0
  0
LINE
  5
100
330
E7
100
AcDbEntity
  8
BATH
100
AcDbLine
 10
0.0107286432830733
 20
30.68100659728225
 30
0.0
 11
0.0010697072939365
 21
419.3173701136183
 31
0.0
  0
ATTDEF
  5
101
330
E7
100
AcDbEntity
  8
BATH
100
AcDbText
 10
245.4548525384526
 20
450.0052886665871
 30
0.0
 40
0.5
  1
491
 50
270.0014239943905
 41
0.7999999999992724
 51
-179.9999999991662
  7
DIM_FONT
 71
     4
100
AcDbAttributeDefinition
280
     0
  3
YSIZE
  2
YSIZE
 70
     9
280
     0
  0
ATTDEF
  5
102
330
E7
100
AcDbEntity
  8
BATH
100
AcDbText
 10
245.4548525384526
 20
450.0052886665871
 30
0.0
 40
0.5
  1
450
 50
270.0014239943905
 41
0.7999999999992724
 51
-179.9999999991662
  7
DIM_FONT
 71
     4
100
AcDbAttributeDefinition
280
     0
  3
XSIZE
  2
XSIZE
 70
     9
280
     0
  0
ENDBLK
  5
103
330
E7
100
AcDbEntity
  8
0
100
AcDbBlockEnd
  0
BLOCK
  5
CC5
330
CC2
100
AcDbEntity
  8
0
100
AcDbBlockBegin
  2
$TCHSYS$LDOR22D
 70
     0
 10
0.0
 20
0.0
 30
0.0
  3
$TCHSYS$LDOR22D
  1

  0
LINE
  5
CC6
330
CC2
100
AcDbEntity
  8
0
100
AcDbLine
 10
-0.5166666666663639
 20
0.8332552583810155
 30
0.0
 11
-0.0166666666667101
 21
0.8332552583810155
 31
0.0
  0
LINE
  5
CC7
330
CC2
100
AcDbEntity
  8
0
100
AcDbLine
 10
-0.5166666666663639
 20
0.6666666666662593
 30
0.0
 11
-0.0166666666667101
 21
0.6666666666662593
 31
0.0
  0
LINE
  5
CC8
330
CC2
100
AcDbEntity
  8
0
100
AcDbLine
 10
0.5166666666662572
 20
0.8332552583810155
 30
0.0
 11
0.5166666666662572
 21
0.6666666666662593
 31
0.0
  0
LINE
  5
CC9
330
CC2
100
AcDbEntity
  8
0
100
AcDbLine
 10
-0.5166666666663639
 20
0.8332552583810155
 30
0.0
 11
-0.5166666666663639
 21
0.6666666666662593
 31
0.0
  0
LINE
  5
CCA
330
CC2
100
AcDbEntity
  8
0
100
AcDbLine
 10
0.0166666666666089
 20
0.8332552583810155
 30
0.0
 11
0.0166666666666089
 21
0.6666666666662593
 31
0.0
  0
LINE
  5
CCB
330
CC2
100
AcDbEntity
  8
0
100
AcDbLine
 10
0.0166666666666089
 20
0.6666666666662593
 30
0.0
 11
0.5166666666662572
 21
0.6666666666662593
 31
0.0
  0
LINE
  5
CCC
330
CC2
100
AcDbEntity
  8
0
100
AcDbLine
 10
0.0166666666666089
 20
0.8332552583810155
 30
0.0
 11
0.5166666666662572
 21
0.8332552583810155
 31
0.0
  0
LINE
  5
CCD
330
CC2
100
AcDbEntity
  8
0
100
AcDbLine
 10
-0.0166666666667101
 20
0.8332552583810155
 30
0.0
 11
-0.0166666666667101
 21
0.6666666666662593
 31
0.0
  0
LINE
  5
CCE
330
CC2
100
AcDbEntity
  8
0
100
AcDbLine
 10
-0.5000000000000071
 20
0.4999999999999858
 30
0.0
 11
0.5000000000000373
 21
0.4999999999999858
 31
0.0
  0
ENDBLK
  5
CCF
330
CC2
100
AcDbEntity
  8
0
100
AcDbBlockEnd
  0
BLOCK
  5
CD4
330
CD1
100
AcDbEntity
  8
0
100
AcDbBlockBegin
  2
$DorLib2D$00000131
 70
     0
 10
0.0
 20
0.0
 30
0.0
  3
$DorLib2D$00000131
  1

  0
LINE
  5
CD5
330
CD1
100
AcDbEntity
  8
0
  6
Continuous
 62
     0
100
AcDbLine
 10
-0.2319490472796648
 20
-0.1972603196398666
 30
0.0
 11
-0.2319490472796648
 21
-0.125
 31
0.0
  0
LINE
  5
CD6
330
CD1
100
AcDbEntity
  8
0
  6
Continuous
 62
     0
100
AcDbLine
 10
-0.1500000000000021
 20
-0.125
 30
0.0
 11
-0.2319490472796648
 21
-0.1972603196398666
 31
0.0
  0
LINE
  5
CD7
330
CD1
100
AcDbEntity
  8
0
  6
Continuous
 62
     0
100
AcDbLine
 10
-0.3500000000000014
 20
-0.125
 30
0.0
 11
-0.1500000000000021
 21
-0.125
 31
0.0
  0
LINE
  5
CD8
330
CD1
100
AcDbEntity
  8
0
  6
Continuous
 62
     0
100
AcDbLine
 10
0.2319490472796595
 20
0.1972603196398666
 30
0.0
 11
0.2319490472796595
 21
0.125
 31
0.0
  0
LINE
  5
CD9
330
CD1
100
AcDbEntity
  8
0
  6
Continuous
 62
     0
100
AcDbLine
 10
0.1499999999999986
 20
0.125
 30
0.0
 11
0.2319490472796595
 21
0.1972603196398666
 31
0.0
  0
LINE
  5
CDA
330
CD1
100
AcDbEntity
  8
0
  6
Continuous
 62
     0
100
AcDbLine
 10
0.3499999999999979
 20
0.125
 30
0.0
 11
0.1499999999999986
 21
0.125
 31
0.0
  0
LINE
  5
CDB
330
CD1
100
AcDbEntity
  8
0
  6
Continuous
 62
     0
100
AcDbLine
 10
0.4999999999999984
 20
0.0
 30
0.0
 11
0.4999999999999984
 21
-0.125
 31
0.0
  0
LINE
  5
CDC
330
CD1
100
AcDbEntity
  8
0
  6
Continuous
 62
     0
100
AcDbLine
 10
-0.0239902237636009
 20
0.0
 30
0.0
 11
0.4999999999999984
 21
0.0
 31
0.0
  0
LINE
  5
CDD
330
CD1
100
AcDbEntity
  8
0
  6
Continuous
 62
     0
100
AcDbLine
 10
-0.0239902237636009
 20
-0.125
 30
0.0
 11
-0.0239902237636009
 21
0.0
 31
0.0
  0
LINE
  5
CDE
330
CD1
100
AcDbEntity
  8
0
  6
Continuous
 62
     0
100
AcDbLine
 10
0.4999999999999984
 20
-0.125
 30
0.0
 11
-0.0239902237636009
 21
-0.125
 31
0.0
  0
LINE
  5
CDF
330
CD1
100
AcDbEntity
  8
0
  6
Continuous
 62
     0
100
AcDbLine
 10
-0.5000000000000018
 20
0.125
 30
0.0
 11
-0.5000000000000018
 21
0.0
 31
0.0
  0
LINE
  5
CE0
330
CD1
100
AcDbEntity
  8
0
  6
Continuous
 62
     0
100
AcDbLine
 10
0.0192439877236641
 20
0.125
 30
0.0
 11
-0.5000000000000018
 21
0.125
 31
0.0
  0
LINE
  5
CE1
330
CD1
100
AcDbEntity
  8
0
  6
Continuous
 62
     0
100
AcDbLine
 10
0.0192439877236641
 20
0.0
 30
0.0
 11
0.0192439877236641
 21
0.125
 31
0.0
  0
LINE
  5
CE2
330
CD1
100
AcDbEntity
  8
0
  6
Continuous
 62
     0
100
AcDbLine
 10
-0.5000000000000018
 20
0.0
 30
0.0
 11
0.0192439877236641
 21
0.0
 31
0.0
  0
ENDBLK
  5
CE3
330
CD1
100
AcDbEntity
  8
0
100
AcDbBlockEnd
  0
BLOCK
  5
D04
330
D01
100
AcDbEntity
  8
0
100
AcDbBlockBegin
  2
$DorLib2D$00000132
 70
     0
 10
0.0
 20
0.0
 30
0.0
  3
$DorLib2D$00000132
  1

  0
LINE
  5
D05
330
D01
100
AcDbEntity
  8
0
  6
Continuous
 62
     0
100
AcDbLine
 10
0.5000000000003997
 20
0.104166666666984
 30
0.0
 11
0.5000000000003997
 21
-0.0000000000000142
 31
0.0
  0
LINE
  5
D06
330
D01
100
AcDbEntity
  8
0
  6
Continuous
 62
     0
100
AcDbLine
 10
0.1466666666668015
 20
0.104166666666984
 30
0.0
 11
0.5000000000003997
 21
0.104166666666984
 31
0.0
  0
LINE
  5
D07
330
D01
100
AcDbEntity
  8
0
  6
Continuous
 62
     0
100
AcDbLine
 10
0.1466666666668015
 20
-0.0000000000000142
 30
0.0
 11
0.1466666666668015
 21
0.104166666666984
 31
0.0
  0
LINE
  5
D08
330
D01
100
AcDbEntity
  8
0
  6
Continuous
 62
     0
100
AcDbLine
 10
0.5000000000003997
 20
-0.0000000000000142
 30
0.0
 11
0.1466666666668015
 21
-0.0000000000000142
 31
0.0
  0
LINE
  5
D09
330
D01
100
AcDbEntity
  8
0
  6
Continuous
 62
     0
100
AcDbLine
 10
-0.5000000000003997
 20
0.104166666666984
 30
0.0
 11
-0.5000000000003997
 21
-0.0000000000000142
 31
0.0
  0
LINE
  5
D0A
330
D01
100
AcDbEntity
  8
0
  6
Continuous
 62
     0
100
AcDbLine
 10
-0.1466666666667997
 20
0.104166666666984
 30
0.0
 11
-0.5000000000003997
 21
0.104166666666984
 31
0.0
  0
LINE
  5
D0B
330
D01
100
AcDbEntity
  8
0
  6
Continuous
 62
     0
100
AcDbLine
 10
-0.1466666666667997
 20
-0.0000000000000142
 30
0.0
 11
-0.1466666666667997
 21
0.104166666666984
 31
0.0
  0
LINE
  5
D0C
330
D01
100
AcDbEntity
  8
0
  6
Continuous
 62
     0
100
AcDbLine
 10
-0.5000000000003997
 20
-0.0000000000000142
 30
0.0
 11
-0.1466666666667997
 21
-0.0000000000000142
 31
0.0
  0
LINE
  5
D0D
330
D01
100
AcDbEntity
  8
0
  6
Continuous
 62
     0
100
AcDbLine
 10
0.1666666666668011
 20
-0.0000000000000142
 30
0.0
 11
0.1666666666668011
 21
-0.1041666666665151
 31
0.0
  0
LINE
  5
D0E
330
D01
100
AcDbEntity
  8
0
  6
Continuous
 62
     0
100
AcDbLine
 10
-0.1666666666668011
 20
-0.0000000000000142
 30
0.0
 11
0.1666666666668011
 21
-0.0000000000000142
 31
0.0
  0
LINE
  5
D0F
330
D01
100
AcDbEntity
  8
0
  6
Continuous
 62
     0
100
AcDbLine
 10
-0.1666666666668011
 20
-0.1041666666665151
 30
0.0
 11
-0.1666666666668011
 21
-0.0000000000000142
 31
0.0
  0
LINE
  5
D10
330
D01
100
AcDbEntity
  8
0
  6
Continuous
 62
     0
100
AcDbLine
 10
0.1666666666668011
 20
-0.1041666666665151
 30
0.0
 11
-0.1666666666668011
 21
-0.1041666666665151
 31
0.0
  0
ENDBLK
  5
D11
330
D01
100
AcDbEntity
  8
0
100
AcDbBlockEnd
  0
BLOCK
  5
8BA
330
8B7
100
AcDbEntity
  8
0
100
AcDbBlockBegin
  2
A$C77202156
 70
     0
 10
0.0
 20
0.0
 30
0.0
  3
A$C77202156
  1

  0
LINE
  5
8BB
330
8B7
100
AcDbEntity
  8
BATH
100
AcDbLine
 10
0.0000095578143373
 20
0.0000625466927886
 30
0.0
 11
900.0000095576979
 21
0.0000625467509963
 31
0.0
  0
LINE
  5
8BC
330
8B7
100
AcDbEntity
  8
BATH
100
AcDbLine
 10
554.4929750646115
 20
279.315046867996
 30
0.0
 11
50.00000955781434
 21
0.0000625466927886
 31
0.0
  0
LINE
  5
8BD
330
8B7
100
AcDbEntity
  8
BATH
100
AcDbLine
 10
0.0000095578143373
 20
0.0000625466927886
 30
0.0
 11
0.0000095578143373
 21
550.0000625471583
 31
0.0
  0
LINE
  5
8BE
330
8B7
100
AcDbEntity
  8
BATH
100
AcDbLine
 10
50.00000955781434
 20
0.0000625466927886
 30
0.0
 11
50.00000955781434
 21
529.2893844285281
 31
0.0
  0
LINE
  5
8BF
330
8B7
100
AcDbEntity
  8
BATH
100
AcDbLine
 10
552.4532235945224
 20
315.4993916612584
 30
0.0
 11
50.00000955781434
 21
529.2893844285281
 31
0.0
  0
LINE
  5
8C0
330
8B7
100
AcDbEntity
  8
BATH
100
AcDbLine
 10
584.4947318573249
 20
347.5650967929396
 30
0.0
 11
370.71068767627
 21
850.0000625468674
 31
0.0
  0
LINE
  5
8C1
330
8B7
100
AcDbEntity
  8
BATH
100
AcDbLine
 10
50.00000955781434
 20
529.2893844285281
 30
0.0
 11
370.71068767627
 21
850.0000625468674
 31
0.0
  0
LINE
  5
8C2
330
8B7
100
AcDbEntity
  8
BATH
100
AcDbLine
 10
350.0000095576979
 20
900.0000625468674
 30
0.0
 11
0.0000095578143373
 21
550.0000625471583
 31
0.0
  0
LINE
  5
8C3
330
8B7
100
AcDbEntity
  8
BATH
100
AcDbLine
 10
900.0000095581052
 20
850.0000625465764
 30
0.0
 11
370.71068767627
 21
850.0000625468674
 31
0.0
  0
LINE
  5
8C4
330
8B7
100
AcDbEntity
  8
BATH
100
AcDbLine
 10
900.0000095581636
 20
900.0000625465764
 30
0.0
 11
350.0000095576979
 21
900.0000625468674
 31
0.0
  0
LINE
  5
8C5
330
8B7
100
AcDbEntity
  8
BATH
100
AcDbLine
 10
900.0343469486105
 20
575.0000494467092
 30
0.0
 11
880.0343490447266
 21
575.0092060850581
 31
0.0
  0
LINE
  5
8C6
330
8B7
100
AcDbEntity
  8
BATH
100
AcDbLine
 10
900.0068770340876
 20
515.0000557351159
 30
0.0
 11
875.0068796542473
 21
515.0115015328629
 31
0.0
  0
LINE
  5
8C7
330
8B7
100
AcDbEntity
  8
BATH
100
AcDbLine
 10
880.0343490447266
 20
575.0092060850581
 30
0.0
 11
880.0068791302035
 21
515.0092123733484
 31
0.0
  0
LINE
  5
8C8
330
8B7
100
AcDbEntity
  8
BATH
100
AcDbLine
 10
830.0295943982781
 20
564.635517480201
 30
0.0
 11
830.0114626894934
 21
525.0321029207553
 31
0.0
  0
LINE
  5
8C9
330
8B7
100
AcDbEntity
  8
BATH
100
AcDbLine
 10
820.011463737581
 20
525.0366812398423
 30
0.0
 11
875.0137471327906
 21
530.01149996079
 31
0.0
  0
LINE
  5
8CA
330
8B7
100
AcDbEntity
  8
BATH
100
AcDbLine
 10
820.0295954463651
 20
564.6400957992882
 30
0.0
 11
875.0274820900521
 21
560.0114968166454
 31
0.0
  0
LINE
  5
8CB
330
8B7
100
AcDbEntity
  8
BATH
100
AcDbLine
 10
820.0295954463651
 20
564.6400957992882
 30
0.0
 11
820.011463737581
 21
525.0366812398423
 31
0.0
  0
LINE
  5
8CC
330
8B7
100
AcDbEntity
  8
BATH
100
AcDbLine
 10
875.0137471327906
 20
530.01149996079
 30
0.0
 11
875.0274820900521
 21
560.0114968166454
 31
0.0
  0
LINE
  5
8CD
330
8B7
100
AcDbEntity
  8
BATH
100
AcDbLine
 10
875.0274820900521
 20
560.0114968166454
 30
0.0
 11
875.0137471327906
 21
530.01149996079
 31
0.0
  0
LINE
  5
8CE
330
8B7
100
AcDbEntity
  8
BATH
100
AcDbLine
 10
899.9736524324399
 20
442.4306315532883
 30
0.0
 11
857.715947778197
 21
442.4499784809303
 31
0.0
  0
LINE
  5
8CF
330
8B7
100
AcDbEntity
  8
BATH
100
AcDbLine
 10
899.9805199111577
 20
457.4306299812159
 30
0.0
 11
857.7228152567984
 21
457.4499769088578
 31
0.0
  0
CIRCLE
  5
8D0
330
8B7
100
AcDbEntity
  8
BATH
100
AcDbCircle
 10
857.7193815174396
 20
449.9499776948941
 30
0.0
 40
7.5
  0
LINE
  5
8D1
330
8B7
100
AcDbEntity
  8
BATH
100
AcDbLine
 10
899.9473588857217
 20
385.0000693597831
 30
0.0
 11
874.9473615058812
 21
385.0115151575301
 31
0.0
  0
LINE
  5
8D2
330
8B7
100
AcDbEntity
  8
BATH
100
AcDbLine
 10
879.9473609819541
 20
385.0092259979574
 30
0.0
 11
879.9198910672568
 21
325.0092322862474
 31
0.0
  0
LINE
  5
8D3
330
8B7
100
AcDbEntity
  8
BATH
100
AcDbLine
 10
900.0343469486105
 20
575.0000494467092
 30
0.0
 11
899.9198889711989
 21
325.0000756480731
 31
0.0
  0
ARC
  5
8D4
330
8B7
100
AcDbEntity
  8
BATH
100
AcDbCircle
 10
1008.310439939378
 20
449.9504640905652
 30
0.0
 40
148.3333333333289
100
AcDbArc
 50
153.984534579256
 51
205.963001746154
  0
LINE
  5
8D5
330
8B7
100
AcDbEntity
  8
BATH
100
AcDbLine
 10
810.0295964944525
 20
564.6446741183754
 30
0.0
 11
810.0114647855516
 21
525.0412595589876
 31
0.0
  0
LINE
  5
8D6
330
8B7
100
AcDbEntity
  8
BATH
100
AcDbLine
 10
732.4541784478348
 20
432.7785502846236
 30
0.0
 11
732.4541784478348
 21
432.7785502846236
 31
0.0
  0
CIRCLE
  5
8D7
330
8B7
100
AcDbEntity
  8
BATH
100
AcDbCircle
 10
721.7217094155492
 20
410.9564053703214
 30
0.0
 40
25.0
  0
LINE
  5
8D8
330
8B7
100
AcDbEntity
  8
BATH
100
AcDbLine
 10
810.0114647855516
 20
525.0412595589876
 30
0.0
 11
820.011463737581
 21
525.0366812398423
 31
0.0
  0
LINE
  5
8D9
330
8B7
100
AcDbEntity
  8
BATH
100
AcDbLine
 10
810.0295964944525
 20
564.6446741183754
 30
0.0
 11
820.0295954463651
 21
564.6400957992882
 31
0.0
  0
LINE
  5
8DA
330
8B7
100
AcDbEntity
  8
BATH
100
AcDbLine
 10
727.2380512091913
 20
386.5725998179986
 30
0.0
 11
857.715947778197
 21
442.4499784809303
 31
0.0
  0
LINE
  5
8DB
330
8B7
100
AcDbEntity
  8
BATH
100
AcDbLine
 10
715.4251785490195
 20
435.1504893382662
 30
0.0
 11
855.9424954340213
 21
457.2364498074166
 31
0.0
  0
LINE
  5
8DC
330
8B7
100
AcDbEntity
  8
BATH
100
AcDbLine
 10
620.7014328713412
 20
345.5431938364636
 30
0.0
 11
900.0000095576396
 21
849.9841017266152
 31
0.0
  0
LINE
  5
8DD
330
8B7
100
AcDbEntity
  8
BATH
100
AcDbLine
 10
900.0000095576396
 20
0.0000625467509963
 30
0.0
 11
900.0000095576396
 21
899.9841017266152
 31
0.0
  0
LINE
  5
8DE
330
8B7
100
AcDbEntity
  8
BATH
100
AcDbLine
 10
899.9198889711989
 20
325.0000756480731
 30
0.0
 11
879.9198910672568
 21
325.0092322862474
 31
0.0
  0
LINE
  5
8DF
330
8B7
100
AcDbEntity
  8
BATH
100
AcDbLine
 10
874.9404940272798
 20
370.0115167296027
 30
0.0
 11
874.9267590700183
 21
340.0115198737477
 31
0.0
  0
LINE
  5
8E0
330
8B7
100
AcDbEntity
  8
BATH
100
AcDbLine
 10
874.9267590700183
 20
340.0115198737477
 30
0.0
 11
874.9404940272798
 21
370.0115167296027
 31
0.0
  0
LINE
  5
8E1
330
8B7
100
AcDbEntity
  8
BATH
100
AcDbLine
 10
819.9426073834766
 20
374.6401157122455
 30
0.0
 11
819.9244756746921
 21
335.0367011527997
 31
0.0
  0
LINE
  5
8E2
330
8B7
100
AcDbEntity
  8
BATH
100
AcDbLine
 10
819.9426073834766
 20
374.6401157122455
 30
0.0
 11
874.9404940272798
 21
370.0115167296027
 31
0.0
  0
LINE
  5
8E3
330
8B7
100
AcDbEntity
  8
BATH
100
AcDbLine
 10
819.9244756746921
 20
335.0367011527997
 30
0.0
 11
874.9267590700183
 21
340.0115198737477
 31
0.0
  0
LINE
  5
8E4
330
8B7
100
AcDbEntity
  8
BATH
100
AcDbLine
 10
829.9426063355056
 20
374.6355373931584
 30
0.0
 11
829.9244746266049
 21
335.0321228337125
 31
0.0
  0
ELLIPSE
  5
8E5
330
8B7
100
AcDbEntity
  8
BATH
100
AcDbEllipse
 10
600.0000185162061
 20
300.0299930733745
 30
0.0
 11
35.35533905934427
 21
35.35533905934427
 31
0.0
210
0.0
220
0.0
230
1.0
 40
1.0
 41
0.0000000000008232
 42
6.283185307180409
  0
LINE
  5
8E6
330
8B7
100
AcDbEntity
  8
BATH
100
AcDbLine
 10
809.9426084315636
 20
374.6446940313326
 30
0.0
 11
809.9244767227792
 21
335.0412794718868
 31
0.0
  0
LINE
  5
8E7
330
8B7
100
AcDbEntity
  8
BATH
100
AcDbLine
 10
649.4974931993056
 20
292.9589252615114
 30
0.0
 11
592.9289507043431
 21
349.5274677564739
 31
0.0
  0
LINE
  5
8E8
330
8B7
100
AcDbEntity
  8
BATH
100
AcDbLine
 10
627.5699668557497
 20
258.3179091101047
 30
0.0
 11
558.2879345529363
 21
327.5999414128601
 31
0.0
  0
LINE
  5
8E9
330
8B7
100
AcDbEntity
  8
BATH
100
AcDbLine
 10
641.7121024795342
 20
272.4600447339471
 30
0.0
 11
572.4300701767206
 21
341.7420770367026
 31
0.0
  0
LINE
  5
8EA
330
8B7
100
AcDbEntity
  8
BATH
100
AcDbLine
 10
607.0710863281856
 20
250.5325183903333
 30
0.0
 11
550.5025438331649
 21
307.1010608853539
 31
0.0
  0
LINE
  5
8EB
330
8B7
100
AcDbEntity
  8
BATH
100
AcDbLine
 10
809.9426084315636
 20
374.6446940313326
 30
0.0
 11
819.9426073834766
 21
374.6401157122455
 31
0.0
  0
LINE
  5
8EC
330
8B7
100
AcDbEntity
  8
BATH
100
AcDbLine
 10
809.9244767227792
 20
335.0412794718868
 30
0.0
 11
819.9244756746921
 21
335.0367011527997
 31
0.0
  0
LINE
  5
8ED
330
8B7
100
AcDbEntity
  8
BATH
100
AcDbLine
 10
635.3403846638392
 20
264.6596874406678
 30
0.0
 11
900.0000095576979
 21
0.0000625466927886
 31
0.0
  0
ENDBLK
  5
8EE
330
8B7
100
AcDbEntity
  8
0
100
AcDbBlockEnd
  0
BLOCK
  5
44D
330
44A
100
AcDbEntity
  8
0
100
AcDbBlockBegin
  2
A$C67170A1A
 70
     0
 10
0.0
 20
0.0
 30
0.0
  3
A$C67170A1A
  1

  0
LINE
  5
44E
330
44A
100
AcDbEntity
  8
0
100
AcDbLine
 10
160.8825680660375
 20
1809.801365915452
 30
0.0
 11
160.5499105388298
 21
774.80141937494
 31
0.0
  0
LINE
  5
44F
330
44A
100
AcDbEntity
  8
0
100
AcDbLine
 10
10.84616461468977
 20
1696.563130827969
 30
0.0
 11
10.58632948552258
 21
888.1360769341123
 31
0.0
  0
LINE
  5
450
330
44A
100
AcDbEntity
  8
0
100
AcDbLine
 10
85.88257193987372
 20
1809.825471533463
 30
0.0
 11
85.54991441266611
 21
774.8255249927748
 31
0.0
  0
LINE
  5
451
330
44A
100
AcDbEntity
  8
0
100
AcDbLine
 10
123.4708482509304
 20
1809.813390351105
 30
0.0
 11
123.1381907235191
 21
774.8134438106212
 31
0.0
  0
LINE
  5
452
330
44A
100
AcDbEntity
  8
0
100
AcDbLine
 10
72.80996837283601
 20
1761.289180096734
 30
0.0
 11
72.50851347250864
 21
823.3702096860211
 31
0.0
  0
LINE
  5
453
330
44A
100
AcDbEntity
  8
0
100
AcDbLine
 10
0.0008428336877842
 20
2200.128227702954
 30
0.0
 11
0.0008428336877842
 21
300.1281295648663
 31
0.0
  0
LINE
  5
454
330
44A
100
AcDbEntity
  8
0
100
AcDbLine
 10
400.0008221729948
 20
2199.999664404867
 30
0.0
 11
400.0008221729948
 21
299.9995662667193
 31
0.0
  0
LINE
  5
455
330
44A
100
AcDbEntity
  8
0
100
AcDbLine
 10
72.80996837283601
 20
1761.289180096734
 30
0.0
 11
10.84616461468977
 21
1696.563130827969
 31
0.0
  0
LINE
  5
456
330
44A
100
AcDbEntity
  8
0
100
AcDbLine
 10
0.707940973370569
 20
2200.128000435769
 30
0.0
 11
400.0008221729948
 21
2199.999664404867
 31
0.0
  0
LINE
  5
457
330
44A
100
AcDbEntity
  8
0
100
AcDbLine
 10
160.8825680660375
 20
1809.801365915452
 30
0.0
 11
115.8825703903858
 21
1809.815829286236
 31
0.0
  0
LINE
  5
458
330
44A
100
AcDbEntity
  8
0
100
AcDbLine
 10
115.8848766202863
 20
1816.991220265045
 30
0.0
 11
70.89041488387739
 21
1834.229694238515
 31
0.0
  0
LINE
  5
459
330
44A
100
AcDbEntity
  8
0
100
AcDbLine
 10
85.88257193987372
 20
1809.825471533463
 30
0.0
 11
160.8825680660375
 21
1809.801365915452
 31
0.0
  0
LINE
  5
45A
330
44A
100
AcDbEntity
  8
0
100
AcDbLine
 10
85.86697062620078
 20
1761.284983468299
 30
0.0
 11
72.80996837283601
 21
1761.289180096734
 31
0.0
  0
LINE
  5
45B
330
44A
100
AcDbEntity
  8
0
100
AcDbLine
 10
160.9243511371605
 20
1939.801359200792
 30
0.0
 11
115.9243534615088
 21
1939.815822571458
 31
0.0
  0
LINE
  5
45C
330
44A
100
AcDbEntity
  8
0
100
AcDbLine
 10
115.9220472316083
 20
1932.64043159259
 30
0.0
 11
70.91651361668481
 21
1915.430884360802
 31
0.0
  0
LINE
  5
45D
330
44A
100
AcDbEntity
  8
0
100
AcDbLine
 10
160.9243511371605
 20
1939.801359200792
 30
0.0
 11
160.8825680660375
 21
1809.801365915452
 31
0.0
  0
LINE
  5
45E
330
44A
100
AcDbEntity
  8
0
100
AcDbLine
 10
70.91651361668481
 20
1915.430884360918
 30
0.0
 11
70.89041488387739
 21
1834.229694238515
 31
0.0
  0
LINE
  5
45F
330
44A
100
AcDbEntity
  8
0
100
AcDbLine
 10
115.9243534615088
 20
1939.815822571458
 30
0.0
 11
115.8825703903858
 21
1809.815829286236
 31
0.0
  0
LINE
  5
460
330
44A
100
AcDbEntity
  8
0
100
AcDbLine
 10
137.2490121980954
 20
1939.80896865006
 30
0.0
 11
137.2072291272052
 21
1809.808975364926
 31
0.0
  0
LINE
  5
461
330
44A
100
AcDbEntity
  8
0
100
AcDbLine
 10
72.50851347250864
 20
823.3702096861374
 30
0.0
 11
10.58632948552258
 21
888.1360769341123
 31
0.0
  0
LINE
  5
462
330
44A
100
AcDbEntity
  8
0
100
AcDbLine
 10
0.0972653073549737
 20
300.1280985738854
 30
0.0
 11
400.0008221729948
 21
299.9995662667193
 31
0.0
  0
LINE
  5
463
330
44A
100
AcDbEntity
  8
0
100
AcDbLine
 10
85.54991441266611
 20
774.8255249927748
 30
0.0
 11
160.5499105388298
 21
774.80141937494
 31
0.0
  0
LINE
  5
464
330
44A
100
AcDbEntity
  8
0
100
AcDbLine
 10
85.56551572636818
 20
823.3660130577623
 30
0.0
 11
72.50851347250864
 21
823.3702096861374
 31
0.0
  0
LINE
  5
465
330
44A
100
AcDbEntity
  8
0
100
AcDbLine
 10
136.8327885286417
 20
644.8090355390445
 30
0.0
 11
136.8745715997938
 21
774.8090288242086
 31
0.0
  0
LINE
  5
466
330
44A
100
AcDbEntity
  8
0
100
AcDbLine
 10
160.5081274677068
 20
644.8014260897466
 30
0.0
 11
115.5081297920842
 21
644.8158894604135
 31
0.0
  0
LINE
  5
467
330
44A
100
AcDbEntity
  8
0
100
AcDbLine
 10
160.5499105388298
 20
774.80141937494
 30
0.0
 11
115.5499128632073
 21
774.8158827458387
 31
0.0
  0
LINE
  5
468
330
44A
100
AcDbEntity
  8
0
100
AcDbLine
 10
70.51597428554669
 20
669.2297544125754
 30
0.0
 11
70.54207301841234
 21
750.4309445349495
 31
0.0
  0
LINE
  5
469
330
44A
100
AcDbEntity
  8
0
100
AcDbLine
 10
115.5476066333067
 20
767.6404917667682
 30
0.0
 11
70.54207301841234
 21
750.4309445349495
 31
0.0
  0
LINE
  5
46A
330
44A
100
AcDbEntity
  8
0
100
AcDbLine
 10
115.5104360219848
 20
651.9912804392811
 30
0.0
 11
70.51597428554669
 21
669.2297544126916
 31
0.0
  0
LINE
  5
46B
330
44A
100
AcDbEntity
  8
0
100
AcDbLine
 10
115.5081297920842
 20
644.8158894604135
 30
0.0
 11
115.5499128632073
 21
774.8158827456059
 31
0.0
  0
LINE
  5
46C
330
44A
100
AcDbEntity
  8
0
100
AcDbLine
 10
160.5081274677068
 20
644.8014260896302
 30
0.0
 11
160.5499105388298
 21
774.80141937494
 31
0.0
  0
ENDBLK
  5
46D
330
44A
100
AcDbEntity
  8
0
100
AcDbBlockEnd
  0
BLOCK
  5
19D
330
19A
100
AcDbEntity
  8
0
100
AcDbBlockBegin
  2
A$C31840BCA
 70
     0
 10
0.0
 20
0.0
 30
0.0
  3
A$C31840BCA
  1

  0
LINE
  5
19E
330
19A
100
AcDbEntity
  8
FUR
100
AcDbLine
 10
149.9216488860838
 20
479.5455651766967
 30
0.0
 11
149.9634666443162
 21
609.5455584508017
 31
0.0
1001
AcDbBlockRepETag
1070
     1
1071
        0
1005
19E
  0
LINE
  5
1A0
330
19A
100
AcDbEntity
  8
FUR
100
AcDbLine
 10
104.9216512143321
 20
479.5600405545553
 30
0.0
 11
104.9634689725644
 21
609.5600338285437
 31
0.0
1001
AcDbBlockRepETag
1070
     1
1071
        1
1005
1A0
  0
LINE
  5
1A1
330
19A
100
AcDbEntity
  8
FUR
100
AcDbLine
 10
104.923959358799
 20
486.7354315327829
 30
0.0
 11
59.92950222195941
 21
503.9739175118156
 31
0.0
1001
AcDbBlockRepETag
1070
     1
1071
        2
1005
1A1
  0
LINE
  5
1A2
330
19A
100
AcDbEntity
  8
FUR
100
AcDbLine
 10
104.9611608280975
 20
602.384642850433
 30
0.0
 11
59.95562262125895
 21
585.1751076271174
 31
0.0
1001
AcDbBlockRepETag
1070
     1
1071
        3
1005
1A2
  0
LINE
  5
1A3
330
19A
100
AcDbEntity
  8
FUR
100
AcDbLine
 10
59.92950222195941
 20
503.9739175116991
 30
0.0
 11
59.95562262125895
 21
585.1751076271174
 31
0.0
1001
AcDbBlockRepETag
1070
     1
1071
        4
1005
1A3
  0
LINE
  5
1A4
330
19A
100
AcDbEntity
  8
FUR
100
AcDbLine
 10
149.9634666443162
 20
609.5455584508017
 30
0.0
 11
104.9634689725644
 21
609.5600338287767
 31
0.0
1001
AcDbBlockRepETag
1070
     1
1071
        5
1005
1A4
  0
LINE
  5
1A5
330
19A
100
AcDbEntity
  8
FUR
100
AcDbLine
 10
149.9216488860838
 20
479.5455651768133
 30
0.0
 11
104.9216512143321
 21
479.5600405545553
 31
0.0
1001
AcDbBlockRepETag
1070
     1
1071
        6
1005
1A5
  0
LINE
  5
1A6
330
19A
100
AcDbEntity
  8
FUR
100
AcDbLine
 10
126.246309949056
 20
479.5531809433014
 30
0.0
 11
126.2881277072883
 21
609.5531742172897
 31
0.0
1001
AcDbBlockRepETag
1070
     1
1071
        7
1005
1A6
  0
LINE
  5
1A7
330
19A
100
AcDbEntity
  8
FUR
100
AcDbLine
 10
74.97908479007309
 20
658.1101721412851
 30
0.0
 11
61.92208253729042
 21
658.1143722535926
 31
0.0
1001
AcDbBlockRepETag
1070
     1
1071
        8
1005
1A7
  0
LINE
  5
1A8
330
19A
100
AcDbEntity
  8
FUR
100
AcDbLine
 10
74.96347052461351
 20
609.5696840804885
 30
0.0
 11
149.9634666443162
 21
609.5455584508017
 31
0.0
1001
AcDbBlockRepETag
1070
     1
1071
        9
1005
1A8
  0
LINE
  5
1A9
330
19A
100
AcDbEntity
  8
FUR
100
AcDbLine
 10
61.92208253729042
 20
658.1143722535926
 30
0.0
 11
-0.000084168597823
 21
722.8802560238984
 31
0.0
1001
AcDbBlockRepETag
1070
     1
1071
       10
1005
1A9
  0
LINE
  5
1AA
330
19A
100
AcDbEntity
  8
FUR
100
AcDbLine
 10
126.662879155454
 20
1774.553113943141
 30
0.0
 11
126.6210613974545
 21
1644.553120669268
 31
0.0
1001
AcDbBlockRepETag
1070
     1
1071
       11
1005
1AA
  0
LINE
  5
1AB
330
19A
100
AcDbEntity
  8
FUR
100
AcDbLine
 10
105.33822042073
 20
1774.559973554511
 30
0.0
 11
105.2964026624977
 21
1644.559980280406
 31
0.0
1001
AcDbBlockRepETag
1070
     1
1071
       12
1005
1AB
  0
LINE
  5
1AC
330
19A
100
AcDbEntity
  8
FUR
100
AcDbLine
 10
60.33037406936637
 20
1750.175047353201
 30
0.0
 11
60.30425367012504
 21
1668.973857237666
 31
0.0
1001
AcDbBlockRepETag
1070
     1
1071
       13
1005
1AC
  0
LINE
  5
1AD
330
19A
100
AcDbEntity
  8
FUR
100
AcDbLine
 10
150.3382180924818
 20
1774.545498176769
 30
0.0
 11
150.2964003342495
 21
1644.545504902547
 31
0.0
1001
AcDbBlockRepETag
1070
     1
1071
       14
1005
1AD
  0
LINE
  5
1AE
330
19A
100
AcDbEntity
  8
FUR
100
AcDbLine
 10
105.3359122762631
 20
1767.384582576167
 30
0.0
 11
60.33037406936637
 21
1750.175047352968
 31
0.0
1001
AcDbBlockRepETag
1070
     1
1071
       15
1005
1AE
  0
LINE
  5
1AF
330
19A
100
AcDbEntity
  8
FUR
100
AcDbLine
 10
150.3382180924818
 20
1774.545498176769
 30
0.0
 11
105.33822042073
 21
1774.559973554511
 31
0.0
1001
AcDbBlockRepETag
1070
     1
1071
       16
1005
1AF
  0
LINE
  5
1B0
330
19A
100
AcDbEntity
  8
FUR
100
AcDbLine
 10
75.28078994908719
 20
1596.029142471321
 30
0.0
 11
62.22378769688656
 21
1596.033342583745
 31
0.0
1001
AcDbBlockRepETag
1070
     1
1071
       17
1005
1B0
  0
LINE
  5
1B1
330
19A
100
AcDbEntity
  8
FUR
100
AcDbLine
 10
75.29640421454678
 20
1644.569630532351
 30
0.0
 11
150.2964003342495
 21
1644.545504902547
 31
0.0
1001
AcDbBlockRepETag
1070
     1
1071
       18
1005
1B1
  0
LINE
  5
1B2
330
19A
100
AcDbEntity
  8
FUR
100
AcDbLine
 10
105.2987108069646
 20
1651.735371258634
 30
0.0
 11
60.30425367012504
 21
1668.973857237666
 31
0.0
1001
AcDbBlockRepETag
1070
     1
1071
       19
1005
1B2
  0
LINE
  5
1B3
330
19A
100
AcDbEntity
  8
FUR
100
AcDbLine
 10
150.2964003342495
 20
1644.545504902547
 30
0.0
 11
105.2964026624977
 21
1644.559980280406
 31
0.0
1001
AcDbBlockRepETag
1070
     1
1071
       20
1005
1B3
  0
LINE
  5
1B4
330
19A
100
AcDbEntity
  8
FUR
100
AcDbLine
 10
62.22378769688656
 20
1596.033342583745
 30
0.0
 11
0.2599666682363022
 21
1531.307309848314
 31
0.0
1001
AcDbBlockRepETag
1070
     1
1071
       21
1005
1B4
  0
LINE
  5
1B5
330
19A
100
AcDbEntity
  8
FUR
100
AcDbLine
 10
62.22378769688656
 20
1596.033342583745
 30
0.0
 11
61.92208253729042
 21
658.114372253476
 31
0.0
1001
AcDbBlockRepETag
1070
     1
1071
       22
1005
1B5
  0
LINE
  5
1B6
330
19A
100
AcDbEntity
  8
FUR
100
AcDbLine
 10
112.8846805223438
 20
1644.557539320609
 30
0.0
 11
112.5517468321777
 21
609.5575928688631
 31
0.0
1001
AcDbBlockRepETag
1070
     1
1071
       23
1005
1B6
  0
LINE
  5
1B7
330
19A
100
AcDbEntity
  8
FUR
100
AcDbLine
 10
75.29640421454678
 20
1644.569630532351
 30
0.0
 11
74.96347052461351
 21
609.5696840804885
 31
0.0
1001
AcDbBlockRepETag
1070
     1
1071
       24
1005
1B7
  0
LINE
  5
1B8
330
19A
100
AcDbEntity
  8
FUR
100
AcDbLine
 10
150.2964003342495
 20
1644.545504902547
 30
0.0
 11
149.9634666443162
 21
609.5455584508017
 31
0.0
1001
AcDbBlockRepETag
1070
     1
1071
       25
1005
1B8
  0
LINE
  5
1B9
330
19A
100
AcDbEntity
  8
FUR
100
AcDbLine
 10
131.1510266300029
 20
346.4201710440684
 30
0.0
 11
131.1510266300029
 21
596.2412654176587
 31
0.0
1001
AcDbBlockRepETag
1070
     1
1071
       26
1005
1B9
  0
CIRCLE
  5
1BA
330
19A
100
AcDbEntity
  8
FUR
100
AcDbCircle
 10
131.1510266300029
 20
473.2240219153464
 30
0.0
 40
57.96849344580802
1001
AcDbBlockRepETag
1070
     1
1071
       27
1005
1BA
  0
LINE
  5
1BB
330
19A
100
AcDbEntity
  8
FUR
100
AcDbLine
 10
252.3457380602922
 20
473.2240219153464
 30
0.0
 11
7.683319531744927
 21
473.2240219153464
 31
0.0
1001
AcDbBlockRepETag
1070
     1
1071
       28
1005
1BB
  0
CIRCLE
  5
1BC
330
19A
100
AcDbEntity
  8
FUR
100
AcDbCircle
 10
130.4882209627976
 20
472.5616760418051
 30
0.0
 40
99.79200000000002
1001
AcDbBlockRepETag
1070
     1
1071
       29
1005
1BC
  0
LINE
  5
1BD
330
19A
100
AcDbEntity
  8
FUR
100
AcDbLine
 10
300.1299412803204
 20
2366.857657685411
 30
0.0
 11
0.1299412803200539
 21
2366.857657685411
 31
0.0
1001
AcDbBlockRepETag
1070
     1
1071
       30
1005
1BD
  0
LINE
  5
1BE
330
19A
100
AcDbEntity
  8
FUR
100
AcDbLine
 10
131.1510266300029
 20
2020.437594928895
 30
0.0
 11
131.1510266300029
 21
1770.616500555188
 31
0.0
1001
AcDbBlockRepETag
1070
     1
1071
       31
1005
1BE
  0
CIRCLE
  5
1BF
330
19A
100
AcDbEntity
  8
FUR
100
AcDbCircle
 10
131.1510266300029
 20
1893.633744057501
 30
0.0
 40
57.96849344580802
1001
AcDbBlockRepETag
1070
     1
1071
       32
1005
1BF
  0
CIRCLE
  5
1C0
330
19A
100
AcDbEntity
  8
FUR
100
AcDbCircle
 10
130.4882209627976
 20
1894.296089931042
 30
0.0
 40
99.79200000000002
1001
AcDbBlockRepETag
1070
     1
1071
       33
1005
1C0
  0
LINE
  5
1C1
330
19A
100
AcDbEntity
  8
FUR
100
AcDbLine
 10
252.3457380602922
 20
1893.633744057501
 30
0.0
 11
7.683319531744927
 21
1893.633744057501
 31
0.0
1001
AcDbBlockRepETag
1070
     1
1071
       34
1005
1C1
  0
LINE
  5
1C2
330
19A
100
AcDbEntity
  8
FUR
100
AcDbLine
 10
0.1299412803200539
 20
2366.857657685411
 30
0.0
 11
0.1299412803200539
 21
0.0001082875533029
 31
0.0
1001
AcDbBlockRepETag
1070
     1
1071
       35
1005
1C2
  0
LINE
  5
1C3
330
19A
100
AcDbEntity
  8
FUR
100
AcDbLine
 10
0.1299412803200539
 20
0.0001082875533029
 30
0.0
 11
300.1299412803201
 21
0.0001082875533029
 31
0.0
1001
AcDbBlockRepETag
1070
     1
1071
       36
1005
1C3
  0
LINE
  5
1C4
330
19A
100
AcDbEntity
  8
FUR
100
AcDbLine
 10
300.1299412803201
 20
0.0001082875533029
 30
0.0
 11
300.1299412803204
 21
2366.857657685411
 31
0.0
1001
AcDbBlockRepETag
1070
     1
1071
       37
1005
1C4
  0
ENDBLK
  5
1C5
330
19A
100
AcDbEntity
  8
0
100
AcDbBlockEnd
  0
BLOCK
  5
1CF
330
1CC
100
AcDbEntity
  8
0
100
AcDbBlockBegin
  2
1
 70
     0
 10
0.0
 20
0.0
 30
0.0
  3
1
  1

  0
LINE
  5
1D0
330
1CC
100
AcDbEntity
  8
Furniture(家具)
100
AcDbLine
 10
-71140.0382423774
 20
-530937.1421826472
 30
0.0
 11
-70760.31462618752
 21
-530936.9909330072
 31
0.0
  0
CIRCLE
  5
1D1
330
1CC
100
AcDbEntity
  8
Furniture(家具)
100
AcDbCircle
 10
-70771.87832118927
 20
-531845.3506716861
 30
0.0
 40
164.703614909825
  0
LINE
  5
1D2
330
1CC
100
AcDbEntity
  8
Furniture(家具)
100
AcDbLine
 10
-71313.24186987476
 20
-531617.6112262373
 30
0.0
 11
-70659.45325962767
 21
-531617.3508123792
 31
0.0
  0
LINE
  5
1D3
330
1CC
100
AcDbEntity
  8
Furniture(家具)
100
AcDbLine
 10
-71139.83411544269
 20
-531449.6182311716
 30
0.0
 11
-70659.75385940347
 21
-531449.4270079692
 31
0.0
  0
CIRCLE
  5
1D4
330
1CC
100
AcDbEntity
  8
Furniture(家具)
100
AcDbCircle
 10
-70912.48535449442
 20
-529321.4627912389
 30
0.0
 40
264.6
  0
CIRCLE
  5
1D5
330
1CC
100
AcDbEntity
  8
Furniture(家具)
100
AcDbCircle
 10
-70912.48535449442
 20
-529321.4627912389
 30
0.0
 40
283.5
  0
CIRCLE
  5
1D6
330
1CC
100
AcDbEntity
  8
Furniture(家具)
100
AcDbCircle
 10
-70902.38739706293
 20
-529338.0659797801
 30
0.0
 40
164.703614909825
  0
LINE
  5
1D7
330
1CC
100
AcDbEntity
  8
Furniture(家具)
100
AcDbLine
 10
-71313.24186987476
 20
-529658.9620120184
 30
0.0
 11
-70659.45325962767
 21
-529659.2224258766
 31
0.0
  0
LINE
  5
1D8
330
1CC
100
AcDbEntity
  8
Furniture(家具)
100
AcDbLine
 10
-70909.99456115771
 20
-529410.4433114405
 30
0.0
 11
-70919.60361282406
 21
-529501.8673310541
 31
0.0
  0
LINE
  5
1D9
330
1CC
100
AcDbEntity
  8
Furniture(家具)
100
AcDbLine
 10
-70902.38739706293
 20
-529338.0659797801
 30
0.0
 11
-71084.11299751143
 21
-529338.0659797801
 31
0.0
  0
CIRCLE
  5
1DA
330
1CC
100
AcDbEntity
  8
Furniture(家具)
100
AcDbCircle
 10
-70902.38739706293
 20
-529338.0659797801
 30
0.0
 40
67.22399506378632
  0
CIRCLE
  5
1DB
330
1CC
100
AcDbEntity
  8
Furniture(家具)
100
AcDbCircle
 10
-70902.38739706293
 20
-529338.0659797801
 30
0.0
 40
72.77600623747364
  0
LINE
  5
1DC
330
1CC
100
AcDbEntity
  8
Furniture(家具)
100
AcDbLine
 10
-71139.83411544269
 20
-529826.9550070842
 30
0.0
 11
-70659.75385940347
 21
-529827.1462302865
 31
0.0
  0
LINE
  5
1DD
330
1CC
100
AcDbEntity
  8
Furniture(家具)
100
AcDbLine
 10
-70938.77540018165
 20
-529275.0401095922
 30
0.0
 11
-70984.73920451786
 21
-529195.4284651729
 31
0.0
  0
LINE
  5
1DE
330
1CC
100
AcDbEntity
  8
Furniture(家具)
100
AcDbLine
 10
-70961.26442289178
 20
-529380.842642967
 30
0.0
 11
-71035.63542055996
 21
-529434.8763356232
 31
0.0
  0
LINE
  5
1DF
330
1CC
100
AcDbEntity
  8
Furniture(家具)
100
AcDbLine
 10
-70951.084050245
 20
-529392.1490922342
 30
0.0
 11
-71012.59562677704
 21
-529460.4646189376
 31
0.0
  0
LINE
  5
1E0
330
1CC
100
AcDbEntity
  8
Furniture(家具)
100
AcDbLine
 10
-70924.87641977303
 20
-529407.2800747422
 30
0.0
 11
-70953.28361310507
 21
-529494.7084259973
 31
0.0
  0
LINE
  5
1E1
330
1CC
100
AcDbEntity
  8
Furniture(家具)
100
AcDbLine
 10
-70938.77540018165
 20
-529401.0918499675
 30
0.0
 11
-70984.73920451786
 21
-529480.703494387
 31
0.0
  0
LINE
  5
1E2
330
1CC
100
AcDbEntity
  8
Furniture(家具)
100
AcDbLine
 10
-70968.87158698653
 20
-529367.6666482536
 30
0.0
 11
-71052.8516363211
 21
-529405.0569752108
 31
0.0
  0
LINE
  5
1E3
330
1CC
100
AcDbEntity
  8
Furniture(家具)
100
AcDbLine
 10
-70968.61026554978
 20
-529326.5075542076
 30
0.0
 11
-70973.32149939048
 21
-529321.7963203669
 31
0.0
  0
LINE
  5
1E4
330
1CC
100
AcDbEntity
  8
Furniture(家具)
100
AcDbLine
 10
-70951.084050245
 20
-529283.9828673256
 30
0.0
 11
-71012.59562677704
 21
-529215.6673406223
 31
0.0
  0
LINE
  5
1E5
330
1CC
100
AcDbEntity
  8
Furniture(家具)
100
AcDbLine
 10
-70961.26442289178
 20
-529295.2893165929
 30
0.0
 11
-71035.63542055996
 21
-529241.2556239368
 31
0.0
  0
LINE
  5
1E6
330
1CC
100
AcDbEntity
  8
Furniture(家具)
100
AcDbLine
 10
-70576.66288169619
 20
-530987.9477857974
 30
0.0
 11
-70576.45449361752
 21
-531511.1217572879
 31
0.0
  0
ARC
  5
1E7
330
1CC
100
AcDbEntity
  8
Furniture(家具)
100
AcDbCircle
 10
-77390.30792254994
 20
-530064.1233042439
 30
0.0
 40
7747.502533170702
100
AcDbArc
 50
348.9336932309176
 51
353.2158103776946
  0
ARC
  5
1E8
330
1CC
100
AcDbEntity
  8
Furniture(家具)
100
AcDbCircle
 10
-77073.44388966324
 20
-529406.26861019
 30
0.0
 40
7095.911840716045
100
AcDbArc
 50
342.4045000433183
 51
350.6249320294653
  0
ARC
  5
1E9
330
1CC
100
AcDbEntity
  8
Furniture(家具)
100
AcDbCircle
 10
-69881.75843733456
 20
-530976.2356116772
 30
0.0
 40
88.75092271957516
100
AcDbArc
 50
216.6106567380985
 51
276.60005230204
  0
ARC
  5
1EA
330
1CC
100
AcDbEntity
  8
Furniture(家具)
100
AcDbCircle
 10
-69881.75843733452
 20
-530976.2356116772
 30
0.0
 40
104.3434227195754
100
AcDbArc
 50
216.7800550909428
 51
276.0749173764098
  0
ARC
  5
1EB
330
1CC
100
AcDbEntity
  8
Furniture(家具)
100
AcDbCircle
 10
-70041.0338896396
 20
-531097.0906504663
 30
0.0
 40
43.31508044489621
100
AcDbArc
 50
153.5910549358984
 51
30.58044140653201
  0
ARC
  5
1EC
330
1CC
100
AcDbEntity
  8
Furniture(家具)
100
AcDbCircle
 10
-69870.71590171932
 20
-530905.4377138873
 30
0.0
 40
158.9628663019503
100
AcDbArc
 50
269.6966287485685
 51
305.4605845375618
  0
ARC
  5
1ED
330
1CC
100
AcDbEntity
  8
Furniture(家具)
100
AcDbCircle
 10
-69870.71590171932
 20
-530905.4377138873
 30
0.0
 40
174.5553663019527
100
AcDbArc
 50
270.0
 51
305.4605845375618
  0
ARC
  5
1EE
330
1CC
100
AcDbEntity
  8
Furniture(家具)
100
AcDbCircle
 10
-74516.41699122022
 20
-530398.9449801715
 30
0.0
 40
5000.512907003696
100
AcDbArc
 50
346.4600538836251
 51
8.236065640711094
  0
LINE
  5
1EF
330
1CC
100
AcDbEntity
  8
Furniture(家具)
100
AcDbLine
 10
-70010.74996050276
 20
-530681.3308283715
 30
0.0
 11
-69594.64836361545
 21
-530431.1283638543
 31
0.0
  0
LINE
  5
1F0
330
1CC
100
AcDbEntity
  8
Furniture(家具)
100
AcDbLine
 10
-70037.79997611101
 20
-530626.8684600914
 30
0.0
 11
-69608.49655345301
 21
-530368.727719517
 31
0.0
  0
LINE
  5
1F1
330
1CC
100
AcDbEntity
  8
Furniture(家具)
100
AcDbLine
 10
-69980.23152607168
 20
-531016.5607603687
 30
0.0
 11
-69599.62801524781
 21
-530759.3054820851
 31
0.0
  0
LINE
  5
1F2
330
1CC
100
AcDbEntity
  8
Furniture(家具)
100
AcDbLine
 10
-69999.15434916271
 20
-530958.6233832485
 30
0.0
 11
-69586.88173348416
 21
-530679.9625105583
 31
0.0
  0
LINE
  5
1F3
330
1CC
100
AcDbEntity
  8
Furniture(家具)
100
AcDbLine
 10
-70292.78521113987
 20
-528945.4849531415
 30
0.0
 11
-69577.60836803785
 21
-528945.7698188581
 31
0.0
  0
LINE
  5
1F4
330
1CC
100
AcDbEntity
  8
Furniture(家具)
100
AcDbLine
 10
-70173.76991029439
 20
-528988.0573621033
 30
0.0
 11
-69691.43958493788
 21
-528988.2494815422
 31
0.0
  0
ARC
  5
1F5
330
1CC
100
AcDbEntity
  8
Furniture(家具)
100
AcDbCircle
 10
-69934.83439290494
 20
-527666.2944439081
 30
0.0
 40
1518.923276400343
100
AcDbArc
 50
265.5809888798928
 51
269.9771782287932
  0
ARC
  5
1F6
330
1CC
100
AcDbEntity
  8
Furniture(家具)
100
AcDbCircle
 10
-69846.92015194472
 20
-530411.6868531735
 30
0.0
 40
327.9833230421287
100
AcDbArc
 50
94.16056206116913
 51
111.3527357253938
  0
ARC
  5
1F7
330
1CC
100
AcDbEntity
  8
Furniture(家具)
100
AcDbCircle
 10
-69846.92015194474
 20
-530411.6868531735
 30
0.0
 40
312.3908230421295
100
AcDbArc
 50
94.26561195443705
 51
112.9490278785783
  0
LINE
  5
1F8
330
1CC
100
AcDbEntity
  8
Furniture(家具)
100
AcDbLine
 10
-70110.30989174318
 20
-530299.089966284
 30
0.0
 11
-69774.64813275092
 21
-530113.381832781
 31
0.0
  0
LINE
  5
1F9
330
1CC
100
AcDbEntity
  8
Furniture(家具)
100
AcDbLine
 10
-70118.52439966201
 20
-530374.3623027013
 30
0.0
 11
-69723.9474116521
 21
-530156.058745613
 31
0.0
  0
LINE
  5
1FA
330
1CC
100
AcDbEntity
  8
Furniture(家具)
100
AcDbLine
 10
-70576.66288169619
 20
-530885.9284459267
 30
0.0
 11
-70576.66288169619
 21
-530390.644792329
 31
0.0
  0
ARC
  5
1FB
330
1CC
100
AcDbEntity
  8
Furniture(家具)
100
AcDbCircle
 10
-70627.69287764812
 20
-530885.9081199103
 30
0.0
 40
51.03
100
AcDbArc
 50
269.9771782287932
 51
359.977178229626
  0
ARC
  5
1FC
330
1CC
100
AcDbEntity
  8
Furniture(家具)
100
AcDbCircle
 10
-70627.69287764812
 20
-530987.968111814
 30
0.0
 40
51.03
100
AcDbArc
 50
0.0228217703740532
 51
90.02282177120681
  0
LINE
  5
1FD
330
1CC
100
AcDbEntity
  8
Furniture(家具)
100
AcDbLine
 10
-70760.31462618752
 20
-530936.9909330072
 30
0.0
 11
-70627.71320366469
 21
-530936.9381158621
 31
0.0
  0
ARC
  5
1FE
330
1CC
100
AcDbEntity
  8
Furniture(家具)
100
AcDbCircle
 10
-69771.15807969187
 20
-530390.727317166
 30
0.0
 40
331.9909436190844
100
AcDbArc
 50
178.9110313844054
 51
205.2036296524064
  0
ARC
  5
1FF
330
1CC
100
AcDbEntity
  8
Furniture(家具)
100
AcDbCircle
 10
-69771.15807969187
 20
-530390.727317166
 30
0.0
 40
347.5834436190845
100
AcDbArc
 50
178.9291618867841
 51
205.3173325938975
  0
ARC
  5
200
330
1CC
100
AcDbEntity
  8
Furniture(家具)
100
AcDbCircle
 10
-71530.45834021397
 20
-531381.2385525349
 30
0.0
 40
1688.036342980989
100
AcDbArc
 50
23.36802166171034
 51
30.20083988377001
  0
ARC
  5
201
330
1CC
100
AcDbEntity
  8
Furniture(家具)
100
AcDbCircle
 10
-69656.24399448189
 20
-530386.6249458937
 30
0.0
 40
446.8505185780746
100
AcDbArc
 50
167.9894357408279
 51
179.7170017671518
  0
ARC
  5
202
330
1CC
100
AcDbEntity
  8
Furniture(家具)
100
AcDbCircle
 10
-69656.24399448189
 20
-530386.6249458937
 30
0.0
 40
462.4430185780757
100
AcDbArc
 50
169.6711046117592
 51
179.703453233278
  0
ARC
  5
203
330
1CC
100
AcDbEntity
  8
Furniture(家具)
100
AcDbCircle
 10
-69841.11984829461
 20
-530939.0668809029
 30
0.0
 40
143.6474455181896
100
AcDbArc
 50
175.1563566734662
 51
218.8447724248651
  0
ARC
  5
204
330
1CC
100
AcDbEntity
  8
Furniture(家具)
100
AcDbCircle
 10
-70362.63801976689
 20
-530813.3642069222
 30
0.0
 40
395.0609870845299
100
AcDbArc
 50
343.2926405508478
 51
14.91168154969253
  0
ARC
  5
205
330
1CC
100
AcDbEntity
  8
Furniture(家具)
100
AcDbCircle
 10
-70362.63801976689
 20
-530813.3642069222
 30
0.0
 40
379.4684870845314
100
AcDbArc
 50
343.056824947304
 51
14.73896485341862
  0
ARC
  5
206
330
1CC
100
AcDbEntity
  8
Furniture(家具)
100
AcDbCircle
 10
-69841.11984829461
 20
-530939.0668809026
 30
0.0
 40
159.2399455181911
100
AcDbArc
 50
174.5526594159651
 51
218.7369887231843
  0
ARC
  5
207
330
1CC
100
AcDbEntity
  8
Furniture(家具)
100
AcDbCircle
 10
-71530.4583402139
 20
-531381.2385525349
 30
0.0
 40
1672.443842980892
100
AcDbArc
 50
23.40782205651137
 51
30.22382769684412
  0
LINE
  5
208
330
1CC
100
AcDbEntity
  8
Furniture(家具)
100
AcDbLine
 10
-70542.95098759234
 20
-529373.2875929275
 30
0.0
 11
-70566.48214391562
 21
-529285.0908886379
 31
0.0
  0
LINE
  5
209
330
1CC
100
AcDbEntity
  8
Furniture(家具)
100
AcDbLine
 10
-70576.50991685752
 20
-529904.5957006059
 30
0.0
 11
-70576.45449361752
 21
-529765.4514809678
 31
0.0
  0
LINE
  5
20A
330
1CC
100
AcDbEntity
  8
Furniture(家具)
100
AcDbLine
 10
-70902.38739706293
 20
-529338.0659797801
 30
0.0
 11
-70902.38739706293
 21
-529156.3403793314
 31
0.0
  0
LINE
  5
20B
330
1CC
100
AcDbEntity
  8
Furniture(家具)
100
AcDbLine
 10
-70879.89837435284
 20
-529268.8518848178
 30
0.0
 11
-70851.4911810208
 21
-529181.4235335626
 31
0.0
  0
LINE
  5
20C
330
1CC
100
AcDbEntity
  8
Furniture(家具)
100
AcDbLine
 10
-70865.99939394419
 20
-529275.0401095922
 30
0.0
 11
-70820.03558960801
 21
-529195.4284651729
 31
0.0
  0
LINE
  5
20D
330
1CC
100
AcDbEntity
  8
Furniture(家具)
100
AcDbLine
 10
-70591.91616614943
 20
-529282.7462451054
 30
0.0
 11
-70615.44741971934
 21
-529359.183487821
 31
0.0
  0
ARC
  5
20E
330
1CC
100
AcDbEntity
  8
Furniture(家具)
100
AcDbCircle
 10
-70659.73692105631
 20
-529784.6212336597
 30
0.0
 40
42.525
100
AcDbArc
 50
269.9771782287932
 51
359.977178229626
  0
LINE
  5
20F
330
1CC
100
AcDbEntity
  8
Furniture(家具)
100
AcDbLine
 10
-70616.95701178233
 20
-529731.4153455056
 30
0.0
 11
-70610.46094024113
 21
-529731.4179329888
 31
0.0
  0
LINE
  5
210
330
1CC
100
AcDbEntity
  8
Furniture(家具)
100
AcDbLine
 10
-70617.18947539961
 20
-529728.2781906137
 30
0.0
 11
-70617.21192442972
 21
-529784.638172007
 31
0.0
  0
LINE
  5
211
330
1CC
100
AcDbEntity
  8
Furniture(家具)
100
AcDbLine
 10
-70616.95742730987
 20
-529732.4585587138
 30
0.0
 11
-70616.94520134822
 21
-529701.7643608502
 31
0.0
  0
ARC
  5
212
330
1CC
100
AcDbEntity
  8
Furniture(家具)
100
AcDbCircle
 10
-70610.4744909188
 20
-529765.4379302901
 30
0.0
 40
34.02000000000001
100
AcDbArc
 50
359.977178229626
 51
89.97717822879318
  0
ARC
  5
213
330
1CC
100
AcDbEntity
  8
Furniture(家具)
100
AcDbCircle
 10
-70659.47019797482
 20
-529701.7474225031
 30
0.0
 40
42.525
100
AcDbArc
 50
359.977178229626
 51
89.97717822879318
  0
LINE
  5
214
330
1CC
100
AcDbEntity
  8
Furniture(家具)
100
AcDbLine
 10
-70894.78023296815
 20
-529410.4433114405
 30
0.0
 11
-70885.17118130176
 21
-529501.8673310541
 31
0.0
  0
LINE
  5
215
330
1CC
100
AcDbEntity
  8
Furniture(家具)
100
AcDbLine
 10
-70879.89837435284
 20
-529407.2800747422
 30
0.0
 11
-70851.4911810208
 21
-529494.7084259973
 31
0.0
  0
LINE
  5
216
330
1CC
100
AcDbEntity
  8
Furniture(家具)
100
AcDbLine
 10
-70902.38739706293
 20
-529338.0659797801
 30
0.0
 11
-70902.38739706293
 21
-529519.7915802283
 31
0.0
  0
LINE
  5
217
330
1CC
100
AcDbEntity
  8
Furniture(家具)
100
AcDbLine
 10
-70853.69074388088
 20
-529392.1490922342
 30
0.0
 11
-70792.17916734883
 21
-529460.4646189376
 31
0.0
  0
LINE
  5
218
330
1CC
100
AcDbEntity
  8
Furniture(家具)
100
AcDbLine
 10
-70843.51037123409
 20
-529380.842642967
 30
0.0
 11
-70769.13937356589
 21
-529434.8763356232
 31
0.0
  0
LINE
  5
219
330
1CC
100
AcDbEntity
  8
Furniture(家具)
100
AcDbLine
 10
-70865.99939394419
 20
-529401.0918499675
 30
0.0
 11
-70820.03558960801
 21
-529480.703494387
 31
0.0
  0
LINE
  5
21A
330
1CC
100
AcDbEntity
  8
Furniture(家具)
100
AcDbLine
 10
-70886.1177447486
 20
-529409.0000750087
 30
0.0
 11
-70890.82897149054
 21
-529404.2888482668
 31
0.0
  0
LINE
  5
21B
330
1CC
100
AcDbEntity
  8
Furniture(家具)
100
AcDbLine
 10
-70853.69074388088
 20
-529283.9828673256
 30
0.0
 11
-70792.17916734883
 21
-529215.6673406223
 31
0.0
  0
LINE
  5
21C
330
1CC
100
AcDbEntity
  8
Furniture(家具)
100
AcDbLine
 10
-70843.51037123409
 20
-529295.2893165929
 30
0.0
 11
-70769.13937356589
 21
-529241.2556239368
 31
0.0
  0
LINE
  5
21D
330
1CC
100
AcDbEntity
  8
Furniture(家具)
100
AcDbLine
 10
-70835.90320713933
 20
-529308.4653113064
 30
0.0
 11
-70751.92315780476
 21
-529271.0749843489
 31
0.0
  0
LINE
  5
21E
330
1CC
100
AcDbEntity
  8
Furniture(家具)
100
AcDbLine
 10
-70831.20172117074
 20
-529322.9349972722
 30
0.0
 11
-70741.28295130672
 21
-529303.8221727202
 31
0.0
  0
LINE
  5
21F
330
1CC
100
AcDbEntity
  8
Furniture(家具)
100
AcDbLine
 10
-70902.38739706293
 20
-529338.0659797801
 30
0.0
 11
-70720.66179661441
 21
-529338.0659797801
 31
0.0
  0
LINE
  5
220
330
1CC
100
AcDbEntity
  8
Furniture(家具)
100
AcDbLine
 10
-70335.58727979299
 20
-529641.0782119503
 30
0.0
 11
-70335.32714611362
 21
-528987.993011421
 31
0.0
  0
LINE
  5
221
330
1CC
100
AcDbEntity
  8
Furniture(家具)
100
AcDbLine
 10
-70165.29668880047
 20
-529162.6190427833
 30
0.0
 11
-70165.31319407827
 21
-529204.0567862327
 31
0.0
  0
ARC
  5
222
330
1CC
100
AcDbEntity
  8
Furniture(家具)
100
AcDbCircle
 10
-69991.41849610144
 20
-528398.4943171345
 30
0.0
 40
784.5402597889384
100
AcDbArc
 50
259.4626078249918
 51
260.1637385740476
  0
ARC
  5
223
330
1CC
100
AcDbEntity
  8
Furniture(家具)
100
AcDbCircle
 10
-70199.34234574612
 20
-529132.2483094152
 30
0.0
 40
17.01
100
AcDbArc
 50
179.9771782296259
 51
246.2626229117522
  0
ARC
  5
224
330
1CC
100
AcDbEntity
  8
Furniture(家具)
100
AcDbCircle
 10
-70173.78684864152
 20
-529030.5823587298
 30
0.0
 40
42.525
100
AcDbArc
 50
89.97717822879318
 51
179.9771782296259
  0
LINE
  5
225
330
1CC
100
AcDbEntity
  8
Furniture(家具)
100
AcDbLine
 10
-70216.31184526812
 20
-529030.5654203828
 30
0.0
 11
-70216.35234439676
 21
-529132.2415340763
 31
0.0
  0
ARC
  5
226
330
1CC
100
AcDbEntity
  8
Furniture(家具)
100
AcDbCircle
 10
-70292.80214948702
 20
-528988.0099497683
 30
0.0
 40
42.525
100
AcDbArc
 50
89.97717822879318
 51
179.9771782296259
  0
ARC
  5
227
330
1CC
100
AcDbEntity
  8
Furniture(家具)
100
AcDbCircle
 10
-70075.53735741595
 20
-528850.7118303981
 30
0.0
 40
324.5656277371717
100
AcDbArc
 50
246.2626229117522
 51
259.4626078249918
  0
LINE
  5
228
330
1CC
100
AcDbEntity
  8
Furniture(家具)
100
AcDbLine
 10
-70135.71089381791
 20
-529725.217566952
 30
0.0
 11
-70180.05582390982
 21
-529725.199903698
 31
0.0
  0
LINE
  5
229
330
1CC
100
AcDbEntity
  8
Furniture(家具)
100
AcDbLine
 10
-70165.47696298992
 20
-529615.2109772464
 30
0.0
 11
-70165.48729328659
 21
-529641.1459653388
 31
0.0
  0
LINE
  5
22A
330
1CC
100
AcDbEntity
  8
Furniture(家具)
100
AcDbLine
 10
-70165.31319407827
 20
-529204.0567862327
 30
0.0
 11
-70165.48729328659
 21
-529641.1459653388
 31
0.0
  0
ARC
  5
22B
330
1CC
100
AcDbEntity
  8
Furniture(家具)
100
AcDbCircle
 10
-70293.06228316639
 20
-529641.0951502974
 30
0.0
 40
42.525
100
AcDbArc
 50
179.9771782296259
 51
269.9771782287932
  0
LINE
  5
22C
330
1CC
100
AcDbEntity
  8
Furniture(家具)
100
AcDbLine
 10
-70230.36503576854
 20
-529683.6451269295
 30
0.0
 11
-70180.05582390982
 21
-529725.199903698
 31
0.0
  0
ARC
  5
22D
330
1CC
100
AcDbEntity
  8
Furniture(家具)
100
AcDbCircle
 10
-70208.01228991317
 20
-529641.1290269917
 30
0.0
 40
42.525
100
AcDbArc
 50
269.9771782287932
 51
359.977178229626
  0
LINE
  5
22E
330
1CC
100
AcDbEntity
  8
Furniture(家具)
100
AcDbLine
 10
-70208.02922826034
 20
-529683.6540236183
 30
0.0
 11
-70293.07922151353
 21
-529683.6201469241
 31
0.0
  0
LINE
  5
22F
330
1CC
100
AcDbEntity
  8
Furniture(家具)
100
AcDbLine
 10
-70378.23289332941
 20
-529385.047195927
 30
0.0
 11
-70354.70163975947
 21
-529308.6099532115
 31
0.0
  0
LINE
  5
230
330
1CC
100
AcDbEntity
  8
Furniture(家具)
100
AcDbLine
 10
-70401.76404965267
 20
-529385.047195927
 30
0.0
 11
-70425.29520597594
 21
-529296.8504916375
 31
0.0
  0
LINE
  5
231
330
1CC
100
AcDbEntity
  8
Furniture(家具)
100
AcDbLine
 10
-70519.41983126907
 20
-529373.2875929275
 30
0.0
 11
-70495.88857769912
 21
-529296.8503502121
 31
0.0
  0
LINE
  5
232
330
1CC
100
AcDbEntity
  8
Furniture(家具)
100
AcDbLine
 10
-70490.00593448826
 20
-529373.2875929275
 30
0.0
 11
-70466.47468091839
 21
-529296.8503502121
 31
0.0
  0
LINE
  5
233
330
1CC
100
AcDbEntity
  8
Furniture(家具)
100
AcDbLine
 10
-70454.70920000336
 20
-529373.2875929275
 30
0.0
 11
-70431.17794643342
 21
-529296.8503502121
 31
0.0
  0
ARC
  5
234
330
1CC
100
AcDbEntity
  8
Furniture(家具)
100
AcDbCircle
 10
-69875.18278111236
 20
-530323.294589152
 30
0.0
 40
220.1365161949547
100
AcDbArc
 50
115.1461497982053
 51
172.2578630722937
  0
ARC
  5
235
330
1CC
100
AcDbEntity
  8
Furniture(家具)
100
AcDbCircle
 10
-69873.90462613391
 20
-530325.882660885
 30
0.0
 40
238.3220845361968
100
AcDbArc
 50
112.8217927207901
 51
174.6615968121659
  0
ARC
  5
236
330
1CC
100
AcDbEntity
  8
Furniture(家具)
100
AcDbCircle
 10
-69980.44679200567
 20
-530751.3766092894
 30
0.0
 40
348.1074994083875
100
AcDbArc
 50
305.4605845375618
 51
329.8197801284242
  0
ARC
  5
237
330
1CC
100
AcDbEntity
  8
Furniture(家具)
100
AcDbCircle
 10
-69980.44679200567
 20
-530751.3766092894
 30
0.0
 40
363.6999994083876
100
AcDbArc
 50
305.4605845375618
 51
329.8197801284242
  0
ARC
  5
238
330
1CC
100
AcDbEntity
  8
Furniture(家具)
100
AcDbCircle
 10
-70155.91255511907
 20
-530649.3341753993
 30
0.0
 40
566.6800288181549
100
AcDbArc
 50
329.8197801284242
 51
346.4562418202567
  0
ARC
  5
239
330
1CC
100
AcDbEntity
  8
Furniture(家具)
100
AcDbCircle
 10
-70155.91255511907
 20
-530649.3341753993
 30
0.0
 40
551.0875288181507
100
AcDbArc
 50
329.8197801284242
 51
346.4562418202567
  0
LINE
  5
23A
330
1CC
100
AcDbEntity
  8
Furniture(家具)
100
AcDbLine
 10
-69705.26979170734
 20
-529162.7175447874
 30
0.0
 11
-69705.46042994415
 21
-529641.3292009725
 31
0.0
  0
ARC
  5
23B
330
1CC
100
AcDbEntity
  8
Furniture(家具)
100
AcDbCircle
 10
-69934.83439290494
 20
-527666.2944439091
 30
0.0
 40
1518.923276399459
100
AcDbArc
 50
269.9771782287932
 51
274.3733675772014
  0
ARC
  5
23C
330
1CC
100
AcDbEntity
  8
Furniture(家具)
100
AcDbCircle
 10
-69665.9810340901
 20
-529129.9744125943
 30
0.0
 40
17.01
100
AcDbArc
 50
294.8182931932213
 51
359.977178229626
  0
ARC
  5
23D
330
1CC
100
AcDbEntity
  8
Furniture(家具)
100
AcDbCircle
 10
-69691.45652328501
 20
-529030.7744781686
 30
0.0
 40
42.525
100
AcDbArc
 50
359.977178229626
 51
89.97717822879318
  0
LINE
  5
23E
330
1CC
100
AcDbEntity
  8
Furniture(家具)
100
AcDbLine
 10
-69648.9315266584
 20
-529030.7914165158
 30
0.0
 11
-69648.97103543946
 21
-529129.9811879333
 31
0.0
  0
ARC
  5
23F
330
1CC
100
AcDbEntity
  8
Furniture(家具)
100
AcDbCircle
 10
-69795.07501548628
 20
-528850.8235427762
 30
0.0
 40
324.5656277371626
100
AcDbArc
 50
282.7264810309588
 51
294.8182931932213
  0
ARC
  5
240
330
1CC
100
AcDbEntity
  8
Furniture(家具)
100
AcDbCircle
 10
-69662.93543331754
 20
-529641.3461393197
 30
0.0
 40
42.525
100
AcDbArc
 50
179.9771782296259
 51
269.9771782287932
  0
LINE
  5
241
330
1CC
100
AcDbEntity
  8
Furniture(家具)
100
AcDbLine
 10
-69626.15418723586
 20
-529683.2002603625
 30
0.0
 11
-69677.32738900249
 21
-529725.4001480112
 31
0.0
  0
LINE
  5
242
330
1CC
100
AcDbEntity
  8
Furniture(家具)
100
AcDbLine
 10
-69577.9023784115
 20
-529683.9050126405
 30
0.0
 11
-69662.9523716647
 21
-529683.8711359463
 31
0.0
  0
LINE
  5
243
330
1CC
100
AcDbEntity
  8
Furniture(家具)
100
AcDbLine
 10
-69677.32738900249
 20
-529725.4001480112
 30
0.0
 11
-70135.71089381791
 21
-529725.217566952
 31
0.0
  0
ARC
  5
244
330
1CC
100
AcDbEntity
  8
Furniture(家具)
100
AcDbCircle
 10
-69870.71590171929
 20
-530259.1232464912
 30
0.0
 40
158.9628663019415
100
AcDbArc
 50
54.53941546243814
 51
89.79813717261684
  0
ARC
  5
245
330
1CC
100
AcDbEntity
  8
Furniture(家具)
100
AcDbCircle
 10
-69870.71590171929
 20
-530259.1232464912
 30
0.0
 40
174.5553663019459
100
AcDbArc
 50
54.53941546243814
 51
90.0
  0
ARC
  5
246
330
1CC
100
AcDbEntity
  8
Furniture(家具)
100
AcDbCircle
 10
-69980.44679200567
 20
-530413.1843510891
 30
0.0
 40
348.1074994083933
100
AcDbArc
 50
30.18021987157585
 51
54.53941546243814
  0
ARC
  5
247
330
1CC
100
AcDbEntity
  8
Furniture(家具)
100
AcDbCircle
 10
-69980.44679200567
 20
-530413.1843510891
 30
0.0
 40
363.6999994083879
100
AcDbArc
 50
30.18021987157585
 51
54.53941546243814
  0
ARC
  5
248
330
1CC
100
AcDbEntity
  8
Furniture(家具)
100
AcDbCircle
 10
-77390.30792254994
 20
-530064.1233042439
 30
0.0
 40
7747.502533170702
100
AcDbArc
 50
358.4845772478823
 51
2.665370144436184
  0
ARC
  5
249
330
1CC
100
AcDbEntity
  8
Furniture(家具)
100
AcDbCircle
 10
-70155.91255511907
 20
-530515.2267849792
 30
0.0
 40
566.680028818154
100
AcDbArc
 50
13.54375817974333
 51
30.18021987157585
  0
ARC
  5
24A
330
1CC
100
AcDbEntity
  8
Furniture(家具)
100
AcDbCircle
 10
-70155.91255511907
 20
-530515.2267849792
 30
0.0
 40
551.0875288181519
100
AcDbArc
 50
13.54375817974333
 51
30.18021987157585
  0
LINE
  5
24B
330
1CC
100
AcDbEntity
  8
Furniture(家具)
100
AcDbLine
 10
-69677.32738900249
 20
-531551.1730902445
 30
0.0
 11
-70180.05582390982
 21
-531551.3733345579
 31
0.0
  0
LINE
  5
24C
330
1CC
100
AcDbEntity
  8
Furniture(家具)
100
AcDbLine
 10
-70771.87832118927
 20
-531662.4378346814
 30
0.0
 11
-70771.87832118927
 21
-532027.0762721346
 31
0.0
  0
LINE
  5
24D
330
1CC
100
AcDbEntity
  8
Furniture(家具)
100
AcDbLine
 10
-70808.266324308
 20
-531782.3248014986
 30
0.0
 11
-70854.23012864421
 21
-531702.7131570791
 31
0.0
  0
LINE
  5
24E
330
1CC
100
AcDbEntity
  8
Furniture(家具)
100
AcDbLine
 10
-70820.57497437135
 20
-531791.2675592318
 30
0.0
 11
-70882.08655090339
 21
-531722.9520325285
 31
0.0
  0
LINE
  5
24F
330
1CC
100
AcDbEntity
  8
Furniture(家具)
100
AcDbLine
 10
-70830.75534701813
 20
-531802.5740084991
 30
0.0
 11
-70905.12634468631
 21
-531748.5403158428
 31
0.0
  0
LINE
  5
250
330
1CC
100
AcDbEntity
  8
Furniture(家具)
100
AcDbLine
 10
-70735.49031807054
 20
-531782.3248014986
 30
0.0
 11
-70689.52651373438
 21
-531702.7131570791
 31
0.0
  0
LINE
  5
251
330
1CC
100
AcDbEntity
  8
Furniture(家具)
100
AcDbLine
 10
-70723.18166800722
 20
-531791.2675592318
 30
0.0
 11
-70661.67009147519
 21
-531722.9520325285
 31
0.0
  0
LINE
  5
252
330
1CC
100
AcDbEntity
  8
Furniture(家具)
100
AcDbLine
 10
-70713.00129536044
 20
-531802.5740084991
 30
0.0
 11
-70638.63029769226
 21
-531748.5403158428
 31
0.0
  0
LINE
  5
253
330
1CC
100
AcDbEntity
  8
Furniture(家具)
100
AcDbLine
 10
-70617.18947539961
 20
-531548.2950476421
 30
0.0
 11
-70617.21192442972
 21
-531491.9350662488
 31
0.0
  0
ARC
  5
254
330
1CC
100
AcDbEntity
  8
Furniture(家具)
100
AcDbCircle
 10
-70610.4744909188
 20
-531511.1353079656
 30
0.0
 40
34.02000000000001
100
AcDbArc
 50
270.0228217712068
 51
0.0228217703740532
  0
LINE
  5
255
330
1CC
100
AcDbEntity
  8
Furniture(家具)
100
AcDbLine
 10
-70616.95701178233
 20
-531545.1578927501
 30
0.0
 11
-70610.46094024113
 21
-531545.1553052668
 31
0.0
  0
LINE
  5
256
330
1CC
100
AcDbEntity
  8
Furniture(家具)
100
AcDbLine
 10
-70616.95742730987
 20
-531544.1146795419
 30
0.0
 11
-70616.94520134822
 21
-531574.8088774054
 31
0.0
  0
ARC
  5
257
330
1CC
100
AcDbEntity
  8
Furniture(家具)
100
AcDbCircle
 10
-70659.73692105631
 20
-531491.9520045959
 30
0.0
 40
42.525
100
AcDbArc
 50
0.0228217703740532
 51
90.02282177120681
  0
ARC
  5
258
330
1CC
100
AcDbEntity
  8
Furniture(家具)
100
AcDbCircle
 10
-70659.47019797482
 20
-531574.8258157526
 30
0.0
 40
42.525
100
AcDbArc
 50
270.0228217712068
 51
0.0228217703740532
  0
LINE
  5
259
330
1CC
100
AcDbEntity
  8
Furniture(家具)
100
AcDbLine
 10
-70764.27115709451
 20
-531772.9733400256
 30
0.0
 11
-70754.66210542811
 21
-531681.5493204121
 31
0.0
  0
LINE
  5
25A
330
1CC
100
AcDbEntity
  8
Furniture(家具)
100
AcDbLine
 10
-70779.48548528406
 20
-531772.9733400256
 30
0.0
 11
-70789.09453695043
 21
-531681.5493204121
 31
0.0
  0
LINE
  5
25B
330
1CC
100
AcDbEntity
  8
Furniture(家具)
100
AcDbLine
 10
-70794.36734389939
 20
-531776.136576724
 30
0.0
 11
-70822.77453723142
 21
-531688.7082254686
 31
0.0
  0
LINE
  5
25C
330
1CC
100
AcDbEntity
  8
Furniture(家具)
100
AcDbLine
 10
-70749.38929847919
 20
-531776.136576724
 30
0.0
 11
-70720.98210514715
 21
-531688.7082254686
 31
0.0
  0
LINE
  5
25D
330
1CC
100
AcDbEntity
  8
Furniture(家具)
100
AcDbLine
 10
-70165.29668880047
 20
-532113.9541954726
 30
0.0
 11
-70165.48729328659
 21
-531635.4272729169
 31
0.0
  0
LINE
  5
25E
330
1CC
100
AcDbEntity
  8
Furniture(家具)
100
AcDbLine
 10
-70335.58727979299
 20
-531635.4950263054
 30
0.0
 11
-70335.32714611362
 21
-532288.5802268347
 31
0.0
  0
LINE
  5
25F
330
1CC
100
AcDbEntity
  8
Furniture(家具)
100
AcDbLine
 10
-70208.02922826034
 20
-531592.9192146374
 30
0.0
 11
-70293.07922151353
 21
-531592.9530913315
 31
0.0
  0
ARC
  5
260
330
1CC
100
AcDbEntity
  8
Furniture(家具)
100
AcDbCircle
 10
-70208.01228991317
 20
-531635.444211264
 30
0.0
 40
42.525
100
AcDbArc
 50
0.0228217703740532
 51
90.02282177120681
  0
LINE
  5
261
330
1CC
100
AcDbEntity
  8
Furniture(家具)
100
AcDbLine
 10
-70230.36503576854
 20
-531592.9281113263
 30
0.0
 11
-70180.05582390982
 21
-531551.3733345579
 31
0.0
  0
ARC
  5
262
330
1CC
100
AcDbEntity
  8
Furniture(家具)
100
AcDbCircle
 10
-70293.06228316639
 20
-531635.4780879583
 30
0.0
 40
42.525
100
AcDbArc
 50
90.02282177120681
 51
180.022821770374
  0
LINE
  5
263
330
1CC
100
AcDbEntity
  8
Furniture(家具)
100
AcDbLine
 10
-69705.26979170734
 20
-532113.8556934682
 30
0.0
 11
-69705.46042994415
 21
-531635.2440372831
 31
0.0
  0
LINE
  5
264
330
1CC
100
AcDbEntity
  8
Furniture(家具)
100
AcDbLine
 10
-69577.9023784115
 20
-531592.6682256153
 30
0.0
 11
-69662.9523716647
 21
-531592.7021023096
 31
0.0
  0
CIRCLE
  5
265
330
1CC
100
AcDbEntity
  8
Furniture(家具)
100
AcDbCircle
 10
-69803.18689340772
 20
-531327.1126965529
 30
0.0
 40
98.76011499808122
  0
LINE
  5
266
330
1CC
100
AcDbEntity
  8
Furniture(家具)
100
AcDbLine
 10
-69626.15418723586
 20
-531593.3729778932
 30
0.0
 11
-69677.32738900249
 21
-531551.1730902445
 31
0.0
  0
ARC
  5
267
330
1CC
100
AcDbEntity
  8
Furniture(家具)
100
AcDbCircle
 10
-69662.93543331754
 20
-531635.227098936
 30
0.0
 40
42.525
100
AcDbArc
 50
90.02282177120681
 51
180.022821770374
  0
LINE
  5
268
330
1CC
100
AcDbEntity
  8
Furniture(家具)
100
AcDbLine
 10
-70572.86922165711
 20
-529367.0868478232
 30
685.7122522353741
 11
-70512.18530432312
 21
-529367.0868478232
 31
685.7122522353741
  0
LINE
  5
269
330
1CC
100
AcDbEntity
  8
Furniture(家具)
100
AcDbLine
 10
-70427.90170597402
 20
-529353.6122838943
 30
685.7122522353741
 11
-70367.21778864003
 21
-529353.6122838943
 31
685.7122522353741
  0
LINE
  5
26A
330
1CC
100
AcDbEntity
  8
Furniture(家具)
100
AcDbLine
 10
-70771.87832118927
 20
-531845.3506716861
 30
0.0
 11
-70953.60392163777
 21
-531845.3506716861
 31
0.0
  0
LINE
  5
26B
330
1CC
100
AcDbEntity
  8
Furniture(家具)
100
AcDbLine
 10
-70838.36251111289
 20
-531815.7500032126
 30
0.0
 11
-70922.34256044746
 21
-531778.3596762552
 31
0.0
  0
LINE
  5
26C
330
1CC
100
AcDbEntity
  8
Furniture(家具)
100
AcDbLine
 10
-70911.34166739287
 20
-532003.4285325452
 30
0.0
 11
-70934.87292096278
 21
-532079.8657752606
 31
0.0
  0
LINE
  5
26D
330
1CC
100
AcDbEntity
  8
Furniture(家具)
100
AcDbLine
 10
-70899.45473479607
 20
-532101.5739727092
 30
0.0
 11
-70961.325668742
 21
-532039.7030387635
 31
0.0
  0
LINE
  5
26E
330
1CC
100
AcDbEntity
  8
Furniture(家具)
100
AcDbLine
 10
-70924.28430563503
 20
-532009.3083694014
 30
0.0
 11
-70900.75314931174
 21
-532097.5050736909
 31
0.0
  0
LINE
  5
26F
330
1CC
100
AcDbEntity
  8
Furniture(家具)
100
AcDbLine
 10
-71055.00893697259
 20
-530339.4649240622
 30
0.0
 11
-71054.80481003789
 21
-531449.5843627175
 31
0.0
  0
LINE
  5
270
330
1CC
100
AcDbEntity
  8
Furniture(家具)
100
AcDbLine
 10
-71140.0382423774
 20
-530339.4310556084
 30
0.0
 11
-71139.82611344359
 21
-531469.7078528188
 31
0.0
  0
ARC
  5
271
330
1CC
100
AcDbEntity
  8
Furniture(家具)
100
AcDbCircle
 10
-71819.51591573289
 20
-531137.0797530567
 30
0.0
 40
730.0101162987552
100
AcDbArc
 50
4.8511048282047
 51
11.54895665846981
  0
LINE
  5
272
330
1CC
100
AcDbEntity
  8
Furniture(家具)
100
AcDbLine
 10
-71356.01757119919
 20
-529700.7574561984
 30
0.0
 11
-71355.7838048485
 21
-531575.1031679578
 31
0.0
  0
LINE
  5
273
330
1CC
100
AcDbEntity
  8
Furniture(家具)
100
AcDbLine
 10
-71313.96318138932
 20
-529806.7043252618
 30
0.0
 11
-71313.30075449514
 21
-531469.7769503831
 31
0.0
  0
LWPOLYLINE
  5
274
330
1CC
100
AcDbEntity
  8
Furniture(家具)
100
AcDbPolyline
 90
        4
 70
     0
 43
0.0
 10
-71121.17951774294
 20
-530337.8873380054
 42
-0.0474230509685732
 10
-71104.28558715646
 20
-530393.2168316974
 42
-0.0292332149353128
 10
-71092.12082223484
 20
-530477.6341311747
 42
-0.0177487698197178
 10
-71085.50424766657
 20
-530638.2866191278
 42
-0.0210704764880946
  0
LINE
  5
275
330
1CC
100
AcDbEntity
  8
Furniture(家具)
100
AcDbLine
 10
-71140.0382423774
 20
-530339.4310556084
 30
0.0
 11
-71033.02759408469
 21
-530339.4736795626
 31
0.0
  0
LWPOLYLINE
  5
276
330
1CC
100
AcDbEntity
  8
Furniture(家具)
100
AcDbPolyline
 90
        2
 70
     0
 43
0.0
 10
-71120.04707228361
 20
-530339.6351223936
 42
0.0024602749167629
 10
-71121.1778738898
 20
-530336.84775598
  0
LINE
  5
277
330
1CC
100
AcDbEntity
  8
Furniture(家具)
100
AcDbLine
 10
-71055.00900476513
 20
-530339.6351223936
 30
0.0
 11
-71054.89459819938
 21
-530052.408819591
 31
0.0
  0
ARC
  5
278
330
1CC
100
AcDbEntity
  8
Furniture(家具)
100
AcDbCircle
 10
-71403.84805002046
 20
-530823.4264734716
 30
0.0
 40
305.6597584284887
100
AcDbArc
 50
337.6362608229843
 51
338.2001131597986
  0
ARC
  5
279
330
1CC
100
AcDbEntity
  8
Furniture(家具)
100
AcDbCircle
 10
-71403.75695690018
 20
-530822.1617448015
 30
0.0
 40
305.6597584303481
100
AcDbArc
 50
337.5906172754351
 51
348.4510433415301
  0
ARC
  5
27A
330
1CC
100
AcDbEntity
  8
Furniture(家具)
100
AcDbCircle
 10
-71403.75695690018
 20
-531052.1226204932
 30
0.0
 40
305.6597584303481
100
AcDbArc
 50
11.54895665846981
 51
22.40938272456493
  0
ARC
  5
27B
330
1CC
100
AcDbEntity
  8
Furniture(家具)
100
AcDbCircle
 10
-73350.96761704457
 20
-530625.4445718668
 30
0.0
 40
2265.499767418071
100
AcDbArc
 50
355.6079242178151
 51
359.6752155685649
  0
ARC
  5
27C
330
1CC
100
AcDbEntity
  8
Furniture(家具)
100
AcDbCircle
 10
-71819.51591573312
 20
-530737.204612238
 30
0.0
 40
730.0101162989862
100
AcDbArc
 50
348.4510433415301
 51
355.1488951717953
  0
LINE
  5
27D
330
1CC
100
AcDbEntity
  8
Furniture(家具)
100
AcDbLine
 10
-71054.89459819938
 20
-530052.408819591
 30
0.0
 11
-71054.80481003789
 21
-529826.9888755382
 31
0.0
  0
LWPOLYLINE
  5
27E
330
1CC
100
AcDbEntity
  8
Furniture(家具)
100
AcDbPolyline
 90
        4
 70
     0
 43
0.0
 10
-71087.09144880617
 20
-530083.0530026281
 42
0.0210704764880946
 10
-71092.02667890438
 20
-529964.8740561622
 42
0.029233214935307
 10
-71104.12419061108
 20
-529880.4470926544
 42
0.045777847315393
 10
-71120.21645485405
 20
-529826.9628210941
 42
0.2016145798783618
  0
LINE
  5
27F
330
1CC
100
AcDbEntity
  8
Furniture(家具)
100
AcDbLine
 10
-71216.16296466405
 20
-529297.7916026176
 30
0.0
 11
-71191.90436923993
 21
-529273.5330071934
 31
0.0
  0
LINE
  5
280
330
1CC
100
AcDbEntity
  8
Furniture(家具)
100
AcDbLine
 10
-71192.11102365359
 20
-529368.1718390486
 30
0.0
 11
-71223.8683417369
 21
-529336.4145209653
 31
0.0
  0
LINE
  5
281
330
1CC
100
AcDbEntity
  8
Furniture(家具)
100
AcDbLine
 10
-71279.26720651617
 20
-529772.7898412492
 30
0.0
 11
-71173.83256006718
 21
-529772.831837458
 31
0.0
  0
LINE
  5
282
330
1CC
100
AcDbEntity
  8
Furniture(家具)
100
AcDbLine
 10
-71232.55423880388
 20
-529414.5922062122
 30
0.0
 11
-71308.99148151933
 21
-529391.0609526425
 31
0.0
  0
LINE
  5
283
330
1CC
100
AcDbEntity
  8
Furniture(家具)
100
AcDbLine
 10
-71226.67440194763
 20
-529402.8266280506
 30
0.0
 11
-71303.11164466315
 21
-529379.2953744807
 31
0.0
  0
LWPOLYLINE
  5
284
330
1CC
100
AcDbEntity
  8
Furniture(家具)
100
AcDbPolyline
 90
        2
 70
     0
 43
0.0
 10
-71236.59108894928
 20
-529413.3494593388
 10
-71236.59108894928
 20
-529333.2529514353
  0
LINE
  5
285
330
1CC
100
AcDbEntity
  8
Furniture(家具)
100
AcDbLine
 10
-71209.03510351741
 20
-529299.9859191849
 30
0.0
 11
-71285.47234623291
 21
-529276.454665615
 31
0.0
  0
LINE
  5
286
330
1CC
100
AcDbEntity
  8
Furniture(家具)
100
AcDbLine
 10
-71226.67440194763
 20
-529373.4127312699
 30
0.0
 11
-71303.11164466315
 21
-529349.8814777001
 31
0.0
  0
LINE
  5
287
330
1CC
100
AcDbEntity
  8
Furniture(家具)
100
AcDbLine
 10
-71220.79463580425
 20
-529361.6470558616
 30
0.0
 11
-71295.6043125923
 21
-529381.6065114123
 31
0.0
  0
LINE
  5
288
330
1CC
100
AcDbEntity
  8
Furniture(家具)
100
AcDbLine
 10
-71226.67440194763
 20
-529338.1159967849
 30
0.0
 11
-71303.11164466315
 21
-529314.584743215
 31
0.0
  0
LINE
  5
289
330
1CC
100
AcDbEntity
  8
Furniture(家具)
100
AcDbLine
 10
-71239.02306228607
 20
-529270.9866421059
 30
0.0
 11
-71262.55431585603
 21
-529347.4238848213
 31
0.0
  0
LINE
  5
28A
330
1CC
100
AcDbEntity
  8
Furniture(家具)
100
AcDbLine
 10
-71220.79463580425
 20
-529338.1158995383
 30
0.0
 11
-71297.23187851973
 21
-529314.5846459684
 31
0.0
  0
LINE
  5
28B
330
1CC
100
AcDbEntity
  8
Furniture(家具)
100
AcDbLine
 10
-71203.72632780116
 20
-529270.9866421059
 30
0.0
 11
-71227.25758137107
 21
-529347.4238848213
 31
0.0
  0
ARC
  5
28C
330
1CC
100
AcDbEntity
  8
Furniture(家具)
100
AcDbCircle
 10
-71278.7992865532
 20
-529807.9735222968
 30
0.0
 40
35.18679242497121
100
AcDbArc
 50
90.7619514998205
 51
182.1127660786931
  0
LWPOLYLINE
  5
28D
330
1CC
100
AcDbEntity
  8
Furniture(家具)
100
AcDbPolyline
 90
        2
 70
     0
 43
0.0
 10
-71236.59108894928
 20
-529651.3730708808
 10
-71236.59108894928
 20
-529582.5928265508
  0
LINE
  5
28E
330
1CC
100
AcDbEntity
  8
Furniture(家具)
100
AcDbLine
 10
-71226.67440194763
 20
-529426.3577843739
 30
0.0
 11
-71314.87110623723
 21
-529449.8889406972
 31
0.0
  0
LINE
  5
28F
330
1CC
100
AcDbEntity
  8
Furniture(家具)
100
AcDbLine
 10
-71232.55423880388
 20
-529479.3028374779
 30
0.0
 11
-71308.99148151933
 21
-529455.771583908
 31
0.0
  0
LINE
  5
290
330
1CC
100
AcDbEntity
  8
Furniture(家具)
100
AcDbLine
 10
-71232.55423880388
 20
-529449.8889406972
 30
0.0
 11
-71308.99148151933
 21
-529426.3576871272
 31
0.0
  0
LINE
  5
291
330
1CC
100
AcDbEntity
  8
Furniture(家具)
100
AcDbLine
 10
-71232.55423880388
 20
-529502.8339938012
 30
0.0
 11
-71320.75094309338
 21
-529526.3651501244
 31
0.0
  0
LWPOLYLINE
  5
292
330
1CC
100
AcDbEntity
  8
Furniture(家具)
100
AcDbPolyline
 90
        2
 70
     0
 43
0.0
 10
-71236.59108894928
 20
-529448.6461938237
 10
-71236.59108894928
 20
-529429.0035874561
  0
LWPOLYLINE
  5
293
330
1CC
100
AcDbEntity
  8
Furniture(家具)
100
AcDbPolyline
 90
        2
 70
     0
 43
0.0
 10
-71236.59108894928
 20
-529547.2960920658
 10
-71236.59108894928
 20
-529503.9110380353
  0
LINE
  5
294
330
1CC
100
AcDbEntity
  8
Furniture(家具)
100
AcDbLine
 10
-71209.03503280465
 20
-529620.4898726642
 30
0.0
 11
-71285.47227552015
 21
-529596.9586190944
 31
0.0
  0
LINE
  5
295
330
1CC
100
AcDbEntity
  8
Furniture(家具)
100
AcDbLine
 10
-71209.03503280465
 20
-529591.0759758834
 30
0.0
 11
-71285.47227552015
 21
-529567.5447223135
 31
0.0
  0
LINE
  5
296
330
1CC
100
AcDbEntity
  8
Furniture(家具)
100
AcDbLine
 10
-71209.03503280465
 20
-529555.7792413984
 30
0.0
 11
-71285.47227552015
 21
-529532.2479878286
 31
0.0
  0
ARC
  5
297
330
1CC
100
AcDbEntity
  8
Furniture(家具)
100
AcDbCircle
 10
-71173.84611074487
 20
-529806.8518347593
 30
0.0
 40
34.02000000000001
100
AcDbArc
 50
359.977178229626
 51
89.97717822879318
  0
ARC
  5
298
330
1CC
100
AcDbEntity
  8
Furniture(家具)
100
AcDbCircle
 10
-71313.08308701328
 20
-529701.9117155682
 30
0.0
 40
42.94999705473361
100
AcDbArc
 50
90.21181860670255
 51
181.5542721330408
  0
LINE
  5
299
330
1CC
100
AcDbEntity
  8
Furniture(家具)
100
AcDbLine
 10
-71140.03832366027
 20
-530339.6351223936
 30
0.0
 11
-71139.82611344359
 21
-529806.8653854369
 31
0.0
  0
LWPOLYLINE
  5
29A
330
1CC
100
AcDbEntity
  8
Furniture(家具)
100
AcDbPolyline
 90
        4
 70
     0
 43
0.0
 10
-71121.17951774294
 20
-530340.9747732113
 42
0.0474230509685732
 10
-71104.28558715646
 20
-530285.6452795194
 42
0.0292332149353128
 10
-71092.12082223484
 20
-530201.2279800422
 42
0.0210704764880957
 10
-71087.09144880617
 20
-530083.0530026281
 42
0.0210704764880946
  0
LWPOLYLINE
  5
29B
330
1CC
100
AcDbEntity
  8
Furniture(家具)
100
AcDbPolyline
 90
        4
 70
     0
 43
0.0
 10
-71087.09144880617
 20
-531193.5202356278
 42
-0.0210704764880946
 10
-71092.02667890438
 20
-531311.6991820935
 42
-0.029233214935307
 10
-71104.12419061108
 20
-531396.1261456013
 42
-0.045777847315393
 10
-71120.21645485405
 20
-531449.6104171617
 42
-0.2016145798783618
  0
ARC
  5
29C
330
1CC
100
AcDbEntity
  8
Furniture(家具)
100
AcDbCircle
 10
-72491.12299169361
 20
-531194.0794825542
 30
0.0
 40
1404.031654265681
100
AcDbArc
 50
0.0228217703740532
 51
4.8511048282047
  0
LINE
  5
29D
330
1CC
100
AcDbEntity
  8
Furniture(家具)
100
AcDbLine
 10
-71236.59108894928
 20
-531869.1848569798
 30
0.0
 11
-71236.59108894928
 21
-531779.3742321626
 31
0.0
  0
LINE
  5
29E
330
1CC
100
AcDbEntity
  8
Furniture(家具)
100
AcDbLine
 10
-71209.03517423017
 20
-531861.8328528192
 30
0.0
 11
-71297.23187851973
 21
-531885.3640091425
 31
0.0
  0
LINE
  5
29F
330
1CC
100
AcDbEntity
  8
Furniture(家具)
100
AcDbLine
 10
-71279.26720651617
 20
-531503.7833970066
 30
0.0
 11
-71173.83256006715
 21
-531503.7414007979
 31
0.0
  0
LINE
  5
2A0
330
1CC
100
AcDbEntity
  8
Furniture(家具)
100
AcDbLine
 10
-71214.91494037356
 20
-531744.1770712029
 30
0.0
 11
-71303.11164466315
 21
-531767.7082275261
 31
0.0
  0
LINE
  5
2A1
330
1CC
100
AcDbEntity
  8
Furniture(家具)
100
AcDbLine
 10
-71217.57676526188
 20
-531837.4320046415
 30
0.0
 11
-71305.77346955148
 21
-531860.9631609648
 31
0.0
  0
LINE
  5
2A2
330
1CC
100
AcDbEntity
  8
Furniture(家具)
100
AcDbLine
 10
-71217.57676526188
 20
-531808.0181078607
 30
0.0
 11
-71305.77346955148
 21
-531831.549264184
 31
0.0
  0
LINE
  5
2A3
330
1CC
100
AcDbEntity
  8
Furniture(家具)
100
AcDbLine
 10
-71214.91494037356
 20
-531773.5909679836
 30
0.0
 11
-71303.11164466315
 21
-531797.1221243069
 31
0.0
  0
LINE
  5
2A4
330
1CC
100
AcDbEntity
  8
Furniture(家具)
100
AcDbLine
 10
-71214.91494037356
 20
-531655.9352836139
 30
0.0
 11
-71291.35218308906
 21
-531632.404030044
 31
0.0
  0
ARC
  5
2A5
330
1CC
100
AcDbEntity
  8
Furniture(家具)
100
AcDbCircle
 10
-71278.7992865532
 20
-531468.5077533482
 30
0.0
 40
35.18679242497121
100
AcDbArc
 50
177.8872339213069
 51
269.2380485001795
  0
LINE
  5
2A6
330
1CC
100
AcDbEntity
  8
Furniture(家具)
100
AcDbLine
 10
-71214.91494037356
 20
-531691.2320180988
 30
0.0
 11
-71291.35218308906
 21
-531667.700764529
 31
0.0
  0
LWPOLYLINE
  5
2A7
330
1CC
100
AcDbEntity
  8
Furniture(家具)
100
AcDbPolyline
 90
        2
 70
     0
 43
0.0
 10
-71236.59108894928
 20
-531749.9603353818
 10
-71236.59108894928
 20
-531684.5590020345
  0
LINE
  5
2A8
330
1CC
100
AcDbEntity
  8
Furniture(家具)
100
AcDbLine
 10
-71214.91494037356
 20
-531720.6459148796
 30
0.0
 11
-71291.35218308906
 21
-531697.1146613096
 31
0.0
  0
ARC
  5
2A9
330
1CC
100
AcDbEntity
  8
Furniture(家具)
100
AcDbCircle
 10
-71173.84611074487
 20
-531469.7214034964
 30
0.0
 40
34.02000000000001
100
AcDbArc
 50
270.0228217712068
 51
0.0228217703740532
  0
LINE
  5
2AA
330
1CC
100
AcDbEntity
  8
Furniture(家具)
100
AcDbLine
 10
-71197.27557123058
 20
-531891.2467496001
 30
0.0
 11
-71285.47227552012
 21
-531914.7779059234
 31
0.0
  0
LINE
  5
2AB
330
1CC
100
AcDbEntity
  8
Furniture(家具)
100
AcDbLine
 10
-71217.09096575476
 20
-532003.9884187217
 30
0.0
 11
-71193.55980943147
 21
-532092.1851230111
 31
0.0
  0
LWPOLYLINE
  5
2AC
330
1CC
100
AcDbEntity
  8
Furniture(家具)
100
AcDbPolyline
 90
        2
 70
     0
 43
0.0
 10
-71192.29180234188
 20
-532019.9138880302
 10
-71210.86110482254
 20
-532019.9138880302
  0
LINE
  5
2AD
330
1CC
100
AcDbEntity
  8
Furniture(家具)
100
AcDbLine
 10
-71239.02306228607
 20
-531991.6689295457
 30
0.0
 11
-71262.55431585603
 21
-532068.1061722611
 31
0.0
  0
LINE
  5
2AE
330
1CC
100
AcDbEntity
  8
Furniture(家具)
100
AcDbLine
 10
-71203.72632780116
 20
-531991.6689295457
 30
0.0
 11
-71227.25758137107
 21
-532068.1061722611
 31
0.0
  0
LINE
  5
2AF
330
1CC
100
AcDbEntity
  8
Furniture(家具)
100
AcDbLine
 10
-71204.14832751262
 20
-531998.1085818654
 30
0.0
 11
-71227.67958108251
 21
-532074.5458245809
 31
0.0
  0
LINE
  5
2B0
330
1CC
100
AcDbEntity
  8
Furniture(家具)
100
AcDbLine
 10
-71209.03510351741
 20
-532020.6682066247
 30
0.0
 11
-71285.47234623287
 21
-531997.1369530547
 31
0.0
  0
LINE
  5
2B1
330
1CC
100
AcDbEntity
  8
Furniture(家具)
100
AcDbLine
 10
-71209.03510351741
 20
-531991.2543098439
 30
0.0
 11
-71285.47234623287
 21
-531967.723056274
 31
0.0
  0
LINE
  5
2B2
330
1CC
100
AcDbEntity
  8
Furniture(家具)
100
AcDbLine
 10
-71209.03510351741
 20
-531955.9575753589
 30
0.0
 11
-71285.47234623287
 21
-531932.426321789
 31
0.0
  0
LWPOLYLINE
  5
2B3
330
1CC
100
AcDbEntity
  8
Furniture(家具)
100
AcDbPolyline
 90
        2
 70
     0
 43
0.0
 10
-71027.61255342008
 20
-532019.9138880302
 10
-71057.02645020085
 20
-532019.9138880302
  0
LINE
  5
2B4
330
1CC
100
AcDbEntity
  8
Furniture(家具)
100
AcDbLine
 10
-71069.55589880474
 20
-531998.1085818654
 30
0.0
 11
-71093.08715237467
 21
-532074.5458245809
 31
0.0
  0
LINE
  5
2B5
330
1CC
100
AcDbEntity
  8
Furniture(家具)
100
AcDbLine
 10
-71055.74674889013
 20
-532015.7569977311
 30
0.0
 11
-71079.27800246008
 21
-532092.1942404467
 31
0.0
  0
LINE
  5
2B6
330
1CC
100
AcDbEntity
  8
Furniture(家具)
100
AcDbLine
 10
-70979.38153734285
 20
-532003.9884187217
 30
0.0
 11
-71002.91279091273
 21
-532080.4256614371
 31
0.0
  0
LWPOLYLINE
  5
2B7
330
1CC
100
AcDbEntity
  8
Furniture(家具)
100
AcDbPolyline
 90
        2
 70
     0
 43
0.0
 10
-70984.28420315351
 20
-532019.9138880302
 10
-71014.41987098807
 20
-532019.9138880302
  0
LWPOLYLINE
  5
2B8
330
1CC
100
AcDbEntity
  8
Furniture(家具)
100
AcDbPolyline
 90
        2
 70
     0
 43
0.0
 10
-70983.3342119843
 20
-532019.9138880302
 10
-71015.88560759468
 20
-532019.9138880302
  0
LINE
  5
2B9
330
1CC
100
AcDbEntity
  8
Furniture(家具)
100
AcDbLine
 10
-71026.33285210938
 20
-532015.7569977311
 30
0.0
 11
-71049.86410567928
 21
-532092.1942404467
 31
0.0
  0
LINE
  5
2BA
330
1CC
100
AcDbEntity
  8
Furniture(家具)
100
AcDbLine
 10
-71016.99466005058
 20
-532015.757068444
 30
0.0
 11
-70993.46350372731
 21
-532103.9537727336
 31
0.0
  0
LINE
  5
2BB
330
1CC
100
AcDbEntity
  8
Furniture(家具)
100
AcDbLine
 10
-71140.51012266017
 20
-532021.6367638746
 30
0.0
 11
-71116.9789663369
 21
-532109.8334681642
 31
0.0
  0
LINE
  5
2BC
330
1CC
100
AcDbEntity
  8
Furniture(家具)
100
AcDbLine
 10
-71186.00798013084
 20
-532029.6599155927
 30
0.0
 11
-71197.8436845903
 21
-532068.1061722611
 31
0.0
  0
ARC
  5
2BD
330
1CC
100
AcDbEntity
  8
Furniture(家具)
100
AcDbCircle
 10
-73908.31980667702
 20
-530951.6732522641
 30
0.0
 40
2911.878664418832
100
AcDbArc
 50
338.8364894977126
 51
338.8713226297199
  0
LINE
  5
2BE
330
1CC
100
AcDbEntity
  8
Furniture(家具)
100
AcDbLine
 10
-71163.68062134448
 20
-531998.1086525782
 30
0.0
 11
-71140.14946502121
 21
-532086.3053568677
 31
0.0
  0
LWPOLYLINE
  5
2BF
330
1CC
100
AcDbEntity
  8
Furniture(家具)
100
AcDbPolyline
 90
        2
 70
     0
 43
0.0
 10
-71125.3115207731
 20
-532019.9138880302
 10
-71157.86291638347
 20
-532019.9138880302
  0
LINE
  5
2C0
330
1CC
100
AcDbEntity
  8
Furniture(家具)
100
AcDbLine
 10
-70987.5807632698
 20
-532003.9974654444
 30
0.0
 11
-70964.04960694653
 21
-532092.1941697339
 31
0.0
  0
LINE
  5
2C1
330
1CC
100
AcDbEntity
  8
Furniture(家具)
100
AcDbLine
 10
-70962.36681042449
 20
-532042.9640618321
 30
0.0
 11
-70952.52133682851
 21
-532079.8657045479
 31
0.0
  0
LINE
  5
2C2
330
1CC
100
AcDbEntity
  8
Furniture(家具)
100
AcDbLine
 10
-70949.96764056204
 20
-532003.9884187217
 30
0.0
 11
-70973.49889413197
 21
-532080.4256614371
 31
0.0
  0
ARC
  5
2C3
330
1CC
100
AcDbEntity
  8
Furniture(家具)
100
AcDbCircle
 10
-71313.2588082219
 20
-531575.0862296106
 30
0.0
 40
42.525
100
AcDbArc
 50
180.022821770374
 51
270.0228217712068
  0
LINE
  5
2C4
330
1CC
100
AcDbEntity
  8
Furniture(家具)
100
AcDbLine
 10
-68974.267370785
 20
-530279.3622497159
 30
0.0
 11
-69062.46407507459
 21
-530302.8934060391
 31
0.0
  0
LINE
  5
2C5
330
1CC
100
AcDbEntity
  8
Furniture(家具)
100
AcDbLine
 10
-68980.14713692846
 20
-530944.117658965
 30
0.0
 11
-69056.58437964393
 21
-530920.586405395
 31
0.0
  0
LINE
  5
2C6
330
1CC
100
AcDbEntity
  8
Furniture(家具)
100
AcDbLine
 10
-68980.14713692843
 20
-531032.3594465539
 30
0.0
 11
-69068.34384121801
 21
-531055.8906028771
 31
0.0
  0
LINE
  5
2C7
330
1CC
100
AcDbEntity
  8
Furniture(家具)
100
AcDbLine
 10
-68980.14713692846
 20
-531008.8282902306
 30
0.0
 11
-69056.58437964393
 21
-530985.2970366607
 31
0.0
  0
LINE
  5
2C8
330
1CC
100
AcDbEntity
  8
Furniture(家具)
100
AcDbLine
 10
-68980.14713692846
 20
-530979.4143934498
 30
0.0
 11
-69056.58437964393
 21
-530955.8831398799
 31
0.0
  0
LINE
  5
2C9
330
1CC
100
AcDbEntity
  8
Furniture(家具)
100
AcDbLine
 10
-68974.26744149776
 20
-530773.5165325046
 30
0.0
 11
-69062.46414578735
 21
-530797.0476888279
 31
0.0
  0
LINE
  5
2CA
330
1CC
100
AcDbEntity
  8
Furniture(家具)
100
AcDbLine
 10
-68980.14713692846
 20
-531596.1313471756
 30
0.0
 11
-69056.58437964393
 21
-531572.6000936057
 31
0.0
  0
LINE
  5
2CB
330
1CC
100
AcDbEntity
  8
Furniture(家具)
100
AcDbLine
 10
-68980.14713692843
 20
-531619.6625034988
 30
0.0
 11
-69068.34384121801
 21
-531643.1936598222
 31
0.0
  0
LINE
  5
2CC
330
1CC
100
AcDbEntity
  8
Furniture(家具)
100
AcDbLine
 10
-68974.267370785
 20
-531367.6784727839
 30
0.0
 11
-69050.70461350049
 21
-531344.1472192138
 31
0.0
  0
LINE
  5
2CD
330
1CC
100
AcDbEntity
  8
Furniture(家具)
100
AcDbLine
 10
-68974.267370785
 20
-531338.2645760031
 30
0.0
 11
-69050.70461350049
 21
-531314.7333224332
 31
0.0
  0
LINE
  5
2CE
330
1CC
100
AcDbEntity
  8
Furniture(家具)
100
AcDbLine
 10
-68974.267370785
 20
-531302.9678415182
 30
0.0
 11
-69050.70461350049
 21
-531279.4365879483
 31
0.0
  0
LINE
  5
2CF
330
1CC
100
AcDbEntity
  8
Furniture(家具)
100
AcDbLine
 10
-68974.267370785
 20
-531391.2096291072
 30
0.0
 11
-69062.46407507459
 21
-531414.7407854304
 31
0.0
  0
LINE
  5
2D0
330
1CC
100
AcDbEntity
  8
Furniture(家具)
100
AcDbLine
 10
-68974.267370785
 20
-531978.5126860521
 30
0.0
 11
-69062.46407507459
 21
-532002.0438423754
 31
0.0
  0
LINE
  5
2D1
330
1CC
100
AcDbEntity
  8
Furniture(家具)
100
AcDbLine
 10
-68974.267370785
 20
-531890.2708984632
 30
0.0
 11
-69050.70461350049
 21
-531866.7396448932
 31
0.0
  0
LINE
  5
2D2
330
1CC
100
AcDbEntity
  8
Furniture(家具)
100
AcDbLine
 10
-68974.267370785
 20
-531925.5676329482
 30
0.0
 11
-69050.70461350049
 21
-531902.0363793782
 31
0.0
  0
LINE
  5
2D3
330
1CC
100
AcDbEntity
  8
Furniture(家具)
100
AcDbLine
 10
-68974.267370785
 20
-531954.9815297289
 30
0.0
 11
-69050.70461350049
 21
-531931.450276159
 31
0.0
  0
LINE
  5
2D4
330
1CC
100
AcDbEntity
  8
Furniture(家具)
100
AcDbLine
 10
-68980.14713692846
 20
-529867.5670140585
 30
0.0
 11
-69056.58437964393
 21
-529844.0357604886
 31
0.0
  0
LINE
  5
2D5
330
1CC
100
AcDbEntity
  8
Furniture(家具)
100
AcDbLine
 10
-68980.14720764119
 20
-529396.9437903466
 30
0.0
 11
-69068.34391193077
 21
-529420.4749466698
 31
0.0
  0
LINE
  5
2D6
330
1CC
100
AcDbEntity
  8
Furniture(家具)
100
AcDbLine
 10
-68980.14720764122
 20
-529373.4126340233
 30
0.0
 11
-69056.58445035669
 21
-529349.8813804532
 31
0.0
  0
LINE
  5
2D7
330
1CC
100
AcDbEntity
  8
Furniture(家具)
100
AcDbLine
 10
-68980.14713692846
 20
-529832.2702795736
 30
0.0
 11
-69056.58437964393
 21
-529808.7390260039
 31
0.0
  0
LINE
  5
2D8
330
1CC
100
AcDbEntity
  8
Furniture(家具)
100
AcDbLine
 10
-68974.267370785
 20
-530191.1204621269
 30
0.0
 11
-69050.70461350049
 21
-530167.5892085571
 31
0.0
  0
LINE
  5
2D9
330
1CC
100
AcDbEntity
  8
Furniture(家具)
100
AcDbLine
 10
-68974.267370785
 20
-530226.4171966118
 30
0.0
 11
-69050.70461350049
 21
-530202.8859430419
 31
0.0
  0
LINE
  5
2DA
330
1CC
100
AcDbEntity
  8
Furniture(家具)
100
AcDbLine
 10
-68974.267370785
 20
-530255.8310933926
 30
0.0
 11
-69050.70461350049
 21
-530232.2998398227
 31
0.0
  0
LINE
  5
2DB
330
1CC
100
AcDbEntity
  8
Furniture(家具)
100
AcDbLine
 10
-68980.14713692846
 20
-529920.5120671628
 30
0.0
 11
-69068.34384121801
 21
-529944.043223486
 31
0.0
  0
LINE
  5
2DC
330
1CC
100
AcDbEntity
  8
Furniture(家具)
100
AcDbLine
 10
-68980.14713692846
 20
-529896.9809108393
 30
0.0
 11
-69056.58437964393
 21
-529873.4496572694
 31
0.0
  0
LINE
  5
2DD
330
1CC
100
AcDbEntity
  8
Furniture(家具)
100
AcDbLine
 10
-68991.90681064079
 20
-530538.2050665185
 30
0.0
 11
-69068.34405335628
 21
-530514.6738129487
 31
0.0
  0
LINE
  5
2DE
330
1CC
100
AcDbEntity
  8
Furniture(家具)
100
AcDbLine
 10
-68986.02697378461
 20
-530397.0180313322
 30
0.0
 11
-69062.46421650011
 21
-530373.4867777623
 31
0.0
  0
LINE
  5
2DF
330
1CC
100
AcDbEntity
  8
Furniture(家具)
100
AcDbLine
 10
-68986.02697378461
 20
-530367.6041345514
 30
0.0
 11
-69062.46421650011
 21
-530344.0728809815
 31
0.0
  0
LINE
  5
2E0
330
1CC
100
AcDbEntity
  8
Furniture(家具)
100
AcDbLine
 10
-68986.02697378461
 20
-530332.3074000665
 30
0.0
 11
-69062.46421650011
 21
-530308.7761464968
 31
0.0
  0
LINE
  5
2E1
330
1CC
100
AcDbEntity
  8
Furniture(家具)
100
AcDbLine
 10
-68986.02697378461
 20
-530420.5491876555
 30
0.0
 11
-69074.22367807419
 21
-530444.0803439788
 31
0.0
  0
LINE
  5
2E2
330
1CC
100
AcDbEntity
  8
Furniture(家具)
100
AcDbLine
 10
-68986.02697378461
 20
-530902.9379895292
 30
0.0
 11
-69062.46421650011
 21
-530879.4067359594
 31
0.0
  0
LINE
  5
2E3
330
1CC
100
AcDbEntity
  8
Furniture(家具)
100
AcDbLine
 10
-68991.90681064079
 20
-530655.8607508883
 30
0.0
 11
-69080.10351493035
 21
-530679.3919072116
 31
0.0
  0
LINE
  5
2E4
330
1CC
100
AcDbEntity
  8
Furniture(家具)
100
AcDbLine
 10
-68991.90681064079
 20
-530626.4468541074
 30
0.0
 11
-69080.10351493035
 21
-530649.9780104307
 31
0.0
  0
LINE
  5
2E5
330
1CC
100
AcDbEntity
  8
Furniture(家具)
100
AcDbLine
 10
-68991.90681064079
 20
-530573.5018010032
 30
0.0
 11
-69068.34405335628
 21
-530549.9705474336
 31
0.0
  0
LINE
  5
2E6
330
1CC
100
AcDbEntity
  8
Furniture(家具)
100
AcDbLine
 10
-68991.90681064079
 20
-530602.9156977842
 30
0.0
 11
-69068.34405335628
 21
-530579.3844442143
 31
0.0
  0
LINE
  5
2E7
330
1CC
100
AcDbEntity
  8
Furniture(家具)
100
AcDbLine
 10
-68986.02704449737
 20
-530744.1026357238
 30
0.0
 11
-69074.22374878695
 21
-530767.633792047
 31
0.0
  0
LINE
  5
2E8
330
1CC
100
AcDbEntity
  8
Furniture(家具)
100
AcDbLine
 10
-68986.02697378461
 20
-530838.2273582636
 30
0.0
 11
-69062.46421650011
 21
-530814.6961046936
 31
0.0
  0
LINE
  5
2E9
330
1CC
100
AcDbEntity
  8
Furniture(家具)
100
AcDbLine
 10
-68986.02697378461
 20
-530873.5240927484
 30
0.0
 11
-69062.46421650011
 21
-530849.9928391785
 31
0.0
  0
LINE
  5
2EA
330
1CC
100
AcDbEntity
  8
Furniture(家具)
100
AcDbLine
 10
-69056.24162095721
 20
-529300.3946609712
 30
0.0
 11
-69079.77287452712
 21
-529376.8319036868
 31
0.0
  0
LINE
  5
2EB
330
1CC
100
AcDbEntity
  8
Furniture(家具)
100
AcDbLine
 10
-69062.26273594133
 20
-529300.3916601232
 30
0.0
 11
-69038.73157961806
 21
-529388.5883644129
 31
0.0
  0
LINE
  5
2EC
330
1CC
100
AcDbEntity
  8
Furniture(家具)
100
AcDbLine
 10
-69032.84883916057
 20
-529300.3916601232
 30
0.0
 11
-69009.31768283731
 21
-529388.5883644129
 31
0.0
  0
LINE
  5
2ED
330
1CC
100
AcDbEntity
  8
Furniture(家具)
100
AcDbLine
 10
-69120.95225222292
 20
-529300.3946609712
 30
0.0
 11
-69144.4835057928
 21
-529376.8319036868
 31
0.0
  0
LINE
  5
2EE
330
1CC
100
AcDbEntity
  8
Furniture(家具)
100
AcDbLine
 10
-69085.65551773799
 20
-529300.3946609712
 30
0.0
 11
-69109.1867713079
 21
-529376.8319036868
 31
0.0
  0
LINE
  5
2EF
330
1CC
100
AcDbEntity
  8
Furniture(家具)
100
AcDbLine
 10
-69219.7108135809
 20
-529385.0471252143
 30
0.0
 11
-69243.24196990416
 21
-529296.8504209247
 31
0.0
  0
LINE
  5
2F0
330
1CC
100
AcDbEntity
  8
Furniture(家具)
100
AcDbLine
 10
-69185.66307798185
 20
-529288.6351286844
 30
0.0
 11
-69162.13192165857
 21
-529376.831832974
 31
0.0
  0
LINE
  5
2F1
330
1CC
100
AcDbEntity
  8
Furniture(家具)
100
AcDbLine
 10
-69215.07697476263
 20
-529300.394731684
 30
0.0
 11
-69191.54581843936
 21
-529388.5914359735
 31
0.0
  0
LINE
  5
2F2
330
1CC
100
AcDbEntity
  8
Furniture(家具)
100
AcDbLine
 10
-68997.78664749698
 20
-529773.4422915188
 30
0.0
 11
-69085.98335178656
 21
-529796.9734478421
 31
0.0
  0
LINE
  5
2F3
330
1CC
100
AcDbEntity
  8
Furniture(家具)
100
AcDbLine
 10
-68997.78664749698
 20
-529744.0283947381
 30
0.0
 11
-69085.98335178656
 21
-529767.5595510614
 31
0.0
  0
LINE
  5
2F4
330
1CC
100
AcDbEntity
  8
Furniture(家具)
100
AcDbLine
 10
-68997.78664749698
 20
-529720.4972384149
 30
0.0
 11
-69074.22389021246
 21
-529696.965984845
 31
0.0
  0
LINE
  5
2F5
330
1CC
100
AcDbEntity
  8
Furniture(家具)
100
AcDbLine
 10
-68991.90681064079
 20
-529514.5995719629
 30
0.0
 11
-69068.34405335628
 21
-529491.068318393
 31
0.0
  0
LINE
  5
2F6
330
1CC
100
AcDbEntity
  8
Furniture(家具)
100
AcDbLine
 10
-68991.90681064079
 20
-529485.1856751821
 30
0.0
 11
-69068.34405335628
 21
-529461.6544216122
 31
0.0
  0
LINE
  5
2F7
330
1CC
100
AcDbEntity
  8
Furniture(家具)
100
AcDbLine
 10
-68991.90681064079
 20
-529449.8889406972
 30
0.0
 11
-69068.34405335628
 21
-529426.3576871272
 31
0.0
  0
LINE
  5
2F8
330
1CC
100
AcDbEntity
  8
Furniture(家具)
100
AcDbLine
 10
-68991.90681064079
 20
-529538.1307282863
 30
0.0
 11
-69080.10351493036
 21
-529561.6618846094
 31
0.0
  0
LINE
  5
2F9
330
1CC
100
AcDbEntity
  8
Furniture(家具)
100
AcDbLine
 10
-68997.78664749698
 20
-529655.7866071491
 30
0.0
 11
-69074.22389021246
 21
-529632.2553535792
 31
0.0
  0
LINE
  5
2FA
330
1CC
100
AcDbEntity
  8
Furniture(家具)
100
AcDbLine
 10
-68997.78664749698
 20
-529691.083341634
 30
0.0
 11
-69074.22389021246
 21
-529667.5520880643
 31
0.0
  0
CIRCLE
  5
2FB
330
1CC
100
AcDbEntity
  8
Furniture(家具)
100
AcDbCircle
 10
-69192.38865632823
 20
-529689.5046962522
 30
0.0
 40
25.98052468568212
  0
LINE
  5
2FC
330
1CC
100
AcDbEntity
  8
Furniture(家具)
100
AcDbLine
 10
-68991.90673992803
 20
-530061.6990051023
 30
0.0
 11
-69080.10344421759
 21
-530085.2301614257
 31
0.0
  0
LINE
  5
2FD
330
1CC
100
AcDbEntity
  8
Furniture(家具)
100
AcDbLine
 10
-68991.90673992803
 20
-529973.4572175132
 30
0.0
 11
-69068.34398264352
 21
-529949.9259639435
 31
0.0
  0
LINE
  5
2FE
330
1CC
100
AcDbEntity
  8
Furniture(家具)
100
AcDbLine
 10
-68991.90673992803
 20
-530008.7539519982
 30
0.0
 11
-69068.34398264352
 21
-529985.2226984286
 31
0.0
  0
LINE
  5
2FF
330
1CC
100
AcDbEntity
  8
Furniture(家具)
100
AcDbLine
 10
-68991.90673992803
 20
-530038.1678487791
 30
0.0
 11
-69068.34398264352
 21
-530014.636595209
 31
0.0
  0
ARC
  5
300
330
1CC
100
AcDbEntity
  8
Furniture(家具)
100
AcDbCircle
 10
-70434.27457688554
 20
-530582.2804801892
 30
0.0
 40
837.411843543995
100
AcDbArc
 50
0.0
 51
13.54375817974333
  0
ARC
  5
301
330
1CC
100
AcDbEntity
  8
Furniture(家具)
100
AcDbCircle
 10
-70434.27457688554
 20
-530582.2804801892
 30
0.0
 40
853.0043435439987
100
AcDbArc
 50
0.0
 51
13.54375817974333
  0
ARC
  5
302
330
1CC
100
AcDbEntity
  8
Furniture(家具)
100
AcDbCircle
 10
-70434.27457688554
 20
-530582.2804801892
 30
0.0
 40
837.4118435439987
100
AcDbArc
 50
346.4562418202567
 51
0.0
  0
ARC
  5
303
330
1CC
100
AcDbEntity
  8
Furniture(家具)
100
AcDbCircle
 10
-70434.27457688554
 20
-530582.2804801892
 30
0.0
 40
853.0043435439967
100
AcDbArc
 50
346.4562418202567
 51
0.0
  0
LINE
  5
304
330
1CC
100
AcDbEntity
  8
Furniture(家具)
100
AcDbLine
 10
-69535.10030975839
 20
-528988.3117538318
 30
0.0
 11
-69535.36044343771
 21
-529641.3969543611
 31
0.0
  0
ARC
  5
305
330
1CC
100
AcDbEntity
  8
Furniture(家具)
100
AcDbCircle
 10
-69577.62530638499
 20
-528988.2948154847
 30
0.0
 40
42.525
100
AcDbArc
 50
359.977178229626
 51
89.97717822879318
  0
LINE
  5
306
330
1CC
100
AcDbEntity
  8
Furniture(家具)
100
AcDbLine
 10
-69307.95269841647
 20
-529373.2875222147
 30
0.0
 11
-69284.42144484661
 21
-529296.8502794992
 31
0.0
  0
ARC
  5
307
330
1CC
100
AcDbEntity
  8
Furniture(家具)
100
AcDbCircle
 10
-69577.88544006436
 20
-529641.380016014
 30
0.0
 40
42.525
100
AcDbArc
 50
269.9771782287932
 51
359.977178229626
  0
LINE
  5
308
330
1CC
100
AcDbEntity
  8
Furniture(家具)
100
AcDbLine
 10
-69533.57647988025
 20
-529300.394731684
 30
0.0
 11
-69510.04532355699
 21
-529388.5914359735
 31
0.0
  0
LINE
  5
309
330
1CC
100
AcDbEntity
  8
Furniture(家具)
100
AcDbLine
 10
-69506.16232284438
 20
-529325.7175106256
 30
0.0
 11
-69479.66973667539
 21
-529306.3051211317
 31
0.0
  0
LINE
  5
30A
330
1CC
100
AcDbEntity
  8
Furniture(家具)
100
AcDbLine
 10
-69430.17181748664
 20
-529367.4076853585
 30
0.0
 11
-69406.6405639167
 21
-529290.9704426429
 31
0.0
  0
LINE
  5
30B
330
1CC
100
AcDbEntity
  8
Furniture(家具)
100
AcDbLine
 10
-69459.58571426738
 20
-529367.4076853585
 30
0.0
 11
-69436.05446069751
 21
-529290.9704426429
 31
0.0
  0
LINE
  5
30C
330
1CC
100
AcDbEntity
  8
Furniture(家具)
100
AcDbLine
 10
-69394.87508300174
 20
-529367.4076853585
 30
0.0
 11
-69371.3438294318
 21
-529290.9704426429
 31
0.0
  0
LINE
  5
30D
330
1CC
100
AcDbEntity
  8
Furniture(家具)
100
AcDbLine
 10
-69360.89775152056
 20
-529373.2875222147
 30
0.0
 11
-69384.42890784383
 21
-529285.090817925
 31
0.0
  0
LINE
  5
30E
330
1CC
100
AcDbEntity
  8
Furniture(家具)
100
AcDbLine
 10
-69337.3665951973
 20
-529373.2875222147
 30
0.0
 11
-69313.83534162736
 21
-529296.8502794992
 31
0.0
  0
LINE
  5
30F
330
1CC
100
AcDbEntity
  8
Furniture(家具)
100
AcDbLine
 10
-69272.65596393157
 20
-529373.2875222147
 30
0.0
 11
-69249.1247103617
 21
-529296.8502794992
 31
0.0
  0
CIRCLE
  5
310
330
1CC
100
AcDbEntity
  8
Furniture(家具)
100
AcDbCircle
 10
-69322.29111632422
 20
-530443.3242751354
 30
0.0
 40
104.6856060302149
  0
ARC
  5
311
330
1CC
100
AcDbEntity
  8
Furniture(家具)
100
AcDbCircle
 10
-69935.07150977454
 20
-532170.2690907883
 30
0.0
 40
151.0644622664363
100
AcDbArc
 50
72.50782543575906
 51
107.7098312357056
  0
ARC
  5
312
330
1CC
100
AcDbEntity
  8
Furniture(家具)
100
AcDbCircle
 10
-69936.26393740612
 20
-531657.2564614951
 30
0.0
 40
434.0999600101671
100
AcDbArc
 50
238.329660828118
 51
301.8879958440172
  0
ARC
  5
313
330
1CC
100
AcDbEntity
  8
Furniture(家具)
100
AcDbCircle
 10
-69934.86208982289
 20
-532395.2981955025
 30
0.0
 40
434.0999600101671
100
AcDbArc
 50
58.32966082811796
 51
121.8879958440171
  0
LINE
  5
314
330
1CC
100
AcDbEntity
  8
Furniture(家具)
100
AcDbLine
 10
-70173.76991029439
 20
-532288.5158761526
 30
0.0
 11
-69691.43958493788
 21
-532288.3237567136
 31
0.0
  0
LINE
  5
315
330
1CC
100
AcDbEntity
  8
Furniture(家具)
100
AcDbLine
 10
-70292.78521113987
 20
-532331.0882851142
 30
0.0
 11
-69577.60836803785
 21
-532330.8034193977
 31
0.0
  0
ARC
  5
316
330
1CC
100
AcDbEntity
  8
Furniture(家具)
100
AcDbCircle
 10
-69934.83439290494
 20
-533610.2787943476
 30
0.0
 40
1518.923276400343
100
AcDbArc
 50
90.02282177120681
 51
94.41901112010722
  0
CIRCLE
  5
317
330
1CC
100
AcDbEntity
  8
Furniture(家具)
100
AcDbCircle
 10
-70771.87832118927
 20
-531845.3506716861
 30
0.0
 40
67.22399506378632
  0
CIRCLE
  5
318
330
1CC
100
AcDbEntity
  8
Furniture(家具)
100
AcDbCircle
 10
-70771.87832118927
 20
-531845.3506716861
 30
0.0
 40
72.77600623747364
  0
LINE
  5
319
330
1CC
100
AcDbEntity
  8
Furniture(家具)
100
AcDbLine
 10
-70700.69264529709
 20
-531860.4816541938
 30
0.0
 11
-70610.77387543308
 21
-531879.5944787458
 31
0.0
  0
LINE
  5
31A
330
1CC
100
AcDbEntity
  8
Furniture(家具)
100
AcDbLine
 10
-70771.87832118927
 20
-531845.3506716861
 30
0.0
 11
-70590.15272074079
 21
-531845.3506716861
 31
0.0
  0
LINE
  5
31B
330
1CC
100
AcDbEntity
  8
Furniture(家具)
100
AcDbLine
 10
-70668.15526202635
 20
-532003.9974654444
 30
0.0
 11
-70644.62410570309
 21
-532092.1941697339
 31
0.0
  0
LINE
  5
31C
330
1CC
100
AcDbEntity
  8
Furniture(家具)
100
AcDbLine
 10
-70630.54213931857
 20
-532003.9884187217
 30
0.0
 11
-70654.07339288853
 21
-532080.4256614371
 31
0.0
  0
LINE
  5
31D
330
1CC
100
AcDbEntity
  8
Furniture(家具)
100
AcDbLine
 10
-70604.85880439157
 20
-532009.3083694014
 30
0.0
 11
-70581.32764806831
 21
-532097.5050736909
 31
0.0
  0
LINE
  5
31E
330
1CC
100
AcDbEntity
  8
Furniture(家具)
100
AcDbLine
 10
-70642.94130918104
 20
-532042.9640618321
 30
0.0
 11
-70633.09583558509
 21
-532079.8657045479
 31
0.0
  0
LWPOLYLINE
  5
31F
330
1CC
100
AcDbEntity
  8
Furniture(家具)
100
AcDbPolyline
 90
        2
 70
     0
 43
0.0
 10
-70580.05964097869
 20
-532025.23383871
 10
-70598.62894345936
 20
-532025.23383871
  0
LINE
  5
320
330
1CC
100
AcDbEntity
  8
Furniture(家具)
100
AcDbLine
 10
-70580.02923355263
 20
-532101.5739727092
 30
0.0
 11
-70641.90016749856
 21
-532039.7030387635
 31
0.0
  0
LINE
  5
321
330
1CC
100
AcDbEntity
  8
Furniture(家具)
100
AcDbLine
 10
-70591.91616614943
 20
-532003.4285325452
 30
0.0
 11
-70615.44741971934
 21
-532079.8657752606
 31
0.0
  0
LINE
  5
322
330
1CC
100
AcDbEntity
  8
Furniture(家具)
100
AcDbLine
 10
-70820.57497437135
 20
-531899.4337841404
 30
0.0
 11
-70882.08655090339
 21
-531967.7493108439
 31
0.0
  0
LINE
  5
323
330
1CC
100
AcDbEntity
  8
Furniture(家具)
100
AcDbLine
 10
-70808.266324308
 20
-531908.3765418737
 30
0.0
 11
-70854.23012864421
 21
-531987.9881862932
 31
0.0
  0
LINE
  5
324
330
1CC
100
AcDbEntity
  8
Furniture(家具)
100
AcDbLine
 10
-70830.75534701813
 20
-531888.1273348733
 30
0.0
 11
-70905.12634468631
 21
-531942.1610275293
 31
0.0
  0
LINE
  5
325
330
1CC
100
AcDbEntity
  8
Furniture(家具)
100
AcDbLine
 10
-70749.38929847919
 20
-531914.5647666481
 30
0.0
 11
-70720.98210514715
 21
-532001.9931179035
 31
0.0
  0
LINE
  5
326
330
1CC
100
AcDbEntity
  8
Furniture(家具)
100
AcDbLine
 10
-70735.49031807054
 20
-531908.3765418737
 30
0.0
 11
-70689.52651373438
 21
-531987.9881862932
 31
0.0
  0
LINE
  5
327
330
1CC
100
AcDbEntity
  8
Furniture(家具)
100
AcDbLine
 10
-70884.72282626916
 20
-531998.1085818654
 30
0.0
 11
-70908.25407983906
 21
-532074.5458245809
 31
0.0
  0
LWPOLYLINE
  5
328
330
1CC
100
AcDbEntity
  8
Furniture(家具)
100
AcDbPolyline
 90
        2
 70
     0
 43
0.0
 10
-70872.86630109843
 20
-532019.9138880302
 10
-70891.4356035791
 20
-532019.9138880302
  0
LINE
  5
329
330
1CC
100
AcDbEntity
  8
Furniture(家具)
100
AcDbLine
 10
-70897.66546451133
 20
-532003.9884187217
 30
0.0
 11
-70874.13430818805
 21
-532092.1851230111
 31
0.0
  0
LINE
  5
32A
330
1CC
100
AcDbEntity
  8
Furniture(家具)
100
AcDbLine
 10
-70821.08462141673
 20
-532021.6367638746
 30
0.0
 11
-70797.55346509347
 21
-532109.8334681642
 31
0.0
  0
LWPOLYLINE
  5
32B
330
1CC
100
AcDbEntity
  8
Furniture(家具)
100
AcDbPolyline
 90
        2
 70
     0
 43
0.0
 10
-70805.88601952966
 20
-532019.9138880302
 10
-70838.43741514004
 20
-532019.9138880302
  0
LINE
  5
32C
330
1CC
100
AcDbEntity
  8
Furniture(家具)
100
AcDbLine
 10
-70844.25512010104
 20
-531998.1086525782
 30
0.0
 11
-70820.72396377776
 21
-532086.3053568677
 31
0.0
  0
LWPOLYLINE
  5
32D
330
1CC
100
AcDbEntity
  8
Furniture(家具)
100
AcDbPolyline
 90
        2
 70
     0
 43
0.0
 10
-70899.48514222214
 20
-532025.23383871
 10
-70918.0544447028
 20
-532025.23383871
  0
LINE
  5
32E
330
1CC
100
AcDbEntity
  8
Furniture(家具)
100
AcDbLine
 10
-70706.90735086595
 20
-532015.7569977311
 30
0.0
 11
-70730.43860443583
 21
-532092.1942404467
 31
0.0
  0
LWPOLYLINE
  5
32F
330
1CC
100
AcDbEntity
  8
Furniture(家具)
100
AcDbPolyline
 90
        2
 70
     0
 43
0.0
 10
-70708.18705217662
 20
-532019.9138880302
 10
-70737.60094895741
 20
-532019.9138880302
  0
LINE
  5
330
330
1CC
100
AcDbEntity
  8
Furniture(家具)
100
AcDbLine
 10
-70736.3212476467
 20
-532015.7569977311
 30
0.0
 11
-70759.85250121664
 21
-532092.1942404467
 31
0.0
  0
LINE
  5
331
330
1CC
100
AcDbEntity
  8
Furniture(家具)
100
AcDbLine
 10
-70750.1303975613
 20
-531998.1085818654
 30
0.0
 11
-70773.66165113121
 21
-532074.5458245809
 31
0.0
  0
LINE
  5
332
330
1CC
100
AcDbEntity
  8
Furniture(家具)
100
AcDbLine
 10
-70723.18166800722
 20
-531899.4337841404
 30
0.0
 11
-70661.67009147519
 21
-531967.7493108439
 31
0.0
  0
LINE
  5
333
330
1CC
100
AcDbEntity
  8
Furniture(家具)
100
AcDbLine
 10
-70713.00129536044
 20
-531888.1273348733
 30
0.0
 11
-70638.63029769226
 21
-531942.1610275293
 31
0.0
  0
LINE
  5
334
330
1CC
100
AcDbEntity
  8
Furniture(家具)
100
AcDbLine
 10
-70705.39413126566
 20
-531874.9513401595
 30
0.0
 11
-70621.41408193111
 21
-531912.3416671171
 31
0.0
  0
LINE
  5
335
330
1CC
100
AcDbEntity
  8
Furniture(家具)
100
AcDbLine
 10
-70697.56915880713
 20
-532015.757068444
 30
0.0
 11
-70674.03800248388
 21
-532103.9537727336
 31
0.0
  0
LWPOLYLINE
  5
336
330
1CC
100
AcDbEntity
  8
Furniture(家具)
100
AcDbPolyline
 90
        2
 70
     0
 43
0.0
 10
-70663.90871074085
 20
-532019.9138880302
 10
-70696.46010635124
 20
-532019.9138880302
  0
LWPOLYLINE
  5
337
330
1CC
100
AcDbEntity
  8
Furniture(家具)
100
AcDbPolyline
 90
        2
 70
     0
 43
0.0
 10
-70664.85870191008
 20
-532019.9138880302
 10
-70694.99436974461
 20
-532019.9138880302
  0
LINE
  5
338
330
1CC
100
AcDbEntity
  8
Furniture(家具)
100
AcDbLine
 10
-70659.9560360994
 20
-532003.9884187217
 30
0.0
 11
-70683.48728966928
 21
-532080.4256614371
 31
0.0
  0
ARC
  5
339
330
1CC
100
AcDbEntity
  8
Furniture(家具)
100
AcDbCircle
 10
-70117.79064173059
 20
-532170.6161502588
 30
0.0
 40
151.0644622664363
100
AcDbArc
 50
72.50782543575906
 51
107.7098312357056
  0
ARC
  5
33A
330
1CC
100
AcDbEntity
  8
Furniture(家具)
100
AcDbCircle
 10
-70292.80214948702
 20
-532288.5632884875
 30
0.0
 40
42.525
100
AcDbArc
 50
180.022821770374
 51
270.0228217712068
  0
ARC
  5
33B
330
1CC
100
AcDbEntity
  8
Furniture(家具)
100
AcDbCircle
 10
-70075.53735741595
 20
-532425.8614078576
 30
0.0
 40
324.5656277371717
100
AcDbArc
 50
100.5373921750082
 51
113.7373770882478
  0
ARC
  5
33C
330
1CC
100
AcDbEntity
  8
Furniture(家具)
100
AcDbCircle
 10
-69991.41849610144
 20
-532878.0789211212
 30
0.0
 40
784.5402597889384
100
AcDbArc
 50
94.41901112010722
 51
100.5373921750082
  0
ARC
  5
33D
330
1CC
100
AcDbEntity
  8
Furniture(家具)
100
AcDbCircle
 10
-70199.34234574612
 20
-532144.3249288405
 30
0.0
 40
17.01
100
AcDbArc
 50
113.7373770882478
 51
180.022821770374
  0
LINE
  5
33E
330
1CC
100
AcDbEntity
  8
Furniture(家具)
100
AcDbLine
 10
-70216.31184526812
 20
-532246.0078178732
 30
0.0
 11
-70216.35234439676
 21
-532144.3317041794
 31
0.0
  0
LINE
  5
33F
330
1CC
100
AcDbEntity
  8
Furniture(家具)
100
AcDbLine
 10
-70337.73547919886
 20
-532009.3083694014
 30
0.0
 11
-70361.26673276879
 21
-532085.7456121169
 31
0.0
  0
LINE
  5
340
330
1CC
100
AcDbEntity
  8
Furniture(家具)
100
AcDbLine
 10
-70375.34860190661
 20
-532009.317416124
 30
0.0
 11
-70351.81744558335
 21
-532097.5141204137
 31
0.0
  0
LINE
  5
341
330
1CC
100
AcDbEntity
  8
Furniture(家具)
100
AcDbLine
 10
-70457.32373744156
 20
-532003.4285325452
 30
0.0
 11
-70480.85499101151
 21
-532079.8657752606
 31
0.0
  0
LINE
  5
342
330
1CC
100
AcDbEntity
  8
Furniture(家具)
100
AcDbLine
 10
-70367.14937597967
 20
-532009.3083694014
 30
0.0
 11
-70390.68062954955
 21
-532085.7456121169
 31
0.0
  0
LWPOLYLINE
  5
343
330
1CC
100
AcDbEntity
  8
Furniture(家具)
100
AcDbPolyline
 90
        2
 70
     0
 43
0.0
 10
-70372.05204179032
 20
-532025.23383871
 10
-70402.18770962487
 20
-532025.23383871
  0
LWPOLYLINE
  5
344
330
1CC
100
AcDbEntity
  8
Furniture(家具)
100
AcDbPolyline
 90
        2
 70
     0
 43
0.0
 10
-70371.10205062112
 20
-532025.23383871
 10
-70403.6534462315
 20
-532025.23383871
  0
LINE
  5
345
330
1CC
100
AcDbEntity
  8
Furniture(家具)
100
AcDbLine
 10
-70404.76249868737
 20
-532021.0770191238
 30
0.0
 11
-70381.23134236411
 21
-532109.2737234132
 31
0.0
  0
LINE
  5
346
330
1CC
100
AcDbEntity
  8
Furniture(家具)
100
AcDbLine
 10
-70443.51458752696
 20
-532021.0769484109
 30
0.0
 11
-70467.0458410969
 21
-532097.5141911265
 31
0.0
  0
LWPOLYLINE
  5
347
330
1CC
100
AcDbEntity
  8
Furniture(家具)
100
AcDbPolyline
 90
        2
 70
     0
 43
0.0
 10
-70415.38039205689
 20
-532025.23383871
 10
-70444.79428883767
 20
-532025.23383871
  0
LINE
  5
348
330
1CC
100
AcDbEntity
  8
Furniture(家具)
100
AcDbLine
 10
-70414.10069074621
 20
-532021.0769484109
 30
0.0
 11
-70437.63194431609
 21
-532097.5141911265
 31
0.0
  0
LINE
  5
349
330
1CC
100
AcDbEntity
  8
Furniture(家具)
100
AcDbLine
 10
-70522.03456320053
 20
-531991.6690002584
 30
0.0
 11
-70498.50340687725
 21
-532079.8657045479
 31
0.0
  0
LWPOLYLINE
  5
34A
330
1CC
100
AcDbEntity
  8
Furniture(家具)
100
AcDbPolyline
 90
        2
 70
     0
 43
0.0
 10
-70513.07935940992
 20
-532025.23383871
 10
-70545.63075502031
 20
-532025.23383871
  0
LINE
  5
34B
330
1CC
100
AcDbEntity
  8
Furniture(家具)
100
AcDbLine
 10
-70528.27796129699
 20
-532026.9567145544
 30
0.0
 11
-70504.74680497372
 21
-532115.153418844
 31
0.0
  0
LINE
  5
34C
330
1CC
100
AcDbEntity
  8
Furniture(家具)
100
AcDbLine
 10
-70551.4484599813
 20
-532003.428603258
 30
0.0
 11
-70527.91730365803
 21
-532091.6253075475
 31
0.0
  0
ARC
  5
34D
330
1CC
100
AcDbEntity
  8
Furniture(家具)
100
AcDbCircle
 10
-70173.78684864152
 20
-532245.9908795259
 30
0.0
 40
42.525
100
AcDbArc
 50
180.022821770374
 51
270.0228217712068
  0
ARC
  5
34E
330
1CC
100
AcDbEntity
  8
Furniture(家具)
100
AcDbCircle
 10
-70026.97807756872
 20
-531882.4582677885
 30
0.0
 40
151.0644622664363
100
AcDbArc
 50
252.5078254357591
 51
287.7098312357057
  0
LINE
  5
34F
330
1CC
100
AcDbEntity
  8
Furniture(家具)
100
AcDbLine
 10
-68991.90673992803
 20
-531173.5463844935
 30
0.0
 11
-69080.10344421759
 21
-531197.0775408167
 31
0.0
  0
LINE
  5
350
330
1CC
100
AcDbEntity
  8
Furniture(家具)
100
AcDbLine
 10
-68991.90673992803
 20
-531085.3045969047
 30
0.0
 11
-69068.34398264352
 21
-531061.7733433346
 31
0.0
  0
LINE
  5
351
330
1CC
100
AcDbEntity
  8
Furniture(家具)
100
AcDbLine
 10
-68991.90673992803
 20
-531150.0152281702
 30
0.0
 11
-69068.34398264352
 21
-531126.4839746003
 31
0.0
  0
LINE
  5
352
330
1CC
100
AcDbEntity
  8
Furniture(家具)
100
AcDbLine
 10
-68991.90673992803
 20
-531120.6013313896
 30
0.0
 11
-69068.34398264352
 21
-531097.0700778195
 31
0.0
  0
LINE
  5
353
330
1CC
100
AcDbEntity
  8
Furniture(家具)
100
AcDbLine
 10
-68991.90673992803
 20
-531760.8494414386
 30
0.0
 11
-69080.10344421759
 21
-531784.3805977618
 31
0.0
  0
LINE
  5
354
330
1CC
100
AcDbEntity
  8
Furniture(家具)
100
AcDbLine
 10
-68991.90673992803
 20
-531737.3182851153
 30
0.0
 11
-69068.34398264352
 21
-531713.7870315453
 31
0.0
  0
LINE
  5
355
330
1CC
100
AcDbEntity
  8
Furniture(家具)
100
AcDbLine
 10
-68986.02697378461
 20
-531532.3965670468
 30
0.0
 11
-69074.22367807419
 21
-531555.92772337
 31
0.0
  0
LINE
  5
356
330
1CC
100
AcDbEntity
  8
Furniture(家具)
100
AcDbLine
 10
-68986.02697378461
 20
-531444.1547794579
 30
0.0
 11
-69062.46421650011
 21
-531420.6235258879
 31
0.0
  0
LINE
  5
357
330
1CC
100
AcDbEntity
  8
Furniture(家具)
100
AcDbLine
 10
-68986.02697378461
 20
-531479.4515139427
 30
0.0
 11
-69062.46421650011
 21
-531455.9202603728
 31
0.0
  0
LINE
  5
358
330
1CC
100
AcDbEntity
  8
Furniture(家具)
100
AcDbLine
 10
-68986.02697378461
 20
-531508.8654107235
 30
0.0
 11
-69062.46421650011
 21
-531485.3341571536
 31
0.0
  0
CIRCLE
  5
359
330
1CC
100
AcDbEntity
  8
Furniture(家具)
100
AcDbCircle
 10
-69235.68950356559
 20
-531448.4170095203
 30
0.0
 40
25.9938134584094
  0
LINE
  5
35A
330
1CC
100
AcDbEntity
  8
Furniture(家具)
100
AcDbLine
 10
-68991.90673992803
 20
-531672.6076538495
 30
0.0
 11
-69068.34398264352
 21
-531649.0764002796
 31
0.0
  0
LINE
  5
35B
330
1CC
100
AcDbEntity
  8
Furniture(家具)
100
AcDbLine
 10
-68991.90673992803
 20
-531707.9043883345
 30
0.0
 11
-69068.34398264352
 21
-531684.3731347646
 31
0.0
  0
LINE
  5
35C
330
1CC
100
AcDbEntity
  8
Furniture(家具)
100
AcDbLine
 10
-68986.02697378461
 20
-532066.7545708878
 30
0.0
 11
-69062.46421650011
 21
-532043.2233173178
 31
0.0
  0
LINE
  5
35D
330
1CC
100
AcDbEntity
  8
Furniture(家具)
100
AcDbLine
 10
-68986.02697378461
 20
-532031.4578364028
 30
0.0
 11
-69062.46421650011
 21
-532007.9265828329
 31
0.0
  0
LWPOLYLINE
  5
35E
330
1CC
100
AcDbEntity
  8
Furniture(家具)
100
AcDbPolyline
 90
        2
 70
     0
 43
0.0
 10
-69005.47786986918
 20
-532025.23383871
 10
-69024.04717234984
 20
-532025.23383871
  0
LINE
  5
35F
330
1CC
100
AcDbEntity
  8
Furniture(家具)
100
AcDbLine
 10
-69068.35953807153
 20
-532042.9640618321
 30
0.0
 11
-69058.51406447557
 21
-532079.8657045479
 31
0.0
  0
LINE
  5
360
330
1CC
100
AcDbEntity
  8
Furniture(家具)
100
AcDbLine
 10
-69093.57349091684
 20
-532003.9974654444
 30
0.0
 11
-69070.04233459357
 21
-532092.1941697339
 31
0.0
  0
LINE
  5
361
330
1CC
100
AcDbEntity
  8
Furniture(家具)
100
AcDbLine
 10
-69175.54862645178
 20
-531998.1085818654
 30
0.0
 11
-69199.07988002171
 21
-532074.5458245809
 31
0.0
  0
LINE
  5
362
330
1CC
100
AcDbEntity
  8
Furniture(家具)
100
AcDbLine
 10
-69161.73947653717
 20
-532015.7569977311
 30
0.0
 11
-69185.27073010714
 21
-532092.1942404467
 31
0.0
  0
LWPOLYLINE
  5
363
330
1CC
100
AcDbEntity
  8
Furniture(家具)
100
AcDbPolyline
 90
        2
 70
     0
 43
0.0
 10
-69133.60528106711
 20
-532019.9138880302
 10
-69163.01917784789
 20
-532019.9138880302
  0
LINE
  5
364
330
1CC
100
AcDbEntity
  8
Furniture(家具)
100
AcDbLine
 10
-69132.32557975644
 20
-532015.7569977311
 30
0.0
 11
-69155.85683332631
 21
-532092.1942404467
 31
0.0
  0
LWPOLYLINE
  5
365
330
1CC
100
AcDbEntity
  8
Furniture(家具)
100
AcDbPolyline
 90
        2
 70
     0
 43
0.0
 10
-69231.30424842014
 20
-532019.9138880302
 10
-69263.85564403052
 20
-532019.9138880302
  0
LINE
  5
366
330
1CC
100
AcDbEntity
  8
Furniture(家具)
100
AcDbLine
 10
-69246.50285030721
 20
-532021.6367638746
 30
0.0
 11
-69222.97169398394
 21
-532109.8334681642
 31
0.0
  0
LINE
  5
367
330
1CC
100
AcDbEntity
  8
Furniture(家具)
100
AcDbLine
 10
-69085.37426498988
 20
-532003.9884187217
 30
0.0
 11
-69108.90551855978
 21
-532080.4256614371
 31
0.0
  0
LWPOLYLINE
  5
368
330
1CC
100
AcDbEntity
  8
Furniture(家具)
100
AcDbPolyline
 90
        2
 70
     0
 43
0.0
 10
-69090.27693080055
 20
-532019.9138880302
 10
-69120.4125986351
 20
-532019.9138880302
  0
LWPOLYLINE
  5
369
330
1CC
100
AcDbEntity
  8
Furniture(家具)
100
AcDbPolyline
 90
        2
 70
     0
 43
0.0
 10
-69089.32693963134
 20
-532019.9138880302
 10
-69121.87833524172
 20
-532019.9138880302
  0
LINE
  5
36A
330
1CC
100
AcDbEntity
  8
Furniture(家具)
100
AcDbLine
 10
-69122.98738769762
 20
-532015.757068444
 30
0.0
 11
-69099.45623137435
 21
-532103.9537727336
 31
0.0
  0
LINE
  5
36B
330
1CC
100
AcDbEntity
  8
Furniture(家具)
100
AcDbLine
 10
-69535.10030975839
 20
-532288.2614844239
 30
0.0
 11
-69535.36044343771
 21
-531635.1762838945
 31
0.0
  0
ARC
  5
36C
330
1CC
100
AcDbEntity
  8
Furniture(家具)
100
AcDbCircle
 10
-69577.88544006436
 20
-531635.1932222417
 30
0.0
 40
42.525
100
AcDbArc
 50
0.0228217703740532
 51
90.02282177120681
  0
ARC
  5
36D
330
1CC
100
AcDbEntity
  8
Furniture(家具)
100
AcDbCircle
 10
-69934.83439290494
 20
-533610.2787943467
 30
0.0
 40
1518.923276399459
100
AcDbArc
 50
85.62663242279851
 51
90.02282177120681
  0
LINE
  5
36E
330
1CC
100
AcDbEntity
  8
Furniture(家具)
100
AcDbLine
 10
-69387.78503931497
 20
-532042.9640618321
 30
0.0
 11
-69377.93956571901
 21
-532079.8657045479
 31
0.0
  0
LINE
  5
36F
330
1CC
100
AcDbEntity
  8
Furniture(家具)
100
AcDbLine
 10
-69412.99899216026
 20
-532003.9974654444
 30
0.0
 11
-69389.46783583701
 21
-532092.1941697339
 31
0.0
  0
LWPOLYLINE
  5
370
330
1CC
100
AcDbEntity
  8
Furniture(家具)
100
AcDbPolyline
 90
        2
 70
     0
 43
0.0
 10
-69324.90337111262
 20
-532025.23383871
 10
-69343.4726735933
 20
-532025.23383871
  0
LINE
  5
371
330
1CC
100
AcDbEntity
  8
Furniture(家具)
100
AcDbLine
 10
-69349.70253452551
 20
-532009.3083694014
 30
0.0
 11
-69326.17137820224
 21
-532097.5050736909
 31
0.0
  0
LINE
  5
372
330
1CC
100
AcDbEntity
  8
Furniture(家具)
100
AcDbLine
 10
-69336.75989628334
 20
-532003.4285325452
 30
0.0
 11
-69360.29114985326
 21
-532079.8657752606
 31
0.0
  0
LINE
  5
373
330
1CC
100
AcDbEntity
  8
Furniture(家具)
100
AcDbLine
 10
-69442.41288894106
 20
-532015.757068444
 30
0.0
 11
-69418.88173261776
 21
-532103.9537727336
 31
0.0
  0
LINE
  5
374
330
1CC
100
AcDbEntity
  8
Furniture(家具)
100
AcDbLine
 10
-69451.75108099988
 20
-532015.7569977311
 30
0.0
 11
-69475.28233456973
 21
-532092.1942404467
 31
0.0
  0
LWPOLYLINE
  5
375
330
1CC
100
AcDbEntity
  8
Furniture(家具)
100
AcDbPolyline
 90
        2
 70
     0
 43
0.0
 10
-69408.75244087479
 20
-532019.9138880302
 10
-69441.30383648516
 20
-532019.9138880302
  0
LWPOLYLINE
  5
376
330
1CC
100
AcDbEntity
  8
Furniture(家具)
100
AcDbPolyline
 90
        2
 70
     0
 43
0.0
 10
-69409.70243204398
 20
-532019.9138880302
 10
-69439.83809987853
 20
-532019.9138880302
  0
LINE
  5
377
330
1CC
100
AcDbEntity
  8
Furniture(家具)
100
AcDbLine
 10
-69404.79976623334
 20
-532003.9884187217
 30
0.0
 11
-69428.33101980321
 21
-532080.4256614371
 31
0.0
  0
LINE
  5
378
330
1CC
100
AcDbEntity
  8
Furniture(家具)
100
AcDbLine
 10
-69481.16497778062
 20
-532015.7569977311
 30
0.0
 11
-69504.69623135056
 21
-532092.1942404467
 31
0.0
  0
LINE
  5
379
330
1CC
100
AcDbEntity
  8
Furniture(家具)
100
AcDbLine
 10
-69494.97412769522
 20
-531998.1085818654
 30
0.0
 11
-69518.50538126516
 21
-532074.5458245809
 31
0.0
  0
LWPOLYLINE
  5
37A
330
1CC
100
AcDbEntity
  8
Furniture(家具)
100
AcDbPolyline
 90
        2
 70
     0
 43
0.0
 10
-69453.03078231055
 20
-532019.9138880302
 10
-69482.44467909133
 20
-532019.9138880302
  0
ARC
  5
37B
330
1CC
100
AcDbEntity
  8
Furniture(家具)
100
AcDbCircle
 10
-69752.35237781855
 20
-532169.9220313176
 30
0.0
 40
151.0644622664363
100
AcDbArc
 50
72.50782543575906
 51
107.7098312357056
  0
ARC
  5
37C
330
1CC
100
AcDbEntity
  8
Furniture(家具)
100
AcDbCircle
 10
-69844.2589456127
 20
-531882.1112083179
 30
0.0
 40
151.0644622664363
100
AcDbArc
 50
252.5078254357591
 51
287.7098312357057
  0
ARC
  5
37D
330
1CC
100
AcDbEntity
  8
Furniture(家具)
100
AcDbCircle
 10
-69577.62530638499
 20
-532288.2784227711
 30
0.0
 40
42.525
100
AcDbArc
 50
270.0228217712068
 51
0.0228217703740532
  0
ARC
  5
37E
330
1CC
100
AcDbEntity
  8
Furniture(家具)
100
AcDbCircle
 10
-69665.9810340901
 20
-532146.5988256614
 30
0.0
 40
17.01
100
AcDbArc
 50
0.0228217703740532
 51
65.18170680677865
  0
LINE
  5
37F
330
1CC
100
AcDbEntity
  8
Furniture(家具)
100
AcDbLine
 10
-69648.9315266584
 20
-532245.78182174
 30
0.0
 11
-69648.97103543946
 21
-532146.5920503226
 31
0.0
  0
ARC
  5
380
330
1CC
100
AcDbEntity
  8
Furniture(家具)
100
AcDbCircle
 10
-69878.83360006247
 20
-532878.0340768596
 30
0.0
 40
784.5402597884822
100
AcDbArc
 50
79.50825136779565
 51
85.62663242279851
  0
ARC
  5
381
330
1CC
100
AcDbEntity
  8
Furniture(家具)
100
AcDbCircle
 10
-69795.07501548628
 20
-532425.7496954794
 30
0.0
 40
324.5656277371626
100
AcDbArc
 50
65.18170680677865
 51
79.50825136779565
  0
ARC
  5
382
330
1CC
100
AcDbEntity
  8
Furniture(家具)
100
AcDbCircle
 10
-69691.45652328501
 20
-532245.7987600871
 30
0.0
 40
42.525
100
AcDbArc
 50
270.0228217712068
 51
0.0228217703740532
  0
LINE
  5
383
330
1CC
100
AcDbEntity
  8
Furniture(家具)
100
AcDbLine
 10
-69323.0836934018
 20
-532003.9884187217
 30
0.0
 11
-69299.55253707853
 21
-532092.1851230111
 31
0.0
  0
LWPOLYLINE
  5
384
330
1CC
100
AcDbEntity
  8
Furniture(家具)
100
AcDbPolyline
 90
        2
 70
     0
 43
0.0
 10
-69298.28452998893
 20
-532019.9138880302
 10
-69316.85383246957
 20
-532019.9138880302
  0
LINE
  5
385
330
1CC
100
AcDbEntity
  8
Furniture(家具)
100
AcDbLine
 10
-69269.67334899152
 20
-531998.1086525782
 30
0.0
 11
-69246.14219266825
 21
-532086.3053568677
 31
0.0
  0
LINE
  5
386
330
1CC
100
AcDbEntity
  8
Furniture(家具)
100
AcDbLine
 10
-69177.13747268091
 20
-529353.6122838943
 30
685.7122522353741
 11
-69116.45355534692
 21
-529353.6122838943
 31
685.7122522353741
  0
LINE
  5
387
330
1CC
100
AcDbEntity
  8
Furniture(家具)
100
AcDbLine
 10
-69224.3361274421
 20
-529350.2435738389
 30
685.7122522353741
 11
-69163.65221010812
 21
-529350.2435738389
 31
685.7122522353741
  0
LINE
  5
388
330
1CC
100
AcDbEntity
  8
Furniture(家具)
100
AcDbLine
 10
-69440.10150738878
 20
-529353.6122838943
 30
685.7122522353741
 11
-69379.4175900548
 21
-529353.6122838943
 31
685.7122522353741
  0
LINE
  5
389
330
1CC
100
AcDbEntity
  8
Furniture(家具)
100
AcDbLine
 10
-69497.41410907957
 20
-529336.7690099101
 30
685.7122522353741
 11
-69436.73019174559
 21
-529336.7690099101
 31
685.7122522353741
  0
LINE
  5
38A
330
1CC
100
AcDbEntity
  8
Furniture(家具)
100
AcDbLine
 10
-69352.44682915282
 20
-529350.2435738389
 30
685.7122522353741
 11
-69291.76291181883
 21
-529350.2435738389
 31
685.7122522353741
  0
LINE
  5
38B
330
1CC
100
AcDbEntity
  8
Furniture(家具)
100
AcDbLine
 10
-69271.53478220327
 20
-529350.2435738389
 30
685.7122522353741
 11
-69210.85086486928
 21
-529350.2435738389
 31
685.7122522353741
  0
LINE
  5
38C
330
1CC
100
AcDbEntity
  8
Furniture(家具)
100
AcDbLine
 10
-69050.95906094197
 20
-531523.7797849948
 30
685.7122522353741
 11
-69050.95906094197
 21
-531431.2588575052
 31
685.7122522353741
  0
LINE
  5
38D
330
1CC
100
AcDbEntity
  8
Furniture(家具)
100
AcDbLine
 10
-69036.86412200337
 20
-531089.750829743
 30
1371.424504470748
 11
-69036.86412200337
 21
-530997.2299022533
 31
1371.424504470748
  0
LINE
  5
38E
330
1CC
100
AcDbEntity
  8
Furniture(家具)
100
AcDbLine
 10
-69046.2601908817
 20
-530545.6467557602
 30
1371.424504470748
 11
-69046.2601908817
 21
-530453.1258282706
 31
1371.424504470748
  0
LINE
  5
38F
330
1CC
100
AcDbEntity
  8
Furniture(家具)
100
AcDbLine
 10
-69046.26066239437
 20
-530988.3503776465
 30
1371.424504470748
 11
-69046.26066239437
 21
-530895.8294501569
 31
1371.424504470748
  0
LINE
  5
390
330
1CC
100
AcDbEntity
  8
Furniture(家具)
100
AcDbLine
 10
-69065.69806524998
 20
-530772.2408238484
 30
1371.424504470748
 11
-69065.69806524998
 21
-530679.7198963587
 31
1371.424504470748
  0
LINE
  5
391
330
1CC
100
AcDbEntity
  8
Furniture(家具)
100
AcDbLine
 10
-69108.7851294645
 20
-529431.5808397666
 30
1371.424504470748
 11
-69108.7851294645
 21
-529339.0599122766
 31
1371.424504470748
  0
LINE
  5
392
330
1CC
100
AcDbEntity
  8
Furniture(家具)
100
AcDbLine
 10
-69039.78089942559
 20
-529839.9681023596
 30
1371.424504470748
 11
-69039.78089942559
 21
-529747.4471748699
 31
1371.424504470748
  0
LINE
  5
393
330
1CC
100
AcDbEntity
  8
Furniture(家具)
100
AcDbLine
 10
-69058.76517859826
 20
-529668.9866919465
 30
1371.424504470748
 11
-69058.76517859826
 21
-529576.4657644569
 31
1371.424504470748
  0
LINE
  5
394
330
1CC
100
AcDbEntity
  8
Furniture(家具)
100
AcDbLine
 10
-69059.21877379388
 20
-530021.2433844595
 30
1371.424504470748
 11
-69059.21877379388
 21
-529928.7224569698
 31
1371.424504470748
  0
LINE
  5
395
330
1CC
100
AcDbEntity
  8
Furniture(家具)
100
AcDbLine
 10
-69052.73948233777
 20
-530267.2597893998
 30
1371.424504470748
 11
-69052.73948233777
 21
-530174.7388619101
 31
1371.424504470748
  0
LINE
  5
396
330
1CC
100
AcDbEntity
  8
Furniture(家具)
100
AcDbLine
 10
-69051.89830372136
 20
-531219.3183120079
 30
1371.424504470748
 11
-69051.89830372136
 21
-531126.7973845183
 31
1371.424504470748
  0
LINE
  5
397
330
1CC
100
AcDbEntity
  8
Furniture(家具)
100
AcDbLine
 10
-69051.89830372136
 20
-531806.621368953
 30
1371.424504470748
 11
-69051.89830372136
 21
-531714.1004414632
 31
1371.424504470748
  0
LINE
  5
398
330
1CC
100
AcDbEntity
  8
Furniture(家具)
100
AcDbLine
 10
-69036.86412200337
 20
-531677.053886688
 30
1371.424504470748
 11
-69036.86412200337
 21
-531584.5329591983
 31
1371.424504470748
  0
LINE
  5
399
330
1CC
100
AcDbEntity
  8
Furniture(家具)
100
AcDbLine
 10
-69036.86412200337
 20
-531373.2968888665
 30
1371.424504470748
 11
-69036.86412200337
 21
-531280.7759613768
 31
1371.424504470748
  0
LINE
  5
39A
330
1CC
100
AcDbEntity
  8
Furniture(家具)
100
AcDbLine
 10
-69036.86412200337
 20
-531960.5999458115
 30
1371.424504470748
 11
-69036.86412200337
 21
-531868.0790183218
 31
1371.424504470748
  0
LINE
  5
39B
330
1CC
100
AcDbEntity
  8
Furniture(家具)
100
AcDbLine
 10
-71140.15050132766
 20
-530339.6351670757
 30
0.0
 11
-70760.42688513777
 21
-530339.4839174358
 31
0.0
  0
LINE
  5
39C
330
1CC
100
AcDbEntity
  8
Furniture(家具)
100
AcDbLine
 10
-70576.77514064645
 20
-530288.4214303551
 30
0.0
 11
-70576.77514064645
 21
-529793.1377767572
 31
0.0
  0
ARC
  5
39D
330
1CC
100
AcDbEntity
  8
Furniture(家具)
100
AcDbCircle
 10
-70627.80513659839
 20
-530288.4011043385
 30
0.0
 40
51.03
100
AcDbArc
 50
269.9771782287932
 51
359.977178229626
  0
LINE
  5
39E
330
1CC
100
AcDbEntity
  8
Furniture(家具)
100
AcDbLine
 10
-70760.42688513777
 20
-530339.4839174358
 30
0.0
 11
-70627.82546261495
 21
-530339.4311002904
 31
0.0
  0
ARC
  5
39F
330
1CC
100
AcDbEntity
  8
Furniture(家具)
100
AcDbCircle
 10
-70627.69287764812
 20
-530390.6651183456
 30
0.0
 40
51.03
100
AcDbArc
 50
0.0228217703740532
 51
90.02282177120681
  0
ARC
  5
3A0
330
1CC
100
AcDbEntity
  8
Furniture(家具)
100
AcDbCircle
 10
-69873.79099913081
 20
-528398.4943171345
 30
0.0
 40
784.5402597889384
100
AcDbArc
 50
274.4190111201072
 51
280.5373921750081
  0
ARC
  5
3A1
330
1CC
100
AcDbEntity
  8
Furniture(家具)
100
AcDbCircle
 10
-69986.37589516978
 20
-528398.5391613961
 30
0.0
 40
784.5402597884822
100
AcDbArc
 50
259.5082513677957
 51
265.6266324227985
  0
CIRCLE
  5
3A2
330
1CC
100
AcDbEntity
  8
Furniture(家具)
100
AcDbCircle
 10
-70041.0338896396
 20
-531097.0906504663
 30
0.0
 40
43.31508044489607
  0
ENDBLK
  5
3A3
330
1CC
100
AcDbEntity
  8
0
100
AcDbBlockEnd
  0
BLOCK
  5
6D7
330
6D4
100
AcDbEntity
  8
0
100
AcDbBlockBegin
  2
空调室外机1
 70
     0
 10
0.0
 20
0.0
 30
0.0
  3
空调室外机1
  1

  0
TEXT
  5
6D8
330
6D4
100
AcDbEntity
  8
0
 48
0.5
100
AcDbText
 10
253.1345381838619
 20
-265.3639944649694
 30
0.0
 40
200.0
  1
2AC
 41
0.65
  7
_ZBHZ
100
AcDbText
  0
LWPOLYLINE
  5
6DA
330
6D4
100
AcDbEntity
  8
0
 48
0.5
100
AcDbPolyline
 90
        4
 70
     1
 43
0.0
 10
0.0
 20
-320.0
 10
850.0
 20
-320.0
 10
850.0
 20
0.0
 10
0.0
 20
0.0
1001
AcDbBlockRepETag
1070
     1
1071
        0
1005
6DA
  0
ENDBLK
  5
6DB
330
6D4
100
AcDbEntity
  8
0
100
AcDbBlockEnd
  0
BLOCK
  5
CB2
330
CB1
100
AcDbEntity
  8
0
100
AcDbBlockBegin
  2
$WINLIB2D$00000001
 70
     0
 10
0.0
 20
0.0
 30
0.0
  3
$WINLIB2D$00000001
  1

  0
LINE
  5
CB3
330
CB1
100
AcDbEntity
  8
0
100
AcDbLine
 10
-0.5
 20
0.5
 30
0.0
 11
0.5
 21
0.5
 31
0.0
  0
LINE
  5
CB4
330
CB1
100
AcDbEntity
  8
0
100
AcDbLine
 10
-0.5
 20
-0.5
 30
0.0
 11
0.5
 21
-0.5
 31
0.0
  0
LINE
  5
CB5
330
CB1
100
AcDbEntity
  8
0
100
AcDbLine
 10
0.5
 20
-0.1666666666666667
 30
0.0
 11
-0.5
 21
-0.1666666666666667
 31
0.0
  0
LINE
  5
CB6
330
CB1
100
AcDbEntity
  8
0
100
AcDbLine
 10
0.5
 20
0.1666666666666666
 30
0.0
 11
-0.5
 21
0.1666666666666666
 31
0.0
  0
LINE
  5
CB7
330
CB1
100
AcDbEntity
  8
0
100
AcDbLine
 10
-0.5
 20
0.5
 30
0.0
 11
-0.5
 21
-0.5
 31
0.0
  0
LINE
  5
CB8
330
CB1
100
AcDbEntity
  8
0
100
AcDbLine
 10
0.5
 20
-0.5
 30
0.0
 11
0.5
 21
0.5
 31
0.0
  0
ENDBLK
  5
CB9
330
CB1
100
AcDbEntity
  8
0
100
AcDbBlockEnd
  0
BLOCK
  5
6E9
330
6E6
100
AcDbEntity
  8
0
100
AcDbBlockBegin
  2
A$C367E6596
 70
     2
 10
0.0
 20
0.0
 30
0.0
  3
A$C367E6596
  1

  0
LWPOLYLINE
  5
6EA
330
6E6
100
AcDbEntity
  8
家具示意
100
AcDbPolyline
 90
       46
 70
     0
 43
0.0
 10
450.3358866110211
 20
418.6050251997658
 42
0.0256263773130658
 10
451.8147149999858
 20
409.1675685905501
 42
0.0108003175969269
 10
476.4092209079533
 20
303.3049188547884
 42
0.0045599242865635
 10
495.4463608491932
 20
231.4518540218123
 42
0.0112502049699783
 10
504.0802431880726
 20
202.5838672876707
 42
0.0693939607328312
 10
511.7198182257125
 20
186.8363156259874
 42
-0.0797562568819131
 10
518.0928344459971
 20
172.9794027059688
 42
-0.1063994932269791
 10
518.8029853784246
 20
161.1364854622516
 42
-0.3286420819917078
 10
515.8220425046748
 20
158.165991803573
 42
-0.2995467624749613
 10
510.7963686339791
 20
160.4921004761127
 42
0.1899166392732897
 10
504.1363375553627
 20
165.4528905859333
 42
0.0335175224208069
 10
496.0337165837408
 20
167.0770792590338
 42
0.0756271031388586
 10
492.3551761304261
 20
167.0029598816181
 42
0.0534886286392459
 10
485.8975498542419
 20
165.1600960194482
 42
0.0178378667503755
 10
467.5617760360474
 20
156.9600520743406
 42
0.0383935750642246
 10
447.0678789095252
 20
144.8707719219965
 42
-0.0595290825061912
 10
433.505327213439
 20
137.6229160284274
 42
-0.0359425927522917
 10
411.9402856292436
 20
130.9516664810362
 42
-0.011245006357116
 10
341.391597154201
 20
116.2335404189652
 42
-0.0062027091860942
 10
309.1554915771121
 20
110.6741275099921
 42
0.010783211680623
 10
290.6412992120022
 20
107.3062632807414
 42
0.0194848343010926
 10
279.7599105451955
 20
104.6379850496887
 42
0.0050616242096234
 10
238.4408582322067
 20
92.32774458714995
 42
0.1013919190942201
 10
217.1772289111977
 20
80.66233772615667
 42
-0.2237680032509501
 10
206.1494221932953
 20
77.68633743940156
 42
-0.2555795284433636
 10
202.6765637675999
 20
80.47834108798999
 42
-0.0815627085866008
 10
199.6629481032723
 20
93.32366641802947
 42
-0.0718052271760612
 10
200.6978923812276
 20
106.971167115902
 42
0.0699853129919421
 10
201.8101683062269
 20
120.9660293693305
 42
0.0354599108751823
 10
195.4294524929719
 20
169.2746632141643
 42
0.0294323486893013
 10
180.2827031867346
 20
225.9707529657171
 42
0.0015539306784282
 10
171.0673061701236
 20
253.5008100572158
 42
-0.0015200045161783
 10
161.6443148759426
 20
281.6446896690759
 42
-0.004735139452577
 10
152.30796641286
 20
310.7335460252944
 42
0.0038204816556974
 10
140.8024722974514
 20
346.8073621800286
 42
0.2960011448983662
 10
116.4918816535501
 20
366.4199327305541
 42
-0.6497743301907089
 10
110.725699793431
 20
384.1104892282165
 42
-0.0231899331533064
 10
114.7209694286575
 20
387.3883619048283
 42
0.0288000585939381
 10
117.909111349727
 20
390.0644037026795
 42
0.0057266574220755
 10
122.9544761861907
 20
394.9306619740673
 42
-0.0043580803065144
 10
129.5666294164257
 20
401.3431153292184
 42
-0.0275279624241201
 10
144.139056293643
 20
413.7752984702236
 42
-0.0462141911587343
 10
153.8260975106386
 20
419.8338049486626
 42
-0.194121097555792
 10
167.3058111589635
 20
420.9561273524887
 42
0.1337189327007904
 10
186.5559409946436
 20
420.2908939826881
 42
0.0057790609655978
 10
204.6029439057456
 20
424.7623310998895
 42
0.0088817836259535
  0
LWPOLYLINE
  5
6EE
330
6E6
100
AcDbEntity
  8
家具示意
100
AcDbPolyline
 90
        4
 70
     1
 43
0.0
 10
-0.0000116023002192
 20
-0.0000860144500621
 10
-0.0000116023002192
 20
1999.99991398555
 10
999.9999883976995
 20
1999.99991398555
 10
999.9999883976995
 20
-0.0000860144500621
  0
LINE
  5
6EF
330
6E6
100
AcDbEntity
  8
家具示意
100
AcDbLine
 10
971.571518159588
 20
32.16946073371218
 30
0.0
 11
971.571518159588
 21
1141.685947350284
 31
0.0
  0
LINE
  5
6F0
330
6E6
100
AcDbEntity
  8
家具示意
100
AcDbLine
 10
25.81706371961627
 20
1491.468947322049
 30
0.0
 11
25.81706372124609
 21
32.16946073347936
 31
0.0
  0
LINE
  5
6F1
330
6E6
100
AcDbEntity
  8
家具示意
100
AcDbLine
 10
441.1900166092673
 20
231.1670300044934
 30
0.0
 11
342.2453176093986
 21
299.7181376595399
 31
0.0
  0
LINE
  5
6F2
330
6E6
100
AcDbEntity
  8
家具示意
100
AcDbLine
 10
299.3329865365522
 20
317.5781596497982
 30
0.0
 11
315.9883131781827
 21
213.0443772235303
 31
0.0
  0
LINE
  5
6F3
330
6E6
100
AcDbEntity
  8
家具示意
100
AcDbLine
 10
245.6532977438765
 20
282.3834040990913
 30
0.0
 11
203.5209834777051
 21
233.5308909129235
 31
0.0
  0
ARC
  5
6F4
330
6E6
100
AcDbEntity
  8
家具示意
100
AcDbCircle
 10
951.5715181595878
 20
32.16946073371218
 30
0.0
 40
20.0
100
AcDbArc
 50
270.0
 51
0.0
  0
LINE
  5
6F5
330
6E6
100
AcDbEntity
  8
家具示意
100
AcDbLine
 10
45.81706372124608
 20
12.16946073347935
 30
0.0
 11
951.5715181595878
 21
12.16946073371218
 31
0.0
  0
ARC
  5
6F6
330
6E6
100
AcDbEntity
  8
家具示意
100
AcDbCircle
 10
45.81706372124608
 20
32.16946073347936
 30
0.0
 40
20.0
100
AcDbArc
 50
180.0000000000573
 51
270.0000000000047
  0
LINE
  5
6F7
330
6E6
100
AcDbEntity
  8
家具示意
100
AcDbLine
 10
315.9883131781827
 20
213.0443772235303
 30
0.0
 11
292.7801487712422
 21
107.7376140695414
 31
0.0
  0
LINE
  5
6F8
330
6E6
100
AcDbEntity
  8
家具示意
100
AcDbLine
 10
203.5209834777051
 20
233.5308909129235
 30
0.0
 11
197.344596283161
 21
159.4641995902057
 31
0.0
  0
LINE
  5
6F9
330
6E6
100
AcDbEntity
  8
家具示意
100
AcDbLine
 10
518.8029853781918
 20
161.1364854624843
 30
0.0
 11
441.1900166092673
 21
231.1670300044934
 31
0.0
  0
LINE
  5
6FA
330
6E6
100
AcDbEntity
  8
家具示意
100
AcDbLine
 10
602.6360153354471
 20
1511.468947321933
 30
0.0
 11
971.571518159355
 21
1141.685947350401
 31
0.0
  0
POLYLINE
  5
6FB
330
6E6
100
AcDbEntity
  8
家具示意
100
AcDb2dPolyline
 66
     1
 10
0.0
 20
0.0
 30
0.0
 70
     2
  0
VERTEX
  5
6FC
330
6FB
100
AcDbEntity
  8
家具示意
100
AcDbVertex
100
AcDb2dVertex
 10
602.6360153354471
 20
1511.468947321933
 30
0.0
 42
-0.0852718179142582
  0
VERTEX
  5
6FD
330
6FB
100
AcDbEntity
  8
家具示意
100
AcDbVertex
100
AcDb2dVertex
 10
665.9413218555272
 20
1401.362923948385
 30
0.0
 42
-0.1240444849517736
 70
     1
  0
VERTEX
  5
6FE
330
6FB
100
AcDbEntity
  8
家具示意
100
AcDbVertex
100
AcDb2dVertex
 10
675.1512210929067
 20
1313.834005369281
 30
0.0
  0
VERTEX
  5
6FF
330
6FB
100
AcDbEntity
  8
家具示意
100
AcDbVertex
100
AcDb2dVertex
 10
661.5118746910011
 20
1218.424018781341
 30
0.0
  0
VERTEX
  5
700
330
6FB
100
AcDbEntity
  8
家具示意
100
AcDbVertex
100
AcDb2dVertex
 10
663.2579124994808
 20
1145.898087913461
 30
0.0
  0
SEQEND
  5
701
330
6FB
100
AcDbEntity
  8
家具示意
  0
POLYLINE
  5
702
330
6E6
100
AcDbEntity
  8
家具示意
100
AcDb2dPolyline
 66
     1
 10
0.0
 20
0.0
 30
0.0
 70
     2
  0
VERTEX
  5
703
330
702
100
AcDbEntity
  8
家具示意
100
AcDbVertex
100
AcDb2dVertex
 10
663.2579124994808
 20
1145.898087913461
 30
0.0
 42
-0.027362160136174
  0
VERTEX
  5
704
330
702
100
AcDbEntity
  8
家具示意
100
AcDbVertex
100
AcDb2dVertex
 10
701.823729806696
 20
1162.333868829591
 30
0.0
 42
-0.0408342758360808
 70
     1
  0
VERTEX
  5
705
330
702
100
AcDbEntity
  8
家具示意
100
AcDbVertex
100
AcDb2dVertex
 10
728.9477662878343
 20
1169.739476122602
 30
0.0
 42
-0.0384412381721336
  0
VERTEX
  5
706
330
702
100
AcDbEntity
  8
家具示意
100
AcDbVertex
100
AcDb2dVertex
 10
816.5830197139875
 20
1179.246694108762
 30
0.0
 42
-0.0765278784005618
 70
     1
  0
VERTEX
  5
707
330
702
100
AcDbEntity
  8
家具示意
100
AcDbVertex
100
AcDb2dVertex
 10
860.727504121256
 20
1173.854840464366
 30
0.0
 42
-0.1036486711432353
  0
VERTEX
  5
708
330
702
100
AcDbEntity
  8
家具示意
100
AcDbVertex
100
AcDb2dVertex
 10
888.2395662331253
 20
1159.501787533809
 30
0.0
 42
0.0933978589710101
 70
     1
  0
VERTEX
  5
709
330
702
100
AcDbEntity
  8
家具示意
100
AcDbVertex
100
AcDb2dVertex
 10
918.3811516704736
 20
1142.989890374767
 30
0.0
 42
0.072726827340892
  0
VERTEX
  5
70A
330
702
100
AcDbEntity
  8
家具示意
100
AcDbVertex
100
AcDb2dVertex
 10
940.5220844567521
 20
1139.195909034402
 30
0.0
 42
0.0523148512978711
 70
     1
  0
VERTEX
  5
70B
330
702
100
AcDbEntity
  8
家具示意
100
AcDbVertex
100
AcDb2dVertex
 10
971.571518159588
 20
1141.685947350168
 30
0.0
  0
SEQEND
  5
70C
330
702
100
AcDbEntity
  8
家具示意
  0
LINE
  5
70D
330
6E6
100
AcDbEntity
  8
家具示意
100
AcDbLine
 10
-0.0000116023002192
 20
1947.628502652223
 30
0.0
 11
999.9999883976995
 21
1947.628502652223
 31
0.0
  0
LINE
  5
70E
330
6E6
100
AcDbEntity
  8
家具示意
100
AcDbLine
 10
602.6360153354471
 20
1511.468947321933
 30
0.0
 11
45.81706371961627
 21
1511.468947322049
 31
0.0
  0
LINE
  5
70F
330
6E6
100
AcDbEntity
  8
家具示意
100
AcDbLine
 10
45.8170637198491
 20
1238.86906634894
 30
0.0
 11
664.4345989880385
 21
1238.869066349056
 31
0.0
  0
ATTDEF
  5
710
330
6E6
100
AcDbEntity
  8
家具示意
100
AcDbText
 10
-0.0000116023002192
 20
1999.99991398555
 30
0.0
 40
0.5
  1
900
 41
0.8
  7
DIM_FONT
100
AcDbAttributeDefinition
280
     0
  3
XSIZE
  2
XSIZE
 70
     9
280
     0
  0
ATTDEF
  5
711
330
6E6
100
AcDbEntity
  8
家具示意
100
AcDbText
 10
-0.0000116023002192
 20
1999.99991398555
 30
0.0
 40
0.5
  1
2000
 41
0.8
  7
DIM_FONT
100
AcDbAttributeDefinition
280
     0
  3
YSIZE
  2
YSIZE
 70
     9
280
     0
  0
ARC
  5
712
330
6E6
100
AcDbEntity
  8
家具示意
100
AcDbCircle
 10
45.8170637198491
 20
1258.869066348939
 30
0.0
 40
20.0
100
AcDbArc
 50
180.0000000000093
 51
270.0
  0
ARC
  5
713
330
6E6
100
AcDbEntity
  8
家具示意
100
AcDbCircle
 10
45.81706371961627
 20
1491.468947322049
 30
0.0
 40
20.0
100
AcDbArc
 50
89.99999999999173
 51
180.0000000000116
  0
LINE
  5
714
330
6E6
100
AcDbEntity
  8
家具示意
100
AcDbLine
 10
356.6302732919576
 20
647.6574045998858
 30
0.0
 11
349.4441026205895
 21
726.9689590974594
 31
0.0
  0
POLYLINE
  5
715
330
6E6
100
AcDbEntity
  8
家具示意
100
AcDb2dPolyline
 66
     1
 10
0.0
 20
0.0
 30
0.0
 70
     3
  0
VERTEX
  5
716
330
715
100
AcDbEntity
  8
家具示意
100
AcDbVertex
100
AcDb2dVertex
 10
395.4265204452677
 20
748.9633557701599
 30
0.0
 42
0.1013919190942201
  0
VERTEX
  5
717
330
715
100
AcDbEntity
  8
家具示意
100
AcDbVertex
100
AcDb2dVertex
 10
415.7334749855799
 20
762.2242473858058
 30
0.0
 42
-0.2237680032509501
 70
     1
  0
VERTEX
  5
718
330
715
100
AcDbEntity
  8
家具示意
100
AcDbVertex
100
AcDb2dVertex
 10
426.5007381978212
 20
766.0367454690275
 30
0.0
 42
-0.2555795284433636
  0
VERTEX
  5
719
330
715
100
AcDbEntity
  8
家具示意
100
AcDbVertex
100
AcDb2dVertex
 10
430.1773801309755
 20
763.5191406319497
 30
0.0
 42
-0.0815627085866008
 70
     1
  0
VERTEX
  5
71A
330
715
100
AcDbEntity
  8
家具示意
100
AcDbVertex
100
AcDb2dVertex
 10
434.1666909625053
 20
750.9425885886302
 30
0.0
 42
-0.0718052271760612
  0
VERTEX
  5
71B
330
715
100
AcDbEntity
  8
家具示意
100
AcDbVertex
100
AcDb2dVertex
 10
434.1808362834854
 20
737.2559094862662
 30
0.0
 42
0.0699853129919421
 70
     1
  0
VERTEX
  5
71C
330
715
100
AcDbEntity
  8
家具示意
100
AcDbVertex
100
AcDb2dVertex
 10
434.1445017975056
 20
723.2169634062447
 30
0.0
 42
0.0354599108751823
  0
VERTEX
  5
71D
330
715
100
AcDbEntity
  8
家具示意
100
AcDbVertex
100
AcDb2dVertex
 10
444.209177061799
 20
675.5395059445291
 30
0.0
 42
0.0294323486893013
 70
     1
  0
VERTEX
  5
71E
330
715
100
AcDbEntity
  8
家具示意
100
AcDbVertex
100
AcDb2dVertex
 10
463.6569749122718
 20
620.1711596939126
 30
0.0
 42
0.0015539306784282
  0
VERTEX
  5
71F
330
715
100
AcDbEntity
  8
家具示意
100
AcDbVertex
100
AcDb2dVertex
 10
474.9553691883336
 20
593.4284247479516
 30
0.0
 42
-0.0015200045161783
 70
     1
  0
VERTEX
  5
720
330
715
100
AcDbEntity
  8
家具示意
100
AcDbVertex
100
AcDb2dVertex
 10
486.5077949379338
 20
566.0895845416815
 30
0.0
 42
-0.004735139452577
  0
VERTEX
  5
721
330
715
100
AcDbEntity
  8
家具示意
100
AcDbVertex
100
AcDb2dVertex
 10
498.0462627211817
 20
537.801906518114
 30
0.0
 42
0.0038204816556974
 70
     1
  0
VERTEX
  5
722
330
715
100
AcDbEntity
  8
家具示意
100
AcDbVertex
100
AcDb2dVertex
 10
512.2828739146934
 20
502.7160759231191
 30
0.0
 42
0.2960011448983662
  0
VERTEX
  5
723
330
715
100
AcDbEntity
  8
家具示意
100
AcDbVertex
100
AcDb2dVertex
 10
538.0252011952689
 20
485.0245432808878
 30
0.0
 42
-0.6497743301907089
 70
     1
  0
VERTEX
  5
724
330
715
100
AcDbEntity
  8
家具示意
100
AcDbVertex
100
AcDb2dVertex
 10
545.1303551344899
 20
467.8279904304654
 30
0.0
 42
-0.0231899331533064
  0
VERTEX
  5
725
330
715
100
AcDbEntity
  8
家具示意
100
AcDbVertex
100
AcDb2dVertex
 10
541.3980788575718
 20
464.2535334736456
 30
0.0
 42
0.0288000585939381
 70
     1
  0
VERTEX
  5
726
330
715
100
AcDbEntity
  8
家具示意
100
AcDbVertex
100
AcDb2dVertex
 10
538.4244271827628
 20
461.3410011856466
 30
0.0
 42
0.0057266574220755
  0
VERTEX
  5
727
330
715
100
AcDbEntity
  8
家具示意
100
AcDbVertex
100
AcDb2dVertex
 10
533.766890390194
 20
456.1023442090371
 30
0.0
 42
-0.0043580803065144
 70
     1
  0
VERTEX
  5
728
330
715
100
AcDbEntity
  8
家具示意
100
AcDbVertex
100
AcDb2dVertex
 10
527.6656860724324
 20
449.2019504337221
 30
0.0
 42
-0.0275279624241201
  0
VERTEX
  5
729
330
715
100
AcDbEntity
  8
家具示意
100
AcDbVertex
100
AcDb2dVertex
 10
514.0890216069529
 20
435.6894012760021
 30
0.0
 42
-0.0462141911587343
 70
     1
  0
VERTEX
  5
72A
330
715
100
AcDbEntity
  8
家具示意
100
AcDbVertex
100
AcDb2dVertex
 10
504.8948457160731
 20
428.9062310751178
 30
0.0
 42
-0.194121097555792
  0
VERTEX
  5
72B
330
715
100
AcDbEntity
  8
家具示意
100
AcDbVertex
100
AcDb2dVertex
 10
491.5408088996771
 20
426.7540256197681
 30
0.0
 42
0.1337189327007904
 70
     1
  0
VERTEX
  5
72C
330
715
100
AcDbEntity
  8
家具示意
100
AcDbVertex
100
AcDb2dVertex
 10
472.2963194885523
 20
425.9418301821569
 30
0.0
 42
0.0115049885239622
  0
VERTEX
  5
72D
330
715
100
AcDbEntity
  8
家具示意
100
AcDbVertex
100
AcDb2dVertex
 10
437.2951601046368
 20
413.9120343287356
 30
0.0
 42
0.0088817836259535
 70
     1
  0
VERTEX
  5
72E
330
715
100
AcDbEntity
  8
家具示意
100
AcDbVertex
100
AcDb2dVertex
 10
392.6317588969832
 20
396.495122929744
 30
0.0
 42
0.0124257131937093
  0
VERTEX
  5
72F
330
715
100
AcDbEntity
  8
家具示意
100
AcDbVertex
100
AcDb2dVertex
 10
335.6715229799738
 20
371.4375703320257
 30
0.0
 42
-0.0336123700455677
 70
     1
  0
VERTEX
  5
730
330
715
100
AcDbEntity
  8
家具示意
100
AcDbVertex
100
AcDb2dVertex
 10
314.2204529742012
 20
363.06600097107
 30
0.0
  0
VERTEX
  5
731
330
715
100
AcDbEntity
  8
家具示意
100
AcDbVertex
100
AcDb2dVertex
 10
267.7922891698545
 20
348.4551888586139
 30
0.0
  0
VERTEX
  5
732
330
715
100
AcDbEntity
  8
家具示意
100
AcDbVertex
100
AcDb2dVertex
 10
231.9762741363375
 20
337.183990013029
 30
0.0
 42
0.2243410718216135
  0
VERTEX
  5
733
330
715
100
AcDbEntity
  8
家具示意
100
AcDbVertex
100
AcDb2dVertex
 10
220.4064204593887
 20
326.4861073406064
 30
0.0
 42
-0.722771522499555
 70
     1
  0
VERTEX
  5
734
330
715
100
AcDbEntity
  8
家具示意
100
AcDbVertex
100
AcDb2dVertex
 10
213.3316400175681
 20
326.9399236327154
 30
0.0
 42
-0.1035130412990579
  0
VERTEX
  5
735
330
715
100
AcDbEntity
  8
家具示意
100
AcDbVertex
100
AcDb2dVertex
 10
213.1846423452953
 20
329.9525505189667
 30
0.0
 42
0.0534647381238438
 70
     1
  0
VERTEX
  5
736
330
715
100
AcDbEntity
  8
家具示意
100
AcDbVertex
100
AcDb2dVertex
 10
213.4783358249115
 20
335.7393936790177
 30
0.0
 42
0.0301092765793074
  0
VERTEX
  5
737
330
715
100
AcDbEntity
  8
家具示意
100
AcDbVertex
100
AcDb2dVertex
 10
211.2943367284024
 20
354.4304672225262
 30
0.0
 42
-0.0314364773003218
 70
     1
  0
VERTEX
  5
738
330
715
100
AcDbEntity
  8
家具示意
100
AcDbVertex
100
AcDb2dVertex
 10
209.249857285642
 20
372.3393774678117
 30
0.0
 42
-0.0532399643574459
  0
VERTEX
  5
739
330
715
100
AcDbEntity
  8
家具示意
100
AcDbVertex
100
AcDb2dVertex
 10
209.9218489777995
 20
384.4209552991088
 30
0.0
 42
0.0551795226477933
 70
     1
  0
VERTEX
  5
73A
330
715
100
AcDbEntity
  8
家具示意
100
AcDbVertex
100
AcDb2dVertex
 10
210.5252559437649
 20
396.0827314962516
 30
0.0
 42
0.0562710074868784
  0
VERTEX
  5
73B
330
715
100
AcDbEntity
  8
家具示意
100
AcDbVertex
100
AcDb2dVertex
 10
206.9652933027828
 20
416.7010457041324
 30
0.0
 42
0.0108003175969269
 70
     1
  0
VERTEX
  5
73C
330
715
100
AcDbEntity
  8
家具示意
100
AcDbVertex
100
AcDb2dVertex
 10
174.3290440420387
 20
520.3671711464994
 30
0.0
 42
0.0045599242865635
  0
VERTEX
  5
73D
330
715
100
AcDbEntity
  8
家具示意
100
AcDbVertex
100
AcDb2dVertex
 10
149.8405577520607
 20
590.5497164283294
 30
0.0
 42
0.0112502049699783
 70
     1
  0
VERTEX
  5
73E
330
715
100
AcDbEntity
  8
家具示意
100
AcDbVertex
100
AcDb2dVertex
 10
139.0194186988519
 20
618.6710167524287
 30
0.0
 42
0.0693939607328312
  0
VERTEX
  5
73F
330
715
100
AcDbEntity
  8
家具示意
100
AcDbVertex
100
AcDb2dVertex
 10
130.1953088267473
 20
633.7866899115615
 30
0.0
 42
-0.0797562568819131
 70
     1
  0
VERTEX
  5
740
330
715
100
AcDbEntity
  8
家具示意
100
AcDbVertex
100
AcDb2dVertex
 10
122.7789443806978
 20
647.1143644954427
 30
0.0
 42
-0.1063994932269791
  0
VERTEX
  5
741
330
715
100
AcDbEntity
  8
家具示意
100
AcDbVertex
100
AcDb2dVertex
 10
121.1631540398812
 20
658.8680117918991
 30
0.0
 42
-0.3286420819917078
 70
     1
  0
VERTEX
  5
742
330
715
100
AcDbEntity
  8
家具示意
100
AcDbVertex
100
AcDb2dVertex
 10
123.9076472310116
 20
662.0582484778132
 30
0.0
 42
-0.2995467624749613
  0
VERTEX
  5
743
330
715
100
AcDbEntity
  8
家具示意
100
AcDbVertex
100
AcDb2dVertex
 10
129.0968270095763
 20
660.1241873003893
 30
0.0
 42
0.1899166392732897
 70
     1
  0
VERTEX
  5
744
330
715
100
AcDbEntity
  8
家具示意
100
AcDbVertex
100
AcDb2dVertex
 10
136.1174975560279
 20
655.6884644097298
 30
0.0
 42
0.0335175224208069
  0
VERTEX
  5
745
330
715
100
AcDbEntity
  8
家具示意
100
AcDbVertex
100
AcDb2dVertex
 10
144.3207725438988
 20
654.6900982775841
 30
0.0
 42
0.0756271031388586
 70
     1
  0
VERTEX
  5
746
330
715
100
AcDbEntity
  8
家具示意
100
AcDbVertex
100
AcDb2dVertex
 10
147.9828106440836
 20
655.0459500742728
 30
0.0
 42
0.0534886286392459
  0
VERTEX
  5
747
330
715
100
AcDbEntity
  8
家具示意
100
AcDbVertex
100
AcDb2dVertex
 10
154.2801896106684
 20
657.3783528009079
 30
0.0
 42
0.0178378667503755
 70
     1
  0
VERTEX
  5
748
330
715
100
AcDbEntity
  8
家具示意
100
AcDbVertex
100
AcDb2dVertex
 10
171.9335125897778
 20
666.9596632554312
 30
0.0
 42
0.0383935750642246
  0
VERTEX
  5
749
330
715
100
AcDbEntity
  8
家具示意
100
AcDbVertex
100
AcDb2dVertex
 10
191.440510511049
 20
680.5841832887962
 30
0.0
 42
-0.0595290825061912
 70
     1
  0
VERTEX
  5
74A
330
715
100
AcDbEntity
  8
家具示意
100
AcDbVertex
100
AcDb2dVertex
 10
204.4076356420992
 20
688.8502518459571
 30
0.0
 42
-0.0359425927522917
  0
VERTEX
  5
74B
330
715
100
AcDbEntity
  8
家具示意
100
AcDbVertex
100
AcDb2dVertex
 10
225.3979048043257
 20
697.1547801016713
 30
0.0
 42
-0.011245006357116
 70
     1
  0
VERTEX
  5
74C
330
715
100
AcDbEntity
  8
家具示意
100
AcDbVertex
100
AcDb2dVertex
 10
294.6109519250458
 20
717.2369808942894
 30
0.0
 42
-0.0062027091860942
  0
VERTEX
  5
74D
330
715
100
AcDbEntity
  8
家具示意
100
AcDbVertex
100
AcDb2dVertex
 10
326.32611297525
 20
725.2508522553252
 30
0.0
 42
0.010783211680623
 70
     1
  0
VERTEX
  5
74E
330
715
100
AcDbEntity
  8
家具示意
100
AcDbVertex
100
AcDb2dVertex
 10
344.5277035176987
 20
730.0278733077576
 30
0.0
 42
0.0194848343010926
  0
VERTEX
  5
74F
330
715
100
AcDbEntity
  8
家具示意
100
AcDbVertex
100
AcDb2dVertex
 10
355.1725654891925
 20
733.5223320132936
 30
0.0
 42
0.0050616242096234
 70
     1
  0
SEQEND
  5
750
330
715
100
AcDbEntity
  8
家具示意
  0
LINE
  5
751
330
6E6
100
AcDbEntity
  8
家具示意
100
AcDbLine
 10
366.5498796788743
 20
501.8341138718533
 30
0.0
 11
328.4095494699432
 21
540.9183544976984
 31
0.0
  0
LINE
  5
752
330
6E6
100
AcDbEntity
  8
家具示意
100
AcDbLine
 10
328.4095494699432
 20
540.9183544976984
 30
0.0
 11
406.9884560279315
 21
589.6024548431743
 31
0.0
  0
LINE
  5
753
330
6E6
100
AcDbEntity
  8
家具示意
100
AcDbLine
 10
406.9884560279315
 20
589.6024548431743
 30
0.0
 11
443.4281972580357
 21
662.5140694269794
 31
0.0
  0
LINE
  5
754
330
6E6
100
AcDbEntity
  8
家具示意
100
AcDbLine
 10
443.4281972580357
 20
662.5140694269794
 30
0.0
 11
442.2883427747291
 21
681.9419870459824
 31
0.0
  0
LINE
  5
755
330
6E6
100
AcDbEntity
  8
家具示意
100
AcDbLine
 10
196.1596923024626
 20
543.661095167452
 30
0.0
 11
149.8405577508965
 21
590.5497164308907
 31
0.0
  0
LINE
  5
756
330
6E6
100
AcDbEntity
  8
家具示意
100
AcDbLine
 10
260.5691801138455
 20
521.7189899896617
 30
0.0
 11
196.1596923024626
 21
543.661095167452
 31
0.0
  0
LINE
  5
757
330
6E6
100
AcDbEntity
  8
家具示意
100
AcDbLine
 10
354.7968077162514
 20
592.5736946693505
 30
0.0
 11
356.6302732919576
 21
647.6574045998858
 31
0.0
  0
LINE
  5
758
330
6E6
100
AcDbEntity
  8
家具示意
100
AcDbLine
 10
328.4095494699432
 20
540.9183544976984
 30
0.0
 11
260.5691801138455
 21
521.7189899896617
 31
0.0
  0
LINE
  5
759
330
6E6
100
AcDbEntity
  8
家具示意
100
AcDbLine
 10
328.4095494699432
 20
540.9183544976984
 30
0.0
 11
354.7968077162514
 21
592.5736946693505
 31
0.0
  0
LINE
  5
75A
330
6E6
100
AcDbEntity
  8
家具示意
100
AcDbLine
 10
300.9837421675911
 20
394.0664449906326
 30
0.0
 11
268.8878735912731
 21
356.6963329701102
 31
0.0
  0
LINE
  5
75B
330
6E6
100
AcDbEntity
  8
家具示意
100
AcDbLine
 10
268.8878735912731
 20
356.6963329701102
 30
0.0
 11
261.2350417460548
 21
347.6679875910631
 31
0.0
  0
LINE
  5
75C
330
6E6
100
AcDbEntity
  8
家具示意
100
AcDbLine
 10
342.2453176093986
 20
299.7181376595399
 30
0.0
 11
299.3329865365522
 21
317.5781596497982
 31
0.0
  0
LINE
  5
75D
330
6E6
100
AcDbEntity
  8
家具示意
100
AcDbLine
 10
299.3329865365522
 20
317.5781596497982
 30
0.0
 11
336.2152342555347
 21
360.5211384121212
 31
0.0
  0
LINE
  5
75E
330
6E6
100
AcDbEntity
  8
家具示意
100
AcDbLine
 10
336.2152342555347
 20
360.5211384121212
 30
0.0
 11
383.1991976042045
 21
372.4715050223167
 31
0.0
  0
LINE
  5
75F
330
6E6
100
AcDbEntity
  8
家具示意
100
AcDbLine
 10
383.1991976042045
 20
372.4715050223167
 30
0.0
 11
455.3804208630463
 21
382.3208410685765
 31
0.0
  0
LINE
  5
760
330
6E6
100
AcDbEntity
  8
家具示意
100
AcDbLine
 10
299.3329865365522
 20
317.5781596497982
 30
0.0
 11
245.6532977438765
 21
282.3834040990913
 31
0.0
  0
LINE
  5
761
330
6E6
100
AcDbEntity
  8
家具示意
100
AcDbLine
 10
299.3329865365522
 20
317.5781596497982
 30
0.0
 11
225.0861398562556
 21
333.2198706988129
 31
0.0
  0
LINE
  5
762
330
6E6
100
AcDbEntity
  8
家具示意
100
AcDbLine
 10
213.4824426578125
 20
335.6644415701158
 30
0.0
 11
138.8482093544444
 21
351.3877640261199
 31
0.0
  0
LINE
  5
763
330
6E6
100
AcDbEntity
  8
家具示意
100
AcDbLine
 10
545.2790266355732
 20
477.2634613289847
 30
0.0
 11
462.1368543800199
 21
473.1492968713282
 31
0.0
  0
LINE
  5
764
330
6E6
100
AcDbEntity
  8
家具示意
100
AcDbLine
 10
462.1368543800199
 20
473.1492968713282
 30
0.0
 11
366.5498796788743
 21
501.8341138718533
 31
0.0
  0
LINE
  5
765
330
6E6
100
AcDbEntity
  8
家具示意
100
AcDbLine
 10
328.4095494699432
 20
540.9183544976984
 30
0.0
 11
300.9837421675911
 21
394.0664449906326
 31
0.0
  0
LINE
  5
766
330
6E6
100
AcDbEntity
  8
家具示意
100
AcDbLine
 10
349.4441026205895
 20
726.9689590974594
 30
0.0
 11
344.5277035195613
 21
730.0278733083397
 31
0.0
  0
POLYLINE
  5
767
330
6E6
100
AcDbEntity
  8
家具示意
100
AcDb2dPolyline
 66
     1
 10
0.0
 20
0.0
 30
0.0
 70
     2
  0
VERTEX
  5
768
330
767
100
AcDbEntity
  8
家具示意
100
AcDbVertex
100
AcDb2dVertex
 10
184.9003941385308
 20
1866.406147886708
 30
0.0
 42
-0.0773794298008275
  0
VERTEX
  5
769
330
767
100
AcDbEntity
  8
家具示意
100
AcDbVertex
100
AcDb2dVertex
 10
219.7112468992127
 20
1841.065362365509
 30
0.0
 42
-0.0773794298004389
 70
     1
  0
VERTEX
  5
76A
330
767
100
AcDbEntity
  8
家具示意
100
AcDbVertex
100
AcDb2dVertex
 10
245.1705016297055
 20
1806.341059214144
 30
0.0
 42
-0.0475254861911322
  0
VERTEX
  5
76B
330
767
100
AcDbEntity
  8
家具示意
100
AcDbVertex
100
AcDb2dVertex
 10
255.0954649840714
 20
1781.722611962992
 30
0.0
 42
-0.0475254861919447
 70
     1
  0
VERTEX
  5
76C
330
767
100
AcDbEntity
  8
家具示意
100
AcDbVertex
100
AcDb2dVertex
 10
260.1934760027798
 20
1755.672983820841
 30
0.0
  0
SEQEND
  5
76D
330
767
100
AcDbEntity
  8
家具示意
  0
POLYLINE
  5
76E
330
6E6
100
AcDbEntity
  8
家具示意
100
AcDb2dPolyline
 66
     1
 10
0.0
 20
0.0
 30
0.0
 70
     2
  0
VERTEX
  5
76F
330
76E
100
AcDbEntity
  8
家具示意
100
AcDbVertex
100
AcDb2dVertex
 10
183.4241352175595
 20
1850.375974621915
 30
0.0
 42
-0.0536899463297647
  0
VERTEX
  5
770
330
76E
100
AcDbEntity
  8
家具示意
100
AcDbVertex
100
AcDb2dVertex
 10
197.6308598621981
 20
1837.398640502419
 30
0.0
 42
-0.0703117485643946
 70
     1
  0
VERTEX
  5
771
330
76E
100
AcDbEntity
  8
家具示意
100
AcDbVertex
100
AcDb2dVertex
 10
205.7354388424428
 20
1825.106939829478
 30
0.0
 42
-0.0154482349215183
  0
VERTEX
  5
772
330
76E
100
AcDbEntity
  8
家具示意
100
AcDbVertex
100
AcDb2dVertex
 10
209.4701532180188
 20
1816.552420682448
 30
0.0
 42
-0.0132435682896378
 70
     1
  0
VERTEX
  5
773
330
76E
100
AcDbEntity
  8
家具示意
100
AcDbVertex
100
AcDb2dVertex
 10
213.2469260288635
 20
1806.341059214144
 30
0.0
 42
-0.0821266656645959
  0
VERTEX
  5
774
330
76E
100
AcDbEntity
  8
家具示意
100
AcDbVertex
100
AcDb2dVertex
 10
216.2369603038533
 20
1788.260043141141
 30
0.0
 42
-0.064163702142309
 70
     1
  0
VERTEX
  5
775
330
76E
100
AcDbEntity
  8
家具示意
100
AcDbVertex
100
AcDb2dVertex
 10
213.2469260288635
 20
1765.05592412845
 30
0.0
  0
SEQEND
  5
776
330
76E
100
AcDbEntity
  8
家具示意
  0
POLYLINE
  5
777
330
6E6
100
AcDbEntity
  8
家具示意
100
AcDb2dPolyline
 66
     1
 10
0.0
 20
0.0
 30
0.0
 70
     2
  0
VERTEX
  5
778
330
777
100
AcDbEntity
  8
家具示意
100
AcDbVertex
100
AcDb2dVertex
 10
740.9257166370516
 20
1898.294128455978
 30
0.0
 42
0.0881531318181468
  0
VERTEX
  5
779
330
777
100
AcDbEntity
  8
家具示意
100
AcDbVertex
100
AcDb2dVertex
 10
706.395891979686
 20
1894.750373813964
 30
0.0
 42
0.0881531318190246
 70
     1
  0
VERTEX
  5
77A
330
777
100
AcDbEntity
  8
家具示意
100
AcDbVertex
100
AcDb2dVertex
 10
675.2005466736155
 20
1879.528106603597
 30
0.0
 42
0.0775471207029249
  0
VERTEX
  5
77B
330
777
100
AcDbEntity
  8
家具示意
100
AcDbVertex
100
AcDb2dVertex
 10
653.5543101528892
 20
1857.915952317009
 30
0.0
 42
0.077547120704443
 70
     1
  0
VERTEX
  5
77C
330
777
100
AcDbEntity
  8
家具示意
100
AcDbVertex
100
AcDb2dVertex
 10
639.5211295027984
 20
1830.736647519225
 30
0.0
  0
SEQEND
  5
77D
330
777
100
AcDbEntity
  8
家具示意
  0
POLYLINE
  5
77E
330
6E6
100
AcDbEntity
  8
家具示意
100
AcDb2dPolyline
 66
     1
 10
0.0
 20
0.0
 30
0.0
 70
     2
  0
VERTEX
  5
77F
330
77E
100
AcDbEntity
  8
家具示意
100
AcDbVertex
100
AcDb2dVertex
 10
658.9390678374329
 20
1892.595325662696
 30
0.0
 42
0.0278421621871093
  0
VERTEX
  5
780
330
77E
100
AcDbEntity
  8
家具示意
100
AcDbVertex
100
AcDb2dVertex
 10
635.1572936767479
 20
1881.98215297627
 30
0.0
 42
0.0486850077751128
 70
     1
  0
VERTEX
  5
781
330
77E
100
AcDbEntity
  8
家具示意
100
AcDbVertex
100
AcDb2dVertex
 10
622.6205282750306
 20
1873.898398913734
 30
0.0
 42
0.0236664622263066
  0
VERTEX
  5
782
330
77E
100
AcDbEntity
  8
家具示意
100
AcDbVertex
100
AcDb2dVertex
 10
594.6972547633341
 20
1849.539343091484
 30
0.0
 42
0.0312234184537797
 70
     1
  0
VERTEX
  5
783
330
77E
100
AcDbEntity
  8
家具示意
100
AcDbVertex
100
AcDb2dVertex
 10
575.6739783011144
 20
1828.860172447341
 30
0.0
 42
0.0468009736850804
  0
VERTEX
  5
784
330
77E
100
AcDbEntity
  8
家具示意
100
AcDbVertex
100
AcDb2dVertex
 10
570.5659693808993
 20
1821.194038079295
 30
0.0
 42
0.023190832047154
 70
     1
  0
VERTEX
  5
785
330
77E
100
AcDbEntity
  8
家具示意
100
AcDbVertex
100
AcDb2dVertex
 10
562.5290226900252
 20
1804.464442905097
 30
0.0
  0
SEQEND
  5
786
330
77E
100
AcDbEntity
  8
家具示意
  0
POLYLINE
  5
787
330
6E6
100
AcDbEntity
  8
家具示意
100
AcDb2dPolyline
 66
     1
 10
0.0
 20
0.0
 30
0.0
 70
     2
  0
VERTEX
  5
788
330
787
100
AcDbEntity
  8
家具示意
100
AcDbVertex
100
AcDb2dVertex
 10
275.4687290991423
 20
1539.512119963357
 30
0.0
 42
0.0097294744723616
  0
VERTEX
  5
789
330
787
100
AcDbEntity
  8
家具示意
100
AcDbVertex
100
AcDb2dVertex
 10
302.7575414179592
 20
1548.54395462136
 30
0.0
 42
0.009729474473291
 70
     1
  0
VERTEX
  5
78A
330
787
100
AcDbEntity
  8
家具示意
100
AcDbVertex
100
AcDb2dVertex
 10
329.6742915826617
 20
1558.630672411586
 30
0.0
 42
0.0079705008528091
  0
VERTEX
  5
78B
330
787
100
AcDbEntity
  8
家具示意
100
AcDbVertex
100
AcDb2dVertex
 10
351.4192287520273
 20
1567.669339268526
 30
0.0
 42
0.0079705008551367
 70
     1
  0
VERTEX
  5
78C
330
787
100
AcDbEntity
  8
家具示意
100
AcDbVertex
100
AcDb2dVertex
 10
372.8649999863701
 20
1577.39655302692
 30
0.0
  0
SEQEND
  5
78D
330
787
100
AcDbEntity
  8
家具示意
  0
POLYLINE
  5
78E
330
6E6
100
AcDbEntity
  8
家具示意
100
AcDb2dPolyline
 66
     1
 10
0.0
 20
0.0
 30
0.0
 70
     2
  0
VERTEX
  5
78F
330
78E
100
AcDbEntity
  8
家具示意
100
AcDbVertex
100
AcDb2dVertex
 10
744.6813622534973
 20
1537.988034250273
 30
0.0
 42
0.0161077521653885
  0
VERTEX
  5
790
330
78E
100
AcDbEntity
  8
家具示意
100
AcDbVertex
100
AcDb2dVertex
 10
705.7626281169941
 20
1564.219915241527
 30
0.0
 42
0.0245988265329337
 70
     1
  0
VERTEX
  5
791
330
78E
100
AcDbEntity
  8
家具示意
100
AcDbVertex
100
AcDb2dVertex
 10
678.9563882435905
 20
1579.273169335851
 30
0.0
 42
0.009477215100867
  0
VERTEX
  5
792
330
78E
100
AcDbEntity
  8
家具示意
100
AcDbVertex
100
AcDb2dVertex
 10
629.9181150161892
 20
1602.571369774232
 30
0.0
 42
0.0159372813057892
 70
     1
  0
VERTEX
  5
793
330
78E
100
AcDbEntity
  8
家具示意
100
AcDbVertex
100
AcDb2dVertex
 10
600.0860667155357
 20
1614.928455494635
 30
0.0
 42
0.0725208528990522
  0
VERTEX
  5
794
330
78E
100
AcDbEntity
  8
家具示意
100
AcDbVertex
100
AcDb2dVertex
 10
583.7456904830177
 20
1618.514700579981
 30
0.0
 42
0.0333392788004724
 70
     1
  0
VERTEX
  5
795
330
78E
100
AcDbEntity
  8
家具示意
100
AcDbVertex
100
AcDb2dVertex
 10
547.5060483169507
 20
1618.68154687545
 30
0.0
  0
SEQEND
  5
796
330
78E
100
AcDbEntity
  8
家具示意
  0
POLYLINE
  5
797
330
6E6
100
AcDbEntity
  8
家具示意
100
AcDb2dPolyline
 66
     1
 10
0.0
 20
0.0
 30
0.0
 70
     2
  0
VERTEX
  5
798
330
797
100
AcDbEntity
  8
家具示意
100
AcDbVertex
100
AcDb2dVertex
 10
185.0789960447
 20
1866.391933678009
 30
0.0
 42
-0.2633679387580063
  0
VERTEX
  5
799
330
797
100
AcDbEntity
  8
家具示意
100
AcDbVertex
100
AcDb2dVertex
 10
157.1288856453029
 20
1885.18059974414
 30
0.0
 42
-0.494818049593334
 70
     1
  0
VERTEX
  5
79A
330
797
100
AcDbEntity
  8
家具示意
100
AcDbVertex
100
AcDb2dVertex
 10
166.3003760551801
 20
1903.923836145725
 30
0.0
 42
-0.049224722880142
  0
VERTEX
  5
79B
330
797
100
AcDbEntity
  8
家具示意
100
AcDbVertex
100
AcDb2dVertex
 10
183.9710333755938
 20
1905.667728143104
 30
0.0
 42
-0.0368308428568549
 70
     1
  0
VERTEX
  5
79C
330
797
100
AcDbEntity
  8
家具示意
100
AcDbVertex
100
AcDb2dVertex
 10
207.6132616506657
 20
1903.923836145725
 30
0.0
 42
-0.0318926909000512
  0
VERTEX
  5
79D
330
797
100
AcDbEntity
  8
家具示意
100
AcDbVertex
100
AcDb2dVertex
 10
245.5913273502374
 20
1895.788569104217
 30
0.0
 42
0.0357819959079403
 70
     1
  0
VERTEX
  5
79E
330
797
100
AcDbEntity
  8
家具示意
100
AcDbVertex
100
AcDb2dVertex
 10
279.5056183791021
 20
1888.798944389389
 30
0.0
 42
0.0329412578642258
  0
VERTEX
  5
79F
330
797
100
AcDbEntity
  8
家具示意
100
AcDbVertex
100
AcDb2dVertex
 10
369.1672879302641
 20
1882.885391081625
 30
0.0
 42
0.0265644647772248
 70
     1
  0
VERTEX
  5
7A0
330
797
100
AcDbEntity
  8
家具示意
100
AcDbVertex
100
AcDb2dVertex
 10
480.3944542804963
 20
1888.798944389389
 30
0.0
 42
0.0179054185074339
  0
VERTEX
  5
7A1
330
797
100
AcDbEntity
  8
家具示意
100
AcDbVertex
100
AcDb2dVertex
 10
517.9087271486642
 20
1894.163593908597
 30
0.0
 42
-0.0333974636936459
 70
     1
  0
VERTEX
  5
7A2
330
797
100
AcDbEntity
  8
家具示意
100
AcDbVertex
100
AcDb2dVertex
 10
538.1167383220745
 20
1896.417512147047
 30
0.0
 42
-0.0320396294917023
  0
VERTEX
  5
7A3
330
797
100
AcDbEntity
  8
家具示意
100
AcDbVertex
100
AcDb2dVertex
 10
575.1992803913307
 20
1895.685011890193
 30
0.0
 42
0.018441951395994
 70
     1
  0
VERTEX
  5
7A4
330
797
100
AcDbEntity
  8
家具示意
100
AcDbVertex
100
AcDb2dVertex
 10
639.5211295027984
 20
1892.664279529068
 30
0.0
 42
0.0108372939697291
  0
VERTEX
  5
7A5
330
797
100
AcDbEntity
  8
家具示意
100
AcDbVertex
100
AcDb2dVertex
 10
704.2845925454749
 20
1893.417199656309
 30
0.0
 42
0.0146238513299216
 70
     1
  0
VERTEX
  5
7A6
330
797
100
AcDbEntity
  8
家具示意
100
AcDbVertex
100
AcDb2dVertex
 10
752.1928494399181
 20
1896.417512147047
 30
0.0
 42
0.1112493716170288
  0
VERTEX
  5
7A7
330
797
100
AcDbEntity
  8
家具示意
100
AcDbVertex
100
AcDb2dVertex
 10
774.7396563788643
 20
1903.723937349918
 30
0.0
 42
-0.1537083434765361
 70
     1
  0
VERTEX
  5
7A8
330
797
100
AcDbEntity
  8
家具示意
100
AcDbVertex
100
AcDb2dVertex
 10
791.6279122271808
 20
1907.677068763587
 30
0.0
 42
-0.0764444186523767
  0
VERTEX
  5
7A9
330
797
100
AcDbEntity
  8
家具示意
100
AcDbVertex
100
AcDb2dVertex
 10
799.0643650122216
 20
1905.954017776006
 30
0.0
 42
-0.215512293950284
 70
     1
  0
VERTEX
  5
7AA
330
797
100
AcDbEntity
  8
家具示意
100
AcDbVertex
100
AcDb2dVertex
 10
801.0172222220571
 20
1903.923836145725
 30
0.0
 42
-0.5858582349918418
  0
VERTEX
  5
7AB
330
797
100
AcDbEntity
  8
家具示意
100
AcDbVertex
100
AcDb2dVertex
 10
798.3547600813907
 20
1900.878730125783
 30
0.0
 42
0.3634893070176432
 70
     1
  0
VERTEX
  5
7AC
330
797
100
AcDbEntity
  8
家具示意
100
AcDbVertex
100
AcDb2dVertex
 10
793.5057350354036
 20
1898.294128455978
 30
0.0
 42
0.1917162675796268
  0
VERTEX
  5
7AD
330
797
100
AcDbEntity
  8
家具示意
100
AcDbVertex
100
AcDb2dVertex
 10
793.4484155253739
 20
1886.758991053852
 30
0.0
 42
-0.1296753022843935
 70
     1
  0
VERTEX
  5
7AE
330
797
100
AcDbEntity
  8
家具示意
100
AcDbVertex
100
AcDb2dVertex
 10
795.3835578436263
 20
1870.145166295872
 30
0.0
 42
-0.017350206177164
  0
VERTEX
  5
7AF
330
797
100
AcDbEntity
  8
家具示意
100
AcDbVertex
100
AcDb2dVertex
 10
792.3838006110162
 20
1853.341100470687
 30
0.0
 42
0.0193256498707409
 70
     1
  0
VERTEX
  5
7B0
330
797
100
AcDbEntity
  8
家具示意
100
AcDbVertex
100
AcDb2dVertex
 10
789.7500894189578
 20
1838.24311275495
 30
0.0
 42
0.0188175161277147
  0
VERTEX
  5
7B1
330
797
100
AcDbEntity
  8
家具示意
100
AcDbVertex
100
AcDb2dVertex
 10
783.1357408080947
 20
1769.861015917209
 30
0.0
 42
0.0218280980030002
 70
     1
  0
VERTEX
  5
7B2
330
797
100
AcDbEntity
  8
家具示意
100
AcDbVertex
100
AcDb2dVertex
 10
782.2386022325372
 20
1710.634757354332
 30
0.0
 42
0.0062041541509907
  0
VERTEX
  5
7B3
330
797
100
AcDbEntity
  8
家具示意
100
AcDbVertex
100
AcDb2dVertex
 10
783.6242376830195
 20
1676.784083318838
 30
0.0
 42
0.0019630604773014
 70
     1
  0
VERTEX
  5
7B4
330
797
100
AcDbEntity
  8
家具示意
100
AcDbVertex
100
AcDb2dVertex
 10
789.7500894189578
 20
1569.890229028242
 30
0.0
 42
0.0283408257713941
  0
VERTEX
  5
7B5
330
797
100
AcDbEntity
  8
家具示意
100
AcDbVertex
100
AcDb2dVertex
 10
794.0272225619992
 20
1533.761599673598
 30
0.0
 42
-0.1170135268628909
 70
     1
  0
VERTEX
  5
7B6
330
797
100
AcDbEntity
  8
家具示意
100
AcDbVertex
100
AcDb2dVertex
 10
793.5057350354036
 20
1524.851861324685
 30
0.0
 42
-0.3660599914315623
  0
VERTEX
  5
7B7
330
797
100
AcDbEntity
  8
家具示意
100
AcDbVertex
100
AcDb2dVertex
 10
792.0766673731848
 20
1523.920586508757
 30
0.0
 42
-0.0397304305354332
 70
     1
  0
VERTEX
  5
7B8
330
797
100
AcDbEntity
  8
家具示意
100
AcDbVertex
100
AcDb2dVertex
 10
778.4829566160913
 20
1526.728477633616
 30
0.0
 42
-0.0483088234329496
  0
VERTEX
  5
7B9
330
797
100
AcDbEntity
  8
家具示意
100
AcDbVertex
100
AcDb2dVertex
 10
764.7444845108548
 20
1532.210304378473
 30
0.0
 42
0.0629807230965901
 70
     1
  0
VERTEX
  5
7BA
330
797
100
AcDbEntity
  8
家具示意
100
AcDbVertex
100
AcDb2dVertex
 10
754.0706722481409
 20
1536.111417941341
 30
0.0
 42
0.0405796252690656
  0
VERTEX
  5
7BB
330
797
100
AcDbEntity
  8
家具示意
100
AcDbVertex
100
AcDb2dVertex
 10
730.6733412359607
 20
1539.491989646514
 30
0.0
 42
0.0143450944869819
 70
     1
  0
VERTEX
  5
7BC
330
797
100
AcDbEntity
  8
家具示意
100
AcDbVertex
100
AcDb2dVertex
 10
663.9334138705162
 20
1541.741266868135
 30
0.0
 42
0.0054844172030433
  0
VERTEX
  5
7BD
330
797
100
AcDbEntity
  8
家具示意
100
AcDbVertex
100
AcDb2dVertex
 10
538.4887293466597
 20
1540.992657509458
 30
0.0
 42
0.0071527060937162
 70
     1
  0
VERTEX
  5
7BE
330
797
100
AcDbEntity
  8
家具示意
100
AcDbVertex
100
AcDb2dVertex
 10
442.345815566252
 20
1537.988034250273
 30
0.0
 42
0.0087615685340777
  0
VERTEX
  5
7BF
330
797
100
AcDbEntity
  8
家具示意
100
AcDbVertex
100
AcDb2dVertex
 10
399.8015630048468
 20
1535.301233597041
 30
0.0
 42
-0.0081531255989414
 70
     1
  0
VERTEX
  5
7C0
330
797
100
AcDbEntity
  8
家具示意
100
AcDbVertex
100
AcDb2dVertex
 10
354.0863799968501
 20
1532.358326560526
 30
0.0
 42
-0.062510027184643
  0
VERTEX
  5
7C1
330
797
100
AcDbEntity
  8
家具示意
100
AcDbVertex
100
AcDb2dVertex
 10
296.9570591578959
 20
1536.758950964606
 30
0.0
 42
0.078669286227118
 70
     1
  0
VERTEX
  5
7C2
330
797
100
AcDbEntity
  8
家具示意
100
AcDbVertex
100
AcDb2dVertex
 10
251.3702108314028
 20
1538.798944389389
 30
0.0
 42
0.0478250924924058
  0
VERTEX
  5
7C3
330
797
100
AcDbEntity
  8
家具示意
100
AcDbVertex
100
AcDb2dVertex
 10
229.008779572905
 20
1534.082480454875
 30
0.0
 42
-0.0344939943977636
 70
     1
  0
VERTEX
  5
7C4
330
797
100
AcDbEntity
  8
家具示意
100
AcDbVertex
100
AcDb2dVertex
 10
198.2239516560221
 20
1526.728477633616
 30
0.0
 42
-0.0235713893391271
  0
VERTEX
  5
7C5
330
797
100
AcDbEntity
  8
家具示意
100
AcDbVertex
100
AcDb2dVertex
 10
172.8887663875939
 20
1523.714829249715
 30
0.0
 42
-0.5102284767959722
 70
     1
  0
VERTEX
  5
7C6
330
797
100
AcDbEntity
  8
家具示意
100
AcDbVertex
100
AcDb2dVertex
 10
171.9340404333779
 20
1524.851861324685
 30
0.0
  0
VERTEX
  5
7C7
330
797
100
AcDbEntity
  8
家具示意
100
AcDbVertex
100
AcDb2dVertex
 10
179.4455276200315
 20
1554.877439793723
 30
0.0
  0
VERTEX
  5
7C8
330
797
100
AcDbEntity
  8
家具示意
100
AcDbVertex
100
AcDb2dVertex
 10
200.1019704177743
 20
1637.447568727832
 30
0.0
 42
0.0730409353706404
  0
VERTEX
  5
7C9
330
797
100
AcDbEntity
  8
家具示意
100
AcDbVertex
100
AcDb2dVertex
 10
202.0529996420955
 20
1657.02840101259
 30
0.0
 42
0.0233051013921503
 70
     1
  0
VERTEX
  5
7CA
330
797
100
AcDbEntity
  8
家具示意
100
AcDbVertex
100
AcDb2dVertex
 10
196.3461288475664
 20
1718.141081353126
 30
0.0
 42
0.0182988888762084
  0
VERTEX
  5
7CB
330
797
100
AcDbEntity
  8
家具示意
100
AcDbVertex
100
AcDb2dVertex
 10
192.2762102648848
 20
1740.985512882878
 30
0.0
 42
-0.0109698913763853
 70
     1
  0
VERTEX
  5
7CC
330
797
100
AcDbEntity
  8
家具示意
100
AcDbVertex
100
AcDb2dVertex
 10
184.931051119347
 20
1778.980606712343
 30
0.0
 42
-0.0422811877974625
  0
VERTEX
  5
7CD
330
797
100
AcDbEntity
  8
家具示意
100
AcDbVertex
100
AcDb2dVertex
 10
182.0242316612275
 20
1813.29401051806
 30
0.0
 42
-0.0272005265134367
 70
     1
  0
VERTEX
  5
7CE
330
797
100
AcDbEntity
  8
家具示意
100
AcDbVertex
100
AcDb2dVertex
 10
184.931051119347
 20
1866.687623910548
 30
0.0
  0
SEQEND
  5
7CF
330
797
100
AcDbEntity
  8
家具示意
  0
ENDBLK
  5
7D0
330
6E6
100
AcDbEntity
  8
0
100
AcDbBlockEnd
  0
BLOCK
  5
8AD
330
8AC
100
AcDbEntity
  8
0
100
AcDbBlockBegin
  2
13
 70
     0
 10
0.0
 20
0.0
 30
0.0
  3
13
  1

  0
LINE
  5
8AE
330
8AC
100
AcDbEntity
  8
FUR
100
AcDbLine
 10
-17588.91353899985
 20
-529653.8227777607
 30
0.0
 11
-17588.91353900183
 21
-528803.8227777612
 31
0.0
  0
LWPOLYLINE
  5
8AF
330
8AC
100
AcDbEntity
  8
FUR
100
AcDbPolyline
 90
        3
 70
     0
 43
0.0
 10
-16188.91353900125
 20
-528803.8227777605
 10
-17333.04362722311
 20
-529141.9761670417
 10
-17588.91353899985
 20
-529653.8227777607
  0
LWPOLYLINE
  5
8B0
330
8AC
100
AcDbEntity
  8
FUR
100
AcDbPolyline
 90
        3
 70
     0
 43
0.0
 10
-16188.91353900114
 20
-529653.8227777618
 10
-17333.04362722311
 20
-529141.9761670417
 10
-17588.91353900183
 20
-528803.8227777612
  0
CIRCLE
  5
8B1
330
8AC
100
AcDbEntity
  8
FUR
100
AcDbCircle
 10
-17333.04362722311
 20
-529141.9761670417
 30
0.0
 40
25.0
  0
LINE
  5
8B2
330
8AC
100
AcDbEntity
  8
FUR
100
AcDbLine
 10
-16188.91353900125
 20
-528803.8227777621
 30
0.0
 11
-16188.91353900125
 21
-529653.8227777622
 31
0.0
  0
LINE
  5
8B3
330
8AC
100
AcDbEntity
  8
FUR
100
AcDbLine
 10
-17588.91353900183
 20
-528803.8227777612
 30
0.0
 11
-16188.91353900125
 21
-528803.8227777605
 31
0.0
  0
LINE
  5
8B4
330
8AC
100
AcDbEntity
  8
FUR
100
AcDbLine
 10
-17588.91353899985
 20
-529653.8227777607
 30
0.0
 11
-16188.91353900125
 21
-529653.8227777622
 31
0.0
  0
ENDBLK
  5
8B5
330
8AC
100
AcDbEntity
  8
0
100
AcDbBlockEnd
  0
BLOCK
  5
6CB
330
6C9
100
AcDbEntity
  8
0
100
AcDbBlockBegin
  2
*U27
 70
     1
 10
0.0
 20
0.0
 30
0.0
  3
*U27
  1

  0
LWPOLYLINE
  5
6CC
330
6C9
100
AcDbEntity
  8
0
  6
HIDDEN
 48
0.3
100
AcDbPolyline
 90
        4
 70
     1
 43
0.0
 10
800.0
 20
-50.00000002233718
 10
0.0
 20
-50.0
 10
0.0
 20
-250.0000000037253
 10
800.0
 20
-250.0000000223372
1001
AcDbBlockRepETag
1070
     1
1071
        0
1005
6CC
  0
LINE
  5
6CE
330
6C9
100
AcDbEntity
  8
0
  6
HIDDEN
 48
0.3
100
AcDbLine
 10
0.0000000149011612
 20
-116.666666675359
 30
0.0000000000001176
 11
800.0000000149011
 21
-116.6666666976962
 31
0.0000000000001176
1001
AcDbBlockRepETag
1070
     1
1071
        1
1005
6CE
  0
LINE
  5
6CF
330
6C9
100
AcDbEntity
  8
0
100
AcDbLine
 10
407.5862557746003
 20
-137.0543679196853
 30
0.0
 11
407.5862557746003
 21
-226.7428615007084
 31
0.0
1001
AcDbBlockRepETag
1070
     1
1071
        4
1005
6CF
  0
LINE
  5
6D0
330
6C9
100
AcDbEntity
  8
0
100
AcDbLine
 10
447.8681112317135
 20
-137.5638792241807
 30
0.0
 11
407.5862557746009
 21
-195.7624370765989
 31
0.0
1001
AcDbBlockRepETag
1070
     1
1071
        5
1005
6D0
  0
LINE
  5
6D1
330
6C9
100
AcDbEntity
  8
0
100
AcDbLine
 10
445.3188282579648
 20
-226.2333501962712
 30
0.0
 11
419.5515253644551
 21
-178.4752136718307
 31
0.0
1001
AcDbBlockRepETag
1070
     1
1071
        6
1005
6D1
  0
ENDBLK
  5
6D2
330
6C9
100
AcDbEntity
  8
0
100
AcDbBlockEnd
  0
BLOCK
  5
82A
330
827
100
AcDbEntity
  8
0
100
AcDbBlockBegin
  2
*U28
 70
     1
 10
0.0
 20
0.0
 30
0.0
  3
*U28
  1

  0
LWPOLYLINE
  5
82B
330
827
100
AcDbEntity
  8
0
100
AcDbPolyline
 90
        4
 70
     1
 43
0.0
 10
-999.9999993122182
 20
0.0
 10
700.0000005199691
 20
0.0
 10
700.0000005199691
 20
-550.0000000004656
 10
-999.9999993122182
 20
-550.0000000004656
1001
AcDbBlockRepETag
1070
     1
1071
        8
1005
82B
  0
LWPOLYLINE
  5
82C
330
827
100
AcDbEntity
  8
0
100
AcDbPolyline
 90
        4
 70
     1
 43
0.0
 10
-969.9999993122183
 20
-30.0
 10
670.0000005199691
 20
-30.0
 10
670.0000005199691
 20
-520.0000000004656
 10
-969.9999993122183
 20
-520.0000000004656
1001
AcDbBlockRepETag
1070
     1
1071
        9
1005
82C
  0
LINE
  5
82D
330
827
100
AcDbEntity
  8
0
100
AcDbLine
 10
-969.9999993122183
 20
-275.0000000002328
 30
0.0
 11
670.0000005199691
 21
-275.0000000002328
 31
0.0
1001
AcDbBlockRepETag
1070
     1
1071
       10
1005
82D
  0
LWPOLYLINE
  5
82E
330
827
100
AcDbEntity
  8
0
100
AcDbPolyline
 90
        6
 70
     1
 43
0.0
 38
0.0000004644613586
 10
-873.9999990141951
 20
-95.00000000768341
 10
-861.9999993492383
 20
-275.0000000300352
 10
-873.9999996845144
 20
-455.0000000076834
 10
-905.9999996845144
 20
-454.9999999480787
 10
-917.9999993492385
 20
-274.999999925727
 10
-905.999999014195
 20
-94.99999994807877
1001
AcDbBlockRepETag
1070
     1
1071
       11
1005
82E
  0
LWPOLYLINE
  5
82F
330
827
100
AcDbEntity
  8
0
 48
15.0
100
AcDbPolyline
 90
        4
 70
     1
 43
0.0
 38
-0.0000000049003113
 10
-893.9999993119855
 20
-254.9999999704305
 10
-885.9999993122183
 20
-254.9999999853317
 10
-885.9999993864912
 20
-294.9999999853316
 10
-893.9999993864912
 20
-294.9999999704305
1001
AcDbBlockRepETag
1070
     1
1071
       12
1005
82F
  0
LWPOLYLINE
  5
830
330
827
100
AcDbEntity
  8
0
100
AcDbPolyline
 90
        6
 70
     1
 43
0.0
 38
0.0000004644613586
 10
-773.9999990141949
 20
-95.00000000768341
 10
-761.9999993492382
 20
-275.0000000300352
 10
-773.9999996845145
 20
-455.0000000076834
 10
-805.9999996845144
 20
-454.9999999480787
 10
-817.9999993492382
 20
-274.999999925727
 10
-805.999999014195
 20
-94.99999994807877
1001
AcDbBlockRepETag
1070
     1
1071
       11
1005
830
1001
AcDbBlockArrayActionTag
1070
     1
  0
LWPOLYLINE
  5
831
330
827
100
AcDbEntity
  8
0
100
AcDbPolyline
 90
        6
 70
     1
 43
0.0
 38
0.0000004644613586
 10
-673.999999014195
 20
-95.00000000768341
 10
-661.9999993492382
 20
-275.0000000300352
 10
-673.9999996845145
 20
-455.0000000076834
 10
-705.9999996845143
 20
-454.9999999480787
 10
-717.9999993492382
 20
-274.999999925727
 10
-705.9999990141951
 20
-94.99999994807877
1001
AcDbBlockRepETag
1070
     1
1071
       11
1005
831
1001
AcDbBlockArrayActionTag
1070
     1
  0
LWPOLYLINE
  5
832
330
827
100
AcDbEntity
  8
0
100
AcDbPolyline
 90
        6
 70
     1
 43
0.0
 38
0.0000004644613586
 10
-573.999999014195
 20
-95.00000000768341
 10
-561.9999993492382
 20
-275.0000000300352
 10
-573.9999996845145
 20
-455.0000000076834
 10
-605.9999996845142
 20
-454.9999999480787
 10
-617.9999993492382
 20
-274.999999925727
 10
-605.9999990141951
 20
-94.99999994807877
1001
AcDbBlockRepETag
1070
     1
1071
       11
1005
832
1001
AcDbBlockArrayActionTag
1070
     1
  0
LWPOLYLINE
  5
833
330
827
100
AcDbEntity
  8
0
100
AcDbPolyline
 90
        6
 70
     1
 43
0.0
 38
0.0000004644613586
 10
-473.9999990141948
 20
-95.00000000768341
 10
-461.9999993492383
 20
-275.0000000300352
 10
-473.9999996845145
 20
-455.0000000076834
 10
-505.9999996845141
 20
-454.9999999480787
 10
-517.9999993492382
 20
-274.999999925727
 10
-505.9999990141951
 20
-94.99999994807877
1001
AcDbBlockRepETag
1070
     1
1071
       11
1005
833
1001
AcDbBlockArrayActionTag
1070
     1
  0
LWPOLYLINE
  5
834
330
827
100
AcDbEntity
  8
0
100
AcDbPolyline
 90
        6
 70
     1
 43
0.0
 38
0.0000004644613586
 10
-373.9999990141951
 20
-95.00000000768341
 10
-361.9999993492383
 20
-275.0000000300352
 10
-373.9999996845146
 20
-455.0000000076834
 10
-405.9999996845142
 20
-454.9999999480787
 10
-417.9999993492383
 20
-274.999999925727
 10
-405.9999990141951
 20
-94.99999994807877
1001
AcDbBlockRepETag
1070
     1
1071
       11
1005
834
1001
AcDbBlockArrayActionTag
1070
     1
  0
LWPOLYLINE
  5
835
330
827
100
AcDbEntity
  8
0
100
AcDbPolyline
 90
        6
 70
     1
 43
0.0
 38
0.0000004644613586
 10
-273.9999990141952
 20
-95.00000000768341
 10
-261.9999993492385
 20
-275.0000000300352
 10
-273.9999996845146
 20
-455.0000000076834
 10
-305.9999996845146
 20
-454.9999999480787
 10
-317.9999993492385
 20
-274.999999925727
 10
-305.9999990141952
 20
-94.99999994807877
1001
AcDbBlockRepETag
1070
     1
1071
       11
1005
835
1001
AcDbBlockArrayActionTag
1070
     1
  0
LWPOLYLINE
  5
836
330
827
100
AcDbEntity
  8
0
100
AcDbPolyline
 90
        6
 70
     1
 43
0.0
 38
0.0000004644613586
 10
-173.9999990141951
 20
-95.00000000768341
 10
-161.9999993492385
 20
-275.0000000300352
 10
-173.9999996845146
 20
-455.0000000076834
 10
-205.9999996845146
 20
-454.9999999480787
 10
-217.9999993492385
 20
-274.999999925727
 10
-205.9999990141952
 20
-94.99999994807877
1001
AcDbBlockRepETag
1070
     1
1071
       11
1005
836
1001
AcDbBlockArrayActionTag
1070
     1
  0
LWPOLYLINE
  5
837
330
827
100
AcDbEntity
  8
0
100
AcDbPolyline
 90
        6
 70
     1
 43
0.0
 38
0.0000004644613586
 10
-73.99999901419517
 20
-95.00000000768341
 10
-61.99999934923846
 20
-275.0000000300352
 10
-73.99999968451459
 20
-455.0000000076834
 10
-105.9999996845146
 20
-454.9999999480787
 10
-117.9999993492384
 20
-274.999999925727
 10
-105.9999990141951
 20
-94.99999994807877
1001
AcDbBlockRepETag
1070
     1
1071
       11
1005
837
1001
AcDbBlockArrayActionTag
1070
     1
  0
LWPOLYLINE
  5
838
330
827
100
AcDbEntity
  8
0
100
AcDbPolyline
 90
        6
 70
     1
 43
0.0
 38
0.0000004644613586
 10
26.00000098580483
 20
-95.00000000768341
 10
38.00000065076154
 20
-275.0000000300352
 10
26.00000031548541
 20
-455.0000000076834
 10
-5.999999684514587
 20
-454.9999999480787
 10
-17.99999934923846
 20
-274.999999925727
 10
-5.999999014195168
 20
-94.99999994807877
1001
AcDbBlockRepETag
1070
     1
1071
       11
1005
838
1001
AcDbBlockArrayActionTag
1070
     1
  0
LWPOLYLINE
  5
839
330
827
100
AcDbEntity
  8
0
100
AcDbPolyline
 90
        6
 70
     1
 43
0.0
 38
0.0000004644613586
 10
126.0000009858048
 20
-95.00000000768341
 10
138.0000006507615
 20
-275.0000000300352
 10
126.0000003154854
 20
-455.0000000076834
 10
94.0000003154854
 20
-454.9999999480787
 10
82.00000065076151
 20
-274.999999925727
 10
94.00000098580481
 20
-94.99999994807877
1001
AcDbBlockRepETag
1070
     1
1071
       11
1005
839
1001
AcDbBlockArrayActionTag
1070
     1
  0
LWPOLYLINE
  5
83A
330
827
100
AcDbEntity
  8
0
100
AcDbPolyline
 90
        6
 70
     1
 43
0.0
 38
0.0000004644613586
 10
226.0000009858047
 20
-95.00000000768341
 10
238.0000006507614
 20
-275.0000000300352
 10
226.0000003154853
 20
-455.0000000076834
 10
194.0000003154853
 20
-454.9999999480787
 10
182.0000006507614
 20
-274.999999925727
 10
194.0000009858046
 20
-94.99999994807877
1001
AcDbBlockRepETag
1070
     1
1071
       11
1005
83A
1001
AcDbBlockArrayActionTag
1070
     1
  0
LWPOLYLINE
  5
83B
330
827
100
AcDbEntity
  8
0
100
AcDbPolyline
 90
        6
 70
     1
 43
0.0
 38
0.0000004644613586
 10
326.0000009858047
 20
-95.00000000768341
 10
338.0000006507614
 20
-275.0000000300352
 10
326.0000003154853
 20
-455.0000000076834
 10
294.0000003154853
 20
-454.9999999480787
 10
282.0000006507614
 20
-274.999999925727
 10
294.0000009858047
 20
-94.99999994807877
1001
AcDbBlockRepETag
1070
     1
1071
       11
1005
83B
1001
AcDbBlockArrayActionTag
1070
     1
  0
LWPOLYLINE
  5
83C
330
827
100
AcDbEntity
  8
0
100
AcDbPolyline
 90
        6
 70
     1
 43
0.0
 38
0.0000004644613586
 10
426.0000009858045
 20
-95.00000000768341
 10
438.0000006507613
 20
-275.0000000300352
 10
426.0000003154853
 20
-455.0000000076834
 10
394.0000003154853
 20
-454.9999999480787
 10
382.0000006507614
 20
-274.999999925727
 10
394.0000009858047
 20
-94.99999994807877
1001
AcDbBlockRepETag
1070
     1
1071
       11
1005
83C
1001
AcDbBlockArrayActionTag
1070
     1
  0
LWPOLYLINE
  5
83D
330
827
100
AcDbEntity
  8
0
100
AcDbPolyline
 90
        6
 70
     1
 43
0.0
 38
0.0000004644613586
 10
526.0000009858047
 20
-95.00000000768341
 10
538.0000006507613
 20
-275.0000000300352
 10
526.0000003154853
 20
-455.0000000076834
 10
494.0000003154851
 20
-454.9999999480787
 10
482.0000006507613
 20
-274.999999925727
 10
494.0000009858046
 20
-94.99999994807877
1001
AcDbBlockRepETag
1070
     1
1071
       11
1005
83D
1001
AcDbBlockArrayActionTag
1070
     1
  0
LWPOLYLINE
  5
83E
330
827
100
AcDbEntity
  8
0
100
AcDbPolyline
 90
        6
 70
     1
 43
0.0
 38
0.0000004644613586
 10
626.0000009858047
 20
-95.00000000768341
 10
638.0000006507613
 20
-275.0000000300352
 10
626.0000003154852
 20
-455.0000000076834
 10
594.0000003154851
 20
-454.9999999480787
 10
582.0000006507613
 20
-274.999999925727
 10
594.0000009858047
 20
-94.99999994807877
1001
AcDbBlockRepETag
1070
     1
1071
       11
1005
83E
1001
AcDbBlockArrayActionTag
1070
     1
  0
LWPOLYLINE
  5
83F
330
827
100
AcDbEntity
  8
0
 48
15.0
100
AcDbPolyline
 90
        4
 70
     1
 43
0.0
 38
-0.0000000049003113
 10
-793.9999993119855
 20
-254.9999999704305
 10
-785.9999993122182
 20
-254.9999999853317
 10
-785.9999993864912
 20
-294.9999999853316
 10
-793.9999993864912
 20
-294.9999999704305
1001
AcDbBlockRepETag
1070
     1
1071
       12
1005
83F
1001
AcDbBlockArrayActionTag
1070
     1
  0
LWPOLYLINE
  5
840
330
827
100
AcDbEntity
  8
0
 48
15.0
100
AcDbPolyline
 90
        4
 70
     1
 43
0.0
 38
-0.0000000049003113
 10
-693.9999993119855
 20
-254.9999999704305
 10
-685.9999993122182
 20
-254.9999999853317
 10
-685.9999993864912
 20
-294.9999999853316
 10
-693.9999993864912
 20
-294.9999999704305
1001
AcDbBlockRepETag
1070
     1
1071
       12
1005
840
1001
AcDbBlockArrayActionTag
1070
     1
  0
LWPOLYLINE
  5
841
330
827
100
AcDbEntity
  8
0
 48
15.0
100
AcDbPolyline
 90
        4
 70
     1
 43
0.0
 38
-0.0000000049003113
 10
-593.9999993119854
 20
-254.9999999704305
 10
-585.9999993122182
 20
-254.9999999853317
 10
-585.9999993864912
 20
-294.9999999853316
 10
-593.9999993864912
 20
-294.9999999704305
1001
AcDbBlockRepETag
1070
     1
1071
       12
1005
841
1001
AcDbBlockArrayActionTag
1070
     1
  0
LWPOLYLINE
  5
842
330
827
100
AcDbEntity
  8
0
 48
15.0
100
AcDbPolyline
 90
        4
 70
     1
 43
0.0
 38
-0.0000000049003113
 10
-493.9999993119854
 20
-254.9999999704305
 10
-485.9999993122182
 20
-254.9999999853317
 10
-485.999999386491
 20
-294.9999999853316
 10
-493.999999386491
 20
-294.9999999704305
1001
AcDbBlockRepETag
1070
     1
1071
       12
1005
842
1001
AcDbBlockArrayActionTag
1070
     1
  0
LWPOLYLINE
  5
843
330
827
100
AcDbEntity
  8
0
 48
15.0
100
AcDbPolyline
 90
        4
 70
     1
 43
0.0
 38
-0.0000000049003113
 10
-393.9999993119855
 20
-254.9999999704305
 10
-385.9999993122183
 20
-254.9999999853317
 10
-385.9999993864913
 20
-294.9999999853316
 10
-393.9999993864913
 20
-294.9999999704305
1001
AcDbBlockRepETag
1070
     1
1071
       12
1005
843
1001
AcDbBlockArrayActionTag
1070
     1
  0
LWPOLYLINE
  5
844
330
827
100
AcDbEntity
  8
0
 48
15.0
100
AcDbPolyline
 90
        4
 70
     1
 43
0.0
 38
-0.0000000049003113
 10
-293.9999993119855
 20
-254.9999999704305
 10
-285.9999993122183
 20
-254.9999999853317
 10
-285.9999993864914
 20
-294.9999999853316
 10
-293.9999993864914
 20
-294.9999999704305
1001
AcDbBlockRepETag
1070
     1
1071
       12
1005
844
1001
AcDbBlockArrayActionTag
1070
     1
  0
LWPOLYLINE
  5
845
330
827
100
AcDbEntity
  8
0
 48
15.0
100
AcDbPolyline
 90
        4
 70
     1
 43
0.0
 38
-0.0000000049003113
 10
-193.9999993119855
 20
-254.9999999704305
 10
-185.9999993122184
 20
-254.9999999853317
 10
-185.9999993864913
 20
-294.9999999853316
 10
-193.9999993864913
 20
-294.9999999704305
1001
AcDbBlockRepETag
1070
     1
1071
       12
1005
845
1001
AcDbBlockArrayActionTag
1070
     1
  0
LWPOLYLINE
  5
846
330
827
100
AcDbEntity
  8
0
 48
15.0
100
AcDbPolyline
 90
        4
 70
     1
 43
0.0
 38
-0.0000000049003113
 10
-93.99999931198557
 20
-254.9999999704305
 10
-85.99999931221839
 20
-254.9999999853317
 10
-85.99999938649139
 20
-294.9999999853316
 10
-93.99999938649136
 20
-294.9999999704305
1001
AcDbBlockRepETag
1070
     1
1071
       12
1005
846
1001
AcDbBlockArrayActionTag
1070
     1
  0
LWPOLYLINE
  5
847
330
827
100
AcDbEntity
  8
0
 48
15.0
100
AcDbPolyline
 90
        4
 70
     1
 43
0.0
 38
-0.0000000049003113
 10
6.000000688014436
 20
-254.9999999704305
 10
14.00000068778161
 20
-254.9999999853317
 10
14.00000061350863
 20
-294.9999999853316
 10
6.000000613508633
 20
-294.9999999704305
1001
AcDbBlockRepETag
1070
     1
1071
       12
1005
847
1001
AcDbBlockArrayActionTag
1070
     1
  0
LWPOLYLINE
  5
848
330
827
100
AcDbEntity
  8
0
 48
15.0
100
AcDbPolyline
 90
        4
 70
     1
 43
0.0
 38
-0.0000000049003113
 10
106.0000006880144
 20
-254.9999999704305
 10
114.0000006877816
 20
-254.9999999853317
 10
114.0000006135086
 20
-294.9999999853316
 10
106.0000006135086
 20
-294.9999999704305
1001
AcDbBlockRepETag
1070
     1
1071
       12
1005
848
1001
AcDbBlockArrayActionTag
1070
     1
  0
LWPOLYLINE
  5
849
330
827
100
AcDbEntity
  8
0
 48
15.0
100
AcDbPolyline
 90
        4
 70
     1
 43
0.0
 38
-0.0000000049003113
 10
206.0000006880143
 20
-254.9999999704305
 10
214.0000006877815
 20
-254.9999999853317
 10
214.0000006135085
 20
-294.9999999853316
 10
206.0000006135085
 20
-294.9999999704305
1001
AcDbBlockRepETag
1070
     1
1071
       12
1005
849
1001
AcDbBlockArrayActionTag
1070
     1
  0
LWPOLYLINE
  5
84A
330
827
100
AcDbEntity
  8
0
 48
15.0
100
AcDbPolyline
 90
        4
 70
     1
 43
0.0
 38
-0.0000000049003113
 10
306.0000006880143
 20
-254.9999999704305
 10
314.0000006877815
 20
-254.9999999853317
 10
314.0000006135085
 20
-294.9999999853316
 10
306.0000006135085
 20
-294.9999999704305
1001
AcDbBlockRepETag
1070
     1
1071
       12
1005
84A
1001
AcDbBlockArrayActionTag
1070
     1
  0
LWPOLYLINE
  5
84B
330
827
100
AcDbEntity
  8
0
 48
15.0
100
AcDbPolyline
 90
        4
 70
     1
 43
0.0
 38
-0.0000000049003113
 10
406.0000006880143
 20
-254.9999999704305
 10
414.0000006877815
 20
-254.9999999853317
 10
414.0000006135085
 20
-294.9999999853316
 10
406.0000006135084
 20
-294.9999999704305
1001
AcDbBlockRepETag
1070
     1
1071
       12
1005
84B
1001
AcDbBlockArrayActionTag
1070
     1
  0
LWPOLYLINE
  5
84C
330
827
100
AcDbEntity
  8
0
 48
15.0
100
AcDbPolyline
 90
        4
 70
     1
 43
0.0
 38
-0.0000000049003113
 10
506.0000006880143
 20
-254.9999999704305
 10
514.0000006877815
 20
-254.9999999853317
 10
514.0000006135085
 20
-294.9999999853316
 10
506.0000006135084
 20
-294.9999999704305
1001
AcDbBlockRepETag
1070
     1
1071
       12
1005
84C
1001
AcDbBlockArrayActionTag
1070
     1
  0
LWPOLYLINE
  5
84D
330
827
100
AcDbEntity
  8
0
 48
15.0
100
AcDbPolyline
 90
        4
 70
     1
 43
0.0
 38
-0.0000000049003113
 10
606.0000006880142
 20
-254.9999999704305
 10
614.0000006877815
 20
-254.9999999853317
 10
614.0000006135085
 20
-294.9999999853316
 10
606.0000006135084
 20
-294.9999999704305
1001
AcDbBlockRepETag
1070
     1
1071
       12
1005
84D
1001
AcDbBlockArrayActionTag
1070
     1
  0
ENDBLK
  5
84E
330
827
100
AcDbEntity
  8
0
100
AcDbBlockEnd
  0
BLOCK
  5
863
330
860
100
AcDbEntity
  8
0
100
AcDbBlockBegin
  2
*U29
 70
     1
 10
0.0
 20
0.0
 30
0.0
  3
*U29
  1

  0
LWPOLYLINE
  5
864
330
860
100
AcDbEntity
  8
0
100
AcDbPolyline
 90
        4
 70
     1
 43
0.0
 10
-999.9999993122182
 20
0.0
 10
399.9999971071376
 20
0.0
 10
399.9999971071376
 20
-550.0000000004656
 10
-999.9999993122182
 20
-550.0000000004656
1001
AcDbBlockRepETag
1070
     1
1071
        8
1005
864
  0
LWPOLYLINE
  5
865
330
860
100
AcDbEntity
  8
0
100
AcDbPolyline
 90
        4
 70
     1
 43
0.0
 10
-969.9999993122183
 20
-30.0
 10
369.9999971071376
 20
-30.0
 10
369.9999971071376
 20
-520.0000000004656
 10
-969.9999993122183
 20
-520.0000000004656
1001
AcDbBlockRepETag
1070
     1
1071
        9
1005
865
  0
LINE
  5
866
330
860
100
AcDbEntity
  8
0
100
AcDbLine
 10
-969.9999993122183
 20
-275.0000000002328
 30
0.0
 11
369.9999971071376
 21
-275.0000000002328
 31
0.0
1001
AcDbBlockRepETag
1070
     1
1071
       10
1005
866
  0
LWPOLYLINE
  5
867
330
860
100
AcDbEntity
  8
0
100
AcDbPolyline
 90
        6
 70
     1
 43
0.0
 38
0.0000004644613586
 10
-873.9999990141951
 20
-95.00000000768341
 10
-861.9999993492383
 20
-275.0000000300352
 10
-873.9999996845144
 20
-455.0000000076834
 10
-905.9999996845144
 20
-454.9999999480787
 10
-917.9999993492385
 20
-274.999999925727
 10
-905.999999014195
 20
-94.99999994807877
1001
AcDbBlockRepETag
1070
     1
1071
       11
1005
867
  0
LWPOLYLINE
  5
868
330
860
100
AcDbEntity
  8
0
 48
15.0
100
AcDbPolyline
 90
        4
 70
     1
 43
0.0
 38
-0.0000000049003113
 10
-893.9999993119855
 20
-254.9999999704305
 10
-885.9999993122183
 20
-254.9999999853317
 10
-885.9999993864912
 20
-294.9999999853316
 10
-893.9999993864912
 20
-294.9999999704305
1001
AcDbBlockRepETag
1070
     1
1071
       12
1005
868
  0
LWPOLYLINE
  5
869
330
860
100
AcDbEntity
  8
0
100
AcDbPolyline
 90
        6
 70
     1
 43
0.0
 38
0.0000004644613586
 10
-773.9999990141949
 20
-95.00000000768341
 10
-761.9999993492382
 20
-275.0000000300352
 10
-773.9999996845145
 20
-455.0000000076834
 10
-805.9999996845144
 20
-454.9999999480787
 10
-817.9999993492382
 20
-274.999999925727
 10
-805.999999014195
 20
-94.99999994807877
1001
AcDbBlockRepETag
1070
     1
1071
       11
1005
869
1001
AcDbBlockArrayActionTag
1070
     1
  0
LWPOLYLINE
  5
86A
330
860
100
AcDbEntity
  8
0
100
AcDbPolyline
 90
        6
 70
     1
 43
0.0
 38
0.0000004644613586
 10
-673.999999014195
 20
-95.00000000768341
 10
-661.9999993492382
 20
-275.0000000300352
 10
-673.9999996845145
 20
-455.0000000076834
 10
-705.9999996845143
 20
-454.9999999480787
 10
-717.9999993492382
 20
-274.999999925727
 10
-705.9999990141951
 20
-94.99999994807877
1001
AcDbBlockRepETag
1070
     1
1071
       11
1005
86A
1001
AcDbBlockArrayActionTag
1070
     1
  0
LWPOLYLINE
  5
86B
330
860
100
AcDbEntity
  8
0
100
AcDbPolyline
 90
        6
 70
     1
 43
0.0
 38
0.0000004644613586
 10
-573.999999014195
 20
-95.00000000768341
 10
-561.9999993492382
 20
-275.0000000300352
 10
-573.9999996845145
 20
-455.0000000076834
 10
-605.9999996845142
 20
-454.9999999480787
 10
-617.9999993492382
 20
-274.999999925727
 10
-605.9999990141951
 20
-94.99999994807877
1001
AcDbBlockRepETag
1070
     1
1071
       11
1005
86B
1001
AcDbBlockArrayActionTag
1070
     1
  0
LWPOLYLINE
  5
86C
330
860
100
AcDbEntity
  8
0
100
AcDbPolyline
 90
        6
 70
     1
 43
0.0
 38
0.0000004644613586
 10
-473.9999990141948
 20
-95.00000000768341
 10
-461.9999993492383
 20
-275.0000000300352
 10
-473.9999996845145
 20
-455.0000000076834
 10
-505.9999996845141
 20
-454.9999999480787
 10
-517.9999993492382
 20
-274.999999925727
 10
-505.9999990141951
 20
-94.99999994807877
1001
AcDbBlockRepETag
1070
     1
1071
       11
1005
86C
1001
AcDbBlockArrayActionTag
1070
     1
  0
LWPOLYLINE
  5
86D
330
860
100
AcDbEntity
  8
0
100
AcDbPolyline
 90
        6
 70
     1
 43
0.0
 38
0.0000004644613586
 10
-373.9999990141951
 20
-95.00000000768341
 10
-361.9999993492383
 20
-275.0000000300352
 10
-373.9999996845145
 20
-455.0000000076834
 10
-405.9999996845141
 20
-454.9999999480787
 10
-417.9999993492383
 20
-274.999999925727
 10
-405.9999990141951
 20
-94.99999994807877
1001
AcDbBlockRepETag
1070
     1
1071
       11
1005
86D
1001
AcDbBlockArrayActionTag
1070
     1
  0
LWPOLYLINE
  5
86E
330
860
100
AcDbEntity
  8
0
100
AcDbPolyline
 90
        6
 70
     1
 43
0.0
 38
0.0000004644613586
 10
-273.9999990141951
 20
-95.00000000768341
 10
-261.9999993492383
 20
-275.0000000300352
 10
-273.9999996845145
 20
-455.0000000076834
 10
-305.9999996845145
 20
-454.9999999480787
 10
-317.9999993492383
 20
-274.999999925727
 10
-305.9999990141951
 20
-94.99999994807877
1001
AcDbBlockRepETag
1070
     1
1071
       11
1005
86E
1001
AcDbBlockArrayActionTag
1070
     1
  0
LWPOLYLINE
  5
86F
330
860
100
AcDbEntity
  8
0
100
AcDbPolyline
 90
        6
 70
     1
 43
0.0
 38
0.0000004644613586
 10
-173.999999014195
 20
-95.00000000768341
 10
-161.9999993492383
 20
-275.0000000300352
 10
-173.9999996845144
 20
-455.0000000076834
 10
-205.9999996845145
 20
-454.9999999480787
 10
-217.9999993492383
 20
-274.999999925727
 10
-205.9999990141951
 20
-94.99999994807877
1001
AcDbBlockRepETag
1070
     1
1071
       11
1005
86F
1001
AcDbBlockArrayActionTag
1070
     1
  0
LWPOLYLINE
  5
870
330
860
100
AcDbEntity
  8
0
100
AcDbPolyline
 90
        6
 70
     1
 43
0.0
 38
0.0000004644613586
 10
-73.99999901419505
 20
-95.00000000768341
 10
-61.99999934923835
 20
-275.0000000300352
 10
-73.99999968451448
 20
-455.0000000076834
 10
-105.9999996845145
 20
-454.9999999480787
 10
-117.9999993492383
 20
-274.999999925727
 10
-105.999999014195
 20
-94.99999994807877
1001
AcDbBlockRepETag
1070
     1
1071
       11
1005
870
1001
AcDbBlockArrayActionTag
1070
     1
  0
LWPOLYLINE
  5
871
330
860
100
AcDbEntity
  8
0
100
AcDbPolyline
 90
        6
 70
     1
 43
0.0
 38
0.0000004644613586
 10
26.00000098580494
 20
-95.00000000768341
 10
38.00000065076165
 20
-275.0000000300352
 10
26.00000031548552
 20
-455.0000000076834
 10
-5.999999684514476
 20
-454.9999999480787
 10
-17.99999934923835
 20
-274.999999925727
 10
-5.999999014195052
 20
-94.99999994807877
1001
AcDbBlockRepETag
1070
     1
1071
       11
1005
871
1001
AcDbBlockArrayActionTag
1070
     1
  0
LWPOLYLINE
  5
872
330
860
100
AcDbEntity
  8
0
100
AcDbPolyline
 90
        6
 70
     1
 43
0.0
 38
0.0000004644613586
 10
126.0000009858049
 20
-95.00000000768341
 10
138.0000006507616
 20
-275.0000000300352
 10
126.0000003154855
 20
-455.0000000076834
 10
94.00000031548552
 20
-454.9999999480787
 10
82.00000065076165
 20
-274.999999925727
 10
94.00000098580497
 20
-94.99999994807877
1001
AcDbBlockRepETag
1070
     1
1071
       11
1005
872
1001
AcDbBlockArrayActionTag
1070
     1
  0
LWPOLYLINE
  5
873
330
860
100
AcDbEntity
  8
0
100
AcDbPolyline
 90
        6
 70
     1
 43
0.0
 38
0.0000004644613586
 10
226.000000985805
 20
-95.00000000768341
 10
238.0000006507617
 20
-275.0000000300352
 10
226.0000003154855
 20
-455.0000000076834
 10
194.0000003154855
 20
-454.9999999480787
 10
182.0000006507616
 20
-274.999999925727
 10
194.0000009858049
 20
-94.99999994807877
1001
AcDbBlockRepETag
1070
     1
1071
       11
1005
873
1001
AcDbBlockArrayActionTag
1070
     1
  0
LWPOLYLINE
  5
874
330
860
100
AcDbEntity
  8
0
100
AcDbPolyline
 90
        6
 70
     1
 43
0.0
 38
0.0000004644613586
 10
326.000000985805
 20
-95.00000000768341
 10
338.0000006507617
 20
-275.0000000300352
 10
326.0000003154855
 20
-455.0000000076834
 10
294.0000003154855
 20
-454.9999999480787
 10
282.0000006507616
 20
-274.999999925727
 10
294.0000009858049
 20
-94.99999994807877
1001
AcDbBlockRepETag
1070
     1
1071
       11
1005
874
1001
AcDbBlockArrayActionTag
1070
     1
  0
LWPOLYLINE
  5
875
330
860
100
AcDbEntity
  8
0
 48
15.0
100
AcDbPolyline
 90
        4
 70
     1
 43
0.0
 38
-0.0000000049003113
 10
-793.9999993119855
 20
-254.9999999704305
 10
-785.9999993122182
 20
-254.9999999853317
 10
-785.9999993864912
 20
-294.9999999853316
 10
-793.9999993864912
 20
-294.9999999704305
1001
AcDbBlockRepETag
1070
     1
1071
       12
1005
875
1001
AcDbBlockArrayActionTag
1070
     1
  0
LWPOLYLINE
  5
876
330
860
100
AcDbEntity
  8
0
 48
15.0
100
AcDbPolyline
 90
        4
 70
     1
 43
0.0
 38
-0.0000000049003113
 10
-693.9999993119855
 20
-254.9999999704305
 10
-685.9999993122182
 20
-254.9999999853317
 10
-685.9999993864912
 20
-294.9999999853316
 10
-693.9999993864912
 20
-294.9999999704305
1001
AcDbBlockRepETag
1070
     1
1071
       12
1005
876
1001
AcDbBlockArrayActionTag
1070
     1
  0
LWPOLYLINE
  5
877
330
860
100
AcDbEntity
  8
0
 48
15.0
100
AcDbPolyline
 90
        4
 70
     1
 43
0.0
 38
-0.0000000049003113
 10
-593.9999993119854
 20
-254.9999999704305
 10
-585.9999993122182
 20
-254.9999999853317
 10
-585.9999993864912
 20
-294.9999999853316
 10
-593.9999993864912
 20
-294.9999999704305
1001
AcDbBlockRepETag
1070
     1
1071
       12
1005
877
1001
AcDbBlockArrayActionTag
1070
     1
  0
LWPOLYLINE
  5
878
330
860
100
AcDbEntity
  8
0
 48
15.0
100
AcDbPolyline
 90
        4
 70
     1
 43
0.0
 38
-0.0000000049003113
 10
-493.9999993119854
 20
-254.9999999704305
 10
-485.9999993122182
 20
-254.9999999853317
 10
-485.999999386491
 20
-294.9999999853316
 10
-493.999999386491
 20
-294.9999999704305
1001
AcDbBlockRepETag
1070
     1
1071
       12
1005
878
1001
AcDbBlockArrayActionTag
1070
     1
  0
LWPOLYLINE
  5
879
330
860
100
AcDbEntity
  8
0
 48
15.0
100
AcDbPolyline
 90
        4
 70
     1
 43
0.0
 38
-0.0000000049003113
 10
-393.9999993119855
 20
-254.9999999704305
 10
-385.9999993122183
 20
-254.9999999853317
 10
-385.9999993864913
 20
-294.9999999853316
 10
-393.9999993864913
 20
-294.9999999704305
1001
AcDbBlockRepETag
1070
     1
1071
       12
1005
879
1001
AcDbBlockArrayActionTag
1070
     1
  0
LWPOLYLINE
  5
87A
330
860
100
AcDbEntity
  8
0
 48
15.0
100
AcDbPolyline
 90
        4
 70
     1
 43
0.0
 38
-0.0000000049003113
 10
-293.9999993119855
 20
-254.9999999704305
 10
-285.9999993122183
 20
-254.9999999853317
 10
-285.9999993864913
 20
-294.9999999853316
 10
-293.9999993864912
 20
-294.9999999704305
1001
AcDbBlockRepETag
1070
     1
1071
       12
1005
87A
1001
AcDbBlockArrayActionTag
1070
     1
  0
LWPOLYLINE
  5
87B
330
860
100
AcDbEntity
  8
0
 48
15.0
100
AcDbPolyline
 90
        4
 70
     1
 43
0.0
 38
-0.0000000049003113
 10
-193.9999993119854
 20
-254.9999999704305
 10
-185.9999993122183
 20
-254.9999999853317
 10
-185.9999993864912
 20
-294.9999999853316
 10
-193.9999993864912
 20
-294.9999999704305
1001
AcDbBlockRepETag
1070
     1
1071
       12
1005
87B
1001
AcDbBlockArrayActionTag
1070
     1
  0
LWPOLYLINE
  5
87C
330
860
100
AcDbEntity
  8
0
 48
15.0
100
AcDbPolyline
 90
        4
 70
     1
 43
0.0
 38
-0.0000000049003113
 10
-93.99999931198543
 20
-254.9999999704305
 10
-85.99999931221828
 20
-254.9999999853317
 10
-85.99999938649125
 20
-294.9999999853316
 10
-93.99999938649123
 20
-294.9999999704305
1001
AcDbBlockRepETag
1070
     1
1071
       12
1005
87C
1001
AcDbBlockArrayActionTag
1070
     1
  0
LWPOLYLINE
  5
87D
330
860
100
AcDbEntity
  8
0
 48
15.0
100
AcDbPolyline
 90
        4
 70
     1
 43
0.0
 38
-0.0000000049003113
 10
6.00000068801455
 20
-254.9999999704305
 10
14.00000068778172
 20
-254.9999999853317
 10
14.00000061350874
 20
-294.9999999853316
 10
6.000000613508746
 20
-294.9999999704305
1001
AcDbBlockRepETag
1070
     1
1071
       12
1005
87D
1001
AcDbBlockArrayActionTag
1070
     1
  0
LWPOLYLINE
  5
87E
330
860
100
AcDbEntity
  8
0
 48
15.0
100
AcDbPolyline
 90
        4
 70
     1
 43
0.0
 38
-0.0000000049003113
 10
106.0000006880145
 20
-254.9999999704305
 10
114.0000006877817
 20
-254.9999999853317
 10
114.0000006135087
 20
-294.9999999853316
 10
106.0000006135087
 20
-294.9999999704305
1001
AcDbBlockRepETag
1070
     1
1071
       12
1005
87E
1001
AcDbBlockArrayActionTag
1070
     1
  0
LWPOLYLINE
  5
87F
330
860
100
AcDbEntity
  8
0
 48
15.0
100
AcDbPolyline
 90
        4
 70
     1
 43
0.0
 38
-0.0000000049003113
 10
206.0000006880145
 20
-254.9999999704305
 10
214.0000006877817
 20
-254.9999999853317
 10
214.0000006135088
 20
-294.9999999853316
 10
206.0000006135088
 20
-294.9999999704305
1001
AcDbBlockRepETag
1070
     1
1071
       12
1005
87F
1001
AcDbBlockArrayActionTag
1070
     1
  0
LWPOLYLINE
  5
880
330
860
100
AcDbEntity
  8
0
 48
15.0
100
AcDbPolyline
 90
        4
 70
     1
 43
0.0
 38
-0.0000000049003113
 10
306.0000006880145
 20
-254.9999999704305
 10
314.0000006877817
 20
-254.9999999853317
 10
314.0000006135088
 20
-294.9999999853316
 10
306.0000006135088
 20
-294.9999999704305
1001
AcDbBlockRepETag
1070
     1
1071
       12
1005
880
1001
AcDbBlockArrayActionTag
1070
     1
  0
ENDBLK
  5
881
330
860
100
AcDbEntity
  8
0
100
AcDbBlockEnd
  0
BLOCK
  5
651
330
64E
100
AcDbEntity
  8
0
100
AcDbBlockBegin
  2
*U30
 70
     1
 10
0.0
 20
0.0
 30
0.0
  3
*U30
  1

  0
LWPOLYLINE
  5
652
330
64E
100
AcDbEntity
  8
0
100
AcDbPolyline
 90
        4
 70
     1
 43
0.0
 10
-999.9999993122182
 20
0.0
 10
1100.000000684813
 20
0.0
 10
1100.000000684813
 20
-550.0000000004656
 10
-999.9999993122182
 20
-550.0000000004656
1001
AcDbBlockRepETag
1070
     1
1071
        8
1005
652
  0
LWPOLYLINE
  5
653
330
64E
100
AcDbEntity
  8
0
100
AcDbPolyline
 90
        4
 70
     1
 43
0.0
 10
-969.9999993122183
 20
-30.0
 10
1070.000000684813
 20
-30.0
 10
1070.000000684813
 20
-520.0000000004656
 10
-969.9999993122183
 20
-520.0000000004656
1001
AcDbBlockRepETag
1070
     1
1071
        9
1005
653
  0
LINE
  5
654
330
64E
100
AcDbEntity
  8
0
100
AcDbLine
 10
-969.9999993122183
 20
-275.0000000002328
 30
0.0
 11
1070.000000684813
 21
-275.0000000002328
 31
0.0
1001
AcDbBlockRepETag
1070
     1
1071
       10
1005
654
  0
LWPOLYLINE
  5
655
330
64E
100
AcDbEntity
  8
0
100
AcDbPolyline
 90
        6
 70
     1
 43
0.0
 38
0.0000004644613586
 10
-873.9999990141951
 20
-95.00000000768341
 10
-861.9999993492383
 20
-275.0000000300352
 10
-873.9999996845144
 20
-455.0000000076834
 10
-905.9999996845144
 20
-454.9999999480787
 10
-917.9999993492385
 20
-274.999999925727
 10
-905.999999014195
 20
-94.99999994807877
1001
AcDbBlockRepETag
1070
     1
1071
       11
1005
655
  0
LWPOLYLINE
  5
656
330
64E
100
AcDbEntity
  8
0
 48
15.0
100
AcDbPolyline
 90
        4
 70
     1
 43
0.0
 38
-0.0000000049003113
 10
-893.9999993119855
 20
-254.9999999704305
 10
-885.9999993122183
 20
-254.9999999853317
 10
-885.9999993864912
 20
-294.9999999853316
 10
-893.9999993864912
 20
-294.9999999704305
1001
AcDbBlockRepETag
1070
     1
1071
       12
1005
656
  0
LWPOLYLINE
  5
657
330
64E
100
AcDbEntity
  8
0
100
AcDbPolyline
 90
        6
 70
     1
 43
0.0
 38
0.0000004644613586
 10
-773.9999990141949
 20
-95.00000000768341
 10
-761.9999993492382
 20
-275.0000000300352
 10
-773.9999996845145
 20
-455.0000000076834
 10
-805.9999996845144
 20
-454.9999999480787
 10
-817.9999993492382
 20
-274.999999925727
 10
-805.999999014195
 20
-94.99999994807877
1001
AcDbBlockRepETag
1070
     1
1071
       11
1005
657
1001
AcDbBlockArrayActionTag
1070
     1
  0
LWPOLYLINE
  5
659
330
64E
100
AcDbEntity
  8
0
100
AcDbPolyline
 90
        6
 70
     1
 43
0.0
 38
0.0000004644613586
 10
-673.999999014195
 20
-95.00000000768341
 10
-661.9999993492382
 20
-275.0000000300352
 10
-673.9999996845145
 20
-455.0000000076834
 10
-705.9999996845143
 20
-454.9999999480787
 10
-717.9999993492382
 20
-274.999999925727
 10
-705.9999990141951
 20
-94.99999994807877
1001
AcDbBlockRepETag
1070
     1
1071
       11
1005
659
1001
AcDbBlockArrayActionTag
1070
     1
  0
LWPOLYLINE
  5
65A
330
64E
100
AcDbEntity
  8
0
100
AcDbPolyline
 90
        6
 70
     1
 43
0.0
 38
0.0000004644613586
 10
-573.999999014195
 20
-95.00000000768341
 10
-561.9999993492382
 20
-275.0000000300352
 10
-573.9999996845145
 20
-455.0000000076834
 10
-605.9999996845142
 20
-454.9999999480787
 10
-617.9999993492382
 20
-274.999999925727
 10
-605.9999990141951
 20
-94.99999994807877
1001
AcDbBlockRepETag
1070
     1
1071
       11
1005
65A
1001
AcDbBlockArrayActionTag
1070
     1
  0
LWPOLYLINE
  5
65B
330
64E
100
AcDbEntity
  8
0
100
AcDbPolyline
 90
        6
 70
     1
 43
0.0
 38
0.0000004644613586
 10
-473.9999990141948
 20
-95.00000000768341
 10
-461.9999993492383
 20
-275.0000000300352
 10
-473.9999996845145
 20
-455.0000000076834
 10
-505.9999996845141
 20
-454.9999999480787
 10
-517.9999993492382
 20
-274.999999925727
 10
-505.9999990141951
 20
-94.99999994807877
1001
AcDbBlockRepETag
1070
     1
1071
       11
1005
65B
1001
AcDbBlockArrayActionTag
1070
     1
  0
LWPOLYLINE
  5
65C
330
64E
100
AcDbEntity
  8
0
100
AcDbPolyline
 90
        6
 70
     1
 43
0.0
 38
0.0000004644613586
 10
-373.9999990141951
 20
-95.00000000768341
 10
-361.9999993492383
 20
-275.0000000300352
 10
-373.9999996845145
 20
-455.0000000076834
 10
-405.9999996845141
 20
-454.9999999480787
 10
-417.9999993492383
 20
-274.999999925727
 10
-405.9999990141951
 20
-94.99999994807877
1001
AcDbBlockRepETag
1070
     1
1071
       11
1005
65C
1001
AcDbBlockArrayActionTag
1070
     1
  0
LWPOLYLINE
  5
65D
330
64E
100
AcDbEntity
  8
0
100
AcDbPolyline
 90
        6
 70
     1
 43
0.0
 38
0.0000004644613586
 10
-273.9999990141951
 20
-95.00000000768341
 10
-261.9999993492383
 20
-275.0000000300352
 10
-273.9999996845145
 20
-455.0000000076834
 10
-305.9999996845145
 20
-454.9999999480787
 10
-317.9999993492383
 20
-274.999999925727
 10
-305.9999990141951
 20
-94.99999994807877
1001
AcDbBlockRepETag
1070
     1
1071
       11
1005
65D
1001
AcDbBlockArrayActionTag
1070
     1
  0
LWPOLYLINE
  5
65E
330
64E
100
AcDbEntity
  8
0
100
AcDbPolyline
 90
        6
 70
     1
 43
0.0
 38
0.0000004644613586
 10
-173.999999014195
 20
-95.00000000768341
 10
-161.9999993492383
 20
-275.0000000300352
 10
-173.9999996845144
 20
-455.0000000076834
 10
-205.9999996845145
 20
-454.9999999480787
 10
-217.9999993492383
 20
-274.999999925727
 10
-205.9999990141951
 20
-94.99999994807877
1001
AcDbBlockRepETag
1070
     1
1071
       11
1005
65E
1001
AcDbBlockArrayActionTag
1070
     1
  0
LWPOLYLINE
  5
65F
330
64E
100
AcDbEntity
  8
0
100
AcDbPolyline
 90
        6
 70
     1
 43
0.0
 38
0.0000004644613586
 10
-73.99999901419505
 20
-95.00000000768341
 10
-61.99999934923835
 20
-275.0000000300352
 10
-73.99999968451448
 20
-455.0000000076834
 10
-105.9999996845145
 20
-454.9999999480787
 10
-117.9999993492383
 20
-274.999999925727
 10
-105.999999014195
 20
-94.99999994807877
1001
AcDbBlockRepETag
1070
     1
1071
       11
1005
65F
1001
AcDbBlockArrayActionTag
1070
     1
  0
LWPOLYLINE
  5
660
330
64E
100
AcDbEntity
  8
0
100
AcDbPolyline
 90
        6
 70
     1
 43
0.0
 38
0.0000004644613586
 10
26.00000098580494
 20
-95.00000000768341
 10
38.00000065076165
 20
-275.0000000300352
 10
26.00000031548552
 20
-455.0000000076834
 10
-5.999999684514476
 20
-454.9999999480787
 10
-17.99999934923835
 20
-274.999999925727
 10
-5.999999014195052
 20
-94.99999994807877
1001
AcDbBlockRepETag
1070
     1
1071
       11
1005
660
1001
AcDbBlockArrayActionTag
1070
     1
  0
LWPOLYLINE
  5
661
330
64E
100
AcDbEntity
  8
0
100
AcDbPolyline
 90
        6
 70
     1
 43
0.0
 38
0.0000004644613586
 10
126.0000009858049
 20
-95.00000000768341
 10
138.0000006507616
 20
-275.0000000300352
 10
126.0000003154855
 20
-455.0000000076834
 10
94.00000031548552
 20
-454.9999999480787
 10
82.00000065076165
 20
-274.999999925727
 10
94.00000098580497
 20
-94.99999994807877
1001
AcDbBlockRepETag
1070
     1
1071
       11
1005
661
1001
AcDbBlockArrayActionTag
1070
     1
  0
LWPOLYLINE
  5
662
330
64E
100
AcDbEntity
  8
0
100
AcDbPolyline
 90
        6
 70
     1
 43
0.0
 38
0.0000004644613586
 10
226.000000985805
 20
-95.00000000768341
 10
238.0000006507617
 20
-275.0000000300352
 10
226.0000003154855
 20
-455.0000000076834
 10
194.0000003154855
 20
-454.9999999480787
 10
182.0000006507616
 20
-274.999999925727
 10
194.0000009858049
 20
-94.99999994807877
1001
AcDbBlockRepETag
1070
     1
1071
       11
1005
662
1001
AcDbBlockArrayActionTag
1070
     1
  0
LWPOLYLINE
  5
663
330
64E
100
AcDbEntity
  8
0
100
AcDbPolyline
 90
        6
 70
     1
 43
0.0
 38
0.0000004644613586
 10
326.000000985805
 20
-95.00000000768341
 10
338.0000006507617
 20
-275.0000000300352
 10
326.0000003154855
 20
-455.0000000076834
 10
294.0000003154855
 20
-454.9999999480787
 10
282.0000006507616
 20
-274.999999925727
 10
294.0000009858049
 20
-94.99999994807877
1001
AcDbBlockRepETag
1070
     1
1071
       11
1005
663
1001
AcDbBlockArrayActionTag
1070
     1
  0
LWPOLYLINE
  5
664
330
64E
100
AcDbEntity
  8
0
100
AcDbPolyline
 90
        6
 70
     1
 43
0.0
 38
0.0000004644613586
 10
426.0000009858049
 20
-95.00000000768341
 10
438.0000006507616
 20
-275.0000000300352
 10
426.0000003154855
 20
-455.0000000076834
 10
394.0000003154855
 20
-454.9999999480787
 10
382.0000006507616
 20
-274.999999925727
 10
394.0000009858049
 20
-94.99999994807877
1001
AcDbBlockRepETag
1070
     1
1071
       11
1005
664
1001
AcDbBlockArrayActionTag
1070
     1
  0
LWPOLYLINE
  5
665
330
64E
100
AcDbEntity
  8
0
100
AcDbPolyline
 90
        6
 70
     1
 43
0.0
 38
0.0000004644613586
 10
526.0000009858049
 20
-95.00000000768341
 10
538.0000006507616
 20
-275.0000000300352
 10
526.0000003154855
 20
-455.0000000076834
 10
494.0000003154855
 20
-454.9999999480787
 10
482.0000006507616
 20
-274.999999925727
 10
494.0000009858048
 20
-94.99999994807877
1001
AcDbBlockRepETag
1070
     1
1071
       11
1005
665
1001
AcDbBlockArrayActionTag
1070
     1
  0
LWPOLYLINE
  5
666
330
64E
100
AcDbEntity
  8
0
100
AcDbPolyline
 90
        6
 70
     1
 43
0.0
 38
0.0000004644613586
 10
626.0000009858049
 20
-95.00000000768341
 10
638.0000006507616
 20
-275.0000000300352
 10
626.0000003154855
 20
-455.0000000076834
 10
594.0000003154855
 20
-454.9999999480787
 10
582.0000006507616
 20
-274.999999925727
 10
594.0000009858049
 20
-94.99999994807877
1001
AcDbBlockRepETag
1070
     1
1071
       11
1005
666
1001
AcDbBlockArrayActionTag
1070
     1
  0
LWPOLYLINE
  5
667
330
64E
100
AcDbEntity
  8
0
100
AcDbPolyline
 90
        6
 70
     1
 43
0.0
 38
0.0000004644613586
 10
726.0000009858049
 20
-95.00000000768341
 10
738.0000006507615
 20
-275.0000000300352
 10
726.0000003154855
 20
-455.0000000076834
 10
694.0000003154855
 20
-454.9999999480787
 10
682.0000006507616
 20
-274.999999925727
 10
694.0000009858049
 20
-94.99999994807877
1001
AcDbBlockRepETag
1070
     1
1071
       11
1005
667
1001
AcDbBlockArrayActionTag
1070
     1
  0
LWPOLYLINE
  5
668
330
64E
100
AcDbEntity
  8
0
100
AcDbPolyline
 90
        6
 70
     1
 43
0.0
 38
0.0000004644613586
 10
826.000000985805
 20
-95.00000000768341
 10
838.0000006507614
 20
-275.0000000300352
 10
826.0000003154855
 20
-455.0000000076834
 10
794.0000003154855
 20
-454.9999999480787
 10
782.0000006507615
 20
-274.999999925727
 10
794.0000009858049
 20
-94.99999994807877
1001
AcDbBlockRepETag
1070
     1
1071
       11
1005
668
1001
AcDbBlockArrayActionTag
1070
     1
  0
LWPOLYLINE
  5
669
330
64E
100
AcDbEntity
  8
0
100
AcDbPolyline
 90
        6
 70
     1
 43
0.0
 38
0.0000004644613586
 10
926.000000985805
 20
-95.00000000768341
 10
938.0000006507614
 20
-275.0000000300352
 10
926.0000003154855
 20
-455.0000000076834
 10
894.0000003154855
 20
-454.9999999480787
 10
882.0000006507616
 20
-274.999999925727
 10
894.0000009858049
 20
-94.99999994807877
1001
AcDbBlockRepETag
1070
     1
1071
       11
1005
669
1001
AcDbBlockArrayActionTag
1070
     1
  0
LWPOLYLINE
  5
66A
330
64E
100
AcDbEntity
  8
0
100
AcDbPolyline
 90
        6
 70
     1
 43
0.0
 38
0.0000004644613586
 10
1026.000000985805
 20
-95.00000000768341
 10
1038.000000650761
 20
-275.0000000300352
 10
1026.000000315485
 20
-455.0000000076834
 10
994.0000003154857
 20
-454.9999999480787
 10
982.0000006507616
 20
-274.999999925727
 10
994.0000009858048
 20
-94.99999994807877
1001
AcDbBlockRepETag
1070
     1
1071
       11
1005
66A
1001
AcDbBlockArrayActionTag
1070
     1
  0
LWPOLYLINE
  5
66B
330
64E
100
AcDbEntity
  8
0
 48
15.0
100
AcDbPolyline
 90
        4
 70
     1
 43
0.0
 38
-0.0000000049003113
 10
-793.9999993119855
 20
-254.9999999704305
 10
-785.9999993122182
 20
-254.9999999853317
 10
-785.9999993864912
 20
-294.9999999853316
 10
-793.9999993864912
 20
-294.9999999704305
1001
AcDbBlockRepETag
1070
     1
1071
       12
1005
66B
1001
AcDbBlockArrayActionTag
1070
     1
  0
LWPOLYLINE
  5
66C
330
64E
100
AcDbEntity
  8
0
 48
15.0
100
AcDbPolyline
 90
        4
 70
     1
 43
0.0
 38
-0.0000000049003113
 10
-693.9999993119855
 20
-254.9999999704305
 10
-685.9999993122182
 20
-254.9999999853317
 10
-685.9999993864912
 20
-294.9999999853316
 10
-693.9999993864912
 20
-294.9999999704305
1001
AcDbBlockRepETag
1070
     1
1071
       12
1005
66C
1001
AcDbBlockArrayActionTag
1070
     1
  0
LWPOLYLINE
  5
66D
330
64E
100
AcDbEntity
  8
0
 48
15.0
100
AcDbPolyline
 90
        4
 70
     1
 43
0.0
 38
-0.0000000049003113
 10
-593.9999993119854
 20
-254.9999999704305
 10
-585.9999993122182
 20
-254.9999999853317
 10
-585.9999993864912
 20
-294.9999999853316
 10
-593.9999993864912
 20
-294.9999999704305
1001
AcDbBlockRepETag
1070
     1
1071
       12
1005
66D
1001
AcDbBlockArrayActionTag
1070
     1
  0
LWPOLYLINE
  5
66E
330
64E
100
AcDbEntity
  8
0
 48
15.0
100
AcDbPolyline
 90
        4
 70
     1
 43
0.0
 38
-0.0000000049003113
 10
-493.9999993119854
 20
-254.9999999704305
 10
-485.9999993122182
 20
-254.9999999853317
 10
-485.999999386491
 20
-294.9999999853316
 10
-493.999999386491
 20
-294.9999999704305
1001
AcDbBlockRepETag
1070
     1
1071
       12
1005
66E
1001
AcDbBlockArrayActionTag
1070
     1
  0
LWPOLYLINE
  5
66F
330
64E
100
AcDbEntity
  8
0
 48
15.0
100
AcDbPolyline
 90
        4
 70
     1
 43
0.0
 38
-0.0000000049003113
 10
-393.9999993119855
 20
-254.9999999704305
 10
-385.9999993122183
 20
-254.9999999853317
 10
-385.9999993864913
 20
-294.9999999853316
 10
-393.9999993864913
 20
-294.9999999704305
1001
AcDbBlockRepETag
1070
     1
1071
       12
1005
66F
1001
AcDbBlockArrayActionTag
1070
     1
  0
LWPOLYLINE
  5
670
330
64E
100
AcDbEntity
  8
0
 48
15.0
100
AcDbPolyline
 90
        4
 70
     1
 43
0.0
 38
-0.0000000049003113
 10
-293.9999993119855
 20
-254.9999999704305
 10
-285.9999993122183
 20
-254.9999999853317
 10
-285.9999993864913
 20
-294.9999999853316
 10
-293.9999993864912
 20
-294.9999999704305
1001
AcDbBlockRepETag
1070
     1
1071
       12
1005
670
1001
AcDbBlockArrayActionTag
1070
     1
  0
LWPOLYLINE
  5
671
330
64E
100
AcDbEntity
  8
0
 48
15.0
100
AcDbPolyline
 90
        4
 70
     1
 43
0.0
 38
-0.0000000049003113
 10
-193.9999993119854
 20
-254.9999999704305
 10
-185.9999993122183
 20
-254.9999999853317
 10
-185.9999993864912
 20
-294.9999999853316
 10
-193.9999993864912
 20
-294.9999999704305
1001
AcDbBlockRepETag
1070
     1
1071
       12
1005
671
1001
AcDbBlockArrayActionTag
1070
     1
  0
LWPOLYLINE
  5
672
330
64E
100
AcDbEntity
  8
0
 48
15.0
100
AcDbPolyline
 90
        4
 70
     1
 43
0.0
 38
-0.0000000049003113
 10
-93.99999931198543
 20
-254.9999999704305
 10
-85.99999931221828
 20
-254.9999999853317
 10
-85.99999938649125
 20
-294.9999999853316
 10
-93.99999938649123
 20
-294.9999999704305
1001
AcDbBlockRepETag
1070
     1
1071
       12
1005
672
1001
AcDbBlockArrayActionTag
1070
     1
  0
LWPOLYLINE
  5
673
330
64E
100
AcDbEntity
  8
0
 48
15.0
100
AcDbPolyline
 90
        4
 70
     1
 43
0.0
 38
-0.0000000049003113
 10
6.00000068801455
 20
-254.9999999704305
 10
14.00000068778172
 20
-254.9999999853317
 10
14.00000061350874
 20
-294.9999999853316
 10
6.000000613508746
 20
-294.9999999704305
1001
AcDbBlockRepETag
1070
     1
1071
       12
1005
673
1001
AcDbBlockArrayActionTag
1070
     1
  0
LWPOLYLINE
  5
674
330
64E
100
AcDbEntity
  8
0
 48
15.0
100
AcDbPolyline
 90
        4
 70
     1
 43
0.0
 38
-0.0000000049003113
 10
106.0000006880145
 20
-254.9999999704305
 10
114.0000006877817
 20
-254.9999999853317
 10
114.0000006135087
 20
-294.9999999853316
 10
106.0000006135087
 20
-294.9999999704305
1001
AcDbBlockRepETag
1070
     1
1071
       12
1005
674
1001
AcDbBlockArrayActionTag
1070
     1
  0
LWPOLYLINE
  5
675
330
64E
100
AcDbEntity
  8
0
 48
15.0
100
AcDbPolyline
 90
        4
 70
     1
 43
0.0
 38
-0.0000000049003113
 10
206.0000006880145
 20
-254.9999999704305
 10
214.0000006877817
 20
-254.9999999853317
 10
214.0000006135088
 20
-294.9999999853316
 10
206.0000006135088
 20
-294.9999999704305
1001
AcDbBlockRepETag
1070
     1
1071
       12
1005
675
1001
AcDbBlockArrayActionTag
1070
     1
  0
LWPOLYLINE
  5
676
330
64E
100
AcDbEntity
  8
0
 48
15.0
100
AcDbPolyline
 90
        4
 70
     1
 43
0.0
 38
-0.0000000049003113
 10
306.0000006880145
 20
-254.9999999704305
 10
314.0000006877817
 20
-254.9999999853317
 10
314.0000006135088
 20
-294.9999999853316
 10
306.0000006135088
 20
-294.9999999704305
1001
AcDbBlockRepETag
1070
     1
1071
       12
1005
676
1001
AcDbBlockArrayActionTag
1070
     1
  0
LWPOLYLINE
  5
677
330
64E
100
AcDbEntity
  8
0
 48
15.0
100
AcDbPolyline
 90
        4
 70
     1
 43
0.0
 38
-0.0000000049003113
 10
406.0000006880145
 20
-254.9999999704305
 10
414.0000006877817
 20
-254.9999999853317
 10
414.0000006135086
 20
-294.9999999853316
 10
406.0000006135086
 20
-294.9999999704305
1001
AcDbBlockRepETag
1070
     1
1071
       12
1005
677
1001
AcDbBlockArrayActionTag
1070
     1
  0
LWPOLYLINE
  5
678
330
64E
100
AcDbEntity
  8
0
 48
15.0
100
AcDbPolyline
 90
        4
 70
     1
 43
0.0
 38
-0.0000000049003113
 10
506.0000006880145
 20
-254.9999999704305
 10
514.0000006877817
 20
-254.9999999853317
 10
514.0000006135086
 20
-294.9999999853316
 10
506.0000006135086
 20
-294.9999999704305
1001
AcDbBlockRepETag
1070
     1
1071
       12
1005
678
1001
AcDbBlockArrayActionTag
1070
     1
  0
LWPOLYLINE
  5
679
330
64E
100
AcDbEntity
  8
0
 48
15.0
100
AcDbPolyline
 90
        4
 70
     1
 43
0.0
 38
-0.0000000049003113
 10
606.0000006880145
 20
-254.9999999704305
 10
614.0000006877817
 20
-254.9999999853317
 10
614.0000006135087
 20
-294.9999999853316
 10
606.0000006135087
 20
-294.9999999704305
1001
AcDbBlockRepETag
1070
     1
1071
       12
1005
679
1001
AcDbBlockArrayActionTag
1070
     1
  0
LWPOLYLINE
  5
67A
330
64E
100
AcDbEntity
  8
0
 48
15.0
100
AcDbPolyline
 90
        4
 70
     1
 43
0.0
 38
-0.0000000049003113
 10
706.0000006880145
 20
-254.9999999704305
 10
714.0000006877817
 20
-254.9999999853317
 10
714.0000006135087
 20
-294.9999999853316
 10
706.0000006135087
 20
-294.9999999704305
1001
AcDbBlockRepETag
1070
     1
1071
       12
1005
67A
1001
AcDbBlockArrayActionTag
1070
     1
  0
LWPOLYLINE
  5
67B
330
64E
100
AcDbEntity
  8
0
 48
15.0
100
AcDbPolyline
 90
        4
 70
     1
 43
0.0
 38
-0.0000000049003113
 10
806.0000006880141
 20
-254.9999999704305
 10
814.0000006877817
 20
-254.9999999853317
 10
814.0000006135087
 20
-294.9999999853316
 10
806.0000006135087
 20
-294.9999999704305
1001
AcDbBlockRepETag
1070
     1
1071
       12
1005
67B
1001
AcDbBlockArrayActionTag
1070
     1
  0
LWPOLYLINE
  5
67C
330
64E
100
AcDbEntity
  8
0
 48
15.0
100
AcDbPolyline
 90
        4
 70
     1
 43
0.0
 38
-0.0000000049003113
 10
906.0000006880143
 20
-254.9999999704305
 10
914.0000006877817
 20
-254.9999999853317
 10
914.0000006135087
 20
-294.9999999853316
 10
906.0000006135087
 20
-294.9999999704305
1001
AcDbBlockRepETag
1070
     1
1071
       12
1005
67C
1001
AcDbBlockArrayActionTag
1070
     1
  0
LWPOLYLINE
  5
67D
330
64E
100
AcDbEntity
  8
0
 48
15.0
100
AcDbPolyline
 90
        4
 70
     1
 43
0.0
 38
-0.0000000049003113
 10
1006.000000688014
 20
-254.9999999704305
 10
1014.000000687782
 20
-254.9999999853317
 10
1014.000000613509
 20
-294.9999999853316
 10
1006.000000613509
 20
-294.9999999704305
1001
AcDbBlockRepETag
1070
     1
1071
       12
1005
67D
1001
AcDbBlockArrayActionTag
1070
     1
  0
ENDBLK
  5
67E
330
64E
100
AcDbEntity
  8
0
100
AcDbBlockEnd
  0
BLOCK
  5
AA0
330
A9F
100
AcDbEntity
  8
0
100
AcDbBlockBegin
  2
*D31
 70
     1
 10
0.0
 20
0.0
 30
0.0
  3
*D31
  1

  0
LINE
  5
AA1
330
A9F
100
AcDbEntity
  8
PUB_DIM
 62
     0
440
 16777216
370
    -2
100
AcDbLine
 10
1003783.543235184
 20
-610500.2276122999
 30
0.0
 11
1002042.736008735
 21
-610500.2276122999
 31
0.0
  0
LINE
  5
AA2
330
A9F
100
AcDbEntity
  8
PUB_DIM
 62
     0
440
 16777216
370
    -2
100
AcDbLine
 10
1003783.543235198
 20
-609900.2276122997
 30
0.0
 11
1002042.736008735
 21
-609900.2276122997
 31
0.0
  0
LINE
  5
AA3
330
A9F
100
AcDbEntity
  8
PUB_DIM
 62
     0
440
 16777216
370
    -2
100
AcDbLine
 10
1002417.736008735
 20
-610500.2276122999
 30
0.0
 11
1002417.736008735
 21
-610650.2276122999
 31
0.0
  0
LINE
  5
AA4
330
A9F
100
AcDbEntity
  8
PUB_DIM
 62
     0
440
 16777216
370
    -2
100
AcDbLine
 10
1002417.736008735
 20
-609900.2276122997
 30
0.0
 11
1002417.736008735
 21
-609750.2276122997
 31
0.0
  0
LINE
  5
AA5
330
A9F
100
AcDbEntity
  8
PUB_DIM
 62
     0
440
 16777216
370
    -2
100
AcDbLine
 10
1002417.736008735
 20
-610500.2276122999
 30
0.0
 11
1002417.736008735
 21
-609900.2276122997
 31
0.0
  0
INSERT
  5
AA6
330
A9F
100
AcDbEntity
  8
PUB_DIM
 62
     0
440
 16777216
370
    -2
100
AcDbBlockReference
  2
_ArchTick
 10
1002417.736008735
 20
-610500.2276122999
 30
0.0
 41
150.0
 42
150.0
 43
150.0
 50
90.0
  0
INSERT
  5
AA7
330
A9F
100
AcDbEntity
  8
PUB_DIM
 62
     0
440
 16777216
370
    -2
100
AcDbBlockReference
  2
_ArchTick
 10
1002417.736008735
 20
-609900.2276122997
 30
0.0
 41
150.0
 42
150.0
 43
150.0
 50
270.0
  0
MTEXT
  5
AA8
330
A9F
100
AcDbEntity
  8
PUB_DIM
 62
     7
440
 16777216
100
AcDbMText
 10
1002005.236008735
 20
-610200.2276122997
 30
0.0
 40
446.25
 41
0.0
 46
0.0
 71
     5
 72
     1
  1
\A1;600
  7
_TCH_DIM_T3
 11
0.0000000000000001
 21
1.0
 31
0.0
 73
     1
 44
1.0
  0
POINT
  5
AA9
330
A9F
100
AcDbEntity
  8
DEFPOINTS
 62
     0
440
 16777216
100
AcDbPoint
 10
1004233.543235184
 20
-610500.2276122999
 30
0.0
  0
POINT
  5
AAB
330
A9F
100
AcDbEntity
  8
DEFPOINTS
 62
     0
440
 16777216
100
AcDbPoint
 10
1004233.543235198
 20
-609900.2276122997
 30
0.0
  0
POINT
  5
AAC
330
A9F
100
AcDbEntity
  8
DEFPOINTS
 62
     0
440
 16777216
100
AcDbPoint
 10
1002417.736008735
 20
-609900.2276122997
 30
0.0
  0
ENDBLK
  5
AAD
330
A9F
100
AcDbEntity
  8
0
100
AcDbBlockEnd
  0
BLOCK
  5
AB0
330
AAF
100
AcDbEntity
  8
0
100
AcDbBlockBegin
  2
*D32
 70
     1
 10
0.0
 20
0.0
 30
0.0
  3
*D32
  1

  0
LINE
  5
AB1
330
AAF
100
AcDbEntity
  8
PUB_DIM
 62
     0
440
 16777216
370
    -2
100
AcDbLine
 10
1003783.543235108
 20
-613800.2276049064
 30
0.0
 11
1002042.736008689
 21
-613800.2276049064
 31
0.0
  0
LINE
  5
AB2
330
AAF
100
AcDbEntity
  8
PUB_DIM
 62
     0
440
 16777216
370
    -2
100
AcDbLine
 10
1003783.543235184
 20
-610500.2276122999
 30
0.0
 11
1002042.736008689
 21
-610500.2276122999
 31
0.0
  0
LINE
  5
AB3
330
AAF
100
AcDbEntity
  8
PUB_DIM
 62
     0
440
 16777216
370
    -2
100
AcDbLine
 10
1002417.736008689
 20
-613800.2276049064
 30
0.0
 11
1002417.736008689
 21
-610500.2276122999
 31
0.0
  0
INSERT
  5
AB4
330
AAF
100
AcDbEntity
  8
PUB_DIM
 62
     0
440
 16777216
370
    -2
100
AcDbBlockReference
  2
_ArchTick
 10
1002417.736008689
 20
-613800.2276049064
 30
0.0
 41
150.0
 42
150.0
 43
150.0
 50
270.0
  0
INSERT
  5
AB5
330
AAF
100
AcDbEntity
  8
PUB_DIM
 62
     0
440
 16777216
370
    -2
100
AcDbBlockReference
  2
_ArchTick
 10
1002417.736008689
 20
-610500.2276122999
 30
0.0
 41
150.0
 42
150.0
 43
150.0
 50
90.0
  0
MTEXT
  5
AB6
330
AAF
100
AcDbEntity
  8
PUB_DIM
 62
     7
440
 16777216
100
AcDbMText
 10
1002005.236008689
 20
-612150.227608603
 30
0.0
 40
446.25
 41
0.0
 46
0.0
 71
     5
 72
     1
  1
\A1;3300
  7
_TCH_DIM_T3
 11
0.0000000000000001
 21
1.0
 31
0.0
 73
     1
 44
1.0
  0
POINT
  5
AB7
330
AAF
100
AcDbEntity
  8
DEFPOINTS
 62
     0
440
 16777216
100
AcDbPoint
 10
1004233.543235107
 20
-613800.2276049064
 30
0.0
  0
POINT
  5
AB8
330
AAF
100
AcDbEntity
  8
DEFPOINTS
 62
     0
440
 16777216
100
AcDbPoint
 10
1004233.543235184
 20
-610500.2276122999
 30
0.0
  0
POINT
  5
AB9
330
AAF
100
AcDbEntity
  8
DEFPOINTS
 62
     0
440
 16777216
100
AcDbPoint
 10
1002417.736008689
 20
-610500.2276122999
 30
0.0
  0
ENDBLK
  5
ABA
330
AAF
100
AcDbEntity
  8
0
100
AcDbBlockEnd
  0
BLOCK
  5
ABD
330
ABC
100
AcDbEntity
  8
0
100
AcDbBlockBegin
  2
*D33
 70
     1
 10
0.0
 20
0.0
 30
0.0
  3
*D33
  1

  0
LINE
  5
ABE
330
ABC
100
AcDbEntity
  8
PUB_DIM
 62
     0
440
 16777216
370
    -2
100
AcDbLine
 10
1003783.543235066
 20
-615600.2276049068
 30
0.0
 11
1002042.73600863
 21
-615600.2276049068
 31
0.0
  0
LINE
  5
ABF
330
ABC
100
AcDbEntity
  8
PUB_DIM
 62
     0
440
 16777216
370
    -2
100
AcDbLine
 10
1003783.543235108
 20
-613800.2276049064
 30
0.0
 11
1002042.73600863
 21
-613800.2276049064
 31
0.0
  0
LINE
  5
AC0
330
ABC
100
AcDbEntity
  8
PUB_DIM
 62
     0
440
 16777216
370
    -2
100
AcDbLine
 10
1002417.73600863
 20
-615600.2276049068
 30
0.0
 11
1002417.73600863
 21
-613800.2276049064
 31
0.0
  0
INSERT
  5
AC1
330
ABC
100
AcDbEntity
  8
PUB_DIM
 62
     0
440
 16777216
370
    -2
100
AcDbBlockReference
  2
_ArchTick
 10
1002417.73600863
 20
-615600.2276049068
 30
0.0
 41
150.0
 42
150.0
 43
150.0
 50
270.0
  0
INSERT
  5
AC2
330
ABC
100
AcDbEntity
  8
PUB_DIM
 62
     0
440
 16777216
370
    -2
100
AcDbBlockReference
  2
_ArchTick
 10
1002417.73600863
 20
-613800.2276049064
 30
0.0
 41
150.0
 42
150.0
 43
150.0
 50
90.0
  0
MTEXT
  5
AC3
330
ABC
100
AcDbEntity
  8
PUB_DIM
 62
     7
440
 16777216
100
AcDbMText
 10
1002005.23600863
 20
-614700.2276049065
 30
0.0
 40
446.25
 41
0.0
 46
0.0
 71
     5
 72
     1
  1
\A1;1800
  7
_TCH_DIM_T3
 11
0.0000000000000001
 21
1.0
 31
0.0
 73
     1
 44
1.0
  0
POINT
  5
AC4
330
ABC
100
AcDbEntity
  8
DEFPOINTS
 62
     0
440
 16777216
100
AcDbPoint
 10
1004233.543235066
 20
-615600.2276049068
 30
0.0
  0
POINT
  5
AC5
330
ABC
100
AcDbEntity
  8
DEFPOINTS
 62
     0
440
 16777216
100
AcDbPoint
 10
1004233.543235107
 20
-613800.2276049064
 30
0.0
  0
POINT
  5
AC6
330
ABC
100
AcDbEntity
  8
DEFPOINTS
 62
     0
440
 16777216
100
AcDbPoint
 10
1002417.73600863
 20
-613800.2276049064
 30
0.0
  0
ENDBLK
  5
AC7
330
ABC
100
AcDbEntity
  8
0
100
AcDbBlockEnd
  0
BLOCK
  5
ACA
330
AC9
100
AcDbEntity
  8
0
100
AcDbBlockBegin
  2
*D34
 70
     1
 10
0.0
 20
0.0
 30
0.0
  3
*D34
  1

  0
LINE
  5
ACB
330
AC9
100
AcDbEntity
  8
PUB_DIM
 62
     0
440
 16777216
370
    -2
100
AcDbLine
 10
1003783.543234975
 20
-619500.2276047964
 30
0.0
 11
1002042.736008564
 21
-619500.2276047964
 31
0.0
  0
LINE
  5
ACC
330
AC9
100
AcDbEntity
  8
PUB_DIM
 62
     0
440
 16777216
370
    -2
100
AcDbLine
 10
1003783.543235066
 20
-615600.2276049068
 30
0.0
 11
1002042.736008564
 21
-615600.2276049068
 31
0.0
  0
LINE
  5
ACD
330
AC9
100
AcDbEntity
  8
PUB_DIM
 62
     0
440
 16777216
370
    -2
100
AcDbLine
 10
1002417.736008564
 20
-619500.2276047964
 30
0.0
 11
1002417.736008564
 21
-615600.2276049068
 31
0.0
  0
INSERT
  5
ACE
330
AC9
100
AcDbEntity
  8
PUB_DIM
 62
     0
440
 16777216
370
    -2
100
AcDbBlockReference
  2
_ArchTick
 10
1002417.736008564
 20
-619500.2276047964
 30
0.0
 41
150.0
 42
150.0
 43
150.0
 50
270.0
  0
INSERT
  5
ACF
330
AC9
100
AcDbEntity
  8
PUB_DIM
 62
     0
440
 16777216
370
    -2
100
AcDbBlockReference
  2
_ArchTick
 10
1002417.736008564
 20
-615600.2276049068
 30
0.0
 41
150.0
 42
150.0
 43
150.0
 50
90.0
  0
MTEXT
  5
AD0
330
AC9
100
AcDbEntity
  8
PUB_DIM
 62
     7
440
 16777216
100
AcDbMText
 10
1002005.236008564
 20
-617550.2276048515
 30
0.0
 40
446.25
 41
0.0
 46
0.0
 71
     5
 72
     1
  1
\A1;3900
  7
_TCH_DIM_T3
 11
0.0000000000000001
 21
1.0
 31
0.0
 73
     1
 44
1.0
  0
POINT
  5
AD1
330
AC9
100
AcDbEntity
  8
DEFPOINTS
 62
     0
440
 16777216
100
AcDbPoint
 10
1004233.543234975
 20
-619500.2276047964
 30
0.0
  0
POINT
  5
AD2
330
AC9
100
AcDbEntity
  8
DEFPOINTS
 62
     0
440
 16777216
100
AcDbPoint
 10
1004233.543235066
 20
-615600.2276049068
 30
0.0
  0
POINT
  5
AD3
330
AC9
100
AcDbEntity
  8
DEFPOINTS
 62
     0
440
 16777216
100
AcDbPoint
 10
1002417.736008564
 20
-615600.2276049068
 30
0.0
  0
ENDBLK
  5
AD4
330
AC9
100
AcDbEntity
  8
0
100
AcDbBlockEnd
  0
BLOCK
  5
AD7
330
AD6
100
AcDbEntity
  8
0
100
AcDbBlockBegin
  2
*D35
 70
     1
 10
0.0
 20
0.0
 30
0.0
  3
*D35
  1

  0
LINE
  5
AD8
330
AD6
100
AcDbEntity
  8
PUB_DIM
 62
     0
440
 16777216
370
    -2
100
AcDbLine
 10
1003783.543234961
 20
-620100.2276049066
 30
0.0
 11
1002042.736008511
 21
-620100.2276049066
 31
0.0
  0
LINE
  5
AD9
330
AD6
100
AcDbEntity
  8
PUB_DIM
 62
     0
440
 16777216
370
    -2
100
AcDbLine
 10
1003783.543234975
 20
-619500.2276047964
 30
0.0
 11
1002042.736008511
 21
-619500.2276047964
 31
0.0
  0
LINE
  5
ADA
330
AD6
100
AcDbEntity
  8
PUB_DIM
 62
     0
440
 16777216
370
    -2
100
AcDbLine
 10
1002417.736008511
 20
-620100.2276049066
 30
0.0
 11
1002417.736008511
 21
-620250.2276049066
 31
0.0
  0
LINE
  5
ADB
330
AD6
100
AcDbEntity
  8
PUB_DIM
 62
     0
440
 16777216
370
    -2
100
AcDbLine
 10
1002417.736008511
 20
-619500.2276047964
 30
0.0
 11
1002417.736008511
 21
-619350.2276047965
 31
0.0
  0
LINE
  5
ADC
330
AD6
100
AcDbEntity
  8
PUB_DIM
 62
     0
440
 16777216
370
    -2
100
AcDbLine
 10
1002417.736008511
 20
-620100.2276049066
 30
0.0
 11
1002417.736008511
 21
-619500.2276047964
 31
0.0
  0
INSERT
  5
ADD
330
AD6
100
AcDbEntity
  8
PUB_DIM
 62
     0
440
 16777216
370
    -2
100
AcDbBlockReference
  2
_ArchTick
 10
1002417.736008511
 20
-620100.2276049066
 30
0.0
 41
150.0
 42
150.0
 43
150.0
 50
90.0
  0
INSERT
  5
ADE
330
AD6
100
AcDbEntity
  8
PUB_DIM
 62
     0
440
 16777216
370
    -2
100
AcDbBlockReference
  2
_ArchTick
 10
1002417.736008511
 20
-619500.2276047964
 30
0.0
 41
150.0
 42
150.0
 43
150.0
 50
270.0
  0
MTEXT
  5
ADF
330
AD6
100
AcDbEntity
  8
PUB_DIM
 62
     7
440
 16777216
100
AcDbMText
 10
1002005.236008511
 20
-619800.2276048514
 30
0.0
 40
446.25
 41
0.0
 46
0.0
 71
     5
 72
     1
  1
\A1;600
  7
_TCH_DIM_T3
 11
0.0000000000000001
 21
1.0
 31
0.0
 73
     1
 44
1.0
  0
POINT
  5
AE0
330
AD6
100
AcDbEntity
  8
DEFPOINTS
 62
     0
440
 16777216
100
AcDbPoint
 10
1004233.543234961
 20
-620100.2276049066
 30
0.0
  0
POINT
  5
AE1
330
AD6
100
AcDbEntity
  8
DEFPOINTS
 62
     0
440
 16777216
100
AcDbPoint
 10
1004233.543234975
 20
-619500.2276047964
 30
0.0
  0
POINT
  5
AE2
330
AD6
100
AcDbEntity
  8
DEFPOINTS
 62
     0
440
 16777216
100
AcDbPoint
 10
1002417.736008511
 20
-619500.2276047964
 30
0.0
  0
ENDBLK
  5
AE3
330
AD6
100
AcDbEntity
  8
0
100
AcDbBlockEnd
  0
BLOCK
  5
AE6
330
AE5
100
AcDbEntity
  8
0
100
AcDbBlockBegin
  2
*D36
 70
     1
 10
0.0
 20
0.0
 30
0.0
  3
*D36
  1

  0
LINE
  5
AE7
330
AE5
100
AcDbEntity
  8
PUB_DIM
 62
     0
440
 16777216
370
    -2
100
AcDbLine
 10
1003783.543234868
 20
-624100.2276063828
 30
0.0
 11
1002042.736008458
 21
-624100.2276063828
 31
0.0
  0
LINE
  5
AE8
330
AE5
100
AcDbEntity
  8
PUB_DIM
 62
     0
440
 16777216
370
    -2
100
AcDbLine
 10
1003783.543234961
 20
-620100.2276049066
 30
0.0
 11
1002042.736008458
 21
-620100.2276049066
 31
0.0
  0
LINE
  5
AE9
330
AE5
100
AcDbEntity
  8
PUB_DIM
 62
     0
440
 16777216
370
    -2
100
AcDbLine
 10
1002417.736008458
 20
-624100.2276063828
 30
0.0
 11
1002417.736008458
 21
-620100.2276049066
 31
0.0
  0
INSERT
  5
AEA
330
AE5
100
AcDbEntity
  8
PUB_DIM
 62
     0
440
 16777216
370
    -2
100
AcDbBlockReference
  2
_ArchTick
 10
1002417.736008458
 20
-624100.2276063828
 30
0.0
 41
150.0
 42
150.0
 43
150.0
 50
270.0
  0
INSERT
  5
AEB
330
AE5
100
AcDbEntity
  8
PUB_DIM
 62
     0
440
 16777216
370
    -2
100
AcDbBlockReference
  2
_ArchTick
 10
1002417.736008458
 20
-620100.2276049066
 30
0.0
 41
150.0
 42
150.0
 43
150.0
 50
90.0
  0
MTEXT
  5
AEC
330
AE5
100
AcDbEntity
  8
PUB_DIM
 62
     7
440
 16777216
100
AcDbMText
 10
1002005.236008458
 20
-622100.2276056445
 30
0.0
 40
446.25
 41
0.0
 46
0.0
 71
     5
 72
     1
  1
\A1;4000
  7
_TCH_DIM_T3
 11
0.0000000000000001
 21
1.0
 31
0.0
 73
     1
 44
1.0
  0
POINT
  5
AED
330
AE5
100
AcDbEntity
  8
DEFPOINTS
 62
     0
440
 16777216
100
AcDbPoint
 10
1004233.543234868
 20
-624100.2276063828
 30
0.0
  0
POINT
  5
AEE
330
AE5
100
AcDbEntity
  8
DEFPOINTS
 62
     0
440
 16777216
100
AcDbPoint
 10
1004233.543234961
 20
-620100.2276049066
 30
0.0
  0
POINT
  5
AEF
330
AE5
100
AcDbEntity
  8
DEFPOINTS
 62
     0
440
 16777216
100
AcDbPoint
 10
1002417.736008458
 20
-620100.2276049066
 30
0.0
  0
ENDBLK
  5
AF0
330
AE5
100
AcDbEntity
  8
0
100
AcDbBlockEnd
  0
BLOCK
  5
AF3
330
AF2
100
AcDbEntity
  8
0
100
AcDbBlockBegin
  2
*D37
 70
     1
 10
0.0
 20
0.0
 30
0.0
  3
*D37
  1

  0
LINE
  5
AF4
330
AF2
100
AcDbEntity
  8
PUB_DIM
 62
     0
440
 16777216
370
    -2
100
AcDbLine
 10
1003783.54323484
 20
-625299.7276127246
 30
0.0
 11
1002042.736008397
 21
-625299.7276127246
 31
0.0
  0
LINE
  5
AF5
330
AF2
100
AcDbEntity
  8
PUB_DIM
 62
     0
440
 16777216
370
    -2
100
AcDbLine
 10
1003783.543234868
 20
-624100.2276063828
 30
0.0
 11
1002042.736008397
 21
-624100.2276063828
 31
0.0
  0
LINE
  5
AF6
330
AF2
100
AcDbEntity
  8
PUB_DIM
 62
     0
440
 16777216
370
    -2
100
AcDbLine
 10
1002417.736008397
 20
-625299.7276127246
 30
0.0
 11
1002417.736008397
 21
-625449.7276127247
 31
0.0
  0
LINE
  5
AF7
330
AF2
100
AcDbEntity
  8
PUB_DIM
 62
     0
440
 16777216
370
    -2
100
AcDbLine
 10
1002417.736008397
 20
-624100.2276063828
 30
0.0
 11
1002417.736008397
 21
-623950.2276063828
 31
0.0
  0
LINE
  5
AF8
330
AF2
100
AcDbEntity
  8
PUB_DIM
 62
     0
440
 16777216
370
    -2
100
AcDbLine
 10
1002417.736008397
 20
-625299.7276127246
 30
0.0
 11
1002417.736008397
 21
-624100.2276063828
 31
0.0
  0
INSERT
  5
AF9
330
AF2
100
AcDbEntity
  8
PUB_DIM
 62
     0
440
 16777216
370
    -2
100
AcDbBlockReference
  2
_ArchTick
 10
1002417.736008397
 20
-625299.7276127246
 30
0.0
 41
150.0
 42
150.0
 43
150.0
 50
90.0
  0
INSERT
  5
AFA
330
AF2
100
AcDbEntity
  8
PUB_DIM
 62
     0
440
 16777216
370
    -2
100
AcDbBlockReference
  2
_ArchTick
 10
1002417.736008397
 20
-624100.2276063828
 30
0.0
 41
150.0
 42
150.0
 43
150.0
 50
270.0
  0
MTEXT
  5
AFB
330
AF2
100
AcDbEntity
  8
PUB_DIM
 62
     7
440
 16777216
100
AcDbMText
 10
1002005.236008397
 20
-624699.9776095536
 30
0.0
 40
446.25
 41
0.0
 46
0.0
 71
     5
 72
     1
  1
\A1;1200
  7
_TCH_DIM_T3
 11
0.0000000000000001
 21
1.0
 31
0.0
 73
     1
 44
1.0
  0
POINT
  5
AFC
330
AF2
100
AcDbEntity
  8
DEFPOINTS
 62
     0
440
 16777216
100
AcDbPoint
 10
1004233.54323484
 20
-625299.7276127246
 30
0.0
  0
POINT
  5
AFD
330
AF2
100
AcDbEntity
  8
DEFPOINTS
 62
     0
440
 16777216
100
AcDbPoint
 10
1004233.543234868
 20
-624100.2276063828
 30
0.0
  0
POINT
  5
AFE
330
AF2
100
AcDbEntity
  8
DEFPOINTS
 62
     0
440
 16777216
100
AcDbPoint
 10
1002417.736008397
 20
-624100.2276063828
 30
0.0
  0
ENDBLK
  5
AFF
330
AF2
100
AcDbEntity
  8
0
100
AcDbBlockEnd
  0
BLOCK
  5
B02
330
B01
100
AcDbEntity
  8
0
100
AcDbBlockBegin
  2
*D38
 70
     1
 10
0.0
 20
0.0
 30
0.0
  3
*D38
  1

  0
LINE
  5
B03
330
B01
100
AcDbEntity
  8
PUB_DIM
 62
     0
440
 16777216
370
    -2
100
AcDbLine
 10
1003783.543227589
 20
-625299.7276127246
 30
0.0
 11
1000842.736006561
 21
-625299.7276127246
 31
0.0
  0
LINE
  5
B04
330
B01
100
AcDbEntity
  8
PUB_DIM
 62
     0
440
 16777216
370
    -2
100
AcDbLine
 10
1003783.543235199
 20
-609900.2276122997
 30
0.0
 11
1000842.736006561
 21
-609900.2276122997
 31
0.0
  0
LINE
  5
B05
330
B01
100
AcDbEntity
  8
PUB_DIM
 62
     0
440
 16777216
370
    -2
100
AcDbLine
 10
1001217.736006561
 20
-625299.7276127246
 30
0.0
 11
1001217.736006561
 21
-609900.2276122997
 31
0.0
  0
INSERT
  5
B06
330
B01
100
AcDbEntity
  8
PUB_DIM
 62
     0
440
 16777216
370
    -2
100
AcDbBlockReference
  2
_ArchTick
 10
1001217.736006561
 20
-625299.7276127246
 30
0.0
 41
150.0
 42
150.0
 43
150.0
 50
270.0
  0
INSERT
  5
B07
330
B01
100
AcDbEntity
  8
PUB_DIM
 62
     0
440
 16777216
370
    -2
100
AcDbBlockReference
  2
_ArchTick
 10
1001217.736006561
 20
-609900.2276122997
 30
0.0
 41
150.0
 42
150.0
 43
150.0
 50
90.0
  0
MTEXT
  5
B08
330
B01
100
AcDbEntity
  8
PUB_DIM
 62
     7
440
 16777216
100
AcDbMText
 10
1000805.236006561
 20
-617599.9776125121
 30
0.0
 40
446.25
 41
0.0
 46
0.0
 71
     5
 72
     1
  1
\A1;15400
  7
_TCH_DIM_T3
 11
0.0000000000000001
 21
1.0
 31
0.0
 73
     1
 44
1.0
  0
POINT
  5
B09
330
B01
100
AcDbEntity
  8
DEFPOINTS
 62
     0
440
 16777216
100
AcDbPoint
 10
1004233.543227589
 20
-625299.7276127246
 30
0.0
  0
POINT
  5
B0A
330
B01
100
AcDbEntity
  8
DEFPOINTS
 62
     0
440
 16777216
100
AcDbPoint
 10
1004233.543235199
 20
-609900.2276122997
 30
0.0
  0
POINT
  5
B0B
330
B01
100
AcDbEntity
  8
DEFPOINTS
 62
     0
440
 16777216
100
AcDbPoint
 10
1001217.736006561
 20
-609900.2276122997
 30
0.0
  0
ENDBLK
  5
B0C
330
B01
100
AcDbEntity
  8
0
100
AcDbBlockEnd
  0
BLOCK
  5
B0F
330
B0E
100
AcDbEntity
  8
0
100
AcDbBlockBegin
  2
*D39
 70
     1
 10
0.0
 20
0.0
 30
0.0
  3
*D39
  1

  0
LINE
  5
B10
330
B0E
100
AcDbEntity
  8
PUB_DIM
 62
     0
440
 16777216
370
    -2
100
AcDbLine
 10
1036066.425018803
 20
-610500.2276200546
 30
0.0
 11
1037807.232245401
 21
-610500.2276200546
 31
0.0
  0
LINE
  5
B11
330
B0E
100
AcDbEntity
  8
PUB_DIM
 62
     0
440
 16777216
370
    -2
100
AcDbLine
 10
1036066.425019086
 20
-609900.2276200545
 30
0.0
 11
1037807.232245401
 21
-609900.2276200545
 31
0.0
  0
LINE
  5
B12
330
B0E
100
AcDbEntity
  8
PUB_DIM
 62
     0
440
 16777216
370
    -2
100
AcDbLine
 10
1037432.232245401
 20
-610500.2276200546
 30
0.0
 11
1037432.232245401
 21
-610650.2276200546
 31
0.0
  0
LINE
  5
B13
330
B0E
100
AcDbEntity
  8
PUB_DIM
 62
     0
440
 16777216
370
    -2
100
AcDbLine
 10
1037432.232245401
 20
-609900.2276200545
 30
0.0
 11
1037432.232245401
 21
-609750.2276200545
 31
0.0
  0
LINE
  5
B14
330
B0E
100
AcDbEntity
  8
PUB_DIM
 62
     0
440
 16777216
370
    -2
100
AcDbLine
 10
1037432.232245401
 20
-610500.2276200546
 30
0.0
 11
1037432.232245401
 21
-609900.2276200545
 31
0.0
  0
INSERT
  5
B15
330
B0E
100
AcDbEntity
  8
PUB_DIM
 62
     0
440
 16777216
370
    -2
100
AcDbBlockReference
  2
_ArchTick
 10
1037432.232245401
 20
-610500.2276200546
 30
0.0
 41
150.0
 42
150.0
 43
150.0
 50
90.0
  0
INSERT
  5
B16
330
B0E
100
AcDbEntity
  8
PUB_DIM
 62
     0
440
 16777216
370
    -2
100
AcDbBlockReference
  2
_ArchTick
 10
1037432.232245401
 20
-609900.2276200545
 30
0.0
 41
150.0
 42
150.0
 43
150.0
 50
270.0
  0
MTEXT
  5
B17
330
B0E
100
AcDbEntity
  8
PUB_DIM
 62
     7
440
 16777216
100
AcDbMText
 10
1037019.732245401
 20
-610200.2276200543
 30
0.0
 40
446.25
 41
0.0
 46
0.0
 71
     5
 72
     1
  1
\A1;600
  7
_TCH_DIM_T3
 11
0.0000000000000001
 21
1.0
 31
0.0
 73
     1
 44
1.0
  0
POINT
  5
B18
330
B0E
100
AcDbEntity
  8
DEFPOINTS
 62
     0
440
 16777216
100
AcDbPoint
 10
1035616.425018803
 20
-610500.2276200546
 30
0.0
  0
POINT
  5
B19
330
B0E
100
AcDbEntity
  8
DEFPOINTS
 62
     0
440
 16777216
100
AcDbPoint
 10
1035616.425019086
 20
-609900.2276200545
 30
0.0
  0
POINT
  5
B1A
330
B0E
100
AcDbEntity
  8
DEFPOINTS
 62
     0
440
 16777216
100
AcDbPoint
 10
1037432.232245401
 20
-609900.2276200545
 30
0.0
  0
ENDBLK
  5
B1B
330
B0E
100
AcDbEntity
  8
0
100
AcDbBlockEnd
  0
BLOCK
  5
B1E
330
B1D
100
AcDbEntity
  8
0
100
AcDbBlockBegin
  2
*D40
 70
     1
 10
0.0
 20
0.0
 30
0.0
  3
*D40
  1

  0
LINE
  5
B1F
330
B1D
100
AcDbEntity
  8
PUB_DIM
 62
     0
440
 16777216
370
    -2
100
AcDbLine
 10
1036066.425017249
 20
-613800.2276126611
 30
0.0
 11
1037807.232244483
 21
-613800.2276126611
 31
0.0
  0
LINE
  5
B20
330
B1D
100
AcDbEntity
  8
PUB_DIM
 62
     0
440
 16777216
370
    -2
100
AcDbLine
 10
1036066.425018803
 20
-610500.2276200546
 30
0.0
 11
1037807.232244483
 21
-610500.2276200546
 31
0.0
  0
LINE
  5
B21
330
B1D
100
AcDbEntity
  8
PUB_DIM
 62
     0
440
 16777216
370
    -2
100
AcDbLine
 10
1037432.232244483
 20
-613800.2276126611
 30
0.0
 11
1037432.232244483
 21
-610500.2276200546
 31
0.0
  0
INSERT
  5
B22
330
B1D
100
AcDbEntity
  8
PUB_DIM
 62
     0
440
 16777216
370
    -2
100
AcDbBlockReference
  2
_ArchTick
 10
1037432.232244483
 20
-613800.2276126611
 30
0.0
 41
150.0
 42
150.0
 43
150.0
 50
270.0
  0
INSERT
  5
B23
330
B1D
100
AcDbEntity
  8
PUB_DIM
 62
     0
440
 16777216
370
    -2
100
AcDbBlockReference
  2
_ArchTick
 10
1037432.232244483
 20
-610500.2276200546
 30
0.0
 41
150.0
 42
150.0
 43
150.0
 50
90.0
  0
MTEXT
  5
B24
330
B1D
100
AcDbEntity
  8
PUB_DIM
 62
     7
440
 16777216
100
AcDbMText
 10
1037019.732244483
 20
-612150.2276163578
 30
0.0
 40
446.25
 41
0.0
 46
0.0
 71
     5
 72
     1
  1
\A1;3300
  7
_TCH_DIM_T3
 11
0.0000000000000001
 21
1.0
 31
0.0
 73
     1
 44
1.0
  0
POINT
  5
B25
330
B1D
100
AcDbEntity
  8
DEFPOINTS
 62
     0
440
 16777216
100
AcDbPoint
 10
1035616.425017249
 20
-613800.2276126611
 30
0.0
  0
POINT
  5
B26
330
B1D
100
AcDbEntity
  8
DEFPOINTS
 62
     0
440
 16777216
100
AcDbPoint
 10
1035616.425018803
 20
-610500.2276200546
 30
0.0
  0
POINT
  5
B27
330
B1D
100
AcDbEntity
  8
DEFPOINTS
 62
     0
440
 16777216
100
AcDbPoint
 10
1037432.232244483
 20
-610500.2276200546
 30
0.0
  0
ENDBLK
  5
B28
330
B1D
100
AcDbEntity
  8
0
100
AcDbBlockEnd
  0
BLOCK
  5
B2B
330
B2A
100
AcDbEntity
  8
0
100
AcDbBlockBegin
  2
*D41
 70
     1
 10
0.0
 20
0.0
 30
0.0
  3
*D41
  1

  0
LINE
  5
B2C
330
B2A
100
AcDbEntity
  8
PUB_DIM
 62
     0
440
 16777216
370
    -2
100
AcDbLine
 10
1036066.425016402
 20
-615600.2276126613
 30
0.0
 11
1037807.232243282
 21
-615600.2276126613
 31
0.0
  0
LINE
  5
B2D
330
B2A
100
AcDbEntity
  8
PUB_DIM
 62
     0
440
 16777216
370
    -2
100
AcDbLine
 10
1036066.425017249
 20
-613800.2276126611
 30
0.0
 11
1037807.232243282
 21
-613800.2276126611
 31
0.0
  0
LINE
  5
B2E
330
B2A
100
AcDbEntity
  8
PUB_DIM
 62
     0
440
 16777216
370
    -2
100
AcDbLine
 10
1037432.232243282
 20
-615600.2276126613
 30
0.0
 11
1037432.232243282
 21
-613800.2276126611
 31
0.0
  0
INSERT
  5
B2F
330
B2A
100
AcDbEntity
  8
PUB_DIM
 62
     0
440
 16777216
370
    -2
100
AcDbBlockReference
  2
_ArchTick
 10
1037432.232243282
 20
-615600.2276126613
 30
0.0
 41
150.0
 42
150.0
 43
150.0
 50
270.0
  0
INSERT
  5
B30
330
B2A
100
AcDbEntity
  8
PUB_DIM
 62
     0
440
 16777216
370
    -2
100
AcDbBlockReference
  2
_ArchTick
 10
1037432.232243282
 20
-613800.2276126611
 30
0.0
 41
150.0
 42
150.0
 43
150.0
 50
90.0
  0
MTEXT
  5
B31
330
B2A
100
AcDbEntity
  8
PUB_DIM
 62
     7
440
 16777216
100
AcDbMText
 10
1037019.732243282
 20
-614700.227612661
 30
0.0
 40
446.25
 41
0.0
 46
0.0
 71
     5
 72
     1
  1
\A1;1800
  7
_TCH_DIM_T3
 11
0.0000000000000001
 21
1.0
 31
0.0
 73
     1
 44
1.0
  0
POINT
  5
B32
330
B2A
100
AcDbEntity
  8
DEFPOINTS
 62
     0
440
 16777216
100
AcDbPoint
 10
1035616.425016401
 20
-615600.2276126613
 30
0.0
  0
POINT
  5
B33
330
B2A
100
AcDbEntity
  8
DEFPOINTS
 62
     0
440
 16777216
100
AcDbPoint
 10
1035616.425017249
 20
-613800.2276126611
 30
0.0
  0
POINT
  5
B34
330
B2A
100
AcDbEntity
  8
DEFPOINTS
 62
     0
440
 16777216
100
AcDbPoint
 10
1037432.232243282
 20
-613800.2276126611
 30
0.0
  0
ENDBLK
  5
B35
330
B2A
100
AcDbEntity
  8
0
100
AcDbBlockEnd
  0
BLOCK
  5
B38
330
B37
100
AcDbEntity
  8
0
100
AcDbBlockBegin
  2
*D42
 70
     1
 10
0.0
 20
0.0
 30
0.0
  3
*D42
  1

  0
LINE
  5
B39
330
B37
100
AcDbEntity
  8
PUB_DIM
 62
     0
440
 16777216
370
    -2
100
AcDbLine
 10
1036066.425014565
 20
-619500.2276125511
 30
0.0
 11
1037807.23224194
 21
-619500.2276125511
 31
0.0
  0
LINE
  5
B3A
330
B37
100
AcDbEntity
  8
PUB_DIM
 62
     0
440
 16777216
370
    -2
100
AcDbLine
 10
1036066.425016402
 20
-615600.2276126613
 30
0.0
 11
1037807.23224194
 21
-615600.2276126613
 31
0.0
  0
LINE
  5
B3B
330
B37
100
AcDbEntity
  8
PUB_DIM
 62
     0
440
 16777216
370
    -2
100
AcDbLine
 10
1037432.23224194
 20
-619500.2276125511
 30
0.0
 11
1037432.23224194
 21
-615600.2276126613
 31
0.0
  0
INSERT
  5
B3C
330
B37
100
AcDbEntity
  8
PUB_DIM
 62
     0
440
 16777216
370
    -2
100
AcDbBlockReference
  2
_ArchTick
 10
1037432.23224194
 20
-619500.2276125511
 30
0.0
 41
150.0
 42
150.0
 43
150.0
 50
270.0
  0
INSERT
  5
B3D
330
B37
100
AcDbEntity
  8
PUB_DIM
 62
     0
440
 16777216
370
    -2
100
AcDbBlockReference
  2
_ArchTick
 10
1037432.23224194
 20
-615600.2276126613
 30
0.0
 41
150.0
 42
150.0
 43
150.0
 50
90.0
  0
MTEXT
  5
B3E
330
B37
100
AcDbEntity
  8
PUB_DIM
 62
     7
440
 16777216
100
AcDbMText
 10
1037019.73224194
 20
-617550.2276126062
 30
0.0
 40
446.25
 41
0.0
 46
0.0
 71
     5
 72
     1
  1
\A1;3900
  7
_TCH_DIM_T3
 11
0.0000000000000001
 21
1.0
 31
0.0
 73
     1
 44
1.0
  0
POINT
  5
B3F
330
B37
100
AcDbEntity
  8
DEFPOINTS
 62
     0
440
 16777216
100
AcDbPoint
 10
1035616.425014565
 20
-619500.2276125511
 30
0.0
  0
POINT
  5
B40
330
B37
100
AcDbEntity
  8
DEFPOINTS
 62
     0
440
 16777216
100
AcDbPoint
 10
1035616.425016401
 20
-615600.2276126613
 30
0.0
  0
POINT
  5
B41
330
B37
100
AcDbEntity
  8
DEFPOINTS
 62
     0
440
 16777216
100
AcDbPoint
 10
1037432.23224194
 20
-615600.2276126613
 30
0.0
  0
ENDBLK
  5
B42
330
B37
100
AcDbEntity
  8
0
100
AcDbBlockEnd
  0
BLOCK
  5
B45
330
B44
100
AcDbEntity
  8
0
100
AcDbBlockBegin
  2
*D43
 70
     1
 10
0.0
 20
0.0
 30
0.0
  3
*D43
  1

  0
LINE
  5
B46
330
B44
100
AcDbEntity
  8
PUB_DIM
 62
     0
440
 16777216
370
    -2
100
AcDbLine
 10
1036066.425014283
 20
-620100.2276126612
 30
0.0
 11
1037807.23224088
 21
-620100.2276126612
 31
0.0
  0
LINE
  5
B47
330
B44
100
AcDbEntity
  8
PUB_DIM
 62
     0
440
 16777216
370
    -2
100
AcDbLine
 10
1036066.425014565
 20
-619500.2276125511
 30
0.0
 11
1037807.23224088
 21
-619500.2276125511
 31
0.0
  0
LINE
  5
B48
330
B44
100
AcDbEntity
  8
PUB_DIM
 62
     0
440
 16777216
370
    -2
100
AcDbLine
 10
1037432.23224088
 20
-620100.2276126612
 30
0.0
 11
1037432.23224088
 21
-620250.2276126612
 31
0.0
  0
LINE
  5
B49
330
B44
100
AcDbEntity
  8
PUB_DIM
 62
     0
440
 16777216
370
    -2
100
AcDbLine
 10
1037432.23224088
 20
-619500.2276125511
 30
0.0
 11
1037432.23224088
 21
-619350.2276125511
 31
0.0
  0
LINE
  5
B4A
330
B44
100
AcDbEntity
  8
PUB_DIM
 62
     0
440
 16777216
370
    -2
100
AcDbLine
 10
1037432.23224088
 20
-620100.2276126612
 30
0.0
 11
1037432.23224088
 21
-619500.2276125511
 31
0.0
  0
INSERT
  5
B4B
330
B44
100
AcDbEntity
  8
PUB_DIM
 62
     0
440
 16777216
370
    -2
100
AcDbBlockReference
  2
_ArchTick
 10
1037432.23224088
 20
-620100.2276126612
 30
0.0
 41
150.0
 42
150.0
 43
150.0
 50
90.0
  0
INSERT
  5
B4C
330
B44
100
AcDbEntity
  8
PUB_DIM
 62
     0
440
 16777216
370
    -2
100
AcDbBlockReference
  2
_ArchTick
 10
1037432.23224088
 20
-619500.2276125511
 30
0.0
 41
150.0
 42
150.0
 43
150.0
 50
270.0
  0
MTEXT
  5
B4D
330
B44
100
AcDbEntity
  8
PUB_DIM
 62
     7
440
 16777216
100
AcDbMText
 10
1037019.73224088
 20
-619800.2276126061
 30
0.0
 40
446.25
 41
0.0
 46
0.0
 71
     5
 72
     1
  1
\A1;600
  7
_TCH_DIM_T3
 11
0.0000000000000001
 21
1.0
 31
0.0
 73
     1
 44
1.0
  0
POINT
  5
B4E
330
B44
100
AcDbEntity
  8
DEFPOINTS
 62
     0
440
 16777216
100
AcDbPoint
 10
1035616.425014282
 20
-620100.2276126612
 30
0.0
  0
POINT
  5
B4F
330
B44
100
AcDbEntity
  8
DEFPOINTS
 62
     0
440
 16777216
100
AcDbPoint
 10
1035616.425014565
 20
-619500.2276125511
 30
0.0
  0
POINT
  5
B50
330
B44
100
AcDbEntity
  8
DEFPOINTS
 62
     0
440
 16777216
100
AcDbPoint
 10
1037432.23224088
 20
-619500.2276125511
 30
0.0
  0
ENDBLK
  5
B51
330
B44
100
AcDbEntity
  8
0
100
AcDbBlockEnd
  0
BLOCK
  5
B54
330
B53
100
AcDbEntity
  8
0
100
AcDbBlockBegin
  2
*D44
 70
     1
 10
0.0
 20
0.0
 30
0.0
  3
*D44
  1

  0
LINE
  5
B55
330
B53
100
AcDbEntity
  8
PUB_DIM
 62
     0
440
 16777216
370
    -2
100
AcDbLine
 10
1036066.425012399
 20
-624100.2276141375
 30
0.0
 11
1037807.232239797
 21
-624100.2276141375
 31
0.0
  0
LINE
  5
B56
330
B53
100
AcDbEntity
  8
PUB_DIM
 62
     0
440
 16777216
370
    -2
100
AcDbLine
 10
1036066.425014283
 20
-620100.2276126612
 30
0.0
 11
1037807.232239797
 21
-620100.2276126612
 31
0.0
  0
LINE
  5
B57
330
B53
100
AcDbEntity
  8
PUB_DIM
 62
     0
440
 16777216
370
    -2
100
AcDbLine
 10
1037432.232239797
 20
-624100.2276141375
 30
0.0
 11
1037432.232239797
 21
-620100.2276126612
 31
0.0
  0
INSERT
  5
B58
330
B53
100
AcDbEntity
  8
PUB_DIM
 62
     0
440
 16777216
370
    -2
100
AcDbBlockReference
  2
_ArchTick
 10
1037432.232239797
 20
-624100.2276141375
 30
0.0
 41
150.0
 42
150.0
 43
150.0
 50
270.0
  0
INSERT
  5
B59
330
B53
100
AcDbEntity
  8
PUB_DIM
 62
     0
440
 16777216
370
    -2
100
AcDbBlockReference
  2
_ArchTick
 10
1037432.232239797
 20
-620100.2276126612
 30
0.0
 41
150.0
 42
150.0
 43
150.0
 50
90.0
  0
MTEXT
  5
B5A
330
B53
100
AcDbEntity
  8
PUB_DIM
 62
     7
440
 16777216
100
AcDbMText
 10
1037019.732239797
 20
-622100.2276133993
 30
0.0
 40
446.25
 41
0.0
 46
0.0
 71
     5
 72
     1
  1
\A1;4000
  7
_TCH_DIM_T3
 11
0.0000000000000001
 21
1.0
 31
0.0
 73
     1
 44
1.0
  0
POINT
  5
B5B
330
B53
100
AcDbEntity
  8
DEFPOINTS
 62
     0
440
 16777216
100
AcDbPoint
 10
1035616.425012399
 20
-624100.2276141375
 30
0.0
  0
POINT
  5
B5C
330
B53
100
AcDbEntity
  8
DEFPOINTS
 62
     0
440
 16777216
100
AcDbPoint
 10
1035616.425014282
 20
-620100.2276126612
 30
0.0
  0
POINT
  5
B5D
330
B53
100
AcDbEntity
  8
DEFPOINTS
 62
     0
440
 16777216
100
AcDbPoint
 10
1037432.232239797
 20
-620100.2276126612
 30
0.0
  0
ENDBLK
  5
B5E
330
B53
100
AcDbEntity
  8
0
100
AcDbBlockEnd
  0
BLOCK
  5
B61
330
B60
100
AcDbEntity
  8
0
100
AcDbBlockBegin
  2
*D45
 70
     1
 10
0.0
 20
0.0
 30
0.0
  3
*D45
  1

  0
LINE
  5
B62
330
B60
100
AcDbEntity
  8
PUB_DIM
 62
     0
440
 16777216
370
    -2
100
AcDbLine
 10
1036066.425011834
 20
-625299.7276204793
 30
0.0
 11
1037807.232238573
 21
-625299.7276204793
 31
0.0
  0
LINE
  5
B63
330
B60
100
AcDbEntity
  8
PUB_DIM
 62
     0
440
 16777216
370
    -2
100
AcDbLine
 10
1036066.425012399
 20
-624100.2276141375
 30
0.0
 11
1037807.232238573
 21
-624100.2276141375
 31
0.0
  0
LINE
  5
B64
330
B60
100
AcDbEntity
  8
PUB_DIM
 62
     0
440
 16777216
370
    -2
100
AcDbLine
 10
1037432.232238573
 20
-625299.7276204793
 30
0.0
 11
1037432.232238573
 21
-625449.7276204793
 31
0.0
  0
LINE
  5
B65
330
B60
100
AcDbEntity
  8
PUB_DIM
 62
     0
440
 16777216
370
    -2
100
AcDbLine
 10
1037432.232238573
 20
-624100.2276141375
 30
0.0
 11
1037432.232238573
 21
-623950.2276141375
 31
0.0
  0
LINE
  5
B66
330
B60
100
AcDbEntity
  8
PUB_DIM
 62
     0
440
 16777216
370
    -2
100
AcDbLine
 10
1037432.232238573
 20
-625299.7276204793
 30
0.0
 11
1037432.232238573
 21
-624100.2276141375
 31
0.0
  0
INSERT
  5
B67
330
B60
100
AcDbEntity
  8
PUB_DIM
 62
     0
440
 16777216
370
    -2
100
AcDbBlockReference
  2
_ArchTick
 10
1037432.232238573
 20
-625299.7276204793
 30
0.0
 41
150.0
 42
150.0
 43
150.0
 50
90.0
  0
INSERT
  5
B68
330
B60
100
AcDbEntity
  8
PUB_DIM
 62
     0
440
 16777216
370
    -2
100
AcDbBlockReference
  2
_ArchTick
 10
1037432.232238573
 20
-624100.2276141375
 30
0.0
 41
150.0
 42
150.0
 43
150.0
 50
270.0
  0
MTEXT
  5
B69
330
B60
100
AcDbEntity
  8
PUB_DIM
 62
     7
440
 16777216
100
AcDbMText
 10
1037019.732238573
 20
-624699.9776173083
 30
0.0
 40
446.25
 41
0.0
 46
0.0
 71
     5
 72
     1
  1
\A1;1200
  7
_TCH_DIM_T3
 11
0.0000000000000001
 21
1.0
 31
0.0
 73
     1
 44
1.0
  0
POINT
  5
B6A
330
B60
100
AcDbEntity
  8
DEFPOINTS
 62
     0
440
 16777216
100
AcDbPoint
 10
1035616.425011834
 20
-625299.7276204793
 30
0.0
  0
POINT
  5
B6B
330
B60
100
AcDbEntity
  8
DEFPOINTS
 62
     0
440
 16777216
100
AcDbPoint
 10
1035616.425012399
 20
-624100.2276141375
 30
0.0
  0
POINT
  5
B6C
330
B60
100
AcDbEntity
  8
DEFPOINTS
 62
     0
440
 16777216
100
AcDbPoint
 10
1037432.232238573
 20
-624100.2276141375
 30
0.0
  0
ENDBLK
  5
B6D
330
B60
100
AcDbEntity
  8
0
100
AcDbBlockEnd
  0
BLOCK
  5
B70
330
B6F
100
AcDbEntity
  8
0
100
AcDbBlockBegin
  2
*D46
 70
     1
 10
0.0
 20
0.0
 30
0.0
  3
*D46
  1

  0
LINE
  5
B71
330
B6F
100
AcDbEntity
  8
PUB_DIM
 62
     0
440
 16777216
370
    -2
100
AcDbLine
 10
1005824.98412552
 20
-608307.9588882425
 30
0.0
 11
1005824.98412552
 21
-605916.9461033276
 31
0.0
  0
LINE
  5
B72
330
B6F
100
AcDbEntity
  8
PUB_DIM
 62
     0
440
 16777216
370
    -2
100
AcDbLine
 10
1034324.984123871
 20
-608307.9588882425
 30
0.0
 11
1034324.984123871
 21
-605916.9461033276
 31
0.0
  0
LINE
  5
B73
330
B6F
100
AcDbEntity
  8
PUB_DIM
 62
     0
440
 16777216
370
    -2
100
AcDbLine
 10
1005824.98412552
 20
-606291.9461033276
 30
0.0
 11
1034324.984123871
 21
-606291.9461033276
 31
0.0
  0
INSERT
  5
B74
330
B6F
100
AcDbEntity
  8
PUB_DIM
 62
     0
440
 16777216
370
    -2
100
AcDbBlockReference
  2
_ArchTick
 10
1005824.98412552
 20
-606291.9461033276
 30
0.0
 41
150.0
 42
150.0
 43
150.0
 50
180.0
  0
INSERT
  5
B75
330
B6F
100
AcDbEntity
  8
PUB_DIM
 62
     0
440
 16777216
370
    -2
100
AcDbBlockReference
  2
_ArchTick
 10
1034324.984123871
 20
-606291.9461033276
 30
0.0
 41
150.0
 42
150.0
 43
150.0
  0
MTEXT
  5
B76
330
B6F
100
AcDbEntity
  8
PUB_DIM
 62
     7
440
 16777216
100
AcDbMText
 10
1020074.984124695
 20
-605879.4461033276
 30
0.0
 40
446.25
 41
0.0
 46
0.0
 71
     5
 72
     1
  1
\A1;28500
  7
_TCH_DIM_T3
 73
     1
 44
1.0
  0
POINT
  5
B77
330
B6F
100
AcDbEntity
  8
DEFPOINTS
 62
     0
440
 16777216
100
AcDbPoint
 10
1005824.98412552
 20
-608757.9588882425
 30
0.0
  0
POINT
  5
B78
330
B6F
100
AcDbEntity
  8
DEFPOINTS
 62
     0
440
 16777216
100
AcDbPoint
 10
1034324.984123871
 20
-608757.9588882425
 30
0.0
  0
POINT
  5
B79
330
B6F
100
AcDbEntity
  8
DEFPOINTS
 62
     0
440
 16777216
100
AcDbPoint
 10
1034324.984123871
 20
-606291.9461033276
 30
0.0
  0
ENDBLK
  5
B7A
330
B6F
100
AcDbEntity
  8
0
100
AcDbBlockEnd
  0
BLOCK
  5
B7D
330
B7C
100
AcDbEntity
  8
0
100
AcDbBlockBegin
  2
*D47
 70
     1
 10
0.0
 20
0.0
 30
0.0
  3
*D47
  1

  0
LINE
  5
B7E
330
B7C
100
AcDbEntity
  8
PUB_DIM
 62
     0
440
 16777216
370
    -2
100
AcDbLine
 10
1036066.425019086
 20
-625299.7276204792
 30
0.0
 11
1039007.232242444
 21
-625299.7276204792
 31
0.0
  0
LINE
  5
B7F
330
B7C
100
AcDbEntity
  8
PUB_DIM
 62
     0
440
 16777216
370
    -2
100
AcDbLine
 10
1036066.425019086
 20
-609900.2276200543
 30
0.0
 11
1039007.232242444
 21
-609900.2276200543
 31
0.0
  0
LINE
  5
B80
330
B7C
100
AcDbEntity
  8
PUB_DIM
 62
     0
440
 16777216
370
    -2
100
AcDbLine
 10
1038632.232242444
 20
-625299.7276204792
 30
0.0
 11
1038632.232242444
 21
-609900.2276200543
 31
0.0
  0
INSERT
  5
B81
330
B7C
100
AcDbEntity
  8
PUB_DIM
 62
     0
440
 16777216
370
    -2
100
AcDbBlockReference
  2
_ArchTick
 10
1038632.232242444
 20
-625299.7276204792
 30
0.0
 41
150.0
 42
150.0
 43
150.0
 50
270.0
  0
INSERT
  5
B82
330
B7C
100
AcDbEntity
  8
PUB_DIM
 62
     0
440
 16777216
370
    -2
100
AcDbBlockReference
  2
_ArchTick
 10
1038632.232242444
 20
-609900.2276200543
 30
0.0
 41
150.0
 42
150.0
 43
150.0
 50
90.0
  0
MTEXT
  5
B83
330
B7C
100
AcDbEntity
  8
PUB_DIM
 62
     7
440
 16777216
100
AcDbMText
 10
1038219.732242444
 20
-617599.9776202669
 30
0.0
 40
446.25
 41
0.0
 46
0.0
 71
     5
 72
     1
  1
\A1;15400
  7
_TCH_DIM_T3
 11
0.0000000000000001
 21
1.0
 31
0.0
 73
     1
 44
1.0
  0
POINT
  5
B84
330
B7C
100
AcDbEntity
  8
DEFPOINTS
 62
     0
440
 16777216
100
AcDbPoint
 10
1035616.425019086
 20
-625299.7276204792
 30
0.0
  0
POINT
  5
B85
330
B7C
100
AcDbEntity
  8
DEFPOINTS
 62
     0
440
 16777216
100
AcDbPoint
 10
1035616.425019086
 20
-609900.2276200543
 30
0.0
  0
POINT
  5
B86
330
B7C
100
AcDbEntity
  8
DEFPOINTS
 62
     0
440
 16777216
100
AcDbPoint
 10
1038632.232242444
 20
-609900.2276200543
 30
0.0
  0
ENDBLK
  5
B87
330
B7C
100
AcDbEntity
  8
0
100
AcDbBlockEnd
  0
BLOCK
  5
B8A
330
B89
100
AcDbEntity
  8
0
100
AcDbBlockBegin
  2
*D48
 70
     1
 10
0.0
 20
0.0
 30
0.0
  3
*D48
  1

  0
LINE
  5
B8B
330
B89
100
AcDbEntity
  8
PUB_DIM
 62
     0
440
 16777216
370
    -2
100
AcDbLine
 10
1005824.984125428
 20
-627148.2126472159
 30
0.0
 11
1005824.984125428
 21
-629846.4583591488
 31
0.0
  0
LINE
  5
B8C
330
B89
100
AcDbEntity
  8
PUB_DIM
 62
     0
440
 16777216
370
    -2
100
AcDbLine
 10
1034024.984122626
 20
-627148.2126472159
 30
0.0
 11
1034024.984122626
 21
-629846.4583591488
 31
0.0
  0
LINE
  5
B8D
330
B89
100
AcDbEntity
  8
PUB_DIM
 62
     0
440
 16777216
370
    -2
100
AcDbLine
 10
1005824.984125428
 20
-629471.4583591488
 30
0.0
 11
1034024.984122626
 21
-629471.4583591488
 31
0.0
  0
INSERT
  5
B8E
330
B89
100
AcDbEntity
  8
PUB_DIM
 62
     0
440
 16777216
370
    -2
100
AcDbBlockReference
  2
_ArchTick
 10
1005824.984125428
 20
-629471.4583591488
 30
0.0
 41
150.0
 42
150.0
 43
150.0
 50
180.0
  0
INSERT
  5
B8F
330
B89
100
AcDbEntity
  8
PUB_DIM
 62
     0
440
 16777216
370
    -2
100
AcDbBlockReference
  2
_ArchTick
 10
1034024.984122626
 20
-629471.4583591488
 30
0.0
 41
150.0
 42
150.0
 43
150.0
  0
MTEXT
  5
B90
330
B89
100
AcDbEntity
  8
PUB_DIM
 62
     7
440
 16777216
100
AcDbMText
 10
1019924.984124027
 20
-629058.9583591488
 30
0.0
 40
446.25
 41
0.0
 46
0.0
 71
     5
 72
     1
  1
\A1;28200
  7
_TCH_DIM_T3
 73
     1
 44
1.0
  0
POINT
  5
B91
330
B89
100
AcDbEntity
  8
DEFPOINTS
 62
     0
440
 16777216
100
AcDbPoint
 10
1005824.984125428
 20
-626698.2126472161
 30
0.0
  0
POINT
  5
B92
330
B89
100
AcDbEntity
  8
DEFPOINTS
 62
     0
440
 16777216
100
AcDbPoint
 10
1034024.984122626
 20
-626698.2126472161
 30
0.0
  0
POINT
  5
B93
330
B89
100
AcDbEntity
  8
DEFPOINTS
 62
     0
440
 16777216
100
AcDbPoint
 10
1034024.984122626
 20
-629471.4583591488
 30
0.0
  0
ENDBLK
  5
B94
330
B89
100
AcDbEntity
  8
0
100
AcDbBlockEnd
  0
BLOCK
  5
B97
330
B96
100
AcDbEntity
  8
0
100
AcDbBlockBegin
  2
*D49
 70
     1
 10
0.0
 20
0.0
 30
0.0
  3
*D49
  1

  0
LINE
  5
B98
330
B96
100
AcDbEntity
  8
PUB_DIM
 62
     0
440
 16777216
370
    -2
100
AcDbLine
 10
1030424.984123839
 20
-627148.2126472159
 30
0.0
 11
1030424.984123839
 21
-628646.4583591488
 31
0.0
  0
LINE
  5
B99
330
B96
100
AcDbEntity
  8
PUB_DIM
 62
     0
440
 16777216
370
    -2
100
AcDbLine
 10
1034024.984122626
 20
-627148.2126472159
 30
0.0
 11
1034024.984122626
 21
-628646.4583591488
 31
0.0
  0
LINE
  5
B9A
330
B96
100
AcDbEntity
  8
PUB_DIM
 62
     0
440
 16777216
370
    -2
100
AcDbLine
 10
1030424.984123839
 20
-628271.4583591488
 30
0.0
 11
1034024.984122626
 21
-628271.4583591488
 31
0.0
  0
INSERT
  5
B9B
330
B96
100
AcDbEntity
  8
PUB_DIM
 62
     0
440
 16777216
370
    -2
100
AcDbBlockReference
  2
_ArchTick
 10
1030424.984123839
 20
-628271.4583591488
 30
0.0
 41
150.0
 42
150.0
 43
150.0
 50
180.0
  0
INSERT
  5
B9C
330
B96
100
AcDbEntity
  8
PUB_DIM
 62
     0
440
 16777216
370
    -2
100
AcDbBlockReference
  2
_ArchTick
 10
1034024.984122626
 20
-628271.4583591488
 30
0.0
 41
150.0
 42
150.0
 43
150.0
  0
MTEXT
  5
B9D
330
B96
100
AcDbEntity
  8
PUB_DIM
 62
     7
440
 16777216
100
AcDbMText
 10
1032224.984123233
 20
-627858.9583591489
 30
0.0
 40
446.25
 41
0.0
 46
0.0
 71
     5
 72
     1
  1
\A1;3600
  7
_TCH_DIM_T3
 73
     1
 44
1.0
  0
POINT
  5
B9E
330
B96
100
AcDbEntity
  8
DEFPOINTS
 62
     0
440
 16777216
100
AcDbPoint
 10
1030424.984123839
 20
-626698.2126472161
 30
0.0
  0
POINT
  5
B9F
330
B96
100
AcDbEntity
  8
DEFPOINTS
 62
     0
440
 16777216
100
AcDbPoint
 10
1034024.984122626
 20
-626698.2126472161
 30
0.0
  0
POINT
  5
BA0
330
B96
100
AcDbEntity
  8
DEFPOINTS
 62
     0
440
 16777216
100
AcDbPoint
 10
1034024.984122626
 20
-628271.4583591488
 30
0.0
  0
ENDBLK
  5
BA1
330
B96
100
AcDbEntity
  8
0
100
AcDbBlockEnd
  0
BLOCK
  5
BA4
330
BA3
100
AcDbEntity
  8
0
100
AcDbBlockBegin
  2
*D50
 70
     1
 10
0.0
 20
0.0
 30
0.0
  3
*D50
  1

  0
LINE
  5
BA5
330
BA3
100
AcDbEntity
  8
PUB_DIM
 62
     0
440
 16777216
370
    -2
100
AcDbLine
 10
1027724.984124365
 20
-627148.2126472159
 30
0.0
 11
1027724.984124365
 21
-628646.4583591488
 31
0.0
  0
LINE
  5
BA6
330
BA3
100
AcDbEntity
  8
PUB_DIM
 62
     0
440
 16777216
370
    -2
100
AcDbLine
 10
1030424.984123839
 20
-627148.2126472159
 30
0.0
 11
1030424.984123839
 21
-628646.4583591488
 31
0.0
  0
LINE
  5
BA7
330
BA3
100
AcDbEntity
  8
PUB_DIM
 62
     0
440
 16777216
370
    -2
100
AcDbLine
 10
1027724.984124365
 20
-628271.4583591488
 30
0.0
 11
1030424.984123839
 21
-628271.4583591488
 31
0.0
  0
INSERT
  5
BA8
330
BA3
100
AcDbEntity
  8
PUB_DIM
 62
     0
440
 16777216
370
    -2
100
AcDbBlockReference
  2
_ArchTick
 10
1027724.984124365
 20
-628271.4583591488
 30
0.0
 41
150.0
 42
150.0
 43
150.0
 50
180.0
  0
INSERT
  5
BA9
330
BA3
100
AcDbEntity
  8
PUB_DIM
 62
     0
440
 16777216
370
    -2
100
AcDbBlockReference
  2
_ArchTick
 10
1030424.984123839
 20
-628271.4583591488
 30
0.0
 41
150.0
 42
150.0
 43
150.0
  0
MTEXT
  5
BAA
330
BA3
100
AcDbEntity
  8
PUB_DIM
 62
     7
440
 16777216
100
AcDbMText
 10
1029074.984124102
 20
-627858.9583591489
 30
0.0
 40
446.25
 41
0.0
 46
0.0
 71
     5
 72
     1
  1
\A1;2700
  7
_TCH_DIM_T3
 73
     1
 44
1.0
  0
POINT
  5
BAB
330
BA3
100
AcDbEntity
  8
DEFPOINTS
 62
     0
440
 16777216
100
AcDbPoint
 10
1027724.984124365
 20
-626698.2126472161
 30
0.0
  0
POINT
  5
BAC
330
BA3
100
AcDbEntity
  8
DEFPOINTS
 62
     0
440
 16777216
100
AcDbPoint
 10
1030424.984123839
 20
-626698.2126472161
 30
0.0
  0
POINT
  5
BAD
330
BA3
100
AcDbEntity
  8
DEFPOINTS
 62
     0
440
 16777216
100
AcDbPoint
 10
1030424.984123839
 20
-628271.4583591488
 30
0.0
  0
ENDBLK
  5
BAE
330
BA3
100
AcDbEntity
  8
0
100
AcDbBlockEnd
  0
BLOCK
  5
BB1
330
BB0
100
AcDbEntity
  8
0
100
AcDbBlockBegin
  2
*D51
 70
     1
 10
0.0
 20
0.0
 30
0.0
  3
*D51
  1

  0
LINE
  5
BB2
330
BB0
100
AcDbEntity
  8
PUB_DIM
 62
     0
440
 16777216
370
    -2
100
AcDbLine
 10
1024124.984124657
 20
-627148.2126472159
 30
0.0
 11
1024124.984124657
 21
-628646.4583591488
 31
0.0
  0
LINE
  5
BB3
330
BB0
100
AcDbEntity
  8
PUB_DIM
 62
     0
440
 16777216
370
    -2
100
AcDbLine
 10
1027724.984124365
 20
-627148.2126472159
 30
0.0
 11
1027724.984124365
 21
-628646.4583591488
 31
0.0
  0
LINE
  5
BB4
330
BB0
100
AcDbEntity
  8
PUB_DIM
 62
     0
440
 16777216
370
    -2
100
AcDbLine
 10
1024124.984124657
 20
-628271.4583591488
 30
0.0
 11
1027724.984124365
 21
-628271.4583591488
 31
0.0
  0
INSERT
  5
BB5
330
BB0
100
AcDbEntity
  8
PUB_DIM
 62
     0
440
 16777216
370
    -2
100
AcDbBlockReference
  2
_ArchTick
 10
1024124.984124657
 20
-628271.4583591488
 30
0.0
 41
150.0
 42
150.0
 43
150.0
 50
180.0
  0
INSERT
  5
BB6
330
BB0
100
AcDbEntity
  8
PUB_DIM
 62
     0
440
 16777216
370
    -2
100
AcDbBlockReference
  2
_ArchTick
 10
1027724.984124365
 20
-628271.4583591488
 30
0.0
 41
150.0
 42
150.0
 43
150.0
  0
MTEXT
  5
BB7
330
BB0
100
AcDbEntity
  8
PUB_DIM
 62
     7
440
 16777216
100
AcDbMText
 10
1025924.984124511
 20
-627858.9583591489
 30
0.0
 40
446.25
 41
0.0
 46
0.0
 71
     5
 72
     1
  1
\A1;3600
  7
_TCH_DIM_T3
 73
     1
 44
1.0
  0
POINT
  5
BB8
330
BB0
100
AcDbEntity
  8
DEFPOINTS
 62
     0
440
 16777216
100
AcDbPoint
 10
1024124.984124657
 20
-626698.2126472161
 30
0.0
  0
POINT
  5
BB9
330
BB0
100
AcDbEntity
  8
DEFPOINTS
 62
     0
440
 16777216
100
AcDbPoint
 10
1027724.984124365
 20
-626698.2126472161
 30
0.0
  0
POINT
  5
BBA
330
BB0
100
AcDbEntity
  8
DEFPOINTS
 62
     0
440
 16777216
100
AcDbPoint
 10
1027724.984124365
 20
-628271.4583591488
 30
0.0
  0
ENDBLK
  5
BBB
330
BB0
100
AcDbEntity
  8
0
100
AcDbBlockEnd
  0
BLOCK
  5
BBE
330
BBD
100
AcDbEntity
  8
0
100
AcDbBlockBegin
  2
*D52
 70
     1
 10
0.0
 20
0.0
 30
0.0
  3
*D52
  1

  0
LINE
  5
BBF
330
BBD
100
AcDbEntity
  8
PUB_DIM
 62
     0
440
 16777216
370
    -2
100
AcDbLine
 10
1021124.984124653
 20
-627148.2126472159
 30
0.0
 11
1021124.984124653
 21
-628646.4583591488
 31
0.0
  0
LINE
  5
BC0
330
BBD
100
AcDbEntity
  8
PUB_DIM
 62
     0
440
 16777216
370
    -2
100
AcDbLine
 10
1024124.984124657
 20
-627148.2126472159
 30
0.0
 11
1024124.984124657
 21
-628646.4583591488
 31
0.0
  0
LINE
  5
BC1
330
BBD
100
AcDbEntity
  8
PUB_DIM
 62
     0
440
 16777216
370
    -2
100
AcDbLine
 10
1021124.984124653
 20
-628271.4583591488
 30
0.0
 11
1024124.984124657
 21
-628271.4583591488
 31
0.0
  0
INSERT
  5
BC2
330
BBD
100
AcDbEntity
  8
PUB_DIM
 62
     0
440
 16777216
370
    -2
100
AcDbBlockReference
  2
_ArchTick
 10
1021124.984124653
 20
-628271.4583591488
 30
0.0
 41
150.0
 42
150.0
 43
150.0
 50
180.0
  0
INSERT
  5
BC3
330
BBD
100
AcDbEntity
  8
PUB_DIM
 62
     0
440
 16777216
370
    -2
100
AcDbBlockReference
  2
_ArchTick
 10
1024124.984124657
 20
-628271.4583591488
 30
0.0
 41
150.0
 42
150.0
 43
150.0
  0
MTEXT
  5
BC4
330
BBD
100
AcDbEntity
  8
PUB_DIM
 62
     7
440
 16777216
100
AcDbMText
 10
1022624.984124655
 20
-627858.9583591489
 30
0.0
 40
446.25
 41
0.0
 46
0.0
 71
     5
 72
     1
  1
\A1;3000
  7
_TCH_DIM_T3
 73
     1
 44
1.0
  0
POINT
  5
BC5
330
BBD
100
AcDbEntity
  8
DEFPOINTS
 62
     0
440
 16777216
100
AcDbPoint
 10
1021124.984124653
 20
-626698.2126472161
 30
0.0
  0
POINT
  5
BC6
330
BBD
100
AcDbEntity
  8
DEFPOINTS
 62
     0
440
 16777216
100
AcDbPoint
 10
1024124.984124657
 20
-626698.2126472161
 30
0.0
  0
POINT
  5
BC7
330
BBD
100
AcDbEntity
  8
DEFPOINTS
 62
     0
440
 16777216
100
AcDbPoint
 10
1024124.984124657
 20
-628271.4583591488
 30
0.0
  0
ENDBLK
  5
BC8
330
BBD
100
AcDbEntity
  8
0
100
AcDbBlockEnd
  0
BLOCK
  5
BCB
330
BCA
100
AcDbEntity
  8
0
100
AcDbBlockBegin
  2
*D53
 70
     1
 10
0.0
 20
0.0
 30
0.0
  3
*D53
  1

  0
LINE
  5
BCC
330
BCA
100
AcDbEntity
  8
PUB_DIM
 62
     0
440
 16777216
370
    -2
100
AcDbLine
 10
1018724.984124706
 20
-627148.2126472159
 30
0.0
 11
1018724.984124706
 21
-628646.4583591488
 31
0.0
  0
LINE
  5
BCD
330
BCA
100
AcDbEntity
  8
PUB_DIM
 62
     0
440
 16777216
370
    -2
100
AcDbLine
 10
1021124.984124653
 20
-627148.2126472159
 30
0.0
 11
1021124.984124653
 21
-628646.4583591488
 31
0.0
  0
LINE
  5
BCE
330
BCA
100
AcDbEntity
  8
PUB_DIM
 62
     0
440
 16777216
370
    -2
100
AcDbLine
 10
1018724.984124706
 20
-628271.4583591488
 30
0.0
 11
1021124.984124653
 21
-628271.4583591488
 31
0.0
  0
INSERT
  5
BCF
330
BCA
100
AcDbEntity
  8
PUB_DIM
 62
     0
440
 16777216
370
    -2
100
AcDbBlockReference
  2
_ArchTick
 10
1018724.984124706
 20
-628271.4583591488
 30
0.0
 41
150.0
 42
150.0
 43
150.0
 50
180.0
  0
INSERT
  5
BD0
330
BCA
100
AcDbEntity
  8
PUB_DIM
 62
     0
440
 16777216
370
    -2
100
AcDbBlockReference
  2
_ArchTick
 10
1021124.984124653
 20
-628271.4583591488
 30
0.0
 41
150.0
 42
150.0
 43
150.0
  0
MTEXT
  5
BD1
330
BCA
100
AcDbEntity
  8
PUB_DIM
 62
     7
440
 16777216
100
AcDbMText
 10
1019924.98412468
 20
-627858.9583591489
 30
0.0
 40
446.25
 41
0.0
 46
0.0
 71
     5
 72
     1
  1
\A1;2400
  7
_TCH_DIM_T3
 73
     1
 44
1.0
  0
POINT
  5
BD2
330
BCA
100
AcDbEntity
  8
DEFPOINTS
 62
     0
440
 16777216
100
AcDbPoint
 10
1018724.984124706
 20
-626698.2126472161
 30
0.0
  0
POINT
  5
BD3
330
BCA
100
AcDbEntity
  8
DEFPOINTS
 62
     0
440
 16777216
100
AcDbPoint
 10
1021124.984124653
 20
-626698.2126472161
 30
0.0
  0
POINT
  5
BD4
330
BCA
100
AcDbEntity
  8
DEFPOINTS
 62
     0
440
 16777216
100
AcDbPoint
 10
1021124.984124653
 20
-628271.4583591488
 30
0.0
  0
ENDBLK
  5
BD5
330
BCA
100
AcDbEntity
  8
0
100
AcDbBlockEnd
  0
BLOCK
  5
BD8
330
BD7
100
AcDbEntity
  8
0
100
AcDbBlockBegin
  2
*D54
 70
     1
 10
0.0
 20
0.0
 30
0.0
  3
*D54
  1

  0
LINE
  5
BD9
330
BD7
100
AcDbEntity
  8
PUB_DIM
 62
     0
440
 16777216
370
    -2
100
AcDbLine
 10
1015724.984126105
 20
-627148.2126472159
 30
0.0
 11
1015724.984126105
 21
-628646.4583591488
 31
0.0
  0
LINE
  5
BDA
330
BD7
100
AcDbEntity
  8
PUB_DIM
 62
     0
440
 16777216
370
    -2
100
AcDbLine
 10
1018724.984124706
 20
-627148.2126472159
 30
0.0
 11
1018724.984124706
 21
-628646.4583591488
 31
0.0
  0
LINE
  5
BDB
330
BD7
100
AcDbEntity
  8
PUB_DIM
 62
     0
440
 16777216
370
    -2
100
AcDbLine
 10
1015724.984126105
 20
-628271.4583591488
 30
0.0
 11
1018724.984124706
 21
-628271.4583591488
 31
0.0
  0
INSERT
  5
BDC
330
BD7
100
AcDbEntity
  8
PUB_DIM
 62
     0
440
 16777216
370
    -2
100
AcDbBlockReference
  2
_ArchTick
 10
1015724.984126105
 20
-628271.4583591488
 30
0.0
 41
150.0
 42
150.0
 43
150.0
 50
180.0
  0
INSERT
  5
BDD
330
BD7
100
AcDbEntity
  8
PUB_DIM
 62
     0
440
 16777216
370
    -2
100
AcDbBlockReference
  2
_ArchTick
 10
1018724.984124706
 20
-628271.4583591488
 30
0.0
 41
150.0
 42
150.0
 43
150.0
  0
MTEXT
  5
BDE
330
BD7
100
AcDbEntity
  8
PUB_DIM
 62
     7
440
 16777216
100
AcDbMText
 10
1017224.984125405
 20
-627858.9583591489
 30
0.0
 40
446.25
 41
0.0
 46
0.0
 71
     5
 72
     1
  1
\A1;3000
  7
_TCH_DIM_T3
 73
     1
 44
1.0
  0
POINT
  5
BDF
330
BD7
100
AcDbEntity
  8
DEFPOINTS
 62
     0
440
 16777216
100
AcDbPoint
 10
1015724.984126105
 20
-626698.2126472161
 30
0.0
  0
POINT
  5
BE0
330
BD7
100
AcDbEntity
  8
DEFPOINTS
 62
     0
440
 16777216
100
AcDbPoint
 10
1018724.984124706
 20
-626698.2126472161
 30
0.0
  0
POINT
  5
BE1
330
BD7
100
AcDbEntity
  8
DEFPOINTS
 62
     0
440
 16777216
100
AcDbPoint
 10
1018724.984124706
 20
-628271.4583591488
 30
0.0
  0
ENDBLK
  5
BE2
330
BD7
100
AcDbEntity
  8
0
100
AcDbBlockEnd
  0
BLOCK
  5
BE5
330
BE4
100
AcDbEntity
  8
0
100
AcDbBlockBegin
  2
*D55
 70
     1
 10
0.0
 20
0.0
 30
0.0
  3
*D55
  1

  0
LINE
  5
BE6
330
BE4
100
AcDbEntity
  8
PUB_DIM
 62
     0
440
 16777216
370
    -2
100
AcDbLine
 10
1012124.984126096
 20
-627148.2126472159
 30
0.0
 11
1012124.984126096
 21
-628646.4583591488
 31
0.0
  0
LINE
  5
BE7
330
BE4
100
AcDbEntity
  8
PUB_DIM
 62
     0
440
 16777216
370
    -2
100
AcDbLine
 10
1015724.984126105
 20
-627148.2126472159
 30
0.0
 11
1015724.984126105
 21
-628646.4583591488
 31
0.0
  0
LINE
  5
BE8
330
BE4
100
AcDbEntity
  8
PUB_DIM
 62
     0
440
 16777216
370
    -2
100
AcDbLine
 10
1012124.984126096
 20
-628271.4583591488
 30
0.0
 11
1015724.984126105
 21
-628271.4583591488
 31
0.0
  0
INSERT
  5
BE9
330
BE4
100
AcDbEntity
  8
PUB_DIM
 62
     0
440
 16777216
370
    -2
100
AcDbBlockReference
  2
_ArchTick
 10
1012124.984126096
 20
-628271.4583591488
 30
0.0
 41
150.0
 42
150.0
 43
150.0
 50
180.0
  0
INSERT
  5
BEA
330
BE4
100
AcDbEntity
  8
PUB_DIM
 62
     0
440
 16777216
370
    -2
100
AcDbBlockReference
  2
_ArchTick
 10
1015724.984126105
 20
-628271.4583591488
 30
0.0
 41
150.0
 42
150.0
 43
150.0
  0
MTEXT
  5
BEB
330
BE4
100
AcDbEntity
  8
PUB_DIM
 62
     7
440
 16777216
100
AcDbMText
 10
1013924.984126101
 20
-627858.9583591489
 30
0.0
 40
446.25
 41
0.0
 46
0.0
 71
     5
 72
     1
  1
\A1;3600
  7
_TCH_DIM_T3
 73
     1
 44
1.0
  0
POINT
  5
BEC
330
BE4
100
AcDbEntity
  8
DEFPOINTS
 62
     0
440
 16777216
100
AcDbPoint
 10
1012124.984126096
 20
-626698.2126472161
 30
0.0
  0
POINT
  5
BED
330
BE4
100
AcDbEntity
  8
DEFPOINTS
 62
     0
440
 16777216
100
AcDbPoint
 10
1015724.984126105
 20
-626698.2126472161
 30
0.0
  0
POINT
  5
BEE
330
BE4
100
AcDbEntity
  8
DEFPOINTS
 62
     0
440
 16777216
100
AcDbPoint
 10
1015724.984126105
 20
-628271.4583591488
 30
0.0
  0
ENDBLK
  5
BEF
330
BE4
100
AcDbEntity
  8
0
100
AcDbBlockEnd
  0
BLOCK
  5
BF2
330
BF1
100
AcDbEntity
  8
0
100
AcDbBlockBegin
  2
*D56
 70
     1
 10
0.0
 20
0.0
 30
0.0
  3
*D56
  1

  0
LINE
  5
BF3
330
BF1
100
AcDbEntity
  8
PUB_DIM
 62
     0
440
 16777216
370
    -2
100
AcDbLine
 10
1009424.984125389
 20
-627148.2126472159
 30
0.0
 11
1009424.984125389
 21
-628646.4583591488
 31
0.0
  0
LINE
  5
BF4
330
BF1
100
AcDbEntity
  8
PUB_DIM
 62
     0
440
 16777216
370
    -2
100
AcDbLine
 10
1012124.984126096
 20
-627148.2126472159
 30
0.0
 11
1012124.984126096
 21
-628646.4583591488
 31
0.0
  0
LINE
  5
BF5
330
BF1
100
AcDbEntity
  8
PUB_DIM
 62
     0
440
 16777216
370
    -2
100
AcDbLine
 10
1009424.984125389
 20
-628271.4583591488
 30
0.0
 11
1012124.984126096
 21
-628271.4583591488
 31
0.0
  0
INSERT
  5
BF6
330
BF1
100
AcDbEntity
  8
PUB_DIM
 62
     0
440
 16777216
370
    -2
100
AcDbBlockReference
  2
_ArchTick
 10
1009424.984125389
 20
-628271.4583591488
 30
0.0
 41
150.0
 42
150.0
 43
150.0
 50
180.0
  0
INSERT
  5
BF7
330
BF1
100
AcDbEntity
  8
PUB_DIM
 62
     0
440
 16777216
370
    -2
100
AcDbBlockReference
  2
_ArchTick
 10
1012124.984126096
 20
-628271.4583591488
 30
0.0
 41
150.0
 42
150.0
 43
150.0
  0
MTEXT
  5
BF8
330
BF1
100
AcDbEntity
  8
PUB_DIM
 62
     7
440
 16777216
100
AcDbMText
 10
1010774.984125743
 20
-627858.9583591489
 30
0.0
 40
446.25
 41
0.0
 46
0.0
 71
     5
 72
     1
  1
\A1;2700
  7
_TCH_DIM_T3
 73
     1
 44
1.0
  0
POINT
  5
BF9
330
BF1
100
AcDbEntity
  8
DEFPOINTS
 62
     0
440
 16777216
100
AcDbPoint
 10
1009424.984125389
 20
-626698.2126472161
 30
0.0
  0
POINT
  5
BFA
330
BF1
100
AcDbEntity
  8
DEFPOINTS
 62
     0
440
 16777216
100
AcDbPoint
 10
1012124.984126096
 20
-626698.2126472161
 30
0.0
  0
POINT
  5
BFB
330
BF1
100
AcDbEntity
  8
DEFPOINTS
 62
     0
440
 16777216
100
AcDbPoint
 10
1012124.984126096
 20
-628271.4583591488
 30
0.0
  0
ENDBLK
  5
BFC
330
BF1
100
AcDbEntity
  8
0
100
AcDbBlockEnd
  0
BLOCK
  5
BFF
330
BFE
100
AcDbEntity
  8
0
100
AcDbBlockBegin
  2
*D57
 70
     1
 10
0.0
 20
0.0
 30
0.0
  3
*D57
  1

  0
LINE
  5
C00
330
BFE
100
AcDbEntity
  8
PUB_DIM
 62
     0
440
 16777216
370
    -2
100
AcDbLine
 10
1005824.984125428
 20
-627148.2126472159
 30
0.0
 11
1005824.984125428
 21
-628646.4583591488
 31
0.0
  0
LINE
  5
C01
330
BFE
100
AcDbEntity
  8
PUB_DIM
 62
     0
440
 16777216
370
    -2
100
AcDbLine
 10
1009424.984125389
 20
-627148.2126472159
 30
0.0
 11
1009424.984125389
 21
-628646.4583591488
 31
0.0
  0
LINE
  5
C02
330
BFE
100
AcDbEntity
  8
PUB_DIM
 62
     0
440
 16777216
370
    -2
100
AcDbLine
 10
1005824.984125428
 20
-628271.4583591488
 30
0.0
 11
1009424.984125389
 21
-628271.4583591488
 31
0.0
  0
INSERT
  5
C03
330
BFE
100
AcDbEntity
  8
PUB_DIM
 62
     0
440
 16777216
370
    -2
100
AcDbBlockReference
  2
_ArchTick
 10
1005824.984125428
 20
-628271.4583591488
 30
0.0
 41
150.0
 42
150.0
 43
150.0
 50
180.0
  0
INSERT
  5
C04
330
BFE
100
AcDbEntity
  8
PUB_DIM
 62
     0
440
 16777216
370
    -2
100
AcDbBlockReference
  2
_ArchTick
 10
1009424.984125389
 20
-628271.4583591488
 30
0.0
 41
150.0
 42
150.0
 43
150.0
  0
MTEXT
  5
C05
330
BFE
100
AcDbEntity
  8
PUB_DIM
 62
     7
440
 16777216
100
AcDbMText
 10
1007624.984125409
 20
-627858.9583591489
 30
0.0
 40
446.25
 41
0.0
 46
0.0
 71
     5
 72
     1
  1
\A1;3600
  7
_TCH_DIM_T3
 73
     1
 44
1.0
  0
POINT
  5
C06
330
BFE
100
AcDbEntity
  8
DEFPOINTS
 62
     0
440
 16777216
100
AcDbPoint
 10
1005824.984125428
 20
-626698.2126472161
 30
0.0
  0
POINT
  5
C07
330
BFE
100
AcDbEntity
  8
DEFPOINTS
 62
     0
440
 16777216
100
AcDbPoint
 10
1009424.984125389
 20
-626698.2126472161
 30
0.0
  0
POINT
  5
C08
330
BFE
100
AcDbEntity
  8
DEFPOINTS
 62
     0
440
 16777216
100
AcDbPoint
 10
1009424.984125389
 20
-628271.4583591488
 30
0.0
  0
ENDBLK
  5
C09
330
BFE
100
AcDbEntity
  8
0
100
AcDbBlockEnd
  0
BLOCK
  5
C0C
330
C0B
100
AcDbEntity
  8
0
100
AcDbBlockBegin
  2
*D58
 70
     1
 10
0.0
 20
0.0
 30
0.0
  3
*D58
  1

  0
LINE
  5
C0D
330
C0B
100
AcDbEntity
  8
PUB_DIM
 62
     0
440
 16777216
370
    -2
100
AcDbLine
 10
1005824.98412552
 20
-608307.9588882143
 30
0.0
 11
1005824.98412552
 21
-607116.9461033278
 31
0.0
  0
LINE
  5
C0E
330
C0B
100
AcDbEntity
  8
PUB_DIM
 62
     0
440
 16777216
370
    -2
100
AcDbLine
 10
1006724.984127369
 20
-608307.9588882143
 30
0.0
 11
1006724.984127369
 21
-607116.9461033278
 31
0.0
  0
LINE
  5
C0F
330
C0B
100
AcDbEntity
  8
PUB_DIM
 62
     0
440
 16777216
370
    -2
100
AcDbLine
 10
1005824.98412552
 20
-607491.9461033278
 30
0.0
 11
1005674.98412552
 21
-607491.9461033278
 31
0.0
  0
LINE
  5
C10
330
C0B
100
AcDbEntity
  8
PUB_DIM
 62
     0
440
 16777216
370
    -2
100
AcDbLine
 10
1006724.984127369
 20
-607491.9461033278
 30
0.0
 11
1006874.984127369
 21
-607491.9461033278
 31
0.0
  0
LINE
  5
C11
330
C0B
100
AcDbEntity
  8
PUB_DIM
 62
     0
440
 16777216
370
    -2
100
AcDbLine
 10
1005824.98412552
 20
-607491.9461033278
 30
0.0
 11
1006724.984127369
 21
-607491.9461033278
 31
0.0
  0
INSERT
  5
C12
330
C0B
100
AcDbEntity
  8
PUB_DIM
 62
     0
440
 16777216
370
    -2
100
AcDbBlockReference
  2
_ArchTick
 10
1005824.98412552
 20
-607491.9461033278
 30
0.0
 41
150.0
 42
150.0
 43
150.0
  0
INSERT
  5
C13
330
C0B
100
AcDbEntity
  8
PUB_DIM
 62
     0
440
 16777216
370
    -2
100
AcDbBlockReference
  2
_ArchTick
 10
1006724.984127369
 20
-607491.9461033278
 30
0.0
 41
150.0
 42
150.0
 43
150.0
 50
180.0
  0
MTEXT
  5
C14
330
C0B
100
AcDbEntity
  8
PUB_DIM
 62
     7
440
 16777216
100
AcDbMText
 10
1006274.984126445
 20
-607079.4461033276
 30
0.0
 40
446.25
 41
0.0
 46
0.0
 71
     5
 72
     1
  1
\A1;900
  7
_TCH_DIM_T3
 73
     1
 44
1.0
  0
POINT
  5
C15
330
C0B
100
AcDbEntity
  8
DEFPOINTS
 62
     0
440
 16777216
100
AcDbPoint
 10
1005824.98412552
 20
-608757.9588882143
 30
0.0
  0
POINT
  5
C16
330
C0B
100
AcDbEntity
  8
DEFPOINTS
 62
     0
440
 16777216
100
AcDbPoint
 10
1006724.984127369
 20
-608757.9588882143
 30
0.0
  0
POINT
  5
C17
330
C0B
100
AcDbEntity
  8
DEFPOINTS
 62
     0
440
 16777216
100
AcDbPoint
 10
1006724.984127369
 20
-607491.9461033278
 30
0.0
  0
ENDBLK
  5
C18
330
C0B
100
AcDbEntity
  8
0
100
AcDbBlockEnd
  0
BLOCK
  5
C1B
330
C1A
100
AcDbEntity
  8
0
100
AcDbBlockBegin
  2
*D59
 70
     1
 10
0.0
 20
0.0
 30
0.0
  3
*D59
  1

  0
LINE
  5
C1C
330
C1A
100
AcDbEntity
  8
PUB_DIM
 62
     0
440
 16777216
370
    -2
100
AcDbLine
 10
1006724.984127369
 20
-608307.9588882143
 30
0.0
 11
1006724.984127369
 21
-607116.9461033278
 31
0.0
  0
LINE
  5
C1D
330
C1A
100
AcDbEntity
  8
PUB_DIM
 62
     0
440
 16777216
370
    -2
100
AcDbLine
 10
1009424.984127369
 20
-608307.9588882143
 30
0.0
 11
1009424.984127369
 21
-607116.9461033278
 31
0.0
  0
LINE
  5
C1E
330
C1A
100
AcDbEntity
  8
PUB_DIM
 62
     0
440
 16777216
370
    -2
100
AcDbLine
 10
1006724.984127369
 20
-607491.9461033278
 30
0.0
 11
1009424.984127369
 21
-607491.9461033278
 31
0.0
  0
INSERT
  5
C1F
330
C1A
100
AcDbEntity
  8
PUB_DIM
 62
     0
440
 16777216
370
    -2
100
AcDbBlockReference
  2
_ArchTick
 10
1006724.984127369
 20
-607491.9461033278
 30
0.0
 41
150.0
 42
150.0
 43
150.0
 50
180.0
  0
INSERT
  5
C20
330
C1A
100
AcDbEntity
  8
PUB_DIM
 62
     0
440
 16777216
370
    -2
100
AcDbBlockReference
  2
_ArchTick
 10
1009424.984127369
 20
-607491.9461033278
 30
0.0
 41
150.0
 42
150.0
 43
150.0
  0
MTEXT
  5
C21
330
C1A
100
AcDbEntity
  8
PUB_DIM
 62
     7
440
 16777216
100
AcDbMText
 10
1008074.984127369
 20
-607079.4461033276
 30
0.0
 40
446.25
 41
0.0
 46
0.0
 71
     5
 72
     1
  1
\A1;2700
  7
_TCH_DIM_T3
 73
     1
 44
1.0
  0
POINT
  5
C22
330
C1A
100
AcDbEntity
  8
DEFPOINTS
 62
     0
440
 16777216
100
AcDbPoint
 10
1006724.984127369
 20
-608757.9588882143
 30
0.0
  0
POINT
  5
C23
330
C1A
100
AcDbEntity
  8
DEFPOINTS
 62
     0
440
 16777216
100
AcDbPoint
 10
1009424.984127369
 20
-608757.9588882143
 30
0.0
  0
POINT
  5
C24
330
C1A
100
AcDbEntity
  8
DEFPOINTS
 62
     0
440
 16777216
100
AcDbPoint
 10
1009424.984127369
 20
-607491.9461033278
 30
0.0
  0
ENDBLK
  5
C25
330
C1A
100
AcDbEntity
  8
0
100
AcDbBlockEnd
  0
BLOCK
  5
C28
330
C27
100
AcDbEntity
  8
0
100
AcDbBlockBegin
  2
*D60
 70
     1
 10
0.0
 20
0.0
 30
0.0
  3
*D60
  1

  0
LINE
  5
C29
330
C27
100
AcDbEntity
  8
PUB_DIM
 62
     0
440
 16777216
370
    -2
100
AcDbLine
 10
1009424.984127369
 20
-608307.9588882143
 30
0.0
 11
1009424.984127369
 21
-607116.9461033278
 31
0.0
  0
LINE
  5
C2A
330
C27
100
AcDbEntity
  8
PUB_DIM
 62
     0
440
 16777216
370
    -2
100
AcDbLine
 10
1013024.984124807
 20
-608307.9588882143
 30
0.0
 11
1013024.984124807
 21
-607116.9461033278
 31
0.0
  0
LINE
  5
C2B
330
C27
100
AcDbEntity
  8
PUB_DIM
 62
     0
440
 16777216
370
    -2
100
AcDbLine
 10
1009424.984127369
 20
-607491.9461033278
 30
0.0
 11
1013024.984124807
 21
-607491.9461033278
 31
0.0
  0
INSERT
  5
C2C
330
C27
100
AcDbEntity
  8
PUB_DIM
 62
     0
440
 16777216
370
    -2
100
AcDbBlockReference
  2
_ArchTick
 10
1009424.984127369
 20
-607491.9461033278
 30
0.0
 41
150.0
 42
150.0
 43
150.0
 50
180.0
  0
INSERT
  5
C2D
330
C27
100
AcDbEntity
  8
PUB_DIM
 62
     0
440
 16777216
370
    -2
100
AcDbBlockReference
  2
_ArchTick
 10
1013024.984124807
 20
-607491.9461033278
 30
0.0
 41
150.0
 42
150.0
 43
150.0
  0
MTEXT
  5
C2E
330
C27
100
AcDbEntity
  8
PUB_DIM
 62
     7
440
 16777216
100
AcDbMText
 10
1011224.984126088
 20
-607079.4461033276
 30
0.0
 40
446.25
 41
0.0
 46
0.0
 71
     5
 72
     1
  1
\A1;3600
  7
_TCH_DIM_T3
 73
     1
 44
1.0
  0
POINT
  5
C2F
330
C27
100
AcDbEntity
  8
DEFPOINTS
 62
     0
440
 16777216
100
AcDbPoint
 10
1009424.984127369
 20
-608757.9588882143
 30
0.0
  0
POINT
  5
C30
330
C27
100
AcDbEntity
  8
DEFPOINTS
 62
     0
440
 16777216
100
AcDbPoint
 10
1013024.984124807
 20
-608757.9588882143
 30
0.0
  0
POINT
  5
C31
330
C27
100
AcDbEntity
  8
DEFPOINTS
 62
     0
440
 16777216
100
AcDbPoint
 10
1013024.984124807
 20
-607491.9461033278
 30
0.0
  0
ENDBLK
  5
C32
330
C27
100
AcDbEntity
  8
0
100
AcDbBlockEnd
  0
BLOCK
  5
C35
330
C34
100
AcDbEntity
  8
0
100
AcDbBlockBegin
  2
*D61
 70
     1
 10
0.0
 20
0.0
 30
0.0
  3
*D61
  1

  0
LINE
  5
C36
330
C34
100
AcDbEntity
  8
PUB_DIM
 62
     0
440
 16777216
370
    -2
100
AcDbLine
 10
1013024.984124807
 20
-608307.9588882143
 30
0.0
 11
1013024.984124807
 21
-607116.9461033278
 31
0.0
  0
LINE
  5
C37
330
C34
100
AcDbEntity
  8
PUB_DIM
 62
     0
440
 16777216
370
    -2
100
AcDbLine
 10
1014824.984124807
 20
-608307.9588882143
 30
0.0
 11
1014824.984124807
 21
-607116.9461033278
 31
0.0
  0
LINE
  5
C38
330
C34
100
AcDbEntity
  8
PUB_DIM
 62
     0
440
 16777216
370
    -2
100
AcDbLine
 10
1013024.984124807
 20
-607491.9461033278
 30
0.0
 11
1014824.984124807
 21
-607491.9461033278
 31
0.0
  0
INSERT
  5
C39
330
C34
100
AcDbEntity
  8
PUB_DIM
 62
     0
440
 16777216
370
    -2
100
AcDbBlockReference
  2
_ArchTick
 10
1013024.984124807
 20
-607491.9461033278
 30
0.0
 41
150.0
 42
150.0
 43
150.0
 50
180.0
  0
INSERT
  5
C3A
330
C34
100
AcDbEntity
  8
PUB_DIM
 62
     0
440
 16777216
370
    -2
100
AcDbBlockReference
  2
_ArchTick
 10
1014824.984124807
 20
-607491.9461033278
 30
0.0
 41
150.0
 42
150.0
 43
150.0
  0
MTEXT
  5
C3B
330
C34
100
AcDbEntity
  8
PUB_DIM
 62
     7
440
 16777216
100
AcDbMText
 10
1013924.984124807
 20
-607079.4461033276
 30
0.0
 40
446.25
 41
0.0
 46
0.0
 71
     5
 72
     1
  1
\A1;1800
  7
_TCH_DIM_T3
 73
     1
 44
1.0
  0
POINT
  5
C3C
330
C34
100
AcDbEntity
  8
DEFPOINTS
 62
     0
440
 16777216
100
AcDbPoint
 10
1013024.984124807
 20
-608757.9588882143
 30
0.0
  0
POINT
  5
C3D
330
C34
100
AcDbEntity
  8
DEFPOINTS
 62
     0
440
 16777216
100
AcDbPoint
 10
1014824.984124807
 20
-608757.9588882143
 30
0.0
  0
POINT
  5
C3E
330
C34
100
AcDbEntity
  8
DEFPOINTS
 62
     0
440
 16777216
100
AcDbPoint
 10
1014824.984124807
 20
-607491.9461033278
 30
0.0
  0
ENDBLK
  5
C3F
330
C34
100
AcDbEntity
  8
0
100
AcDbBlockEnd
  0
BLOCK
  5
C42
330
C41
100
AcDbEntity
  8
0
100
AcDbBlockBegin
  2
*D62
 70
     1
 10
0.0
 20
0.0
 30
0.0
  3
*D62
  1

  0
LINE
  5
C43
330
C41
100
AcDbEntity
  8
PUB_DIM
 62
     0
440
 16777216
370
    -2
100
AcDbLine
 10
1014824.984124807
 20
-608307.9588882143
 30
0.0
 11
1014824.984124807
 21
-607116.9461033278
 31
0.0
  0
LINE
  5
C44
330
C41
100
AcDbEntity
  8
PUB_DIM
 62
     0
440
 16777216
370
    -2
100
AcDbLine
 10
1018625.002510685
 20
-608307.9588882143
 30
0.0
 11
1018625.002510685
 21
-607116.9461033278
 31
0.0
  0
LINE
  5
C45
330
C41
100
AcDbEntity
  8
PUB_DIM
 62
     0
440
 16777216
370
    -2
100
AcDbLine
 10
1014824.984124807
 20
-607491.9461033278
 30
0.0
 11
1018625.002510685
 21
-607491.9461033278
 31
0.0
  0
INSERT
  5
C46
330
C41
100
AcDbEntity
  8
PUB_DIM
 62
     0
440
 16777216
370
    -2
100
AcDbBlockReference
  2
_ArchTick
 10
1014824.984124807
 20
-607491.9461033278
 30
0.0
 41
150.0
 42
150.0
 43
150.0
 50
180.0
  0
INSERT
  5
C47
330
C41
100
AcDbEntity
  8
PUB_DIM
 62
     0
440
 16777216
370
    -2
100
AcDbBlockReference
  2
_ArchTick
 10
1018625.002510685
 20
-607491.9461033278
 30
0.0
 41
150.0
 42
150.0
 43
150.0
  0
MTEXT
  5
C48
330
C41
100
AcDbEntity
  8
PUB_DIM
 62
     7
440
 16777216
100
AcDbMText
 10
1016724.993317746
 20
-607079.4461033276
 30
0.0
 40
446.25
 41
0.0
 46
0.0
 71
     5
 72
     1
  1
\A1;3800
  7
_TCH_DIM_T3
 73
     1
 44
1.0
  0
POINT
  5
C49
330
C41
100
AcDbEntity
  8
DEFPOINTS
 62
     0
440
 16777216
100
AcDbPoint
 10
1014824.984124807
 20
-608757.9588882143
 30
0.0
  0
POINT
  5
C4A
330
C41
100
AcDbEntity
  8
DEFPOINTS
 62
     0
440
 16777216
100
AcDbPoint
 10
1018625.002510685
 20
-608757.9588882143
 30
0.0
  0
POINT
  5
C4B
330
C41
100
AcDbEntity
  8
DEFPOINTS
 62
     0
440
 16777216
100
AcDbPoint
 10
1018625.002510685
 20
-607491.9461033278
 30
0.0
  0
ENDBLK
  5
C4C
330
C41
100
AcDbEntity
  8
0
100
AcDbBlockEnd
  0
BLOCK
  5
C4F
330
C4E
100
AcDbEntity
  8
0
100
AcDbBlockBegin
  2
*D63
 70
     1
 10
0.0
 20
0.0
 30
0.0
  3
*D63
  1

  0
LINE
  5
C50
330
C4E
100
AcDbEntity
  8
PUB_DIM
 62
     0
440
 16777216
370
    -2
100
AcDbLine
 10
1018625.002510685
 20
-608307.9588882143
 30
0.0
 11
1018625.002510685
 21
-607116.9461033278
 31
0.0
  0
LINE
  5
C51
330
C4E
100
AcDbEntity
  8
PUB_DIM
 62
     0
440
 16777216
370
    -2
100
AcDbLine
 10
1021225.020897698
 20
-608307.9588882143
 30
0.0
 11
1021225.020897698
 21
-607116.9461033278
 31
0.0
  0
LINE
  5
C52
330
C4E
100
AcDbEntity
  8
PUB_DIM
 62
     0
440
 16777216
370
    -2
100
AcDbLine
 10
1018625.002510685
 20
-607491.9461033278
 30
0.0
 11
1021225.020897698
 21
-607491.9461033278
 31
0.0
  0
INSERT
  5
C53
330
C4E
100
AcDbEntity
  8
PUB_DIM
 62
     0
440
 16777216
370
    -2
100
AcDbBlockReference
  2
_ArchTick
 10
1018625.002510685
 20
-607491.9461033278
 30
0.0
 41
150.0
 42
150.0
 43
150.0
 50
180.0
  0
INSERT
  5
C54
330
C4E
100
AcDbEntity
  8
PUB_DIM
 62
     0
440
 16777216
370
    -2
100
AcDbBlockReference
  2
_ArchTick
 10
1021225.020897698
 20
-607491.9461033278
 30
0.0
 41
150.0
 42
150.0
 43
150.0
  0
MTEXT
  5
C55
330
C4E
100
AcDbEntity
  8
PUB_DIM
 62
     7
440
 16777216
100
AcDbMText
 10
1019925.011704192
 20
-607079.4461033276
 30
0.0
 40
446.25
 41
0.0
 46
0.0
 71
     5
 72
     1
  1
\A1;2600
  7
_TCH_DIM_T3
 73
     1
 44
1.0
  0
POINT
  5
C56
330
C4E
100
AcDbEntity
  8
DEFPOINTS
 62
     0
440
 16777216
100
AcDbPoint
 10
1018625.002510685
 20
-608757.9588882143
 30
0.0
  0
POINT
  5
C57
330
C4E
100
AcDbEntity
  8
DEFPOINTS
 62
     0
440
 16777216
100
AcDbPoint
 10
1021225.020897698
 20
-608757.9588882143
 30
0.0
  0
POINT
  5
C58
330
C4E
100
AcDbEntity
  8
DEFPOINTS
 62
     0
440
 16777216
100
AcDbPoint
 10
1021225.020897698
 20
-607491.9461033278
 30
0.0
  0
ENDBLK
  5
C59
330
C4E
100
AcDbEntity
  8
0
100
AcDbBlockEnd
  0
BLOCK
  5
C5C
330
C5B
100
AcDbEntity
  8
0
100
AcDbBlockBegin
  2
*D64
 70
     1
 10
0.0
 20
0.0
 30
0.0
  3
*D64
  1

  0
LINE
  5
C5D
330
C5B
100
AcDbEntity
  8
PUB_DIM
 62
     0
440
 16777216
370
    -2
100
AcDbLine
 10
1021225.020897698
 20
-608307.9588882143
 30
0.0
 11
1021225.020897698
 21
-607116.9461033278
 31
0.0
  0
LINE
  5
C5E
330
C5B
100
AcDbEntity
  8
PUB_DIM
 62
     0
440
 16777216
370
    -2
100
AcDbLine
 10
1023425.020898463
 20
-608307.9588882143
 30
0.0
 11
1023425.020898463
 21
-607116.9461033278
 31
0.0
  0
LINE
  5
C5F
330
C5B
100
AcDbEntity
  8
PUB_DIM
 62
     0
440
 16777216
370
    -2
100
AcDbLine
 10
1021225.020897698
 20
-607491.9461033278
 30
0.0
 11
1023425.020898463
 21
-607491.9461033278
 31
0.0
  0
INSERT
  5
C60
330
C5B
100
AcDbEntity
  8
PUB_DIM
 62
     0
440
 16777216
370
    -2
100
AcDbBlockReference
  2
_ArchTick
 10
1021225.020897698
 20
-607491.9461033278
 30
0.0
 41
150.0
 42
150.0
 43
150.0
 50
180.0
  0
INSERT
  5
C61
330
C5B
100
AcDbEntity
  8
PUB_DIM
 62
     0
440
 16777216
370
    -2
100
AcDbBlockReference
  2
_ArchTick
 10
1023425.020898463
 20
-607491.9461033278
 30
0.0
 41
150.0
 42
150.0
 43
150.0
  0
MTEXT
  5
C62
330
C5B
100
AcDbEntity
  8
PUB_DIM
 62
     7
440
 16777216
100
AcDbMText
 10
1022325.020898081
 20
-607079.4461033276
 30
0.0
 40
446.25
 41
0.0
 46
0.0
 71
     5
 72
     1
  1
\A1;2200
  7
_TCH_DIM_T3
 73
     1
 44
1.0
  0
POINT
  5
C63
330
C5B
100
AcDbEntity
  8
DEFPOINTS
 62
     0
440
 16777216
100
AcDbPoint
 10
1021225.020897698
 20
-608757.9588882143
 30
0.0
  0
POINT
  5
C64
330
C5B
100
AcDbEntity
  8
DEFPOINTS
 62
     0
440
 16777216
100
AcDbPoint
 10
1023425.020898463
 20
-608757.9588882143
 30
0.0
  0
POINT
  5
C65
330
C5B
100
AcDbEntity
  8
DEFPOINTS
 62
     0
440
 16777216
100
AcDbPoint
 10
1023425.020898463
 20
-607491.9461033278
 30
0.0
  0
ENDBLK
  5
C66
330
C5B
100
AcDbEntity
  8
0
100
AcDbBlockEnd
  0
BLOCK
  5
C69
330
C68
100
AcDbEntity
  8
0
100
AcDbBlockBegin
  2
*D65
 70
     1
 10
0.0
 20
0.0
 30
0.0
  3
*D65
  1

  0
LINE
  5
C6A
330
C68
100
AcDbEntity
  8
PUB_DIM
 62
     0
440
 16777216
370
    -2
100
AcDbLine
 10
1023425.020898463
 20
-608307.9588882143
 30
0.0
 11
1023425.020898463
 21
-607116.9461033278
 31
0.0
  0
LINE
  5
C6B
330
C68
100
AcDbEntity
  8
PUB_DIM
 62
     0
440
 16777216
370
    -2
100
AcDbLine
 10
1025024.984125264
 20
-608307.9588882143
 30
0.0
 11
1025024.984125264
 21
-607116.9461033278
 31
0.0
  0
LINE
  5
C6C
330
C68
100
AcDbEntity
  8
PUB_DIM
 62
     0
440
 16777216
370
    -2
100
AcDbLine
 10
1023425.020898463
 20
-607491.9461033278
 30
0.0
 11
1025024.984125264
 21
-607491.9461033278
 31
0.0
  0
INSERT
  5
C6D
330
C68
100
AcDbEntity
  8
PUB_DIM
 62
     0
440
 16777216
370
    -2
100
AcDbBlockReference
  2
_ArchTick
 10
1023425.020898463
 20
-607491.9461033278
 30
0.0
 41
150.0
 42
150.0
 43
150.0
 50
180.0
  0
INSERT
  5
C6E
330
C68
100
AcDbEntity
  8
PUB_DIM
 62
     0
440
 16777216
370
    -2
100
AcDbBlockReference
  2
_ArchTick
 10
1025024.984125264
 20
-607491.9461033278
 30
0.0
 41
150.0
 42
150.0
 43
150.0
  0
MTEXT
  5
C6F
330
C68
100
AcDbEntity
  8
PUB_DIM
 62
     7
440
 16777216
100
AcDbMText
 10
1024225.002511863
 20
-607079.4461033276
 30
0.0
 40
446.25
 41
0.0
 46
0.0
 71
     5
 72
     1
  1
\A1;1600
  7
_TCH_DIM_T3
 73
     1
 44
1.0
  0
POINT
  5
C70
330
C68
100
AcDbEntity
  8
DEFPOINTS
 62
     0
440
 16777216
100
AcDbPoint
 10
1023425.020898463
 20
-608757.9588882143
 30
0.0
  0
POINT
  5
C71
330
C68
100
AcDbEntity
  8
DEFPOINTS
 62
     0
440
 16777216
100
AcDbPoint
 10
1025024.984125264
 20
-608757.9588882143
 30
0.0
  0
POINT
  5
C72
330
C68
100
AcDbEntity
  8
DEFPOINTS
 62
     0
440
 16777216
100
AcDbPoint
 10
1025024.984125264
 20
-607491.9461033278
 30
0.0
  0
ENDBLK
  5
C73
330
C68
100
AcDbEntity
  8
0
100
AcDbBlockEnd
  0
BLOCK
  5
C76
330
C75
100
AcDbEntity
  8
0
100
AcDbBlockBegin
  2
*D66
 70
     1
 10
0.0
 20
0.0
 30
0.0
  3
*D66
  1

  0
LINE
  5
C77
330
C75
100
AcDbEntity
  8
PUB_DIM
 62
     0
440
 16777216
370
    -2
100
AcDbLine
 10
1025024.984125264
 20
-608307.9588882143
 30
0.0
 11
1025024.984125264
 21
-607116.9461033278
 31
0.0
  0
LINE
  5
C78
330
C75
100
AcDbEntity
  8
PUB_DIM
 62
     0
440
 16777216
370
    -2
100
AcDbLine
 10
1026824.984123839
 20
-608307.9588882143
 30
0.0
 11
1026824.984123839
 21
-607116.9461033278
 31
0.0
  0
LINE
  5
C79
330
C75
100
AcDbEntity
  8
PUB_DIM
 62
     0
440
 16777216
370
    -2
100
AcDbLine
 10
1025024.984125264
 20
-607491.9461033278
 30
0.0
 11
1026824.984123839
 21
-607491.9461033278
 31
0.0
  0
INSERT
  5
C7A
330
C75
100
AcDbEntity
  8
PUB_DIM
 62
     0
440
 16777216
370
    -2
100
AcDbBlockReference
  2
_ArchTick
 10
1025024.984125264
 20
-607491.9461033278
 30
0.0
 41
150.0
 42
150.0
 43
150.0
 50
180.0
  0
INSERT
  5
C7B
330
C75
100
AcDbEntity
  8
PUB_DIM
 62
     0
440
 16777216
370
    -2
100
AcDbBlockReference
  2
_ArchTick
 10
1026824.984123839
 20
-607491.9461033278
 30
0.0
 41
150.0
 42
150.0
 43
150.0
  0
MTEXT
  5
C7C
330
C75
100
AcDbEntity
  8
PUB_DIM
 62
     7
440
 16777216
100
AcDbMText
 10
1025924.984124551
 20
-607079.4461033276
 30
0.0
 40
446.25
 41
0.0
 46
0.0
 71
     5
 72
     1
  1
\A1;1800
  7
_TCH_DIM_T3
 73
     1
 44
1.0
  0
POINT
  5
C7D
330
C75
100
AcDbEntity
  8
DEFPOINTS
 62
     0
440
 16777216
100
AcDbPoint
 10
1025024.984125264
 20
-608757.9588882143
 30
0.0
  0
POINT
  5
C7E
330
C75
100
AcDbEntity
  8
DEFPOINTS
 62
     0
440
 16777216
100
AcDbPoint
 10
1026824.984123839
 20
-608757.9588882143
 30
0.0
  0
POINT
  5
C7F
330
C75
100
AcDbEntity
  8
DEFPOINTS
 62
     0
440
 16777216
100
AcDbPoint
 10
1026824.984123839
 20
-607491.9461033278
 30
0.0
  0
ENDBLK
  5
C80
330
C75
100
AcDbEntity
  8
0
100
AcDbBlockEnd
  0
BLOCK
  5
C83
330
C82
100
AcDbEntity
  8
0
100
AcDbBlockBegin
  2
*D67
 70
     1
 10
0.0
 20
0.0
 30
0.0
  3
*D67
  1

  0
LINE
  5
C84
330
C82
100
AcDbEntity
  8
PUB_DIM
 62
     0
440
 16777216
370
    -2
100
AcDbLine
 10
1026824.984123839
 20
-608307.9588882143
 30
0.0
 11
1026824.984123839
 21
-607116.9461033278
 31
0.0
  0
LINE
  5
C85
330
C82
100
AcDbEntity
  8
PUB_DIM
 62
     0
440
 16777216
370
    -2
100
AcDbLine
 10
1030424.984123839
 20
-608307.9588882143
 30
0.0
 11
1030424.984123839
 21
-607116.9461033278
 31
0.0
  0
LINE
  5
C86
330
C82
100
AcDbEntity
  8
PUB_DIM
 62
     0
440
 16777216
370
    -2
100
AcDbLine
 10
1026824.984123839
 20
-607491.9461033278
 30
0.0
 11
1030424.984123839
 21
-607491.9461033278
 31
0.0
  0
INSERT
  5
C87
330
C82
100
AcDbEntity
  8
PUB_DIM
 62
     0
440
 16777216
370
    -2
100
AcDbBlockReference
  2
_ArchTick
 10
1026824.984123839
 20
-607491.9461033278
 30
0.0
 41
150.0
 42
150.0
 43
150.0
 50
180.0
  0
INSERT
  5
C88
330
C82
100
AcDbEntity
  8
PUB_DIM
 62
     0
440
 16777216
370
    -2
100
AcDbBlockReference
  2
_ArchTick
 10
1030424.984123839
 20
-607491.9461033278
 30
0.0
 41
150.0
 42
150.0
 43
150.0
  0
MTEXT
  5
C89
330
C82
100
AcDbEntity
  8
PUB_DIM
 62
     7
440
 16777216
100
AcDbMText
 10
1028624.984123839
 20
-607079.4461033276
 30
0.0
 40
446.25
 41
0.0
 46
0.0
 71
     5
 72
     1
  1
\A1;3600
  7
_TCH_DIM_T3
 73
     1
 44
1.0
  0
POINT
  5
C8A
330
C82
100
AcDbEntity
  8
DEFPOINTS
 62
     0
440
 16777216
100
AcDbPoint
 10
1026824.984123839
 20
-608757.9588882143
 30
0.0
  0
POINT
  5
C8B
330
C82
100
AcDbEntity
  8
DEFPOINTS
 62
     0
440
 16777216
100
AcDbPoint
 10
1030424.984123839
 20
-608757.9588882143
 30
0.0
  0
POINT
  5
C8C
330
C82
100
AcDbEntity
  8
DEFPOINTS
 62
     0
440
 16777216
100
AcDbPoint
 10
1030424.984123839
 20
-607491.9461033278
 30
0.0
  0
ENDBLK
  5
C8D
330
C82
100
AcDbEntity
  8
0
100
AcDbBlockEnd
  0
BLOCK
  5
C90
330
C8F
100
AcDbEntity
  8
0
100
AcDbBlockBegin
  2
*D68
 70
     1
 10
0.0
 20
0.0
 30
0.0
  3
*D68
  1

  0
LINE
  5
C91
330
C8F
100
AcDbEntity
  8
PUB_DIM
 62
     0
440
 16777216
370
    -2
100
AcDbLine
 10
1030424.984123839
 20
-608307.9588882143
 30
0.0
 11
1030424.984123839
 21
-607116.9461033278
 31
0.0
  0
LINE
  5
C92
330
C8F
100
AcDbEntity
  8
PUB_DIM
 62
     0
440
 16777216
370
    -2
100
AcDbLine
 10
1033124.984123912
 20
-608307.9588882143
 30
0.0
 11
1033124.984123912
 21
-607116.9461033278
 31
0.0
  0
LINE
  5
C93
330
C8F
100
AcDbEntity
  8
PUB_DIM
 62
     0
440
 16777216
370
    -2
100
AcDbLine
 10
1030424.984123839
 20
-607491.9461033278
 30
0.0
 11
1033124.984123912
 21
-607491.9461033278
 31
0.0
  0
INSERT
  5
C94
330
C8F
100
AcDbEntity
  8
PUB_DIM
 62
     0
440
 16777216
370
    -2
100
AcDbBlockReference
  2
_ArchTick
 10
1030424.984123839
 20
-607491.9461033278
 30
0.0
 41
150.0
 42
150.0
 43
150.0
 50
180.0
  0
INSERT
  5
C95
330
C8F
100
AcDbEntity
  8
PUB_DIM
 62
     0
440
 16777216
370
    -2
100
AcDbBlockReference
  2
_ArchTick
 10
1033124.984123912
 20
-607491.9461033278
 30
0.0
 41
150.0
 42
150.0
 43
150.0
  0
MTEXT
  5
C96
330
C8F
100
AcDbEntity
  8
PUB_DIM
 62
     7
440
 16777216
100
AcDbMText
 10
1031774.984123876
 20
-607079.4461033276
 30
0.0
 40
446.25
 41
0.0
 46
0.0
 71
     5
 72
     1
  1
\A1;2700
  7
_TCH_DIM_T3
 73
     1
 44
1.0
  0
POINT
  5
C97
330
C8F
100
AcDbEntity
  8
DEFPOINTS
 62
     0
440
 16777216
100
AcDbPoint
 10
1030424.984123839
 20
-608757.9588882143
 30
0.0
  0
POINT
  5
C98
330
C8F
100
AcDbEntity
  8
DEFPOINTS
 62
     0
440
 16777216
100
AcDbPoint
 10
1033124.984123912
 20
-608757.9588882143
 30
0.0
  0
POINT
  5
C99
330
C8F
100
AcDbEntity
  8
DEFPOINTS
 62
     0
440
 16777216
100
AcDbPoint
 10
1033124.984123912
 20
-607491.9461033278
 30
0.0
  0
ENDBLK
  5
C9A
330
C8F
100
AcDbEntity
  8
0
100
AcDbBlockEnd
  0
BLOCK
  5
C9D
330
C9C
100
AcDbEntity
  8
0
100
AcDbBlockBegin
  2
*D69
 70
     1
 10
0.0
 20
0.0
 30
0.0
  3
*D69
  1

  0
LINE
  5
C9E
330
C9C
100
AcDbEntity
  8
PUB_DIM
 62
     0
440
 16777216
370
    -2
100
AcDbLine
 10
1033124.984123912
 20
-608307.9588882143
 30
0.0
 11
1033124.984123912
 21
-607116.9461033278
 31
0.0
  0
LINE
  5
C9F
330
C9C
100
AcDbEntity
  8
PUB_DIM
 62
     0
440
 16777216
370
    -2
100
AcDbLine
 10
1034024.984124314
 20
-608307.9588882143
 30
0.0
 11
1034024.984124314
 21
-607116.9461033278
 31
0.0
  0
LINE
  5
CA0
330
C9C
100
AcDbEntity
  8
PUB_DIM
 62
     0
440
 16777216
370
    -2
100
AcDbLine
 10
1033124.984123912
 20
-607491.9461033278
 30
0.0
 11
1032974.984123913
 21
-607491.9461033278
 31
0.0
  0
LINE
  5
CA1
330
C9C
100
AcDbEntity
  8
PUB_DIM
 62
     0
440
 16777216
370
    -2
100
AcDbLine
 10
1034024.984124314
 20
-607491.9461033278
 30
0.0
 11
1034174.984124314
 21
-607491.9461033278
 31
0.0
  0
LINE
  5
CA2
330
C9C
100
AcDbEntity
  8
PUB_DIM
 62
     0
440
 16777216
370
    -2
100
AcDbLine
 10
1033124.984123912
 20
-607491.9461033278
 30
0.0
 11
1034024.984124314
 21
-607491.9461033278
 31
0.0
  0
INSERT
  5
CA3
330
C9C
100
AcDbEntity
  8
PUB_DIM
 62
     0
440
 16777216
370
    -2
100
AcDbBlockReference
  2
_ArchTick
 10
1033124.984123912
 20
-607491.9461033278
 30
0.0
 41
150.0
 42
150.0
 43
150.0
  0
INSERT
  5
CA4
330
C9C
100
AcDbEntity
  8
PUB_DIM
 62
     0
440
 16777216
370
    -2
100
AcDbBlockReference
  2
_ArchTick
 10
1034024.984124314
 20
-607491.9461033278
 30
0.0
 41
150.0
 42
150.0
 43
150.0
 50
180.0
  0
MTEXT
  5
CA5
330
C9C
100
AcDbEntity
  8
PUB_DIM
 62
     7
440
 16777216
100
AcDbMText
 10
1033574.984124113
 20
-607079.4461033276
 30
0.0
 40
446.25
 41
0.0
 46
0.0
 71
     5
 72
     1
  1
\A1;900
  7
_TCH_DIM_T3
 73
     1
 44
1.0
  0
POINT
  5
CA6
330
C9C
100
AcDbEntity
  8
DEFPOINTS
 62
     0
440
 16777216
100
AcDbPoint
 10
1033124.984123912
 20
-608757.9588882143
 30
0.0
  0
POINT
  5
CA7
330
C9C
100
AcDbEntity
  8
DEFPOINTS
 62
     0
440
 16777216
100
AcDbPoint
 10
1034024.984124314
 20
-608757.9588882143
 30
0.0
  0
POINT
  5
CA8
330
C9C
100
AcDbEntity
  8
DEFPOINTS
 62
     0
440
 16777216
100
AcDbPoint
 10
1034024.984124314
 20
-607491.9461033278
 30
0.0
  0
ENDBLK
  5
CA9
330
C9C
100
AcDbEntity
  8
0
100
AcDbBlockEnd
  0
BLOCK
  5
F5F
330
F5D
100
AcDbEntity
  8
0
100
AcDbBlockBegin
  2
房间图层样板
 70
     0
 10
0.0
 20
0.0
 30
0.0
  3
房间图层样板
  1

  0
ENDBLK
  5
F60
330
F5D
100
AcDbEntity
  8
0
100
AcDbBlockEnd
  0
ENDSEC
  0
SECTION
  2
ENTITIES
  0
LINE
  5
92
330
2
100
AcDbEntity
  8
阳台露台
100
AcDbLine
 10
1024224.984124378
 20
-625300.2276144959
 30
0.0
 11
1027724.484124396
 21
-625300.2276200071
 31
0.0
  0
HATCH
  5
96
330
2
100
AcDbEntity
  8
铺地
100
AcDbHatch
 10
0.0
 20
0.0
 30
0.0
210
0.0
220
0.0
230
1.0
  2
LINE
 70
     0
 71
     0
 91
        1
 92
        7
 72
     0
 73
     1
 93
        8
 10
1027724.984124184
 20
-624200.2276138864
 10
1027324.984125006
 20
-624200.2276139541
 10
1024924.984125024
 20
-624200.2276129439
 10
1024224.984124256
 20
-624200.2276144741
 10
1024224.98412407
 20
-624801.0309278227
 10
1024224.984121188
 20
-625299.7276162325
 10
1024225.48411945
 20
-625300.2276144966
 10
1027724.484124396
 20
-625300.2276200071
 97
        0
 75
     0
 76
     1
 52
90.0
 41
600.0
 77
     0
 78
     1
 53
90.0
 43
993884.6827838872
 44
-37494.92957900907
 45
-150.0
 46
0.0000000000000092
 79
     0
 47
5.302929656541413
 98
        1
 10
1026081.869641698
 20
-624505.8016534509
1001
ACAD
1010
0.0
1020
0.0
1030
0.0
  0
HATCH
  5
9A
330
2
100
AcDbEntity
  8
铺地
100
AcDbHatch
 10
0.0
 20
0.0
 30
0.0
210
0.0
220
0.0
230
1.0
  2
LINE
 70
     0
 71
     0
 91
        1
 92
        7
 72
     0
 73
     1
 93
        6
 10
1030324.98412384
 20
-617900.2276126649
 10
1030043.08401381
 20
-617900.2276126659
 10
1028543.084013827
 20
-617900.2276109711
 10
1027824.984123082
 20
-617900.2276126646
 10
1027824.984122417
 20
-619400.2276124877
 10
1030324.98412384
 20
-619400.2276119682
 97
        0
 75
     0
 76
     1
 52
90.0
 41
600.0
 77
     0
 78
     1
 53
90.0
 43
993884.6827838872
 44
-37494.92957900907
 45
-150.0
 46
0.0000000000000092
 79
     0
 47
4.444306661374077
 98
        1
 10
1029325.050893617
 20
-618770.610229399
1001
ACAD
1010
0.0
1020
0.0
1030
0.0
  0
LINE
  5
9B
330
2
100
AcDbEntity
  8
Stair(楼梯)
100
AcDbLine
 10
1019874.984123727
 20
-614530.2276130309
 30
0.0
 11
1019874.984123727
 21
-613238.1550188148
 31
0.0
  0
LINE
  5
A0
330
2
100
AcDbEntity
  8
Stair(楼梯)
100
AcDbLine
 10
1019874.984123727
 20
-612350.2276130314
 30
0.0
 11
1019774.984123727
 21
-612350.2276130314
 31
0.0
  0
LINE
  5
A1
330
2
100
AcDbEntity
  8
Stair(楼梯)
100
AcDbLine
 10
1019774.984123727
 20
-612350.2276130314
 30
0.0
 11
1019774.984123727
 21
-614530.2276130333
 31
0.0
  0
LINE
  5
A2
330
2
100
AcDbEntity
  8
Stair(楼梯)
100
AcDbLine
 10
1019774.984123727
 20
-614530.2276130333
 30
0.0
 11
1019874.984123727
 21
-614530.2276130309
 31
0.0
  0
LINE
  5
A3
330
2
100
AcDbEntity
  8
Stair(楼梯)
100
AcDbLine
 10
1019874.984123727
 20
-614530.2276130309
 30
0.0
 11
1019874.984123727
 21
-614530.2276130309
 31
0.0
  0
LINE
  5
A4
330
2
100
AcDbEntity
  8
Stair(楼梯)
100
AcDbLine
 10
1019874.984123727
 20
-612400.2276130315
 30
0.0
 11
1021025.002510708
 21
-612400.2276130315
 31
0.0
  0
LINE
  5
A5
330
2
100
AcDbEntity
  8
Stair(楼梯)
100
AcDbLine
 10
1019874.984123727
 20
-612660.2276130293
 30
0.0
 11
1021025.002510708
 21
-612660.2276130314
 31
0.0
  0
LINE
  5
A6
330
2
100
AcDbEntity
  8
Stair(楼梯)
100
AcDbLine
 10
1019774.984123727
 20
-612400.2276130315
 30
0.0
 11
1018625.002510704
 21
-612400.2276130315
 31
0.0
  0
LINE
  5
A7
330
2
100
AcDbEntity
  8
Stair(楼梯)
100
AcDbLine
 10
1019774.984123712
 20
-612660.2276130314
 30
0.0
 11
1018625.002510704
 21
-612660.2276130314
 31
0.0
  0
LINE
  5
A8
330
2
100
AcDbEntity
  8
Stair(楼梯)
100
AcDbLine
 10
1019874.984123742
 20
-613960.2276130331
 30
0.0
 11
1021025.002510708
 21
-613960.2276130331
 31
0.0
  0
LINE
  5
A9
330
2
100
AcDbEntity
  8
Stair(楼梯)
100
AcDbLine
 10
1019874.984123742
 20
-614220.2276130309
 30
0.0
 11
1021025.002510708
 21
-614220.2276130309
 31
0.0
  0
LINE
  5
AA
330
2
100
AcDbEntity
  8
Stair(楼梯)
100
AcDbLine
 10
1019874.984123727
 20
-614480.2276130314
 30
0.0
 11
1021025.002510708
 21
-614480.2276130314
 31
0.0
  0
LINE
  5
AB
330
2
100
AcDbEntity
  8
Stair(楼梯)
100
AcDbLine
 10
1019874.984123727
 20
-612920.2276130293
 30
0.0
 11
1021025.002510708
 21
-612920.2276130314
 31
0.0
  0
LINE
  5
AC
330
2
100
AcDbEntity
  8
Stair(楼梯)
100
AcDbLine
 10
1019874.984123727
 20
-613440.2276130314
 30
0.0
 11
1020224.984123712
 21
-613440.2276130314
 31
0.0
  0
LINE
  5
AD
330
2
100
AcDbEntity
  8
Stair(楼梯)
100
AcDbLine
 10
1019874.984123727
 20
-613700.2276130258
 30
0.0
 11
1021025.002510708
 21
-613700.227613031
 31
0.0
  0
LINE
  5
AE
330
2
100
AcDbEntity
  8
Stair(楼梯)
100
AcDbLine
 10
1019824.984123727
 20
-614530.2276130323
 30
0.0
 11
1019824.984123727
 21
-612350.2276130314
 31
0.0
  0
LINE
  5
AF
330
2
100
AcDbEntity
  8
Stair(楼梯)
100
AcDbLine
 10
1019774.984123712
 20
-613960.2276130315
 30
0.0
 11
1018625.002510704
 21
-613960.2276130315
 31
0.0
  0
LINE
  5
B0
330
2
100
AcDbEntity
  8
Stair(楼梯)
100
AcDbLine
 10
1019774.984123712
 20
-614220.2276130309
 30
0.0
 11
1018625.002510704
 21
-614220.2276130309
 31
0.0
  0
LINE
  5
B1
330
2
100
AcDbEntity
  8
Stair(楼梯)
100
AcDbLine
 10
1019774.984123727
 20
-614480.2276130314
 30
0.0
 11
1018625.002510704
 21
-614480.2276130314
 31
0.0
  0
LINE
  5
B2
330
2
100
AcDbEntity
  8
Stair(楼梯)
100
AcDbLine
 10
1019774.984123712
 20
-612920.2276130314
 30
0.0
 11
1018625.002510704
 21
-612920.2276130314
 31
0.0
  0
LINE
  5
B3
330
2
100
AcDbEntity
  8
Stair(楼梯)
100
AcDbLine
 10
1019774.984123712
 20
-613180.2276130314
 30
0.0
 11
1018625.002510704
 21
-613180.2276130314
 31
0.0
  0
LINE
  5
B4
330
2
100
AcDbEntity
  8
Stair(楼梯)
100
AcDbLine
 10
1019774.984123712
 20
-613440.2276130314
 30
0.0
 11
1018625.002510704
 21
-613440.2276130314
 31
0.0
  0
LINE
  5
B5
330
2
100
AcDbEntity
  8
Stair(楼梯)
100
AcDbLine
 10
1019774.984123712
 20
-613700.227613031
 30
0.0
 11
1018625.002510704
 21
-613700.227613031
 31
0.0
  0
LINE
  5
B6
330
2
100
AcDbEntity
  8
Line_Look(看线)
100
AcDbLine
 10
1021025.002510708
 20
-613786.6483902722
 30
0.0
 11
1020390.879767781
 21
-613420.5374539546
 31
0.0
  0
LINE
  5
BA
330
2
100
AcDbEntity
  8
Line_Look(看线)
100
AcDbLine
 10
1020259.088479658
 20
-613459.9177721099
 30
0.0
 11
1019874.984123727
 21
-613238.1550188148
 31
0.0
  0
LWPOLYLINE
  5
BB
330
2
100
AcDbEntity
  8
Line_Look(看线)
100
AcDbPolyline
 90
        2
 70
     0
 43
0.0
 10
1020449.993317225
 20
-613440.2276130314
 10
1020449.993317225
 20
-614582.4087520353
  0
INSERT
  5
BC
330
2
100
AcDbEntity
  8
Line_Look(看线)
100
AcDbBlockReference
  2
_ARROW
 10
1020449.993317225
 20
-613440.2276130314
 30
0.0
 41
-400.0
 42
400.0
 43
400.0
 50
270.0
  0
LWPOLYLINE
  5
C4
330
2
100
AcDbEntity
  8
Line_Look(看线)
100
AcDbPolyline
 90
        6
 70
     0
 43
0.0
 10
1021025.002510708
 20
-613902.1184441098
 10
1020364.936029007
 20
-613521.0288832221
 10
1020411.634758821
 20
-613340.144310541
 10
1020238.333488634
 20
-613540.3109155237
 10
1020285.032218432
 20
-613359.4263428424
 10
1019874.984123727
 20
-613122.6849649791
  0
LINE
  5
C5
330
2
100
AcDbEntity
  8
Stair(楼梯)
100
AcDbLine
 10
1019874.984123727
 20
-613122.6849649791
 30
0.0
 11
1019874.984123727
 21
-612350.2276130314
 31
0.0
  0
LINE
  5
C6
330
2
100
AcDbEntity
  8
Stair(楼梯)
100
AcDbLine
 10
1019974.650913751
 20
-613180.2276130314
 30
0.0
 11
1021025.002510708
 21
-613180.2276130314
 31
0.0
  0
LINE
  5
C7
330
2
100
AcDbEntity
  8
Stair(楼梯)
100
AcDbLine
 10
1020424.984123712
 20
-613440.2276130314
 30
0.0
 11
1021025.002510708
 21
-613440.2276130314
 31
0.0
  0
LWPOLYLINE
  5
C8
330
2
100
AcDbEntity
  8
Line_Look(看线)
100
AcDbPolyline
 90
        4
 70
     0
 43
0.0
 10
1020449.993317225
 20
-613440.2276130314
 10
1020449.993317225
 20
-611998.5304786855
 10
1019199.993317208
 20
-611998.5304786855
 10
1019199.993317208
 20
-614588.7949891845
  0
INSERT
  5
C9
330
2
100
AcDbEntity
  8
Line_Look(看线)
100
AcDbBlockReference
  2
_ARROW
 10
1020449.993317225
 20
-613440.2276130314
 30
0.0
 41
400.0
 42
400.0
 43
400.0
 50
270.0
  0
LINE
  5
CA
330
2
100
AcDbEntity
  8
STAIR
100
AcDbLine
 10
1021740.133535864
 20
-612508.5300744371
 30
0.0
 11
1021740.133535864
 21
-612633.5300744369
 31
0.0
  0
LINE
  5
CE
330
2
100
AcDbEntity
  8
STAIR
100
AcDbLine
 10
1021740.133535864
 20
-612633.5300744369
 30
0.0
 11
1022740.133535863
 21
-612633.5300744372
 31
0.0
  0
LINE
  5
CF
330
2
100
AcDbEntity
  8
STAIR
100
AcDbLine
 10
1022740.133535863
 20
-612633.5300744372
 30
0.0
 11
1022740.133535863
 21
-612508.5300744377
 31
0.0
  0
LINE
  5
D0
330
2
100
AcDbEntity
  8
STAIR
100
AcDbLine
 10
1022740.133535863
 20
-612508.5300744377
 30
0.0
 11
1021740.133535864
 21
-612508.5300744371
 31
0.0
  0
LINE
  5
D1
330
2
100
AcDbEntity
  8
STAIR
100
AcDbLine
 10
1021490.133535864
 20
-612758.5300744385
 30
0.0
 11
1021490.133535864
 21
-614258.5300744386
 31
0.0
  0
LINE
  5
D2
330
2
100
AcDbEntity
  8
STAIR
100
AcDbLine
 10
1021490.133535864
 20
-614258.5300744386
 30
0.0
 11
1022990.133535864
 21
-614258.530074439
 31
0.0
  0
LINE
  5
D3
330
2
100
AcDbEntity
  8
STAIR
100
AcDbLine
 10
1022990.133535864
 20
-614258.530074439
 30
0.0
 11
1022990.133535864
 21
-612758.5300744391
 31
0.0
  0
LINE
  5
D4
330
2
100
AcDbEntity
  8
STAIR
100
AcDbLine
 10
1022990.133535864
 20
-612758.5300744391
 30
0.0
 11
1021490.133535864
 21
-612758.5300744385
 31
0.0
  0
LINE
  5
D5
330
2
100
AcDbEntity
  8
STAIR
100
AcDbLine
 10
1021490.133535864
 20
-612758.5300744385
 30
0.0
 11
1022990.133535864
 21
-614258.530074439
 31
0.0
  0
LINE
  5
D6
330
2
100
AcDbEntity
  8
STAIR
100
AcDbLine
 10
1021490.133535864
 20
-614258.5300744386
 30
0.0
 11
1022990.133535864
 21
-612758.5300744391
 31
0.0
  0
LINE
  5
D7
330
2
100
AcDbEntity
  8
FUR
100
AcDbLine
 10
1021424.984122272
 20
-618793.0172365685
 30
0.0
 11
1021424.984122272
 21
-618793.0172365671
 31
0.0
  0
LINE
  5
DB
330
2
100
AcDbEntity
  8
FUR
100
AcDbLine
 10
1021424.984122272
 20
-618793.0172365671
 30
0.0
 11
1021224.984122113
 21
-618793.0172365671
 31
0.0
  0
LINE
  5
DC
330
2
100
AcDbEntity
  8
0
100
AcDbLine
 10
1015924.984126916
 20
-615900.227612393
 30
0.0
 11
1016824.984126917
 21
-615900.2276123925
 31
0.0
  0
LINE
  5
DD
330
2
100
AcDbEntity
  8
阳台露台
100
AcDbLine
 10
1030324.984123839
 20
-619400.227611968
 30
0.0
 11
1027824.984122428
 21
-619400.2276124877
 31
0.0
  0
LINE
  5
DE
330
2
100
AcDbEntity
  8
0
100
AcDbLine
 10
1030524.984123837
 20
-619400.2276102495
 30
0.0
 11
1032427.872285441
 21
-619400.2276139038
 31
0.0
  0
LINE
  5
DF
330
2
100
AcDbEntity
  8
阳台露台
100
AcDbLine
 10
1027724.484124396
 20
-625300.227620529
 30
0.0
 11
1027724.984124184
 21
-624200.2276123071
 31
0.0
  0
LINE
  5
E0
330
2
100
AcDbEntity
  8
阳台露台
100
AcDbLine
 10
1027824.98412442
 20
-625399.7276205183
 30
0.0
 11
1027824.984124184
 21
-624200.2276122875
 31
0.0
  0
LINE
  5
E1
330
2
100
AcDbEntity
  8
阳台露台
100
AcDbLine
 10
1027824.484124419
 20
-625400.2276205185
 30
0.0
 11
1027824.98412442
 21
-625399.7276205183
 31
0.0
  0
LINE
  5
E2
330
2
100
AcDbEntity
  8
阳台露台
100
AcDbLine
 10
1024125.484122051
 20
-625400.2276212438
 30
0.0
 11
1027824.484124419
 21
-625400.2276205185
 31
0.0
  0
INSERT
  5
E3
330
2
100
AcDbEntity
  8
BATH
100
AcDbBlockReference
 66
     1
  2
A$C5B6B14AB
 10
1025671.80530635
 20
-612919.8962367407
 30
0.0
 41
-1.0
 50
90.0
  0
ATTRIB
  5
104
330
E3
100
AcDbEntity
  8
BATH
100
AcDbText
 10
1025222.57063934
 20
-613165.3454588025
 30
0.0
 40
0.5
  1
491
 50
179.998576016843
 41
0.7999999999992726
 51
0.0000000008337331
  7
DIM_FONT
 71
     4
100
AcDbAttribute
280
     0
  2
YSIZE
 70
     9
280
     0
  0
ATTRIB
  5
105
330
E3
100
AcDbEntity
  8
BATH
100
AcDbText
 10
1025222.665554595
 20
-613165.3454611615
 30
0.0
 40
0.5
  1
450
 50
179.998576016843
 41
0.7999999999992726
 51
0.0000000008337331
  7
DIM_FONT
 71
     4
100
AcDbAttribute
280
     0
  2
XSIZE
 70
     9
280
     0
  0
SEQEND
  5
106
330
E3
100
AcDbEntity
  8
BATH
  0
INSERT
  5
107
330
2
100
AcDbEntity
  8
BATH
100
AcDbBlockReference
  2
A$C52241BEE
 10
1025189.030267869
 20
-612418.5856043201
 30
0.0
 50
0.0000000133402132
  0
LINE
  5
116
330
2
100
AcDbEntity
  8
BATH
100
AcDbLine
 10
1025724.970450214
 20
-611300.2276153927
 30
0.0
 11
1025724.970450496
 21
-613800.2276133621
 31
0.0
  0
INSERT
  5
117
330
2
100
AcDbEntity
  8
BATH
100
AcDbBlockReference
  2
餐桌2
 10
1029694.170371198
 20
-616448.4432431962
 30
0.0
 41
-1.0
 50
270.0
  0
INSERT
  5
183
330
2
100
AcDbEntity
  8
家具
100
AcDbBlockReference
 66
     1
  2
_E10NWL
 10
-1027274.984124079
 20
-617700.2276126184
 30
0.0
 41
-1.272727273404598
 42
1.272727273404598
 43
-1.27272727272727
 50
180.0
210
0.0
220
0.0
230
-1.0
  0
ATTRIB
  5
196
330
183
100
AcDbEntity
  8
0
100
AcDbText
 10
1027273.675033169
 20
-617700.2276126184
 30
0.0
 40
0.6363636363636359
  1
500
 41
0.8000000000029102
  7
DIM_FONT
 71
     4
100
AcDbAttribute
280
     0
  2
XSIZE
 70
     9
280
     0
  0
ATTRIB
  5
197
330
183
100
AcDbEntity
  8
0
100
AcDbText
 10
1027273.675033169
 20
-617700.2276126184
 30
0.0
 40
0.6363636363636359
  1
500
 41
0.8000000000029102
  7
DIM_FONT
 71
     4
100
AcDbAttribute
280
     0
  2
YSIZE
 70
     9
280
     0
  0
SEQEND
  5
198
330
183
100
AcDbEntity
  8
家具
  0
INSERT
  5
199
330
2
100
AcDbEntity
  8
0
100
AcDbBlockReference
  2
A$C31840BCA
 10
1026924.854182061
 20
-612869.2129336898
 30
0.0
 50
0.0000000133402132
  0
INSERT
  5
1C7
330
2
100
AcDbEntity
  8
0
100
AcDbBlockReference
  2
A$C31840BCA
 10
1024224.854182804
 20
-623147.5714415395
 30
0.0
 50
0.0000000133402132
  0
INSERT
  5
1C8
330
2
100
AcDbEntity
  8
Furniture(家具)
100
AcDbBlockReference
  2
1
 10
956269.0479545471
 20
-91349.59878327103
 30
0.0
 41
-1.0
 50
0.0000000133402089
  0
LINE
  5
3A4
330
2
100
AcDbEntity
  8
Furniture(家具)
100
AcDbLine
 10
1022824.984121803
 20
-616100.2276118246
 30
0.0
 11
1022824.98412192
 21
-616700.2276118246
 31
0.0
  0
LINE
  5
3A5
330
2
100
AcDbEntity
  8
Furniture(家具)
100
AcDbLine
 10
1022824.98412192
 20
-616700.2276118246
 30
0.0
 11
1020024.984123811
 21
-616700.2276126242
 31
0.0
  0
LINE
  5
3A6
330
2
100
AcDbEntity
  8
Furniture(家具)
100
AcDbLine
 10
1020024.984123811
 20
-616700.2276126242
 30
0.0
 11
1020624.984123811
 21
-616700.2276125066
 31
0.0
  0
INSERT
  5
3A7
330
2
100
AcDbEntity
  8
BATH
100
AcDbBlockReference
  2
TP6
 10
1021224.984123339
 20
-619200.4194117245
 30
0.0
 41
-1.0
 50
180.0
  0
LINE
  5
3AF
330
2
100
AcDbEntity
  8
Furniture(家具)
100
AcDbLine
 10
1021224.984122805
 20
-617900.2276125944
 30
0.0
 11
1021774.989313121
 21
-617900.2276127022
 31
0.0
  0
LINE
  5
3B0
330
2
100
AcDbEntity
  8
Furniture(家具)
100
AcDbLine
 10
1021774.989313121
 20
-617900.2276127024
 30
0.0
 11
1021774.989312946
 21
-618793.0172369693
 31
0.0
  0
LINE
  5
3B1
330
2
100
AcDbEntity
  8
Furniture(家具)
100
AcDbLine
 10
1021774.984122286
 20
-618793.017241748
 30
0.0
 11
1021224.984059738
 21
-618793.0172320825
 31
0.0
  0
INSERT
  5
3B2
330
2
100
AcDbEntity
  8
家具
100
AcDbBlockReference
 66
     1
  2
_E12QMA
 10
-1021253.71110915
 20
-618314.0171344462
 30
0.0
 43
-0.9999999999999998
 50
270.0
210
0.0
220
0.0
230
-1.0
  0
ATTRIB
  5
3CE
330
3B2
100
AcDbEntity
  8
0
100
AcDbText
 10
1021253.71110915
 20
-618314.0171344462
 30
0.0
 40
0.5
  1
500
 50
270.0
 41
0.7999999999883585
  7
DIM_FONT
 71
     4
100
AcDbAttribute
280
     0
  2
XSIZE
 70
     9
280
     0
  0
ATTRIB
  5
3CF
330
3B2
100
AcDbEntity
  8
0
100
AcDbText
 10
1021253.71110915
 20
-618314.0171344462
 30
0.0
 40
0.5
  1
0
 50
270.0
 41
0.7999999999883585
  7
DIM_FONT
 71
     4
100
AcDbAttribute
280
     0
  2
YSIZE
 70
     9
280
     0
  0
SEQEND
  5
3D0
330
3B2
100
AcDbEntity
  8
家具
  0
LINE
  5
3D1
330
2
100
AcDbEntity
  8
0
100
AcDbLine
 10
1026824.984123349
 20
-613500.2276110483
 30
0.0
 11
1026824.984123506
 21
-614300.227611044
 31
0.0
  0
LINE
  5
3D2
330
2
100
AcDbEntity
  8
0
100
AcDbLine
 10
1027324.984125023
 20
-624200.2276124733
 30
0.0
 11
1024924.984125024
 21
-624200.2276129439
 31
0.0
  0
LINE
  5
3D3
330
2
100
AcDbEntity
  8
WINDOW
100
AcDbLine
 10
1030024.984123859
 20
-617900.2276106761
 30
0.0
 11
1028524.98412386
 21
-617900.2276109708
 31
0.0
  0
LINE
  5
3D7
330
2
100
AcDbEntity
  8
WINDOW
100
AcDbLine
 10
1022824.984123033
 20
-616900.2276117499
 30
0.0
 11
1022824.98412319
 21
-617700.2276117513
 31
0.0
  0
LINE
  5
3D8
330
2
100
AcDbEntity
  8
阳台露台
100
AcDbLine
 10
1030324.984123839
 20
-619500.2276126617
 30
0.0
 11
1027824.984122448
 21
-619500.2276131515
 31
0.0
  0
ARC
  5
3D9
330
2
100
AcDbEntity
  8
FUR
100
AcDbCircle
 10
1026446.058772269
 20
-616267.5870922317
 30
0.0
 40
10.0
100
AcDbArc
 50
40.72654331510388
 51
112.6699912129009
  0
ARC
  5
3DA
330
2
100
AcDbEntity
  8
FUR
100
AcDbCircle
 10
1026214.473129029
 20
-616466.9689049627
 30
0.0
 40
315.5896225382623
100
AcDbArc
 50
1.765137851751475
 51
40.72654331510388
  0
ARC
  5
3DB
330
2
100
AcDbEntity
  8
FUR
100
AcDbCircle
 10
1026449.913000351
 20
-616276.8144930518
 30
0.0
 40
20.0
100
AcDbArc
 50
112.6699912129009
 51
180.0
  0
ARC
  5
3DC
330
2
100
AcDbEntity
  8
FUR
100
AcDbCircle
 10
1026362.413000351
 20
-616349.3144930519
 30
0.0
 40
67.5
100
AcDbArc
 50
0.0
 51
90.0
  0
ARC
  5
3DD
330
2
100
AcDbEntity
  8
FUR
100
AcDbCircle
 10
1025950.650900549
 20
-616150.2276123361
 30
0.0
 40
50.0
100
AcDbArc
 50
0.0
 51
90.0
  0
ARC
  5
3DE
330
2
100
AcDbEntity
  8
FUR
100
AcDbCircle
 10
1026137.413000351
 20
-616349.3144930519
 30
0.0
 40
67.5
100
AcDbArc
 50
90.0
 51
180.0
  0
ARC
  5
3DF
330
2
100
AcDbEntity
  8
FUR
100
AcDbCircle
 10
1025300.650900549
 20
-616150.2276123361
 30
0.0
 40
50.0
100
AcDbArc
 50
90.0
 51
180.0
  0
LINE
  5
3E0
330
2
100
AcDbEntity
  8
FUR
100
AcDbLine
 10
1025300.650900549
 20
-616100.2276123362
 30
0.0
 11
1025950.650900549
 21
-616100.2276123362
 31
0.0
  0
LINE
  5
3E1
330
2
100
AcDbEntity
  8
FUR
100
AcDbLine
 10
1026362.413000351
 20
-616281.8144930517
 30
0.0
 11
1026137.413000351
 21
-616281.8144930517
 31
0.0
  0
ARC
  5
3E2
330
2
100
AcDbEntity
  8
FUR
100
AcDbCircle
 10
1024805.243028828
 20
-616267.5870922317
 30
0.0
 40
10.0
100
AcDbArc
 50
67.33000878709908
 51
139.2734566848961
  0
ARC
  5
3E3
330
2
100
AcDbEntity
  8
FUR
100
AcDbCircle
 10
1025036.828672069
 20
-616466.9689049627
 30
0.0
 40
315.5896225382623
100
AcDbArc
 50
139.2734566848961
 51
178.2348621482485
  0
ARC
  5
3E4
330
2
100
AcDbEntity
  8
FUR
100
AcDbCircle
 10
1024801.388800746
 20
-616276.8144930518
 30
0.0
 40
20.0
100
AcDbArc
 50
0.0
 51
67.33000878709908
  0
ARC
  5
3E5
330
2
100
AcDbEntity
  8
FUR
100
AcDbCircle
 10
1024888.888800746
 20
-616349.3144930519
 30
0.0
 40
67.5
100
AcDbArc
 50
90.0
 51
180.0
  0
LINE
  5
3E6
330
2
100
AcDbEntity
  8
FUR
100
AcDbLine
 10
1024888.888800746
 20
-616281.8144930517
 30
0.0
 11
1025113.888800746
 21
-616281.8144930517
 31
0.0
  0
ARC
  5
3E7
330
2
100
AcDbEntity
  8
FUR
100
AcDbCircle
 10
1025113.888800746
 20
-616349.3144930519
 30
0.0
 40
67.5
100
AcDbArc
 50
0.0
 51
90.0
  0
ARC
  5
3E8
330
2
100
AcDbEntity
  8
FUR
100
AcDbCircle
 10
1026362.413000351
 20
-616664.3144930517
 30
0.0
 40
67.5
100
AcDbArc
 50
270.0
 51
0.0
  0
ARC
  5
3E9
330
2
100
AcDbEntity
  8
FUR
100
AcDbCircle
 10
1026446.058772269
 20
-616954.4133308004
 30
0.0
 40
10.0
100
AcDbArc
 50
40.72654331510388
 51
112.6699912129009
  0
ARC
  5
3EA
330
2
100
AcDbEntity
  8
FUR
100
AcDbCircle
 10
1026449.913000351
 20
-616963.6407316207
 30
0.0
 40
20.0
100
AcDbArc
 50
112.6699912129009
 51
180.0
  0
ARC
  5
3EB
330
2
100
AcDbEntity
  8
FUR
100
AcDbCircle
 10
1026214.473129029
 20
-616546.6600811409
 30
0.0
 40
315.5896225382623
100
AcDbArc
 50
319.2734566848961
 51
358.2348621482485
  0
ARC
  5
3EC
330
2
100
AcDbEntity
  8
FUR
100
AcDbCircle
 10
1026446.058772269
 20
-616746.0418938721
 30
0.0
 40
10.0
100
AcDbArc
 50
247.330008787099
 51
319.2734566848961
  0
ARC
  5
3ED
330
2
100
AcDbEntity
  8
FUR
100
AcDbCircle
 10
1026449.913000351
 20
-616736.8144930517
 30
0.0
 40
20.0
100
AcDbArc
 50
180.0
 51
247.330008787099
  0
LINE
  5
3EE
330
2
100
AcDbEntity
  8
FUR
100
AcDbLine
 10
1026529.913000351
 20
-617243.2072987787
 30
0.0
 11
1026529.913000351
 21
-617144.0741644627
 31
0.0
  0
ARC
  5
3EF
330
2
100
AcDbEntity
  8
FUR
100
AcDbCircle
 10
1026449.913000351
 20
-617423.6407316207
 30
0.0
 40
20.0
100
AcDbArc
 50
180.0
 51
247.330008787099
  0
ARC
  5
3F0
330
2
100
AcDbEntity
  8
FUR
100
AcDbCircle
 10
1026362.413000351
 20
-617351.1407316206
 30
0.0
 40
67.5
100
AcDbArc
 50
270.0
 51
0.0
  0
ARC
  5
3F1
330
2
100
AcDbEntity
  8
FUR
100
AcDbCircle
 10
1026446.058772269
 20
-617432.8681324406
 30
0.0
 40
10.0
100
AcDbArc
 50
247.330008787099
 51
319.2734566848961
  0
ARC
  5
3F2
330
2
100
AcDbEntity
  8
FUR
100
AcDbCircle
 10
1026214.473129029
 20
-617233.4863197096
 30
0.0
 40
315.5896225382623
100
AcDbArc
 50
319.2734566848961
 51
358.2348621482485
  0
ARC
  5
3F3
330
2
100
AcDbEntity
  8
FUR
100
AcDbCircle
 10
1023752.07474963
 20
-617193.6407316206
 30
0.0
 40
2712.716921149136
100
AcDbArc
 50
354.8023040340194
 51
5.197695965980646
  0
ARC
  5
3F4
330
2
100
AcDbEntity
  8
FUR
100
AcDbCircle
 10
1026214.473129029
 20
-617153.7951435315
 30
0.0
 40
315.5896225382623
100
AcDbArc
 50
1.765137851751475
 51
40.72654331510388
  0
ARC
  5
3F5
330
2
100
AcDbEntity
  8
FUR
100
AcDbCircle
 10
1026362.413000351
 20
-617036.1407316207
 30
0.0
 40
67.5
100
AcDbArc
 50
0.0
 51
90.0
  0
LINE
  5
3F6
330
2
100
AcDbEntity
  8
FUR
100
AcDbLine
 10
1026429.913000351
 20
-617423.6407316207
 30
0.0
 11
1026429.913000351
 21
-616963.6407316207
 31
0.0
  0
ARC
  5
3F7
330
2
100
AcDbEntity
  8
FUR
100
AcDbCircle
 10
1026137.413000351
 20
-616664.3144930517
 30
0.0
 40
67.5
100
AcDbArc
 50
180.0
 51
270.0
  0
ARC
  5
3F8
330
2
100
AcDbEntity
  8
FUR
100
AcDbCircle
 10
1026137.413000351
 20
-617351.1407316206
 30
0.0
 40
67.5
100
AcDbArc
 50
180.0
 51
270.0
  0
LINE
  5
3F9
330
2
100
AcDbEntity
  8
FUR
100
AcDbLine
 10
1026069.913000351
 20
-617351.1407316206
 30
0.0
 11
1026069.913000351
 21
-617036.1407316207
 31
0.0
  0
LINE
  5
3FA
330
2
100
AcDbEntity
  8
FUR
100
AcDbLine
 10
1025181.388800746
 20
-617036.1407316207
 30
0.0
 11
1025181.388800746
 21
-617351.1407316206
 31
0.0
  0
ARC
  5
3FB
330
2
100
AcDbEntity
  8
FUR
100
AcDbCircle
 10
1026137.413000351
 20
-617036.1407316207
 30
0.0
 40
67.5
100
AcDbArc
 50
90.0
 51
180.0
  0
LINE
  5
3FC
330
2
100
AcDbEntity
  8
FUR
100
AcDbLine
 10
1026362.413000351
 20
-617418.6407316206
 30
0.0
 11
1026137.413000351
 21
-617418.6407316206
 31
0.0
  0
LINE
  5
3FD
330
2
100
AcDbEntity
  8
FUR
100
AcDbLine
 10
1026362.413000351
 20
-616968.6407316206
 30
0.0
 11
1026137.413000351
 21
-616968.6407316206
 31
0.0
  0
LINE
  5
3FE
330
2
100
AcDbEntity
  8
FUR
100
AcDbLine
 10
1026362.413000351
 20
-616731.8144930518
 30
0.0
 11
1026137.413000351
 21
-616731.8144930518
 31
0.0
  0
LINE
  5
3FF
330
2
100
AcDbEntity
  8
FUR
100
AcDbLine
 10
1025950.650900549
 20
-617600.2276123362
 30
0.0
 11
1025300.650900549
 21
-617600.2276123362
 31
0.0
  0
ARC
  5
400
330
2
100
AcDbEntity
  8
FUR
100
AcDbCircle
 10
1025300.650900549
 20
-617550.2276123362
 30
0.0
 40
50.0
100
AcDbArc
 50
180.0
 51
270.0
  0
ARC
  5
401
330
2
100
AcDbEntity
  8
FUR
100
AcDbCircle
 10
1025950.650900549
 20
-617550.2276123362
 30
0.0
 40
50.0
100
AcDbArc
 50
270.0
 51
0.0
  0
ARC
  5
402
330
2
100
AcDbEntity
  8
FUR
100
AcDbCircle
 10
1024888.888800746
 20
-616664.3144930517
 30
0.0
 40
67.5
100
AcDbArc
 50
180.0
 51
270.0
  0
LINE
  5
403
330
2
100
AcDbEntity
  8
FUR
100
AcDbLine
 10
1024888.888800746
 20
-616731.8144930518
 30
0.0
 11
1025113.888800746
 21
-616731.8144930518
 31
0.0
  0
ARC
  5
404
330
2
100
AcDbEntity
  8
FUR
100
AcDbCircle
 10
1024805.243028828
 20
-616954.4133308004
 30
0.0
 40
10.0
100
AcDbArc
 50
67.33000878709908
 51
139.2734566848961
  0
ARC
  5
405
330
2
100
AcDbEntity
  8
FUR
100
AcDbCircle
 10
1024801.388800746
 20
-616963.6407316207
 30
0.0
 40
20.0
100
AcDbArc
 50
0.0
 51
67.33000878709908
  0
LINE
  5
406
330
2
100
AcDbEntity
  8
FUR
100
AcDbLine
 10
1024888.888800746
 20
-616968.6407316206
 30
0.0
 11
1025113.888800746
 21
-616968.6407316206
 31
0.0
  0
ARC
  5
407
330
2
100
AcDbEntity
  8
FUR
100
AcDbCircle
 10
1025036.828672069
 20
-616546.6600811409
 30
0.0
 40
315.5896225382623
100
AcDbArc
 50
181.7651378517514
 51
220.7265433151039
  0
ARC
  5
408
330
2
100
AcDbEntity
  8
FUR
100
AcDbCircle
 10
1024805.243028828
 20
-616746.0418938721
 30
0.0
 40
10.0
100
AcDbArc
 50
220.7265433151039
 51
292.6699912129009
  0
ARC
  5
409
330
2
100
AcDbEntity
  8
FUR
100
AcDbCircle
 10
1024801.388800746
 20
-616736.8144930517
 30
0.0
 40
20.0
100
AcDbArc
 50
292.6699912129009
 51
0.0
  0
LINE
  5
40A
330
2
100
AcDbEntity
  8
FUR
100
AcDbLine
 10
1024721.388800746
 20
-617144.0741644627
 30
0.0
 11
1024721.388800746
 21
-617243.2072987787
 31
0.0
  0
ARC
  5
40B
330
2
100
AcDbEntity
  8
FUR
100
AcDbCircle
 10
1024801.388800746
 20
-617423.6407316207
 30
0.0
 40
20.0
100
AcDbArc
 50
292.6699912129009
 51
0.0
  0
ARC
  5
40C
330
2
100
AcDbEntity
  8
FUR
100
AcDbCircle
 10
1024888.888800746
 20
-617351.1407316206
 30
0.0
 40
67.5
100
AcDbArc
 50
180.0
 51
270.0
  0
ARC
  5
40D
330
2
100
AcDbEntity
  8
FUR
100
AcDbCircle
 10
1024805.243028828
 20
-617432.8681324406
 30
0.0
 40
10.0
100
AcDbArc
 50
220.7265433151039
 51
292.6699912129009
  0
LINE
  5
40E
330
2
100
AcDbEntity
  8
FUR
100
AcDbLine
 10
1024888.888800746
 20
-617418.6407316206
 30
0.0
 11
1025113.888800746
 21
-617418.6407316206
 31
0.0
  0
ARC
  5
40F
330
2
100
AcDbEntity
  8
FUR
100
AcDbCircle
 10
1025036.828672069
 20
-617233.4863197096
 30
0.0
 40
315.5896225382623
100
AcDbArc
 50
181.7651378517514
 51
220.7265433151039
  0
ARC
  5
410
330
2
100
AcDbEntity
  8
FUR
100
AcDbCircle
 10
1027499.227051468
 20
-617193.6407316206
 30
0.0
 40
2712.716921149136
100
AcDbArc
 50
174.8023040340193
 51
185.1976959659806
  0
ARC
  5
411
330
2
100
AcDbEntity
  8
FUR
100
AcDbCircle
 10
1025036.828672069
 20
-617153.7951435315
 30
0.0
 40
315.5896225382623
100
AcDbArc
 50
139.2734566848961
 51
178.2348621482485
  0
ARC
  5
412
330
2
100
AcDbEntity
  8
FUR
100
AcDbCircle
 10
1024888.888800746
 20
-617036.1407316207
 30
0.0
 40
67.5
100
AcDbArc
 50
90.0
 51
180.0
  0
LINE
  5
413
330
2
100
AcDbEntity
  8
FUR
100
AcDbLine
 10
1024821.388800746
 20
-616963.6407316207
 30
0.0
 11
1024821.388800746
 21
-617423.6407316207
 31
0.0
  0
ARC
  5
414
330
2
100
AcDbEntity
  8
FUR
100
AcDbCircle
 10
1025113.888800746
 20
-617036.1407316207
 30
0.0
 40
67.5
100
AcDbArc
 50
0.0
 51
90.0
  0
ARC
  5
415
330
2
100
AcDbEntity
  8
FUR
100
AcDbCircle
 10
1025113.888800746
 20
-617351.1407316206
 30
0.0
 40
67.5
100
AcDbArc
 50
270.0
 51
0.0
  0
ARC
  5
416
330
2
100
AcDbEntity
  8
FUR
100
AcDbCircle
 10
1025113.888800746
 20
-616664.3144930517
 30
0.0
 40
67.5
100
AcDbArc
 50
270.0
 51
0.0
  0
LINE
  5
417
330
2
100
AcDbEntity
  8
FUR
100
AcDbLine
 10
1025250.650900549
 20
-617550.2276123362
 30
0.0
 11
1025250.650900549
 21
-616150.2276123361
 31
0.0
  0
ARC
  5
418
330
2
100
AcDbEntity
  8
FUR
100
AcDbCircle
 10
1027499.227051468
 20
-616506.8144930518
 30
0.0
 40
2712.716921149136
100
AcDbArc
 50
174.8023040340193
 51
185.1976959659806
  0
LINE
  5
419
330
2
100
AcDbEntity
  8
FUR
100
AcDbLine
 10
1024821.388800746
 20
-616276.8144930518
 30
0.0
 11
1024821.388800746
 21
-616736.8144930517
 31
0.0
  0
LINE
  5
41A
330
2
100
AcDbEntity
  8
FUR
100
AcDbLine
 10
1024721.388800746
 20
-616457.2479258937
 30
0.0
 11
1024721.388800746
 21
-616556.3810602101
 31
0.0
  0
LINE
  5
41B
330
2
100
AcDbEntity
  8
FUR
100
AcDbLine
 10
1025181.388800746
 20
-616349.3144930519
 30
0.0
 11
1025181.388800746
 21
-616664.3144930517
 31
0.0
  0
LINE
  5
41C
330
2
100
AcDbEntity
  8
FUR
100
AcDbLine
 10
1026000.650900549
 20
-616150.2276123361
 30
0.0
 11
1026000.650900549
 21
-617550.2276123362
 31
0.0
  0
LINE
  5
41D
330
2
100
AcDbEntity
  8
FUR
100
AcDbLine
 10
1026069.913000351
 20
-616664.3144930517
 30
0.0
 11
1026069.913000351
 21
-616349.3144930519
 31
0.0
  0
ARC
  5
41E
330
2
100
AcDbEntity
  8
FUR
100
AcDbCircle
 10
1023752.07474963
 20
-616506.8144930518
 30
0.0
 40
2712.716921149136
100
AcDbArc
 50
354.8023040340194
 51
5.197695965980646
  0
LINE
  5
41F
330
2
100
AcDbEntity
  8
FUR
100
AcDbLine
 10
1026429.913000351
 20
-616736.8144930517
 30
0.0
 11
1026429.913000351
 21
-616276.8144930518
 31
0.0
  0
LINE
  5
420
330
2
100
AcDbEntity
  8
FUR
100
AcDbLine
 10
1026529.913000351
 20
-616556.3810602101
 30
0.0
 11
1026529.913000351
 21
-616457.2479258937
 31
0.0
  0
ARC
  5
421
330
2
100
AcDbEntity
  8
FUR
100
AcDbCircle
 10
1025864.878301369
 20
-618045.3733842545
 30
0.0
 40
10.0
100
AcDbArc
 50
310.7265433131918
 51
22.66999121615838
  0
ARC
  5
422
330
2
100
AcDbEntity
  8
FUR
100
AcDbCircle
 10
1025855.650900549
 20
-618049.2276123362
 30
0.0
 40
20.0
100
AcDbArc
 50
22.66999121615838
 51
90.0
  0
LINE
  5
423
330
2
100
AcDbEntity
  8
FUR
100
AcDbLine
 10
1025576.08433339
 20
-618129.2276123362
 30
0.0
 11
1025675.217467707
 21
-618129.2276123362
 31
0.0
  0
ARC
  5
424
330
2
100
AcDbEntity
  8
FUR
100
AcDbCircle
 10
1025395.650900549
 20
-618049.2276123362
 30
0.0
 40
20.0
100
AcDbArc
 50
90.0
 51
157.3300087838416
  0
ARC
  5
425
330
2
100
AcDbEntity
  8
FUR
100
AcDbCircle
 10
1025468.150900548
 20
-617961.7276123362
 30
0.0
 40
67.5
100
AcDbArc
 50
180.0
 51
270.0
  0
ARC
  5
426
330
2
100
AcDbEntity
  8
FUR
100
AcDbCircle
 10
1025386.423499728
 20
-618045.3733842545
 30
0.0
 40
10.0
100
AcDbArc
 50
157.3300087838416
 51
229.2734566868082
  0
ARC
  5
427
330
2
100
AcDbEntity
  8
FUR
100
AcDbCircle
 10
1025585.80531246
 20
-617813.787741014
 30
0.0
 40
315.5896225382623
100
AcDbArc
 50
229.2734566868082
 51
268.234862161759
  0
ARC
  5
428
330
2
100
AcDbEntity
  8
FUR
100
AcDbCircle
 10
1025625.650900549
 20
-615351.3893616151
 30
0.0
 40
2712.716921149136
100
AcDbArc
 50
264.8023040202724
 51
275.1976959797275
  0
ARC
  5
429
330
2
100
AcDbEntity
  8
FUR
100
AcDbCircle
 10
1025665.496488638
 20
-617813.787741014
 30
0.0
 40
315.5896225382623
100
AcDbArc
 50
271.7651378382409
 51
310.7265433131918
  0
ARC
  5
42A
330
2
100
AcDbEntity
  8
FUR
100
AcDbCircle
 10
1025783.150900549
 20
-617961.7276123362
 30
0.0
 40
67.5
100
AcDbArc
 50
270.0
 51
0.0
  0
LINE
  5
42B
330
2
100
AcDbEntity
  8
FUR
100
AcDbLine
 10
1025395.650900549
 20
-618029.2276123362
 30
0.0
 11
1025855.650900549
 21
-618029.2276123362
 31
0.0
  0
ARC
  5
42C
330
2
100
AcDbEntity
  8
FUR
100
AcDbCircle
 10
1025468.150900548
 20
-617736.7276123362
 30
0.0
 40
67.5
100
AcDbArc
 50
90.0
 51
180.0
  0
LINE
  5
42D
330
2
100
AcDbEntity
  8
FUR
100
AcDbLine
 10
1025468.150900548
 20
-617669.2276123362
 30
0.0
 11
1025783.150900549
 21
-617669.2276123362
 31
0.0
  0
ARC
  5
42E
330
2
100
AcDbEntity
  8
FUR
100
AcDbCircle
 10
1025783.150900549
 20
-617736.7276123362
 30
0.0
 40
67.5
100
AcDbArc
 50
0.0
 51
90.0
  0
LINE
  5
42F
330
2
100
AcDbEntity
  8
FUR
100
AcDbLine
 10
1025400.650900549
 20
-617961.7276123362
 30
0.0
 11
1025400.650900549
 21
-617736.7276123362
 31
0.0
  0
LINE
  5
430
330
2
100
AcDbEntity
  8
FUR
100
AcDbLine
 10
1025850.650900549
 20
-617961.7276123362
 30
0.0
 11
1025850.650900549
 21
-617736.7276123362
 31
0.0
  0
LINE
  5
431
330
2
100
AcDbEntity
  8
阳台露台
100
AcDbLine
 10
1020024.984124696
 20
-619800.227614021
 30
0.0
 11
1021024.984123238
 21
-619800.2276138161
 31
0.0
  0
LINE
  5
432
330
2
100
AcDbEntity
  8
阳台露台
100
AcDbLine
 10
1020024.984124675
 20
-619700.2276140212
 30
0.0
 11
1021024.984123218
 21
-619700.227613816
 31
0.0
  0
LINE
  5
433
330
2
100
AcDbEntity
  8
WINDOW
100
AcDbLine
 10
1020124.984124522
 20
-618000.2276122917
 30
0.0
 11
1020924.984124522
 21
-618000.2276122917
 31
0.0
  0
HATCH
  5
434
330
2
100
AcDbEntity
  8
铺地
100
AcDbHatch
 10
0.0
 20
0.0
 30
0.0
210
0.0
220
0.0
230
1.0
  2
LINE
 70
     0
 71
     0
 91
        1
 92
        7
 72
     0
 73
     1
 93
        6
 10
1020024.984124535
 20
-618000.2276123353
 10
1021024.984122901
 20
-618000.2276125525
 10
1021024.984123081
 20
-618873.5497248146
 10
1021024.984123204
 20
-619473.549724814
 10
1021024.98412325
 20
-619700.2276139141
 10
1020024.984124687
 20
-619700.2276139141
 97
        0
 75
     0
 76
     1
 52
90.0
 41
600.0
 77
     0
 78
     1
 53
90.0
 43
1024543.165605239
 44
-93060.07888555274
 45
-150.0
 46
0.0000000000000092
 79
     0
 47
6.215337227563692
 98
        1
 10
1020636.818223423
 20
-618586.1965927761
1001
ACAD
1010
0.0
1020
0.0
1030
0.0
  0
INSERT
  5
435
330
2
100
AcDbEntity
  8
BATH
100
AcDbBlockReference
 66
     1
  2
A$C5B6B14AB
 10
1022005.791848513
 20
-616626.7240153654
 30
0.0
 41
-1.0
 50
359.999999879938
  0
ATTRIB
  5
436
330
435
100
AcDbEntity
  8
BATH
100
AcDbText
 10
1021760.34262742
 20
-616177.4893478267
 30
0.0
 40
0.5
  1
491
 50
89.99857589325987
 41
0.7999999999992726
 51
0.0000000008337331
  7
DIM_FONT
 71
     4
100
AcDbAttribute
280
     0
  2
YSIZE
 70
     9
280
     0
  0
ATTRIB
  5
437
330
435
100
AcDbEntity
  8
BATH
100
AcDbText
 10
1021760.34262506
 20
-616177.5842630808
 30
0.0
 40
0.5
  1
450
 50
89.99857589325987
 41
0.7999999999992726
 51
0.0000000008337331
  7
DIM_FONT
 71
     4
100
AcDbAttribute
280
     0
  2
XSIZE
 70
     9
280
     0
  0
SEQEND
  5
438
330
435
100
AcDbEntity
  8
BATH
  0
INSERT
  5
439
330
2
100
AcDbEntity
  8
BATH
100
AcDbBlockReference
  2
A$C52241BEE
 10
1020088.402393373
 20
-616151.837110905
 30
0.0
 50
269.9999998932783
  0
INSERT
  5
43A
330
2
100
AcDbEntity
  8
家具
100
AcDbBlockReference
 66
     1
  2
_E10NWL
 10
-1022474.984123207
 20
-616100.2276173318
 30
0.0
 41
1.272727273404598
 42
1.272727273404598
 43
-1.27272727272727
 50
0.0000001257791532
210
0.0
220
0.0
230
-1.0
  0
ATTRIB
  5
43B
330
43A
100
AcDbEntity
  8
0
100
AcDbText
 10
1022474.984123207
 20
-616100.2276173318
 30
0.0
 40
0.6363636363636359
  1
500
 50
179.9999998743215
 41
0.8000000000029102
  7
DIM_FONT
 71
     4
100
AcDbAttribute
280
     0
  2
XSIZE
 70
     9
280
     0
  0
ATTRIB
  5
43C
330
43A
100
AcDbEntity
  8
0
100
AcDbText
 10
1022474.984123207
 20
-616100.2276173318
 30
0.0
 40
0.6363636363636359
  1
500
 50
179.9999998743215
 41
0.8000000000029102
  7
DIM_FONT
 71
     4
100
AcDbAttribute
280
     0
  2
YSIZE
 70
     9
280
     0
  0
SEQEND
  5
43D
330
43A
100
AcDbEntity
  8
家具
  0
TEXT
  5
43E
330
2
100
AcDbEntity
  8
文字标注
100
AcDbText
 10
1027227.909280331
 20
-612870.6237826158
 30
0.0
 40
450.0
  1
客厅
 41
0.8
  7
-黑体
 72
     1
 11
1027745.66208932
 21
-612870.6237826158
 31
0.0
100
AcDbText
  0
TEXT
  5
443
330
2
100
AcDbEntity
  8
文字标注
100
AcDbText
 10
1025830.396225638
 20
-612962.0406007087
 30
0.0
 40
450.0
  1
厨房
 41
0.8
  7
-黑体
 72
     1
 11
1026348.149034627
 21
-612962.0406007087
 31
0.0
100
AcDbText
  0
TEXT
  5
444
330
2
100
AcDbEntity
  8
文字标注
100
AcDbText
 10
1024754.230434582
 20
-622252.5613036938
 30
0.0
 40
450.0
  1
客厅
 41
0.8
  7
-黑体
 72
     1
 11
1025271.983243571
 21
-622252.5613036938
 31
0.0
100
AcDbText
  0
TEXT
  5
445
330
2
100
AcDbEntity
  8
文字标注
100
AcDbText
 10
1025185.357801943
 20
-617105.1482210856
 30
0.0
 40
449.9999999999998
  1
餐厅
 50
359.9999999887704
 41
0.8
  7
-黑体
 72
     1
 11
1025703.110610932
 21
-617105.1482211871
 31
0.0
100
AcDbText
  0
TEXT
  5
446
330
2
100
AcDbEntity
  8
文字标注
100
AcDbText
 10
1020553.906321572
 20
-617384.092679957
 30
0.0
 40
450.0
  1
厨房
 41
0.8
  7
-黑体
 72
     1
 11
1021071.659130561
 21
-617384.092679957
 31
0.0
100
AcDbText
  0
TEXT
  5
447
330
2
100
AcDbEntity
  8
文字标注
100
AcDbText
 10
1022937.825515744
 20
-621627.9565829488
 30
0.0
 40
450.0
  1
卧室
 41
0.8
  7
-黑体
 72
     1
 11
1023455.578324733
 21
-621627.9565829488
 31
0.0
100
AcDbText
  0
TEXT
  5
448
330
2
100
AcDbEntity
  8
文字标注
100
AcDbText
 10
1026602.776579409
 20
-618944.4986974145
 30
0.0
 40
450.0
  1
储藏
 41
0.8
  7
-黑体
100
AcDbText
  0
INSERT
  5
449
330
2
100
AcDbEntity
  8
FUR
 62
   252
100
AcDbBlockReference
  2
A$C67170A1A
 10
1030524.983200944
 20
-616652.3128500967
 30
0.0
 41
-1.0
 50
180.0000152878843
  0
LINE
  5
46E
330
2
100
AcDbEntity
  8
WINDOW
100
AcDbLine
 10
1031724.984123826
 20
-614600.2276124917
 30
0.0
 11
1031724.984122207
 21
-615400.2276124936
 31
0.0
  0
LINE
  5
46F
330
2
100
AcDbEntity
  8
0
100
AcDbLine
 10
1022824.98412415
 20
-624000.2276144765
 30
0.0
 11
1021224.984124149
 21
-624000.2276144765
 31
0.0
  0
LINE
  5
470
330
2
100
AcDbEntity
  8
0
100
AcDbLine
 10
1023024.984124137
 20
-624800.2276144871
 30
0.0
 11
1024024.984124341
 21
-624800.2276144871
 31
0.0
  0
INSERT
  5
471
330
2
100
AcDbEntity
  8
BATH
100
AcDbBlockReference
 66
     1
  2
A$C718D6682
 10
1023183.291731123
 20
-619600.7279447745
 30
0.0
  0
ATTRIB
  5
493
330
471
100
AcDbEntity
  8
0
100
AcDbText
 10
1023528.606823466
 20
-619600.1271867015
 30
0.0
 40
0.5
  1
705
 50
180.0
 41
0.8
100
AcDbAttribute
280
     0
  2
YSIZE
 70
     9
280
     0
  0
ATTRIB
  5
494
330
471
100
AcDbEntity
  8
0
100
AcDbText
 10
1023528.620103228
 20
-619600.1427429085
 30
0.0
 40
0.5
  1
690
 50
180.0
 41
0.8
100
AcDbAttribute
280
     0
  2
XSIZE
 70
     9
280
     0
  0
SEQEND
  5
495
330
471
100
AcDbEntity
  8
WALL
  0
LINE
  5
499
330
2
100
AcDbEntity
  8
Furniture(家具)
100
AcDbLine
 10
1025124.984125012
 20
-615650.227612952
 30
0.0
 11
1026924.984125045
 21
-615650.2276131437
 31
0.0
  0
LINE
  5
49A
330
2
100
AcDbEntity
  8
Furniture(家具)
100
AcDbLine
 10
1026924.984125045
 20
-615650.2276131439
 30
0.0
 11
1026924.984125018
 21
-615900.2276131438
 31
0.0
  0
LINE
  5
49B
330
2
100
AcDbEntity
  8
Furniture(家具)
100
AcDbLine
 10
1026924.984125018
 20
-615900.2276131478
 30
0.0
 11
1025124.984125001
 21
-615900.2276129471
 31
0.0
  0
LINE
  5
49C
330
2
100
AcDbEntity
  8
Furniture(家具)
100
AcDbLine
 10
1025124.984125028
 20
-615650.227612952
 30
0.0
 11
1026924.984125018
 21
-615900.2276131478
 31
0.0
  0
LINE
  5
49D
330
2
100
AcDbEntity
  8
Furniture(家具)
100
AcDbLine
 10
1026924.984125045
 20
-615650.2276131439
 30
0.0
 11
1025124.984125001
 21
-615900.2276129471
 31
0.0
  0
LINE
  5
49E
330
2
100
AcDbEntity
  8
0
100
AcDbLine
 10
1024924.984125132
 20
-614700.2276136547
 30
0.0
 11
1024924.984125036
 21
-615600.2276136522
 31
0.0
  0
LINE
  5
49F
330
2
100
AcDbEntity
  8
WINDOW
100
AcDbLine
 10
1026724.984125563
 20
-614500.2276134002
 30
0.0
 11
1025924.984125563
 21
-614500.2276132507
 31
0.0
  0
TEXT
  5
4A0
330
2
100
AcDbEntity
  8
文字标注
100
AcDbText
 10
1018971.993787344
 20
-615145.2471505166
 30
0.0
 40
450.0
  1
下
 41
0.8
  7
-黑体
 72
     1
 11
1019230.870191839
 21
-615145.2471505166
 31
0.0
100
AcDbText
  0
TEXT
  5
4A1
330
2
100
AcDbEntity
  8
文字标注
100
AcDbText
 10
1020204.136282739
 20
-615135.6051490409
 30
0.0
 40
450.0
  1
上
 41
0.8
  7
-黑体
 72
     1
 11
1020463.012687234
 21
-615135.6051490409
 31
0.0
100
AcDbText
  0
LINE
  5
4A2
330
2
100
AcDbEntity
  8
0
100
AcDbLine
 10
1023924.984121777
 20
-615900.2276116088
 30
0.0
 11
1023024.984121776
 21
-615900.2276117846
 31
0.0
  0
LINE
  5
4A3
330
2
100
AcDbEntity
  8
文字注明
100
AcDbLine
 10
1028824.351020966
 20
-615327.3813766311
 30
0.0
 11
1027624.351020967
 21
-615327.3813768145
 31
0.0
  0
LINE
  5
4A7
330
2
100
AcDbEntity
  8
文字注明
100
AcDbLine
 10
1027624.351020967
 20
-615327.3813768145
 30
0.0
 11
1027624.351020875
 21
-614727.3813768146
 31
0.0
  0
LINE
  5
4A8
330
2
100
AcDbEntity
  8
文字注明
100
AcDbLine
 10
1027624.351020875
 20
-614727.3813768146
 30
0.0
 11
1028824.351020875
 21
-614727.3813766311
 31
0.0
  0
LINE
  5
4A9
330
2
100
AcDbEntity
  8
文字注明
100
AcDbLine
 10
1028824.351020875
 20
-614727.3813766311
 30
0.0
 11
1028824.351020966
 21
-615327.3813766311
 31
0.0
  0
TEXT
  5
4AA
330
2
100
AcDbEntity
  8
文字注明
100
AcDbText
 10
1027923.707372393
 20
-615200.6252404731
 30
0.0
 40
400.0
  1
E-1
 50
0.0000000087575547
 41
0.8
  7
-黑体
100
AcDbText
  0
LINE
  5
4AB
330
2
100
AcDbEntity
  8
文字注明
100
AcDbLine
 10
1026004.226208244
 20
-619721.5982532371
 30
0.0
 11
1024804.226208244
 21
-619721.5982534206
 31
0.0
  0
LINE
  5
4AC
330
2
100
AcDbEntity
  8
文字注明
100
AcDbLine
 10
1024804.226208152
 20
-619121.5982534207
 30
0.0
 11
1026004.226208152
 21
-619121.5982532371
 31
0.0
  0
TEXT
  5
4AD
330
2
100
AcDbEntity
  8
文字注明
100
AcDbText
 10
1025036.689904303
 20
-619594.8421170895
 30
0.0
 40
400.0
  1
E-2
 50
0.0000000087575547
 41
0.8
  7
-黑体
100
AcDbText
  0
LINE
  5
4AE
330
2
100
AcDbEntity
  8
文字注明
100
AcDbLine
 10
1024804.226208337
 20
-619721.5982540154
 30
0.0
 11
1024804.226208354
 21
-619121.5982540154
 31
0.0
  0
LINE
  5
4AF
330
2
100
AcDbEntity
  8
文字注明
100
AcDbLine
 10
1026004.226208354
 20
-619121.5982540483
 30
0.0
 11
1026004.226208337
 21
-619721.5982540483
 31
0.0
  0
INSERT
  5
4B0
330
2
100
AcDbEntity
  8
BATH
100
AcDbBlockReference
 66
     1
  2
M_C54TQD
 10
-1021224.96570334
 20
-623328.7252559335
 30
0.0
 41
-1.0
 43
-1.0
 50
270.0
210
0.0
220
0.0
230
-1.0
  0
ATTRIB
  5
5EA
330
4B0
100
AcDbEntity
  8
0
100
AcDbText
 10
1021224.971353058
 20
-623327.3919226001
 30
0.0
 40
0.5
  1
1500
 50
269.9999999883273
 41
0.7999999999883585
  7
DIM_FONT
 71
     4
100
AcDbAttribute
280
     0
  2
XSIZE
 70
     9
280
     0
  0
ATTRIB
  5
5EB
330
4B0
100
AcDbEntity
  8
0
100
AcDbText
 10
1021224.971353058
 20
-623327.3157321239
 30
0.0
 40
0.5
  1
2000
 50
269.9999999883273
 41
0.7999999999883585
  7
DIM_FONT
 71
     4
100
AcDbAttribute
280
     0
  2
YSIZE
 70
     9
280
     0
  0
SEQEND
  5
5EC
330
4B0
100
AcDbEntity
  8
BATH
  0
INSERT
  5
5ED
330
2
100
AcDbEntity
  8
BATH
100
AcDbBlockReference
  2
A$C332848BE
 10
-1021675.002419634
 20
-623328.6934698146
 30
0.0
 41
-1.0
 43
-1.0
 50
180.0000000133401
210
0.0
220
0.0
230
-1.0
  0
INSERT
  5
603
330
2
100
AcDbEntity
  8
BATH
100
AcDbBlockReference
  2
A$C332848BE
 10
-1021674.984000228
 20
-621828.7419321365
 30
0.0
 43
-1.0
 50
0.0000000133402132
210
0.0
220
0.0
230
-1.0
  0
LINE
  5
604
330
2
100
AcDbEntity
  8
0
100
AcDbLine
 10
1014924.984125194
 20
-614700.2276126744
 30
0.0
 11
1014924.984125114
 21
-615600.2276126719
 31
0.0
  0
LINE
  5
605
330
2
100
AcDbEntity
  8
阳台露台
100
AcDbLine
 10
1024224.984121188
 20
-625299.7276162325
 30
0.0
 11
1024225.484121187
 21
-625300.2276162336
 31
0.0
  0
LINE
  5
606
330
2
100
AcDbEntity
  8
阳台露台
100
AcDbLine
 10
1024124.984122176
 20
-624800.4605783259
 30
0.0
 11
1024124.984122051
 21
-625399.7276212441
 31
0.0
  0
LINE
  5
607
330
2
100
AcDbEntity
  8
阳台露台
100
AcDbLine
 10
1024125.484122051
 20
-625400.2276212438
 30
0.0
 11
1024124.984122051
 21
-625399.7276212441
 31
0.0
  0
LINE
  5
608
330
2
100
AcDbEntity
  8
阳台露台
100
AcDbLine
 10
1024125.484122051
 20
-625400.2276229404
 30
0.0
 11
1024124.984122051
 21
-625399.7276229402
 31
0.0
  0
LINE
  5
609
330
2
100
AcDbEntity
  8
阳台露台
100
AcDbLine
 10
1024224.984122176
 20
-624800.4605783583
 30
0.0
 11
1024224.984121188
 21
-625299.7276162325
 31
0.0
  0
LINE
  5
60A
330
2
100
AcDbEntity
  8
BATH
100
AcDbLine
 10
1033927.872286071
 20
-614600.2276126095
 30
0.0
 11
1033927.872286071
 21
-615500.2276126095
 31
0.0
  0
LINE
  5
60B
330
2
100
AcDbEntity
  8
阳台露台
100
AcDbLine
 10
1026724.984127458
 20
-609800.2276148019
 30
0.0
 11
1024924.984127459
 21
-609800.2276143071
 31
0.0
  0
LINE
  5
60C
330
2
100
AcDbEntity
  8
阳台露台
100
AcDbLine
 10
1026724.984127431
 20
-609900.2276148019
 30
0.0
 11
1025024.984127431
 21
-609900.2276143344
 31
0.0
  0
LINE
  5
60D
330
2
100
AcDbEntity
  8
阳台露台
100
AcDbLine
 10
1024924.98412716
 20
-611100.2276140372
 30
0.0
 11
1024924.984127517
 21
-609800.2276143071
 31
0.0
  0
LINE
  5
60E
330
2
100
AcDbEntity
  8
阳台露台
100
AcDbLine
 10
1025024.98412696
 20
-611100.2276161983
 30
0.0
 11
1025024.984127289
 21
-609900.2276164682
 31
0.0
  0
INSERT
  5
60F
330
2
100
AcDbEntity
  8
BATH
100
AcDbBlockReference
 66
     1
  2
A$C718D6682
 10
1025181.761480988
 20
-613813.6446986401
 30
0.0
 50
269.9999999733196
  0
ATTRIB
  5
610
330
60F
100
AcDbEntity
  8
0
100
AcDbText
 10
1025181.862238899
 20
-614157.9597909839
 30
0.0
 40
0.5
  1
705
 50
269.9999999833248
 41
0.8
100
AcDbAttribute
280
     0
  2
YSIZE
 70
     9
280
     0
  0
ATTRIB
  5
611
330
60F
100
AcDbEntity
  8
0
100
AcDbText
 10
1025181.846682692
 20
-614157.9730707456
 30
0.0
 40
0.5
  1
690
 50
269.9999999833248
 41
0.8
100
AcDbAttribute
280
     0
  2
XSIZE
 70
     9
280
     0
  0
SEQEND
  5
612
330
60F
100
AcDbEntity
  8
WALL
  0
LINE
  5
613
330
2
100
AcDbEntity
  8
0
100
AcDbLine
 10
1026624.984127182
 20
-611100.2276156638
 30
0.0
 11
1025824.984127178
 21
-611100.2276154401
 31
0.0
  0
LINE
  5
614
330
2
100
AcDbEntity
  8
0
100
AcDbLine
 10
1030624.984128689
 20
-609800.2276177035
 30
0.0
 11
1031624.984129245
 21
-609800.2276181604
 31
0.0
  0
LINE
  5
615
330
2
100
AcDbEntity
  8
阳台露台
100
AcDbLine
 10
1031824.984128831
 20
-610600.2276182654
 30
0.0
 11
1033024.984128289
 21
-610600.2276187767
 31
0.0
  0
HATCH
  5
616
330
2
100
AcDbEntity
  8
铺地
100
AcDbHatch
 10
0.0
 20
0.0
 30
0.0
210
0.0
220
0.0
230
1.0
  2
LINE
 70
     0
 71
     0
 91
        1
 92
        7
 72
     0
 73
     1
 93
        4
 10
1025024.984127486
 20
-609900.2276143385
 10
1026724.984128623
 20
-609900.227614806
 10
1026724.984128058
 20
-611100.2276158482
 10
1025024.984127671
 20
-611100.2276150672
 97
        0
 75
     0
 76
     1
 52
90.0
 41
600.0
 77
     0
 78
     1
 53
89.9999999617836
 43
1048610.270569525
 44
-45873.79366442328
 45
150.0
 46
-0.0000001000503157
 79
     0
 47
3.093403318277323
 98
        1
 10
1025444.648543667
 20
-610498.037425668
1001
ACAD
1010
0.0
1020
0.0
1030
0.0
  0
INSERT
  5
617
102
{ACAD_XDICTIONARY
360
618
102
}
330
2
100
AcDbEntity
  8
BATH
100
AcDbBlockReference
  2
*U30
 10
1032826.729971221
 20
-615600.2276121416
 30
0.0
  0
INSERT
  5
680
330
2
100
AcDbEntity
  8
BATH
100
AcDbBlockReference
 66
     1
  2
M_C54TQD
 10
-1033926.766811408
 20
-618602.6716406986
 30
0.0
 43
-1.0
 50
89.99999997331958
210
0.0
220
0.0
230
-1.0
  0
ATTRIB
  5
681
330
680
100
AcDbEntity
  8
0
100
AcDbText
 10
1033927.261161689
 20
-618601.3383073653
 30
0.0
 40
0.5
  1
1500
 50
270.0000000125065
 41
0.7999999999883585
  7
DIM_FONT
 71
     4
100
AcDbAttribute
280
     0
  2
XSIZE
 70
     9
280
     0
  0
ATTRIB
  5
682
330
680
100
AcDbEntity
  8
0
100
AcDbText
 10
1033927.261161689
 20
-618601.262116889
 30
0.0
 40
0.5
  1
2000
 50
270.0000000125065
 41
0.7999999999883585
  7
DIM_FONT
 71
     4
100
AcDbAttribute
280
     0
  2
YSIZE
 70
     9
280
     0
  0
SEQEND
  5
683
330
680
100
AcDbEntity
  8
BATH
  0
INSERT
  5
684
330
2
100
AcDbEntity
  8
BATH
100
AcDbBlockReference
  2
A$C332848BE
 10
-1033476.730095113
 20
-618602.6398545951
 30
0.0
 43
-1.0
 50
179.9999999866598
210
0.0
220
0.0
230
-1.0
  0
INSERT
  5
685
330
2
100
AcDbEntity
  8
BATH
100
AcDbBlockReference
  2
A$C332848BE
 10
-1033476.748514467
 20
-617102.6883169172
 30
0.0
 41
-1.0
 43
-1.0
 50
359.9999999866597
210
0.0
220
0.0
230
-1.0
  0
LINE
  5
686
330
2
100
AcDbEntity
  8
FUR
100
AcDbLine
 10
1022924.984123226
 20
-617775.2276132326
 30
0.0
 11
1024124.984123226
 21
-617775.2276132326
 31
0.0
  0
LINE
  5
687
330
2
100
AcDbEntity
  8
FUR
100
AcDbLine
 10
1024124.984123226
 20
-617775.2276132326
 30
0.0
 11
1024124.984123226
 21
-618025.2276132326
 31
0.0
  0
LINE
  5
688
330
2
100
AcDbEntity
  8
FUR
100
AcDbLine
 10
1024124.984123226
 20
-618025.2276132326
 30
0.0
 11
1022924.984123231
 21
-618025.2276132359
 31
0.0
  0
LINE
  5
689
330
2
100
AcDbEntity
  8
FUR
100
AcDbLine
 10
1022924.984123231
 20
-618025.2276132359
 30
0.0
 11
1024124.984123226
 21
-617775.2276132326
 31
0.0
  0
LINE
  5
68A
330
2
100
AcDbEntity
  8
FUR
100
AcDbLine
 10
1022924.984123226
 20
-617775.2276132326
 30
0.0
 11
1024124.984123226
 21
-618025.2276132326
 31
0.0
  0
INSERT
  5
68B
330
2
100
AcDbEntity
  8
Furniture(家具)
100
AcDbBlockReference
  2
1
 10
959069.0828379566
 20
-81136.25453915773
 30
0.0
 41
-1.0
 50
0.0000000667010447
  0
TEXT
  5
68C
330
2
100
AcDbEntity
  8
文字标注
100
AcDbText
 10
1030707.35038535
 20
-612807.0364204114
 30
0.0
 40
449.9999999999998
  1
卧室
 50
0.0000000204904893
 41
0.8
  7
-黑体
 72
     1
 11
1031225.103194339
 21
-612807.0364202262
 31
0.0
100
AcDbText
  0
LINE
  5
68D
330
2
100
AcDbEntity
  8
Furniture(家具)
100
AcDbLine
 10
1030524.984094816
 20
-611200.2276082214
 30
0.0
 11
1030524.984094746
 21
-610600.2276082214
 31
0.0
  0
LINE
  5
68E
330
2
100
AcDbEntity
  8
WINDOW
100
AcDbLine
 10
1022824.9841229
 20
-618050.2276129141
 30
0.0
 11
1022824.9841229
 21
-618848.623399121
 31
0.0
  0
TEXT
  5
68F
330
2
100
AcDbEntity
  8
文字标注
100
AcDbText
 10
1028431.974491805
 20
-616655.7587795399
 30
0.0
 40
449.9999999999998
  1
餐厅
 50
359.9999999887704
 41
0.8
  7
-黑体
 72
     1
 11
1028949.727300794
 21
-616655.7587796414
 31
0.0
100
AcDbText
  0
TEXT
  5
690
330
2
100
AcDbEntity
  8
文字标注
100
AcDbText
 10
1031365.474440032
 20
-616890.1528188498
 30
0.0
 40
450.0000000000001
  1
卧室
 50
0.0000000112330945
 41
0.8
  7
-黑体
 72
     1
 11
1031883.227249021
 21
-616890.1528187483
 31
0.0
100
AcDbText
  0
LINE
  5
691
330
2
100
AcDbEntity
  8
DOTE
100
AcDbLine
 10
1019924.984125036
 20
-616000.2276144204
 30
0.0
 11
1019924.984124663
 21
-619800.2276139138
 31
0.0
  0
LINE
  5
696
330
2
100
AcDbEntity
  8
DOTE
100
AcDbLine
 10
1019924.984124324
 20
-616000.2276144204
 30
0.0
 11
1019924.984124696
 21
-619800.2276139138
 31
0.0
  0
LINE
  5
697
330
2
100
AcDbEntity
  8
DOTE
100
AcDbLine
 10
1022924.984123176
 20
-619000.2276146291
 30
0.0
 11
1024124.984123176
 21
-619000.2276145099
 31
0.0
  0
LINE
  5
698
330
2
100
AcDbEntity
  8
DOTE
100
AcDbLine
 10
1024124.984124365
 20
-625300.2276145057
 30
0.0
 11
1027724.984124365
 21
-625300.2276141518
 31
0.0
  0
LINE
  5
699
330
2
100
AcDbEntity
  8
DOTE
100
AcDbLine
 10
1021124.984123385
 20
-620600.2276148005
 30
0.0
 11
1022924.984123385
 21
-620600.2276146291
 31
0.0
  0
LINE
  5
69A
330
2
100
AcDbEntity
  8
DOTE
100
AcDbLine
 10
1021124.98412413
 20
-624100.2276148005
 30
0.0
 11
1027724.984124115
 21
-624100.2276144987
 31
0.0
  0
LINE
  5
69B
330
2
100
AcDbEntity
  8
DOTE
100
AcDbLine
 10
1022924.984122476
 20
-616000.2276146291
 30
0.0
 11
1022924.984123385
 21
-620600.2276146291
 31
0.0
  0
LINE
  5
69C
330
2
100
AcDbEntity
  8
DOTE
100
AcDbLine
 10
1024124.984123176
 20
-619000.2276150654
 30
0.0
 11
1024124.984124156
 21
-625300.2276145057
 31
0.0
  0
LINE
  5
69D
330
2
100
AcDbEntity
  8
DOTE
100
AcDbLine
 10
1027724.9841228
 20
-617800.2276126616
 30
0.0
 11
1027724.984124025
 21
-625300.2276141518
 31
0.0
  0
LINE
  5
69E
330
2
100
AcDbEntity
  8
DOTE
100
AcDbLine
 10
1021124.984122848
 20
-617900.2276148004
 30
0.0
 11
1021124.98412412
 21
-624100.2276148005
 31
0.0
  0
LINE
  5
69F
330
2
100
AcDbEntity
  8
DOTE
100
AcDbLine
 10
1019924.984124324
 20
-616000.2276144204
 30
0.0
 11
1026824.984124935
 21
-616000.2276126612
 31
0.0
  0
LINE
  5
6A0
330
2
100
AcDbEntity
  8
DOTE
100
AcDbLine
 10
1030424.98412384
 20
-615600.2276126613
 30
0.0
 11
1030424.98412384
 21
-620100.2276126619
 31
0.0
  0
LINE
  5
6A1
330
2
100
AcDbEntity
  8
DOTE
100
AcDbLine
 10
1030424.98412384
 20
-615600.2276126613
 30
0.0
 11
1034027.872286077
 21
-615600.2276126613
 31
0.0
  0
LINE
  5
6A2
330
2
100
AcDbEntity
  8
DOTE
100
AcDbLine
 10
1026824.98412414
 20
-619500.2276131925
 30
0.0
 11
1034027.872286077
 21
-619500.2276126868
 31
0.0
  0
LINE
  5
6A3
330
2
100
AcDbEntity
  8
DOTE
100
AcDbLine
 10
1030424.98412384
 20
-620100.2276126619
 30
0.0
 11
1034024.984123247
 21
-620100.2276126612
 31
0.0
  0
LINE
  5
6A4
330
2
100
AcDbEntity
  8
DOTE
100
AcDbLine
 10
1026824.98412384
 20
-609900.2276159144
 30
0.0
 11
1026824.98412384
 21
-614500.2276126614
 31
0.0
  0
LINE
  5
6A5
330
2
100
AcDbEntity
  8
DOTE
100
AcDbLine
 10
1030424.98412384
 20
-609900.2276176098
 30
0.0
 11
1030424.98412384
 21
-614500.2276126614
 31
0.0
  0
LINE
  5
6A6
330
2
100
AcDbEntity
  8
DOTE
100
AcDbLine
 10
1026824.98412384
 20
-616000.2276126612
 30
0.0
 11
1026824.98412414
 21
-619500.2276132773
 31
0.0
  0
LINE
  5
6A7
330
2
100
AcDbEntity
  8
DOTE
100
AcDbLine
 10
1031724.984123826
 20
-613800.7276126612
 30
0.0
 11
1031724.984123826
 21
-615600.2276126519
 31
0.0
  0
LINE
  5
6A8
330
2
100
AcDbEntity
  8
DOTE
100
AcDbLine
 10
1031725.484123826
 20
-613800.2276126613
 30
0.0
 11
1031724.984123826
 21
-613800.7276126612
 31
0.0
  0
LINE
  5
6A9
330
2
100
AcDbEntity
  8
DOTE
100
AcDbLine
 10
1026824.98412384
 20
-617800.2276126616
 30
0.0
 11
1030424.98412384
 21
-617800.2276126616
 31
0.0
  0
LINE
  5
6AA
330
2
100
AcDbEntity
  8
DOTE
100
AcDbLine
 10
1025024.984125264
 20
-609900.2276150669
 30
0.0
 11
1025024.984125265
 21
-616000.2276131201
 31
0.0
  0
LINE
  5
6AB
330
2
100
AcDbEntity
  8
DOTE
100
AcDbLine
 10
1019824.984124653
 20
-614500.2276144205
 30
0.0
 11
1026824.98412384
 21
-614500.2276126617
 31
0.0
  0
LINE
  5
6AC
330
2
100
AcDbEntity
  8
DOTE
100
AcDbLine
 10
1023325.020898463
 20
-612300.2276131199
 30
0.0
 11
1021125.020898463
 21
-612300.2276131199
 31
0.0
  0
LINE
  5
6AD
330
2
100
AcDbEntity
  8
DOTE
100
AcDbLine
 10
1021125.020898463
 20
-612300.2276131199
 30
0.0
 11
1021125.020898463
 21
-614500.2276131203
 31
0.0
  0
LINE
  5
6AE
330
2
100
AcDbEntity
  8
DOTE
100
AcDbLine
 10
1021125.020898463
 20
-614500.2276131203
 30
0.0
 11
1023325.020898463
 21
-614500.2276131203
 31
0.0
  0
LINE
  5
6AF
330
2
100
AcDbEntity
  8
DOTE
100
AcDbLine
 10
1023325.020898463
 20
-614500.2276131203
 30
0.0
 11
1023325.020898463
 21
-612300.2276131199
 31
0.0
  0
LINE
  5
6B0
330
2
100
AcDbEntity
  8
DOTE
100
AcDbLine
 10
1018525.002510685
 20
-614500.2276144205
 30
0.0
 11
1018525.002510685
 21
-611100.2276126649
 31
0.0
  0
LINE
  5
6B1
330
2
100
AcDbEntity
  8
DOTE
100
AcDbLine
 10
1018525.002510685
 20
-611100.2276126649
 30
0.0
 11
1021125.020898082
 21
-611100.2276126649
 31
0.0
  0
LINE
  5
6B2
330
2
100
AcDbEntity
  8
DOTE
100
AcDbLine
 10
1021125.020898082
 20
-611100.2276126649
 30
0.0
 11
1021125.020898463
 21
-612300.2276131199
 31
0.0
  0
LINE
  5
6B3
330
2
100
AcDbEntity
  8
DOTE
100
AcDbLine
 10
1022024.984125417
 20
-614500.2276131203
 30
0.0
 11
1025024.984125264
 21
-614500.2276131203
 31
0.0
  0
LINE
  5
6B4
330
2
100
AcDbEntity
  8
DOTE
100
AcDbLine
 10
1025024.984125264
 20
-614500.2276131203
 30
0.0
 11
1025024.984125647
 21
-616000.2276131201
 31
0.0
  0
LINE
  5
6B5
330
2
100
AcDbEntity
  8
DOTE
100
AcDbLine
 10
1025024.984125647
 20
-616000.2276131201
 30
0.0
 11
1014824.984124807
 21
-616000.2276131204
 31
0.0
  0
LINE
  5
6B6
330
2
100
AcDbEntity
  8
DOTE
100
AcDbLine
 10
1014824.984124807
 20
-614500.2276131203
 30
0.0
 11
1017324.965737639
 21
-614500.2276144205
 31
0.0
  0
LINE
  5
6B7
330
2
100
AcDbEntity
  8
DOTE
100
AcDbLine
 10
1018525.002510685
 20
-614500.2276144205
 30
0.0
 11
1018525.002510685
 21
-614500.2276144205
 31
0.0
  0
LINE
  5
6B8
330
2
100
AcDbEntity
  8
DOTE
100
AcDbLine
 10
1030424.98412384
 20
-614500.2276126614
 30
0.0
 11
1031724.984123826
 21
-614500.2276126612
 31
0.0
  0
LINE
  5
6B9
330
2
100
AcDbEntity
  8
DOTE
100
AcDbLine
 10
1031725.484123826
 20
-613800.2276126613
 30
0.0
 11
1034024.98412384
 21
-613800.2276126613
 31
0.0
  0
LINE
  5
6BA
330
2
100
AcDbEntity
  8
DOTE
100
AcDbLine
 10
1033124.984123898
 20
-609900.227618881
 30
0.0
 11
1033124.984123849
 21
-613800.2276126615
 31
0.0
  0
LINE
  5
6BB
330
2
100
AcDbEntity
  8
DOTE
100
AcDbLine
 10
1034024.98412384
 20
-613800.2276126613
 30
0.0
 11
1034024.984123247
 21
-620100.2276126612
 31
0.0
  0
LINE
  5
6BC
330
2
100
AcDbEntity
  8
DOTE
100
AcDbLine
 10
1025024.98412938
 20
-611200.2276150631
 30
0.0
 11
1026824.98412938
 21
-611200.2276159111
 31
0.0
  0
LINE
  5
6BD
330
2
100
AcDbEntity
  8
DOTE
100
AcDbLine
 10
1025024.984125264
 20
-609900.2276150666
 30
0.0
 11
1033124.984123898
 21
-609900.227618881
 31
0.0
  0
LINE
  5
6BE
330
2
100
AcDbEntity
  8
DOTE
100
AcDbLine
 10
1030424.984128285
 20
-610500.2276176097
 30
0.0
 11
1033124.984123891
 21
-610500.2276188812
 31
0.0
  0
LINE
  5
6BF
330
2
100
AcDbEntity
  8
0
100
AcDbLine
 10
1031824.984122696
 20
-610600.2276103315
 30
0.0
 11
1033024.984122153
 21
-610600.2276100963
 31
0.0
  0
TEXT
  5
6C0
330
2
100
AcDbEntity
  8
文字标注
100
AcDbText
 10
1015168.193106614
 20
-614260.3671978754
 30
0.0
 40
450.0
  1
水井
 41
0.8
  7
-黑体
 72
     1
 11
1015685.945915603
 21
-614260.3671978754
 31
0.0
100
AcDbText
  0
TEXT
  5
6C1
330
2
100
AcDbEntity
  8
文字标注
100
AcDbText
 10
1023699.42420658
 20
-614323.2694508704
 30
0.0
 40
450.0
  1
电井
 41
0.8
  7
-黑体
 72
     1
 11
1024217.177015569
 21
-614323.2694508704
 31
0.0
100
AcDbText
  0
TEXT
  5
6C2
330
2
100
AcDbEntity
  8
文字标注
100
AcDbText
 10
1025534.902434325
 20
-624930.835734498
 30
0.0
 40
450.0000000000001
  1
阳台
 41
0.8
  7
-黑体
 72
     1
 11
1026052.655243314
 21
-624930.835734498
 31
0.0
100
AcDbText
  0
TEXT
  5
6C3
330
2
100
AcDbEntity
  8
文字标注
100
AcDbText
 10
1028500.298132619
 20
-618829.9565829488
 30
0.0
 40
450.0000000000001
  1
阳台
 41
0.8
  7
-黑体
 72
     1
 11
1029018.050941608
 21
-618829.9565829488
 31
0.0
100
AcDbText
  0
TEXT
  5
6C4
330
2
100
AcDbEntity
  8
文字标注
100
AcDbText
 10
1025457.298132619
 20
-610574.9565829488
 30
0.0
 40
450.0000000000001
  1
阳台
 41
0.8
  7
-黑体
 72
     1
 11
1025975.050941608
 21
-610574.9565829488
 31
0.0
100
AcDbText
  0
INSERT
  5
6C5
330
2
100
AcDbEntity
  8
Elec(电器)
100
AcDbBlockReference
  2
*U27
 10
1024124.984123453
 20
-623750.2276152959
 30
0.0
 41
-1.0
  0
INSERT
  5
6D3
330
2
100
AcDbEntity
  8
Elec(电器)
100
AcDbBlockReference
  2
空调室外机1
 10
1023940.194410877
 20
-624353.098396719
 30
0.0
 41
-1.0
  0
INSERT
  5
6DC
330
2
100
AcDbEntity
  8
Elec(电器)
100
AcDbBlockReference
  2
*U27
 10
1030474.984122173
 20
-610600.227610481
 30
0.0
 41
-1.0
 50
90.0
  0
INSERT
  5
6DD
330
2
100
AcDbEntity
  8
Elec(电器)
100
AcDbBlockReference
  2
空调室外机1
 10
1031550.194409578
 20
-609931.0983921189
 30
0.0
 41
-1.0
  0
LWPOLYLINE
  5
6DE
330
2
100
AcDbEntity
  8
WINDOW
100
AcDbPolyline
 90
        3
 70
     0
 43
0.0
 10
1032024.98412407
 20
-620000.2276145183
 10
1033927.872286094
 20
-620000.2276147096
 10
1033927.872286079
 20
-619399.0984635025
  0
LWPOLYLINE
  5
6DF
330
2
100
AcDbEntity
  8
WINDOW
100
AcDbPolyline
 90
        3
 70
     0
 43
0.0
 10
1032024.984124056
 20
-620133.5609478513
 10
1034061.205619424
 20
-620133.5609480378
 10
1034061.205619412
 20
-619399.0984634989
  0
LWPOLYLINE
  5
6E0
330
2
100
AcDbEntity
  8
WINDOW
100
AcDbPolyline
 90
        3
 70
     0
 43
0.0
 10
1032024.984124063
 20
-620066.8942811848
 10
1033994.538952759
 20
-620066.8942813736
 10
1033994.538952745
 20
-619399.098463501
  0
LWPOLYLINE
  5
6E1
330
2
100
AcDbEntity
  8
WINDOW
100
AcDbPolyline
 90
        3
 70
     0
 43
0.0
 10
1032024.98412405
 20
-620200.2276145183
 10
1034127.872286089
 20
-620200.2276147021
 10
1034127.872286079
 20
-619399.0984634972
  0
LINE
  5
6E2
330
2
100
AcDbEntity
  8
WINDOW
100
AcDbLine
 10
1030524.984123351
 20
-620200.227610066
 30
0.0
 11
1031824.984124037
 21
-620200.2276100442
 31
0.0
  0
INSERT
  5
6E3
330
2
100
AcDbEntity
  8
Elec(电器)
100
AcDbBlockReference
  2
空调室外机1
 10
1031595.194411158
 20
-619753.0983910095
 30
0.0
 41
-1.0
  0
LINE
  5
6E4
330
2
100
AcDbEntity
  8
WINDOW
100
AcDbLine
 10
1032024.984124094
 20
-619400.2276116093
 30
0.0
 11
1033927.872286083
 21
-619400.2276112363
 31
0.0
  0
INSERT
  5
6E5
330
2
100
AcDbEntity
  8
0
100
AcDbBlockReference
 66
     1
  2
A$C367E6596
 10
1031024.984208167
 20
-611600.2275984939
 30
0.0
 41
-1.0
 50
270.0
  0
ATTRIB
  5
7D1
330
6E5
100
AcDbEntity
  8
家具示意
100
AcDbText
 10
1033024.984122153
 20
-611600.3228481915
 30
0.0
 40
0.5
  1
900
 50
270.0
 41
0.8
  7
DIM_FONT
 71
     2
100
AcDbAttribute
280
     0
  2
XSIZE
 70
     9
280
     0
  0
ATTRIB
  5
7D2
330
6E5
100
AcDbEntity
  8
家具示意
100
AcDbText
 10
1033024.984122153
 20
-611600.370467239
 30
0.0
 40
0.5
  1
2000
 50
270.0
 41
0.8
  7
DIM_FONT
 71
     2
100
AcDbAttribute
280
     0
  2
YSIZE
 70
     9
280
     0
  0
SEQEND
  5
7D3
330
6E5
100
AcDbEntity
  8
0
  0
LINE
  5
7D4
330
2
100
AcDbEntity
  8
Furniture(家具)
100
AcDbLine
 10
1032424.984122153
 20
-613250.22761001
 30
0.0
 11
1032424.984122154
 21
-611600.2276100958
 31
0.0
  0
LINE
  5
7D5
330
2
100
AcDbEntity
  8
Furniture(家具)
100
AcDbLine
 10
1033024.984122154
 20
-611108.0173700366
 30
0.0
 11
1033024.984122154
 21
-612608.0173700366
 31
0.0
  0
LWPOLYLINE
  5
7D6
330
2
100
AcDbEntity
  8
Furniture(家具)
100
AcDbPolyline
 90
        3
 70
     0
 43
0.0
 38
267.6714933001055
 10
1032791.738284834
 20
-612342.0282429837
 42
-0.3693317197725165
 10
1032702.954876813
 20
-612396.9347971318
 42
0.6059148998649512
 10
1032651.790308735
 20
-612466.3758976359
 42
0.6059148998649512
  0
LWPOLYLINE
  5
7D7
330
2
100
AcDbEntity
  8
Furniture(家具)
100
AcDbPolyline
 90
        3
 70
     0
 43
0.0
 38
267.6714933001055
 10
1032786.480013538
 20
-612342.0025214141
 42
-0.3633953415020866
 10
1032703.720459417
 20
-612391.993756424
 42
0.6059148998642298
 10
1032647.297931477
 20
-612468.5710164413
  0
LINE
  5
7D8
330
2
100
AcDbEntity
  8
Furniture(家具)
100
AcDbLine
 10
1032680.049821294
 20
-611771.2419338089
 30
267.6714933001055
 11
1032701.241542174
 21
-611771.3455960758
 31
267.6714933001055
  0
ELLIPSE
  5
7D9
330
2
100
AcDbEntity
  8
Furniture(家具)
100
AcDbEllipse
 10
1032649.899909301
 20
-611771.0944512978
 30
267.6714933001055
 11
-51.341632872791
 21
0.2511447834262674
 31
0.0
210
0.0
220
0.0
230
-1.0
 40
0.5206128400556133
 41
1.618785888414461
 42
4.664399418640112
  0
LWPOLYLINE
  5
7DA
330
2
100
AcDbEntity
  8
Furniture(家具)
100
AcDbPolyline
 90
        8
 70
     1
 43
0.0
 38
267.6714933001055
 10
1032710.71579524
 20
-611829.3098233102
 10
1032736.378896402
 20
-611729.3402525334
 42
0.4142135623730951
 10
1032730.979292291
 20
-611720.2109439366
 10
1032588.790394382
 20
-611683.7097561981
 42
0.4142135623730951
 10
1032579.661085785
 20
-611689.1093603091
 10
1032553.997984624
 20
-611789.078931086
 42
0.4142135623733262
 10
1032559.397588734
 20
-611798.2082396828
 10
1032701.586486644
 20
-611834.7094274213
 42
0.4142135623730299
  0
ARC
  5
7DB
330
2
100
AcDbEntity
  8
Furniture(家具)
100
AcDbCircle
 10
1032589.960062137
 20
-611770.8012471529
 30
267.6714933001055
 40
90.0908369910272
100
AcDbArc
 50
345.1573128415159
 51
14.28215099936736
  0
ARC
  5
7DC
330
2
100
AcDbEntity
  8
Furniture(家具)
100
AcDbCircle
 10
1032654.519335744
 20
-611771.117047868
 30
267.6714933001055
 40
26.7856135829776
100
AcDbArc
 50
94.33766807138558
 51
265.1017957418939
  0
LINE
  5
7DD
330
2
100
AcDbEntity
  8
Furniture(家具)
100
AcDbLine
 10
1032926.150757055
 20
-612148.5855758798
 30
267.6714933001055
 11
1032926.482020841
 21
-612080.8651801625
 31
267.6714933001055
  0
LINE
  5
7DE
330
2
100
AcDbEntity
  8
Furniture(家具)
100
AcDbLine
 10
1032869.768970999
 20
-612222.4685644311
 30
267.6714933001055
 11
1032870.810143646
 21
-612009.6212005222
 31
267.6714933001055
  0
LINE
  5
7DF
330
2
100
AcDbEntity
  8
Furniture(家具)
100
AcDbLine
 10
1032762.854121386
 20
-612221.9455754922
 30
267.6714933001055
 11
1032763.910883977
 21
-612005.9111527687
 31
267.6714933001055
  0
LINE
  5
7E0
330
2
100
AcDbEntity
  8
Furniture(家具)
100
AcDbLine
 10
1032748.280694195
 20
-612221.8742875348
 30
267.6714933001055
 11
1032749.337456786
 21
-612005.8398648115
 31
267.6714933001055
  0
LWPOLYLINE
  5
7E1
330
2
100
AcDbEntity
  8
Furniture(家具)
100
AcDbPolyline
 90
        4
 70
     1
 43
0.0
 38
267.6714933001055
 10
1032772.87947034
 20
-611911.6047914157
 10
1032829.426392952
 20
-611911.8813985958
 10
1032827.446597733
 20
-612316.6117710706
 10
1032770.899675121
 20
-612316.3351638908
  0
LINE
  5
7E2
330
2
100
AcDbEntity
  8
Furniture(家具)
100
AcDbLine
 10
1032837.597184862
 20
-612342.2525682066
 30
267.6714933001055
 11
1032839.827339411
 21
-611886.3411321605
 31
267.6714933001055
  0
LINE
  5
7E3
330
2
100
AcDbEntity
  8
Furniture(家具)
100
AcDbLine
 10
1032777.518309726
 20
-612316.3675398675
 30
267.6714933001055
 11
1032779.498104945
 21
-611911.6371673925
 31
267.6714933001055
  0
ARC
  5
7E4
330
2
100
AcDbEntity
  8
Furniture(家具)
100
AcDbCircle
 10
1032696.803445121
 20
-611818.9313294648
 30
267.6714933001055
 40
48.20883602684663
100
AcDbArc
 50
347.9379589051105
 51
80.65589641150099
  0
LINE
  5
7E5
330
2
100
AcDbEntity
  8
Furniture(家具)
100
AcDbLine
 10
1032701.234756048
 20
-611770.8376229478
 30
267.6714933001055
 11
1032704.633280654
 21
-611770.8542473064
 31
267.6714933001055
  0
LINE
  5
7E6
330
2
100
AcDbEntity
  8
Furniture(家具)
100
AcDbLine
 10
1032701.229786849
 20
-611771.8534785051
 30
267.6714933001055
 11
1032704.628311454
 21
-611771.8701028632
 31
267.6714933001055
  0
LINE
  5
7E7
330
2
100
AcDbEntity
  8
Furniture(家具)
100
AcDbLine
 10
1032704.628311454
 20
-611771.8701028632
 30
267.6714933001055
 11
1032704.633280654
 21
-611770.8542473064
 31
267.6714933001055
  0
LWPOLYLINE
  5
7E8
330
2
100
AcDbEntity
  8
Furniture(家具)
100
AcDbPolyline
 90
        4
 70
     1
 43
0.0
 38
267.6714933001055
 10
1032765.98073917
 20
-612087.877396345
 10
1032766.063043328
 20
-612071.0519227873
 10
1032768.56471798
 20
-612071.0641600791
 10
1032768.482413823
 20
-612087.8896336362
  0
LWPOLYLINE
  5
7E9
330
2
100
AcDbEntity
  8
Furniture(家具)
100
AcDbPolyline
 90
        4
 70
     1
 43
0.0
 38
267.6714933001055
 10
1032765.875841556
 20
-612109.3216600146
 10
1032765.958145713
 20
-612092.4961864575
 10
1032768.459820365
 20
-612092.5084237487
 10
1032768.377516208
 20
-612109.3338973059
  0
LWPOLYLINE
  5
7EA
330
2
100
AcDbEntity
  8
Furniture(家具)
100
AcDbPolyline
 90
        4
 70
     1
 43
0.0
 38
267.6714933001055
 10
1032765.770943941
 20
-612130.7659236848
 10
1032765.853248098
 20
-612113.9404501271
 10
1032768.35492275
 20
-612113.9526874183
 10
1032768.272618593
 20
-612130.778160976
  0
LINE
  5
7EB
330
2
100
AcDbEntity
  8
Furniture(家具)
100
AcDbLine
 10
1032870.82573359
 20
-612006.4341417074
 30
267.6714933001055
 11
1032889.322168567
 21
-612006.5246196062
 31
267.6714933001055
  0
ARC
  5
7EC
330
2
100
AcDbEntity
  8
Furniture(家具)
100
AcDbCircle
 10
1032774.287201512
 20
-611881.8741601247
 30
267.6714933001055
 40
28.6105267033655
100
AcDbArc
 50
351.3869109702188
 51
152.9450146589609
  0
ARC
  5
7ED
330
2
100
AcDbEntity
  8
Furniture(家具)
100
AcDbCircle
 10
1032756.212441907
 20
-611872.6427502378
 30
267.6714933001055
 40
8.314816238171625
100
AcDbArc
 50
152.9450146589609
 51
339.3640191046443
  0
ARC
  5
7EE
330
2
100
AcDbEntity
  8
Furniture(家具)
100
AcDbCircle
 10
1032750.062189584
 20
-611870.3266133906
 30
267.6714933001055
 40
14.88673327433478
100
AcDbArc
 50
339.3640191046443
 51
61.96323450640611
  0
ARC
  5
7EF
330
2
100
AcDbEntity
  8
Furniture(家具)
100
AcDbCircle
 10
1032769.194086399
 20
-611834.4003818251
 30
267.6714933001055
 40
25.81613628312452
100
AcDbArc
 50
167.9379588760339
 51
241.9632345064061
  0
LINE
  5
7F0
330
2
100
AcDbEntity
  8
Furniture(家具)
100
AcDbLine
 10
1032749.337456786
 20
-612005.8398648115
 30
267.6714933001055
 11
1032763.910883977
 21
-612005.9111527687
 31
267.6714933001055
  0
LWPOLYLINE
  5
7F1
330
2
100
AcDbEntity
  8
Furniture(家具)
100
AcDbPolyline
 90
        4
 70
     0
 43
0.0
 38
267.6714933001055
 10
1032763.910883977
 20
-612005.9111527687
 10
1032764.497579956
 20
-611885.9726461078
 10
1032871.412429568
 20
-611886.4956350464
 10
1032870.82573359
 20
-612006.4341417074
  0
ARC
  5
7F2
330
2
100
AcDbEntity
  8
Furniture(家具)
100
AcDbCircle
 10
1032957.259793726
 20
-612019.0229739461
 30
267.6714933001055
 40
69.07770822398394
100
AcDbArc
 50
169.5759605646163
 51
243.5412817561495
  0
LINE
  5
7F3
330
2
100
AcDbEntity
  8
Furniture(家具)
100
AcDbLine
 10
1032869.768970999
 20
-612222.4685644311
 30
267.6714933001055
 11
1032888.265405976
 21
-612222.5590423292
 31
267.6714933001055
  0
ARC
  5
7F4
330
2
100
AcDbEntity
  8
Furniture(家具)
100
AcDbCircle
 10
1032956.322051941
 20
-612210.7259229854
 30
267.6714933001055
 40
69.07770822393293
100
AcDbArc
 50
115.8981820959381
 51
189.8635032585756
  0
LWPOLYLINE
  5
7F5
330
2
100
AcDbEntity
  8
Furniture(家具)
100
AcDbPolyline
 90
        4
 70
     1
 43
0.0
 38
267.6714933001055
 10
1032765.666046327
 20
-612152.2101873544
 10
1032765.748350484
 20
-612135.3847137967
 10
1032768.250025136
 20
-612135.3969510884
 10
1032768.167720979
 20
-612152.2224246457
  0
LINE
  5
7F6
330
2
100
AcDbEntity
  8
Furniture(家具)
100
AcDbLine
 10
1032748.280694195
 20
-612221.8742875348
 30
267.6714933001055
 11
1032762.854121386
 21
-612221.9455754922
 31
267.6714933001055
  0
LWPOLYLINE
  5
7F7
330
2
100
AcDbEntity
  8
Furniture(家具)
100
AcDbPolyline
 90
        4
 70
     0
 43
0.0
 38
267.6714933001055
 10
1032869.768970999
 20
-612222.4685644311
 10
1032869.18227502
 20
-612342.4070710919
 10
1032762.267425407
 20
-612341.8840821532
 10
1032762.854121386
 20
-612221.9455754922
  0
LINE
  5
7F8
330
2
100
AcDbEntity
  8
Furniture(家具)
100
AcDbLine
 10
1032588.284021931
 20
-611953.3936538258
 30
803.0144799003164
 11
1032248.246214474
 21
-611927.7105117671
 31
803.0144799003164
  0
LINE
  5
7F9
330
2
100
AcDbEntity
  8
Furniture(家具)
100
AcDbLine
 10
1032589.7903365
 20
-611933.4504590861
 30
803.0144799003164
 11
1032249.752529043
 21
-611907.7673170275
 31
803.0144799003164
  0
ARC
  5
7FA
330
2
100
AcDbEntity
  8
Furniture(家具)
100
AcDbCircle
 10
1032586.149036811
 20
-611958.9922079805
 30
803.0144799003164
 40
5.799999999999998
100
AcDbArc
 50
349.0240282298397
 51
81.8864334373603
  0
ARC
  5
7FB
330
2
100
AcDbEntity
  8
Furniture(家具)
100
AcDbCircle
 10
1032586.149036811
 20
-611958.9922079805
 30
803.0144799003164
 40
25.8
100
AcDbArc
 50
349.0240282298397
 51
81.8864334373603
  0
ARC
  5
7FC
330
2
100
AcDbEntity
  8
Furniture(家具)
100
AcDbCircle
 10
1032514.606191906
 20
-612327.8740960972
 30
803.0144799003164
 40
5.799999999999998
100
AcDbArc
 50
256.1616229896527
 51
349.0240282298397
  0
ARC
  5
7FD
330
2
100
AcDbEntity
  8
Furniture(家具)
100
AcDbCircle
 10
1032514.606191906
 20
-612327.8740960972
 30
803.0144799003164
 40
25.8
100
AcDbArc
 50
256.1616229896527
 51
349.0240282298397
  0
LINE
  5
7FE
330
2
100
AcDbEntity
  8
Furniture(家具)
100
AcDbLine
 10
1032520.300093185
 20
-612328.9784005081
 30
803.0144799003164
 11
1032591.842938089
 21
-611960.096512391
 31
803.0144799003164
  0
LINE
  5
7FF
330
2
100
AcDbEntity
  8
Furniture(家具)
100
AcDbLine
 10
1032539.934235524
 20
-612332.7863467515
 30
803.0144799003164
 11
1032611.477080428
 21
-611963.9044586348
 31
803.0144799003164
  0
LINE
  5
800
330
2
100
AcDbEntity
  8
Furniture(家具)
100
AcDbLine
 10
1032216.53552911
 20
-611951.9133845109
 30
803.0144799003164
 11
1032169.144235604
 21
-612196.2675173718
 31
803.0144799003164
  0
ARC
  5
801
330
2
100
AcDbEntity
  8
Furniture(家具)
100
AcDbCircle
 10
1032198.595449115
 20
-612201.9794367438
 30
803.0144799003164
 40
30.0
100
AcDbArc
 50
169.0240282298397
 51
252.3674199467744
  0
ARC
  5
802
330
2
100
AcDbEntity
  8
Furniture(家具)
100
AcDbCircle
 10
1032245.986742619
 20
-611957.6253038764
 30
803.0144799003164
 40
30.0
100
AcDbArc
 50
85.68063648543335
 51
169.0240282298397
  0
LINE
  5
803
330
2
100
AcDbEntity
  8
Furniture(家具)
100
AcDbLine
 10
1032196.901386771
 20
-611948.1054382671
 30
803.0144799003164
 11
1032149.510093265
 21
-612192.4595711282
 31
803.0144799003164
  0
LINE
  5
804
330
2
100
AcDbEntity
  8
Furniture(家具)
100
AcDbLine
 10
1032176.635121318
 20
-611947.5567804681
 30
803.0144799003164
 11
1032130.508074039
 21
-612185.3923364401
 31
803.0144799003164
  0
ARC
  5
805
330
2
100
AcDbEntity
  8
Furniture(家具)
100
AcDbCircle
 10
1032116.865411549
 20
-612222.1554826878
 30
803.0144799003164
 40
20.0
100
AcDbArc
 50
192.7737458301852
 51
285.662613651984
  0
ARC
  5
806
330
2
100
AcDbEntity
  8
Furniture(家具)
100
AcDbCircle
 10
1032198.595449115
 20
-612201.9794367438
 30
803.0144799003164
 40
50.0
100
AcDbArc
 50
169.0240282298397
 51
252.3674199467744
  0
ARC
  5
807
330
2
100
AcDbEntity
  8
Furniture(家具)
100
AcDbCircle
 10
1032116.865411549
 20
-612222.1554826878
 30
803.0144799003164
 40
20.0
100
AcDbArc
 50
285.662613651984
 51
12.77374583018521
  0
LINE
  5
808
330
2
100
AcDbEntity
  8
Furniture(家具)
100
AcDbLine
 10
1032122.264855899
 20
-612241.4128449348
 30
803.0144799003164
 11
1032122.264855899
 21
-612241.4128449348
 31
803.0144799003164
  0
ARC
  5
809
330
2
100
AcDbEntity
  8
Furniture(家具)
100
AcDbCircle
 10
1032177.299501058
 20
-611908.9983858161
 30
803.0144799003164
 40
20.0
100
AcDbArc
 50
327.4741484496751
 51
54.58528060969924
  0
ARC
  5
80A
330
2
100
AcDbEntity
  8
Furniture(家具)
100
AcDbCircle
 10
1032177.299501058
 20
-611908.9983858161
 30
803.0144799003164
 40
20.0
100
AcDbArc
 50
54.58528060969924
 51
147.4741484496751
  0
LINE
  5
80B
330
2
100
AcDbEntity
  8
Furniture(家具)
100
AcDbLine
 10
1032188.889312276
 20
-611892.6988068055
 30
803.0144799003164
 11
1032188.889312276
 21
-611892.6988068055
 31
803.0144799003164
  0
ARC
  5
80C
330
2
100
AcDbEntity
  8
Furniture(家具)
100
AcDbCircle
 10
1032503.715356176
 20
-612134.4173667861
 30
803.0144799003164
 40
416.6747491164525
100
AcDbArc
 50
145.47239706179
 51
192.7783534226695
  0
ARC
  5
80D
330
2
100
AcDbEntity
  8
Furniture(家具)
100
AcDbCircle
 10
1032245.986742619
 20
-611957.6253038764
 30
803.0144799003164
 40
50.0
100
AcDbArc
 50
85.68063648543335
 51
169.0240282298397
  0
ARC
  5
80E
330
2
100
AcDbEntity
  8
Furniture(家具)
100
AcDbCircle
 10
1032503.878174303
 20
-612134.4148121981
 30
803.0144799003164
 40
376.8341010958762
100
AcDbArc
 50
145.2743106003832
 51
192.7737458301852
  0
LINE
  5
80F
330
2
100
AcDbEntity
  8
Furniture(家具)
100
AcDbLine
 10
1032189.5080935
 20
-612230.5699940593
 30
803.0144799003164
 11
1032514.493485011
 21
-612333.864861261
 31
803.0144799003164
  0
LINE
  5
810
330
2
100
AcDbEntity
  8
Furniture(家具)
100
AcDbLine
 10
1032183.449856425
 20
-612249.6303656068
 30
803.0144799003164
 11
1032508.435247936
 21
-612352.9252328086
 31
803.0144799003164
  0
LINE
  5
811
330
2
100
AcDbEntity
  8
Furniture(家具)
100
AcDbLine
 10
1032424.984122154
 20
-611600.2276100958
 30
0.0
 11
1033024.984122355
 21
-611600.2276100961
 31
0.0
  0
INSERT
  5
812
330
2
100
AcDbEntity
  8
Elec(电器)
100
AcDbBlockReference
  2
*U27
 10
1030474.984128872
 20
-610000.2276176294
 30
0.0
 50
270.0
  0
INSERT
  5
813
330
2
100
AcDbEntity
  8
Elec(电器)
100
AcDbBlockReference
  2
*U27
 10
1024174.984124074
 20
-623200.227614484
 30
0.0
 41
-1.0
 50
90.0
  0
INSERT
  5
814
330
2
100
AcDbEntity
  8
Elec(电器)
100
AcDbBlockReference
  2
*U27
 10
1031324.984123586
 20
-619150.2276095296
 30
0.0
 41
-1.0
  0
INSERT
  5
815
330
2
100
AcDbEntity
  8
Elec(电器)
100
AcDbBlockReference
  2
*U27
 10
1030474.984124552
 20
-616900.2276146594
 30
0.0
 50
270.0
  0
INSERT
  5
816
102
{ACAD_XDICTIONARY
360
817
102
}
330
2
100
AcDbEntity
  8
BATH
100
AcDbBlockReference
  2
*U28
 10
1022224.984122762
 20
-620600.227614196
 30
0.0
 50
0.0000000133402132
  0
INSERT
  5
84F
102
{ACAD_XDICTIONARY
360
850
102
}
330
2
100
AcDbEntity
  8
BATH
100
AcDbBlockReference
  2
*U29
 10
1032624.9841236
 20
-613250.2276125676
 30
0.0
 50
0.0000000133402132
  0
LINE
  5
882
330
2
100
AcDbEntity
  8
WINDOW
100
AcDbLine
 10
1023775.002513855
 20
-614400.2276129263
 30
0.0
 11
1024575.002513855
 21
-614400.2276127569
 31
0.0
  0
LINE
  5
883
330
2
100
AcDbEntity
  8
WINDOW
100
AcDbLine
 10
1023775.002513897
 20
-614600.2276129264
 30
0.0
 11
1024575.002513897
 21
-614600.2276127571
 31
0.0
  0
LINE
  5
884
330
2
100
AcDbEntity
  8
WINDOW
100
AcDbLine
 10
1015274.965741021
 20
-614400.2276127958
 30
0.0
 11
1016074.965741021
 21
-614400.2276126263
 31
0.0
  0
LINE
  5
885
330
2
100
AcDbEntity
  8
WINDOW
100
AcDbLine
 10
1015274.965741064
 20
-614600.2276127958
 30
0.0
 11
1016074.965741064
 21
-614600.2276126266
 31
0.0
  0
LINE
  5
886
330
2
100
AcDbEntity
  8
WINDOW
100
AcDbLine
 10
1016624.947356394
 20
-613700.2276135725
 30
0.0
 11
1018425.002510704
 21
-613700.2276135723
 31
0.0
  0
LINE
  5
887
330
2
100
AcDbEntity
  8
BATH
100
AcDbLine
 10
1022825.018460561
 20
-619925.2276279953
 30
0.0
 11
1022805.018462657
 21
-619925.2184713569
 31
0.0
  0
LINE
  5
888
330
2
100
AcDbEntity
  8
BATH
100
AcDbLine
 10
1022824.990990646
 20
-619985.2276217067
 30
0.0
 11
1022799.990993267
 21
-619985.2161759093
 31
0.0
  0
LINE
  5
889
330
2
100
AcDbEntity
  8
BATH
100
AcDbLine
 10
1022805.018462657
 20
-619925.2184713569
 30
0.0
 11
1022804.990992743
 21
-619985.2184650686
 31
0.0
  0
LINE
  5
88A
330
2
100
AcDbEntity
  8
BATH
100
AcDbLine
 10
1022755.013708011
 20
-619935.5921599618
 30
0.0
 11
1022754.995576302
 21
-619975.1955745211
 31
0.0
  0
LINE
  5
88B
330
2
100
AcDbEntity
  8
BATH
100
AcDbLine
 10
1022744.99557735
 20
-619975.1909962022
 30
0.0
 11
1022799.997860745
 21
-619970.2161774812
 31
0.0
  0
LINE
  5
88C
330
2
100
AcDbEntity
  8
BATH
100
AcDbLine
 10
1022745.013709059
 20
-619935.5875816428
 30
0.0
 11
1022800.011595702
 21
-619940.2161806254
 31
0.0
  0
LINE
  5
88D
330
2
100
AcDbEntity
  8
BATH
100
AcDbLine
 10
1022745.013709059
 20
-619935.5875816428
 30
0.0
 11
1022744.99557735
 21
-619975.1909962022
 31
0.0
  0
LINE
  5
88E
330
2
100
AcDbEntity
  8
BATH
100
AcDbLine
 10
1022799.997860745
 20
-619970.2161774812
 30
0.0
 11
1022800.011595702
 21
-619940.2161806254
 31
0.0
  0
LINE
  5
88F
330
2
100
AcDbEntity
  8
BATH
100
AcDbLine
 10
1022800.011595702
 20
-619940.2161806254
 30
0.0
 11
1022799.997860745
 21
-619970.2161774812
 31
0.0
  0
LINE
  5
890
330
2
100
AcDbEntity
  8
BATH
100
AcDbLine
 10
1022824.957766045
 20
-620057.7970458887
 30
0.0
 11
1022782.70006139
 21
-620057.7776989611
 31
0.0
  0
LINE
  5
891
330
2
100
AcDbEntity
  8
BATH
100
AcDbLine
 10
1022824.964633524
 20
-620042.7970474606
 30
0.0
 11
1022782.706928869
 21
-620042.7777005332
 31
0.0
  0
CIRCLE
  5
892
330
2
100
AcDbEntity
  8
BATH
100
AcDbCircle
 10
1022782.70349513
 20
-620050.2776997471
 30
0.0
 40
7.5
  0
LINE
  5
893
330
2
100
AcDbEntity
  8
BATH
100
AcDbLine
 10
1022824.931472498
 20
-620115.2276080821
 30
0.0
 11
1022799.931475119
 21
-620115.2161622844
 31
0.0
  0
LINE
  5
894
330
2
100
AcDbEntity
  8
BATH
100
AcDbLine
 10
1022804.931474595
 20
-620115.2184514441
 30
0.0
 11
1022804.90400468
 21
-620175.2184451557
 31
0.0
  0
LINE
  5
895
330
2
100
AcDbEntity
  8
BATH
100
AcDbLine
 10
1022825.018460561
 20
-619925.2276279953
 30
0.0
 11
1022824.904002584
 21
-620175.2276017939
 31
0.0
  0
ARC
  5
896
330
2
100
AcDbEntity
  8
BATH
100
AcDbCircle
 10
1022933.294553552
 20
-620050.2772133514
 30
0.0
 40
148.3333333333289
100
AcDbArc
 50
153.9845345754153
 51
205.9630017659969
  0
LINE
  5
897
330
2
100
AcDbEntity
  8
BATH
100
AcDbLine
 10
1022735.013710107
 20
-619935.5830033235
 30
0.0
 11
1022734.995578398
 21
-619975.1864178828
 31
0.0
  0
LINE
  5
898
330
2
100
AcDbEntity
  8
BATH
100
AcDbLine
 10
1022657.43829206
 20
-620067.4491271572
 30
0.0
 11
1022657.43829206
 21
-620067.4491271572
 31
0.0
  0
CIRCLE
  5
899
330
2
100
AcDbEntity
  8
BATH
100
AcDbCircle
 10
1022646.705823028
 20
-620089.2712720715
 30
0.0
 40
25.0
  0
LINE
  5
89A
330
2
100
AcDbEntity
  8
BATH
100
AcDbLine
 10
1022734.995578398
 20
-619975.1864178828
 30
0.0
 11
1022744.99557735
 21
-619975.1909962022
 31
0.0
  0
LINE
  5
89B
330
2
100
AcDbEntity
  8
BATH
100
AcDbLine
 10
1022735.013710107
 20
-619935.5830033235
 30
0.0
 11
1022745.013709059
 21
-619935.5875816428
 31
0.0
  0
LINE
  5
89C
330
2
100
AcDbEntity
  8
BATH
100
AcDbLine
 10
1022652.222164822
 20
-620113.6550776239
 30
0.0
 11
1022782.70006139
 21
-620057.7776989611
 31
0.0
  0
LINE
  5
89D
330
2
100
AcDbEntity
  8
BATH
100
AcDbLine
 10
1022640.409292162
 20
-620065.0771881037
 30
0.0
 11
1022780.926609047
 21
-620042.9912276344
 31
0.0
  0
LINE
  5
89E
330
2
100
AcDbEntity
  8
BATH
100
AcDbLine
 10
1021224.984123338
 20
-620500.2276148952
 30
0.0
 11
1021224.984123338
 21
-619600.2435757153
 31
0.0
  0
LINE
  5
89F
330
2
100
AcDbEntity
  8
BATH
100
AcDbLine
 10
1022824.904002584
 20
-620175.2276017939
 30
0.0
 11
1022804.90400468
 21
-620175.2184451557
 31
0.0
  0
LINE
  5
8A0
330
2
100
AcDbEntity
  8
BATH
100
AcDbLine
 10
1022799.92460764
 20
-620130.2161607124
 30
0.0
 11
1022799.910872682
 21
-620160.2161575682
 31
0.0
  0
LINE
  5
8A1
330
2
100
AcDbEntity
  8
BATH
100
AcDbLine
 10
1022799.910872682
 20
-620160.2161575682
 30
0.0
 11
1022799.92460764
 21
-620130.2161607124
 31
0.0
  0
LINE
  5
8A2
330
2
100
AcDbEntity
  8
BATH
100
AcDbLine
 10
1022744.926720996
 20
-620125.5875617296
 30
0.0
 11
1022744.908589287
 21
-620165.1909762891
 31
0.0
  0
LINE
  5
8A3
330
2
100
AcDbEntity
  8
BATH
100
AcDbLine
 10
1022744.926720996
 20
-620125.5875617296
 30
0.0
 11
1022799.92460764
 21
-620130.2161607124
 31
0.0
  0
LINE
  5
8A4
330
2
100
AcDbEntity
  8
BATH
100
AcDbLine
 10
1022744.908589287
 20
-620165.1909762891
 30
0.0
 11
1022799.910872682
 21
-620160.2161575682
 31
0.0
  0
LINE
  5
8A5
330
2
100
AcDbEntity
  8
BATH
100
AcDbLine
 10
1022754.926719948
 20
-620125.5921400488
 30
0.0
 11
1022754.908588239
 21
-620165.1955546083
 31
0.0
  0
LINE
  5
8A6
330
2
100
AcDbEntity
  8
BATH
100
AcDbLine
 10
1022734.926722044
 20
-620125.5829834105
 30
0.0
 11
1022734.908590335
 21
-620165.18639797
 31
0.0
  0
LINE
  5
8A7
330
2
100
AcDbEntity
  8
BATH
100
AcDbLine
 10
1022734.926722044
 20
-620125.5829834105
 30
0.0
 11
1022744.926720996
 21
-620125.5875617296
 31
0.0
  0
LINE
  5
8A8
330
2
100
AcDbEntity
  8
BATH
100
AcDbLine
 10
1022734.908590335
 20
-620165.18639797
 30
0.0
 11
1022744.908589287
 21
-620165.1909762891
 31
0.0
  0
LINE
  5
8A9
330
2
100
AcDbEntity
  8
BATH
100
AcDbLine
 10
1021224.984123338
 20
-619600.2435757153
 30
0.0
 11
1022824.984123183
 21
-619600.2435757397
 31
0.0
  0
LINE
  5
8AA
330
2
100
AcDbEntity
  8
BATH
100
AcDbLine
 10
1021224.984123337
 20
-619650.2435757152
 30
0.0
 11
1022824.984123182
 21
-619650.2435757397
 31
0.0
  0
INSERT
  5
8AB
330
2
100
AcDbEntity
  8
FUR
100
AcDbBlockReference
  2
13
 10
1038813.897785734
 20
-90846.40484085728
 30
0.0
 50
359.9999999866597
  0
INSERT
  5
8B6
330
2
100
AcDbEntity
  8
BATH
  6
ByBlock
100
AcDbBlockReference
  2
A$C77202156
 10
1033027.872263998
 20
-613900.2274896854
 30
0.0
 41
-1.0
 50
180.0000002668042
  0
INSERT
  5
8EF
330
2
100
AcDbEntity
  8
家具
100
AcDbBlockReference
 66
     1
  2
_E12QMA
 10
-1032354.193718653
 20
-613927.6006265597
 30
0.0
 41
-1.0
 43
-1.0
 50
359.9999997198555
210
0.0
220
0.0
230
-1.0
  0
ATTRIB
  5
8F0
330
8EF
100
AcDbEntity
  8
0
100
AcDbText
 10
1032354.193718651
 20
-613927.1006265599
 30
0.0
 40
0.5
  1
500
 50
0.0000002802546994
 41
0.7999999999883585
  7
DIM_FONT
 71
     4
100
AcDbAttribute
280
     0
  2
XSIZE
 70
     9
280
     0
  0
ATTRIB
  5
8F1
330
8EF
100
AcDbEntity
  8
0
100
AcDbText
 10
1032354.193718651
 20
-613927.1006265597
 30
0.0
 40
0.5
  1
0
 50
0.0000002802546994
 41
0.7999999999883585
  7
DIM_FONT
 71
     4
100
AcDbAttribute
280
     0
  2
YSIZE
 70
     9
280
     0
  0
SEQEND
  5
8F2
330
8EF
100
AcDbEntity
  8
家具
  0
INSERT
  5
8F3
330
2
100
AcDbEntity
  8
BATH
100
AcDbBlockReference
  2
TP6
 10
1033927.87227973
 20
-615159.0380688136
 30
0.0
 50
180.0000002801445
  0
LINE
  5
8F4
330
2
100
AcDbEntity
  8
铺地
100
AcDbLine
 10
1031724.984117957
 20
-614450.2275580468
 30
0.0
 11
1033027.872276137
 21
-614450.2275522325
 31
0.0
  0
LINE
  5
8F5
330
2
100
AcDbEntity
  8
阳台露台
100
AcDbLine
 10
1015624.984123878
 20
-625300.2276136584
 30
0.0
 11
1012125.484123861
 21
-625300.227618488
 31
0.0
  0
HATCH
  5
8F6
330
2
100
AcDbEntity
  8
铺地
100
AcDbHatch
 10
0.0
 20
0.0
 30
0.0
210
0.0
220
0.0
230
1.0
  2
LINE
 70
     0
 71
     0
 91
        1
 92
        7
 72
     0
 73
     1
 93
        8
 10
1012124.984124288
 20
-624200.2276123671
 10
1012524.984123465
 20
-624200.2276125129
 10
1014924.984123447
 20
-624200.2276119699
 10
1015624.984124215
 20
-624200.2276136365
 10
1015624.984124284
 20
-624801.0309269852
 10
1015624.984127069
 20
-625299.727615395
 10
1015624.484128807
 20
-625300.2276136589
 10
1012125.484123861
 20
-625300.227618488
 97
        0
 75
     0
 76
     1
 52
90.0
 41
600.0
 77
     0
 78
     1
 53
89.99999998884167
 43
1045965.285578845
 44
-37494.92958408036
 45
150.0
 46
-0.0000000292124717
 79
     0
 47
5.302929656541413
 98
        1
 10
1013768.098606714
 20
-624505.8016522517
1001
ACAD
1010
0.0
1020
0.0
1030
0.0
  0
HATCH
  5
8F7
330
2
100
AcDbEntity
  8
铺地
100
AcDbHatch
 10
0.0
 20
0.0
 30
0.0
210
0.0
220
0.0
230
1.0
  2
LINE
 70
     0
 71
     0
 91
        1
 92
        7
 72
     0
 73
     1
 93
        6
 10
1009524.984125858
 20
-617900.2276106393
 10
1009806.884235888
 20
-617900.2276106952
 10
1011306.884235871
 20
-617900.2276092926
 10
1012024.984126616
 20
-617900.2276111259
 10
1012024.984126989
 20
-619400.2276109492
 10
1009524.984125566
 20
-619400.2276099426
 97
        0
 75
     0
 76
     1
 52
90.0
 41
600.0
 77
     0
 78
     1
 53
89.99999998884167
 43
1045965.285578845
 44
-37494.92958408036
 45
150.0
 46
-0.0000000292124717
 79
     0
 47
4.444306661374077
 98
        1
 10
1010524.917355912
 20
-618770.6102275683
1001
ACAD
1010
0.0
1020
0.0
1030
0.0
  0
LINE
  5
8F8
330
2
100
AcDbEntity
  8
FUR
100
AcDbLine
 10
1018424.984127252
 20
-618793.0172362763
 30
0.0
 11
1018424.984127252
 21
-618793.0172362749
 31
0.0
  0
LINE
  5
8F9
330
2
100
AcDbEntity
  8
FUR
100
AcDbLine
 10
1018424.984127252
 20
-618793.0172362749
 30
0.0
 11
1018624.984127411
 21
-618793.0172363138
 31
0.0
  0
LINE
  5
8FA
330
2
100
AcDbEntity
  8
阳台露台
100
AcDbLine
 10
1009524.984125567
 20
-619400.2276099422
 30
0.0
 11
1012024.984126978
 21
-619400.2276109492
 31
0.0
  0
LINE
  5
8FB
330
2
100
AcDbEntity
  8
0
100
AcDbLine
 10
1009324.984125569
 20
-619400.227608185
 30
0.0
 11
1007422.095963965
 21
-619400.2276114689
 31
0.0
  0
LINE
  5
8FC
330
2
100
AcDbEntity
  8
阳台露台
100
AcDbLine
 10
1012125.484123861
 20
-625300.2276190101
 30
0.0
 11
1012124.984124287
 21
-624200.2276107879
 31
0.0
  0
LINE
  5
8FD
330
2
100
AcDbEntity
  8
阳台露台
100
AcDbLine
 10
1012024.984123818
 20
-625399.7276189798
 30
0.0
 11
1012024.984124287
 21
-624200.227610749
 31
0.0
  0
LINE
  5
8FE
330
2
100
AcDbEntity
  8
阳台露台
100
AcDbLine
 10
1012025.484123818
 20
-625400.22761898
 30
0.0
 11
1012024.984123818
 21
-625399.7276189798
 31
0.0
  0
LINE
  5
8FF
330
2
100
AcDbEntity
  8
阳台露台
100
AcDbLine
 10
1015724.484126186
 20
-625400.2276204257
 30
0.0
 11
1012025.484123818
 21
-625400.22761898
 31
0.0
  0
INSERT
  5
900
330
2
100
AcDbEntity
  8
BATH
100
AcDbBlockReference
 66
     1
  2
A$C5B6B14AB
 10
1014178.162944318
 20
-612919.8962356216
 30
0.0
 50
270.0
  0
ATTRIB
  5
901
330
900
100
AcDbEntity
  8
BATH
100
AcDbText
 10
1014628.254754136
 20
-613165.3454364681
 30
0.0
 40
0.5
  1
491
 50
180.0014239719981
 41
0.7999999999992726
 51
0.0000000008337331
  7
DIM_FONT
 71
     4
100
AcDbAttribute
280
     0
  2
YSIZE
 70
     9
280
     0
  0
ATTRIB
  5
902
330
900
100
AcDbEntity
  8
BATH
100
AcDbText
 10
1014628.331267454
 20
-613165.3454345664
 30
0.0
 40
0.5
  1
450
 50
180.0014239719981
 41
0.7999999999992726
 51
0.0000000008337331
  7
DIM_FONT
 71
     4
100
AcDbAttribute
280
     0
  2
XSIZE
 70
     9
280
     0
  0
SEQEND
  5
903
330
900
100
AcDbEntity
  8
BATH
  0
INSERT
  5
904
330
2
100
AcDbEntity
  8
BATH
100
AcDbBlockReference
  2
A$C52241BEE
 10
1014660.937982897
 20
-612418.5856032947
 30
0.0
 41
-1.0
 50
359.9999999733196
  0
LINE
  5
905
330
2
100
AcDbEntity
  8
BATH
100
AcDbLine
 10
1014124.99780077
 20
-611300.2276142631
 30
0.0
 11
1014124.997800001
 21
-613800.2276122326
 31
0.0
  0
INSERT
  5
906
330
2
100
AcDbEntity
  8
BATH
100
AcDbBlockReference
  2
餐桌2
 10
1010155.797878783
 20
-616448.4432412936
 30
0.0
 50
90.0
  0
INSERT
  5
907
330
2
100
AcDbEntity
  8
家具
100
AcDbBlockReference
 66
     1
  2
_E10NWL
 10
-1012574.984125658
 20
-617700.2276111871
 30
0.0
 41
1.272727273404598
 42
1.272727273404598
 43
-1.27272727272727
 50
180.0000000104816
210
0.0
220
0.0
230
-1.0
  0
ATTRIB
  5
908
330
907
100
AcDbEntity
  8
0
100
AcDbText
 10
1012574.984125659
 20
-617700.2276111871
 30
0.0
 40
0.6363636363636359
  1
500
 50
359.9999999888416
 41
0.8000000000029102
  7
DIM_FONT
 71
     4
100
AcDbAttribute
280
     0
  2
XSIZE
 70
     9
280
     0
  0
ATTRIB
  5
909
330
907
100
AcDbEntity
  8
0
100
AcDbText
 10
1012574.984125659
 20
-617700.2276111871
 30
0.0
 40
0.6363636363636359
  1
500
 50
359.9999999888416
 41
0.8000000000029102
  7
DIM_FONT
 71
     4
100
AcDbAttribute
280
     0
  2
YSIZE
 70
     9
280
     0
  0
SEQEND
  5
90A
330
907
100
AcDbEntity
  8
家具
  0
INSERT
  5
90B
330
2
100
AcDbEntity
  8
0
100
AcDbBlockReference
  2
A$C31840BCA
 10
1012925.114068617
 20
-612869.2129323266
 30
0.0
 41
-1.0
 50
359.9999999733196
  0
INSERT
  5
90C
330
2
100
AcDbEntity
  8
0
100
AcDbBlockReference
  2
A$C31840BCA
 10
1015625.114065872
 20
-623147.5714407021
 30
0.0
 41
-1.0
 50
359.9999999733196
  0
INSERT
  5
90D
330
2
100
AcDbEntity
  8
Furniture(家具)
100
AcDbBlockReference
  2
1
 10
1083580.920397697
 20
-91349.59879566787
 30
0.0
 50
359.9999999733196
  0
LINE
  5
90E
330
2
100
AcDbEntity
  8
Furniture(家具)
100
AcDbLine
 10
1017024.984128246
 20
-616100.2276112598
 30
0.0
 11
1017024.984128012
 21
-616700.2276112598
 31
0.0
  0
LINE
  5
90F
330
2
100
AcDbEntity
  8
Furniture(家具)
100
AcDbLine
 10
1017024.984128012
 20
-616700.2276112598
 30
0.0
 11
1019824.984126121
 21
-616700.2276126046
 31
0.0
  0
LINE
  5
910
330
2
100
AcDbEntity
  8
Furniture(家具)
100
AcDbLine
 10
1019824.984126121
 20
-616700.2276126046
 30
0.0
 11
1019224.984126121
 21
-616700.2276123703
 31
0.0
  0
INSERT
  5
911
330
2
100
AcDbEntity
  8
BATH
100
AcDbBlockReference
  2
TP6
 10
1018624.984126106
 20
-619200.4194114711
 30
0.0
 50
179.9999999866598
  0
LINE
  5
912
330
2
100
AcDbEntity
  8
Furniture(家具)
100
AcDbLine
 10
1018624.984126893
 20
-617900.227612341
 30
0.0
 11
1018074.978936577
 21
-617900.2276123418
 31
0.0
  0
LINE
  5
913
330
2
100
AcDbEntity
  8
Furniture(家具)
100
AcDbLine
 10
1018074.978936577
 20
-617900.227612342
 30
0.0
 11
1018074.978936578
 21
-618793.0172366088
 31
0.0
  0
LINE
  5
914
330
2
100
AcDbEntity
  8
Furniture(家具)
100
AcDbLine
 10
1018074.984127239
 20
-618793.0172413876
 30
0.0
 11
1018624.984189786
 21
-618793.0172318292
 31
0.0
  0
INSERT
  5
915
330
2
100
AcDbEntity
  8
家具
100
AcDbBlockReference
 66
     1
  2
_E12QMA
 10
-1018596.257140468
 20
-618314.0171341872
 30
0.0
 41
-1.0
 43
-1.0
 50
90.0
210
0.0
220
0.0
230
-1.0
  0
ATTRIB
  5
916
330
915
100
AcDbEntity
  8
0
100
AcDbText
 10
1018596.757140468
 20
-618314.0171341872
 30
0.0
 40
0.5
  1
500
 50
270.0
 41
0.7999999999883585
  7
DIM_FONT
 71
     4
100
AcDbAttribute
280
     0
  2
XSIZE
 70
     9
280
     0
  0
ATTRIB
  5
917
330
915
100
AcDbEntity
  8
0
100
AcDbText
 10
1018596.757140468
 20
-618314.0171341872
 30
0.0
 40
0.5
  1
0
 50
270.0
 41
0.7999999999883585
  7
DIM_FONT
 71
     4
100
AcDbAttribute
280
     0
  2
YSIZE
 70
     9
280
     0
  0
SEQEND
  5
918
330
915
100
AcDbEntity
  8
家具
  0
LINE
  5
919
330
2
100
AcDbEntity
  8
0
100
AcDbLine
 10
1013024.984127206
 20
-613500.2276097045
 30
0.0
 11
1013024.984126893
 21
-614300.2276097001
 31
0.0
  0
LINE
  5
91A
330
2
100
AcDbEntity
  8
0
100
AcDbLine
 10
1012524.984123448
 20
-624200.2276110321
 30
0.0
 11
1014924.984123447
 21
-624200.2276119699
 31
0.0
  0
LINE
  5
91B
330
2
100
AcDbEntity
  8
WINDOW
100
AcDbLine
 10
1009824.984125839
 20
-617900.2276087089
 30
0.0
 11
1011324.984125838
 21
-617900.2276092958
 31
0.0
  0
LINE
  5
91C
330
2
100
AcDbEntity
  8
WINDOW
100
AcDbLine
 10
1017024.98412686
 20
-616900.227611185
 30
0.0
 11
1017024.984126547
 21
-617700.2276111864
 31
0.0
  0
LINE
  5
91D
330
2
100
AcDbEntity
  8
阳台露台
100
AcDbLine
 10
1009524.984125547
 20
-619500.2276106361
 30
0.0
 11
1012024.984126938
 21
-619500.227611613
 31
0.0
  0
LINE
  5
91E
330
2
100
AcDbEntity
  8
阳台露台
100
AcDbLine
 10
1019824.984124632
 20
-619800.2276140016
 30
0.0
 11
1018824.98412609
 21
-619800.2276136016
 31
0.0
  0
LINE
  5
91F
330
2
100
AcDbEntity
  8
阳台露台
100
AcDbLine
 10
1019824.984124672
 20
-619700.2276140016
 30
0.0
 11
1018824.98412613
 21
-619700.2276136016
 31
0.0
  0
LINE
  5
920
330
2
100
AcDbEntity
  8
WINDOW
100
AcDbLine
 10
1019724.984125157
 20
-618000.2276122526
 30
0.0
 11
1018924.984125157
 21
-618000.2276120968
 31
0.0
  0
HATCH
  5
921
330
2
100
AcDbEntity
  8
铺地
100
AcDbHatch
 10
0.0
 20
0.0
 30
0.0
210
0.0
220
0.0
230
1.0
  2
LINE
 70
     0
 71
     0
 91
        1
 92
        7
 72
     0
 73
     1
 93
        6
 10
1019824.984125144
 20
-618000.2276123158
 10
1018824.984126777
 20
-618000.2276123381
 10
1018824.984126428
 20
-618873.5497246001
 10
1018824.984126188
 20
-619473.5497245996
 10
1018824.984126097
 20
-619700.2276136998
 10
1019824.98412466
 20
-619700.2276138945
 97
        0
 75
     0
 76
     1
 52
90.0
 41
600.0
 77
     0
 78
     1
 53
89.99999998884167
 43
1015306.802746672
 44
-93060.07888465316
 45
150.0
 46
-0.0000000292124717
 79
     0
 47
6.215337227563692
 98
        1
 10
1019213.150026142
 20
-618586.1965926374
1001
ACAD
1010
0.0
1020
0.0
1030
0.0
  0
INSERT
  5
922
330
2
100
AcDbEntity
  8
BATH
100
AcDbBlockReference
 66
     1
  2
A$C5B6B14AB
 10
1017844.176401433
 20
-616626.7240149601
 30
0.0
 50
0.0000001067217058
  0
ATTRIB
  5
923
330
922
100
AcDbEntity
  8
BATH
100
AcDbText
 10
1018089.625601309
 20
-616176.6322046123
 30
0.0
 40
0.5
  1
491
 50
270.0014240944421
 41
0.7999999999992726
 51
0.0000000008337331
  7
DIM_FONT
 71
     4
100
AcDbAttribute
280
     0
  2
YSIZE
 70
     9
280
     0
  0
ATTRIB
  5
924
330
922
100
AcDbEntity
  8
BATH
100
AcDbText
 10
1018089.625599408
 20
-616176.555691295
 30
0.0
 40
0.5
  1
450
 50
270.0014240944421
 41
0.7999999999992726
 51
0.0000000008337331
  7
DIM_FONT
 71
     4
100
AcDbAttribute
280
     0
  2
XSIZE
 70
     9
280
     0
  0
SEQEND
  5
925
330
922
100
AcDbEntity
  8
BATH
  0
INSERT
  5
926
330
2
100
AcDbEntity
  8
BATH
100
AcDbBlockReference
  2
A$C52241BEE
 10
1019761.565856666
 20
-616151.8371108731
 30
0.0
 41
-1.0
 50
90.00000010672167
  0
INSERT
  5
927
330
2
100
AcDbEntity
  8
家具
100
AcDbBlockReference
 66
     1
  2
_E10NWL
 10
-1017374.984126842
 20
-616100.2276168353
 30
0.0
 41
-1.272727273404598
 42
1.272727273404598
 43
-1.27272727272727
 50
359.9999998847025
210
0.0
220
0.0
230
-1.0
  0
ATTRIB
  5
928
330
927
100
AcDbEntity
  8
0
100
AcDbText
 10
1017376.293217751
 20
-616100.2276168326
 30
0.0
 40
0.6363636363636359
  1
500
 50
180.0000001145201
 41
0.8000000000029102
  7
DIM_FONT
 71
     4
100
AcDbAttribute
280
     0
  2
XSIZE
 70
     9
280
     0
  0
ATTRIB
  5
929
330
927
100
AcDbEntity
  8
0
100
AcDbText
 10
1017376.293217751
 20
-616100.2276168326
 30
0.0
 40
0.6363636363636359
  1
500
 50
180.0000001145201
 41
0.8000000000029102
  7
DIM_FONT
 71
     4
100
AcDbAttribute
280
     0
  2
YSIZE
 70
     9
280
     0
  0
SEQEND
  5
92A
330
927
100
AcDbEntity
  8
家具
  0
TEXT
  5
92B
330
2
100
AcDbEntity
  8
文字标注
100
AcDbText
 10
1011592.655047284
 20
-612870.6237809929
 30
0.0
 40
450.0
  1
客厅
 50
359.9999999888416
 41
0.8
  7
-黑体
 72
     1
 11
1012110.407856273
 21
-612870.6237810937
 31
0.0
100
AcDbText
  0
TEXT
  5
92C
330
2
100
AcDbEntity
  8
文字标注
100
AcDbText
 10
1013002.37149179
 20
-612962.0405993604
 30
0.0
 40
450.0
  1
厨房
 50
359.9999999888416
 41
0.8
  7
-黑体
 72
     1
 11
1013520.124300779
 21
-612962.0405994612
 31
0.0
100
AcDbText
  0
TEXT
  5
92D
330
2
100
AcDbEntity
  8
文字标注
100
AcDbText
 10
1014066.333891206
 20
-622252.5613025531
 30
0.0
 40
450.0
  1
客厅
 50
359.9999999888416
 41
0.8
  7
-黑体
 72
     1
 11
1014584.086700195
 21
-622252.5613026538
 31
0.0
100
AcDbText
  0
TEXT
  5
92E
330
2
100
AcDbEntity
  8
文字标注
100
AcDbText
 10
1013643.342118067
 20
-617105.1482200623
 30
0.0
 40
449.9999999999998
  1
餐厅
 50
0.0000000000713829
 41
0.8
  7
-黑体
 72
     1
 11
1014161.094927056
 21
-617105.1482200616
 31
0.0
100
AcDbText
  0
TEXT
  5
92F
330
2
100
AcDbEntity
  8
文字标注
100
AcDbText
 10
1018278.861394994
 20
-617384.0926796363
 30
0.0
 40
450.0
  1
厨房
 50
359.9999999888416
 41
0.8
  7
-黑体
 72
     1
 11
1018796.614203983
 21
-617384.0926797371
 31
0.0
100
AcDbText
  0
TEXT
  5
930
330
2
100
AcDbEntity
  8
文字标注
100
AcDbText
 10
1015856.2981322
 20
-621627.9565821565
 30
0.0
 40
450.0
  1
卧室
 50
359.9999999888416
 41
0.8
  7
-黑体
 72
     1
 11
1016374.050941189
 21
-621627.9565822573
 31
0.0
100
AcDbText
  0
TEXT
  5
931
330
2
100
AcDbEntity
  8
文字标注
100
AcDbText
 10
1012209.903534492
 20
-618944.4986959118
 30
0.0
 40
450.0
  1
储藏
 50
359.9999999888416
 41
0.8
  7
-黑体
100
AcDbText
  0
INSERT
  5
932
330
2
100
AcDbEntity
  8
FUR
 62
   252
100
AcDbBlockReference
  2
A$C67170A1A
 10
1009324.985048998
 20
-616652.3128480323
 30
0.0
 50
179.9999846987754
  0
LINE
  5
933
330
2
100
AcDbEntity
  8
WINDOW
100
AcDbLine
 10
1008124.984126514
 20
-614600.2276101936
 30
0.0
 11
1008124.984127978
 21
-615400.2276101953
 31
0.0
  0
LINE
  5
934
330
2
100
AcDbEntity
  8
0
100
AcDbLine
 10
1017024.984124361
 20
-624000.2276139115
 30
0.0
 11
1018624.984124361
 21
-624000.2276142233
 31
0.0
  0
LINE
  5
935
330
2
100
AcDbEntity
  8
0
100
AcDbLine
 10
1016824.984124217
 20
-624800.2276138834
 30
0.0
 11
1015824.984124014
 21
-624800.2276136886
 31
0.0
  0
INSERT
  5
936
330
2
100
AcDbEntity
  8
BATH
100
AcDbBlockReference
 66
     1
  2
A$C718D6682
 10
1016666.676518244
 20
-619600.72794414
 30
0.0
 41
-1.0
 50
359.9999999866597
  0
ATTRIB
  5
937
330
936
100
AcDbEntity
  8
0
100
AcDbText
 10
1016322.361425902
 20
-619600.1271859999
 30
0.0
 40
0.5
  1
705
 50
179.9999999888417
 41
0.8
100
AcDbAttribute
280
     0
  2
YSIZE
 70
     9
280
     0
  0
ATTRIB
  5
938
330
936
100
AcDbEntity
  8
0
100
AcDbText
 10
1016322.348146139
 20
-619600.1427422068
 30
0.0
 40
0.5
  1
690
 50
179.9999999888417
 41
0.8
100
AcDbAttribute
280
     0
  2
XSIZE
 70
     9
280
     0
  0
SEQEND
  5
939
330
936
100
AcDbEntity
  8
WALL
  0
LINE
  5
93A
330
2
100
AcDbEntity
  8
Furniture(家具)
100
AcDbLine
 10
1014724.984125125
 20
-615650.2276119392
 30
0.0
 11
1012924.984125092
 21
-615650.2276117802
 31
0.0
  0
LINE
  5
93B
330
2
100
AcDbEntity
  8
Furniture(家具)
100
AcDbLine
 10
1012924.984125092
 20
-615650.2276117804
 30
0.0
 11
1012924.984125069
 21
-615900.2276117804
 31
0.0
  0
LINE
  5
93C
330
2
100
AcDbEntity
  8
Furniture(家具)
100
AcDbLine
 10
1012924.984125069
 20
-615900.2276117844
 30
0.0
 11
1014724.984125087
 21
-615900.2276119343
 31
0.0
  0
LINE
  5
93D
330
2
100
AcDbEntity
  8
Furniture(家具)
100
AcDbLine
 10
1014724.984125108
 20
-615650.2276119392
 30
0.0
 11
1012924.984125069
 21
-615900.2276117844
 31
0.0
  0
LINE
  5
93E
330
2
100
AcDbEntity
  8
Furniture(家具)
100
AcDbLine
 10
1012924.984125092
 20
-615650.2276117804
 30
0.0
 11
1014724.984125087
 21
-615900.2276119343
 31
0.0
  0
LINE
  5
93F
330
2
100
AcDbEntity
  8
WINDOW
100
AcDbLine
 10
1013124.984124798
 20
-614500.2276120759
 30
0.0
 11
1013924.984124797
 21
-614500.2276120822
 31
0.0
  0
LINE
  5
940
330
2
100
AcDbEntity
  8
文字注明
100
AcDbLine
 10
1011025.617229233
 20
-615327.3813748979
 30
0.0
 11
1012225.617229233
 21
-615327.3813753149
 31
0.0
  0
LINE
  5
941
330
2
100
AcDbEntity
  8
文字注明
100
AcDbLine
 10
1012225.617229233
 20
-615327.3813753149
 30
0.0
 11
1012225.617229441
 21
-614727.3813753149
 31
0.0
  0
LINE
  5
942
330
2
100
AcDbEntity
  8
文字注明
100
AcDbLine
 10
1012225.617229441
 20
-614727.3813753149
 30
0.0
 11
1011025.617229442
 21
-614727.3813748979
 31
0.0
  0
LINE
  5
943
330
2
100
AcDbEntity
  8
文字注明
100
AcDbLine
 10
1011025.617229442
 20
-614727.3813748979
 30
0.0
 11
1011025.617229233
 21
-615327.3813748979
 31
0.0
  0
TEXT
  5
944
330
2
100
AcDbEntity
  8
文字注明
100
AcDbText
 10
1011297.108335458
 20
-615200.6252386966
 30
0.0
 40
400.0
  1
E-1
 50
359.9999999800842
 41
0.8
  7
-黑体
100
AcDbText
  0
LINE
  5
945
330
2
100
AcDbEntity
  8
文字注明
100
AcDbLine
 10
1013845.7420411
 20
-619721.5982520533
 30
0.0
 11
1015045.7420411
 21
-619721.5982524703
 31
0.0
  0
LINE
  5
946
330
2
100
AcDbEntity
  8
文字注明
100
AcDbLine
 10
1015045.742041308
 20
-619121.5982524703
 30
0.0
 11
1013845.742041308
 21
-619121.5982520533
 31
0.0
  0
TEXT
  5
947
330
2
100
AcDbEntity
  8
文字注明
100
AcDbText
 10
1014117.233147325
 20
-619594.842115852
 30
0.0
 40
400.0
  1
E-2
 50
359.9999999800842
 41
0.8
  7
-黑体
100
AcDbText
  0
LINE
  5
948
330
2
100
AcDbEntity
  8
文字注明
100
AcDbLine
 10
1015045.742041006
 20
-619721.598253065
 30
0.0
 11
1015045.742041106
 21
-619121.598253065
 31
0.0
  0
LINE
  5
949
330
2
100
AcDbEntity
  8
文字注明
100
AcDbLine
 10
1013845.742041107
 20
-619121.5982528643
 30
0.0
 11
1013845.742041006
 21
-619721.5982528643
 31
0.0
  0
INSERT
  5
94A
330
2
100
AcDbEntity
  8
BATH
100
AcDbBlockReference
 66
     1
  2
M_C54TQD
 10
-1018625.002545301
 20
-623328.7252556801
 30
0.0
 43
-1.0
 50
90.0
210
0.0
220
0.0
230
-1.0
  0
ATTRIB
  5
94B
330
94A
100
AcDbEntity
  8
0
100
AcDbText
 10
1018625.496895584
 20
-623327.3919223468
 30
0.0
 40
0.5
  1
1500
 50
270.0
 41
0.7999999999883585
  7
DIM_FONT
 71
     4
100
AcDbAttribute
280
     0
  2
XSIZE
 70
     9
280
     0
  0
ATTRIB
  5
94C
330
94A
100
AcDbEntity
  8
0
100
AcDbText
 10
1018625.496895584
 20
-623327.3157318706
 30
0.0
 40
0.5
  1
2000
 50
270.0
 41
0.7999999999883585
  7
DIM_FONT
 71
     4
100
AcDbAttribute
280
     0
  2
YSIZE
 70
     9
280
     0
  0
SEQEND
  5
94D
330
94A
100
AcDbEntity
  8
BATH
  0
INSERT
  5
94E
330
2
100
AcDbEntity
  8
BATH
100
AcDbBlockReference
  2
A$C332848BE
 10
-1018174.965829007
 20
-623328.6934694737
 30
0.0
 43
-1.0
 50
180.0
210
0.0
220
0.0
230
-1.0
  0
INSERT
  5
94F
330
2
100
AcDbEntity
  8
BATH
100
AcDbBlockReference
  2
A$C332848BE
 10
-1018174.984248705
 20
-621828.7419317956
 30
0.0
 41
-1.0
 43
-1.0
210
0.0
220
0.0
230
-1.0
  0
LINE
  5
950
330
2
100
AcDbEntity
  8
阳台露台
100
AcDbLine
 10
1015624.984127069
 20
-625299.727615395
 30
0.0
 11
1015624.48412707
 21
-625300.2276153958
 31
0.0
  0
LINE
  5
951
330
2
100
AcDbEntity
  8
阳台露台
100
AcDbLine
 10
1015724.984126178
 20
-624800.4605775077
 30
0.0
 11
1015724.984126186
 21
-625399.727620426
 31
0.0
  0
LINE
  5
952
330
2
100
AcDbEntity
  8
阳台露台
100
AcDbLine
 10
1015724.484126186
 20
-625400.2276204257
 30
0.0
 11
1015724.984126186
 21
-625399.727620426
 31
0.0
  0
LINE
  5
953
330
2
100
AcDbEntity
  8
阳台露台
100
AcDbLine
 10
1015724.484126186
 20
-625400.2276221223
 30
0.0
 11
1015724.984126186
 21
-625399.7276221221
 31
0.0
  0
LINE
  5
954
330
2
100
AcDbEntity
  8
阳台露台
100
AcDbLine
 10
1015624.984126178
 20
-624800.4605775208
 30
0.0
 11
1015624.984127069
 21
-625299.727615395
 31
0.0
  0
LINE
  5
955
330
2
100
AcDbEntity
  8
BATH
100
AcDbLine
 10
1005922.09596427
 20
-614600.2276098823
 30
0.0
 11
1005922.095964094
 21
-615500.2276098824
 31
0.0
  0
LINE
  5
956
330
2
100
AcDbEntity
  8
阳台露台
100
AcDbLine
 10
1013124.984123817
 20
-609800.2276134775
 30
0.0
 11
1014924.984123817
 21
-609800.2276133332
 31
0.0
  0
LINE
  5
957
330
2
100
AcDbEntity
  8
阳台露台
100
AcDbLine
 10
1013124.984123825
 20
-609900.2276134775
 30
0.0
 11
1014824.984123825
 21
-609900.2276133411
 31
0.0
  0
LINE
  5
958
330
2
100
AcDbEntity
  8
阳台露台
100
AcDbLine
 10
1014924.984123863
 20
-611100.2276130633
 30
0.0
 11
1014924.984123758
 21
-609800.2276133332
 31
0.0
  0
LINE
  5
959
330
2
100
AcDbEntity
  8
阳台露台
100
AcDbLine
 10
1014824.984124063
 20
-611100.2276152051
 30
0.0
 11
1014824.984123967
 21
-609900.227615475
 31
0.0
  0
INSERT
  5
95A
330
2
100
AcDbEntity
  8
BATH
100
AcDbBlockReference
 66
     1
  2
A$C718D6682
 10
1014668.206769506
 20
-613813.6446976163
 30
0.0
 41
-1.0
 50
90.0
  0
ATTRIB
  5
95B
330
95A
100
AcDbEntity
  8
0
100
AcDbText
 10
1014667.606011528
 20
-614157.95978996
 30
0.0
 40
0.5
  1
705
 50
270.0
 41
0.8
100
AcDbAttribute
280
     0
  2
YSIZE
 70
     9
280
     0
  0
ATTRIB
  5
95C
330
95A
100
AcDbEntity
  8
0
100
AcDbText
 10
1014667.621567735
 20
-614157.9730697216
 30
0.0
 40
0.5
  1
690
 50
270.0
 41
0.8
100
AcDbAttribute
280
     0
  2
XSIZE
 70
     9
280
     0
  0
SEQEND
  5
95D
330
95A
100
AcDbEntity
  8
WALL
  0
LINE
  5
95E
330
2
100
AcDbEntity
  8
0
100
AcDbLine
 10
1013224.984123841
 20
-611100.2276143589
 30
0.0
 11
1014024.984123844
 21
-611100.2276142908
 31
0.0
  0
LINE
  5
95F
330
2
100
AcDbEntity
  8
0
100
AcDbLine
 10
1009224.984122586
 20
-609800.2276156195
 30
0.0
 11
1008224.98412203
 21
-609800.2276158817
 31
0.0
  0
LINE
  5
960
330
2
100
AcDbEntity
  8
阳台露台
100
AcDbLine
 10
1008024.984122289
 20
-610600.2276159479
 30
0.0
 11
1006824.984122831
 21
-610600.2276162254
 31
0.0
  0
HATCH
  5
961
330
2
100
AcDbEntity
  8
铺地
100
AcDbHatch
 10
0.0
 20
0.0
 30
0.0
210
0.0
220
0.0
230
1.0
  2
LINE
 70
     0
 71
     0
 91
        1
 92
        7
 72
     0
 73
     1
 93
        4
 10
1014824.98412377
 20
-609900.2276133454
 10
1013124.984122634
 20
-609900.2276134817
 10
1013124.984122965
 20
-611100.227614524
 10
1014824.984123352
 20
-611100.2276140737
 97
        0
 75
     0
 76
     1
 52
90.0
 41
600.0
 77
     0
 78
     1
 53
90.000000027058
 43
991239.6977915753
 44
-45873.79365883673
 45
-150.0
 46
-0.0000000708378349
 79
     0
 47
3.093403318277323
 98
        1
 10
1014405.319707473
 20
-610498.037424593
1001
ACAD
1010
0.0
1020
0.0
1030
0.0
  0
INSERT
  5
962
102
{ACAD_XDICTIONARY
360
963
102
}
330
2
100
AcDbEntity
  8
BATH
100
AcDbBlockReference
  2
*U30
 10
1007023.238278925
 20
-615600.2276096288
 30
0.0
 41
-1.0
 50
359.9999999866597
  0
INSERT
  5
973
330
2
100
AcDbEntity
  8
BATH
100
AcDbBlockReference
 66
     1
  2
M_C54TQD
 10
-1005923.201438154
 20
-618602.6716379714
 30
0.0
 41
-1.0
 43
-1.0
 50
270.0000000533608
210
0.0
220
0.0
230
-1.0
  0
ATTRIB
  5
974
330
973
100
AcDbEntity
  8
0
100
AcDbText
 10
1005923.207087872
 20
-618601.3383046382
 30
0.0
 40
0.5
  1
1500
 50
270.0
 41
0.7999999999883585
  7
DIM_FONT
 71
     4
100
AcDbAttribute
280
     0
  2
XSIZE
 70
     9
280
     0
  0
ATTRIB
  5
975
330
973
100
AcDbEntity
  8
0
100
AcDbText
 10
1005923.207087872
 20
-618601.2621141617
 30
0.0
 40
0.5
  1
2000
 50
270.0
 41
0.7999999999883585
  7
DIM_FONT
 71
     4
100
AcDbAttribute
280
     0
  2
YSIZE
 70
     9
280
     0
  0
SEQEND
  5
976
330
973
100
AcDbEntity
  8
BATH
  0
INSERT
  5
977
330
2
100
AcDbEntity
  8
BATH
100
AcDbBlockReference
  2
A$C332848BE
 10
-1006373.238154448
 20
-618602.6398519557
 30
0.0
 41
-1.0
 43
-1.0
 50
180.0000000266804
210
0.0
220
0.0
230
-1.0
  0
INSERT
  5
978
330
2
100
AcDbEntity
  8
BATH
100
AcDbBlockReference
  2
A$C332848BE
 10
-1006373.219735386
 20
-617102.6883142777
 30
0.0
 43
-1.0
 50
0.0000000266804264
210
0.0
220
0.0
230
-1.0
  0
LINE
  5
979
330
2
100
AcDbEntity
  8
FUR
100
AcDbLine
 10
1016924.984126497
 20
-617775.2276126482
 30
0.0
 11
1015724.984126497
 21
-617775.2276124144
 31
0.0
  0
LINE
  5
97A
330
2
100
AcDbEntity
  8
FUR
100
AcDbLine
 10
1015724.984126497
 20
-617775.2276124144
 30
0.0
 11
1015724.984126448
 21
-618025.2276124144
 31
0.0
  0
LINE
  5
97B
330
2
100
AcDbEntity
  8
FUR
100
AcDbLine
 10
1015724.984126448
 20
-618025.2276124144
 30
0.0
 11
1016924.984126443
 21
-618025.2276126514
 31
0.0
  0
LINE
  5
97C
330
2
100
AcDbEntity
  8
FUR
100
AcDbLine
 10
1016924.984126443
 20
-618025.2276126514
 30
0.0
 11
1015724.984126497
 21
-617775.2276124144
 31
0.0
  0
LINE
  5
97D
330
2
100
AcDbEntity
  8
FUR
100
AcDbLine
 10
1016924.984126497
 20
-617775.2276126482
 30
0.0
 11
1015724.984126448
 21
-618025.2276124144
 31
0.0
  0
INSERT
  5
97E
330
2
100
AcDbEntity
  8
Furniture(家具)
100
AcDbBlockReference
  2
1
 10
1080780.885516276
 20
-81136.25455100928
 30
0.0
 50
359.9999999199587
  0
TEXT
  5
97F
330
2
100
AcDbEntity
  8
文字标注
100
AcDbText
 10
1008086.773264311
 20
-612807.0364177279
 30
0.0
 40
449.9999999999998
  1
卧室
 50
359.9999999683512
 41
0.8
  7
-黑体
 72
     1
 11
1008604.5260733
 21
-612807.036418014
 31
0.0
100
AcDbText
  0
LINE
  5
980
330
2
100
AcDbEntity
  8
Furniture(家具)
100
AcDbLine
 10
1009324.984156187
 20
-611200.2276061569
 30
0.0
 11
1009324.984156374
 21
-610600.2276061569
 31
0.0
  0
LINE
  5
981
330
2
100
AcDbEntity
  8
WINDOW
100
AcDbLine
 10
1017024.984126769
 20
-618050.2276123492
 30
0.0
 11
1017024.984126614
 21
-618848.6233985561
 31
0.0
  0
TEXT
  5
982
330
2
100
AcDbEntity
  8
文字标注
100
AcDbText
 10
1010396.725428293
 20
-616655.7587778842
 30
0.0
 40
449.9999999999998
  1
餐厅
 50
0.0000000000713829
 41
0.8
  7
-黑体
 72
     1
 11
1010914.478237282
 21
-616655.7587778835
 31
0.0
100
AcDbText
  0
TEXT
  5
983
330
2
100
AcDbEntity
  8
文字标注
100
AcDbText
 10
1007428.649208834
 20
-616890.1528162091
 30
0.0
 40
450.0000000000001
  1
卧室
 50
359.9999999776086
 41
0.8
  7
-黑体
 72
     1
 11
1007946.402017823
 21
-616890.1528164115
 31
0.0
100
AcDbText
  0
LINE
  5
984
330
2
100
AcDbEntity
  8
DOTE
100
AcDbLine
 10
1016924.984126308
 20
-619000.2276140447
 30
0.0
 11
1015724.984126308
 21
-619000.2276136917
 31
0.0
  0
LINE
  5
985
330
2
100
AcDbEntity
  8
DOTE
100
AcDbLine
 10
1015724.984123892
 20
-625300.2276136875
 30
0.0
 11
1012124.984123892
 21
-625300.2276126326
 31
0.0
  0
LINE
  5
986
330
2
100
AcDbEntity
  8
DOTE
100
AcDbLine
 10
1018724.984125788
 20
-620600.2276145667
 30
0.0
 11
1016924.984125788
 21
-620600.2276140447
 31
0.0
  0
LINE
  5
987
330
2
100
AcDbEntity
  8
DOTE
100
AcDbLine
 10
1018724.984124361
 20
-624100.2276145668
 30
0.0
 11
1012124.984124376
 21
-624100.2276129795
 31
0.0
  0
LINE
  5
988
330
2
100
AcDbEntity
  8
DOTE
100
AcDbLine
 10
1016924.984127592
 20
-616000.2276140446
 30
0.0
 11
1016924.984125788
 21
-620600.2276140447
 31
0.0
  0
LINE
  5
989
330
2
100
AcDbEntity
  8
DOTE
100
AcDbLine
 10
1015724.984126308
 20
-619000.2276142473
 30
0.0
 11
1015724.984124101
 21
-625300.2276136875
 31
0.0
  0
LINE
  5
98A
330
2
100
AcDbEntity
  8
DOTE
100
AcDbLine
 10
1012124.984126917
 20
-617800.2276111424
 30
0.0
 11
1012124.984124232
 21
-625300.2276126326
 31
0.0
  0
LINE
  5
98B
330
2
100
AcDbEntity
  8
DOTE
100
AcDbLine
 10
1018724.98412685
 20
-617900.2276145666
 30
0.0
 11
1018724.984124371
 21
-624100.2276145668
 31
0.0
  0
LINE
  5
98C
330
2
100
AcDbEntity
  8
DOTE
100
AcDbLine
 10
1019924.984125744
 20
-616000.2276144204
 30
0.0
 11
1013024.984125133
 21
-616000.2276113173
 31
0.0
  0
LINE
  5
98D
330
2
100
AcDbEntity
  8
DOTE
100
AcDbLine
 10
1009424.984126306
 20
-615600.2276106161
 30
0.0
 11
1009424.98412543
 21
-620100.2276106168
 31
0.0
  0
LINE
  5
98E
330
2
100
AcDbEntity
  8
DOTE
100
AcDbLine
 10
1009424.984126306
 20
-615600.2276106161
 30
0.0
 11
1005822.095964069
 21
-615600.2276099145
 31
0.0
  0
LINE
  5
98F
330
2
100
AcDbEntity
  8
DOTE
100
AcDbLine
 10
1013024.984125246
 20
-619500.2276118486
 30
0.0
 11
1005822.09596331
 21
-619500.2276099401
 31
0.0
  0
LINE
  5
990
330
2
100
AcDbEntity
  8
DOTE
100
AcDbLine
 10
1009424.98412543
 20
-620100.2276106168
 30
0.0
 11
1005824.984126023
 21
-620100.2276099153
 31
0.0
  0
LINE
  5
991
330
2
100
AcDbEntity
  8
DOTE
100
AcDbLine
 10
1013024.984127417
 20
-609900.2276145704
 30
0.0
 11
1013024.984126521
 21
-614500.2276113175
 31
0.0
  0
LINE
  5
992
330
2
100
AcDbEntity
  8
DOTE
100
AcDbLine
 10
1009424.984127416
 20
-609900.2276155649
 30
0.0
 11
1009424.984126521
 21
-614500.2276106165
 31
0.0
  0
LINE
  5
993
330
2
100
AcDbEntity
  8
DOTE
100
AcDbLine
 10
1013024.984126228
 20
-616000.2276113173
 30
0.0
 11
1013024.984125247
 21
-619500.2276119335
 31
0.0
  0
LINE
  5
994
330
2
100
AcDbEntity
  8
DOTE
100
AcDbLine
 10
1008124.98412667
 20
-613800.7276103629
 30
0.0
 11
1008124.98412632
 21
-615600.2276103536
 31
0.0
  0
LINE
  5
995
330
2
100
AcDbEntity
  8
DOTE
100
AcDbLine
 10
1008124.48412667
 20
-613800.2276103629
 30
0.0
 11
1008124.98412667
 21
-613800.7276103629
 31
0.0
  0
LINE
  5
996
330
2
100
AcDbEntity
  8
DOTE
100
AcDbLine
 10
1013024.984125878
 20
-617800.2276113178
 30
0.0
 11
1009424.984125878
 21
-617800.2276106167
 31
0.0
  0
LINE
  5
997
330
2
100
AcDbEntity
  8
DOTE
100
AcDbLine
 10
1014824.984125992
 20
-609900.2276140736
 30
0.0
 11
1014824.984124803
 21
-616000.2276121268
 31
0.0
  0
LINE
  5
998
330
2
100
AcDbEntity
  8
DOTE
100
AcDbLine
 10
1020024.984125707
 20
-614500.2276144398
 30
0.0
 11
1013024.984126521
 21
-614500.2276113178
 31
0.0
  0
LINE
  5
999
330
2
100
AcDbEntity
  8
DOTE
100
AcDbLine
 10
1009424.984126521
 20
-614500.2276106165
 30
0.0
 11
1008124.984126534
 21
-614500.2276103629
 31
0.0
  0
LINE
  5
99A
330
2
100
AcDbEntity
  8
DOTE
100
AcDbLine
 10
1008124.48412667
 20
-613800.2276103629
 30
0.0
 11
1005824.984126657
 21
-613800.2276099152
 31
0.0
  0
LINE
  5
99B
330
2
100
AcDbEntity
  8
DOTE
100
AcDbLine
 10
1006724.984127358
 20
-609900.2276163101
 30
0.0
 11
1006724.984126648
 21
-613800.2276100908
 31
0.0
  0
LINE
  5
99C
330
2
100
AcDbEntity
  8
DOTE
100
AcDbLine
 10
1005824.984126657
 20
-613800.2276099152
 30
0.0
 11
1005824.984126023
 21
-620100.2276099153
 31
0.0
  0
LINE
  5
99D
330
2
100
AcDbEntity
  8
DOTE
100
AcDbLine
 10
1014824.984121623
 20
-611200.22761407
 30
0.0
 11
1013024.984121623
 21
-611200.2276145672
 31
0.0
  0
LINE
  5
99E
330
2
100
AcDbEntity
  8
DOTE
100
AcDbLine
 10
1014824.984125992
 20
-609900.2276140733
 30
0.0
 11
1006724.984127358
 21
-609900.2276163101
 31
0.0
  0
LINE
  5
99F
330
2
100
AcDbEntity
  8
DOTE
100
AcDbLine
 10
1009424.984122855
 20
-610500.2276155648
 30
0.0
 11
1006724.984127248
 21
-610500.2276163104
 31
0.0
  0
LINE
  5
9A0
330
2
100
AcDbEntity
  8
0
100
AcDbLine
 10
1008024.984128424
 20
-610600.227608014
 30
0.0
 11
1006824.984128967
 21
-610600.227607545
 31
0.0
  0
TEXT
  5
9A1
330
2
100
AcDbEntity
  8
文字标注
100
AcDbText
 10
1013269.3907045
 20
-624930.835733202
 30
0.0
 40
450.0000000000001
  1
阳台
 50
359.9999999888416
 41
0.8
  7
-黑体
 72
     1
 11
1013787.143513489
 21
-624930.8357333029
 31
0.0
100
AcDbText
  0
TEXT
  5
9A2
330
2
100
AcDbEntity
  8
文字标注
100
AcDbText
 10
1010303.995007394
 20
-618829.956581075
 30
0.0
 40
450.0000000000001
  1
阳台
 50
359.9999999888416
 41
0.8
  7
-黑体
 72
     1
 11
1010821.747816383
 21
-618829.9565811758
 31
0.0
100
AcDbText
  0
TEXT
  5
9A3
330
2
100
AcDbEntity
  8
文字标注
100
AcDbText
 10
1013346.995009002
 20
-610574.9565816676
 30
0.0
 40
450.0000000000001
  1
阳台
 50
359.9999999888416
 41
0.8
  7
-黑体
 72
     1
 11
1013864.747817991
 21
-610574.9565817685
 31
0.0
100
AcDbText
  0
INSERT
  5
9A4
330
2
100
AcDbEntity
  8
Elec(电器)
100
AcDbBlockReference
  2
*U27
 10
1015724.984125106
 20
-623750.2276144777
 30
0.0
 50
359.9999999866597
  0
INSERT
  5
9A5
330
2
100
AcDbEntity
  8
Elec(电器)
100
AcDbBlockReference
  2
空调室外机1
 10
1015909.773837564
 20
-624353.0983959369
 30
0.0
 50
359.9999999866597
  0
INSERT
  5
9A6
330
2
100
AcDbEntity
  8
Elec(电器)
100
AcDbBlockReference
  2
*U27
 10
1009374.984128947
 20
-610600.2276084264
 30
0.0
 50
270.0
  0
INSERT
  5
9A7
330
2
100
AcDbEntity
  8
Elec(电器)
100
AcDbBlockReference
  2
空调室外机1
 10
1008299.773841672
 20
-609931.0983898549
 30
0.0
 50
359.9999999866597
  0
LWPOLYLINE
  5
9A8
330
2
100
AcDbEntity
  8
WINDOW
100
AcDbPolyline
 90
        3
 70
     0
 43
0.0
 10
1007824.98412522
 20
-620000.2276121618
 10
1005922.095963195
 20
-620000.2276119825
 10
1005922.095963327
 20
-619399.0984607753
  0
LWPOLYLINE
  5
9A9
330
2
100
AcDbEntity
  8
WINDOW
100
AcDbPolyline
 90
        3
 70
     0
 43
0.0
 10
1007824.984125207
 20
-620133.5609454948
 10
1005788.762629839
 20
-620133.5609452846
 10
1005788.762629995
 20
-619399.0984607458
  0
LWPOLYLINE
  5
9AA
330
2
100
AcDbEntity
  8
WINDOW
100
AcDbPolyline
 90
        3
 70
     0
 43
0.0
 10
1007824.984125214
 20
-620066.8942788283
 10
1005855.429296518
 20
-620066.8942786334
 10
1005855.429296661
 20
-619399.0984607607
  0
LWPOLYLINE
  5
9AB
330
2
100
AcDbEntity
  8
WINDOW
100
AcDbPolyline
 90
        3
 70
     0
 43
0.0
 10
1007824.9841252
 20
-620200.2276121618
 10
1005722.095963161
 20
-620200.2276119359
 10
1005722.095963327
 20
-619399.0984607315
  0
LINE
  5
9AC
330
2
100
AcDbEntity
  8
WINDOW
100
AcDbLine
 10
1009324.984125899
 20
-620200.2276080015
 30
0.0
 11
1008024.984125213
 21
-620200.2276077266
 31
0.0
  0
INSERT
  5
9AD
330
2
100
AcDbEntity
  8
Elec(电器)
100
AcDbBlockReference
  2
空调室外机1
 10
1008254.773838179
 20
-619753.0983887366
 30
0.0
 50
359.9999999866597
  0
LINE
  5
9AE
330
2
100
AcDbEntity
  8
WINDOW
100
AcDbLine
 10
1007824.984125313
 20
-619400.2276092528
 30
0.0
 11
1005922.095963323
 21
-619400.227608509
 31
0.0
  0
INSERT
  5
9AF
330
2
100
AcDbEntity
  8
0
100
AcDbBlockReference
 66
     1
  2
A$C367E6596
 10
1008824.984042758
 20
-611600.2275963321
 30
0.0
 50
90.0
  0
ATTRIB
  5
9B0
330
9AF
100
AcDbEntity
  8
家具示意
100
AcDbText
 10
1006824.484128773
 20
-611600.3228456404
 30
0.0
 40
0.5
  1
900
 50
270.0
 41
0.8
  7
DIM_FONT
 71
     2
100
AcDbAttribute
280
     0
  2
XSIZE
 70
     9
280
     0
  0
ATTRIB
  5
9B1
330
9AF
100
AcDbEntity
  8
家具示意
100
AcDbText
 10
1006824.484128773
 20
-611600.3704646877
 30
0.0
 40
0.5
  1
2000
 50
270.0
 41
0.8
  7
DIM_FONT
 71
     2
100
AcDbAttribute
280
     0
  2
YSIZE
 70
     9
280
     0
  0
SEQEND
  5
9B2
330
9AF
100
AcDbEntity
  8
0
  0
LINE
  5
9B3
330
2
100
AcDbEntity
  8
Furniture(家具)
100
AcDbLine
 10
1007424.98412845
 20
-613250.2276075754
 30
0.0
 11
1007424.984128771
 21
-611600.2276076612
 31
0.0
  0
LINE
  5
9B4
330
2
100
AcDbEntity
  8
Furniture(家具)
100
AcDbLine
 10
1006824.984128867
 20
-611108.0173674853
 30
0.0
 11
1006824.984128575
 21
-612608.0173674854
 31
0.0
  0
LWPOLYLINE
  5
9B5
330
2
100
AcDbEntity
  8
Furniture(家具)
100
AcDbPolyline
 90
        3
 70
     0
 43
0.0
 38
267.6714933001055
 10
1007058.229965946
 20
-612342.0282404778
 42
0.3693317197725165
 10
1007147.013373957
 20
-612396.934794643
 42
-0.6059148998649512
 10
1007198.177942021
 20
-612466.3758951573
 42
-0.6059148998649512
  0
LWPOLYLINE
  5
9B6
330
2
100
AcDbEntity
  8
Furniture(家具)
100
AcDbPolyline
 90
        3
 70
     0
 43
0.0
 38
267.6714933001055
 10
1007063.488237242
 20
-612342.0025189093
 42
0.3633953415020866
 10
1007146.247791354
 20
-612391.9937539352
 42
-0.6059148998642298
 10
1007202.670319278
 20
-612468.5710139636
  0
LINE
  5
9B7
330
2
100
AcDbEntity
  8
Furniture(家具)
100
AcDbLine
 10
1007169.918429598
 20
-611771.2419313249
 30
267.6714933001055
 11
1007148.726708718
 21
-611771.3455935875
 31
267.6714933001055
  0
ELLIPSE
  5
9B8
330
2
100
AcDbEntity
  8
Furniture(家具)
100
AcDbEllipse
 10
1007200.06834159
 20
-611771.0944488195
 30
267.6714933001055
 11
51.34163287283993
 21
0.2511447734274909
 31
0.0
210
0.0
220
0.0
230
0.9999999999999998
 40
0.5206128400556133
 41
1.618785888414461
 42
4.664399418640112
  0
LWPOLYLINE
  5
9B9
330
2
100
AcDbEntity
  8
Furniture(家具)
100
AcDbPolyline
 90
        8
 70
     1
 43
0.0
 38
267.6714933001055
 10
1007139.25245564
 20
-611829.3098208201
 10
1007113.589354498
 20
-611729.3402500381
 42
-0.4142135623730951
 10
1007118.98895861
 20
-611720.2109414425
 10
1007261.177856527
 20
-611683.7097537318
 42
-0.4142135623730951
 10
1007270.307165122
 20
-611689.1093578446
 10
1007295.970266265
 20
-611789.0789286263
 42
-0.4142135623733262
 10
1007290.570662152
 20
-611798.2082372222
 10
1007148.381764236
 20
-611834.709424933
 42
-0.4142135623730299
  0
ARC
  5
9BA
330
2
100
AcDbEntity
  8
Furniture(家具)
100
AcDbCircle
 10
1007260.008188755
 20
-611770.8012446861
 30
267.6714933001055
 40
90.0908369910272
100
AcDbArc
 50
165.7178489874689
 51
194.8426871454647
  0
ARC
  5
9BB
330
2
100
AcDbEntity
  8
Furniture(家具)
100
AcDbCircle
 10
1007195.448915148
 20
-611771.1170453888
 30
267.6714933001055
 40
26.7856135829776
100
AcDbArc
 50
274.8982042581062
 51
85.66233190185718
  0
LINE
  5
9BC
330
2
100
AcDbEntity
  8
Furniture(家具)
100
AcDbLine
 10
1006923.817493763
 20
-612148.5855733479
 30
267.6714933001055
 11
1006923.48622999
 21
-612080.8651776302
 31
267.6714933001055
  0
LINE
  5
9BD
330
2
100
AcDbEntity
  8
Furniture(家具)
100
AcDbLine
 10
1006980.199279805
 20
-612222.46856191
 30
267.6714933001055
 11
1006979.1581072
 21
-612009.6211980007
 31
267.6714933001055
  0
LINE
  5
9BE
330
2
100
AcDbEntity
  8
Furniture(家具)
100
AcDbLine
 10
1007087.114129418
 20
-612221.9455729918
 30
267.6714933001055
 11
1007086.057366869
 21
-612005.9111502682
 31
267.6714933001055
  0
LINE
  5
9BF
330
2
100
AcDbEntity
  8
Furniture(家具)
100
AcDbLine
 10
1007101.687556609
 20
-612221.8742850375
 30
267.6714933001055
 11
1007100.63079406
 21
-612005.839862314
 31
267.6714933001055
  0
LWPOLYLINE
  5
9C0
330
2
100
AcDbEntity
  8
Furniture(家具)
100
AcDbPolyline
 90
        4
 70
     1
 43
0.0
 38
267.6714933001055
 10
1007077.088780524
 20
-611911.6047889134
 10
1007020.541857913
 20
-611911.8813960825
 10
1007022.521653052
 20
-612316.6117685578
 10
1007079.068575664
 20
-612316.3351613889
  0
LINE
  5
9C1
330
2
100
AcDbEntity
  8
Furniture(家具)
100
AcDbLine
 10
1007012.371065918
 20
-612342.2525656917
 30
267.6714933001055
 11
1007010.140911459
 21
-611886.3411296453
 31
267.6714933001055
  0
LINE
  5
9C2
330
2
100
AcDbEntity
  8
Furniture(家具)
100
AcDbLine
 10
1007072.449941059
 20
-612316.3675373644
 30
267.6714933001055
 11
1007070.47014592
 21
-611911.6371648889
 31
267.6714933001055
  0
ARC
  5
9C3
330
2
100
AcDbEntity
  8
Furniture(家具)
100
AcDbCircle
 10
1007153.164805761
 20
-611818.9313269774
 30
267.6714933001055
 40
48.20883602684663
100
AcDbArc
 50
99.34410358849902
 51
192.0620410821305
  0
LINE
  5
9C4
330
2
100
AcDbEntity
  8
Furniture(家具)
100
AcDbLine
 10
1007148.733494843
 20
-611770.8376204595
 30
267.6714933001055
 11
1007145.334970237
 21
-611770.8542448173
 31
267.6714933001055
  0
LINE
  5
9C5
330
2
100
AcDbEntity
  8
Furniture(家具)
100
AcDbLine
 10
1007148.738464043
 20
-611771.8534760168
 30
267.6714933001055
 11
1007145.339939437
 21
-611771.8701003742
 31
267.6714933001055
  0
LINE
  5
9C6
330
2
100
AcDbEntity
  8
Furniture(家具)
100
AcDbLine
 10
1007145.339939437
 20
-611771.8701003742
 30
267.6714933001055
 11
1007145.334970237
 21
-611770.8542448173
 31
267.6714933001055
  0
LWPOLYLINE
  5
9C7
330
2
100
AcDbEntity
  8
Furniture(家具)
100
AcDbPolyline
 90
        4
 70
     1
 43
0.0
 38
267.6714933001055
 10
1007083.98751166
 20
-612087.8773938441
 10
1007083.905207506
 20
-612071.0519202864
 10
1007081.403532854
 20
-612071.0641575777
 10
1007081.485837008
 20
-612087.8896311349
  0
LWPOLYLINE
  5
9C8
330
2
100
AcDbEntity
  8
Furniture(家具)
100
AcDbPolyline
 90
        4
 70
     1
 43
0.0
 38
267.6714933001055
 10
1007084.09240927
 20
-612109.3216575136
 10
1007084.010105116
 20
-612092.4961839565
 10
1007081.508430464
 20
-612092.5084212475
 10
1007081.590734618
 20
-612109.3338948046
  0
LWPOLYLINE
  5
9C9
330
2
100
AcDbEntity
  8
Furniture(家具)
100
AcDbPolyline
 90
        4
 70
     1
 43
0.0
 38
267.6714933001055
 10
1007084.19730688
 20
-612130.7659211839
 10
1007084.115002727
 20
-612113.9404476262
 10
1007081.613328075
 20
-612113.952684917
 10
1007081.695632228
 20
-612130.7781584747
  0
LINE
  5
9CA
330
2
100
AcDbEntity
  8
Furniture(家具)
100
AcDbLine
 10
1006979.142517256
 20
-612006.434139186
 30
267.6714933001055
 11
1006960.64608228
 21
-612006.5246170813
 31
267.6714933001055
  0
ARC
  5
9CB
330
2
100
AcDbEntity
  8
Furniture(家具)
100
AcDbCircle
 10
1007075.681049358
 20
-611881.8741576222
 30
267.6714933001055
 40
28.6105267033655
100
AcDbArc
 50
27.05498531356573
 51
188.6130890165721
  0
ARC
  5
9CC
330
2
100
AcDbEntity
  8
Furniture(家具)
100
AcDbCircle
 10
1007093.755808965
 20
-611872.6427477389
 30
267.6714933001055
 40
8.314816238171625
100
AcDbArc
 50
200.6359808737764
 51
27.05498531356573
  0
ARC
  5
9CD
330
2
100
AcDbEntity
  8
Furniture(家具)
100
AcDbCircle
 10
1007099.906061289
 20
-611870.3266108928
 30
267.6714933001055
 40
14.88673327433478
100
AcDbArc
 50
118.0367654935939
 51
200.6359808737764
  0
ARC
  5
9CE
330
2
100
AcDbEntity
  8
Furniture(家具)
100
AcDbCircle
 10
1007080.774164481
 20
-611834.4003793236
 30
267.6714933001055
 40
25.81613628312452
100
AcDbArc
 50
298.0367654935939
 51
12.06204110812628
  0
LINE
  5
9CF
330
2
100
AcDbEntity
  8
Furniture(家具)
100
AcDbLine
 10
1007100.63079406
 20
-612005.839862314
 30
267.6714933001055
 11
1007086.057366869
 21
-612005.9111502682
 31
267.6714933001055
  0
LWPOLYLINE
  5
9D0
330
2
100
AcDbEntity
  8
Furniture(家具)
100
AcDbPolyline
 90
        4
 70
     0
 43
0.0
 38
267.6714933001055
 10
1007086.057366869
 20
-612005.9111502682
 10
1007085.470670913
 20
-611885.972643607
 10
1006978.555821301
 20
-611886.4956325251
 10
1006979.142517256
 20
-612006.434139186
  0
ARC
  5
9D1
330
2
100
AcDbEntity
  8
Furniture(家具)
100
AcDbCircle
 10
1006892.708457118
 20
-612019.0229714079
 30
267.6714933001055
 40
69.07770822398394
100
AcDbArc
 50
296.4587182438505
 51
10.42403942237896
  0
LINE
  5
9D2
330
2
100
AcDbEntity
  8
Furniture(家具)
100
AcDbLine
 10
1006980.199279805
 20
-612222.46856191
 30
267.6714933001055
 11
1006961.702844828
 21
-612222.5590398044
 31
267.6714933001055
  0
ARC
  5
9D3
330
2
100
AcDbEntity
  8
Furniture(家具)
100
AcDbCircle
 10
1006893.646198865
 20
-612210.7259204474
 30
267.6714933001055
 40
69.07770822393293
100
AcDbArc
 50
350.1364967259511
 51
64.10181787439643
  0
LWPOLYLINE
  5
9D4
330
2
100
AcDbEntity
  8
Furniture(家具)
100
AcDbPolyline
 90
        4
 70
     1
 43
0.0
 38
267.6714933001055
 10
1007084.302204491
 20
-612152.2101848537
 10
1007084.219900337
 20
-612135.3847112961
 10
1007081.718225685
 20
-612135.3969485872
 10
1007081.800529839
 20
-612152.2224221443
  0
LINE
  5
9D5
330
2
100
AcDbEntity
  8
Furniture(家具)
100
AcDbLine
 10
1007101.687556609
 20
-612221.8742850375
 30
267.6714933001055
 11
1007087.114129418
 21
-612221.9455729918
 31
267.6714933001055
  0
LWPOLYLINE
  5
9D6
330
2
100
AcDbEntity
  8
Furniture(家具)
100
AcDbPolyline
 90
        4
 70
     0
 43
0.0
 38
267.6714933001055
 10
1006980.199279805
 20
-612222.46856191
 10
1006980.785975761
 20
-612342.4070685707
 10
1007087.700825373
 20
-612341.8840796531
 10
1007087.114129418
 20
-612221.9455729918
  0
LINE
  5
9D7
330
2
100
AcDbEntity
  8
Furniture(家具)
100
AcDbLine
 10
1007261.684228925
 20
-611953.3936513593
 30
803.0144799003164
 11
1007601.722036388
 21
-611927.710509367
 31
803.0144799003164
  0
LINE
  5
9D8
330
2
100
AcDbEntity
  8
Furniture(家具)
100
AcDbLine
 10
1007260.17791436
 20
-611933.4504566195
 30
803.0144799003164
 11
1007600.215721822
 21
-611907.7673146273
 31
803.0144799003164
  0
ARC
  5
9D9
330
2
100
AcDbEntity
  8
Furniture(家具)
100
AcDbCircle
 10
1007263.819214045
 20
-611958.9922055146
 30
803.0144799003164
 40
5.799999999999998
100
AcDbArc
 50
98.11356656263972
 51
190.9759717572495
  0
ARC
  5
9DA
330
2
100
AcDbEntity
  8
Furniture(家具)
100
AcDbCircle
 10
1007263.819214045
 20
-611958.9922055146
 30
803.0144799003164
 40
25.8
100
AcDbArc
 50
98.11356656263972
 51
190.9759717572495
  0
ARC
  5
9DB
330
2
100
AcDbEntity
  8
Furniture(家具)
100
AcDbCircle
 10
1007335.362058877
 20
-612327.8740936452
 30
803.0144799003164
 40
5.799999999999998
100
AcDbArc
 50
190.9759717572495
 51
283.8383770103472
  0
ARC
  5
9DC
330
2
100
AcDbEntity
  8
Furniture(家具)
100
AcDbCircle
 10
1007335.362058877
 20
-612327.8740936452
 30
803.0144799003164
 40
25.8
100
AcDbArc
 50
190.9759717572495
 51
283.8383770103472
  0
LINE
  5
9DD
330
2
100
AcDbEntity
  8
Furniture(家具)
100
AcDbLine
 10
1007329.668157598
 20
-612328.9783980551
 30
803.0144799003164
 11
1007258.125312766
 21
-611960.0965099239
 31
803.0144799003164
  0
LINE
  5
9DE
330
2
100
AcDbEntity
  8
Furniture(家具)
100
AcDbLine
 10
1007310.034015258
 20
-612332.7863442947
 30
803.0144799003164
 11
1007238.491170426
 21
-611963.904456164
 31
803.0144799003164
  0
LINE
  5
9DF
330
2
100
AcDbEntity
  8
Furniture(家具)
100
AcDbLine
 10
1007633.432721746
 20
-611951.9133821171
 30
803.0144799003164
 11
1007680.824015205
 21
-612196.2675149871
 31
803.0144799003164
  0
ARC
  5
9E0
330
2
100
AcDbEntity
  8
Furniture(家具)
100
AcDbCircle
 10
1007651.372801693
 20
-612201.9794343533
 30
803.0144799003164
 40
30.0
100
AcDbArc
 50
287.6325800252297
 51
10.97597175724953
  0
ARC
  5
9E1
330
2
100
AcDbEntity
  8
Furniture(家具)
100
AcDbCircle
 10
1007603.981508236
 20
-611957.6253014768
 30
803.0144799003164
 40
30.0
100
AcDbArc
 50
10.97597175724953
 51
94.31936348781038
  0
LINE
  5
9E2
330
2
100
AcDbEntity
  8
Furniture(家具)
100
AcDbLine
 10
1007653.066864087
 20
-611948.1054358772
 30
803.0144799003164
 11
1007700.458157545
 21
-612192.459568747
 31
803.0144799003164
  0
LINE
  5
9E3
330
2
100
AcDbEntity
  8
Furniture(家具)
100
AcDbLine
 10
1007673.333129539
 20
-611947.5567780821
 30
803.0144799003164
 11
1007719.460176773
 21
-612185.3923340629
 31
803.0144799003164
  0
ARC
  5
9E4
330
2
100
AcDbEntity
  8
Furniture(家具)
100
AcDbCircle
 10
1007733.102839255
 20
-612222.1554803132
 30
803.0144799003164
 40
20.0
100
AcDbArc
 50
254.337386320304
 51
347.2262541573555
  0
ARC
  5
9E5
330
2
100
AcDbEntity
  8
Furniture(家具)
100
AcDbCircle
 10
1007651.372801693
 20
-612201.9794343533
 30
803.0144799003164
 40
50.0
100
AcDbArc
 50
287.6325800252297
 51
10.97597175724953
  0
ARC
  5
9E6
330
2
100
AcDbEntity
  8
Furniture(家具)
100
AcDbCircle
 10
1007733.102839255
 20
-612222.1554803132
 30
803.0144799003164
 40
20.0
100
AcDbArc
 50
167.2262541573554
 51
254.337386320304
  0
LINE
  5
9E7
330
2
100
AcDbEntity
  8
Furniture(家具)
100
AcDbLine
 10
1007727.703394901
 20
-612241.4128425592
 30
803.0144799003164
 11
1007727.703394901
 21
-612241.4128425592
 31
803.0144799003164
  0
ARC
  5
9E8
330
2
100
AcDbEntity
  8
Furniture(家具)
100
AcDbCircle
 10
1007672.668749807
 20
-611908.99838343
 30
803.0144799003164
 40
20.0
100
AcDbArc
 50
125.4147193903007
 51
212.5258515420209
  0
ARC
  5
9E9
330
2
100
AcDbEntity
  8
Furniture(家具)
100
AcDbCircle
 10
1007672.668749807
 20
-611908.99838343
 30
803.0144799003164
 40
20.0
100
AcDbArc
 50
32.52585154202088
 51
125.4147193903007
  0
LINE
  5
9EA
330
2
100
AcDbEntity
  8
Furniture(家具)
100
AcDbLine
 10
1007661.078938592
 20
-611892.6988044167
 30
803.0144799003164
 11
1007661.078938592
 21
-611892.6988044167
 31
803.0144799003164
  0
ARC
  5
9EB
330
2
100
AcDbEntity
  8
Furniture(家具)
100
AcDbCircle
 10
1007346.252894645
 20
-612134.4173643365
 30
803.0144799003164
 40
416.6747491164525
100
AcDbArc
 50
347.2216465648703
 51
34.52760293820989
  0
ARC
  5
9EC
330
2
100
AcDbEntity
  8
Furniture(家具)
100
AcDbCircle
 10
1007603.981508236
 20
-611957.6253014768
 30
803.0144799003164
 40
50.0
100
AcDbArc
 50
10.97597175724953
 51
94.31936348781038
  0
ARC
  5
9ED
330
2
100
AcDbEntity
  8
Furniture(家具)
100
AcDbCircle
 10
1007346.090076518
 20
-612134.4148097483
 30
803.0144799003164
 40
376.8341010958762
100
AcDbArc
 50
347.2262541573555
 51
34.72568937823738
  0
LINE
  5
9EE
330
2
100
AcDbEntity
  8
Furniture(家具)
100
AcDbLine
 10
1007660.460157302
 20
-612230.5699916704
 30
803.0144799003164
 11
1007335.474765771
 21
-612333.8648588089
 31
803.0144799003164
  0
LINE
  5
9EF
330
2
100
AcDbEntity
  8
Furniture(家具)
100
AcDbLine
 10
1007666.518394374
 20
-612249.6303632193
 30
803.0144799003164
 11
1007341.533002843
 21
-612352.9252303576
 31
803.0144799003164
  0
LINE
  5
9F0
330
2
100
AcDbEntity
  8
Furniture(家具)
100
AcDbLine
 10
1007424.984128771
 20
-611600.2276076612
 30
0.0
 11
1006824.98412857
 21
-611600.2276075448
 31
0.0
  0
INSERT
  5
9F1
330
2
100
AcDbEntity
  8
Elec(电器)
100
AcDbBlockReference
  2
*U27
 10
1009374.984122364
 20
-610000.2276155746
 30
0.0
 41
-1.0
 50
90.0
  0
INSERT
  5
9F2
330
2
100
AcDbEntity
  8
Elec(电器)
100
AcDbBlockReference
  2
*U27
 10
1015674.984124591
 20
-623200.2276136563
 30
0.0
 50
270.0
  0
INSERT
  5
9F3
330
2
100
AcDbEntity
  8
Elec(电器)
100
AcDbBlockReference
  2
*U27
 10
1008524.984125868
 20
-619150.2276073094
 30
0.0
 50
359.9999999866597
  0
INSERT
  5
9F4
330
2
100
AcDbEntity
  8
Elec(电器)
100
AcDbBlockReference
  2
*U27
 10
1009374.984125341
 20
-616900.2276126048
 30
0.0
 41
-1.0
 50
90.0
  0
INSERT
  5
9F5
102
{ACAD_XDICTIONARY
360
9F6
102
}
330
2
100
AcDbEntity
  8
BATH
100
AcDbBlockReference
  2
*U28
 10
1017624.98412641
 20
-620600.2276137482
 30
0.0
 41
-1.0
 50
359.9999999733196
  0
INSERT
  5
A06
102
{ACAD_XDICTIONARY
360
A07
102
}
330
2
100
AcDbEntity
  8
BATH
100
AcDbBlockReference
  2
*U29
 10
1007224.984127004
 20
-613250.2276100943
 30
0.0
 41
-1.0
 50
359.9999999733196
  0
LINE
  5
A17
330
2
100
AcDbEntity
  8
BATH
100
AcDbLine
 10
1017024.949788743
 20
-619925.2276274304
 30
0.0
 11
1017044.949786647
 21
-619925.218470796
 31
0.0
  0
LINE
  5
A18
330
2
100
AcDbEntity
  8
BATH
100
AcDbLine
 10
1017024.977258646
 20
-619985.2276211418
 30
0.0
 11
1017049.977256025
 21
-619985.2161753492
 31
0.0
  0
LINE
  5
A19
330
2
100
AcDbEntity
  8
BATH
100
AcDbLine
 10
1017044.949786647
 20
-619925.218470796
 30
0.0
 11
1017044.977256549
 21
-619985.2184645077
 31
0.0
  0
LINE
  5
A1A
330
2
100
AcDbEntity
  8
BATH
100
AcDbLine
 10
1017094.954541291
 20
-619935.5921594104
 30
0.0
 11
1017094.972672992
 21
-619975.1955739698
 31
0.0
  0
LINE
  5
A1B
330
2
100
AcDbEntity
  8
BATH
100
AcDbLine
 10
1017104.972671944
 20
-619975.1909956529
 30
0.0
 11
1017049.97038855
 21
-619970.2161769214
 31
0.0
  0
LINE
  5
A1C
330
2
100
AcDbEntity
  8
BATH
100
AcDbLine
 10
1017104.954540243
 20
-619935.5875810934
 30
0.0
 11
1017049.956653598
 21
-619940.2161800654
 31
0.0
  0
LINE
  5
A1D
330
2
100
AcDbEntity
  8
BATH
100
AcDbLine
 10
1017104.954540243
 20
-619935.5875810934
 30
0.0
 11
1017104.972671944
 21
-619975.1909956529
 31
0.0
  0
LINE
  5
A1E
330
2
100
AcDbEntity
  8
BATH
100
AcDbLine
 10
1017049.97038855
 20
-619970.2161769214
 30
0.0
 11
1017049.956653598
 21
-619940.2161800654
 31
0.0
  0
LINE
  5
A1F
330
2
100
AcDbEntity
  8
BATH
100
AcDbLine
 10
1017049.956653598
 20
-619940.2161800654
 30
0.0
 11
1017049.97038855
 21
-619970.2161769214
 31
0.0
  0
LINE
  5
A20
330
2
100
AcDbEntity
  8
BATH
100
AcDbLine
 10
1017025.010483233
 20
-620057.7970453239
 30
0.0
 11
1017067.268187888
 21
-620057.7776984044
 31
0.0
  0
LINE
  5
A21
330
2
100
AcDbEntity
  8
BATH
100
AcDbLine
 10
1017025.003615757
 20
-620042.7970468958
 30
0.0
 11
1017067.261320412
 21
-620042.7776999765
 31
0.0
  0
CIRCLE
  5
A22
330
2
100
AcDbEntity
  8
BATH
100
AcDbCircle
 10
1017067.26475415
 20
-620050.2776991904
 30
0.0
 40
7.5
  0
LINE
  5
A23
330
2
100
AcDbEntity
  8
BATH
100
AcDbLine
 10
1017025.036776768
 20
-620115.2276075173
 30
0.0
 11
1017050.036774148
 21
-620115.2161617244
 31
0.0
  0
LINE
  5
A24
330
2
100
AcDbEntity
  8
BATH
100
AcDbLine
 10
1017045.036774672
 20
-620115.2184508831
 30
0.0
 11
1017045.064244575
 21
-620175.2184445949
 31
0.0
  0
LINE
  5
A25
330
2
100
AcDbEntity
  8
BATH
100
AcDbLine
 10
1017024.949788743
 20
-619925.2276274304
 30
0.0
 11
1017025.064246671
 21
-620175.227601229
 31
0.0
  0
ARC
  5
A26
330
2
100
AcDbEntity
  8
BATH
100
AcDbCircle
 10
1016916.673695728
 20
-620050.2772127653
 30
0.0
 40
148.3333333333289
100
AcDbArc
 50
334.0369982249257
 51
26.01546540644388
  0
LINE
  5
A27
330
2
100
AcDbEntity
  8
BATH
100
AcDbLine
 10
1017114.954539195
 20
-619935.5830027762
 30
0.0
 11
1017114.972670896
 21
-619975.1864173354
 31
0.0
  0
LINE
  5
A28
330
2
100
AcDbEntity
  8
BATH
100
AcDbLine
 10
1017192.529957215
 20
-620067.449126625
 30
0.0
 11
1017192.529957215
 21
-620067.449126625
 31
0.0
  0
CIRCLE
  5
A29
330
2
100
AcDbEntity
  8
BATH
100
AcDbCircle
 10
1017203.262426244
 20
-620089.2712715415
 30
0.0
 40
25.0
  0
LINE
  5
A2A
330
2
100
AcDbEntity
  8
BATH
100
AcDbLine
 10
1017114.972670896
 20
-619975.1864173354
 30
0.0
 11
1017104.972671944
 21
-619975.1909956529
 31
0.0
  0
LINE
  5
A2B
330
2
100
AcDbEntity
  8
BATH
100
AcDbLine
 10
1017114.954539195
 20
-619935.5830027762
 30
0.0
 11
1017104.954540243
 21
-619935.5875810934
 31
0.0
  0
LINE
  5
A2C
330
2
100
AcDbEntity
  8
BATH
100
AcDbLine
 10
1017197.746084445
 20
-620113.6550770926
 30
0.0
 11
1017067.268187888
 21
-620057.7776984044
 31
0.0
  0
LINE
  5
A2D
330
2
100
AcDbEntity
  8
BATH
100
AcDbLine
 10
1017209.558957115
 20
-620065.0771875747
 30
0.0
 11
1017069.041640235
 21
-620042.9912270783
 31
0.0
  0
LINE
  5
A2E
330
2
100
AcDbEntity
  8
BATH
100
AcDbLine
 10
1018624.984125853
 20
-620500.2276146419
 30
0.0
 11
1018624.984126029
 21
-619600.2435754619
 31
0.0
  0
LINE
  5
A2F
330
2
100
AcDbEntity
  8
BATH
100
AcDbLine
 10
1017025.064246671
 20
-620175.227601229
 30
0.0
 11
1017045.064244575
 21
-620175.2184445949
 31
0.0
  0
LINE
  5
A30
330
2
100
AcDbEntity
  8
BATH
100
AcDbLine
 10
1017050.043641624
 20
-620130.2161601525
 30
0.0
 11
1017050.057376576
 21
-620160.2161570082
 31
0.0
  0
LINE
  5
A31
330
2
100
AcDbEntity
  8
BATH
100
AcDbLine
 10
1017050.057376576
 20
-620160.2161570082
 30
0.0
 11
1017050.043641624
 21
-620130.2161601525
 31
0.0
  0
LINE
  5
A32
330
2
100
AcDbEntity
  8
BATH
100
AcDbLine
 10
1017105.041528269
 20
-620125.5875611804
 30
0.0
 11
1017105.05965997
 21
-620165.19097574
 31
0.0
  0
LINE
  5
A33
330
2
100
AcDbEntity
  8
BATH
100
AcDbLine
 10
1017105.041528269
 20
-620125.5875611804
 30
0.0
 11
1017050.043641624
 21
-620130.2161601525
 31
0.0
  0
LINE
  5
A34
330
2
100
AcDbEntity
  8
BATH
100
AcDbLine
 10
1017105.05965997
 20
-620165.19097574
 30
0.0
 11
1017050.057376576
 21
-620160.2161570082
 31
0.0
  0
LINE
  5
A35
330
2
100
AcDbEntity
  8
BATH
100
AcDbLine
 10
1017095.041529317
 20
-620125.5921394974
 30
0.0
 11
1017095.059661018
 21
-620165.1955540569
 31
0.0
  0
LINE
  5
A36
330
2
100
AcDbEntity
  8
BATH
100
AcDbLine
 10
1017115.041527221
 20
-620125.5829828632
 30
0.0
 11
1017115.059658922
 21
-620165.1863974226
 31
0.0
  0
LINE
  5
A37
330
2
100
AcDbEntity
  8
BATH
100
AcDbLine
 10
1017115.041527221
 20
-620125.5829828632
 30
0.0
 11
1017105.041528269
 21
-620125.5875611804
 31
0.0
  0
LINE
  5
A38
330
2
100
AcDbEntity
  8
BATH
100
AcDbLine
 10
1017115.059658922
 20
-620165.1863974226
 30
0.0
 11
1017105.05965997
 21
-620165.19097574
 31
0.0
  0
LINE
  5
A39
330
2
100
AcDbEntity
  8
BATH
100
AcDbLine
 10
1018624.984126029
 20
-619600.2435754619
 30
0.0
 11
1017024.984126184
 21
-619600.2435751747
 31
0.0
  0
LINE
  5
A3A
330
2
100
AcDbEntity
  8
BATH
100
AcDbLine
 10
1018624.98412602
 20
-619650.2435754619
 30
0.0
 11
1017024.984126175
 21
-619650.2435751749
 31
0.0
  0
INSERT
  5
A3B
330
2
100
AcDbEntity
  8
FUR
100
AcDbBlockReference
  2
13
 10
1001036.070566607
 20
-90846.40483717851
 30
0.0
 41
-1.0
  0
INSERT
  5
A3C
330
2
100
AcDbEntity
  8
BATH
  6
ByBlock
100
AcDbBlockReference
  2
A$C77202156
 10
1006822.09598648
 20
-613900.2274871336
 30
0.0
 50
179.9999997198555
  0
INSERT
  5
A3D
330
2
100
AcDbEntity
  8
家具
100
AcDbBlockReference
 66
     1
  2
_E12QMA
 10
-1007495.774531818
 20
-613927.600624139
 30
0.0
 43
-0.9999999999999998
 50
0.0000002934846909
210
0.0
220
0.0
230
-1.0
  0
ATTRIB
  5
A3E
330
A3D
100
AcDbEntity
  8
0
100
AcDbText
 10
1007494.745960393
 20
-613927.100624134
 30
0.0
 40
0.5
  1
500
 50
359.9999997085869
 41
0.7999999999883585
  7
DIM_FONT
 71
     4
100
AcDbAttribute
280
     0
  2
XSIZE
 70
     9
280
     0
  0
ATTRIB
  5
A3F
330
A3D
100
AcDbEntity
  8
0
100
AcDbText
 10
1007495.507865154
 20
-613927.1006241376
 30
0.0
 40
0.5
  1
0
 50
359.9999997085869
 41
0.7999999999883585
  7
DIM_FONT
 71
     4
100
AcDbAttribute
280
     0
  2
YSIZE
 70
     9
280
     0
  0
SEQEND
  5
A40
330
A3D
100
AcDbEntity
  8
家具
  0
INSERT
  5
A41
330
2
100
AcDbEntity
  8
BATH
100
AcDbBlockReference
  2
TP6
 10
1005922.095970501
 20
-615159.0380660866
 30
0.0
 41
-1.0
 50
179.9999997065153
  0
LINE
  5
A42
330
2
100
AcDbEntity
  8
铺地
100
AcDbLine
 10
1008124.984132414
 20
-614450.2275557485
 30
0.0
 11
1006822.095974233
 21
-614450.2275496808
 31
0.0
  0
ARC
  5
A43
330
2
100
AcDbEntity
  8
FUR
100
AcDbCircle
 10
1013403.909475222
 20
-616267.587114576
 30
0.0
 40
10.0
100
AcDbArc
 50
67.33000896058456
 51
139.2734568515456
  0
ARC
  5
A44
330
2
100
AcDbEntity
  8
FUR
100
AcDbCircle
 10
1013635.495119146
 20
-616466.9689265136
 30
0.0
 40
315.5896225382623
100
AcDbArc
 50
139.2734568515456
 51
178.2348623486871
  0
ARC
  5
A45
330
2
100
AcDbEntity
  8
FUR
100
AcDbCircle
 10
1013400.055247172
 20
-616276.8145154092
 30
0.0
 40
20.0
100
AcDbArc
 50
0.0000002001031983
 51
67.33000896058456
  0
ARC
  5
A46
330
2
100
AcDbEntity
  8
FUR
100
AcDbCircle
 10
1013487.55524742
 20
-616349.3145151094
 30
0.0
 40
67.5
100
AcDbArc
 50
90.00000021344339
 51
180.0000002001032
  0
ARC
  5
A47
330
2
100
AcDbEntity
  8
FUR
100
AcDbCircle
 10
1013899.317346541
 20
-616150.2276329829
 30
0.0
 40
50.0
100
AcDbArc
 50
90.00000021344339
 51
180.0000002001032
  0
ARC
  5
A48
330
2
100
AcDbEntity
  8
FUR
100
AcDbCircle
 10
1013712.55524742
 20
-616349.3145143385
 30
0.0
 40
67.5
100
AcDbArc
 50
0.0000002001031983
 51
90.00000021344339
  0
ARC
  5
A49
330
2
100
AcDbEntity
  8
FUR
100
AcDbCircle
 10
1014549.31734654
 20
-616150.2276307558
 30
0.0
 40
50.0
100
AcDbArc
 50
0.0000002001031983
 51
90.00000021344339
  0
LINE
  5
A4A
330
2
100
AcDbEntity
  8
FUR
100
AcDbLine
 10
1014549.317346369
 20
-616100.2276307559
 30
0.0
 11
1013899.317346369
 21
-616100.2276329829
 31
0.0
  0
LINE
  5
A4B
330
2
100
AcDbEntity
  8
FUR
100
AcDbLine
 10
1013487.555247189
 20
-616281.8145151094
 30
0.0
 11
1013712.555247189
 21
-616281.8145143385
 31
0.0
  0
ARC
  5
A4C
330
2
100
AcDbEntity
  8
FUR
100
AcDbCircle
 10
1015044.725218664
 20
-616267.5871089539
 30
0.0
 40
10.0
100
AcDbArc
 50
40.72654349678565
 51
112.6699913863864
  0
ARC
  5
A4D
330
2
100
AcDbEntity
  8
FUR
100
AcDbCircle
 10
1014813.139576106
 20
-616466.9689224783
 30
0.0
 40
315.5896225382623
100
AcDbArc
 50
1.765138051772743
 51
40.72654349678565
  0
ARC
  5
A4E
330
2
100
AcDbEntity
  8
FUR
100
AcDbCircle
 10
1015048.579446777
 20
-616276.8145097606
 30
0.0
 40
20.0
100
AcDbArc
 50
112.6699913863864
 51
180.0000002001032
  0
ARC
  5
A4F
330
2
100
AcDbEntity
  8
FUR
100
AcDbCircle
 10
1014961.079447025
 20
-616349.3145100606
 30
0.0
 40
67.5
100
AcDbArc
 50
0.0000002001031983
 51
90.00000021344339
  0
LINE
  5
A50
330
2
100
AcDbEntity
  8
FUR
100
AcDbLine
 10
1014961.079446794
 20
-616281.8145100604
 30
0.0
 11
1014736.079446794
 21
-616281.8145108314
 31
0.0
  0
ARC
  5
A51
330
2
100
AcDbEntity
  8
FUR
100
AcDbCircle
 10
1014736.079447025
 20
-616349.3145108314
 30
0.0
 40
67.5
100
AcDbArc
 50
90.00000021344339
 51
180.0000002001032
  0
ARC
  5
A52
330
2
100
AcDbEntity
  8
FUR
100
AcDbCircle
 10
1013487.5552485
 20
-616664.3145151095
 30
0.0
 40
67.5
100
AcDbArc
 50
180.0000002001032
 51
270.0000002134434
  0
ARC
  5
A53
330
2
100
AcDbEntity
  8
FUR
100
AcDbCircle
 10
1013403.909477575
 20
-616954.4133531447
 30
0.0
 40
10.0
100
AcDbArc
 50
67.33000896058456
 51
139.2734568515456
  0
ARC
  5
A54
330
2
100
AcDbEntity
  8
FUR
100
AcDbCircle
 10
1013400.055249525
 20
-616963.6407539782
 30
0.0
 40
20.0
100
AcDbArc
 50
0.0000002001031983
 51
67.33000896058456
  0
ARC
  5
A55
330
2
100
AcDbEntity
  8
FUR
100
AcDbCircle
 10
1013635.495119419
 20
-616546.6601026917
 30
0.0
 40
315.5896225382623
100
AcDbArc
 50
181.7651380517727
 51
220.7265434967856
  0
ARC
  5
A56
330
2
100
AcDbEntity
  8
FUR
100
AcDbCircle
 10
1013403.909476861
 20
-616746.0419162162
 30
0.0
 40
10.0
100
AcDbArc
 50
220.7265434967856
 51
292.6699913863863
  0
ARC
  5
A57
330
2
100
AcDbEntity
  8
FUR
100
AcDbCircle
 10
1013400.055248748
 20
-616736.8145154092
 30
0.0
 40
20.0
100
AcDbArc
 50
292.6699913863863
 51
0.0000002001031983
  0
LINE
  5
A58
330
2
100
AcDbEntity
  8
FUR
100
AcDbLine
 10
1013320.055250483
 20
-617243.2073214103
 30
0.0
 11
1013320.055250144
 21
-617144.0741870942
 31
0.0
  0
ARC
  5
A59
330
2
100
AcDbEntity
  8
FUR
100
AcDbCircle
 10
1013400.055251101
 20
-617423.6407539781
 30
0.0
 40
20.0
100
AcDbArc
 50
292.6699913863863
 51
0.0000002001031983
  0
ARC
  5
A5A
330
2
100
AcDbEntity
  8
FUR
100
AcDbCircle
 10
1013487.555250853
 20
-617351.1407536783
 30
0.0
 40
67.5
100
AcDbArc
 50
180.0000002001032
 51
270.0000002134434
  0
ARC
  5
A5B
330
2
100
AcDbEntity
  8
FUR
100
AcDbCircle
 10
1013403.909479215
 20
-617432.8681547849
 30
0.0
 40
10.0
100
AcDbArc
 50
220.7265434967856
 51
292.6699913863863
  0
ARC
  5
A5C
330
2
100
AcDbEntity
  8
FUR
100
AcDbCircle
 10
1013635.495121772
 20
-617233.4863412604
 30
0.0
 40
315.5896225382623
100
AcDbArc
 50
181.7651380517727
 51
220.7265434967856
  0
ARC
  5
A5D
330
2
100
AcDbEntity
  8
FUR
100
AcDbCircle
 10
1016097.893501035
 20
-617193.6407447341
 30
0.0
 40
2712.716921149136
100
AcDbArc
 50
174.8023042212488
 51
185.1976961676391
  0
ARC
  5
A5E
330
2
100
AcDbEntity
  8
FUR
100
AcDbCircle
 10
1013635.495121499
 20
-617153.7951650822
 30
0.0
 40
315.5896225382623
100
AcDbArc
 50
139.2734568515456
 51
178.2348623486871
  0
ARC
  5
A5F
330
2
100
AcDbEntity
  8
FUR
100
AcDbCircle
 10
1013487.555249774
 20
-617036.1407536783
 30
0.0
 40
67.5
100
AcDbArc
 50
90.00000021344339
 51
180.0000002001032
  0
LINE
  5
A60
330
2
100
AcDbEntity
  8
FUR
100
AcDbLine
 10
1013420.055251101
 20
-617423.6407539095
 30
0.0
 11
1013420.055249525
 21
-616963.6407539095
 31
0.0
  0
ARC
  5
A61
330
2
100
AcDbEntity
  8
FUR
100
AcDbCircle
 10
1013712.5552485
 20
-616664.3145143385
 30
0.0
 40
67.5
100
AcDbArc
 50
270.0000002134434
 51
0.0000002001031983
  0
ARC
  5
A62
330
2
100
AcDbEntity
  8
FUR
100
AcDbCircle
 10
1013712.555250853
 20
-617351.1407529074
 30
0.0
 40
67.5
100
AcDbArc
 50
270.0000002134434
 51
0.0000002001031983
  0
LINE
  5
A63
330
2
100
AcDbEntity
  8
FUR
100
AcDbLine
 10
1013780.055250853
 20
-617351.1407526761
 30
0.0
 11
1013780.055249774
 21
-617036.1407526759
 31
0.0
  0
LINE
  5
A64
330
2
100
AcDbEntity
  8
FUR
100
AcDbLine
 10
1014668.579449379
 20
-617036.1407496315
 30
0.0
 11
1014668.579450458
 21
-617351.1407496315
 31
0.0
  0
ARC
  5
A65
330
2
100
AcDbEntity
  8
FUR
100
AcDbCircle
 10
1013712.555249774
 20
-617036.1407529074
 30
0.0
 40
67.5
100
AcDbArc
 50
0.0000002001031983
 51
90.00000021344339
  0
LINE
  5
A66
330
2
100
AcDbEntity
  8
FUR
100
AcDbLine
 10
1013487.555251084
 20
-617418.6407536783
 30
0.0
 11
1013712.555251084
 21
-617418.6407529074
 31
0.0
  0
LINE
  5
A67
330
2
100
AcDbEntity
  8
FUR
100
AcDbLine
 10
1013487.555249542
 20
-616968.6407536783
 30
0.0
 11
1013712.555249542
 21
-616968.6407529074
 31
0.0
  0
LINE
  5
A68
330
2
100
AcDbEntity
  8
FUR
100
AcDbLine
 10
1013487.555248731
 20
-616731.8145151094
 30
0.0
 11
1013712.555248731
 21
-616731.8145143386
 31
0.0
  0
LINE
  5
A69
330
2
100
AcDbEntity
  8
FUR
100
AcDbLine
 10
1013899.317351509
 20
-617600.2276329829
 30
0.0
 11
1014549.317351509
 21
-617600.227630756
 31
0.0
  0
ARC
  5
A6A
330
2
100
AcDbEntity
  8
FUR
100
AcDbCircle
 10
1014549.317351338
 20
-617550.2276307557
 30
0.0
 40
50.0
100
AcDbArc
 50
270.0000002134434
 51
0.0000002001031983
  0
ARC
  5
A6B
330
2
100
AcDbEntity
  8
FUR
100
AcDbCircle
 10
1013899.317351338
 20
-617550.2276329829
 30
0.0
 40
50.0
100
AcDbArc
 50
180.0000002001032
 51
270.0000002134434
  0
ARC
  5
A6C
330
2
100
AcDbEntity
  8
FUR
100
AcDbCircle
 10
1014961.079448105
 20
-616664.3145100604
 30
0.0
 40
67.5
100
AcDbArc
 50
270.0000002134434
 51
0.0000002001031983
  0
LINE
  5
A6D
330
2
100
AcDbEntity
  8
FUR
100
AcDbLine
 10
1014961.079448336
 20
-616731.8145100605
 30
0.0
 11
1014736.079448336
 21
-616731.8145108314
 31
0.0
  0
ARC
  5
A6E
330
2
100
AcDbEntity
  8
FUR
100
AcDbCircle
 10
1015044.725221017
 20
-616954.4133475225
 30
0.0
 40
10.0
100
AcDbArc
 50
40.72654349678565
 51
112.6699913863864
  0
ARC
  5
A6F
330
2
100
AcDbEntity
  8
FUR
100
AcDbCircle
 10
1015048.57944913
 20
-616963.6407483296
 30
0.0
 40
20.0
100
AcDbArc
 50
112.6699913863864
 51
180.0000002001032
  0
LINE
  5
A70
330
2
100
AcDbEntity
  8
FUR
100
AcDbLine
 10
1014961.079449147
 20
-616968.6407486294
 30
0.0
 11
1014736.079449147
 21
-616968.6407494004
 31
0.0
  0
ARC
  5
A71
330
2
100
AcDbEntity
  8
FUR
100
AcDbCircle
 10
1014813.139576379
 20
-616546.6600986564
 30
0.0
 40
315.5896225382623
100
AcDbArc
 50
319.2734568515456
 51
358.2348623486872
  0
ARC
  5
A72
330
2
100
AcDbEntity
  8
FUR
100
AcDbCircle
 10
1015044.725220303
 20
-616746.0419105943
 30
0.0
 40
10.0
100
AcDbArc
 50
247.3300089605846
 51
319.2734568515456
  0
ARC
  5
A73
330
2
100
AcDbEntity
  8
FUR
100
AcDbCircle
 10
1015048.579448353
 20
-616736.8145097606
 30
0.0
 40
20.0
100
AcDbArc
 50
180.0000002001032
 51
247.3300089605846
  0
LINE
  5
A74
330
2
100
AcDbEntity
  8
FUR
100
AcDbLine
 10
1015128.579449748
 20
-617144.0741808972
 30
0.0
 11
1015128.579450088
 21
-617243.2073152135
 31
0.0
  0
ARC
  5
A75
330
2
100
AcDbEntity
  8
FUR
100
AcDbCircle
 10
1015048.579450706
 20
-617423.6407483296
 30
0.0
 40
20.0
100
AcDbArc
 50
180.0000002001032
 51
247.3300089605846
  0
ARC
  5
A76
330
2
100
AcDbEntity
  8
FUR
100
AcDbCircle
 10
1014961.079450458
 20
-617351.1407486294
 30
0.0
 40
67.5
100
AcDbArc
 50
270.0000002134434
 51
0.0000002001031983
  0
ARC
  5
A77
330
2
100
AcDbEntity
  8
FUR
100
AcDbCircle
 10
1015044.725222656
 20
-617432.8681491627
 30
0.0
 40
10.0
100
AcDbArc
 50
247.3300089605846
 51
319.2734568515456
  0
LINE
  5
A78
330
2
100
AcDbEntity
  8
FUR
100
AcDbLine
 10
1014961.079450689
 20
-617418.6407486294
 30
0.0
 11
1014736.079450689
 21
-617418.6407494002
 31
0.0
  0
ARC
  5
A79
330
2
100
AcDbEntity
  8
FUR
100
AcDbCircle
 10
1014813.139578732
 20
-617233.4863372253
 30
0.0
 40
315.5896225382623
100
AcDbArc
 50
319.2734568515456
 51
358.2348623486872
  0
ARC
  5
A7A
330
2
100
AcDbEntity
  8
FUR
100
AcDbCircle
 10
1012350.741199197
 20
-617193.6407575735
 30
0.0
 40
2712.716921149136
100
AcDbArc
 50
354.8023042212488
 51
5.197696167639155
  0
ARC
  5
A7B
330
2
100
AcDbEntity
  8
FUR
100
AcDbCircle
 10
1014813.13957846
 20
-617153.7951610472
 30
0.0
 40
315.5896225382623
100
AcDbArc
 50
1.765138051772743
 51
40.72654349678565
  0
ARC
  5
A7C
330
2
100
AcDbEntity
  8
FUR
100
AcDbCircle
 10
1014961.079449379
 20
-617036.1407486294
 30
0.0
 40
67.5
100
AcDbArc
 50
0.0000002001031983
 51
90.00000021344339
  0
LINE
  5
A7D
330
2
100
AcDbEntity
  8
FUR
100
AcDbLine
 10
1015028.57944913
 20
-616963.6407483979
 30
0.0
 11
1015028.579450706
 21
-617423.6407483979
 31
0.0
  0
ARC
  5
A7E
330
2
100
AcDbEntity
  8
FUR
100
AcDbCircle
 10
1014736.079449379
 20
-617036.1407494002
 30
0.0
 40
67.5
100
AcDbArc
 50
90.00000021344339
 51
180.0000002001032
  0
ARC
  5
A7F
330
2
100
AcDbEntity
  8
FUR
100
AcDbCircle
 10
1014736.079450458
 20
-617351.1407494004
 30
0.0
 40
67.5
100
AcDbArc
 50
180.0000002001032
 51
270.0000002134434
  0
ARC
  5
A80
330
2
100
AcDbEntity
  8
FUR
100
AcDbCircle
 10
1014736.079448105
 20
-616664.3145108314
 30
0.0
 40
67.5
100
AcDbArc
 50
180.0000002001032
 51
270.0000002134434
  0
LINE
  5
A81
330
2
100
AcDbEntity
  8
FUR
100
AcDbLine
 10
1014599.317351338
 20
-617550.2276305845
 30
0.0
 11
1014599.317346541
 21
-616150.2276305846
 31
0.0
  0
ARC
  5
A82
330
2
100
AcDbEntity
  8
FUR
100
AcDbCircle
 10
1012350.741196843
 20
-616506.8145190047
 30
0.0
 40
2712.716921149136
100
AcDbArc
 50
354.8023042212488
 51
5.197696167639155
  0
LINE
  5
A83
330
2
100
AcDbEntity
  8
FUR
100
AcDbLine
 10
1015028.579446777
 20
-616276.814509829
 30
0.0
 11
1015028.579448353
 21
-616736.814509829
 31
0.0
  0
LINE
  5
A84
330
2
100
AcDbEntity
  8
FUR
100
AcDbLine
 10
1015128.579447395
 20
-616457.2479423284
 30
0.0
 11
1015128.579447735
 21
-616556.3810766449
 31
0.0
  0
LINE
  5
A85
330
2
100
AcDbEntity
  8
FUR
100
AcDbLine
 10
1014668.579447025
 20
-616349.3145110626
 30
0.0
 11
1014668.579448105
 21
-616664.3145110626
 31
0.0
  0
LINE
  5
A86
330
2
100
AcDbEntity
  8
FUR
100
AcDbLine
 10
1013849.317346541
 20
-616150.2276331543
 30
0.0
 11
1013849.317351338
 21
-617550.2276331543
 31
0.0
  0
LINE
  5
A87
330
2
100
AcDbEntity
  8
FUR
100
AcDbLine
 10
1013780.0552485
 20
-616664.3145141071
 30
0.0
 11
1013780.05524742
 21
-616349.3145141071
 31
0.0
  0
ARC
  5
A88
330
2
100
AcDbEntity
  8
FUR
100
AcDbCircle
 10
1016097.893498681
 20
-616506.8145061654
 30
0.0
 40
2712.716921149136
100
AcDbArc
 50
174.8023042212488
 51
185.1976961676391
  0
LINE
  5
A89
330
2
100
AcDbEntity
  8
FUR
100
AcDbLine
 10
1013420.055248748
 20
-616736.8145153407
 30
0.0
 11
1013420.055247172
 21
-616276.8145153407
 31
0.0
  0
LINE
  5
A8A
330
2
100
AcDbEntity
  8
FUR
100
AcDbLine
 10
1013320.05524813
 20
-616556.3810828417
 30
0.0
 11
1013320.05524779
 21
-616457.2479485252
 31
0.0
  0
ARC
  5
A8B
330
2
100
AcDbEntity
  8
FUR
100
AcDbCircle
 10
1013985.089952214
 20
-618045.3734046075
 30
0.0
 40
10.0
100
AcDbArc
 50
157.3300089698683
 51
229.2734568645943
  0
ARC
  5
A8C
330
2
100
AcDbEntity
  8
FUR
100
AcDbCircle
 10
1013994.317353047
 20
-618049.2276326575
 30
0.0
 40
20.0
100
AcDbArc
 50
90.00000021344339
 51
157.3300089698683
  0
LINE
  5
A8D
330
2
100
AcDbEntity
  8
FUR
100
AcDbLine
 10
1014273.88392048
 20
-618129.2276316995
 30
0.0
 11
1014174.750786163
 21
-618129.2276320394
 31
0.0
  0
ARC
  5
A8E
330
2
100
AcDbEntity
  8
FUR
100
AcDbCircle
 10
1014454.317353047
 20
-618049.2276310814
 30
0.0
 40
20.0
100
AcDbArc
 50
22.66999141334331
 51
90.00000021344339
  0
ARC
  5
A8F
330
2
100
AcDbEntity
  8
FUR
100
AcDbCircle
 10
1014381.817352748
 20
-617961.7276313297
 30
0.0
 40
67.5
100
AcDbArc
 50
270.0000002134434
 51
0.0000002001031983
  0
ARC
  5
A90
330
2
100
AcDbEntity
  8
FUR
100
AcDbCircle
 10
1014463.544753854
 20
-618045.3734029682
 30
0.0
 40
10.0
100
AcDbArc
 50
310.7265434907101
 51
22.66999141334331
  0
ARC
  5
A91
330
2
100
AcDbEntity
  8
FUR
100
AcDbCircle
 10
1014264.16294033
 20
-617813.7877604108
 30
0.0
 40
315.5896225382623
100
AcDbArc
 50
271.7651380250925
 51
310.7265434907101
  0
ARC
  5
A92
330
2
100
AcDbEntity
  8
FUR
100
AcDbCircle
 10
1014224.317343803
 20
-615351.3893811481
 30
0.0
 40
2712.716921149136
100
AcDbArc
 50
264.8023042078065
 51
275.1976961672615
  0
ARC
  5
A93
330
2
100
AcDbEntity
  8
FUR
100
AcDbCircle
 10
1014184.471764152
 20
-617813.787760684
 30
0.0
 40
315.5896225382623
100
AcDbArc
 50
229.2734568645943
 51
268.2348623486108
  0
ARC
  5
A94
330
2
100
AcDbEntity
  8
FUR
100
AcDbCircle
 10
1014066.817352748
 20
-617961.727632409
 30
0.0
 40
67.5
100
AcDbArc
 50
180.0000002001032
 51
270.0000002134434
  0
LINE
  5
A95
330
2
100
AcDbEntity
  8
FUR
100
AcDbLine
 10
1014454.317352979
 20
-618029.2276310814
 30
0.0
 11
1013994.317352979
 21
-618029.2276326574
 31
0.0
  0
ARC
  5
A96
330
2
100
AcDbEntity
  8
FUR
100
AcDbCircle
 10
1014381.817351977
 20
-617736.7276313298
 30
0.0
 40
67.5
100
AcDbArc
 50
0.0000002001031983
 51
90.00000021344339
  0
LINE
  5
A97
330
2
100
AcDbEntity
  8
FUR
100
AcDbLine
 10
1014381.817351745
 20
-617669.2276313298
 30
0.0
 11
1014066.817351745
 21
-617669.2276324089
 31
0.0
  0
ARC
  5
A98
330
2
100
AcDbEntity
  8
FUR
100
AcDbCircle
 10
1014066.817351977
 20
-617736.727632409
 30
0.0
 40
67.5
100
AcDbArc
 50
90.00000021344339
 51
180.0000002001032
  0
LINE
  5
A99
330
2
100
AcDbEntity
  8
FUR
100
AcDbLine
 10
1014449.317352748
 20
-617961.7276310985
 30
0.0
 11
1014449.317351977
 21
-617736.7276310985
 31
0.0
  0
LINE
  5
A9A
330
2
100
AcDbEntity
  8
FUR
100
AcDbLine
 10
1013999.317352748
 20
-617961.7276326403
 30
0.0
 11
1013999.317351977
 21
-617736.7276326404
 31
0.0
  0
DIMENSION
  5
A9B
330
2
100
AcDbEntity
  8
PUB_DIM
100
AcDbDimension
280
     0
  2
*D31
 10
1002417.736008735
 20
-609900.2276122997
 30
0.0
 11
1002005.236008735
 21
-610200.2276122997
 31
0.0
 70
     1
 71
     5
 42
600.0000000001163
 73
     0
 74
     0
 75
     0
  3
_TCH_ARCH&&150
100
AcDbAlignedDimension
 13
1004233.543235184
 23
-610500.2276122999
 33
0.0
 14
1004233.543235198
 24
-609900.2276122997
 34
0.0
  0
DIMENSION
  5
AAE
330
2
100
AcDbEntity
  8
PUB_DIM
100
AcDbDimension
280
     0
  2
*D32
 10
1002417.736008689
 20
-610500.2276122999
 30
0.0
 11
1002005.236008689
 21
-612150.227608603
 31
0.0
 70
     1
 71
     5
 42
3299.999992606463
 73
     0
 74
     0
 75
     0
  3
_TCH_ARCH&&150
100
AcDbAlignedDimension
 13
1004233.543235107
 23
-613800.2276049064
 33
0.0
 14
1004233.543235184
 24
-610500.2276122999
 34
0.0
  0
DIMENSION
  5
ABB
330
2
100
AcDbEntity
  8
PUB_DIM
100
AcDbDimension
280
     0
  2
*D33
 10
1002417.73600863
 20
-613800.2276049064
 30
0.0
 11
1002005.23600863
 21
-614700.2276049065
 31
0.0
 70
     1
 71
     5
 42
1800.000000000233
 73
     0
 74
     0
 75
     0
  3
_TCH_ARCH&&150
100
AcDbAlignedDimension
 13
1004233.543235066
 23
-615600.2276049068
 33
0.0
 14
1004233.543235107
 24
-613800.2276049064
 34
0.0
  0
DIMENSION
  5
AC8
330
2
100
AcDbEntity
  8
PUB_DIM
100
AcDbDimension
280
     0
  2
*D34
 10
1002417.736008564
 20
-615600.2276049068
 30
0.0
 11
1002005.236008564
 21
-617550.2276048515
 31
0.0
 70
     1
 71
     5
 42
3899.999999889755
 73
     0
 74
     0
 75
     0
  3
_TCH_ARCH&&150
100
AcDbAlignedDimension
 13
1004233.543234975
 23
-619500.2276047964
 33
0.0
 14
1004233.543235066
 24
-615600.2276049068
 34
0.0
  0
DIMENSION
  5
AD5
330
2
100
AcDbEntity
  8
PUB_DIM
100
AcDbDimension
280
     0
  2
*D35
 10
1002417.736008511
 20
-619500.2276047964
 30
0.0
 11
1002005.236008511
 21
-619800.2276048514
 31
0.0
 70
     1
 71
     5
 42
600.0000001101287
 73
     0
 74
     0
 75
     0
  3
_TCH_ARCH&&150
100
AcDbAlignedDimension
 13
1004233.543234961
 23
-620100.2276049066
 33
0.0
 14
1004233.543234975
 24
-619500.2276047964
 34
0.0
  0
DIMENSION
  5
AE4
330
2
100
AcDbEntity
  8
PUB_DIM
100
AcDbDimension
280
     0
  2
*D36
 10
1002417.736008458
 20
-620100.2276049066
 30
0.0
 11
1002005.236008458
 21
-622100.2276056445
 31
0.0
 70
     1
 71
     5
 42
4000.000001476262
 73
     0
 74
     0
 75
     0
  3
_TCH_ARCH&&150
100
AcDbAlignedDimension
 13
1004233.543234868
 23
-624100.2276063828
 33
0.0
 14
1004233.543234961
 24
-620100.2276049066
 34
0.0
  0
DIMENSION
  5
AF1
330
2
100
AcDbEntity
  8
PUB_DIM
100
AcDbDimension
280
     0
  2
*D37
 10
1002417.736008397
 20
-624100.2276063828
 30
0.0
 11
1002005.236008397
 21
-624699.9776095536
 31
0.0
 70
     1
 71
     5
 42
1199.500006341841
 73
     0
 74
     0
 75
     0
  3
_TCH_ARCH&&150
100
AcDbAlignedDimension
 13
1004233.54323484
 23
-625299.7276127246
 33
0.0
 14
1004233.543234868
 24
-624100.2276063828
 34
0.0
  0
DIMENSION
  5
B00
330
2
100
AcDbEntity
  8
PUB_DIM
100
AcDbDimension
280
     0
  2
*D38
 10
1001217.736006561
 20
-609900.2276122997
 30
0.0
 11
1000805.236006561
 21
-617599.9776125121
 31
0.0
 70
     1
 71
     5
 42
15399.50000042468
 73
     0
 74
     0
 75
     0
  3
_TCH_ARCH&&150
100
AcDbAlignedDimension
 13
1004233.543227589
 23
-625299.7276127246
 33
0.0
 14
1004233.543235199
 24
-609900.2276122997
 34
0.0
  0
DIMENSION
  5
B0D
330
2
100
AcDbEntity
  8
PUB_DIM
100
AcDbDimension
280
     0
  2
*D39
 10
1037432.232245401
 20
-609900.2276200545
 30
0.0
 11
1037019.732245401
 21
-610200.2276200543
 31
0.0
 70
     1
 71
     5
 42
600.0000000001163
 73
     0
 74
     0
 75
     0
  3
_TCH_ARCH&&150
100
AcDbAlignedDimension
 13
1035616.425018803
 23
-610500.2276200546
 33
0.0
 14
1035616.425019086
 24
-609900.2276200545
 34
0.0
  0
DIMENSION
  5
B1C
330
2
100
AcDbEntity
  8
PUB_DIM
100
AcDbDimension
280
     0
  2
*D40
 10
1037432.232244483
 20
-610500.2276200546
 30
0.0
 11
1037019.732244483
 21
-612150.2276163578
 31
0.0
 70
     1
 71
     5
 42
3299.999992606463
 73
     0
 74
     0
 75
     0
  3
_TCH_ARCH&&150
100
AcDbAlignedDimension
 13
1035616.425017249
 23
-613800.2276126611
 33
0.0
 14
1035616.425018803
 24
-610500.2276200546
 34
0.0
  0
DIMENSION
  5
B29
330
2
100
AcDbEntity
  8
PUB_DIM
100
AcDbDimension
280
     0
  2
*D41
 10
1037432.232243282
 20
-613800.2276126611
 30
0.0
 11
1037019.732243282
 21
-614700.227612661
 31
0.0
 70
     1
 71
     5
 42
1800.000000000233
 73
     0
 74
     0
 75
     0
  3
_TCH_ARCH&&150
100
AcDbAlignedDimension
 13
1035616.425016401
 23
-615600.2276126613
 33
0.0
 14
1035616.425017249
 24
-613800.2276126611
 34
0.0
  0
DIMENSION
  5
B36
330
2
100
AcDbEntity
  8
PUB_DIM
100
AcDbDimension
280
     0
  2
*D42
 10
1037432.23224194
 20
-615600.2276126613
 30
0.0
 11
1037019.73224194
 21
-617550.2276126062
 31
0.0
 70
     1
 71
     5
 42
3899.999999889755
 73
     0
 74
     0
 75
     0
  3
_TCH_ARCH&&150
100
AcDbAlignedDimension
 13
1035616.425014565
 23
-619500.2276125511
 33
0.0
 14
1035616.425016401
 24
-615600.2276126613
 34
0.0
  0
DIMENSION
  5
B43
330
2
100
AcDbEntity
  8
PUB_DIM
100
AcDbDimension
280
     0
  2
*D43
 10
1037432.23224088
 20
-619500.2276125511
 30
0.0
 11
1037019.73224088
 21
-619800.2276126061
 31
0.0
 70
     1
 71
     5
 42
600.0000001101287
 73
     0
 74
     0
 75
     0
  3
_TCH_ARCH&&150
100
AcDbAlignedDimension
 13
1035616.425014282
 23
-620100.2276126612
 33
0.0
 14
1035616.425014565
 24
-619500.2276125511
 34
0.0
  0
DIMENSION
  5
B52
330
2
100
AcDbEntity
  8
PUB_DIM
100
AcDbDimension
280
     0
  2
*D44
 10
1037432.232239797
 20
-620100.2276126612
 30
0.0
 11
1037019.732239797
 21
-622100.2276133993
 31
0.0
 70
     1
 71
     5
 42
4000.000001476262
 73
     0
 74
     0
 75
     0
  3
_TCH_ARCH&&150
100
AcDbAlignedDimension
 13
1035616.425012399
 23
-624100.2276141375
 33
0.0
 14
1035616.425014282
 24
-620100.2276126612
 34
0.0
  0
DIMENSION
  5
B5F
330
2
100
AcDbEntity
  8
PUB_DIM
100
AcDbDimension
280
     0
  2
*D45
 10
1037432.232238573
 20
-624100.2276141375
 30
0.0
 11
1037019.732238573
 21
-624699.9776173083
 31
0.0
 70
     1
 71
     5
 42
1199.500006341841
 73
     0
 74
     0
 75
     0
  3
_TCH_ARCH&&150
100
AcDbAlignedDimension
 13
1035616.425011834
 23
-625299.7276204793
 33
0.0
 14
1035616.425012399
 24
-624100.2276141375
 34
0.0
  0
DIMENSION
  5
B6E
330
2
100
AcDbEntity
  8
PUB_DIM
100
AcDbDimension
280
     0
  2
*D46
 10
1034324.984123871
 20
-606291.9461033276
 30
0.0
 11
1020074.984124695
 21
-605879.4461033276
 31
0.0
 70
     1
 71
     5
 42
28499.99999835203
 73
     0
 74
     0
 75
     0
  3
_TCH_ARCH&&150
100
AcDbAlignedDimension
 13
1005824.98412552
 23
-608757.9588882425
 33
0.0
 14
1034324.984123871
 24
-608757.9588882425
 34
0.0
  0
DIMENSION
  5
B7B
330
2
100
AcDbEntity
  8
PUB_DIM
100
AcDbDimension
280
     0
  2
*D47
 10
1038632.232242444
 20
-609900.2276200543
 30
0.0
 11
1038219.732242444
 21
-617599.9776202669
 31
0.0
 70
     1
 71
     5
 42
15399.5000004248
 73
     0
 74
     0
 75
     0
  3
_TCH_ARCH&&150
100
AcDbAlignedDimension
 13
1035616.425019086
 23
-625299.7276204792
 33
0.0
 14
1035616.425019086
 24
-609900.2276200543
 34
0.0
  0
DIMENSION
  5
B88
330
2
100
AcDbEntity
  8
PUB_DIM
100
AcDbDimension
280
     0
  2
*D48
 10
1034024.984122626
 20
-629471.4583591488
 30
0.0
 11
1019924.984124027
 21
-629058.9583591488
 31
0.0
 70
     1
 71
     5
 42
28199.99999719811
 73
     0
 74
     0
 75
     0
  3
_TCH_ARCH&&150
100
AcDbAlignedDimension
 13
1005824.984125428
 23
-626698.2126472161
 33
0.0
 14
1034024.984122626
 24
-626698.2126472161
 34
0.0
  0
DIMENSION
  5
B95
330
2
100
AcDbEntity
  8
PUB_DIM
100
AcDbDimension
280
     0
  2
*D49
 10
1034024.984122626
 20
-628271.4583591488
 30
0.0
 11
1032224.984123233
 21
-627858.9583591489
 31
0.0
 70
     1
 71
     5
 42
3599.999998786254
 73
     0
 74
     0
 75
     0
  3
_TCH_ARCH&&150
100
AcDbAlignedDimension
 13
1030424.984123839
 23
-626698.2126472161
 33
0.0
 14
1034024.984122626
 24
-626698.2126472161
 34
0.0
  0
DIMENSION
  5
BA2
330
2
100
AcDbEntity
  8
PUB_DIM
100
AcDbDimension
280
     0
  2
*D50
 10
1030424.984123839
 20
-628271.4583591488
 30
0.0
 11
1029074.984124102
 21
-627858.9583591489
 31
0.0
 70
     1
 71
     5
 42
2699.999999474501
 73
     0
 74
     0
 75
     0
  3
_TCH_ARCH&&150
100
AcDbAlignedDimension
 13
1027724.984124365
 23
-626698.2126472161
 33
0.0
 14
1030424.984123839
 24
-626698.2126472161
 34
0.0
  0
DIMENSION
  5
BAF
330
2
100
AcDbEntity
  8
PUB_DIM
100
AcDbDimension
280
     0
  2
*D51
 10
1027724.984124365
 20
-628271.4583591488
 30
0.0
 11
1025924.984124511
 21
-627858.9583591489
 31
0.0
 70
     1
 71
     5
 42
3599.99999970838
 73
     0
 74
     0
 75
     0
  3
_TCH_ARCH&&150
100
AcDbAlignedDimension
 13
1024124.984124657
 23
-626698.2126472161
 33
0.0
 14
1027724.984124365
 24
-626698.2126472161
 34
0.0
  0
DIMENSION
  5
BBC
330
2
100
AcDbEntity
  8
PUB_DIM
100
AcDbDimension
280
     0
  2
*D52
 10
1024124.984124657
 20
-628271.4583591488
 30
0.0
 11
1022624.984124655
 21
-627858.9583591489
 31
0.0
 70
     1
 71
     5
 42
3000.000000003725
 73
     0
 74
     0
 75
     0
  3
_TCH_ARCH&&150
100
AcDbAlignedDimension
 13
1021124.984124653
 23
-626698.2126472161
 33
0.0
 14
1024124.984124657
 24
-626698.2126472161
 34
0.0
  0
DIMENSION
  5
BC9
330
2
100
AcDbEntity
  8
PUB_DIM
100
AcDbDimension
280
     0
  2
*D53
 10
1021124.984124653
 20
-628271.4583591488
 30
0.0
 11
1019924.98412468
 21
-627858.9583591489
 31
0.0
 70
     1
 71
     5
 42
2399.999999946798
 73
     0
 74
     0
 75
     0
  3
_TCH_ARCH&&150
100
AcDbAlignedDimension
 13
1018724.984124706
 23
-626698.2126472161
 33
0.0
 14
1021124.984124653
 24
-626698.2126472161
 34
0.0
  0
DIMENSION
  5
BD6
330
2
100
AcDbEntity
  8
PUB_DIM
100
AcDbDimension
280
     0
  2
*D54
 10
1018724.984124706
 20
-628271.4583591488
 30
0.0
 11
1017224.984125405
 21
-627858.9583591489
 31
0.0
 70
     1
 71
     5
 42
2999.999998601504
 73
     0
 74
     0
 75
     0
  3
_TCH_ARCH&&150
100
AcDbAlignedDimension
 13
1015724.984126105
 23
-626698.2126472161
 33
0.0
 14
1018724.984124706
 24
-626698.2126472161
 34
0.0
  0
DIMENSION
  5
BE3
330
2
100
AcDbEntity
  8
PUB_DIM
100
AcDbDimension
280
     0
  2
*D55
 10
1015724.984126105
 20
-628271.4583591488
 30
0.0
 11
1013924.984126101
 21
-627858.9583591489
 31
0.0
 70
     1
 71
     5
 42
3600.000000008266
 73
     0
 74
     0
 75
     0
  3
_TCH_ARCH&&150
100
AcDbAlignedDimension
 13
1012124.984126096
 23
-626698.2126472161
 33
0.0
 14
1015724.984126105
 24
-626698.2126472161
 34
0.0
  0
DIMENSION
  5
BF0
330
2
100
AcDbEntity
  8
PUB_DIM
100
AcDbDimension
280
     0
  2
*D56
 10
1012124.984126096
 20
-628271.4583591488
 30
0.0
 11
1010774.984125743
 21
-627858.9583591489
 31
0.0
 70
     1
 71
     5
 42
2700.000000706757
 73
     0
 74
     0
 75
     0
  3
_TCH_ARCH&&150
100
AcDbAlignedDimension
 13
1009424.984125389
 23
-626698.2126472161
 33
0.0
 14
1012124.984126096
 24
-626698.2126472161
 34
0.0
  0
DIMENSION
  5
BFD
330
2
100
AcDbEntity
  8
PUB_DIM
100
AcDbDimension
280
     0
  2
*D57
 10
1009424.984125389
 20
-628271.4583591488
 30
0.0
 11
1007624.984125409
 21
-627858.9583591489
 31
0.0
 70
     1
 71
     5
 42
3599.999999961816
 73
     0
 74
     0
 75
     0
  3
_TCH_ARCH&&150
100
AcDbAlignedDimension
 13
1005824.984125428
 23
-626698.2126472161
 33
0.0
 14
1009424.984125389
 24
-626698.2126472161
 34
0.0
  0
DIMENSION
  5
C0A
330
2
100
AcDbEntity
  8
PUB_DIM
100
AcDbDimension
280
     0
  2
*D58
 10
1006724.984127369
 20
-607491.9461033278
 30
0.0
 11
1006274.984126445
 21
-607079.4461033276
 31
0.0
 70
     1
 71
     5
 42
900.0000018484424
 73
     0
 74
     0
 75
     0
  3
_TCH_ARCH&&150
100
AcDbAlignedDimension
 13
1005824.98412552
 23
-608757.9588882143
 33
0.0
 14
1006724.984127369
 24
-608757.9588882143
 34
0.0
  0
DIMENSION
  5
C19
330
2
100
AcDbEntity
  8
PUB_DIM
100
AcDbDimension
280
     0
  2
*D59
 10
1009424.984127369
 20
-607491.9461033278
 30
0.0
 11
1008074.984127369
 21
-607079.4461033276
 31
0.0
 70
     1
 71
     5
 42
2700.0
 73
     0
 74
     0
 75
     0
  3
_TCH_ARCH&&150
100
AcDbAlignedDimension
 13
1006724.984127369
 23
-608757.9588882143
 33
0.0
 14
1009424.984127369
 24
-608757.9588882143
 34
0.0
  0
DIMENSION
  5
C26
330
2
100
AcDbEntity
  8
PUB_DIM
100
AcDbDimension
280
     0
  2
*D60
 10
1013024.984124807
 20
-607491.9461033278
 30
0.0
 11
1011224.984126088
 21
-607079.4461033276
 31
0.0
 70
     1
 71
     5
 42
3599.999997438398
 73
     0
 74
     0
 75
     0
  3
_TCH_ARCH&&150
100
AcDbAlignedDimension
 13
1009424.984127369
 23
-608757.9588882143
 33
0.0
 14
1013024.984124807
 24
-608757.9588882143
 34
0.0
  0
DIMENSION
  5
C33
330
2
100
AcDbEntity
  8
PUB_DIM
100
AcDbDimension
280
     0
  2
*D61
 10
1014824.984124807
 20
-607491.9461033278
 30
0.0
 11
1013924.984124807
 21
-607079.4461033276
 31
0.0
 70
     1
 71
     5
 42
1800.0
 73
     0
 74
     0
 75
     0
  3
_TCH_ARCH&&150
100
AcDbAlignedDimension
 13
1013024.984124807
 23
-608757.9588882143
 33
0.0
 14
1014824.984124807
 24
-608757.9588882143
 34
0.0
  0
DIMENSION
  5
C40
330
2
100
AcDbEntity
  8
PUB_DIM
100
AcDbDimension
280
     0
  2
*D62
 10
1018625.002510685
 20
-607491.9461033278
 30
0.0
 11
1016724.993317746
 21
-607079.4461033276
 31
0.0
 70
     1
 71
     5
 42
3800.018385877367
 73
     0
 74
     0
 75
     0
  3
_TCH_ARCH&&150
100
AcDbAlignedDimension
 13
1014824.984124807
 23
-608757.9588882143
 33
0.0
 14
1018625.002510685
 24
-608757.9588882143
 34
0.0
  0
DIMENSION
  5
C4D
330
2
100
AcDbEntity
  8
PUB_DIM
100
AcDbDimension
280
     0
  2
*D63
 10
1021225.020897698
 20
-607491.9461033278
 30
0.0
 11
1019925.011704192
 21
-607079.4461033276
 31
0.0
 70
     1
 71
     5
 42
2600.018387014046
 73
     0
 74
     0
 75
     0
  3
_TCH_ARCH&&150
100
AcDbAlignedDimension
 13
1018625.002510685
 23
-608757.9588882143
 33
0.0
 14
1021225.020897698
 24
-608757.9588882143
 34
0.0
  0
DIMENSION
  5
C5A
330
2
100
AcDbEntity
  8
PUB_DIM
100
AcDbDimension
280
     0
  2
*D64
 10
1023425.020898463
 20
-607491.9461033278
 30
0.0
 11
1022325.020898081
 21
-607079.4461033276
 31
0.0
 70
     1
 71
     5
 42
2200.00000076415
 73
     0
 74
     0
 75
     0
  3
_TCH_ARCH&&150
100
AcDbAlignedDimension
 13
1021225.020897698
 23
-608757.9588882143
 33
0.0
 14
1023425.020898463
 24
-608757.9588882143
 34
0.0
  0
DIMENSION
  5
C67
330
2
100
AcDbEntity
  8
PUB_DIM
100
AcDbDimension
280
     0
  2
*D65
 10
1025024.984125264
 20
-607491.9461033278
 30
0.0
 11
1024225.002511863
 21
-607079.4461033276
 31
0.0
 70
     1
 71
     5
 42
1599.963226800784
 73
     0
 74
     0
 75
     0
  3
_TCH_ARCH&&150
100
AcDbAlignedDimension
 13
1023425.020898463
 23
-608757.9588882143
 33
0.0
 14
1025024.984125264
 24
-608757.9588882143
 34
0.0
  0
DIMENSION
  5
C74
330
2
100
AcDbEntity
  8
PUB_DIM
100
AcDbDimension
280
     0
  2
*D66
 10
1026824.984123839
 20
-607491.9461033278
 30
0.0
 11
1025924.984124551
 21
-607079.4461033276
 31
0.0
 70
     1
 71
     5
 42
1799.999998575426
 73
     0
 74
     0
 75
     0
  3
_TCH_ARCH&&150
100
AcDbAlignedDimension
 13
1025024.984125264
 23
-608757.9588882143
 33
0.0
 14
1026824.984123839
 24
-608757.9588882143
 34
0.0
  0
DIMENSION
  5
C81
330
2
100
AcDbEntity
  8
PUB_DIM
100
AcDbDimension
280
     0
  2
*D67
 10
1030424.984123839
 20
-607491.9461033278
 30
0.0
 11
1028624.984123839
 21
-607079.4461033276
 31
0.0
 70
     1
 71
     5
 42
3600.0
 73
     0
 74
     0
 75
     0
  3
_TCH_ARCH&&150
100
AcDbAlignedDimension
 13
1026824.984123839
 23
-608757.9588882143
 33
0.0
 14
1030424.984123839
 24
-608757.9588882143
 34
0.0
  0
DIMENSION
  5
C8E
330
2
100
AcDbEntity
  8
PUB_DIM
100
AcDbDimension
280
     0
  2
*D68
 10
1033124.984123912
 20
-607491.9461033278
 30
0.0
 11
1031774.984123876
 21
-607079.4461033276
 31
0.0
 70
     1
 71
     5
 42
2700.000000073575
 73
     0
 74
     0
 75
     0
  3
_TCH_ARCH&&150
100
AcDbAlignedDimension
 13
1030424.984123839
 23
-608757.9588882143
 33
0.0
 14
1033124.984123912
 24
-608757.9588882143
 34
0.0
  0
DIMENSION
  5
C9B
330
2
100
AcDbEntity
  8
PUB_DIM
100
AcDbDimension
280
     0
  2
*D69
 10
1034024.984124314
 20
-607491.9461033278
 30
0.0
 11
1033574.984124113
 21
-607079.4461033276
 31
0.0
 70
     1
 71
     5
 42
900.0000004011672
 73
     0
 74
     0
 75
     0
  3
_TCH_ARCH&&150
100
AcDbAlignedDimension
 13
1033124.984123912
 23
-608757.9588882143
 33
0.0
 14
1034024.984124314
 24
-608757.9588882143
 34
0.0
  0
LINE
  5
CAA
330
2
100
AcDbEntity
  8
WALL
100
AcDbLine
 10
1018625.002510715
 20
-611200.2276130269
 30
0.0
 11
1019095.810660095
 21
-611200.2276129994
 31
0.0
  0
LINE
  5
CAB
330
2
100
AcDbEntity
  8
WALL
100
AcDbLine
 10
1019095.810660095
 20
-611200.2276129994
 30
0.0
 11
1019095.810660095
 21
-611000.2276130419
 31
0.0
  0
LINE
  5
CAC
330
2
100
AcDbEntity
  8
WALL
100
AcDbLine
 10
1019095.810660095
 20
-611000.2276130419
 30
0.0
 11
1018425.002510685
 21
-611000.2276130401
 31
0.0
  0
LINE
  5
CAD
330
2
100
AcDbEntity
  8
WALL
100
AcDbLine
 10
1021225.020897323
 20
-611000.2276130402
 30
0.0
 11
1020595.810660095
 21
-611000.2276130419
 31
0.0
  0
LINE
  5
CAE
330
2
100
AcDbEntity
  8
WALL
100
AcDbLine
 10
1020595.810660095
 20
-611000.2276130419
 30
0.0
 11
1020595.810660095
 21
-611200.2276129994
 31
0.0
  0
LINE
  5
CAF
330
2
100
AcDbEntity
  8
WALL
100
AcDbLine
 10
1020595.810660095
 20
-611200.2276129994
 30
0.0
 11
1021025.020897346
 21
-611200.2276130269
 31
0.0
  0
INSERT
  5
CB0
330
2
100
AcDbEntity
  8
WINDOW
100
AcDbBlockReference
  2
$WINLIB2D$00000001
 10
1019845.810660219
 20
-611100.2276130319
 30
0.0
 41
-1500.0
 42
-200.0
 43
-1500.0
1001
WTHICK
1040
200.0
  0
LINE
  5
CBB
330
2
100
AcDbEntity
  8
WALL
100
AcDbLine
 10
1021225.020897323
 20
-611000.2276130402
 30
0.0
 11
1021225.020897617
 21
-612200.2276134885
 31
0.0
  0
LINE
  5
CBC
330
2
100
AcDbEntity
  8
WALL
100
AcDbLine
 10
1021025.020897346
 20
-611200.2276130269
 30
0.0
 11
1021025.020897648
 21
-612300.2276135117
 31
0.0
  0
LINE
  5
CBD
330
2
100
AcDbEntity
  8
WALL
100
AcDbLine
 10
1021225.020897617
 20
-612200.2276134885
 30
0.0
 11
1023425.020898547
 21
-612200.2276134885
 31
0.0
  0
LINE
  5
CBE
330
2
100
AcDbEntity
  8
WALL
100
AcDbLine
 10
1021225.020897714
 20
-612400.2276134886
 30
0.0
 11
1023225.020898417
 21
-612400.2276134886
 31
0.0
  0
LINE
  5
CBF
330
2
100
AcDbEntity
  8
WALL
100
AcDbLine
 10
1023425.020898547
 20
-612200.2276134885
 30
0.0
 11
1023425.020898547
 21
-613700.2276131537
 31
0.0
  0
LINE
  5
CC0
330
2
100
AcDbEntity
  8
WALL
100
AcDbLine
 10
1023225.020898417
 20
-612400.2276134886
 30
0.0
 11
1023225.020898482
 21
-613800.2276131199
 31
0.0
  0
INSERT
  5
CC1
330
2
100
AcDbEntity
  8
WINDOW
100
AcDbBlockReference
  2
$TCHSYS$LDOR22D
 10
1022275.020898479
 20
-614500.2276132439
 30
0.0
 41
1200.0
 42
-200.0
 43
1200.0
 50
0.0000000121274666
1001
WTHICK
1040
200.0
  0
INSERT
  5
CD0
330
2
100
AcDbEntity
  8
WINDOW
100
AcDbBlockReference
  2
$DorLib2D$00000131
 10
1029274.984123839
 20
-617800.2276126616
 30
0.0
 41
1500.0
 42
200.0
 43
1500.0
 50
180.000000000005
1001
WTHICK
1040
200.0
  0
LINE
  5
CE4
330
2
100
AcDbEntity
  8
WALL
100
AcDbLine
 10
1026724.984123881
 20
-616100.2276124243
 30
0.0
 11
1025024.984125265
 21
-616100.2276123932
 31
0.0
  0
LINE
  5
CE5
330
2
100
AcDbEntity
  8
WALL
100
AcDbLine
 10
1026924.984123851
 20
-615900.2276124015
 30
0.0
 11
1025124.984125272
 21
-615900.2276124018
 31
0.0
  0
LINE
  5
CE6
330
2
100
AcDbEntity
  8
WALL
100
AcDbLine
 10
1024924.984125272
 20
-615900.2276123832
 30
0.0
 11
1023924.984121856
 21
-615900.2276124027
 31
0.0
  0
LINE
  5
CE7
330
2
100
AcDbEntity
  8
WALL
100
AcDbLine
 10
1023924.984121856
 20
-615900.2276124027
 30
0.0
 11
1023924.984121856
 21
-616100.2276123766
 31
0.0
  0
LINE
  5
CE8
330
2
100
AcDbEntity
  8
WALL
100
AcDbLine
 10
1023924.984121856
 20
-616100.2276123766
 30
0.0
 11
1025024.984125265
 21
-616100.2276123932
 31
0.0
  0
LINE
  5
CE9
330
2
100
AcDbEntity
  8
WALL
100
AcDbLine
 10
1022924.984123196
 20
-616100.2276124179
 30
0.0
 11
1023024.984121857
 21
-616100.2276123872
 31
0.0
  0
LINE
  5
CEA
330
2
100
AcDbEntity
  8
WALL
100
AcDbLine
 10
1023024.984121857
 20
-616100.2276123872
 30
0.0
 11
1023024.984121857
 21
-615900.2276124072
 31
0.0
  0
LINE
  5
CEB
330
2
100
AcDbEntity
  8
WALL
100
AcDbLine
 10
1023024.984121857
 20
-615900.2276124072
 30
0.0
 11
1022924.984123188
 21
-615900.2276123932
 31
0.0
  0
INSERT
  5
CEC
330
2
100
AcDbEntity
  8
WINDOW
100
AcDbBlockReference
  2
$DorLib2D$00000001
 10
1023474.984121797
 20
-616000.2276123933
 30
0.0
 41
900.0
 42
900.0
 43
900.0
 50
180.0
1001
WTHICK
1040
200.0
  0
LINE
  5
CF7
330
2
100
AcDbEntity
  8
WALL
100
AcDbLine
 10
1024924.984125272
 20
-614600.227612649
 30
0.0
 11
1024924.984125266
 21
-614700.2276136849
 31
0.0
  0
LINE
  5
CF8
330
2
100
AcDbEntity
  8
WALL
100
AcDbLine
 10
1024924.984125266
 20
-614700.2276136849
 30
0.0
 11
1025124.984125299
 21
-614700.2276136848
 31
0.0
  0
LINE
  5
CF9
330
2
100
AcDbEntity
  8
WALL
100
AcDbLine
 10
1025124.984125299
 20
-614700.2276136848
 30
0.0
 11
1025124.984125272
 21
-614600.2276138206
 31
0.0
  0
LINE
  5
CFA
330
2
100
AcDbEntity
  8
WALL
100
AcDbLine
 10
1025124.984125272
 20
-615900.2276124018
 30
0.0
 11
1025124.984125299
 21
-615600.2276136847
 31
0.0
  0
LINE
  5
CFB
330
2
100
AcDbEntity
  8
WALL
100
AcDbLine
 10
1025124.984125299
 20
-615600.2276136847
 30
0.0
 11
1024924.984125267
 21
-615600.227613685
 31
0.0
  0
LINE
  5
CFC
330
2
100
AcDbEntity
  8
WALL
100
AcDbLine
 10
1024924.984125267
 20
-615600.227613685
 30
0.0
 11
1024924.984125272
 21
-615900.2276123832
 31
0.0
  0
INSERT
  5
CFD
330
2
100
AcDbEntity
  8
WINDOW
100
AcDbBlockReference
  2
$DorLib2D$00000001
 10
1025024.984125264
 20
-615150.227613664
 30
0.0
 41
-900.0
 42
900.0
 43
-900.0
 50
270.0000000000177
1001
WTHICK
1040
200.0
  0
LINE
  5
CFE
330
2
100
AcDbEntity
  8
WALL
100
AcDbLine
 10
1027824.984123145
 20
-617900.2276126515
 30
0.0
 11
1027824.984123162
 21
-619406.3076922726
 31
0.0
  0
LINE
  5
CFF
330
2
100
AcDbEntity
  8
WALL
100
AcDbLine
 10
1027624.984123102
 20
-617900.2276127224
 30
0.0
 11
1027624.984123135
 21
-619400.2276131272
 31
0.0
  0
INSERT
  5
D00
330
2
100
AcDbEntity
  8
WINDOW
100
AcDbBlockReference
  2
$DorLib2D$00000132
 10
1026124.984124993
 20
-624100.2276141546
 30
0.0
 41
-2400.0
 42
-200.0
 43
-2400.0
 50
180.000000009704
1001
WTHICK
1040
200.0
  0
LINE
  5
D12
330
2
100
AcDbEntity
  8
WALL
100
AcDbLine
 10
1021024.984123402
 20
-620600.2276147851
 30
0.0
 11
1021024.984124047
 21
-624100.2276146904
 31
0.0
  0
LINE
  5
D13
330
2
100
AcDbEntity
  8
WALL
100
AcDbLine
 10
1021024.984124047
 20
-624100.2276146904
 30
0.0
 11
1021224.984124001
 21
-624100.2276146553
 31
0.0
  0
LINE
  5
D14
330
2
100
AcDbEntity
  8
WALL
100
AcDbLine
 10
1021224.984124001
 20
-624100.2276146553
 30
0.0
 11
1021224.984123394
 21
-620600.227614768
 31
0.0
  0
LWPOLYLINE
  5
D15
330
2
100
AcDbEntity
  8
WINDOW
100
AcDbPolyline
 90
        3
 70
     0
 43
0.0
 10
1022824.984124142
 20
-624600.227614414
 10
1021224.984124095
 20
-624600.2276144485
 10
1021224.984124009
 20
-624100.2276147631
  0
LWPOLYLINE
  5
D16
330
2
100
AcDbEntity
  8
WINDOW
100
AcDbPolyline
 90
        3
 70
     0
 43
0.0
 10
1022824.984124145
 20
-624733.5609477472
 10
1021091.650790739
 20
-624733.5609478136
 10
1021091.650790675
 20
-624100.227614786
  0
LWPOLYLINE
  5
D17
330
2
100
AcDbEntity
  8
WINDOW
100
AcDbPolyline
 90
        3
 70
     0
 43
0.0
 10
1022824.984124144
 20
-624666.8942810805
 10
1021158.317457417
 20
-624666.894281131
 10
1021158.317457342
 20
-624100.2276147745
  0
LWPOLYLINE
  5
D18
330
2
100
AcDbEntity
  8
WINDOW
100
AcDbPolyline
 90
        3
 70
     0
 43
0.0
 10
1022824.984124147
 20
-624800.2276144138
 10
1021024.98412406
 20
-624800.2276144959
 10
1021024.984124009
 20
-624100.2276147974
  0
LINE
  5
D19
330
2
100
AcDbEntity
  8
WINDOW
100
AcDbLine
 10
1022824.984124142
 20
-624600.227614414
 30
0.0
 11
1022824.984124147
 21
-624800.2276144138
 31
0.0
  0
LINE
  5
D1A
330
2
100
AcDbEntity
  8
WINDOW
100
AcDbLine
 10
1021224.984124009
 20
-624100.2276147631
 30
0.0
 11
1021024.984124009
 21
-624100.2276147974
 31
0.0
  0
LINE
  5
D1B
330
2
100
AcDbEntity
  8
WALL
100
AcDbLine
 10
1021124.984122829
 20
-617800.2276120782
 30
0.0
 11
1020924.984124467
 21
-617800.2276121375
 31
0.0
  0
LINE
  5
D1C
330
2
100
AcDbEntity
  8
WALL
100
AcDbLine
 10
1020924.984124467
 20
-617800.2276121375
 30
0.0
 11
1020924.984124506
 21
-618000.227612169
 31
0.0
  0
LINE
  5
D1D
330
2
100
AcDbEntity
  8
WALL
100
AcDbLine
 10
1020924.984124506
 20
-618000.227612169
 30
0.0
 11
1021024.984122859
 21
-618000.2276121182
 31
0.0
  0
LINE
  5
D1E
330
2
100
AcDbEntity
  8
WALL
100
AcDbLine
 10
1020024.984124866
 20
-618000.227612316
 30
0.0
 11
1020124.984124506
 21
-618000.2276123272
 31
0.0
  0
LINE
  5
D1F
330
2
100
AcDbEntity
  8
WALL
100
AcDbLine
 10
1020124.984124506
 20
-618000.2276123272
 30
0.0
 11
1020124.984124467
 21
-617800.2276123619
 31
0.0
  0
LINE
  5
D20
330
2
100
AcDbEntity
  8
WALL
100
AcDbLine
 10
1020124.984124467
 20
-617800.2276123619
 30
0.0
 11
1020024.984124832
 21
-617800.2276123867
 31
0.0
  0
INSERT
  5
D21
330
2
100
AcDbEntity
  8
WINDOW
100
AcDbBlockReference
  2
$DorLib2D$00000001
 10
1020524.984124503
 20
-617900.2276121968
 30
0.0
 41
800.0
 42
800.0
 43
800.0
 50
180.000000011328
1001
WTHICK
1040
200.0
  0
LINE
  5
D22
330
2
100
AcDbEntity
  8
WALL
100
AcDbLine
 10
1019824.984124983
 20
-616100.2276123976
 30
0.0
 11
1017024.984126801
 21
-616100.2276123976
 31
0.0
  0
LINE
  5
D23
330
2
100
AcDbEntity
  8
WALL
100
AcDbLine
 10
1019924.984125036
 20
-615900.2276123936
 30
0.0
 11
1016924.98412688
 21
-615900.2276123936
 31
0.0
  0
LINE
  5
D24
330
2
100
AcDbEntity
  8
WALL
100
AcDbLine
 10
1019824.984124696
 20
-619800.227613905
 30
0.0
 11
1019824.984124842
 21
-618000.2276122724
 31
0.0
  0
LINE
  5
D25
330
2
100
AcDbEntity
  8
WALL
100
AcDbLine
 10
1020024.984124696
 20
-619800.2276139228
 30
0.0
 11
1020024.984124866
 21
-618000.227612316
 31
0.0
  0
LINE
  5
D26
330
2
100
AcDbEntity
  8
WALL
100
AcDbLine
 10
1019824.984124696
 20
-619800.227613905
 30
0.0
 11
1020024.984124696
 21
-619800.2276139228
 31
0.0
  0
LINE
  5
D27
330
2
100
AcDbEntity
  8
WALL
100
AcDbLine
 10
1019824.984124831
 20
-617800.2276123432
 30
0.0
 11
1019824.984124983
 21
-616100.2276123976
 31
0.0
  0
LINE
  5
D28
330
2
100
AcDbEntity
  8
WALL
100
AcDbLine
 10
1020024.984124832
 20
-617800.2276123867
 30
0.0
 11
1020024.984124984
 21
-616100.2276123775
 31
0.0
  0
INSERT
  5
D29
330
2
100
AcDbEntity
  8
WINDOW
100
AcDbBlockReference
  2
$TCHSYS$WIN2D
 10
1021124.98412311
 20
-619173.5497245579
 30
0.0
 41
600.0
 42
-200.0
 43
600.0
 50
90.00000001174926
1001
WTHICK
1040
200.0
  0
LINE
  5
D33
330
2
100
AcDbEntity
  8
WALL
100
AcDbLine
 10
1022924.984123256
 20
-619600.2276149626
 30
0.0
 11
1024124.984123971
 21
-619600.2276150785
 31
0.0
  0
LINE
  5
D34
330
2
100
AcDbEntity
  8
WALL
100
AcDbLine
 10
1022924.984123174
 20
-619700.2276149913
 30
0.0
 11
1024124.984124042
 21
-619700.2276151074
 31
0.0
  0
LINE
  5
D35
330
2
100
AcDbEntity
  8
WALL
100
AcDbLine
 10
1024124.984124042
 20
-619700.2276151074
 30
0.0
 11
1024124.984124055
 21
-619800.227615045
 31
0.0
  0
LINE
  5
D36
330
2
100
AcDbEntity
  8
WALL
100
AcDbLine
 10
1024124.984124055
 20
-619800.227615045
 30
0.0
 11
1024224.984124045
 21
-619800.2276150439
 31
0.0
  0
LINE
  5
D37
330
2
100
AcDbEntity
  8
WALL
100
AcDbLine
 10
1024224.984124045
 20
-619800.2276150439
 30
0.0
 11
1024224.984124034
 21
-619600.227615075
 31
0.0
  0
LINE
  5
D38
330
2
100
AcDbEntity
  8
WALL
100
AcDbLine
 10
1024224.98412408
 20
-624000.227614478
 30
0.0
 11
1024224.984124055
 21
-620700.2276150436
 31
0.0
  0
LINE
  5
D39
330
2
100
AcDbEntity
  8
WALL
100
AcDbLine
 10
1024224.984124055
 20
-620700.2276150436
 30
0.0
 11
1024124.984124066
 21
-620700.2276150451
 31
0.0
  0
LINE
  5
D3A
330
2
100
AcDbEntity
  8
WALL
100
AcDbLine
 10
1024124.984124066
 20
-620700.2276150451
 30
0.0
 11
1024124.984124094
 21
-624000.2276143961
 31
0.0
  0
INSERT
  5
D3B
330
2
100
AcDbEntity
  8
WINDOW
100
AcDbBlockReference
  2
$DorLib2D$00000001
 10
1024174.984124042
 20
-620250.2276150642
 30
0.0
 41
-900.0
 42
-900.0
 43
-900.0
 50
270.0000000006937
1001
WTHICK
1040
100.0
  0
LINE
  5
D3C
330
2
100
AcDbEntity
  8
WALL
100
AcDbLine
 10
1031724.984125411
 20
-615500.2276128587
 30
0.0
 11
1033927.872286114
 21
-615500.2276126897
 31
0.0
  0
LINE
  5
D3D
330
2
100
AcDbEntity
  8
WALL
100
AcDbLine
 10
1031624.98412527
 20
-615600.2276128661
 30
0.0
 11
1033927.872286085
 21
-615600.2276126731
 31
0.0
  0
LINE
  5
D3E
330
2
100
AcDbEntity
  8
WALL
100
AcDbLine
 10
1030524.984125253
 20
-615600.2276126329
 30
0.0
 11
1030624.98412546
 21
-615600.2276127023
 31
0.0
  0
LINE
  5
D3F
330
2
100
AcDbEntity
  8
WALL
100
AcDbLine
 10
1030624.98412546
 20
-615600.2276127023
 30
0.0
 11
1030624.984125479
 21
-615500.2276127059
 31
0.0
  0
LINE
  5
D40
330
2
100
AcDbEntity
  8
WALL
100
AcDbLine
 10
1030624.984125479
 20
-615500.2276127059
 30
0.0
 11
1030424.984125276
 21
-615500.2276126135
 31
0.0
  0
LINE
  5
D41
330
2
100
AcDbEntity
  8
WALL
100
AcDbLine
 10
1031624.984125411
 20
-615500.2276128485
 30
0.0
 11
1031524.984125479
 21
-615500.2276128822
 31
0.0
  0
LINE
  5
D42
330
2
100
AcDbEntity
  8
WALL
100
AcDbLine
 10
1031524.984125479
 20
-615500.2276128822
 30
0.0
 11
1031524.98412546
 21
-615600.2276128931
 31
0.0
  0
LINE
  5
D43
330
2
100
AcDbEntity
  8
WALL
100
AcDbLine
 10
1031524.98412546
 20
-615600.2276128931
 30
0.0
 11
1031624.98412527
 21
-615600.2276128661
 31
0.0
  0
INSERT
  5
D44
330
2
100
AcDbEntity
  8
WINDOW
100
AcDbBlockReference
  2
$DorLib2D$00000001
 10
1031074.98412528
 20
-615550.2276127583
 30
0.0
 41
-900.0
 42
-900.0
 43
-900.0
 50
359.999999988772
1001
WTHICK
1040
100.0
  0
INSERT
  5
D45
330
2
100
AcDbEntity
  8
WINDOW
100
AcDbBlockReference
  2
$DorLib2D$00000001
 10
1031674.984126019
 20
-615000.2276128795
 30
0.0
 41
800.0
 42
800.0
 43
800.0
 50
269.9999999284965
1001
WTHICK
1040
100.0
  0
INSERT
  5
D46
330
2
100
AcDbEntity
  8
WINDOW
100
AcDbBlockReference
  2
$DorLib2D$00000001
 10
1031074.98412384
 20
-614250.2276127494
 30
0.0
 41
-900.0
 42
900.0
 43
-900.0
 50
359.99999998877
1001
WTHICK
1040
100.0
  0
LINE
  5
D47
330
2
100
AcDbEntity
  8
WALL
100
AcDbLine
 10
1026924.98412938
 20
-611200.2276160269
 30
0.0
 11
1026924.984125444
 21
-614600.2276137147
 31
0.0
  0
LINE
  5
D48
330
2
100
AcDbEntity
  8
WALL
100
AcDbLine
 10
1026824.984129274
 20
-611300.2276158717
 30
0.0
 11
1026824.984125568
 21
-614500.2276137883
 31
0.0
  0
LINE
  5
D49
330
2
100
AcDbEntity
  8
WALL
100
AcDbLine
 10
1026824.984125568
 20
-614500.2276137883
 30
0.0
 11
1026724.984125481
 21
-614500.2276137347
 31
0.0
  0
LINE
  5
D4A
330
2
100
AcDbEntity
  8
WALL
100
AcDbLine
 10
1026724.984125481
 20
-614500.2276137347
 30
0.0
 11
1026724.984125487
 21
-614600.2276137192
 31
0.0
  0
LINE
  5
D4B
330
2
100
AcDbEntity
  8
WALL
100
AcDbLine
 10
1026724.984125487
 20
-614600.2276137192
 30
0.0
 11
1026924.984125444
 21
-614600.2276137147
 31
0.0
  0
LINE
  5
D4C
330
2
100
AcDbEntity
  8
WALL
100
AcDbLine
 10
1025124.984125272
 20
-614600.2276138206
 30
0.0
 11
1025924.984125487
 21
-614600.2276137664
 31
0.0
  0
LINE
  5
D4D
330
2
100
AcDbEntity
  8
WALL
100
AcDbLine
 10
1025924.984125487
 20
-614600.2276137664
 30
0.0
 11
1025924.984125482
 21
-614500.2276137817
 31
0.0
  0
LINE
  5
D4E
330
2
100
AcDbEntity
  8
WALL
100
AcDbLine
 10
1025924.984125482
 20
-614500.2276137817
 30
0.0
 11
1025124.984129209
 21
-614500.2276138885
 31
0.0
  0
INSERT
  5
D4F
330
2
100
AcDbEntity
  8
WINDOW
100
AcDbBlockReference
  2
$DorLib2D$00000001
 10
1026324.984125565
 20
-614550.2276137758
 30
0.0
 41
-800.0
 42
-800.0
 43
-800.0
 50
180.0000000033719
1001
WTHICK
1040
100.0
  0
LINE
  5
D50
330
2
100
AcDbEntity
  8
WALL
100
AcDbLine
 10
1030524.984125253
 20
-615600.2276126329
 30
0.0
 11
1030524.984124792
 21
-617800.2276126615
 31
0.0
  0
LINE
  5
D51
330
2
100
AcDbEntity
  8
WALL
100
AcDbLine
 10
1030424.984125276
 20
-615500.2276126135
 30
0.0
 11
1030424.98412481
 21
-617700.227612658
 31
0.0
  0
LINE
  5
D52
330
2
100
AcDbEntity
  8
WALL
100
AcDbLine
 10
1022824.984123204
 20
-616100.2276123773
 30
0.0
 11
1022824.984123211
 21
-616900.22761296
 31
0.0
  0
LINE
  5
D53
330
2
100
AcDbEntity
  8
WALL
100
AcDbLine
 10
1022824.984123211
 20
-616900.22761296
 30
0.0
 11
1022924.984123247
 21
-616900.2276129599
 31
0.0
  0
LINE
  5
D54
330
2
100
AcDbEntity
  8
WALL
100
AcDbLine
 10
1022924.984123247
 20
-616900.2276129599
 30
0.0
 11
1022924.984123196
 21
-616100.2276124179
 31
0.0
  0
LINE
  5
D55
330
2
100
AcDbEntity
  8
WALL
100
AcDbLine
 10
1022924.984123191
 20
-617900.227612908
 30
0.0
 11
1022924.984123244
 21
-617700.2276129599
 31
0.0
  0
LINE
  5
D56
330
2
100
AcDbEntity
  8
WALL
100
AcDbLine
 10
1022924.984123244
 20
-617700.2276129599
 30
0.0
 11
1022824.984123212
 21
-617700.2276129599
 31
0.0
  0
LINE
  5
D57
330
2
100
AcDbEntity
  8
WALL
100
AcDbLine
 10
1022824.984123212
 20
-617700.2276129599
 30
0.0
 11
1022824.984123207
 21
-617800.2276128378
 31
0.0
  0
INSERT
  5
D58
330
2
100
AcDbEntity
  8
WINDOW
100
AcDbBlockReference
  2
$DorLib2D$00000001
 10
1022874.98412319
 20
-617300.227612888
 30
0.0
 41
800.0
 42
-800.0
 43
800.0
 50
270.0000000000843
1001
WTHICK
1040
100.0
  0
LINE
  5
D59
330
2
100
AcDbEntity
  8
WALL
100
AcDbLine
 10
1022924.984123175
 20
-620600.2276149393
 30
0.0
 11
1021224.984123394
 21
-620600.227614768
 31
0.0
  0
LINE
  5
D5A
330
2
100
AcDbEntity
  8
WALL
100
AcDbLine
 10
1022824.984123175
 20
-620500.2276149282
 30
0.0
 11
1021224.984123353
 21
-620500.227614767
 31
0.0
  0
LINE
  5
D5B
330
2
100
AcDbEntity
  8
WALL
100
AcDbLine
 10
1022824.984123204
 20
-616100.2276123773
 30
0.0
 11
1020024.984124984
 21
-616100.2276123775
 31
0.0
  0
LINE
  5
D5C
330
2
100
AcDbEntity
  8
WALL
100
AcDbLine
 10
1022924.984123188
 20
-615900.2276123932
 30
0.0
 11
1019924.984125036
 21
-615900.2276123936
 31
0.0
  0
LINE
  5
D5D
330
2
100
AcDbEntity
  8
WALL
100
AcDbLine
 10
1021224.984123353
 20
-620500.227614767
 30
0.0
 11
1021224.984123137
 21
-619473.5497245451
 31
0.0
  0
LINE
  5
D5E
330
2
100
AcDbEntity
  8
WALL
100
AcDbLine
 10
1021224.984123137
 20
-619473.5497245451
 30
0.0
 11
1021024.984123193
 21
-619473.5497245861
 31
0.0
  0
LINE
  5
D5F
330
2
100
AcDbEntity
  8
WALL
100
AcDbLine
 10
1021024.984123193
 20
-619473.5497245861
 30
0.0
 11
1021024.984123402
 21
-620600.2276147881
 31
0.0
  0
LINE
  5
D60
330
2
100
AcDbEntity
  8
WALL
100
AcDbLine
 10
1021024.984122859
 20
-618000.2276121182
 30
0.0
 11
1021024.984123067
 21
-618873.5497245862
 31
0.0
  0
LINE
  5
D61
330
2
100
AcDbEntity
  8
WALL
100
AcDbLine
 10
1021024.984123067
 20
-618873.5497245862
 30
0.0
 11
1021224.984123014
 21
-618873.5497245451
 31
0.0
  0
LINE
  5
D62
330
2
100
AcDbEntity
  8
WALL
100
AcDbLine
 10
1021224.984123014
 20
-618873.5497245451
 30
0.0
 11
1021224.98412282
 21
-617900.2276125892
 31
0.0
  0
LINE
  5
D63
330
2
100
AcDbEntity
  8
WALL
100
AcDbLine
 10
1024224.984124266
 20
-624200.22761478
 30
0.0
 11
1024224.98412407
 21
-624801.0309278227
 31
0.0
  0
LINE
  5
D64
330
2
100
AcDbEntity
  8
WALL
100
AcDbLine
 10
1024024.984124294
 20
-624200.2276144185
 30
0.0
 11
1024024.98412407
 21
-624801.0309277916
 31
0.0
  0
LINE
  5
D65
330
2
100
AcDbEntity
  8
WALL
100
AcDbLine
 10
1024224.98412407
 20
-624801.0309278227
 30
0.0
 11
1024024.98412407
 21
-624801.0309277916
 31
0.0
  0
LINE
  5
D66
330
2
100
AcDbEntity
  8
WALL
100
AcDbLine
 10
1021124.984122901
 20
-617800.2276125525
 30
0.0
 11
1022824.984123207
 21
-617800.2276128378
 31
0.0
  0
LINE
  5
D67
330
2
100
AcDbEntity
  8
WALL
100
AcDbLine
 10
1021224.98412282
 20
-617900.2276125892
 30
0.0
 11
1022824.984123158
 21
-617900.2276129054
 31
0.0
  0
LINE
  5
D68
330
2
100
AcDbEntity
  8
WALL
100
AcDbLine
 10
1022824.984123158
 20
-617900.2276129054
 30
0.0
 11
1022824.984123228
 21
-618050.2276129601
 31
0.0
  0
LINE
  5
D69
330
2
100
AcDbEntity
  8
WALL
100
AcDbLine
 10
1022824.984123228
 20
-618050.2276129601
 30
0.0
 11
1022924.984123192
 21
-618050.2276129598
 31
0.0
  0
LINE
  5
D6A
330
2
100
AcDbEntity
  8
WALL
100
AcDbLine
 10
1022924.984123192
 20
-618050.2276129598
 30
0.0
 11
1022924.984123191
 21
-617900.227612908
 31
0.0
  0
LINE
  5
D6B
330
2
100
AcDbEntity
  8
WALL
100
AcDbLine
 10
1022924.984123256
 20
-619600.2276149626
 30
0.0
 11
1022924.984123223
 21
-618850.2276126547
 31
0.0
  0
LINE
  5
D6C
330
2
100
AcDbEntity
  8
WALL
100
AcDbLine
 10
1022924.984123223
 20
-618850.2276126547
 30
0.0
 11
1022824.984123245
 21
-618850.2276126548
 31
0.0
  0
LINE
  5
D6D
330
2
100
AcDbEntity
  8
WALL
100
AcDbLine
 10
1022824.984123245
 20
-618850.2276126548
 30
0.0
 11
1022824.984123194
 21
-619600.2276149494
 31
0.0
  0
INSERT
  5
D6E
330
2
100
AcDbEntity
  8
WINDOW
100
AcDbBlockReference
  2
$DorLib2D$00000001
 10
1022874.984123192
 20
-618450.2276129041
 30
0.0
 41
-800.0
 42
-800.0
 43
-800.0
 50
270.0000000000941
1001
WTHICK
1040
100.0
  0
LINE
  5
D6F
330
2
100
AcDbEntity
  8
WALL
100
AcDbLine
 10
1026724.984123787
 20
-617800.2276126793
 30
0.0
 11
1026724.984123909
 21
-618200.2276140289
 31
0.0
  0
LINE
  5
D70
330
2
100
AcDbEntity
  8
WALL
100
AcDbLine
 10
1026724.984123909
 20
-618200.2276140289
 30
0.0
 11
1026824.984123836
 21
-618200.227614011
 31
0.0
  0
LINE
  5
D71
330
2
100
AcDbEntity
  8
WALL
100
AcDbLine
 10
1026824.984123836
 20
-618200.227614011
 30
0.0
 11
1026824.984123798
 21
-617900.2276127225
 31
0.0
  0
LINE
  5
D72
330
2
100
AcDbEntity
  8
WALL
100
AcDbLine
 10
1026824.984124063
 20
-619400.2276132684
 30
0.0
 11
1026824.984123995
 21
-619100.227614011
 31
0.0
  0
LINE
  5
D73
330
2
100
AcDbEntity
  8
WALL
100
AcDbLine
 10
1026824.984123995
 20
-619100.227614011
 30
0.0
 11
1026724.984124085
 21
-619100.2276140286
 31
0.0
  0
LINE
  5
D74
330
2
100
AcDbEntity
  8
WALL
100
AcDbLine
 10
1026724.984124085
 20
-619100.2276140286
 30
0.0
 11
1026724.98412412
 21
-619500.2276133479
 31
0.0
  0
INSERT
  5
D75
330
2
100
AcDbEntity
  8
WINDOW
100
AcDbBlockReference
  2
$DorLib2D$00000116
 10
1026774.984123937
 20
-618650.2276140124
 30
0.0
 41
900.0
 42
-900.0
 43
900.0
 50
270.0000000101219
1001
WTHICK
1040
100.0
  0
LINE
  5
D7D
330
2
100
AcDbEntity
  8
WALL
100
AcDbLine
 10
1026824.984124063
 20
-619400.2276132684
 30
0.0
 11
1027624.984123135
 21
-619400.2276131272
 31
0.0
  0
LINE
  5
D7E
330
2
100
AcDbEntity
  8
WALL
100
AcDbLine
 10
1026724.98412412
 20
-619500.2276133479
 30
0.0
 11
1027624.984123148
 21
-619500.2276131893
 31
0.0
  0
LINE
  5
D7F
330
2
100
AcDbEntity
  8
WALL
100
AcDbLine
 10
1031724.984127403
 20
-613900.2276149113
 30
0.0
 11
1031724.984126893
 21
-614300.227612982
 31
0.0
  0
LINE
  5
D80
330
2
100
AcDbEntity
  8
WALL
100
AcDbLine
 10
1031624.984127372
 20
-613800.2276148943
 30
0.0
 11
1031624.984126873
 21
-614200.22761286
 31
0.0
  0
LINE
  5
D81
330
2
100
AcDbEntity
  8
WALL
100
AcDbLine
 10
1030424.984123869
 20
-614300.227612699
 30
0.0
 11
1030624.984123883
 21
-614300.2276127702
 31
0.0
  0
LINE
  5
D82
330
2
100
AcDbEntity
  8
WALL
100
AcDbLine
 10
1030624.984123883
 20
-614300.2276127702
 30
0.0
 11
1030624.984123903
 21
-614200.227612689
 31
0.0
  0
LINE
  5
D83
330
2
100
AcDbEntity
  8
WALL
100
AcDbLine
 10
1030624.984123903
 20
-614200.227612689
 30
0.0
 11
1030524.984123876
 21
-614200.2276126444
 31
0.0
  0
LINE
  5
D84
330
2
100
AcDbEntity
  8
WALL
100
AcDbLine
 10
1031624.984126873
 20
-614200.22761286
 30
0.0
 11
1031524.984123903
 21
-614200.2276128657
 31
0.0
  0
LINE
  5
D85
330
2
100
AcDbEntity
  8
WALL
100
AcDbLine
 10
1031524.984123903
 20
-614200.2276128657
 30
0.0
 11
1031524.984123884
 21
-614300.2276129466
 31
0.0
  0
LINE
  5
D86
330
2
100
AcDbEntity
  8
WALL
100
AcDbLine
 10
1031524.984123884
 20
-614300.2276129466
 30
0.0
 11
1031624.984126909
 21
-614300.227612934
 31
0.0
  0
LINE
  5
D87
330
2
100
AcDbEntity
  8
WALL
100
AcDbLine
 10
1022824.984124125
 20
-624600.2276144482
 30
0.0
 11
1022824.984124125
 21
-624000.2276145886
 31
0.0
  0
LINE
  5
D88
330
2
100
AcDbEntity
  8
WALL
100
AcDbLine
 10
1023024.984124126
 20
-624800.2276144448
 30
0.0
 11
1023024.984124125
 21
-624200.2276145409
 31
0.0
  0
LINE
  5
D89
330
2
100
AcDbEntity
  8
WALL
100
AcDbLine
 10
1022824.984124125
 20
-624600.2276144482
 30
0.0
 11
1022824.984124174
 21
-624800.2276144664
 31
0.0
  0
LINE
  5
D8A
330
2
100
AcDbEntity
  8
WALL
100
AcDbLine
 10
1022824.984124174
 20
-624800.2276144664
 30
0.0
 11
1023024.984124126
 21
-624800.2276144448
 31
0.0
  0
LINE
  5
D8B
330
2
100
AcDbEntity
  8
WALL
100
AcDbLine
 10
1030524.984124003
 20
-610600.2276176629
 30
0.0
 11
1030524.984123876
 21
-614200.2276126444
 31
0.0
  0
LINE
  5
D8C
330
2
100
AcDbEntity
  8
WALL
100
AcDbLine
 10
1030424.984124
 20
-610500.2276176533
 30
0.0
 11
1030424.984123869
 21
-614300.227612699
 31
0.0
  0
LINE
  5
D8D
330
2
100
AcDbEntity
  8
WALL
100
AcDbLine
 10
1030424.98412481
 20
-617700.227612658
 30
0.0
 11
1030024.98412384
 21
-617700.2276126764
 31
0.0
  0
LINE
  5
D8E
330
2
100
AcDbEntity
  8
WALL
100
AcDbLine
 10
1030024.98412384
 20
-617700.2276126764
 30
0.0
 11
1030024.98412384
 21
-617900.2276126418
 31
0.0
  0
LINE
  5
D8F
330
2
100
AcDbEntity
  8
WALL
100
AcDbLine
 10
1030024.98412384
 20
-617900.2276126418
 30
0.0
 11
1030324.984123858
 21
-617900.2276126514
 31
0.0
  0
LINE
  5
D90
330
2
100
AcDbEntity
  8
WALL
100
AcDbLine
 10
1027824.984123145
 20
-617900.2276126515
 30
0.0
 11
1028524.984123688
 21
-617900.2276126418
 31
0.0
  0
LINE
  5
D91
330
2
100
AcDbEntity
  8
WALL
100
AcDbLine
 10
1028524.984123688
 20
-617900.2276126418
 30
0.0
 11
1028524.984123688
 21
-617700.2276126786
 31
0.0
  0
LINE
  5
D92
330
2
100
AcDbEntity
  8
WALL
100
AcDbLine
 10
1028524.984123688
 20
-617700.2276126786
 30
0.0
 11
1027724.984123126
 21
-617700.2276126617
 31
0.0
  0
LINE
  5
D93
330
2
100
AcDbEntity
  8
WALL
100
AcDbLine
 10
1030324.98412384
 20
-620199.0984635025
 30
0.0
 11
1030324.98412384
 21
-619500.2276093676
 31
0.0
  0
LINE
  5
D94
330
2
100
AcDbEntity
  8
WALL
100
AcDbLine
 10
1030524.98412384
 20
-620199.0984635025
 30
0.0
 11
1030524.984123945
 21
-619600.2276095185
 31
0.0
  0
LINE
  5
D95
330
2
100
AcDbEntity
  8
WALL
100
AcDbLine
 10
1030324.98412384
 20
-620199.0984635025
 30
0.0
 11
1030524.98412384
 21
-620199.0984635025
 31
0.0
  0
LINE
  5
D96
330
2
100
AcDbEntity
  8
WALL
100
AcDbLine
 10
1027624.984123248
 20
-624000.2276139022
 30
0.0
 11
1027324.984125013
 21
-624000.2276139482
 31
0.0
  0
LINE
  5
D97
330
2
100
AcDbEntity
  8
WALL
100
AcDbLine
 10
1027324.984125013
 20
-624000.2276139482
 30
0.0
 11
1027324.984125047
 21
-624200.2276139295
 31
0.0
  0
LINE
  5
D98
330
2
100
AcDbEntity
  8
WALL
100
AcDbLine
 10
1027324.984125047
 20
-624200.2276139295
 30
0.0
 11
1027824.984123263
 21
-624200.227613846
 31
0.0
  0
LINE
  5
D99
330
2
100
AcDbEntity
  8
WALL
100
AcDbLine
 10
1024224.984123919
 20
-624200.2276144555
 30
0.0
 11
1024924.984125047
 21
-624200.227614336
 31
0.0
  0
LINE
  5
D9A
330
2
100
AcDbEntity
  8
WALL
100
AcDbLine
 10
1024924.984125047
 20
-624200.227614336
 30
0.0
 11
1024924.984125013
 21
-624000.2276143545
 31
0.0
  0
LINE
  5
D9B
330
2
100
AcDbEntity
  8
WALL
100
AcDbLine
 10
1024924.984125013
 20
-624000.2276143545
 30
0.0
 11
1024224.98412408
 21
-624000.227614478
 31
0.0
  0
LINE
  5
D9C
330
2
100
AcDbEntity
  8
WALL
100
AcDbLine
 10
1026724.98412384
 20
-617800.2276126616
 30
0.0
 11
1026724.984123881
 21
-616100.2276124243
 31
0.0
  0
LINE
  5
D9D
330
2
100
AcDbEntity
  8
WALL
100
AcDbLine
 10
1026924.984123851
 20
-617700.227612564
 30
0.0
 11
1026924.984123851
 21
-615900.2276124015
 31
0.0
  0
LINE
  5
D9E
330
2
100
AcDbEntity
  8
WALL
100
AcDbLine
 10
1027624.984123102
 20
-617900.2276127224
 30
0.0
 11
1026824.984123798
 21
-617900.2276127225
 31
0.0
  0
LINE
  5
D9F
330
2
100
AcDbEntity
  8
WALL
100
AcDbLine
 10
1027724.984123126
 20
-617700.2276126617
 30
0.0
 11
1026924.984123851
 21
-617700.227612564
 31
0.0
  0
LINE
  5
DA0
330
2
100
AcDbEntity
  8
WALL
100
AcDbLine
 10
1024124.984124028
 20
-624200.22761478
 30
0.0
 11
1024224.984124266
 21
-624200.22761478
 31
0.0
  0
LINE
  5
DA1
330
2
100
AcDbEntity
  8
WALL
100
AcDbLine
 10
1024124.984124094
 20
-624000.2276143961
 30
0.0
 11
1024124.984124288
 21
-624000.2276144765
 31
0.0
  0
LINE
  5
DA2
330
2
100
AcDbEntity
  8
WALL
100
AcDbLine
 10
1024024.984124294
 20
-624200.2276144185
 30
0.0
 11
1023024.984124125
 21
-624200.2276145409
 31
0.0
  0
LINE
  5
DA3
330
2
100
AcDbEntity
  8
WALL
100
AcDbLine
 10
1024124.984124276
 20
-624000.2276144765
 30
0.0
 11
1022824.984124125
 21
-624000.2276145886
 31
0.0
  0
LINE
  5
DA4
330
2
100
AcDbEntity
  8
WALL
100
AcDbLine
 10
1014724.98412503
 20
-614500.2276128057
 30
0.0
 11
1014724.98412574
 21
-613800.227612898
 31
0.0
  0
LINE
  5
DA5
330
2
100
AcDbEntity
  8
WALL
100
AcDbLine
 10
1014924.984125272
 20
-614400.2276151368
 30
0.0
 11
1014924.984125728
 21
-613900.2276130442
 31
0.0
  0
LINE
  5
DA6
330
2
100
AcDbEntity
  8
WALL
100
AcDbLine
 10
1014724.984125044
 20
-614600.2276128736
 30
0.0
 11
1014724.984124997
 21
-614700.2276126933
 31
0.0
  0
LINE
  5
DA7
330
2
100
AcDbEntity
  8
WALL
100
AcDbLine
 10
1014724.984124997
 20
-614700.2276126933
 30
0.0
 11
1014924.984125072
 21
-614700.2276127325
 31
0.0
  0
LINE
  5
DA8
330
2
100
AcDbEntity
  8
WALL
100
AcDbLine
 10
1014924.984125072
 20
-614700.2276127325
 30
0.0
 11
1014924.984125044
 21
-614600.2276151262
 31
0.0
  0
LINE
  5
DA9
330
2
100
AcDbEntity
  8
WALL
100
AcDbLine
 10
1014924.98412479
 20
-615900.2276124295
 30
0.0
 11
1014924.984124896
 21
-615600.2276127326
 31
0.0
  0
LINE
  5
DAA
330
2
100
AcDbEntity
  8
WALL
100
AcDbLine
 10
1014924.984124896
 20
-615600.2276127326
 30
0.0
 11
1014724.984124821
 21
-615600.2276126933
 31
0.0
  0
LINE
  5
DAB
330
2
100
AcDbEntity
  8
WALL
100
AcDbLine
 10
1014724.984124821
 20
-615600.2276126933
 30
0.0
 11
1014724.98412479
 21
-615900.2276113612
 31
0.0
  0
LINE
  5
DAC
330
2
100
AcDbEntity
  8
WALL
100
AcDbLine
 10
1033224.984123998
 20
-613700.2276150172
 30
0.0
 11
1033224.984127877
 21
-610500.2276189949
 31
0.0
  0
LINE
  5
DAD
330
2
100
AcDbEntity
  8
WALL
100
AcDbLine
 10
1033224.984127877
 20
-610500.2276189949
 30
0.0
 11
1033024.984127931
 21
-610500.2276187522
 31
0.0
  0
LINE
  5
DAE
330
2
100
AcDbEntity
  8
WALL
100
AcDbLine
 10
1033024.984127931
 20
-610500.2276187522
 30
0.0
 11
1033024.984123914
 21
-613800.2276151685
 31
0.0
  0
LWPOLYLINE
  5
DAF
330
2
100
AcDbEntity
  8
WINDOW
100
AcDbPolyline
 90
        3
 70
     0
 43
0.0
 10
1031824.984129098
 20
-610000.227618165
 10
1033024.984128527
 20
-610000.2276187925
 10
1033024.984127918
 20
-610500.2276187974
  0
LWPOLYLINE
  5
DB0
330
2
100
AcDbEntity
  8
WINDOW
100
AcDbPolyline
 90
        3
 70
     0
 43
0.0
 10
1031824.984129167
 20
-609866.8942848316
 10
1033158.317462116
 20
-609866.8942855769
 10
1033158.317461251
 20
-610500.22761896
  0
LWPOLYLINE
  5
DB1
330
2
100
AcDbEntity
  8
WINDOW
100
AcDbPolyline
 90
        3
 70
     0
 43
0.0
 10
1031824.984129132
 20
-609933.5609514986
 10
1033091.650795322
 20
-609933.5609521848
 10
1033091.650794584
 20
-610500.2276188786
  0
LWPOLYLINE
  5
DB2
330
2
100
AcDbEntity
  8
WINDOW
100
AcDbPolyline
 90
        3
 70
     0
 43
0.0
 10
1031824.984129202
 20
-609800.227618165
 10
1033224.984128911
 20
-609800.2276189689
 10
1033224.984127918
 20
-610500.2276190412
  0
LINE
  5
DB3
330
2
100
AcDbEntity
  8
WINDOW
100
AcDbLine
 10
1031824.984129098
 20
-610000.227618165
 30
0.0
 11
1031824.984129202
 21
-609800.227618165
 31
0.0
  0
LINE
  5
DB4
330
2
100
AcDbEntity
  8
WINDOW
100
AcDbLine
 10
1033024.984127918
 20
-610500.2276187974
 30
0.0
 11
1033224.984127918
 21
-610500.2276190412
 31
0.0
  0
LINE
  5
DB5
330
2
100
AcDbEntity
  8
WALL
100
AcDbLine
 10
1033124.984124189
 20
-613900.2276153206
 30
0.0
 11
1033273.832856128
 21
-613900.2276149272
 31
0.0
  0
LINE
  5
DB6
330
2
100
AcDbEntity
  8
WALL
100
AcDbLine
 10
1033273.832856128
 20
-613900.2276149272
 30
0.0
 11
1033273.832855532
 21
-613700.2276148101
 31
0.0
  0
LINE
  5
DB7
330
2
100
AcDbEntity
  8
WALL
100
AcDbLine
 10
1033273.832855532
 20
-613700.2276148101
 30
0.0
 11
1033224.984123998
 21
-613700.2276150172
 31
0.0
  0
LINE
  5
DB8
330
2
100
AcDbEntity
  8
WALL
100
AcDbLine
 10
1034127.872286046
 20
-613700.2276123253
 30
0.0
 11
1033873.832855532
 21
-613700.2276130213
 31
0.0
  0
LINE
  5
DB9
330
2
100
AcDbEntity
  8
WALL
100
AcDbLine
 10
1033873.832855532
 20
-613700.2276130213
 30
0.0
 11
1033873.832856128
 21
-613900.2276131421
 31
0.0
  0
LINE
  5
DBA
330
2
100
AcDbEntity
  8
WALL
100
AcDbLine
 10
1033873.832856128
 20
-613900.2276131421
 30
0.0
 11
1033927.872286113
 21
-613900.2276129318
 31
0.0
  0
INSERT
  5
DBB
330
2
100
AcDbEntity
  8
WINDOW
100
AcDbBlockReference
  2
$TCHSYS$WIN2D
 10
1033573.832855807
 20
-613800.2276139823
 30
0.0
 41
-600.0
 42
-200.0
 43
-600.0
 50
0.0000001708290702
1001
WTHICK
1040
200.0
  0
LINE
  5
DBC
330
2
100
AcDbEntity
  8
WALL
100
AcDbLine
 10
1034127.872286046
 20
-613700.2276123253
 30
0.0
 11
1034127.872286077
 21
-615600.2276126558
 31
0.0
  0
LINE
  5
DBD
330
2
100
AcDbEntity
  8
WALL
100
AcDbLine
 10
1033927.872286113
 20
-613900.2276129318
 30
0.0
 11
1033927.872286114
 21
-615500.2276126897
 31
0.0
  0
LINE
  5
DBE
330
2
100
AcDbEntity
  8
WALL
100
AcDbLine
 10
1034127.872286077
 20
-615600.2276126558
 30
0.0
 11
1034127.872286077
 21
-619398.0984635025
 31
0.0
  0
LINE
  5
DBF
330
2
100
AcDbEntity
  8
WALL
100
AcDbLine
 10
1033927.872286085
 20
-615600.2276126731
 30
0.0
 11
1033927.872286077
 21
-619398.0984635025
 31
0.0
  0
LINE
  5
DC0
330
2
100
AcDbEntity
  8
WALL
100
AcDbLine
 10
1034127.872286077
 20
-619398.0984635025
 30
0.0
 11
1033927.872286077
 21
-619398.0984635025
 31
0.0
  0
LINE
  5
DC1
330
2
100
AcDbEntity
  8
WALL
100
AcDbLine
 10
1033124.984123871
 20
-613900.2276152293
 30
0.0
 11
1031724.984127403
 21
-613900.2276149113
 31
0.0
  0
LINE
  5
DC2
330
2
100
AcDbEntity
  8
WALL
100
AcDbLine
 10
1033024.984123914
 20
-613800.2276151685
 30
0.0
 11
1031624.984127372
 21
-613800.2276148943
 31
0.0
  0
LINE
  5
DC3
330
2
100
AcDbEntity
  8
WALL
100
AcDbLine
 10
1025124.984129406
 20
-611300.2276150707
 30
0.0
 11
1025224.984127091
 21
-611300.2276151492
 31
0.0
  0
LINE
  5
DC4
330
2
100
AcDbEntity
  8
WALL
100
AcDbLine
 10
1025224.984127091
 20
-611300.2276151492
 30
0.0
 11
1025224.984127186
 21
-611100.2276151912
 31
0.0
  0
LINE
  5
DC5
330
2
100
AcDbEntity
  8
WALL
100
AcDbLine
 10
1025224.984127186
 20
-611100.2276151912
 30
0.0
 11
1024924.984129452
 21
-611100.2276150216
 31
0.0
  0
LINE
  5
DC6
330
2
100
AcDbEntity
  8
WALL
100
AcDbLine
 10
1026724.984127943
 20
-611100.2276158697
 30
0.0
 11
1026624.984127185
 21
-611100.2276158508
 31
0.0
  0
LINE
  5
DC7
330
2
100
AcDbEntity
  8
WALL
100
AcDbLine
 10
1026624.984127185
 20
-611100.2276158508
 30
0.0
 11
1026624.984127091
 21
-611300.2276158089
 31
0.0
  0
LINE
  5
DC8
330
2
100
AcDbEntity
  8
WALL
100
AcDbLine
 10
1026624.984127091
 20
-611300.2276158089
 30
0.0
 11
1026824.984129274
 21
-611300.2276158717
 31
0.0
  0
LINE
  5
DC9
330
2
100
AcDbEntity
  8
WINDOW
100
AcDbLine
 10
1025224.984127115
 20
-611233.5609484906
 30
0.0
 11
1025824.984127115
 21
-611233.5609487733
 31
0.0
  0
LINE
  5
DCA
330
2
100
AcDbEntity
  8
WINDOW
100
AcDbLine
 10
1025224.984127147
 20
-611166.8942818239
 30
0.0
 11
1025824.984127146
 21
-611166.8942821065
 31
0.0
  0
LINE
  5
DCB
330
2
100
AcDbEntity
  8
WINDOW
100
AcDbLine
 10
1025224.984127084
 20
-611300.2276151572
 30
0.0
 11
1025824.984127084
 21
-611300.22761544
 31
0.0
  0
LINE
  5
DCC
330
2
100
AcDbEntity
  8
WINDOW
100
AcDbLine
 10
1025224.984127178
 20
-611100.2276151573
 30
0.0
 11
1025824.984127178
 21
-611100.2276154399
 31
0.0
  0
LINE
  5
DCD
330
2
100
AcDbEntity
  8
WINDOW
100
AcDbLine
 10
1025824.984127084
 20
-611300.22761544
 30
0.0
 11
1025824.984127178
 21
-611100.2276154399
 31
0.0
  0
ARC
  5
DCE
330
2
100
AcDbEntity
  8
WINDOW
100
AcDbCircle
 10
1026624.984127131
 20
-611200.2276158168
 30
0.0
 40
799.9999999999996
100
AcDbArc
 50
89.99999997301108
 51
179.9999999730194
  0
LINE
  5
DCF
330
2
100
AcDbEntity
  8
WINDOW
100
AcDbLine
 10
1026624.984127131
 20
-611200.2276158168
 30
0.0
 11
1026624.984127508
 21
-610400.2276158169
 31
0.0
  0
LINE
  5
DD0
330
2
100
AcDbEntity
  8
WALL
100
AcDbLine
 10
1026924.984128461
 20
-610000.2276159504
 30
0.0
 11
1027624.984128492
 21
-610000.2276162693
 31
0.0
  0
LINE
  5
DD1
330
2
100
AcDbEntity
  8
WALL
100
AcDbLine
 10
1027624.984128492
 20
-610000.2276162693
 30
0.0
 11
1027624.984128586
 21
-609800.2276162592
 31
0.0
  0
LINE
  5
DD2
330
2
100
AcDbEntity
  8
WALL
100
AcDbLine
 10
1027624.984128586
 20
-609800.2276162592
 30
0.0
 11
1026724.984128555
 21
-609800.2276158569
 31
0.0
  0
LINE
  5
DD3
330
2
100
AcDbEntity
  8
WALL
100
AcDbLine
 10
1030624.984128592
 20
-609800.2276176936
 30
0.0
 11
1029724.984128586
 21
-609800.2276172483
 31
0.0
  0
LINE
  5
DD4
330
2
100
AcDbEntity
  8
WALL
100
AcDbLine
 10
1029724.984128586
 20
-609800.2276172483
 30
0.0
 11
1029724.984128492
 21
-610000.2276172582
 31
0.0
  0
LINE
  5
DD5
330
2
100
AcDbEntity
  8
WALL
100
AcDbLine
 10
1029724.984128492
 20
-610000.2276172582
 30
0.0
 11
1030424.984128502
 21
-610000.2276175985
 31
0.0
  0
INSERT
  5
DD6
330
2
100
AcDbEntity
  8
WINDOW
100
AcDbBlockReference
  2
$TCHSYS$WIN2D
 10
1028674.984128577
 20
-609900.2276167857
 30
0.0
 41
2100.0
 42
200.0
 43
2100.0
 50
359.9999999730167
1001
WTHICK
1040
200.0
  0
LINE
  5
DD7
330
2
100
AcDbEntity
  8
WALL
100
AcDbLine
 10
1030624.984128312
 20
-610400.2276176952
 30
0.0
 11
1031624.984128915
 21
-610400.2276181661
 31
0.0
  0
LINE
  5
DD8
330
2
100
AcDbEntity
  8
WALL
100
AcDbLine
 10
1030524.984124003
 20
-610600.2276176629
 30
0.0
 11
1031824.98412879
 21
-610600.2276182751
 31
0.0
  0
LINE
  5
DD9
330
2
100
AcDbEntity
  8
WALL
100
AcDbLine
 10
1031624.984128915
 20
-610400.2276181661
 30
0.0
 11
1031624.984129225
 21
-609800.227618075
 31
0.0
  0
LINE
  5
DDA
330
2
100
AcDbEntity
  8
WALL
100
AcDbLine
 10
1031824.98412879
 20
-610600.2276182751
 30
0.0
 11
1031824.9841291
 21
-610000.2276181731
 31
0.0
  0
LINE
  5
DDB
330
2
100
AcDbEntity
  8
WALL
100
AcDbLine
 10
1030424.984128362
 20
-610500.2276176101
 30
0.0
 11
1030424.984128502
 21
-610000.2276175985
 31
0.0
  0
LINE
  5
DDC
330
2
100
AcDbEntity
  8
WALL
100
AcDbLine
 10
1030624.984128312
 20
-610400.2276176952
 30
0.0
 11
1030624.984128592
 21
-609800.2276176936
 31
0.0
  0
LINE
  5
DDD
330
2
100
AcDbEntity
  8
WALL
100
AcDbLine
 10
1026724.984127943
 20
-611100.2276158697
 30
0.0
 11
1026724.984128555
 21
-609800.2276158569
 31
0.0
  0
LINE
  5
DDE
330
2
100
AcDbEntity
  8
WALL
100
AcDbLine
 10
1026924.984127955
 20
-611200.2276159582
 30
0.0
 11
1026924.984128461
 21
-610000.2276159504
 31
0.0
  0
LINE
  5
DDF
330
2
100
AcDbEntity
  8
WALL
100
AcDbLine
 10
1031824.9841291
 20
-610000.2276181731
 30
0.0
 11
1031824.984129281
 21
-609800.2276182169
 31
0.0
  0
LINE
  5
DE0
330
2
100
AcDbEntity
  8
WALL
100
AcDbLine
 10
1031824.984129281
 20
-609800.2276182169
 30
0.0
 11
1031624.984129225
 21
-609800.227618075
 31
0.0
  0
LINE
  5
DE1
330
2
100
AcDbEntity
  8
WALL
100
AcDbLine
 10
1027824.984123162
 20
-619406.3076922726
 30
0.0
 11
1027824.984123263
 21
-624200.227613846
 31
0.0
  0
LINE
  5
DE2
330
2
100
AcDbEntity
  8
WALL
100
AcDbLine
 10
1027624.984123148
 20
-619500.2276131893
 30
0.0
 11
1027624.984123248
 21
-624000.2276139022
 31
0.0
  0
LINE
  5
DE3
330
2
100
AcDbEntity
  8
WALL
100
AcDbLine
 10
1031824.984124058
 20
-620200.2276100355
 30
0.0
 11
1031824.984124201
 21
-619600.2276113016
 31
0.0
  0
LINE
  5
DE4
330
2
100
AcDbEntity
  8
WALL
100
AcDbLine
 10
1032024.984124058
 20
-620200.2276100529
 30
0.0
 11
1032024.984124092
 21
-619400.2276115896
 31
0.0
  0
LINE
  5
DE5
330
2
100
AcDbEntity
  8
WALL
100
AcDbLine
 10
1031824.984124058
 20
-620200.2276100355
 30
0.0
 11
1032024.984124058
 21
-620200.2276100529
 31
0.0
  0
LINE
  5
DE6
330
2
100
AcDbEntity
  8
WALL
100
AcDbLine
 10
1031824.984124201
 20
-619600.2276113016
 30
0.0
 11
1030524.984123945
 21
-619600.2276095185
 31
0.0
  0
LINE
  5
DE7
330
2
100
AcDbEntity
  8
WALL
100
AcDbLine
 10
1032024.984124092
 20
-619400.2276115896
 30
0.0
 11
1030524.984123814
 21
-619400.2276095323
 31
0.0
  0
LINE
  5
DE8
330
2
100
AcDbEntity
  8
WALL
100
AcDbLine
 10
1030324.98412384
 20
-619500.2276093676
 30
0.0
 11
1030324.984123858
 21
-617900.2276126514
 31
0.0
  0
LINE
  5
DE9
330
2
100
AcDbEntity
  8
WALL
100
AcDbLine
 10
1030524.984123814
 20
-619400.2276095323
 30
0.0
 11
1030524.98412384
 21
-617800.2276126616
 31
0.0
  0
LINE
  5
DEA
330
2
100
AcDbEntity
  8
WALL
100
AcDbLine
 10
1023425.020898547
 20
-613700.2276131537
 30
0.0
 11
1024924.984129282
 21
-613700.2276136398
 31
0.0
  0
LINE
  5
DEB
330
2
100
AcDbEntity
  8
WALL
100
AcDbLine
 10
1023425.020898385
 20
-613900.2276131417
 30
0.0
 11
1024924.984129265
 21
-613900.2276136279
 31
0.0
  0
LINE
  5
DEC
330
2
100
AcDbEntity
  8
WALL
100
AcDbLine
 10
1021025.020898198
 20
-614600.2276134945
 30
0.0
 11
1021675.020898473
 21
-614600.2276133113
 31
0.0
  0
LINE
  5
DED
330
2
100
AcDbEntity
  8
WALL
100
AcDbLine
 10
1021675.020898473
 20
-614600.2276133113
 30
0.0
 11
1021675.02089843
 21
-614400.2276134138
 31
0.0
  0
LINE
  5
DEE
330
2
100
AcDbEntity
  8
WALL
100
AcDbLine
 10
1021675.02089843
 20
-614400.2276134138
 30
0.0
 11
1021225.020898204
 21
-614400.2276135076
 31
0.0
  0
LINE
  5
DEF
330
2
100
AcDbEntity
  8
WALL
100
AcDbLine
 10
1023225.02089849
 20
-614400.2276130843
 30
0.0
 11
1022875.020898583
 21
-614400.2276131597
 31
0.0
  0
LINE
  5
DF0
330
2
100
AcDbEntity
  8
WALL
100
AcDbLine
 10
1022875.020898583
 20
-614400.2276131597
 30
0.0
 11
1022875.020898625
 21
-614600.2276130646
 31
0.0
  0
LINE
  5
DF1
330
2
100
AcDbEntity
  8
WALL
100
AcDbLine
 10
1022875.020898625
 20
-614600.2276130646
 30
0.0
 11
1023325.020898503
 21
-614600.2276130216
 31
0.0
  0
LINE
  5
DF2
330
2
100
AcDbEntity
  8
WALL
100
AcDbLine
 10
1024924.984129232
 20
-614400.2276127381
 30
0.0
 11
1024924.984129265
 21
-613900.2276136279
 31
0.0
  0
LINE
  5
DF3
330
2
100
AcDbEntity
  8
WALL
100
AcDbLine
 10
1025124.984129209
 20
-614500.2276138885
 30
0.0
 11
1025124.984129267
 21
-613800.2276136773
 31
0.0
  0
LINE
  5
DF4
330
2
100
AcDbEntity
  8
WALL
100
AcDbLine
 10
1021225.020897714
 20
-612400.2276134886
 30
0.0
 11
1021225.020898204
 21
-614400.2276135076
 31
0.0
  0
LINE
  5
DF5
330
2
100
AcDbEntity
  8
WALL
100
AcDbLine
 10
1021025.020897648
 20
-612300.2276135117
 30
0.0
 11
1021025.020898198
 21
-614600.2276134945
 31
0.0
  0
LINE
  5
DF6
330
2
100
AcDbEntity
  8
WALL
100
AcDbLine
 10
1016424.947356485
 20
-614400.2276148197
 30
0.0
 11
1016424.947356485
 21
-613900.2276135304
 31
0.0
  0
LINE
  5
DF7
330
2
100
AcDbEntity
  8
WALL
100
AcDbLine
 10
1016624.947356406
 20
-614400.2276147811
 30
0.0
 11
1016624.947356406
 21
-613700.2276136071
 31
0.0
  0
LINE
  5
DF8
330
2
100
AcDbEntity
  8
WALL
100
AcDbLine
 10
1023425.020898385
 20
-613900.2276131417
 30
0.0
 11
1023425.020898385
 21
-614400.2276130557
 31
0.0
  0
LINE
  5
DF9
330
2
100
AcDbEntity
  8
WALL
100
AcDbLine
 10
1023225.020898482
 20
-613800.2276131199
 30
0.0
 11
1023225.02089849
 21
-614400.2276130843
 31
0.0
  0
LINE
  5
DFA
330
2
100
AcDbEntity
  8
WALL
100
AcDbLine
 10
1024924.984129282
 20
-613700.2276136398
 30
0.0
 11
1024924.984129452
 21
-611100.2276150216
 31
0.0
  0
LINE
  5
DFB
330
2
100
AcDbEntity
  8
WALL
100
AcDbLine
 10
1025124.984129267
 20
-613800.2276136773
 30
0.0
 11
1025124.984129406
 21
-611300.2276150707
 31
0.0
  0
LINE
  5
DFC
330
2
100
AcDbEntity
  8
WALL
100
AcDbLine
 10
1023325.020898503
 20
-614600.2276130216
 30
0.0
 11
1023775.00251392
 21
-614600.2276129699
 31
0.0
  0
LINE
  5
DFD
330
2
100
AcDbEntity
  8
WALL
100
AcDbLine
 10
1023775.00251392
 20
-614600.2276129699
 30
0.0
 11
1023775.002513878
 21
-614400.2276130166
 31
0.0
  0
LINE
  5
DFE
330
2
100
AcDbEntity
  8
WALL
100
AcDbLine
 10
1023775.002513878
 20
-614400.2276130166
 30
0.0
 11
1023425.020898385
 21
-614400.2276130557
 31
0.0
  0
LINE
  5
DFF
330
2
100
AcDbEntity
  8
WALL
100
AcDbLine
 10
1024924.984129232
 20
-614400.2276127381
 30
0.0
 11
1024575.002513725
 21
-614400.2276128472
 31
0.0
  0
LINE
  5
E00
330
2
100
AcDbEntity
  8
WALL
100
AcDbLine
 10
1024575.002513725
 20
-614400.2276128472
 30
0.0
 11
1024575.002513768
 21
-614600.2276127836
 31
0.0
  0
LINE
  5
E01
330
2
100
AcDbEntity
  8
WALL
100
AcDbLine
 10
1024575.002513768
 20
-614600.2276127836
 30
0.0
 11
1024924.984125272
 21
-614600.227612649
 31
0.0
  0
INSERT
  5
E02
330
2
100
AcDbEntity
  8
WINDOW
100
AcDbBlockReference
  2
$DorLib2D$00000116
 10
1024175.002513876
 20
-614500.2276128418
 30
0.0
 41
800.0
 42
-800.0
 43
800.0
 50
0.0000000121241619
1001
WTHICK
1040
200.0
  0
LINE
  5
E03
330
2
100
AcDbEntity
  8
WALL
100
AcDbLine
 10
1014924.984125814
 20
-613700.2276130561
 30
0.0
 11
1016624.947356406
 21
-613700.2276136071
 31
0.0
  0
LINE
  5
E04
330
2
100
AcDbEntity
  8
WALL
100
AcDbLine
 10
1014924.984125728
 20
-613900.2276130442
 30
0.0
 11
1016424.947356485
 21
-613900.2276135304
 31
0.0
  0
LINE
  5
E05
330
2
100
AcDbEntity
  8
WALL
100
AcDbLine
 10
1014924.984125044
 20
-614600.2276151262
 30
0.0
 11
1015274.965741154
 21
-614600.227615063
 31
0.0
  0
LINE
  5
E06
330
2
100
AcDbEntity
  8
WALL
100
AcDbLine
 10
1015274.965741154
 20
-614600.227615063
 30
0.0
 11
1015274.965741112
 21
-614400.2276150475
 31
0.0
  0
LINE
  5
E07
330
2
100
AcDbEntity
  8
WALL
100
AcDbLine
 10
1015274.965741112
 20
-614400.2276150475
 30
0.0
 11
1014924.984125272
 21
-614400.2276151368
 31
0.0
  0
LINE
  5
E08
330
2
100
AcDbEntity
  8
WALL
100
AcDbLine
 10
1016424.947356485
 20
-614400.2276148197
 30
0.0
 11
1016074.965741112
 21
-614400.2276148782
 31
0.0
  0
LINE
  5
E09
330
2
100
AcDbEntity
  8
WALL
100
AcDbLine
 10
1016074.965741112
 20
-614400.2276148782
 30
0.0
 11
1016074.965741154
 21
-614600.22761489
 31
0.0
  0
LINE
  5
E0A
330
2
100
AcDbEntity
  8
WALL
100
AcDbLine
 10
1016074.965741154
 20
-614600.22761489
 30
0.0
 11
1016524.947356415
 21
-614600.2276147802
 31
0.0
  0
INSERT
  5
E0B
330
2
100
AcDbEntity
  8
WINDOW
100
AcDbBlockReference
  2
$DorLib2D$00000116
 10
1015674.965741042
 20
-614500.22761496
 30
0.0
 41
800.0
 42
-800.0
 43
800.0
 50
0.0000000121241619
1001
WTHICK
1040
200.0
  0
LINE
  5
E0C
330
2
100
AcDbEntity
  8
WALL
100
AcDbLine
 10
1018425.002510686
 20
-614400.2276144004
 30
0.0
 11
1018425.002510685
 21
-611000.2276130401
 31
0.0
  0
LINE
  5
E0D
330
2
100
AcDbEntity
  8
WALL
100
AcDbLine
 10
1018625.002510715
 20
-614600.2276143688
 30
0.0
 11
1018625.002510715
 21
-611200.2276130269
 31
0.0
  0
LINE
  5
E0E
330
2
100
AcDbEntity
  8
WALL
100
AcDbLine
 10
1016524.947356415
 20
-614600.2276147802
 30
0.0
 11
1016624.94735645
 21
-614600.2276147932
 31
0.0
  0
LINE
  5
E0F
330
2
100
AcDbEntity
  8
WALL
100
AcDbLine
 10
1016624.94735645
 20
-614600.2276147932
 30
0.0
 11
1016624.947356408
 21
-614400.2276147811
 31
0.0
  0
LINE
  5
E10
330
2
100
AcDbEntity
  8
WALL
100
AcDbLine
 10
1018425.002510686
 20
-614400.2276144004
 30
0.0
 11
1018425.002510716
 21
-614600.2276144407
 31
0.0
  0
LINE
  5
E11
330
2
100
AcDbEntity
  8
WALL
100
AcDbLine
 10
1018425.002510716
 20
-614600.2276144407
 30
0.0
 11
1018625.002510715
 21
-614600.2276143688
 31
0.0
  0
INSERT
  5
E12
330
2
100
AcDbEntity
  8
WINDOW
100
AcDbBlockReference
  2
$TCHSYS$WIN2D
 10
1017524.97493357
 20
-614500.2276145685
 30
0.0
 41
-1800.055154310074
 42
200.0
 43
-1800.055154310074
 50
0.0000000121259194
1001
WTHICK
1040
200.0
  0
LINE
  5
E13
330
2
100
AcDbEntity
  8
WALL
100
AcDbLine
 10
1014724.98412574
 20
-613800.227612898
 30
0.0
 11
1014724.984128014
 21
-611300.2276141088
 31
0.0
  0
LINE
  5
E14
330
2
100
AcDbEntity
  8
WALL
100
AcDbLine
 10
1014924.984125814
 20
-613700.2276130561
 30
0.0
 11
1014924.984128188
 21
-611100.2276140308
 31
0.0
  0
LINE
  5
E15
330
2
100
AcDbEntity
  8
WALL
100
AcDbLine
 10
1022924.984123174
 20
-619700.2276149913
 30
0.0
 11
1022924.984123175
 21
-620600.2276149393
 31
0.0
  0
LINE
  5
E16
330
2
100
AcDbEntity
  8
WALL
100
AcDbLine
 10
1022824.984123194
 20
-619600.2276149494
 30
0.0
 11
1022824.984123175
 21
-620500.2276149282
 31
0.0
  0
LINE
  5
E17
330
2
100
AcDbEntity
  8
WALL
100
AcDbLine
 10
1024224.984123919
 20
-624200.2276144555
 30
0.0
 11
1024224.984124096
 21
-624700.227615132
 31
0.0
  0
LINE
  5
E18
330
2
100
AcDbEntity
  8
WALL
100
AcDbLine
 10
1024124.984124028
 20
-624200.22761478
 30
0.0
 11
1024124.984124096
 21
-624700.2276151333
 31
0.0
  0
LINE
  5
E19
330
2
100
AcDbEntity
  8
WALL
100
AcDbLine
 10
1024224.984124096
 20
-624700.227615132
 30
0.0
 11
1024124.984124096
 21
-624700.2276151333
 31
0.0
  0
LINE
  5
E1A
330
2
100
AcDbEntity
  8
WALL
100
AcDbLine
 10
1024224.984123968
 20
-618852.6846991854
 30
0.0
 11
1024224.984123971
 21
-619600.2276149159
 31
0.0
  0
LINE
  5
E1B
330
2
100
AcDbEntity
  8
WALL
100
AcDbLine
 10
1024124.984123968
 20
-618852.6846991858
 30
0.0
 11
1024124.984123971
 21
-619600.2276150785
 31
0.0
  0
LINE
  5
E1C
330
2
100
AcDbEntity
  8
WALL
100
AcDbLine
 10
1024224.984123968
 20
-618852.6846991854
 30
0.0
 11
1024124.984123968
 21
-618852.6846991858
 31
0.0
  0
LINE
  5
E1D
330
2
100
AcDbEntity
  8
WALL
100
AcDbLine
 10
1031624.984126909
 20
-614300.227612934
 30
0.0
 11
1031624.9841265
 21
-614600.2276128178
 31
0.0
  0
LINE
  5
E1E
330
2
100
AcDbEntity
  8
WALL
100
AcDbLine
 10
1031624.9841265
 20
-614600.2276128178
 30
0.0
 11
1031724.984126523
 21
-614600.2276129426
 31
0.0
  0
LINE
  5
E1F
330
2
100
AcDbEntity
  8
WALL
100
AcDbLine
 10
1031724.984126523
 20
-614600.2276129426
 30
0.0
 11
1031724.984126893
 21
-614300.227612982
 31
0.0
  0
LINE
  5
E20
330
2
100
AcDbEntity
  8
WALL
100
AcDbLine
 10
1031724.984125411
 20
-615500.2276128587
 30
0.0
 11
1031724.984125535
 21
-615400.2276129426
 31
0.0
  0
LINE
  5
E21
330
2
100
AcDbEntity
  8
WALL
100
AcDbLine
 10
1031724.984125535
 20
-615400.2276129426
 30
0.0
 11
1031624.984125501
 21
-615400.2276128178
 31
0.0
  0
LINE
  5
E22
330
2
100
AcDbEntity
  8
WALL
100
AcDbLine
 10
1031624.984125501
 20
-615400.2276128178
 30
0.0
 11
1031624.984125411
 21
-615500.2276128485
 31
0.0
  0
INSERT
  5
E23
330
2
100
AcDbEntity
  8
WINDOW
100
AcDbBlockReference
  2
$DorLib2D$00000131
 10
1010574.984125879
 20
-617800.2276108404
 30
0.0
 41
1500.0
 42
-200.0
 43
1500.0
 50
359.9999999888387
1001
WTHICK
1040
200.0
  0
LINE
  5
E24
330
2
100
AcDbEntity
  8
WALL
100
AcDbLine
 10
1012924.984126225
 20
-615900.2276110102
 30
0.0
 11
1014724.98412479
 21
-615900.2276113612
 31
0.0
  0
LINE
  5
E25
330
2
100
AcDbEntity
  8
WALL
100
AcDbLine
 10
1013124.984126224
 20
-616100.2276110719
 30
0.0
 11
1014824.984124784
 21
-616100.2276114
 31
0.0
  0
INSERT
  5
E26
330
2
100
AcDbEntity
  8
WINDOW
100
AcDbBlockReference
  2
$DorLib2D$00000001
 10
1016374.984128271
 20
-616000.2276123934
 30
0.0
 41
-900.0
 42
900.0
 43
-900.0
 50
180.0
1001
WTHICK
1040
200.0
  0
INSERT
  5
E27
330
2
100
AcDbEntity
  8
WINDOW
100
AcDbBlockReference
  2
$DorLib2D$00000001
 10
1014824.984124973
 20
-615150.2276126707
 30
0.0
 41
-900.0
 42
-900.0
 43
-900.0
 50
269.9999999887765
1001
WTHICK
1040
200.0
  0
LINE
  5
E28
330
2
100
AcDbEntity
  8
WALL
100
AcDbLine
 10
1012224.984126635
 20
-617900.2276112022
 30
0.0
 11
1012224.98412631
 21
-619400.2276116697
 31
0.0
  0
LINE
  5
E29
330
2
100
AcDbEntity
  8
WALL
100
AcDbLine
 10
1012024.984126593
 20
-617900.2276111357
 30
0.0
 11
1012024.984126242
 21
-619406.3076907315
 31
0.0
  0
INSERT
  5
E2A
330
2
100
AcDbEntity
  8
WINDOW
100
AcDbBlockReference
  2
$DorLib2D$00000132
 10
1013724.984123498
 20
-624100.2276129471
 30
0.0
 41
-2400.0
 42
200.0
 43
-2400.0
 50
359.9999999791359
1001
WTHICK
1040
200.0
  0
LINE
  5
E2B
330
2
100
AcDbEntity
  8
WALL
100
AcDbLine
 10
1018624.984125795
 20
-620600.2276145717
 30
0.0
 11
1018624.98412452
 21
-624100.2276145007
 31
0.0
  0
LINE
  5
E2C
330
2
100
AcDbEntity
  8
WALL
100
AcDbLine
 10
1018624.98412452
 20
-624100.2276145007
 30
0.0
 11
1018824.984124482
 21
-624100.2276145746
 31
0.0
  0
LINE
  5
E2D
330
2
100
AcDbEntity
  8
WALL
100
AcDbLine
 10
1018824.984124482
 20
-624100.2276145746
 30
0.0
 11
1018824.98412577
 21
-620600.227614571
 31
0.0
  0
LWPOLYLINE
  5
E2E
330
2
100
AcDbEntity
  8
WINDOW
100
AcDbPolyline
 90
        3
 70
     0
 43
0.0
 10
1017024.984124268
 20
-624600.227613913
 10
1018624.984124315
 20
-624600.2276142282
 10
1018624.9841245
 20
-624100.2276145427
  0
LWPOLYLINE
  5
E2F
330
2
100
AcDbEntity
  8
WINDOW
100
AcDbPolyline
 90
        3
 70
     0
 43
0.0
 10
1017024.984124242
 20
-624733.5609472465
 10
1018758.31745757
 20
-624733.560947606
 10
1018758.317457833
 20
-624100.2276145921
  0
LWPOLYLINE
  5
E30
330
2
100
AcDbEntity
  8
WINDOW
100
AcDbPolyline
 90
        3
 70
     0
 43
0.0
 10
1017024.984124255
 20
-624666.8942805797
 10
1018691.650790943
 20
-624666.894280917
 10
1018691.650791166
 20
-624100.2276145675
  0
LWPOLYLINE
  5
E31
330
2
100
AcDbEntity
  8
WINDOW
100
AcDbPolyline
 90
        3
 70
     0
 43
0.0
 10
1017024.984124228
 20
-624800.227613913
 10
1018824.984124197
 20
-624800.227614295
 10
1018824.9841245
 20
-624100.2276146168
  0
LINE
  5
E32
330
2
100
AcDbEntity
  8
WINDOW
100
AcDbLine
 10
1017024.984124268
 20
-624600.227613913
 30
0.0
 11
1017024.984124228
 21
-624800.227613913
 31
0.0
  0
LINE
  5
E33
330
2
100
AcDbEntity
  8
WINDOW
100
AcDbLine
 10
1018624.9841245
 20
-624100.2276145427
 30
0.0
 11
1018824.9841245
 21
-624100.2276146168
 31
0.0
  0
LINE
  5
E34
330
2
100
AcDbEntity
  8
WALL
100
AcDbLine
 10
1018824.984126782
 20
-618000.2276118798
 30
0.0
 11
1018924.984125195
 21
-618000.2276119012
 31
0.0
  0
LINE
  5
E35
330
2
100
AcDbEntity
  8
WALL
100
AcDbLine
 10
1018924.984125195
 20
-618000.2276119012
 30
0.0
 11
1018924.984125273
 21
-617800.2276118871
 31
0.0
  0
LINE
  5
E36
330
2
100
AcDbEntity
  8
WALL
100
AcDbLine
 10
1018924.984125273
 20
-617800.2276118871
 30
0.0
 11
1018724.984126889
 21
-617800.2276118444
 31
0.0
  0
LINE
  5
E37
330
2
100
AcDbEntity
  8
WALL
100
AcDbLine
 10
1019824.984124831
 20
-617800.2276123432
 30
0.0
 11
1019724.984125121
 21
-617800.2276122498
 31
0.0
  0
LINE
  5
E38
330
2
100
AcDbEntity
  8
WALL
100
AcDbLine
 10
1019724.984125121
 20
-617800.2276122498
 30
0.0
 11
1019724.984125042
 21
-618000.2276122152
 31
0.0
  0
LINE
  5
E39
330
2
100
AcDbEntity
  8
WALL
100
AcDbLine
 10
1019724.984125042
 20
-618000.2276122152
 30
0.0
 11
1019824.984124842
 21
-618000.2276122724
 31
0.0
  0
INSERT
  5
E3A
330
2
100
AcDbEntity
  8
WINDOW
100
AcDbBlockReference
  2
$DorLib2D$00000001
 10
1019324.984125195
 20
-617900.2276120799
 30
0.0
 41
800.0
 42
-800.0
 43
800.0
 50
359.9999999775107
1001
WTHICK
1040
200.0
  0
INSERT
  5
E3B
330
2
100
AcDbEntity
  8
WINDOW
100
AcDbBlockReference
  2
$TCHSYS$WIN2D
 10
1018724.984126341
 20
-619173.5497243239
 30
0.0
 41
600.0
 42
200.0
 43
600.0
 50
89.99999997709435
1001
WTHICK
1040
200.0
  0
LINE
  5
E3C
330
2
100
AcDbEntity
  8
WALL
100
AcDbLine
 10
1016924.984126185
 20
-619700.2276143715
 30
0.0
 11
1015724.984125307
 21
-619700.2276142539
 31
0.0
  0
LINE
  5
E3D
330
2
100
AcDbEntity
  8
WALL
100
AcDbLine
 10
1016924.984126161
 20
-619600.2276143426
 30
0.0
 11
1015724.984125345
 21
-619600.227614225
 31
0.0
  0
LINE
  5
E3E
330
2
100
AcDbEntity
  8
WALL
100
AcDbLine
 10
1015624.984125333
 20
-619600.2276142375
 30
0.0
 11
1015624.98412531
 21
-619800.2276140407
 31
0.0
  0
LINE
  5
E3F
330
2
100
AcDbEntity
  8
WALL
100
AcDbLine
 10
1015624.98412531
 20
-619800.2276140407
 30
0.0
 11
1015724.984125307
 21
-619800.2276140613
 31
0.0
  0
LINE
  5
E40
330
2
100
AcDbEntity
  8
WALL
100
AcDbLine
 10
1015724.984125307
 20
-619800.2276140613
 30
0.0
 11
1015724.984125307
 21
-619700.2276142539
 31
0.0
  0
LINE
  5
E41
330
2
100
AcDbEntity
  8
WALL
100
AcDbLine
 10
1015724.984124418
 20
-624000.2276141511
 30
0.0
 11
1015724.984125121
 21
-620700.2276140615
 31
0.0
  0
LINE
  5
E42
330
2
100
AcDbEntity
  8
WALL
100
AcDbLine
 10
1015724.984125121
 20
-620700.2276140615
 30
0.0
 11
1015624.98412512
 21
-620700.2276140407
 31
0.0
  0
LINE
  5
E43
330
2
100
AcDbEntity
  8
WALL
100
AcDbLine
 10
1015624.98412512
 20
-620700.2276140407
 30
0.0
 11
1015624.984124404
 21
-624000.2276136658
 31
0.0
  0
INSERT
  5
E44
330
2
100
AcDbEntity
  8
WINDOW
100
AcDbBlockReference
  2
$DorLib2D$00000001
 10
1015674.984125199
 20
-620250.2276142364
 30
0.0
 41
-900.0
 42
900.0
 43
-900.0
 50
269.999999988148
1001
WTHICK
1040
100.0
  0
LINE
  5
E45
330
2
100
AcDbEntity
  8
WALL
100
AcDbLine
 10
1008224.984124876
 20
-615600.2276105874
 30
0.0
 11
1005922.095964057
 21
-615600.2276099309
 31
0.0
  0
LINE
  5
E46
330
2
100
AcDbEntity
  8
WALL
100
AcDbLine
 10
1008124.984124779
 20
-615500.2276105456
 30
0.0
 11
1005922.095964084
 21
-615500.2276099478
 31
0.0
  0
LINE
  5
E47
330
2
100
AcDbEntity
  8
WALL
100
AcDbLine
 10
1009424.984124881
 20
-615500.2276105193
 30
0.0
 11
1009224.984124862
 21
-615500.2276104908
 31
0.0
  0
LINE
  5
E48
330
2
100
AcDbEntity
  8
WALL
100
AcDbLine
 10
1009224.984124862
 20
-615500.2276104908
 30
0.0
 11
1009224.984124862
 21
-615600.2276105621
 31
0.0
  0
LINE
  5
E49
330
2
100
AcDbEntity
  8
WALL
100
AcDbLine
 10
1009224.984124862
 20
-615600.2276105621
 30
0.0
 11
1009324.984124885
 21
-615600.227610621
 31
0.0
  0
LINE
  5
E4A
330
2
100
AcDbEntity
  8
WALL
100
AcDbLine
 10
1008224.984124876
 20
-615600.2276105874
 30
0.0
 11
1008324.984124862
 21
-615600.2276105347
 31
0.0
  0
LINE
  5
E4B
330
2
100
AcDbEntity
  8
WALL
100
AcDbLine
 10
1008324.984124862
 20
-615600.2276105347
 30
0.0
 11
1008324.984124862
 21
-615500.2276104919
 31
0.0
  0
LINE
  5
E4C
330
2
100
AcDbEntity
  8
WALL
100
AcDbLine
 10
1008324.984124862
 20
-615500.2276104919
 30
0.0
 11
1008224.984124778
 21
-615500.2276105205
 31
0.0
  0
INSERT
  5
E4D
330
2
100
AcDbEntity
  8
WINDOW
100
AcDbBlockReference
  2
$DorLib2D$00000001
 10
1008774.984124876
 20
-615550.2276105867
 30
0.0
 41
-900.0
 42
900.0
 43
-900.0
 50
180.0000000000667
1001
WTHICK
1040
100.0
  0
INSERT
  5
E4E
330
2
100
AcDbEntity
  8
WINDOW
100
AcDbBlockReference
  2
$DorLib2D$00000001
 10
1008174.984124244
 20
-615000.227610591
 30
0.0
 41
800.0
 42
-800.0
 43
800.0
 50
270.0000000603594
1001
WTHICK
1040
100.0
  0
INSERT
  5
E4F
330
2
100
AcDbEntity
  8
WINDOW
100
AcDbBlockReference
  2
$DorLib2D$00000001
 10
1008774.984126569
 20
-614250.2276105778
 30
0.0
 41
-900.0
 42
-900.0
 43
-900.0
 50
180.0000000000727
1001
WTHICK
1040
100.0
  0
LINE
  5
E50
330
2
100
AcDbEntity
  8
WALL
100
AcDbLine
 10
1013024.984121744
 20
-611300.2276145787
 30
0.0
 11
1013024.984124826
 21
-614500.2276123744
 31
0.0
  0
LINE
  5
E51
330
2
100
AcDbEntity
  8
WALL
100
AcDbLine
 10
1012924.984121623
 20
-611200.2276146636
 30
0.0
 11
1012924.984124894
 21
-614600.2276124169
 31
0.0
  0
LINE
  5
E52
330
2
100
AcDbEntity
  8
WALL
100
AcDbLine
 10
1012924.984124894
 20
-614600.2276124169
 30
0.0
 11
1013124.984124724
 21
-614600.2276125305
 31
0.0
  0
LINE
  5
E53
330
2
100
AcDbEntity
  8
WALL
100
AcDbLine
 10
1013124.984124724
 20
-614600.2276125305
 30
0.0
 11
1013124.984124749
 21
-614500.2276123648
 31
0.0
  0
LINE
  5
E54
330
2
100
AcDbEntity
  8
WALL
100
AcDbLine
 10
1013124.984124749
 20
-614500.2276123648
 30
0.0
 11
1013024.984124826
 21
-614500.2276123744
 31
0.0
  0
LINE
  5
E55
330
2
100
AcDbEntity
  8
WALL
100
AcDbLine
 10
1014724.98412503
 20
-614500.2276128057
 30
0.0
 11
1013924.984124749
 21
-614500.2276125677
 31
0.0
  0
LINE
  5
E56
330
2
100
AcDbEntity
  8
WALL
100
AcDbLine
 10
1013924.984124749
 20
-614500.2276125677
 30
0.0
 11
1013924.984124724
 21
-614600.2276127335
 31
0.0
  0
LINE
  5
E57
330
2
100
AcDbEntity
  8
WALL
100
AcDbLine
 10
1013924.984124724
 20
-614600.2276127335
 30
0.0
 11
1014724.984125044
 21
-614600.2276128736
 31
0.0
  0
INSERT
  5
E58
330
2
100
AcDbEntity
  8
WINDOW
100
AcDbBlockReference
  2
$DorLib2D$00000001
 10
1013524.984124785
 20
-614550.2276125291
 30
0.0
 41
-800.0
 42
800.0
 43
-800.0
 50
359.9999999854666
1001
WTHICK
1040
100.0
  0
LINE
  5
E59
330
2
100
AcDbEntity
  8
WALL
100
AcDbLine
 10
1009424.984124881
 20
-615500.2276105193
 30
0.0
 11
1009424.984124919
 21
-617700.2276105906
 31
0.0
  0
LINE
  5
E5A
330
2
100
AcDbEntity
  8
WALL
100
AcDbLine
 10
1009324.984124885
 20
-615600.227610621
 30
0.0
 11
1009324.984124925
 21
-617800.2276106182
 31
0.0
  0
LINE
  5
E5B
330
2
100
AcDbEntity
  8
WALL
100
AcDbLine
 10
1016924.984126809
 20
-616100.2276124064
 30
0.0
 11
1016924.984126692
 21
-616900.2276125048
 31
0.0
  0
LINE
  5
E5C
330
2
100
AcDbEntity
  8
WALL
100
AcDbLine
 10
1016924.984126692
 20
-616900.2276125048
 30
0.0
 11
1017024.984126679
 21
-616900.2276125244
 31
0.0
  0
LINE
  5
E5D
330
2
100
AcDbEntity
  8
WALL
100
AcDbLine
 10
1017024.984126679
 20
-616900.2276125244
 30
0.0
 11
1017024.984126801
 21
-616100.2276123976
 31
0.0
  0
LINE
  5
E5E
330
2
100
AcDbEntity
  8
WALL
100
AcDbLine
 10
1017024.984126467
 20
-617800.2276123131
 30
0.0
 11
1017024.984126523
 21
-617700.2276122191
 31
0.0
  0
LINE
  5
E5F
330
2
100
AcDbEntity
  8
WALL
100
AcDbLine
 10
1017024.984126523
 20
-617700.2276122191
 30
0.0
 11
1016924.984126558
 21
-617700.2276121996
 31
0.0
  0
LINE
  5
E60
330
2
100
AcDbEntity
  8
WALL
100
AcDbLine
 10
1016924.984126558
 20
-617700.2276121996
 30
0.0
 11
1016924.984126508
 21
-617900.2276123236
 31
0.0
  0
INSERT
  5
E61
330
2
100
AcDbEntity
  8
WINDOW
100
AcDbBlockReference
  2
$DorLib2D$00000001
 10
1016974.984126625
 20
-617300.2276123132
 30
0.0
 41
800.0
 42
800.0
 43
800.0
 50
269.9999999887662
1001
WTHICK
1040
100.0
  0
LINE
  5
E62
330
2
100
AcDbEntity
  8
WALL
100
AcDbLine
 10
1017024.984126028
 20
-620500.2276144203
 30
0.0
 11
1018624.984125801
 21
-620500.2276145708
 31
0.0
  0
LINE
  5
E63
330
2
100
AcDbEntity
  8
WALL
100
AcDbLine
 10
1016924.984126008
 20
-620600.2276144118
 30
0.0
 11
1018624.984125795
 21
-620600.2276145717
 31
0.0
  0
LINE
  5
E64
330
2
100
AcDbEntity
  8
WALL
100
AcDbLine
 10
1018824.98412577
 20
-620600.2276145738
 30
0.0
 11
1018824.984126198
 21
-619473.5497244312
 31
0.0
  0
LINE
  5
E65
330
2
100
AcDbEntity
  8
WALL
100
AcDbLine
 10
1018824.984126198
 20
-619473.5497244312
 30
0.0
 11
1018624.9841262
 21
-619473.5497243511
 31
0.0
  0
LINE
  5
E66
330
2
100
AcDbEntity
  8
WALL
100
AcDbLine
 10
1018624.9841262
 20
-619473.5497243511
 30
0.0
 11
1018624.984125801
 21
-620500.2276145708
 31
0.0
  0
LINE
  5
E67
330
2
100
AcDbEntity
  8
WALL
100
AcDbLine
 10
1018624.98412684
 20
-617900.2276123764
 30
0.0
 11
1018624.98412644
 21
-618873.5497243512
 31
0.0
  0
LINE
  5
E68
330
2
100
AcDbEntity
  8
WALL
100
AcDbLine
 10
1018624.98412644
 20
-618873.5497243512
 30
0.0
 11
1018824.984126432
 21
-618873.5497244311
 31
0.0
  0
LINE
  5
E69
330
2
100
AcDbEntity
  8
WALL
100
AcDbLine
 10
1018824.984126432
 20
-618873.5497244311
 30
0.0
 11
1018824.984126782
 21
-618000.2276118798
 31
0.0
  0
LINE
  5
E6A
330
2
100
AcDbEntity
  8
WALL
100
AcDbLine
 10
1015824.9841243
 20
-624200.2276136258
 30
0.0
 11
1015824.984124284
 21
-624801.0309270045
 31
0.0
  0
LINE
  5
E6B
330
2
100
AcDbEntity
  8
WALL
100
AcDbLine
 10
1015624.984124328
 20
-624200.2276132947
 30
0.0
 11
1015624.984124284
 21
-624801.0309270161
 31
0.0
  0
LINE
  5
E6C
330
2
100
AcDbEntity
  8
WALL
100
AcDbLine
 10
1015824.984124284
 20
-624801.0309270045
 30
0.0
 11
1015624.984124284
 21
-624801.0309270161
 31
0.0
  0
LINE
  5
E6D
330
2
100
AcDbEntity
  8
WALL
100
AcDbLine
 10
1018624.98412684
 20
-617900.2276123764
 30
0.0
 11
1017024.984126518
 21
-617900.2276123807
 31
0.0
  0
LINE
  5
E6E
330
2
100
AcDbEntity
  8
WALL
100
AcDbLine
 10
1018724.984126817
 20
-617800.2276123187
 30
0.0
 11
1017024.984126467
 21
-617800.2276123131
 31
0.0
  0
LINE
  5
E6F
330
2
100
AcDbEntity
  8
WALL
100
AcDbLine
 10
1016924.984126508
 20
-617900.2276123236
 30
0.0
 11
1016924.984126523
 21
-618050.2276121996
 31
0.0
  0
LINE
  5
E70
330
2
100
AcDbEntity
  8
WALL
100
AcDbLine
 10
1016924.984126523
 20
-618050.2276121996
 30
0.0
 11
1017024.984126461
 21
-618050.2276122192
 31
0.0
  0
LINE
  5
E71
330
2
100
AcDbEntity
  8
WALL
100
AcDbLine
 10
1017024.984126461
 20
-618050.2276122192
 30
0.0
 11
1017024.984126518
 21
-617900.2276123807
 31
0.0
  0
LINE
  5
E72
330
2
100
AcDbEntity
  8
WALL
100
AcDbLine
 10
1017024.984126174
 20
-619600.2276143648
 30
0.0
 11
1017024.984126299
 21
-618850.2276122192
 31
0.0
  0
LINE
  5
E73
330
2
100
AcDbEntity
  8
WALL
100
AcDbLine
 10
1017024.984126299
 20
-618850.2276122192
 30
0.0
 11
1016924.98412636
 21
-618850.2276121996
 31
0.0
  0
LINE
  5
E74
330
2
100
AcDbEntity
  8
WALL
100
AcDbLine
 10
1016924.98412636
 20
-618850.2276121996
 30
0.0
 11
1016924.984126161
 21
-619600.2276143426
 31
0.0
  0
INSERT
  5
E75
330
2
100
AcDbEntity
  8
WINDOW
100
AcDbBlockReference
  2
$DorLib2D$00000001
 10
1016974.984126399
 20
-618450.2276123296
 30
0.0
 41
-800.0
 42
800.0
 43
-800.0
 50
269.9999999887471
1001
WTHICK
1040
100.0
  0
LINE
  5
E76
330
2
100
AcDbEntity
  8
WALL
100
AcDbLine
 10
1013024.984125871
 20
-617900.2276113582
 30
0.0
 11
1013024.984125743
 21
-618200.2276128351
 31
0.0
  0
LINE
  5
E77
330
2
100
AcDbEntity
  8
WALL
100
AcDbLine
 10
1013024.984125743
 20
-618200.2276128351
 30
0.0
 11
1013124.984125774
 21
-618200.2276128724
 31
0.0
  0
LINE
  5
E78
330
2
100
AcDbEntity
  8
WALL
100
AcDbLine
 10
1013124.984125774
 20
-618200.2276128724
 30
0.0
 11
1013124.984125931
 21
-617800.2276113178
 31
0.0
  0
LINE
  5
E79
330
2
100
AcDbEntity
  8
WALL
100
AcDbLine
 10
1013124.984125315
 20
-619500.2276119296
 30
0.0
 11
1013124.984125448
 21
-619100.2276128723
 31
0.0
  0
LINE
  5
E7A
330
2
100
AcDbEntity
  8
WALL
100
AcDbLine
 10
1013124.984125448
 20
-619100.2276128723
 30
0.0
 11
1013024.984125409
 21
-619100.2276128354
 31
0.0
  0
LINE
  5
E7B
330
2
100
AcDbEntity
  8
WALL
100
AcDbLine
 10
1013024.984125409
 20
-619100.2276128354
 30
0.0
 11
1013024.984125314
 21
-619400.2276119666
 31
0.0
  0
INSERT
  5
E7C
330
2
100
AcDbEntity
  8
WINDOW
100
AcDbBlockReference
  2
$DorLib2D$00000116
 10
1013074.984125615
 20
-618650.2276126782
 30
0.0
 41
900.0
 42
900.0
 43
900.0
 50
269.9999999787223
1001
WTHICK
1040
100.0
  0
LINE
  5
E7D
330
2
100
AcDbEntity
  8
WALL
100
AcDbLine
 10
1013124.984125315
 20
-619500.2276119296
 30
0.0
 11
1012224.984126212
 21
-619500.2276115957
 31
0.0
  0
LINE
  5
E7E
330
2
100
AcDbEntity
  8
WALL
100
AcDbLine
 10
1013024.984125314
 20
-619400.2276119666
 30
0.0
 11
1012224.98412631
 21
-619400.2276116697
 31
0.0
  0
LINE
  5
E7F
330
2
100
AcDbEntity
  8
WALL
100
AcDbLine
 10
1008224.984122991
 20
-613800.2276126434
 30
0.0
 11
1008224.984123412
 21
-614200.2276105741
 31
0.0
  0
LINE
  5
E80
330
2
100
AcDbEntity
  8
WALL
100
AcDbLine
 10
1008124.984122941
 20
-613900.2276126411
 30
0.0
 11
1008124.984123506
 21
-614300.2276106837
 31
0.0
  0
LINE
  5
E81
330
2
100
AcDbEntity
  8
WALL
100
AcDbLine
 10
1009324.984126549
 20
-614200.2276105726
 30
0.0
 11
1009224.984126386
 21
-614200.2276106076
 31
0.0
  0
LINE
  5
E82
330
2
100
AcDbEntity
  8
WALL
100
AcDbLine
 10
1009224.984126386
 20
-614200.2276106076
 30
0.0
 11
1009224.984126386
 21
-614300.2276104618
 31
0.0
  0
LINE
  5
E83
330
2
100
AcDbEntity
  8
WALL
100
AcDbLine
 10
1009224.984126386
 20
-614300.2276104618
 30
0.0
 11
1009424.984126537
 21
-614300.2276105357
 31
0.0
  0
LINE
  5
E84
330
2
100
AcDbEntity
  8
WALL
100
AcDbLine
 10
1008224.984123514
 20
-614300.2276105371
 30
0.0
 11
1008324.984126692
 21
-614300.2276104628
 31
0.0
  0
LINE
  5
E85
330
2
100
AcDbEntity
  8
WALL
100
AcDbLine
 10
1008324.984126692
 20
-614300.2276104628
 30
0.0
 11
1008324.984126691
 21
-614200.2276106088
 31
0.0
  0
LINE
  5
E86
330
2
100
AcDbEntity
  8
WALL
100
AcDbLine
 10
1008324.984126691
 20
-614200.2276106088
 30
0.0
 11
1008224.984123412
 21
-614200.2276105741
 31
0.0
  0
LINE
  5
E87
330
2
100
AcDbEntity
  8
WALL
100
AcDbLine
 10
1016824.984124072
 20
-624800.2276138737
 30
0.0
 11
1016824.984124189
 21
-624200.2276139432
 31
0.0
  0
LINE
  5
E88
330
2
100
AcDbEntity
  8
WALL
100
AcDbLine
 10
1017024.984124315
 20
-624600.2276139159
 30
0.0
 11
1017024.984124431
 21
-624000.2276141314
 31
0.0
  0
LINE
  5
E89
330
2
100
AcDbEntity
  8
WALL
100
AcDbLine
 10
1016824.984124072
 20
-624800.2276138737
 30
0.0
 11
1017024.98412423
 21
-624800.2276138943
 31
0.0
  0
LINE
  5
E8A
330
2
100
AcDbEntity
  8
WALL
100
AcDbLine
 10
1017024.98412423
 20
-624800.2276138943
 30
0.0
 11
1017024.984124269
 21
-624600.227613886
 31
0.0
  0
LINE
  5
E8B
330
2
100
AcDbEntity
  8
WALL
100
AcDbLine
 10
1009424.984127139
 20
-610500.2276155923
 30
0.0
 11
1009424.984126537
 21
-614300.2276105357
 31
0.0
  0
LINE
  5
E8C
330
2
100
AcDbEntity
  8
WALL
100
AcDbLine
 10
1009324.984127123
 20
-610600.2276156382
 30
0.0
 11
1009324.984126549
 21
-614200.2276105726
 31
0.0
  0
LINE
  5
E8D
330
2
100
AcDbEntity
  8
WALL
100
AcDbLine
 10
1009524.984125854
 20
-617900.2276106487
 30
0.0
 11
1009824.984125908
 21
-617900.2276106843
 31
0.0
  0
LINE
  5
E8E
330
2
100
AcDbEntity
  8
WALL
100
AcDbLine
 10
1009824.984125908
 20
-617900.2276106843
 30
0.0
 11
1009824.984125946
 21
-617700.2276106618
 31
0.0
  0
LINE
  5
E8F
330
2
100
AcDbEntity
  8
WALL
100
AcDbLine
 10
1009824.984125946
 20
-617700.2276106618
 30
0.0
 11
1009424.984124919
 21
-617700.2276105906
 31
0.0
  0
LINE
  5
E90
330
2
100
AcDbEntity
  8
WALL
100
AcDbLine
 10
1012124.984126611
 20
-617700.2276111425
 30
0.0
 11
1011324.984125947
 21
-617700.2276109683
 31
0.0
  0
LINE
  5
E91
330
2
100
AcDbEntity
  8
WALL
100
AcDbLine
 10
1011324.984125947
 20
-617700.2276109683
 30
0.0
 11
1011324.984125908
 21
-617900.2276109766
 31
0.0
  0
LINE
  5
E92
330
2
100
AcDbEntity
  8
WALL
100
AcDbLine
 10
1011324.984125908
 20
-617900.2276109766
 30
0.0
 11
1012024.984126593
 21
-617900.2276111357
 31
0.0
  0
LINE
  5
E93
330
2
100
AcDbEntity
  8
WALL
100
AcDbLine
 10
1009324.98412541
 20
-620199.0984614379
 30
0.0
 11
1009324.984125591
 21
-619600.2276073842
 31
0.0
  0
LINE
  5
E94
330
2
100
AcDbEntity
  8
WALL
100
AcDbLine
 10
1009524.984125411
 20
-620199.0984614771
 30
0.0
 11
1009524.984125547
 21
-619500.2276073422
 31
0.0
  0
LINE
  5
E95
330
2
100
AcDbEntity
  8
WALL
100
AcDbLine
 10
1009324.98412541
 20
-620199.0984614379
 30
0.0
 11
1009524.984125411
 21
-620199.0984614771
 31
0.0
  0
LINE
  5
E96
330
2
100
AcDbEntity
  8
WALL
100
AcDbLine
 10
1012024.984125208
 20
-624200.2276122978
 30
0.0
 11
1012524.984123474
 21
-624200.2276124573
 31
0.0
  0
LINE
  5
E97
330
2
100
AcDbEntity
  8
WALL
100
AcDbLine
 10
1012524.984123474
 20
-624200.2276124573
 30
0.0
 11
1012524.984123547
 21
-624000.2276125193
 31
0.0
  0
LINE
  5
E98
330
2
100
AcDbEntity
  8
WALL
100
AcDbLine
 10
1012524.984123547
 20
-624000.2276125193
 30
0.0
 11
1012224.984125235
 21
-624000.2276124278
 31
0.0
  0
LINE
  5
E99
330
2
100
AcDbEntity
  8
WALL
100
AcDbLine
 10
1015624.984124404
 20
-624000.2276136658
 30
0.0
 11
1014924.984123547
 21
-624000.2276133932
 31
0.0
  0
LINE
  5
E9A
330
2
100
AcDbEntity
  8
WALL
100
AcDbLine
 10
1014924.984123547
 20
-624000.2276133932
 30
0.0
 11
1014924.984123474
 21
-624200.2276133312
 31
0.0
  0
LINE
  5
E9B
330
2
100
AcDbEntity
  8
WALL
100
AcDbLine
 10
1014924.984123474
 20
-624200.2276133312
 30
0.0
 11
1015624.984124394
 21
-624200.2276136084
 31
0.0
  0
LINE
  5
E9C
330
2
100
AcDbEntity
  8
WALL
100
AcDbLine
 10
1012924.984125875
 20
-617700.2276113157
 30
0.0
 11
1012924.984126225
 21
-615900.2276110102
 31
0.0
  0
LINE
  5
E9D
330
2
100
AcDbEntity
  8
WALL
100
AcDbLine
 10
1013124.984125878
 20
-617800.2276113372
 30
0.0
 11
1013124.984126224
 21
-616100.2276110719
 31
0.0
  0
LINE
  5
E9E
330
2
100
AcDbEntity
  8
WALL
100
AcDbLine
 10
1012124.984126611
 20
-617700.2276111425
 30
0.0
 11
1012924.984125875
 21
-617700.2276113157
 31
0.0
  0
LINE
  5
E9F
330
2
100
AcDbEntity
  8
WALL
100
AcDbLine
 10
1012224.984126635
 20
-617900.2276112022
 30
0.0
 11
1013024.984125871
 21
-617900.2276113582
 31
0.0
  0
LINE
  5
EA0
330
2
100
AcDbEntity
  8
WALL
100
AcDbLine
 10
1015724.984124418
 20
-624000.2276141511
 30
0.0
 11
1015724.984124222
 21
-624000.2276136582
 31
0.0
  0
LINE
  5
EA1
330
2
100
AcDbEntity
  8
WALL
100
AcDbLine
 10
1015724.984124284
 20
-624200.2276133142
 30
0.0
 11
1015624.984124328
 21
-624200.2276132947
 31
0.0
  0
LINE
  5
EA2
330
2
100
AcDbEntity
  8
WALL
100
AcDbLine
 10
1015724.984124235
 20
-624000.2276136582
 30
0.0
 11
1017024.984124431
 21
-624000.2276141314
 31
0.0
  0
LINE
  5
EA3
330
2
100
AcDbEntity
  8
WALL
100
AcDbLine
 10
1015824.9841243
 20
-624200.2276136258
 30
0.0
 11
1016824.984124189
 21
-624200.2276139432
 31
0.0
  0
LINE
  5
EA4
330
2
100
AcDbEntity
  8
WALL
100
AcDbLine
 10
1006824.984126591
 20
-613800.227612645
 30
0.0
 11
1006824.984123236
 21
-610500.2276162654
 31
0.0
  0
LINE
  5
EA5
330
2
100
AcDbEntity
  8
WALL
100
AcDbLine
 10
1006824.984123236
 20
-610500.2276162654
 30
0.0
 11
1006624.984123258
 21
-610500.2276164693
 31
0.0
  0
LINE
  5
EA6
330
2
100
AcDbEntity
  8
WALL
100
AcDbLine
 10
1006624.984123258
 20
-610500.2276164693
 30
0.0
 11
1006624.984126526
 21
-613700.2276124378
 31
0.0
  0
LWPOLYLINE
  5
EA7
330
2
100
AcDbEntity
  8
WINDOW
100
AcDbPolyline
 90
        3
 70
     0
 43
0.0
 10
1008024.984122147
 20
-610000.2276159254
 10
1006824.984122717
 20
-610000.2276162641
 10
1006824.984123229
 20
-610500.2276162688
  0
LWPOLYLINE
  5
EA8
330
2
100
AcDbEntity
  8
WINDOW
100
AcDbPolyline
 90
        3
 70
     0
 43
0.0
 10
1008024.98412211
 20
-609866.894282592
 10
1006691.650789247
 20
-609866.8942829916
 10
1006691.650789895
 20
-610500.2276164051
  0
LWPOLYLINE
  5
EA9
330
2
100
AcDbEntity
  8
WINDOW
100
AcDbPolyline
 90
        3
 70
     0
 43
0.0
 10
1008024.984122128
 20
-609933.5609492587
 10
1006758.317455982
 20
-609933.5609496278
 10
1006758.317456562
 20
-610500.2276163371
  0
LWPOLYLINE
  5
EAA
330
2
100
AcDbEntity
  8
WINDOW
100
AcDbPolyline
 90
        3
 70
     0
 43
0.0
 10
1008024.984122091
 20
-609800.2276159253
 10
1006624.984122512
 20
-609800.2276163551
 10
1006624.984123229
 20
-610500.2276164733
  0
LINE
  5
EAB
330
2
100
AcDbEntity
  8
WINDOW
100
AcDbLine
 10
1008024.984122147
 20
-610000.2276159254
 30
0.0
 11
1008024.984122091
 21
-609800.2276159253
 31
0.0
  0
LINE
  5
EAC
330
2
100
AcDbEntity
  8
WINDOW
100
AcDbLine
 10
1006824.984123229
 20
-610500.2276162688
 30
0.0
 11
1006624.984123229
 21
-610500.2276164733
 31
0.0
  0
LINE
  5
EAD
330
2
100
AcDbEntity
  8
WALL
100
AcDbLine
 10
1006624.984126526
 20
-613700.2276124378
 30
0.0
 11
1006576.135395034
 21
-613700.2276122864
 31
0.0
  0
LINE
  5
EAE
330
2
100
AcDbEntity
  8
WALL
100
AcDbLine
 10
1006576.135395034
 20
-613700.2276122864
 30
0.0
 11
1006576.135394398
 21
-613900.227612283
 31
0.0
  0
LINE
  5
EAF
330
2
100
AcDbEntity
  8
WALL
100
AcDbLine
 10
1006576.135394398
 20
-613900.227612283
 30
0.0
 11
1006724.984126288
 21
-613900.2276127497
 31
0.0
  0
LINE
  5
EB0
330
2
100
AcDbEntity
  8
WALL
100
AcDbLine
 10
1005922.095964396
 20
-613900.2276102154
 30
0.0
 11
1005976.135394398
 21
-613900.2276103891
 31
0.0
  0
LINE
  5
EB1
330
2
100
AcDbEntity
  8
WALL
100
AcDbLine
 10
1005976.135394398
 20
-613900.2276103891
 30
0.0
 11
1005976.135395034
 21
-613700.2276103808
 31
0.0
  0
LINE
  5
EB2
330
2
100
AcDbEntity
  8
WALL
100
AcDbLine
 10
1005976.135395034
 20
-613700.2276103808
 30
0.0
 11
1005722.095964435
 21
-613700.2276095699
 31
0.0
  0
INSERT
  5
EB3
330
2
100
AcDbEntity
  8
WINDOW
100
AcDbBlockReference
  2
$TCHSYS$WIN2D
 10
1006276.13539469
 20
-613800.227611324
 30
0.0
 41
-600.0
 42
200.0
 43
-600.0
 50
179.9999998180157
1001
WTHICK
1040
200.0
  0
LINE
  5
EB4
330
2
100
AcDbEntity
  8
WALL
100
AcDbLine
 10
1005922.095964396
 20
-613900.2276102154
 30
0.0
 11
1005922.095964084
 21
-615500.2276099478
 31
0.0
  0
LINE
  5
EB5
330
2
100
AcDbEntity
  8
WALL
100
AcDbLine
 10
1005722.095964435
 20
-613700.2276095699
 30
0.0
 11
1005722.095964069
 21
-615600.2276098893
 31
0.0
  0
LINE
  5
EB6
330
2
100
AcDbEntity
  8
WALL
100
AcDbLine
 10
1005922.095964057
 20
-615600.2276099309
 30
0.0
 11
1005922.095963329
 21
-619398.0984607558
 31
0.0
  0
LINE
  5
EB7
330
2
100
AcDbEntity
  8
WALL
100
AcDbLine
 10
1005722.095964069
 20
-615600.2276098896
 30
0.0
 11
1005722.095963329
 21
-619398.0984607365
 31
0.0
  0
LINE
  5
EB8
330
2
100
AcDbEntity
  8
WALL
100
AcDbLine
 10
1005922.095963329
 20
-619398.0984607558
 30
0.0
 11
1005722.095963329
 21
-619398.0984607365
 31
0.0
  0
LINE
  5
EB9
330
2
100
AcDbEntity
  8
WALL
100
AcDbLine
 10
1006824.984126591
 20
-613800.227612645
 30
0.0
 11
1008224.984122991
 21
-613800.2276126434
 31
0.0
  0
LINE
  5
EBA
330
2
100
AcDbEntity
  8
WALL
100
AcDbLine
 10
1006724.984126606
 20
-613900.2276126584
 30
0.0
 11
1008124.984122941
 21
-613900.2276126411
 31
0.0
  0
LINE
  5
EBB
330
2
100
AcDbEntity
  8
WALL
100
AcDbLine
 10
1014924.984128188
 20
-611100.2276140308
 30
0.0
 11
1014624.984123861
 21
-611100.2276141178
 31
0.0
  0
LINE
  5
EBC
330
2
100
AcDbEntity
  8
WALL
100
AcDbLine
 10
1014624.984123861
 20
-611100.2276141178
 30
0.0
 11
1014624.984123916
 21
-611300.2276141218
 31
0.0
  0
LINE
  5
EBD
330
2
100
AcDbEntity
  8
WALL
100
AcDbLine
 10
1014624.984123916
 20
-611300.2276141218
 30
0.0
 11
1014724.984128014
 21
-611300.2276141088
 31
0.0
  0
LINE
  5
EBE
330
2
100
AcDbEntity
  8
WALL
100
AcDbLine
 10
1013024.984121744
 20
-611300.2276145787
 30
0.0
 11
1013224.984123916
 21
-611300.2276145086
 31
0.0
  0
LINE
  5
EBF
330
2
100
AcDbEntity
  8
WALL
100
AcDbLine
 10
1013224.984123916
 20
-611300.2276145086
 30
0.0
 11
1013224.984123861
 21
-611100.2276145047
 31
0.0
  0
LINE
  5
EC0
330
2
100
AcDbEntity
  8
WALL
100
AcDbLine
 10
1013224.984123861
 20
-611100.2276145047
 30
0.0
 11
1013124.984123101
 21
-611100.2276145283
 31
0.0
  0
LINE
  5
EC1
330
2
100
AcDbEntity
  8
WINDOW
100
AcDbLine
 10
1014624.984123864
 20
-611166.8942807917
 30
0.0
 11
1014024.984123864
 21
-611166.8942809576
 31
0.0
  0
LINE
  5
EC2
330
2
100
AcDbEntity
  8
WINDOW
100
AcDbLine
 10
1014624.984123882
 20
-611233.5609474585
 30
0.0
 11
1014024.984123882
 21
-611233.5609476243
 31
0.0
  0
LINE
  5
EC3
330
2
100
AcDbEntity
  8
WINDOW
100
AcDbLine
 10
1014624.984123845
 20
-611100.2276141253
 30
0.0
 11
1014024.984123845
 21
-611100.2276142909
 31
0.0
  0
LINE
  5
EC4
330
2
100
AcDbEntity
  8
WINDOW
100
AcDbLine
 10
1014624.984123901
 20
-611300.2276141251
 30
0.0
 11
1014024.984123901
 21
-611300.2276142909
 31
0.0
  0
LINE
  5
EC5
330
2
100
AcDbEntity
  8
WINDOW
100
AcDbLine
 10
1014024.984123845
 20
-611100.2276142909
 30
0.0
 11
1014024.984123901
 21
-611300.2276142909
 31
0.0
  0
ARC
  5
EC6
330
2
100
AcDbEntity
  8
WINDOW
100
AcDbCircle
 10
1013224.984123873
 20
-611200.2276145119
 30
0.0
 40
800.0000000000195
100
AcDbArc
 50
0.0
 51
90.00000001582483
  0
LINE
  5
EC7
330
2
100
AcDbEntity
  8
WINDOW
100
AcDbLine
 10
1013224.984123873
 20
-611200.2276145119
 30
0.0
 11
1013224.984123652
 21
-610400.2276145119
 31
0.0
  0
LINE
  5
EC8
330
2
100
AcDbEntity
  8
WALL
100
AcDbLine
 10
1013124.984122742
 20
-609800.2276145599
 30
0.0
 11
1012224.984122739
 21
-609800.2276148104
 31
0.0
  0
LINE
  5
EC9
330
2
100
AcDbEntity
  8
WALL
100
AcDbLine
 10
1012224.984122739
 20
-609800.2276148104
 30
0.0
 11
1012224.984122794
 21
-610000.2276147833
 31
0.0
  0
LINE
  5
ECA
330
2
100
AcDbEntity
  8
WALL
100
AcDbLine
 10
1012224.984122794
 20
-610000.2276147833
 30
0.0
 11
1012924.984122703
 21
-610000.2276145811
 31
0.0
  0
LINE
  5
ECB
330
2
100
AcDbEntity
  8
WALL
100
AcDbLine
 10
1009424.98412261
 20
-610000.2276155479
 30
0.0
 11
1010124.984122642
 21
-610000.2276153632
 31
0.0
  0
LINE
  5
ECC
330
2
100
AcDbEntity
  8
WALL
100
AcDbLine
 10
1010124.984122642
 20
-610000.2276153632
 30
0.0
 11
1010124.984122586
 21
-609800.2276153902
 31
0.0
  0
LINE
  5
ECD
330
2
100
AcDbEntity
  8
WALL
100
AcDbLine
 10
1010124.984122586
 20
-609800.2276153902
 30
0.0
 11
1009224.984122558
 21
-609800.227615637
 31
0.0
  0
INSERT
  5
ECE
330
2
100
AcDbEntity
  8
WINDOW
100
AcDbBlockReference
  2
$TCHSYS$WIN2D
 10
1011174.984122679
 20
-609900.2276150813
 30
0.0
 41
2100.0
 42
-200.0
 43
2100.0
 50
180.0000000158244
1001
WTHICK
1040
200.0
  0
LINE
  5
ECF
330
2
100
AcDbEntity
  8
WALL
100
AcDbLine
 10
1009324.984127123
 20
-610600.2276156382
 30
0.0
 11
1008024.984122432
 21
-610600.2276159969
 31
0.0
  0
LINE
  5
ED0
330
2
100
AcDbEntity
  8
WALL
100
AcDbLine
 10
1009224.984122722
 20
-610400.227615651
 30
0.0
 11
1008224.984122347
 21
-610400.2276159269
 31
0.0
  0
LINE
  5
ED1
330
2
100
AcDbEntity
  8
WALL
100
AcDbLine
 10
1008024.984122432
 20
-610600.2276159969
 30
0.0
 11
1008024.98412224
 21
-610000.2276158782
 31
0.0
  0
LINE
  5
ED2
330
2
100
AcDbEntity
  8
WALL
100
AcDbLine
 10
1008224.984122347
 20
-610400.2276159269
 30
0.0
 11
1008224.984122154
 21
-609800.227615819
 31
0.0
  0
LINE
  5
ED3
330
2
100
AcDbEntity
  8
WALL
100
AcDbLine
 10
1009224.984122722
 20
-610400.227615651
 30
0.0
 11
1009224.984122558
 21
-609800.227615637
 31
0.0
  0
LINE
  5
ED4
330
2
100
AcDbEntity
  8
WALL
100
AcDbLine
 10
1009424.984122777
 20
-610500.2276155651
 30
0.0
 11
1009424.98412261
 21
-610000.2276155479
 31
0.0
  0
LINE
  5
ED5
330
2
100
AcDbEntity
  8
WALL
100
AcDbLine
 10
1012924.984123048
 20
-611200.2276145947
 30
0.0
 11
1012924.984122703
 21
-610000.2276145811
 31
0.0
  0
LINE
  5
ED6
330
2
100
AcDbEntity
  8
WALL
100
AcDbLine
 10
1013124.984123101
 20
-611100.2276145283
 30
0.0
 11
1013124.984122742
 21
-609800.2276145599
 31
0.0
  0
LINE
  5
ED7
330
2
100
AcDbEntity
  8
WALL
100
AcDbLine
 10
1008224.984122154
 20
-609800.227615819
 30
0.0
 11
1008024.984122196
 21
-609800.2276158394
 31
0.0
  0
LINE
  5
ED8
330
2
100
AcDbEntity
  8
WALL
100
AcDbLine
 10
1008024.984122196
 20
-609800.2276158394
 30
0.0
 11
1008024.984122261
 21
-610000.2276158106
 31
0.0
  0
LINE
  5
ED9
330
2
100
AcDbEntity
  8
WALL
100
AcDbLine
 10
1012224.984126212
 20
-619500.2276115957
 30
0.0
 11
1012224.984125235
 21
-624000.2276124278
 31
0.0
  0
LINE
  5
EDA
330
2
100
AcDbEntity
  8
WALL
100
AcDbLine
 10
1012024.984126242
 20
-619406.3076907317
 30
0.0
 11
1012024.984125208
 21
-624200.2276122978
 31
0.0
  0
LINE
  5
EDB
330
2
100
AcDbEntity
  8
WALL
100
AcDbLine
 10
1007824.984125192
 20
-620200.2276076962
 30
0.0
 11
1007824.984125394
 21
-619400.2276092446
 31
0.0
  0
LINE
  5
EDC
330
2
100
AcDbEntity
  8
WALL
100
AcDbLine
 10
1008024.984125192
 20
-620200.2276077179
 30
0.0
 11
1008024.984125246
 21
-619600.227608914
 31
0.0
  0
LINE
  5
EDD
330
2
100
AcDbEntity
  8
WALL
100
AcDbLine
 10
1007824.984125192
 20
-620200.2276076962
 30
0.0
 11
1008024.984125192
 21
-620200.2276077179
 31
0.0
  0
LINE
  5
EDE
330
2
100
AcDbEntity
  8
WALL
100
AcDbLine
 10
1007824.984125394
 20
-619400.2276092446
 30
0.0
 11
1009324.984125606
 21
-619400.2276074794
 31
0.0
  0
LINE
  5
EDF
330
2
100
AcDbEntity
  8
WALL
100
AcDbLine
 10
1008024.984125246
 20
-619600.227608914
 30
0.0
 11
1009324.984125591
 21
-619600.2276073842
 31
0.0
  0
LINE
  5
EE0
330
2
100
AcDbEntity
  8
WALL
100
AcDbLine
 10
1009324.984125606
 20
-619400.2276074794
 30
0.0
 11
1009324.984125878
 21
-617800.2276105973
 31
0.0
  0
LINE
  5
EE1
330
2
100
AcDbEntity
  8
WALL
100
AcDbLine
 10
1009524.984125547
 20
-619500.227607342
 30
0.0
 11
1009524.984125854
 21
-617900.2276106487
 31
0.0
  0
LINE
  5
EE2
330
2
100
AcDbEntity
  8
WALL
100
AcDbLine
 10
1017024.984126174
 20
-619600.2276143648
 30
0.0
 11
1017024.984126028
 21
-620500.2276144203
 31
0.0
  0
LINE
  5
EE3
330
2
100
AcDbEntity
  8
WALL
100
AcDbLine
 10
1016924.984126185
 20
-619700.2276143715
 30
0.0
 11
1016924.984126008
 21
-620600.2276144118
 31
0.0
  0
LINE
  5
EE4
330
2
100
AcDbEntity
  8
WALL
100
AcDbLine
 10
1015724.984124284
 20
-624200.2276133142
 30
0.0
 11
1015724.984124278
 21
-624700.2276142946
 31
0.0
  0
LINE
  5
EE5
330
2
100
AcDbEntity
  8
WALL
100
AcDbLine
 10
1015624.984124394
 20
-624200.2276136084
 30
0.0
 11
1015624.984124278
 21
-624700.2276142946
 31
0.0
  0
LINE
  5
EE6
330
2
100
AcDbEntity
  8
WALL
100
AcDbLine
 10
1015724.984124278
 20
-624700.2276142946
 30
0.0
 11
1015624.984124278
 21
-624700.2276142946
 31
0.0
  0
LINE
  5
EE7
330
2
100
AcDbEntity
  8
WALL
100
AcDbLine
 10
1015724.984125545
 20
-618852.684698348
 30
0.0
 11
1015724.984125345
 21
-619600.227614225
 31
0.0
  0
LINE
  5
EE8
330
2
100
AcDbEntity
  8
WALL
100
AcDbLine
 10
1015624.984125545
 20
-618852.684698348
 30
0.0
 11
1015624.984125396
 21
-619600.2276140784
 31
0.0
  0
LINE
  5
EE9
330
2
100
AcDbEntity
  8
WALL
100
AcDbLine
 10
1015724.984125545
 20
-618852.684698348
 30
0.0
 11
1015624.984125545
 21
-618852.684698348
 31
0.0
  0
LINE
  5
EEA
330
2
100
AcDbEntity
  8
WALL
100
AcDbLine
 10
1008124.984123506
 20
-614300.2276106839
 30
0.0
 11
1008124.984123879
 21
-614600.2276106718
 31
0.0
  0
LINE
  5
EEB
330
2
100
AcDbEntity
  8
WALL
100
AcDbLine
 10
1008124.984123879
 20
-614600.2276106718
 30
0.0
 11
1008224.984123769
 21
-614600.2276105663
 31
0.0
  0
LINE
  5
EEC
330
2
100
AcDbEntity
  8
WALL
100
AcDbLine
 10
1008224.984123769
 20
-614600.2276105663
 30
0.0
 11
1008224.984123514
 21
-614300.2276105371
 31
0.0
  0
LINE
  5
EED
330
2
100
AcDbEntity
  8
WALL
100
AcDbLine
 10
1008224.984124778
 20
-615500.2276105205
 30
0.0
 11
1008224.984124612
 21
-615400.2276105663
 31
0.0
  0
LINE
  5
EEE
330
2
100
AcDbEntity
  8
WALL
100
AcDbLine
 10
1008224.984124612
 20
-615400.2276105663
 30
0.0
 11
1008124.984124727
 21
-615400.2276106718
 31
0.0
  0
LINE
  5
EEF
330
2
100
AcDbEntity
  8
WALL
100
AcDbLine
 10
1008124.984124727
 20
-615400.2276106718
 30
0.0
 11
1008124.984124779
 21
-615500.2276105456
 31
0.0
  0
LINE
  5
EF0
330
2
100
AcDbEntity
  8
WALL
100
AcDbLine
 10
1016924.98412688
 20
-615900.2276123936
 30
0.0
 11
1016824.984128265
 21
-615900.2276123667
 31
0.0
  0
LINE
  5
EF1
330
2
100
AcDbEntity
  8
WALL
100
AcDbLine
 10
1016824.984128265
 20
-615900.2276123667
 30
0.0
 11
1016824.984128265
 21
-616100.2276123955
 31
0.0
  0
LINE
  5
EF2
330
2
100
AcDbEntity
  8
WALL
100
AcDbLine
 10
1016824.984128265
 20
-616100.2276123955
 30
0.0
 11
1016924.984126809
 21
-616100.2276124064
 31
0.0
  0
LINE
  5
EF3
330
2
100
AcDbEntity
  8
WALL
100
AcDbLine
 10
1014824.984124807
 20
-616100.2276123936
 30
0.0
 11
1015924.984128265
 21
-616100.22761239
 31
0.0
  0
LINE
  5
EF4
330
2
100
AcDbEntity
  8
WALL
100
AcDbLine
 10
1015924.984128265
 20
-616100.22761239
 30
0.0
 11
1015924.984128265
 21
-615900.2276123828
 31
0.0
  0
LINE
  5
EF5
330
2
100
AcDbEntity
  8
WALL
100
AcDbLine
 10
1015924.984128265
 20
-615900.2276123828
 30
0.0
 11
1014924.98412479
 21
-615900.2276124295
 31
0.0
  0
INSERT
  5
F62
330
2
100
AcDbEntity
  8
AC
100
AcDbBlockReference
  2
房间图层样板
 10
995626.3168101793
 20
-622214.8544212721
 30
0.0
  0
LWPOLYLINE
  5
F63
330
2
100
AcDbEntity
  8
GT_卧室
100
AcDbPolyline
 90
        7
 70
     0
 43
0.0
 10
1006824.984122831
 20
-610600.2276162254
 10
1009324.984128947
 20
-610600.2276084264
 10
1009324.984130208
 20
-614200.2276105726
 10
1008224.984123412
 20
-614200.2276117306
 10
1008224.984123411
 20
-613800.2276126434
 10
1006824.984126591
 20
-613800.2276140667
 10
1006824.984128772
 20
-610600.2276079344
  0
LWPOLYLINE
  5
F64
330
2
100
AcDbEntity
  8
GT_卧室
100
AcDbPolyline
 90
        5
 70
     0
 43
0.0
 10
1005923.23827824
 20
-615600.2276093727
 10
1009324.984124885
 20
-615600.227610621
 10
1009324.984123912
 20
-619400.227607518
 10
1005922.095963329
 20
-619398.0984607558
 10
1005922.095964057
 20
-615600.2276099309
  0
LWPOLYLINE
  5
F65
330
2
100
AcDbEntity
  8
GT_卧室
100
AcDbPolyline
 90
        7
 70
     0
 43
0.0
 10
1015724.984125307
 20
-619700.2276142539
 10
1016924.984126185
 20
-619700.2276143715
 10
1016924.98412589
 20
-620600.2276134222
 10
1018624.984125795
 20
-620600.2276140414
 10
1018624.984125132
 20
-624000.2276142233
 10
1015724.984124222
 20
-624000.2276136582
 10
1015724.984125307
 20
-619700.2276142539
  0
LWPOLYLINE
  5
F67
330
2
100
AcDbEntity
  8
GT_厨房
100
AcDbPolyline
 90
        5
 70
     0
 43
0.0
 10
1013024.984121744
 20
-611300.2276145787
 10
1014724.984128014
 20
-611300.227616125
 10
1014724.984127062
 20
-614500.2276128057
 10
1013024.984124826
 20
-614500.2276123744
 10
1013024.984121744
 20
-611300.2276145787
  0
LWPOLYLINE
  5
F68
330
2
100
AcDbEntity
  8
GT_厨房
100
AcDbPolyline
 90
        5
 70
     0
 43
0.0
 10
1017024.984126656
 20
-616100.2276175396
 10
1019824.984124983
 20
-616100.2276177899
 10
1019824.984124831
 20
-617800.2276123432
 10
1017024.984126467
 20
-617800.2276123131
 10
1017024.984126656
 20
-616100.2276175396
  0
LWPOLYLINE
  5
F69
330
2
100
AcDbEntity
  8
GT_阳台
100
AcDbPolyline
 90
        5
 70
     0
 43
0.0
 10
1013124.984123825
 20
-609900.2276134775
 10
1014824.984123967
 20
-609900.227615475
 10
1014824.984124315
 20
-611100.2276140599
 10
1013124.984123101
 20
-611100.2276145283
 10
1013124.984124511
 20
-609900.2276134775
  0
LWPOLYLINE
  5
F6A
330
2
100
AcDbEntity
  8
GT_阳台
100
AcDbPolyline
 90
        5
 70
     0
 43
0.0
 10
1012124.984124287
 20
-624200.2276107879
 10
1015624.984124394
 20
-624200.2276136084
 10
1015624.984127069
 20
-625299.727615395
 10
1012125.48412386
 20
-625299.7276153951
 10
1012125.484124211
 20
-624200.2276123299
  0
LWPOLYLINE
  5
F6B
330
2
100
AcDbEntity
  8
GT_阳台
100
AcDbPolyline
 90
        5
 70
     0
 43
0.0
 10
1009524.984125854
 20
-617900.2276106487
 10
1009524.984125567
 20
-619400.2276099422
 10
1012024.984126242
 20
-619406.3076907317
 10
1012024.984126593
 20
-617900.2276111357
 10
1009524.984125854
 20
-617900.2276106572
  0
LWPOLYLINE
  5
F6C
330
2
100
AcDbEntity
  8
GT_客厅
100
AcDbPolyline
 90
        5
 70
     0
 43
0.0
 10
1009424.98412261
 20
-610000.2276155479
 10
1012924.984122703
 20
-610000.2276145811
 10
1012924.984122703
 20
-614300.2276105357
 10
1009424.984126537
 20
-614300.2276099811
 10
1009424.984122364
 20
-610000.2276155746
  0
LWPOLYLINE
  5
F6D
330
2
100
AcDbEntity
  8
GT_客厅
100
AcDbPolyline
 90
        5
 70
     0
 43
0.0
 10
1012224.984126212
 20
-619500.2276115957
 10
1012224.984125235
 20
-624000.2276124278
 10
1015624.984124404
 20
-624000.2276136658
 10
1015624.984124404
 20
-619500.2276123339
 10
1012224.984126212
 20
-619500.2276115957
  0
LWPOLYLINE
  5
F6E
330
2
100
AcDbEntity
  8
GT_餐厅
100
AcDbPolyline
 90
        5
 70
     0
 43
0.0
 10
1012924.984125875
 20
-617700.2276113157
 10
1009424.984124919
 20
-617700.2276105906
 10
1009424.984125232
 20
-615500.2276105193
 10
1012924.984125844
 20
-615500.2276105197
 10
1012924.984125442
 20
-617700.2276112511
  0
LWPOLYLINE
  5
F70
330
2
100
AcDbEntity
  8
GT_玄关
100
AcDbPolyline
 90
        5
 70
     0
 43
0.0
 10
1014724.984125044
 20
-614600.2276132634
 10
1014724.984124935
 20
-615900.2276119343
 10
1012924.984126225
 20
-615900.2276110102
 10
1012924.984124894
 20
-614600.2276124169
 10
1014724.984125044
 20
-614600.227612567
  0
LWPOLYLINE
  5
F71
330
2
100
AcDbEntity
  8
GT_过道
100
AcDbPolyline
 90
        5
 70
     0
 43
0.0
 10
1008224.984123514
 20
-614300.2276105371
 10
1008224.984123856
 20
-615500.2276105205
 10
1012924.984125815
 20
-615500.2276057084
 10
1012924.984122703
 20
-614300.2276105357
 10
1008224.984123514
 20
-614300.2276105371
  0
LWPOLYLINE
  5
F73
330
2
100
AcDbEntity
  8
GT_餐厅
100
AcDbPolyline
 90
        5
 70
     0
 43
0.0
 10
1013124.984126224
 20
-616100.2276110719
 10
1016924.984126809
 20
-616100.2276124064
 10
1016924.984126809
 20
-618200.2276143632
 10
1013124.984125774
 20
-618200.2276128724
 10
1013124.984126224
 20
-616100.2276110719
  0
LWPOLYLINE
  5
F74
330
2
100
AcDbEntity
  8
GT_过道
100
AcDbPolyline
 90
        9
 70
     0
 43
0.0
 10
1013124.984125774
 20
-618200.2276128724
 10
1013124.984125315
 20
-619500.2276119296
 10
1015624.984124404
 20
-619500.2276123339
 10
1015624.984124404
 20
-618852.684698348
 10
1015724.984125545
 20
-618852.6846983748
 10
1015724.984125345
 20
-619600.227614225
 10
1016924.984126161
 20
-619600.2276145435
 10
1016924.98412671
 20
-618200.2276143632
 10
1013124.984125774
 20
-618200.2276128724
  0
LWPOLYLINE
  5
F75
330
2
100
AcDbEntity
  8
GT_卫生间
100
AcDbPolyline
 90
        5
 70
     0
 43
0.0
 10
1017024.984126518
 20
-617900.2276123807
 10
1018624.98412684
 20
-617900.2276130383
 10
1018624.984105607
 20
-620500.2276149393
 10
1017024.984126028
 20
-620500.2276146798
 10
1017024.984126021
 20
-617900.2276123807
  0
LINE
  5
F76
330
2
100
AcDbEntity
  8
WALL
100
AcDbLine
 10
1030524.984123786
 20
-619400.2276074768
 30
0.0
 11
1030524.984123513
 21
-617800.2276105948
 31
0.0
  0
LWPOLYLINE
  5
F77
330
2
100
AcDbEntity
  8
GT_卧室
100
AcDbPolyline
 90
        7
 70
     0
 43
0.0
 10
1033024.984126558
 20
-610600.2276162223
 10
1030524.984120442
 20
-610600.2276084238
 10
1030524.984119182
 20
-614200.22761057
 10
1031624.984125978
 20
-614200.2276117278
 10
1031624.984125979
 20
-613800.2276126407
 10
1033024.984122799
 20
-613800.2276140635
 10
1033024.984120617
 20
-610600.2276079312
  0
LWPOLYLINE
  5
F78
330
2
100
AcDbEntity
  8
GT_卧室
100
AcDbPolyline
 90
        5
 70
     0
 43
0.0
 10
1033926.72997115
 20
-615600.2276093694
 10
1030524.984124505
 20
-615600.2276106185
 10
1030524.984125479
 20
-619400.2276075154
 10
1033927.872286062
 20
-619398.0984607524
 10
1033927.872285334
 20
-615600.2276099275
  0
LWPOLYLINE
  5
F79
330
2
100
AcDbEntity
  8
GT_卧室
100
AcDbPolyline
 90
        7
 70
     0
 43
0.0
 10
1024124.984124084
 20
-619700.227614253
 10
1022924.984123206
 20
-619700.2276143708
 10
1022924.984123502
 20
-620600.2276134215
 10
1021224.984123597
 20
-620600.2276140411
 10
1021224.98412426
 20
-624000.2276142229
 10
1024124.98412517
 20
-624000.2276136571
 10
1024124.984124084
 20
-619700.227614253
  0
LWPOLYLINE
  5
F7A
330
2
100
AcDbEntity
  8
GT_厨房
100
AcDbPolyline
 90
        5
 70
     0
 43
0.0
 10
1026824.984127645
 20
-611300.227614577
 10
1025124.984121375
 20
-611300.2276161236
 10
1025124.984122328
 20
-614500.2276128044
 10
1026824.984124564
 20
-614500.2276123729
 10
1026824.984127645
 20
-611300.227614577
  0
LWPOLYLINE
  5
F7B
330
2
100
AcDbEntity
  8
GT_厨房
100
AcDbPolyline
 90
        5
 70
     0
 43
0.0
 10
1022824.984122735
 20
-616100.2276175389
 10
1020024.984124408
 20
-616100.2276177899
 10
1020024.98412456
 20
-617800.2276123432
 10
1022824.984122924
 20
-617800.2276123124
 10
1022824.984122735
 20
-616100.2276175389
  0
LWPOLYLINE
  5
F7C
330
2
100
AcDbEntity
  8
GT_阳台
100
AcDbPolyline
 90
        5
 70
     0
 43
0.0
 10
1026724.984125564
 20
-609900.227613476
 10
1025024.984125422
 20
-609900.2276154738
 10
1025024.984125074
 20
-611100.2276140586
 10
1026724.984126288
 20
-611100.2276145267
 10
1026724.984124878
 20
-609900.227613476
  0
LWPOLYLINE
  5
F7D
330
2
100
AcDbEntity
  8
GT_阳台
100
AcDbPolyline
 90
        5
 70
     0
 43
0.0
 10
1027724.984125105
 20
-624200.227610786
 10
1024224.984124999
 20
-624200.2276136076
 10
1024224.984122324
 20
-625299.727615394
 10
1027724.484125533
 20
-625299.7276153933
 10
1027724.484125182
 20
-624200.227612328
  0
LWPOLYLINE
  5
F7E
330
2
100
AcDbEntity
  8
GT_阳台
100
AcDbPolyline
 90
        5
 70
     0
 43
0.0
 10
1030324.984123537
 20
-617900.2276106463
 10
1030324.984123824
 20
-619400.2276099396
 10
1027824.984123149
 20
-619406.30769073
 10
1027824.984122798
 20
-617900.2276111338
 10
1030324.984123537
 20
-617900.2276106547
  0
LWPOLYLINE
  5
F7F
330
2
100
AcDbEntity
  8
GT_客厅
100
AcDbPolyline
 90
        5
 70
     0
 43
0.0
 10
1030424.984126779
 20
-610000.2276155455
 10
1026924.984126686
 20
-610000.2276145795
 10
1026924.984126687
 20
-614300.2276105341
 10
1030424.984122853
 20
-614300.2276099786
 10
1030424.984127025
 20
-610000.2276155722
  0
LWPOLYLINE
  5
F80
330
2
100
AcDbEntity
  8
GT_客厅
100
AcDbPolyline
 90
        5
 70
     0
 43
0.0
 10
1027624.984123179
 20
-619500.2276115938
 10
1027624.984124158
 20
-624000.2276124259
 10
1024224.984124988
 20
-624000.2276136647
 10
1024224.984124987
 20
-619500.2276123329
 10
1027624.984123179
 20
-619500.2276115938
  0
LWPOLYLINE
  5
F81
330
2
100
AcDbEntity
  8
GT_餐厅
100
AcDbPolyline
 90
        5
 70
     0
 43
0.0
 10
1026924.984123516
 20
-617700.2276113141
 10
1030424.984124472
 20
-617700.2276105882
 10
1030424.984124158
 20
-615500.2276105168
 10
1026924.984123546
 20
-615500.2276105181
 10
1026924.984123949
 20
-617700.2276112493
  0
LWPOLYLINE
  5
F82
330
2
100
AcDbEntity
  8
GT_玄关
100
AcDbPolyline
 90
        5
 70
     0
 43
0.0
 10
1025124.984124346
 20
-614600.2276132621
 10
1025124.984124455
 20
-615900.2276119331
 10
1026924.984123166
 20
-615900.2276110086
 10
1026924.984124496
 20
-614600.2276124153
 10
1025124.984124346
 20
-614600.2276125656
  0
LWPOLYLINE
  5
F83
330
2
100
AcDbEntity
  8
GT_过道
100
AcDbPolyline
 90
        5
 70
     0
 43
0.0
 10
1031624.984125876
 20
-614300.2276105343
 10
1031624.984125534
 20
-615500.2276105175
 10
1026924.984123575
 20
-615500.2276057068
 10
1026924.984126687
 20
-614300.2276105341
 10
1031624.984125876
 20
-614300.2276105343
  0
LWPOLYLINE
  5
F84
330
2
100
AcDbEntity
  8
GT_餐厅
100
AcDbPolyline
 90
        5
 70
     0
 43
0.0
 10
1026724.984123167
 20
-616100.2276110703
 10
1022924.984122582
 20
-616100.2276124057
 10
1022924.984122582
 20
-618200.2276143625
 10
1026724.984123617
 20
-618200.2276128708
 10
1026724.984123167
 20
-616100.2276110703
  0
LWPOLYLINE
  5
F85
330
2
100
AcDbEntity
  8
GT_过道
100
AcDbPolyline
 90
        9
 70
     0
 43
0.0
 10
1026724.984123617
 20
-618200.2276128708
 10
1026724.984124077
 20
-619500.227611928
 10
1024224.984124987
 20
-619500.2276123329
 10
1024224.984124987
 20
-618852.6846983469
 10
1024124.984123846
 20
-618852.6846983737
 10
1024124.984124046
 20
-619600.2276142241
 10
1022924.98412323
 20
-619600.2276145428
 10
1022924.984122681
 20
-618200.2276143625
 10
1026724.984123617
 20
-618200.2276128708
  0
LWPOLYLINE
  5
F86
330
2
100
AcDbEntity
  8
GT_卫生间
100
AcDbPolyline
 90
        5
 70
     0
 43
0.0
 10
1022824.984122873
 20
-617900.22761238
 10
1021224.984122551
 20
-617900.2276130382
 10
1021224.984143785
 20
-620500.2276149389
 10
1022824.984123364
 20
-620500.2276146791
 10
1022824.98412337
 20
-617900.22761238
  0
LWPOLYLINE
  5
F87
330
2
100
AcDbEntity
  8
GT_卫生间
100
AcDbPolyline
 90
        5
 70
     0
 43
0.0
 10
1005922.095976922
 20
-613900.2275452798
 10
1008124.984122941
 20
-613900.2276126411
 10
1008124.984124779
 20
-615500.2276105456
 10
1005922.095964094
 20
-615500.2276101151
 10
1005922.095971917
 20
-613900.2275452798
  0
LWPOLYLINE
  5
F88
330
2
100
AcDbEntity
  8
GT_卫生间
100
AcDbPolyline
 90
        5
 70
     0
 43
0.0
 10
1031724.984127403
 20
-613900.2276149113
 10
1033927.872273556
 20
-613900.2275480411
 10
1033927.872273678
 20
-615500.2276126897
 10
1031724.984125411
 20
-615500.2276128587
 10
1031724.984076842
 20
-613900.2276149113
  0
LWPOLYLINE
  5
F89
330
2
100
AcDbEntity
  8
GT_阳台
100
AcDbPolyline
 90
        5
 70
     0
 43
0.0
 10
1018824.984126782
 20
-618000.2276118798
 10
1019824.984124842
 20
-618000.2276122724
 10
1019824.984124162
 20
-619700.2276140016
 10
1018824.98412613
 20
-619700.2276136016
 10
1018824.984126492
 20
-618000.2276118798
  0
LWPOLYLINE
  5
F8A
330
2
100
AcDbEntity
  8
GT_阳台
100
AcDbPolyline
 90
        5
 70
     0
 43
0.0
 10
1020024.984124866
 20
-618000.227612316
 10
1021024.984122859
 20
-618000.2276121182
 10
1021024.984123208
 20
-619700.2276138162
 10
1020024.984124705
 20
-619700.2276137215
 10
1020024.984124369
 20
-618000.227612316
  0
LWPOLYLINE
  5
F8B
330
2
100
AcDbEntity
  8
GT_电机房
100
AcDbPolyline
 90
        5
 70
     0
 43
0.0
 10
1023425.020898385
 20
-613900.2276131417
 10
1024924.984129265
 20
-613900.2276136279
 10
1024924.984129421
 20
-614400.2276127381
 10
1023425.020898385
 20
-614400.2276127381
 10
1023425.020898547
 20
-613900.2276131417
  0
LWPOLYLINE
  5
F8C
330
2
100
AcDbEntity
  8
GT_水机房
100
AcDbPolyline
 90
        5
 70
     0
 43
0.0
 10
1014924.984125728
 20
-613900.2276130442
 10
1016424.947356485
 20
-613900.2276135304
 10
1016424.947356485
 20
-614400.2276148197
 10
1014924.984125272
 20
-614400.2276134518
 10
1014924.984125728
 20
-613900.2276130442
  0
LWPOLYLINE
  5
F8D
330
2
100
AcDbEntity
  8
GT_楼梯
100
AcDbPolyline
 90
        5
 70
     0
 43
0.0
 10
1018625.002510715
 20
-611200.2276130269
 10
1021025.020897346
 20
-611200.2276123679
 10
1021025.020898198
 20
-614600.2276134945
 10
1018625.002510715
 20
-614600.2276134945
 10
1018625.002510715
 20
-611200.2276130269
  0
LWPOLYLINE
  5
F8E
330
2
100
AcDbEntity
  8
GT_过道
100
AcDbPolyline
 90
        6
 70
     0
 43
0.0
 10
1014924.984125058
 20
-614650.2276139294
 10
1014924.984125116
 20
-615900.2276124295
 10
1024924.984125272
 20
-615900.2276122627
 10
1024924.984125272
 20
-614600.227612649
 10
1014924.984125044
 20
-614600.2276151262
 10
1014924.984125058
 20
-614650.2276139294
  0
LWPOLYLINE
  5
F8F
330
2
100
AcDbEntity
  8
GT_门
100
AcDbPolyline
 90
        5
 70
     0
 43
0.0
 10
1009224.984126568
 20
-613372.7276105773
 10
1009224.98412657
 20
-614250.2276105773
 10
1008324.984126569
 20
-614250.2276105784
 10
1008324.984126568
 20
-613372.7276105772
 10
1009224.984126568
 20
-613372.7276105773
  0
LWPOLYLINE
  5
F90
330
2
100
AcDbEntity
  8
GT_门
100
AcDbPolyline
 90
        5
 70
     0
 43
0.0
 10
1009224.984124877
 20
-616427.7276105862
 10
1009224.984124862
 20
-615550.2276105264
 10
1008324.984124862
 20
-615550.2276105133
 10
1008324.984124861
 20
-616427.7276106016
 10
1009224.984124877
 20
-616427.7276106004
  0
LWPOLYLINE
  5
F91
330
2
100
AcDbEntity
  8
GT_门
100
AcDbPolyline
 90
        5
 70
     0
 43
0.0
 10
1007394.984124665
 20
-615400.2276114128
 10
1008174.984124669
 20
-615400.227610619
 10
1008174.984123664
 20
-614600.227610591
 10
1007394.984124644
 20
-614600.227610591
 10
1007394.984124665
 20
-615400.2276114128
  0
LWPOLYLINE
  5
F92
330
2
100
AcDbEntity
  8
GT_门
100
AcDbPolyline
 90
        5
 70
     0
 43
0.0
 10
1013224.984123652
 20
-610400.2276145119
 10
1013224.984123888
 20
-611200.2276145066
 10
1014024.984123873
 20
-611200.2276145119
 10
1014024.984123872
 20
-610400.2276145117
 10
1013224.984123652
 20
-610400.2276145119
  0
LWPOLYLINE
  5
F93
330
2
100
AcDbEntity
  8
GT_门
100
AcDbPolyline
 90
        5
 70
     0
 43
0.0
 10
1013124.984124983
 20
-613770.2276124276
 10
1013124.984124783
 20
-614550.2276124275
 10
1013924.984124785
 20
-614550.2276126324
 10
1013924.984124785
 20
-613770.4840648532
 10
1013124.984124983
 20
-613770.4840646502
  0
LWPOLYLINE
  5
F94
330
2
100
AcDbEntity
  8
GT_门
100
AcDbPolyline
 90
        5
 70
     0
 43
0.0
 10
1013947.484125061
 20
-614700.2276124988
 10
1014824.984125061
 20
-614700.2276126707
 10
1014824.984124885
 20
-615600.2276126708
 10
1013947.484125061
 20
-615600.2276126708
 10
1013947.484125061
 20
-614700.2276124988
  0
LWPOLYLINE
  5
F95
330
2
100
AcDbEntity
  8
GT_门
100
AcDbPolyline
 90
        5
 70
     0
 43
0.0
 10
1016824.984128271
 20
-616877.7276123934
 10
1016824.984128271
 20
-616000.2276123934
 10
1015924.984128265
 20
-616000.2276123934
 10
1015924.984128264
 20
-616877.7276123934
 10
1016824.984128271
 20
-616877.7276123934
  0
LWPOLYLINE
  5
F96
330
2
100
AcDbEntity
  8
GT_门
100
AcDbPolyline
 90
        5
 70
     0
 43
0.0
 10
1015274.965741133
 20
-614500.2276150552
 10
1016074.965741042
 20
-614500.2276148755
 10
1016074.965741042
 20
-614783.0703274098
 10
1015274.965741042
 20
-614783.0703274098
 10
1015274.965741042
 20
-614500.2276150447
  0
LWPOLYLINE
  5
F97
330
2
100
AcDbEntity
  8
GT_门
100
AcDbPolyline
 90
        5
 70
     0
 43
0.0
 10
1016552.484125292
 20
-619800.227614418
 10
1015674.984125292
 20
-619800.2276142364
 10
1015674.984125106
 20
-620700.2276142365
 10
1016552.484125292
 20
-620700.2276142365
 10
1016552.484125478
 20
-619800.227614418
  0
LWPOLYLINE
  5
F98
330
2
100
AcDbEntity
  8
GT_门
100
AcDbPolyline
 90
        5
 70
     0
 43
0.0
 10
1012524.984123547
 20
-624000.2276125193
 10
1012524.984123474
 20
-624200.2276124573
 10
1014924.984123447
 20
-624200.2276119699
 10
1014924.98412352
 20
-624000.2276134109
 10
1012524.984123547
 20
-624000.2276125364
  0
LWPOLYLINE
  5
F99
330
2
100
AcDbEntity
  8
GT_门
100
AcDbPolyline
 90
        5
 70
     0
 43
0.0
 10
1009824.984125946
 20
-617700.2276106618
 10
1009824.984125907
 20
-617900.2276107146
 10
1011324.984125838
 20
-617900.2276092958
 10
1011324.984125947
 20
-617700.2276109683
 10
1009824.984125946
 20
-617700.2276106835
  0
LWPOLYLINE
  5
F9A
330
2
100
AcDbEntity
  8
GT_门
100
AcDbPolyline
 90
        5
 70
     0
 43
0.0
 10
1013074.984125758
 20
-618200.2276128539
 10
1013074.984125448
 20
-619100.2276126782
 10
1013393.1821771
 20
-619100.227612678
 10
1013393.1821771
 20
-618200.2276128539
 10
1013074.984125758
 20
-618200.2276128539
  0
LWPOLYLINE
  5
F9B
330
2
100
AcDbEntity
  8
GT_门
100
AcDbPolyline
 90
        5
 70
     0
 43
0.0
 10
1017754.984126477
 20
-618050.2276124829
 10
1016974.984126492
 20
-618050.2276122094
 10
1016974.984126335
 20
-618850.2276122094
 10
1017754.984126477
 20
-618850.2276122094
 10
1017754.984126758
 20
-618050.2276124829
  0
LWPOLYLINE
  5
F9C
330
2
100
AcDbEntity
  8
GT_门
100
AcDbPolyline
 90
        5
 70
     0
 43
0.0
 10
1017754.984126826
 20
-617700.2276124662
 10
1016974.984126546
 20
-617700.2276123133
 10
1016974.984126705
 20
-616900.2276123133
 10
1017754.984126983
 20
-616900.2276123133
 10
1017754.984126826
 20
-617700.2276124662
  0
LWPOLYLINE
  5
F9D
330
2
100
AcDbEntity
  8
GT_门
100
AcDbPolyline
 90
        5
 70
     0
 43
0.0
 10
1021655.020898514
 20
-614666.8786650513
 10
1021655.020898496
 20
-614600.2276133171
 10
1022895.020898506
 20
-614600.2276133171
 10
1022895.02089852
 20
-614666.8786647889
 10
1021655.020898514
 20
-614666.8786650513
  0
LWPOLYLINE
  5
F9E
330
2
100
AcDbEntity
  8
GT_门
100
AcDbPolyline
 90
        5
 70
     0
 43
0.0
 10
1019724.984124889
 20
-618680.227612237
 10
1019724.984125195
 20
-617900.227612237
 10
1018924.984125234
 20
-617900.227611925
 10
1018924.984125234
 20
-618680.227612237
 10
1019724.984124889
 20
-618680.2276125515
  0
LWPOLYLINE
  5
F9F
330
2
100
AcDbEntity
  8
GT_门
100
AcDbPolyline
 90
        5
 70
     0
 43
0.0
 10
1030624.984124467
 20
-613372.7276133125
 10
1030624.98412424
 20
-614250.2276133125
 10
1031524.984124241
 20
-614250.2276135439
 10
1031524.984124466
 20
-613372.7276135426
 10
1030624.984124467
 20
-613372.7276133125
  0
LWPOLYLINE
  5
FA0
330
2
100
AcDbEntity
  8
GT_门
100
AcDbPolyline
 90
        5
 70
     0
 43
0.0
 10
1030624.984125377
 20
-616427.7276133216
 10
1030624.984125616
 20
-615550.2276132617
 10
1031524.984125616
 20
-615550.2276134788
 10
1031524.984125392
 20
-616427.7276135671
 10
1030624.984125376
 20
-616427.7276133359
  0
LWPOLYLINE
  5
FA1
330
2
100
AcDbEntity
  8
GT_门
100
AcDbPolyline
 90
        5
 70
     0
 43
0.0
 10
1032454.984125851
 20
-615400.2276146158
 10
1031674.984125847
 20
-615400.2276136228
 10
1031674.984127057
 20
-614600.2276135948
 10
1032454.984126076
 20
-614600.2276137942
 10
1032454.984125851
 20
-615400.2276146158
  0
LWPOLYLINE
  5
FA2
330
2
100
AcDbEntity
  8
GT_门
100
AcDbPolyline
 90
        5
 70
     0
 43
0.0
 10
1026624.984128143
 20
-610400.2276162247
 10
1026624.984127702
 20
-611200.2276162194
 10
1025824.984127717
 20
-611200.2276160201
 10
1025824.984127922
 20
-610400.22761602
 10
1026624.984128143
 20
-610400.2276162247
  0
LWPOLYLINE
  5
FA3
330
2
100
AcDbEntity
  8
GT_门
100
AcDbPolyline
 90
        5
 70
     0
 43
0.0
 10
1026724.98412595
 20
-613770.227614166
 10
1026724.984125951
 20
-614550.227614166
 10
1025924.984125949
 20
-614550.2276141663
 10
1025924.984126148
 20
-613770.4840663871
 10
1026724.98412595
 20
-613770.4840663886
  0
LWPOLYLINE
  5
FA4
330
2
100
AcDbEntity
  8
GT_门
100
AcDbPolyline
 90
        5
 70
     0
 43
0.0
 10
1025902.484125634
 20
-614700.2276140269
 10
1025024.984125634
 20
-614700.2276139745
 10
1025024.98412558
 20
-615600.2276139744
 10
1025902.484125404
 20
-615600.227614199
 10
1025902.484125634
 20
-614700.2276140269
  0
LWPOLYLINE
  5
FA5
330
2
100
AcDbEntity
  8
GT_门
100
AcDbPolyline
 90
        5
 70
     0
 43
0.0
 10
1023024.984121868
 20
-616877.727613186
 10
1023024.984122092
 20
-616000.227613186
 10
1023924.984122098
 20
-616000.2276134162
 10
1023924.984121874
 20
-616877.7276134162
 10
1023024.984121868
 20
-616877.727613186
  0
LWPOLYLINE
  5
FA6
330
2
100
AcDbEntity
  8
GT_门
100
AcDbPolyline
 90
        5
 70
     0
 43
0.0
 10
1024575.002509614
 20
-614500.2276162439
 10
1023775.002509704
 20
-614500.2276158598
 10
1023775.002509632
 20
-614783.0703283941
 10
1024575.002509632
 20
-614783.0703285985
 10
1024575.002509704
 20
-614500.2276162334
  0
LWPOLYLINE
  5
FA7
330
2
100
AcDbEntity
  8
GT_门
100
AcDbPolyline
 90
        5
 70
     0
 43
0.0
 10
1023297.4841241
 20
-619800.2276152801
 10
1024174.984124099
 20
-619800.2276153229
 10
1024174.984124056
 20
-620700.2276153229
 10
1023297.484123869
 20
-620700.2276150987
 10
1023297.484123913
 20
-619800.2276152801
  0
LWPOLYLINE
  5
FA8
330
2
100
AcDbEntity
  8
GT_门
100
AcDbPolyline
 90
        5
 70
     0
 43
0.0
 10
1027324.984124771
 20
-624000.227614411
 10
1027324.984124793
 20
-624200.227614349
 10
1024924.98412482
 20
-624200.2276132481
 10
1024924.984124798
 20
-624000.2276146893
 10
1027324.984124771
 20
-624000.2276144282
  0
LWPOLYLINE
  5
FA9
330
2
100
AcDbEntity
  8
GT_门
100
AcDbPolyline
 90
        5
 70
     0
 43
0.0
 10
1030024.984123983
 20
-617700.2276132436
 10
1030024.98412397
 20
-617900.2276132965
 10
1028524.984124039
 20
-617900.2276114943
 10
1028524.984123982
 20
-617700.2276131668
 10
1030024.984123983
 20
-617700.2276132655
  0
LWPOLYLINE
  5
FAA
330
2
100
AcDbEntity
  8
GT_门
100
AcDbPolyline
 90
        5
 70
     0
 43
0.0
 10
1026774.984124042
 20
-618200.2276146049
 10
1026774.984124122
 20
-619100.2276144293
 10
1026456.78607247
 20
-619100.2276143478
 10
1026456.786072701
 20
-618200.2276145238
 10
1026774.984124042
 20
-618200.2276146049
  0
LWPOLYLINE
  5
FAB
330
2
100
AcDbEntity
  8
GT_门
100
AcDbPolyline
 90
        5
 70
     0
 43
0.0
 10
1022094.984123361
 20
-618050.2276130376
 10
1022874.984123347
 20
-618050.2276129637
 10
1022874.984123299
 20
-618850.2276129637
 10
1022094.984123157
 20
-618850.2276127643
 10
1022094.984123081
 20
-618050.2276130376
  0
LWPOLYLINE
  5
FAC
330
2
100
AcDbEntity
  8
GT_门
100
AcDbPolyline
 90
        5
 70
     0
 43
0.0
 10
1022094.984123102
 20
-617700.2276130211
 10
1022874.984123382
 20
-617700.2276130674
 10
1022874.984123428
 20
-616900.2276130674
 10
1022094.984123149
 20
-616900.2276128678
 10
1022094.984123102
 20
-617700.2276130211
  0
LWPOLYLINE
  5
FAD
330
2
100
AcDbEntity
  8
GT_门
100
AcDbPolyline
 90
        5
 70
     0
 43
0.0
 10
1020124.984124789
 20
-618680.2276122882
 10
1020124.984124682
 20
-617900.2276122883
 10
1020924.984124643
 20
-617900.2276121806
 10
1020924.984124444
 20
-618680.2276124926
 10
1020124.984124789
 20
-618680.2276126027
  0
LWPOLYLINE
  5
FB8
330
2
100
AcDbEntity
  8
GT_储藏间
100
AcDbPolyline
 90
        5
 70
     0
 43
0.0
 10
1012224.984126635
 20
-617900.2276112022
 10
1013024.984125871
 20
-617900.2276113582
 10
1013024.984125314
 20
-619400.2276119666
 10
1012224.98412631
 20
-619400.2276116697
 10
1012224.984126635
 20
-617900.2276112022
  0
LWPOLYLINE
  5
FC1
330
2
100
AcDbEntity
  8
GT_储藏间
100
AcDbPolyline
 90
        5
 70
     0
 43
0.0
 10
1026824.984123798
 20
-617900.2276127225
 10
1027624.984123102
 20
-617900.227612705
 10
1027624.984123135
 20
-619400.2276131272
 10
1026824.984124063
 20
-619400.2276132684
 10
1026824.984124063
 20
-617900.2276127225
  0
LWPOLYLINE
  5
FC4
330
2
100
AcDbEntity
  8
GT_电梯
100
AcDbPolyline
 90
        5
 70
     0
 43
0.0
 10
1021225.020897714
 20
-612400.2276134886
 10
1023225.020898417
 20
-612400.2276134886
 10
1023225.02089849
 20
-614400.2276130843
 10
1021225.020898204
 20
-614400.2276135743
 10
1021225.020897714
 20
-612400.2276134886
  0
ENDSEC
  0
SECTION
  2
OBJECTS
  0
DICTIONARY
  5
C
330
0
100
AcDbDictionary
281
     1
  3
ACAD_CIP_PREVIOUS_PRODUCT_INFO
350
F2F
  3
ACAD_COLOR
350
5A
  3
ACAD_DETAILVIEWSTYLE
350
F2B
  3
ACAD_GROUP
350
47
  3
ACAD_LAYOUT
350
13
  3
ACAD_MATERIAL
350
E
  3
ACAD_MLEADERSTYLE
350
5D
  3
ACAD_MLINESTYLE
350
48
  3
ACAD_PLOTSETTINGS
350
49
  3
ACAD_PLOTSTYLENAME
350
B
  3
ACAD_SCALELIST
350
5B
  3
ACAD_SECTIONVIEWSTYLE
350
F29
  3
ACAD_TABLESTYLE
350
5C
  3
ACAD_VISUALSTYLE
350
2C
  3
ACDB_RECOMPOSE_DATA
350
FCD
  3
AcDbVariableDictionary
350
5E
  0
DICTIONARY
  5
2E
330
29
100
AcDbDictionary
280
     1
281
     1
  0
DICTIONARY
  5
1C
330
1B
100
AcDbDictionary
280
     1
281
     1
  3
ACAD_LAYERFILTERS
360
1D
  3
ACAD_LAYERSTATES
360
1E
  3
ACLYDICTIONARY
360
1F
  0
DICTIONARY
  5
8
330
7
100
AcDbDictionary
280
     1
281
     1
  3
ADSK_XREC_LAYER_RECONCILED
360
9
  0
DICTIONARY
  5
440
330
43F
100
AcDbDictionary
280
     1
281
     1
  3
ADSK_XREC_LAYER_RECONCILED
360
441
  0
DICTIONARY
  5
3D5
330
3D4
100
AcDbDictionary
280
     1
281
     1
  3
ADSK_XREC_LAYER_RECONCILED
360
3D6
  0
DICTIONARY
  5
693
330
692
100
AcDbDictionary
280
     1
281
     1
  3
ADSK_XREC_LAYER_RECONCILED
360
694
  0
DICTIONARY
  5
497
330
496
100
AcDbDictionary
280
     1
281
     1
  3
ADSK_XREC_LAYER_RECONCILED
360
498
  0
DICTIONARY
  5
CC
330
CB
100
AcDbDictionary
280
     1
281
     1
  3
ADSK_XREC_LAYER_RECONCILED
360
CD
  0
DICTIONARY
  5
A9D
330
A9C
100
AcDbDictionary
280
     1
281
     1
  3
ADSK_XREC_LAYER_RECONCILED
360
A9E
  0
DICTIONARY
  5
4A5
330
4A4
100
AcDbDictionary
280
     1
281
     1
  3
ADSK_XREC_LAYER_RECONCILED
360
4A6
  0
DICTIONARY
  5
D9
330
D8
100
AcDbDictionary
280
     1
281
     1
  3
ADSK_XREC_LAYER_RECONCILED
360
DA
  0
DICTIONARY
  5
185
330
184
100
AcDbDictionary
280
     1
281
     1
  3
ADSK_XREC_LAYER_RECONCILED
360
186
  0
DICTIONARY
  5
98
330
97
100
AcDbDictionary
280
     1
281
     1
  3
ADSK_XREC_LAYER_RECONCILED
360
99
  0
DICTIONARY
  5
94
330
93
100
AcDbDictionary
280
     1
281
     1
  3
ADSK_XREC_LAYER_RECONCILED
360
95
  0
DICTIONARY
  5
B8
330
B7
100
AcDbDictionary
280
     1
281
     1
  3
ADSK_XREC_LAYER_RECONCILED
360
B9
  0
DICTIONARY
  5
9D
330
9C
100
AcDbDictionary
280
     1
281
     1
  3
ADSK_XREC_LAYER_RECONCILED
360
9E
  0
DICTIONARY
  5
E5
330
E4
100
AcDbDictionary
280
     1
281
     1
  3
ADSK_XREC_LAYER_RECONCILED
360
E6
  0
DICTIONARY
  5
6C7
330
6C6
100
AcDbDictionary
280
     1
281
     1
  3
ADSK_XREC_LAYER_RECONCILED
360
6C8
  0
DICTIONARY
  5
1CA
330
1C9
100
AcDbDictionary
280
     1
281
     1
  3
ADSK_XREC_LAYER_RECONCILED
360
1CB
  0
DICTIONARY
  5
6EC
330
6EB
100
AcDbDictionary
280
     1
281
     1
  3
ADSK_XREC_LAYER_RECONCILED
360
6ED
  0
DICTIONARY
  5
69
330
68
100
AcDbDictionary
280
     1
281
     1
  3
ADSK_XREC_LAYER_RECONCILED
360
6A
  0
DICTIONARY
  5
3
330
2
100
AcDbDictionary
280
     1
281
     1
  3
ACAD_LAYOUTSELFREF
360
4
  3
ACAD_SORTENTS
360
F09
  0
DICTIONARY
  5
16
330
15
100
AcDbDictionary
280
     1
281
     1
  3
ACAD_LAYOUTSELFREF
360
17
  0
DICTIONARY
  5
3D
330
3C
100
AcDbDictionary
280
     1
281
     1
  3
ACAD_SORTENTS
360
EF6
  0
DICTIONARY
  5
BE
330
BD
100
AcDbDictionary
280
     1
281
     1
  3
ACAD_SORTENTS
360
EFB
  0
DICTIONARY
  5
61C
330
61B
100
AcDbDictionary
280
     1
281
     1
  3
ACAD_ENHANCEDBLOCK
360
61D
  3
ACAD_SORTENTS
360
F04
  3
AcDbDynamicBlockRoundTripPurgePreventer
360
638
  0
DICTIONARY
  5
4B2
330
4B1
100
AcDbDictionary
280
     1
281
     1
  3
ACAD_SORTENTS
360
F05
  0
DICTIONARY
  5
CEE
330
CED
100
AcDbDictionary
280
     1
281
     1
  3
ACAD_SORTENTS
360
F02
  0
DICTIONARY
  5
3B4
330
3B3
100
AcDbDictionary
280
     1
281
     1
  3
ACAD_SORTENTS
360
F03
  0
DICTIONARY
  5
35
330
34
100
AcDbDictionary
280
     1
281
     1
  3
ACAD_SORTENTS
360
F08
  0
DICTIONARY
  5
CC3
330
CC2
100
AcDbDictionary
280
     1
281
     1
  3
ACAD_SORTENTS
360
EFA
  0
DICTIONARY
  5
CD2
330
CD1
100
AcDbDictionary
280
     1
281
     1
  3
ACAD_SORTENTS
360
F00
  0
DICTIONARY
  5
D02
330
D01
100
AcDbDictionary
280
     1
281
     1
  3
ACAD_SORTENTS
360
F07
  0
DICTIONARY
  5
8B8
330
8B7
100
AcDbDictionary
280
     1
281
     1
  3
ACAD_SORTENTS
360
EFC
  0
DICTIONARY
  5
44B
330
44A
100
AcDbDictionary
280
     1
281
     1
  3
ACAD_SORTENTS
360
EFF
  0
DICTIONARY
  5
19B
330
19A
100
AcDbDictionary
280
     1
281
     1
  3
ACAD_SORTENTS
360
F01
  0
DICTIONARY
  5
1CD
330
1CC
100
AcDbDictionary
280
     1
281
     1
  3
ACAD_SORTENTS
360
EF9
  0
DICTIONARY
  5
6D5
330
6D4
100
AcDbDictionary
280
     1
281
     1
  3
ACAD_SORTENTS
360
F06
  0
DICTIONARY
  5
6E7
330
6E6
100
AcDbDictionary
280
     1
281
     1
  3
ACAD_SORTENTS
360
EF7
  0
DICTIONARY
  5
6CA
330
6C9
100
AcDbDictionary
280
     1
281
     1
  0
DICTIONARY
  5
828
330
827
100
AcDbDictionary
280
     1
281
     1
  3
ACAD_SORTENTS
360
EFD
  0
DICTIONARY
  5
861
330
860
100
AcDbDictionary
280
     1
281
     1
  3
ACAD_SORTENTS
360
EFE
  0
DICTIONARY
  5
64F
330
64E
100
AcDbDictionary
280
     1
281
     1
  3
ACAD_SORTENTS
360
EF8
  0
DICTIONARY
  5
F5E
330
F5D
100
AcDbDictionary
280
     1
281
     1
  0
DICTIONARY
  5
618
330
617
100
AcDbDictionary
280
     1
281
     1
  3
AcDbBlockRepresentation
360
619
  0
DICTIONARY
  5
817
330
816
100
AcDbDictionary
280
     1
281
     1
  3
AcDbBlockRepresentation
360
818
  0
DICTIONARY
  5
850
330
84F
100
AcDbDictionary
280
     1
281
     1
  3
AcDbBlockRepresentation
360
851
  0
DICTIONARY
  5
963
330
962
100
AcDbDictionary
280
     1
281
     1
  3
AcDbBlockRepresentation
360
964
  0
DICTIONARY
  5
9F6
330
9F5
100
AcDbDictionary
280
     1
281
     1
  3
AcDbBlockRepresentation
360
9F7
  0
DICTIONARY
  5
A07
330
A06
100
AcDbDictionary
280
     1
281
     1
  3
AcDbBlockRepresentation
360
A08
  0
XRECORD
  5
F2F
102
{ACAD_REACTORS
330
C
102
}
330
C
100
AcDbXrecord
280
     1
300
ACD
300
2022
300

  0
DICTIONARY
  5
5A
102
{ACAD_REACTORS
330
C
102
}
330
C
100
AcDbDictionary
281
     1
  0
DICTIONARY
  5
F2B
102
{ACAD_REACTORS
330
C
102
}
330
C
100
AcDbDictionary
281
     1
  3
Imperial24
350
F2C
  3
Metric50
350
F5C
  0
DICTIONARY
  5
47
102
{ACAD_REACTORS
330
C
102
}
330
C
100
AcDbDictionary
281
     1
  0
DICTIONARY
  5
13
102
{ACAD_REACTORS
330
C
102
}
330
C
100
AcDbDictionary
281
     1
  3
Model
350
12
  3
布局1
350
1A
  0
DICTIONARY
  5
E
102
{ACAD_REACTORS
330
C
102
}
330
C
100
AcDbDictionary
281
     1
  3
ByBlock
350
52
  3
ByLayer
350
4A
  3
Global
350
D
  0
DICTIONARY
  5
5D
102
{ACAD_REACTORS
330
C
102
}
330
C
100
AcDbDictionary
281
     1
  3
Annotative
350
F5A
  3
Standard
350
F28
  0
DICTIONARY
  5
48
102
{ACAD_REACTORS
330
C
102
}
330
C
100
AcDbDictionary
281
     1
  3
STANDARD
350
6C
  0
DICTIONARY
  5
49
102
{ACAD_REACTORS
330
C
102
}
330
C
100
AcDbDictionary
281
     1
  0
ACDBDICTIONARYWDFLT
  5
B
102
{ACAD_REACTORS
330
C
102
}
330
C
100
AcDbDictionary
281
     1
  3
Normal
350
A
100
AcDbDictionaryWithDefault
340
A
  0
DICTIONARY
  5
5B
102
{ACAD_REACTORS
330
C
102
}
330
C
100
AcDbDictionary
281
     1
  3
A0
350
71
  3
A1
350
72
  3
A2
350
73
  3
A3
350
74
  3
A4
350
75
  3
A5
350
76
  3
A6
350
77
  3
A7
350
78
  3
A8
350
79
  3
A9
350
7A
  3
B0
350
7B
  3
B1
350
7C
  3
B2
350
7D
  3
B3
350
7E
  3
B4
350
7F
  3
B5
350
80
  3
B6
350
81
  3
B7
350
82
  3
B8
350
83
  3
B9
350
84
  3
C0
350
85
  3
C1
350
86
  3
C2
350
87
  3
C3
350
88
  3
C4
350
89
  3
C5
350
8A
  3
C6
350
8B
  3
C7
350
8C
  3
C8
350
8D
  3
C9
350
8E
  3
D0
350
8F
  3
D1
350
90
  3
D2
350
91
  0
DICTIONARY
  5
F29
102
{ACAD_REACTORS
330
C
102
}
330
C
100
AcDbDictionary
281
     1
  3
Imperial24
350
F2A
  3
Metric50
350
F5B
  0
DICTIONARY
  5
5C
102
{ACAD_REACTORS
330
C
102
}
330
C
100
AcDbDictionary
281
     1
  3
Standard
350
6D
  0
DICTIONARY
  5
2C
102
{ACAD_REACTORS
330
C
102
}
330
C
100
AcDbDictionary
281
     1
  3
2dWireframe
350
2B
  3
Basic
350
F18
  3
Brighten
350
F1C
  3
ColorChange
350
F20
  3
Conceptual
350
F1A
  3
Dim
350
F1B
  3
EdgeColorOff
350
C2
  3
Facepattern
350
F1F
  3
Flat
350
F14
  3
FlatWithEdges
350
F15
  3
Gouraud
350
F16
  3
GouraudWithEdges
350
F17
  3
Hidden
350
F19
  3
JitterOff
350
F26
  3
Linepattern
350
F1E
  3
OverhangOff
350
F27
  3
Realistic
350
6F
  3
Shaded
350
F25
  3
Shaded with edges
350
F24
  3
Shades of Gray
350
F21
  3
Sketchy
350
F22
  3
Thicken
350
F1D
  3
Wireframe
350
70
  3
X-Ray
350
F23
  0
XRECORD
  5
FCD
102
{ACAD_REACTORS
330
C
102
}
330
C
100
AcDbXrecord
280
     1
 90
        1
330
6D
  0
DICTIONARY
  5
5E
102
{ACAD_REACTORS
330
C
102
}
330
C
100
AcDbDictionary
281
     1
  3
CANNOSCALE
350
5F
  3
CMLEADERSTYLE
350
60
  3
CTABLESTYLE
350
61
  3
CVIEWDETAILSTYLE
350
62
  3
CVIEWSECTIONSTYLE
350
63
  3
LAYEREVAL
350
64
  3
LAYERNOTIFY
350
65
  3
LIGHTINGUNITS
350
66
  3
MSLTSCALE
350
67
  0
DICTIONARY
  5
1D
102
{ACAD_REACTORS
330
1C
102
}
330
1C
100
AcDbDictionary
281
     1
  0
DICTIONARY
  5
1E
102
{ACAD_REACTORS
330
1C
102
}
330
1C
100
AcDbDictionary
281
     1
  0
DICTIONARY
  5
1F
102
{ACAD_REACTORS
330
1C
102
}
330
1C
100
AcDbDictionary
281
     1
1001
ACAD
1000
<All
  0
XRECORD
  5
9
102
{ACAD_REACTORS
330
8
102
}
330
8
100
AcDbXrecord
280
     1
290
     1
  0
XRECORD
  5
441
102
{ACAD_REACTORS
330
440
102
}
330
440
100
AcDbXrecord
280
     1
290
     1
  0
XRECORD
  5
3D6
102
{ACAD_REACTORS
330
3D5
102
}
330
3D5
100
AcDbXrecord
280
     1
290
     1
  0
XRECORD
  5
694
102
{ACAD_REACTORS
330
693
102
}
330
693
100
AcDbXrecord
280
     1
290
     1
  0
XRECORD
  5
498
102
{ACAD_REACTORS
330
497
102
}
330
497
100
AcDbXrecord
280
     1
290
     1
  0
XRECORD
  5
CD
102
{ACAD_REACTORS
330
CC
102
}
330
CC
100
AcDbXrecord
280
     1
290
     1
  0
XRECORD
  5
A9E
102
{ACAD_REACTORS
330
A9D
102
}
330
A9D
100
AcDbXrecord
280
     1
290
     1
  0
XRECORD
  5
4A6
102
{ACAD_REACTORS
330
4A5
102
}
330
4A5
100
AcDbXrecord
280
     1
290
     1
  0
XRECORD
  5
DA
102
{ACAD_REACTORS
330
D9
102
}
330
D9
100
AcDbXrecord
280
     1
290
     1
  0
XRECORD
  5
186
102
{ACAD_REACTORS
330
185
102
}
330
185
100
AcDbXrecord
280
     1
290
     1
  0
XRECORD
  5
99
102
{ACAD_REACTORS
330
98
102
}
330
98
100
AcDbXrecord
280
     1
290
     1
  0
XRECORD
  5
95
102
{ACAD_REACTORS
330
94
102
}
330
94
100
AcDbXrecord
280
     1
290
     1
  0
XRECORD
  5
B9
102
{ACAD_REACTORS
330
B8
102
}
330
B8
100
AcDbXrecord
280
     1
290
     1
  0
XRECORD
  5
9E
102
{ACAD_REACTORS
330
9D
102
}
330
9D
100
AcDbXrecord
280
     1
290
     1
  0
XRECORD
  5
E6
102
{ACAD_REACTORS
330
E5
102
}
330
E5
100
AcDbXrecord
280
     1
290
     1
  0
XRECORD
  5
6C8
102
{ACAD_REACTORS
330
6C7
102
}
330
6C7
100
AcDbXrecord
280
     1
290
     1
  0
XRECORD
  5
1CB
102
{ACAD_REACTORS
330
1CA
102
}
330
1CA
100
AcDbXrecord
280
     1
290
     1
  0
XRECORD
  5
6ED
102
{ACAD_REACTORS
330
6EC
102
}
330
6EC
100
AcDbXrecord
280
     1
290
     1
  0
XRECORD
  5
6A
102
{ACAD_REACTORS
330
69
102
}
330
69
100
AcDbXrecord
280
     1
290
     1
  0
XRECORD
  5
4
102
{ACAD_REACTORS
330
3
102
}
330
3
100
AcDbXrecord
280
     1
340
2
  0
SORTENTSTABLE
  5
F09
102
{ACAD_REACTORS
330
3
102
}
330
3
100
AcDbSortentsTable
330
2
  0
XRECORD
  5
17
102
{ACAD_REACTORS
330
16
102
}
330
16
100
AcDbXrecord
280
     1
340
15
  0
SORTENTSTABLE
  5
EF6
102
{ACAD_REACTORS
330
3D
102
}
330
3D
100
AcDbSortentsTable
330
3C
  0
SORTENTSTABLE
  5
EFB
102
{ACAD_REACTORS
330
BE
102
}
330
BE
100
AcDbSortentsTable
330
BD
  0
ACAD_EVALUATION_GRAPH
  5
61D
102
{ACAD_REACTORS
330
61C
102
}
330
61C
100
AcDbEvalGraph
 96
       38
 97
       38
 91
        0
 93
       32
 95
        1
360
61E
 92
        0
 92
        0
 92
        1
 92
        2
 91
        1
 93
       32
 95
        2
360
61F
 92
       -1
 92
       -1
 92
        0
 92
        0
 91
        2
 93
       32
 95
        3
360
620
 92
        1
 92
        1
 92
       -1
 92
       -1
 91
        3
 93
       32
 95
        4
360
621
 92
        2
 92
        2
 92
       -1
 92
       -1
 91
        4
 93
       32
 95
        5
360
622
 92
       19
 92
       23
 92
       -1
 92
       -1
 91
        5
 93
       32
 95
       12
360
623
 92
        5
 92
        5
 92
        3
 92
        6
 91
        6
 93
       32
 95
       13
360
624
 92
       -1
 92
       -1
 92
        5
 92
        5
 91
        7
 93
       32
 95
       14
360
625
 92
        3
 92
        3
 92
       -1
 92
       -1
 91
        8
 93
       32
 95
       15
360
626
 92
        4
 92
        4
 92
       -1
 92
       -1
 91
        9
 93
       32
 95
       19
360
627
 92
        6
 92
       24
 92
       -1
 92
       -1
 91
       10
 93
       32
 95
       20
360
628
 92
        9
 92
        9
 92
        7
 92
       10
 91
       11
 93
       32
 95
       21
360
629
 92
       -1
 92
       -1
 92
        9
 92
        9
 91
       12
 93
       32
 95
       22
360
62A
 92
        7
 92
        7
 92
       -1
 92
       -1
 91
       13
 93
       32
 95
       23
360
62B
 92
        8
 92
        8
 92
       -1
 92
       -1
 91
       14
 93
       32
 95
       28
360
62C
 92
       10
 92
       25
 92
       -1
 92
       -1
 91
       15
 93
       32
 95
       29
360
62D
 92
       13
 92
       13
 92
       11
 92
       14
 91
       16
 93
       32
 95
       30
360
62E
 92
       -1
 92
       -1
 92
       13
 92
       13
 91
       17
 93
       32
 95
       31
360
62F
 92
       11
 92
       11
 92
       -1
 92
       -1
 91
       18
 93
       32
 95
       32
360
630
 92
       12
 92
       12
 92
       -1
 92
       -1
 91
       19
 93
       32
 95
       33
360
631
 92
       14
 92
       22
 92
       23
 92
       25
 91
       20
 93
       32
 95
       34
360
632
 92
       17
 92
       17
 92
       15
 92
       18
 91
       21
 93
       32
 95
       35
360
633
 92
       -1
 92
       -1
 92
       17
 92
       17
 91
       22
 93
       32
 95
       36
360
634
 92
       15
 92
       15
 92
       -1
 92
       -1
 91
       23
 93
       32
 95
       37
360
635
 92
       16
 92
       16
 92
       -1
 92
       -1
 91
       24
 93
       32
 95
       38
360
636
 92
       18
 92
       18
 92
       19
 92
       22
 92
        0
 93
        0
 94
        1
 91
        1
 91
        0
 92
       -1
 92
       -1
 92
       -1
 92
       -1
 92
       -1
 92
        1
 93
        0
 94
        1
 91
        0
 91
        2
 92
       -1
 92
       -1
 92
       -1
 92
        2
 92
       -1
 92
        2
 93
        0
 94
        1
 91
        0
 91
        3
 92
       -1
 92
       -1
 92
        1
 92
       -1
 92
       -1
 92
        3
 93
        0
 94
        1
 91
        5
 91
        7
 92
       -1
 92
       -1
 92
       -1
 92
        4
 92
       -1
 92
        4
 93
        0
 94
        1
 91
        5
 91
        8
 92
       -1
 92
       -1
 92
        3
 92
        6
 92
       -1
 92
        5
 93
        0
 94
        2
 91
        6
 91
        5
 92
       -1
 92
       -1
 92
       -1
 92
       -1
 92
       -1
 92
        6
 93
        0
 94
        4
 91
        5
 91
        9
 92
       -1
 92
       20
 92
        4
 92
       -1
 92
       -1
 92
        7
 93
        0
 94
        1
 91
       10
 91
       12
 92
       -1
 92
       -1
 92
       -1
 92
        8
 92
       -1
 92
        8
 93
        0
 94
        1
 91
       10
 91
       13
 92
       -1
 92
       -1
 92
        7
 92
       10
 92
       -1
 92
        9
 93
        0
 94
        2
 91
       11
 91
       10
 92
       -1
 92
       -1
 92
       -1
 92
       -1
 92
       -1
 92
       10
 93
        0
 94
        2
 91
       10
 91
       14
 92
       -1
 92
       21
 92
        8
 92
       -1
 92
       -1
 92
       11
 93
        0
 94
        1
 91
       15
 91
       17
 92
       -1
 92
       -1
 92
       -1
 92
       12
 92
       -1
 92
       12
 93
        0
 94
        1
 91
       15
 91
       18
 92
       -1
 92
       -1
 92
       11
 92
       14
 92
       -1
 92
       13
 93
        0
 94
        2
 91
       16
 91
       15
 92
       -1
 92
       -1
 92
       -1
 92
       -1
 92
       -1
 92
       14
 93
        0
 94
        2
 91
       15
 91
       19
 92
       -1
 92
       22
 92
       12
 92
       -1
 92
       -1
 92
       15
 93
        0
 94
        1
 91
       20
 91
       22
 92
       -1
 92
       -1
 92
       -1
 92
       16
 92
       -1
 92
       16
 93
        0
 94
        1
 91
       20
 91
       23
 92
       -1
 92
       -1
 92
       15
 92
       18
 92
       -1
 92
       17
 93
        0
 94
        2
 91
       21
 91
       20
 92
       -1
 92
       -1
 92
       -1
 92
       -1
 92
       -1
 92
       18
 93
        0
 94
        2
 91
       20
 91
       24
 92
       -1
 92
       -1
 92
       16
 92
       -1
 92
       -1
 92
       19
 93
        0
 94
        1
 91
       24
 91
        4
 92
       -1
 92
       23
 92
       -1
 92
       20
 92
       -1
 92
       20
 93
        0
 94
        1
 91
       24
 91
        9
 92
        6
 92
       24
 92
       19
 92
       21
 92
       -1
 92
       21
 93
        0
 94
        1
 91
       24
 91
       14
 92
       10
 92
       25
 92
       20
 92
       22
 92
       -1
 92
       22
 93
        0
 94
        1
 91
       24
 91
       19
 92
       14
 92
       -1
 92
       21
 92
       -1
 92
       -1
 92
       23
 93
        0
 94
        1
 91
       19
 91
        4
 92
       19
 92
       -1
 92
       -1
 92
       24
 92
       -1
 92
       24
 93
        0
 94
        1
 91
       19
 91
        9
 92
       20
 92
       -1
 92
       23
 92
       25
 92
       -1
 92
       25
 93
        0
 94
        1
 91
       19
 91
       14
 92
       21
 92
       -1
 92
       24
 92
       -1
 92
       -1
1001
ACAD
1000
AcRTDxfName
1000
ACAD_EVALUATION_GRAPH
  0
SORTENTSTABLE
  5
F04
102
{ACAD_REACTORS
330
61C
102
}
330
61C
100
AcDbSortentsTable
330
61B
  0
ACDB_DYNAMICBLOCKPURGEPREVENTER_VERSION
  5
638
102
{ACAD_REACTORS
330
61C
102
}
330
61C
100
AcDbDynamicBlockPurgePreventer
 70
     1
1001
ACAD
1000
AcRTDxfName
1000
ACDB_DYNAMICBLOCKPURGEPREVENTER_VERSION
  0
SORTENTSTABLE
  5
F05
102
{ACAD_REACTORS
330
4B2
102
}
330
4B2
100
AcDbSortentsTable
330
4B1
  0
SORTENTSTABLE
  5
F02
102
{ACAD_REACTORS
330
CEE
102
}
330
CEE
100
AcDbSortentsTable
330
CED
  0
SORTENTSTABLE
  5
F03
102
{ACAD_REACTORS
330
3B4
102
}
330
3B4
100
AcDbSortentsTable
330
3B3
  0
SORTENTSTABLE
  5
F08
102
{ACAD_REACTORS
330
35
102
}
330
35
100
AcDbSortentsTable
330
34
  0
SORTENTSTABLE
  5
EFA
102
{ACAD_REACTORS
330
CC3
102
}
330
CC3
100
AcDbSortentsTable
330
CC2
  0
SORTENTSTABLE
  5
F00
102
{ACAD_REACTORS
330
CD2
102
}
330
CD2
100
AcDbSortentsTable
330
CD1
  0
SORTENTSTABLE
  5
F07
102
{ACAD_REACTORS
330
D02
102
}
330
D02
100
AcDbSortentsTable
330
D01
  0
SORTENTSTABLE
  5
EFC
102
{ACAD_REACTORS
330
8B8
102
}
330
8B8
100
AcDbSortentsTable
330
8B7
  0
SORTENTSTABLE
  5
EFF
102
{ACAD_REACTORS
330
44B
102
}
330
44B
100
AcDbSortentsTable
330
44A
  0
SORTENTSTABLE
  5
F01
102
{ACAD_REACTORS
330
19B
102
}
330
19B
100
AcDbSortentsTable
330
19A
  0
SORTENTSTABLE
  5
EF9
102
{ACAD_REACTORS
330
1CD
102
}
330
1CD
100
AcDbSortentsTable
330
1CC
  0
SORTENTSTABLE
  5
F06
102
{ACAD_REACTORS
330
6D5
102
}
330
6D5
100
AcDbSortentsTable
330
6D4
  0
SORTENTSTABLE
  5
EF7
102
{ACAD_REACTORS
330
6E7
102
}
330
6E7
100
AcDbSortentsTable
330
6E6
  0
SORTENTSTABLE
  5
EFD
102
{ACAD_REACTORS
330
828
102
}
330
828
100
AcDbSortentsTable
330
827
  0
SORTENTSTABLE
  5
EFE
102
{ACAD_REACTORS
330
861
102
}
330
861
100
AcDbSortentsTable
330
860
  0
SORTENTSTABLE
  5
EF8
102
{ACAD_REACTORS
330
64F
102
}
330
64F
100
AcDbSortentsTable
330
64E
  0
DICTIONARY
  5
619
102
{ACAD_REACTORS
330
618
102
}
330
618
100
AcDbDictionary
280
     1
281
     1
  3
AcDbRepData
360
61A
  3
AppDataCache
360
641
  0
DICTIONARY
  5
818
102
{ACAD_REACTORS
330
817
102
}
330
817
100
AcDbDictionary
280
     1
281
     1
  3
AcDbRepData
360
819
  3
AppDataCache
360
81A
  0
DICTIONARY
  5
851
102
{ACAD_REACTORS
330
850
102
}
330
850
100
AcDbDictionary
280
     1
281
     1
  3
AcDbRepData
360
852
  3
AppDataCache
360
853
  0
DICTIONARY
  5
964
102
{ACAD_REACTORS
330
963
102
}
330
963
100
AcDbDictionary
280
     1
281
     1
  3
AcDbRepData
360
965
  3
AppDataCache
360
966
  0
DICTIONARY
  5
9F7
102
{ACAD_REACTORS
330
9F6
102
}
330
9F6
100
AcDbDictionary
280
     1
281
     1
  3
AcDbRepData
360
9F8
  3
AppDataCache
360
9F9
  0
DICTIONARY
  5
A08
102
{ACAD_REACTORS
330
A07
102
}
330
A07
100
AcDbDictionary
280
     1
281
     1
  3
AcDbRepData
360
A09
  3
AppDataCache
360
A0A
  0
ACDBDETAILVIEWSTYLE
  5
F2C
102
{ACAD_REACTORS
330
F2B
102
}
330
F2B
100
AcDbModelDocViewStyle
 70
     0
  3
Imperial24
290
     0
300
Imperial24
 90
        0
100
AcDbDetailViewStyle
 70
     0
 71
     0
 90
        3
 71
     1
340
22
 62
   256
 40
0.24
340
0
 62
   256
 40
0.24
300

 40
0.36
280
     3
 71
     2
340
F
 90
       25
 62
   256
 71
     3
340
22
 62
   256
 40
0.24
 90
        1
 40
0.75
 90
        1
300
%<\AcVar ViewType \f "%tc1">% %<\AcVar ViewDetailId>%\PSCALE %<\AcVar ViewScale \f "%sn">%
 71
     4
340
F
 90
       25
 62
   256
340
F
 90
       25
 62
   256
280
     0
  0
ACDBDETAILVIEWSTYLE
  5
F5C
102
{ACAD_REACTORS
330
F2B
102
}
330
F2B
100
AcDbModelDocViewStyle
 70
     0
  3
Metric50
290
     0
300
Metric50
 90
        0
100
AcDbDetailViewStyle
 70
     0
 71
     0
 90
        3
 71
     1
340
22
 62
   256
 40
5.0
340
0
 62
   256
 40
5.0
300

 40
0.0
280
     1
 71
     2
340
F
 90
       25
 62
   256
 71
     3
340
22
 62
   256
 40
5.0
 90
        0
 40
15.0
 90
        1
300
%<\AcVar ViewDetailId>% (%<\AcVar ViewScale \f "%sn">%)
 71
     4
340
F
 90
       25
 62
   256
340
F
 90
       25
 62
   256
280
     0
  0
LAYOUT
  5
12
102
{ACAD_REACTORS
330
13
102
}
330
13
100
AcDbPlotSettings
  1

  2
\\Hp-9\HP LaserJet 5100 PCL 6
  4
A3
  6

 40
4.233333110809326
 41
4.233341693878172
 42
4.23333740234375
 43
4.23333740234375
 44
296.9259948730469
 45
419.9466552734373
 46
0.0
 47
1.817523780611734
 48
810476.6629604773
 49
-1164706.289428389
140
1037233.658237302
141
-1004326.289428389
142
1.0
143
555.9882675170626
 70
  3764
 72
     1
 73
     1
 74
     4
  7
户型索引.ctb
 75
     0
147
0.0017985991043764
 76
     1
 77
     2
 78
   300
148
-810476.6629604773
149
1164706.289428389
100
AcDbLayout
  1
Model
 70
     1
 71
     0
 10
0.0
 20
0.0
 11
12.0
 21
9.0
 12
0.0
 22
0.0
 32
0.0
 14
0.0
 24
0.0
 34
0.0
 15
0.0
 25
0.0
 35
0.0
146
0.0
 13
0.0
 23
0.0
 33
0.0
 16
1.0
 26
0.0
 36
0.0
 17
0.0
 27
1.0
 37
0.0
 76
     0
330
2
331
2A
1001
ACAD_PSEXT
1000
\\Hp-9\HP LaserJet 5100 PCL 6
1000
HP LaserJet 5100 PCL 6
1000
\\Hp-9
1000

1070
     0
  0
LAYOUT
  5
1A
102
{ACAD_REACTORS
330
13
102
}
330
13
100
AcDbPlotSettings
  1

  2
\\HP-9\HP-9
  4

  6

 40
0.0
 41
0.0
 42
0.0
 43
0.0
 44
0.0
 45
0.0
 46
0.0
 47
0.0
 48
0.0
 49
0.0
140
0.0
141
0.0
142
1.0
143
1.0
 70
   688
 72
     0
 73
     0
 74
     5
  7
鹏基户型.ctb
 75
    16
147
1.0
 76
     0
 77
     2
 78
   300
148
0.0
149
0.0
100
AcDbLayout
  1
布局1
 70
     1
 71
     1
 10
0.0
 20
0.0
 11
12.0
 21
9.0
 12
0.0
 22
0.0
 32
0.0
 14
1.000000000000000E+20
 24
1.000000000000000E+20
 34
1.000000000000000E+20
 15
-1.000000000000000E+20
 25
-1.000000000000000E+20
 35
-1.000000000000000E+20
146
0.0
 13
0.0
 23
0.0
 33
0.0
 16
1.0
 26
0.0
 36
0.0
 17
0.0
 27
1.0
 37
0.0
 76
     0
330
15
  0
MATERIAL
  5
52
102
{ACAD_XDICTIONARY
360
53
102
}
102
{ACAD_REACTORS
330
E
102
}
330
E
100
AcDbMaterial
  1
ByBlock
 72
     0
 43
0.0208333333333333
 43
0.0
 43
0.0
 43
0.0
 43
0.0
 43
0.0208333333333333
 43
0.0
 43
0.0
 43
0.0
 43
0.0
 43
1.0
 43
0.0
 43
0.0
 43
0.0
 43
0.0
 43
1.0
 77
     0
 47
0.0208333333333333
 47
0.0
 47
0.0
 47
0.0
 47
0.0
 47
0.0208333333333333
 47
0.0
 47
0.0
 47
0.0
 47
0.0
 47
1.0
 47
0.0
 47
0.0
 47
0.0
 47
0.0
 47
1.0
171
     0
 49
0.0208333333333333
 49
0.0
 49
0.0
 49
0.0
 49
0.0
 49
0.0208333333333333
 49
0.0
 49
0.0
 49
0.0
 49
0.0
 49
1.0
 49
0.0
 49
0.0
 49
0.0
 49
0.0
 49
1.0
175
     0
142
0.0208333333333333
142
0.0
142
0.0
142
0.0
142
0.0
142
0.0208333333333333
142
0.0
142
0.0
142
0.0
142
0.0
142
1.0
142
0.0
142
0.0
142
0.0
142
0.0
142
1.0
179
     0
144
0.0208333333333333
144
0.0
144
0.0
144
0.0
144
0.0
144
0.0208333333333333
144
0.0
144
0.0
144
0.0
144
0.0
144
1.0
144
0.0
144
0.0
144
0.0
144
0.0
144
1.0
147
0.0208333333333333
147
0.0
147
0.0
147
0.0
147
0.0
147
0.0208333333333333
147
0.0
147
0.0
147
0.0
147
0.0
147
1.0
147
0.0
147
0.0
147
0.0
147
0.0
147
1.0
  0
MATERIAL
  5
4A
102
{ACAD_XDICTIONARY
360
4B
102
}
102
{ACAD_REACTORS
330
E
102
}
330
E
100
AcDbMaterial
  1
ByLayer
 72
     0
 43
0.0208333333333333
 43
0.0
 43
0.0
 43
0.0
 43
0.0
 43
0.0208333333333333
 43
0.0
 43
0.0
 43
0.0
 43
0.0
 43
1.0
 43
0.0
 43
0.0
 43
0.0
 43
0.0
 43
1.0
 77
     0
 47
0.0208333333333333
 47
0.0
 47
0.0
 47
0.0
 47
0.0
 47
0.0208333333333333
 47
0.0
 47
0.0
 47
0.0
 47
0.0
 47
1.0
 47
0.0
 47
0.0
 47
0.0
 47
0.0
 47
1.0
171
     0
 49
0.0208333333333333
 49
0.0
 49
0.0
 49
0.0
 49
0.0
 49
0.0208333333333333
 49
0.0
 49
0.0
 49
0.0
 49
0.0
 49
1.0
 49
0.0
 49
0.0
 49
0.0
 49
0.0
 49
1.0
175
     0
142
0.0208333333333333
142
0.0
142
0.0
142
0.0
142
0.0
142
0.0208333333333333
142
0.0
142
0.0
142
0.0
142
0.0
142
1.0
142
0.0
142
0.0
142
0.0
142
0.0
142
1.0
179
     0
144
0.0208333333333333
144
0.0
144
0.0
144
0.0
144
0.0
144
0.0208333333333333
144
0.0
144
0.0
144
0.0
144
0.0
144
1.0
144
0.0
144
0.0
144
0.0
144
0.0
144
1.0
147
0.0208333333333333
147
0.0
147
0.0
147
0.0
147
0.0
147
0.0208333333333333
147
0.0
147
0.0
147
0.0
147
0.0
147
1.0
147
0.0
147
0.0
147
0.0
147
0.0
147
1.0
  0
MATERIAL
  5
D
102
{ACAD_REACTORS
330
E
102
}
330
E
100
AcDbMaterial
  1
Global
 73
     1
 78
     1
172
     1
176
     1
270
     1
274
     1
  0
MLEADERSTYLE
  5
F5A
102
{ACAD_REACTORS
330
5D
102
}
330
5D
100
AcDbMLeaderStyle
179
     2
170
     2
171
     1
172
     0
 90
        2
 40
0.0
 41
0.0
173
     1
 91
-1056964608
340
25
 92
       -2
290
     1
 42
2.0
291
     1
 43
8.0
  3
Standard
 44
4.0
300

342
22
174
     1
178
     1
175
     1
176
     0
 93
-1056964608
 45
4.0
292
     0
297
     0
 46
4.0
 94
-1056964608
 47
1.0
 49
1.0
140
1.0
293
     1
141
0.0
294
     1
177
     0
142
1.0
295
     0
296
     1
143
3.75
271
     0
272
     9
273
     9
298
     0
  0
MLEADERSTYLE
  5
F28
102
{ACAD_REACTORS
330
5D
102
}
330
5D
100
AcDbMLeaderStyle
179
     2
170
     2
171
     1
172
     0
 90
        2
 40
0.0
 41
0.0
173
     1
 91
-1056964608
340
25
 92
       -2
290
     1
 42
0.09
291
     1
 43
0.36
  3
Standard
 44
0.18
300

342
22
174
     1
178
     6
175
     1
176
     0
 93
-1056964608
 45
0.18
292
     0
297
     0
 46
0.18
 94
-1056964608
 47
1.0
 49
1.0
140
1.0
293
     1
141
0.0
294
     1
177
     0
142
1.0
295
     0
296
     0
143
0.125
271
     0
272
     9
273
     9
298
     1
  0
MLINESTYLE
  5
6C
102
{ACAD_REACTORS
330
48
102
}
330
48
100
AcDbMlineStyle
  2
STANDARD
 70
     0
  3

 62
     0
 51
90.0
 52
90.0
 71
     2
 49
0.5
 62
   256
  6
BYLAYER
 49
-0.5
 62
   256
  6
BYLAYER
  0
ACDBPLACEHOLDER
  5
A
102
{ACAD_REACTORS
330
B
102
}
330
B
  0
SCALE
  5
71
102
{ACAD_REACTORS
330
5B
102
}
330
5B
100
AcDbScale
 70
     0
300
1:1
140
1.0
141
1.0
290
     1
  0
SCALE
  5
72
102
{ACAD_REACTORS
330
5B
102
}
330
5B
100
AcDbScale
 70
     0
300
1:2
140
1.0
141
2.0
290
     0
  0
SCALE
  5
73
102
{ACAD_REACTORS
330
5B
102
}
330
5B
100
AcDbScale
 70
     0
300
1:4
140
1.0
141
4.0
290
     0
  0
SCALE
  5
74
102
{ACAD_REACTORS
330
5B
102
}
330
5B
100
AcDbScale
 70
     0
300
1:5
140
1.0
141
5.0
290
     0
  0
SCALE
  5
75
102
{ACAD_REACTORS
330
5B
102
}
330
5B
100
AcDbScale
 70
     0
300
1:8
140
1.0
141
8.0
290
     0
  0
SCALE
  5
76
102
{ACAD_REACTORS
330
5B
102
}
330
5B
100
AcDbScale
 70
     0
300
1:10
140
1.0
141
10.0
290
     0
  0
SCALE
  5
77
102
{ACAD_REACTORS
330
5B
102
}
330
5B
100
AcDbScale
 70
     0
300
1:16
140
1.0
141
16.0
290
     0
  0
SCALE
  5
78
102
{ACAD_REACTORS
330
5B
102
}
330
5B
100
AcDbScale
 70
     0
300
1:20
140
1.0
141
20.0
290
     0
  0
SCALE
  5
79
102
{ACAD_REACTORS
330
5B
102
}
330
5B
100
AcDbScale
 70
     0
300
1:30
140
1.0
141
30.0
290
     0
  0
SCALE
  5
7A
102
{ACAD_REACTORS
330
5B
102
}
330
5B
100
AcDbScale
 70
     0
300
1:40
140
1.0
141
40.0
290
     0
  0
SCALE
  5
7B
102
{ACAD_REACTORS
330
5B
102
}
330
5B
100
AcDbScale
 70
     0
300
1:50
140
1.0
141
50.0
290
     0
  0
SCALE
  5
7C
102
{ACAD_REACTORS
330
5B
102
}
330
5B
100
AcDbScale
 70
     0
300
1:100
140
1.0
141
100.0
290
     0
  0
SCALE
  5
7D
102
{ACAD_REACTORS
330
5B
102
}
330
5B
100
AcDbScale
 70
     0
300
2:1
140
2.0
141
1.0
290
     0
  0
SCALE
  5
7E
102
{ACAD_REACTORS
330
5B
102
}
330
5B
100
AcDbScale
 70
     0
300
4:1
140
4.0
141
1.0
290
     0
  0
SCALE
  5
7F
102
{ACAD_REACTORS
330
5B
102
}
330
5B
100
AcDbScale
 70
     0
300
8:1
140
8.0
141
1.0
290
     0
  0
SCALE
  5
80
102
{ACAD_REACTORS
330
5B
102
}
330
5B
100
AcDbScale
 70
     0
300
10:1
140
10.0
141
1.0
290
     0
  0
SCALE
  5
81
102
{ACAD_REACTORS
330
5B
102
}
330
5B
100
AcDbScale
 70
     0
300
100:1
140
100.0
141
1.0
290
     0
  0
SCALE
  5
82
102
{ACAD_REACTORS
330
5B
102
}
330
5B
100
AcDbScale
 70
     0
300
1/128" = 1'-0"
140
0.0078125
141
12.0
290
     0
  0
SCALE
  5
83
102
{ACAD_REACTORS
330
5B
102
}
330
5B
100
AcDbScale
 70
     0
300
1/64" = 1'-0"
140
0.015625
141
12.0
290
     0
  0
SCALE
  5
84
102
{ACAD_REACTORS
330
5B
102
}
330
5B
100
AcDbScale
 70
     0
300
1/32" = 1'-0"
140
0.03125
141
12.0
290
     0
  0
SCALE
  5
85
102
{ACAD_REACTORS
330
5B
102
}
330
5B
100
AcDbScale
 70
     0
300
1/16" = 1'-0"
140
0.0625
141
12.0
290
     0
  0
SCALE
  5
86
102
{ACAD_REACTORS
330
5B
102
}
330
5B
100
AcDbScale
 70
     0
300
3/32" = 1'-0"
140
0.09375
141
12.0
290
     0
  0
SCALE
  5
87
102
{ACAD_REACTORS
330
5B
102
}
330
5B
100
AcDbScale
 70
     0
300
1/8" = 1'-0"
140
0.125
141
12.0
290
     0
  0
SCALE
  5
88
102
{ACAD_REACTORS
330
5B
102
}
330
5B
100
AcDbScale
 70
     0
300
3/16" = 1'-0"
140
0.1875
141
12.0
290
     0
  0
SCALE
  5
89
102
{ACAD_REACTORS
330
5B
102
}
330
5B
100
AcDbScale
 70
     0
300
1/4" = 1'-0"
140
0.25
141
12.0
290
     0
  0
SCALE
  5
8A
102
{ACAD_REACTORS
330
5B
102
}
330
5B
100
AcDbScale
 70
     0
300
3/8" = 1'-0"
140
0.375
141
12.0
290
     0
  0
SCALE
  5
8B
102
{ACAD_REACTORS
330
5B
102
}
330
5B
100
AcDbScale
 70
     0
300
1/2" = 1'-0"
140
0.5
141
12.0
290
     0
  0
SCALE
  5
8C
102
{ACAD_REACTORS
330
5B
102
}
330
5B
100
AcDbScale
 70
     0
300
3/4" = 1'-0"
140
0.75
141
12.0
290
     0
  0
SCALE
  5
8D
102
{ACAD_REACTORS
330
5B
102
}
330
5B
100
AcDbScale
 70
     0
300
1" = 1'-0"
140
1.0
141
12.0
290
     0
  0
SCALE
  5
8E
102
{ACAD_REACTORS
330
5B
102
}
330
5B
100
AcDbScale
 70
     0
300
1-1/2" = 1'-0"
140
1.5
141
12.0
290
     0
  0
SCALE
  5
8F
102
{ACAD_REACTORS
330
5B
102
}
330
5B
100
AcDbScale
 70
     0
300
3" = 1'-0"
140
3.0
141
12.0
290
     0
  0
SCALE
  5
90
102
{ACAD_REACTORS
330
5B
102
}
330
5B
100
AcDbScale
 70
     0
300
6" = 1'-0"
140
6.0
141
12.0
290
     0
  0
SCALE
  5
91
102
{ACAD_REACTORS
330
5B
102
}
330
5B
100
AcDbScale
 70
     0
300
1'-0" = 1'-0"
140
12.0
141
12.0
290
     0
  0
ACDBSECTIONVIEWSTYLE
  5
F2A
102
{ACAD_REACTORS
330
F29
102
}
330
F29
100
AcDbModelDocViewStyle
 70
     0
  3
Imperial24
290
     0
300
Imperial24
 90
        0
100
AcDbSectionViewStyle
 70
     0
 71
     0
 90
       78
 71
     1
340
22
 62
   256
 40
0.24
340
0
340
0
 62
   256
 40
0.24
300
I, O, Q, S, X, Z
 40
0.48
 90
        3
 40
0.18
 90
        1
 71
     2
340
F
 90
       25
 62
   256
340
F
 90
       50
 62
   256
 40
0.24
 40
0.0
 40
0.24
 71
     3
340
22
 62
   256
 40
0.24
 90
        1
 40
0.75
 90
        1
300
%<\AcVar ViewType \f "%tc1">% %<\AcVar ViewSectionStartId>%-%<\AcVar ViewSectionEndId>%\PSCALE %<\AcVar ViewScale \f "%sn">%
 71
     4
 62
   256
 62
   257
300
ANSI31
 40
1.0
 90
        0
290
     0
290
     0
 90
        6
 40
0.0
 40
1.570796326794896
 40
0.2617993877991494
 40
1.308996938995747
 40
-0.2617993877991494
 40
1.832595714594044
  0
ACDBSECTIONVIEWSTYLE
  5
F5B
102
{ACAD_REACTORS
330
F29
102
}
330
F29
100
AcDbModelDocViewStyle
 70
     0
  3
Metric50
290
     0
300
Metric50
 90
        0
100
AcDbSectionViewStyle
 70
     0
 71
     0
 90
      102
 71
     1
340
22
 62
   256
 40
5.0
340
0
340
0
 62
   256
 40
5.0
300
I, O, Q, S, X, Z
 40
10.0
 90
        0
 40
2.5
 90
        0
 71
     2
340
F
 90
       25
 62
   256
340
F
 90
       50
 62
   256
 40
5.0
 40
2.5
 40
5.0
 71
     3
340
22
 62
   256
 40
5.0
 90
        0
 40
15.0
 90
        1
300
%<\AcVar ViewSectionStartId>%-%<\AcVar ViewSectionEndId>% (%<\AcVar ViewScale \f "%sn">%)
 71
     4
 62
   256
 62
   257
300
ANSI31
 40
1.0
 90
        0
290
     0
290
     0
 90
        6
 40
0.0
 40
1.570796326794896
 40
0.2617993877991494
 40
1.308996938995747
 40
-0.2617993877991494
 40
1.832595714594045
  0
TABLESTYLE
  5
6D
102
{ACAD_XDICTIONARY
360
6E
102
}
102
{ACAD_REACTORS
330
5C
102
}
330
5C
100
AcDbTableStyle
280
     0
  3
Standard
 70
     0
 71
     0
 40
0.06
 41
0.06
280
     0
281
     0
  7
STANDARD
140
0.18
170
     2
 62
     0
 63
     7
283
     0
 90
        4
 91
        0
  1

274
    -2
284
     1
 64
     0
275
    -2
285
     1
 65
     0
276
    -2
286
     1
 66
     0
277
    -2
287
     1
 67
     0
278
    -2
288
     1
 68
     0
279
    -2
289
     1
 69
     0
  7
STANDARD
140
0.25
170
     5
 62
     0
 63
     7
283
     0
 90
        4
 91
        0
  1

274
    -2
284
     1
 64
     0
275
    -2
285
     1
 65
     0
276
    -2
286
     1
 66
     0
277
    -2
287
     1
 67
     0
278
    -2
288
     1
 68
     0
279
    -2
289
     1
 69
     0
  7
STANDARD
140
0.18
170
     5
 62
     0
 63
     7
283
     0
 90
        4
 91
        0
  1

274
    -2
284
     1
 64
     0
275
    -2
285
     1
 65
     0
276
    -2
286
     1
 66
     0
277
    -2
287
     1
 67
     0
278
    -2
288
     1
 68
     0
279
    -2
289
     1
 69
     0
1001
ACAD
1000
AcRTDxfName
1000
TABLESTYLE
  0
VISUALSTYLE
  5
2B
102
{ACAD_REACTORS
330
2C
102
}
330
2C
100
AcDbVisualStyle
  2
2dWireframe
 70
     4
177
     3
291
     0
 70
    58
 90
        0
176
     1
 90
        2
176
     1
 90
        0
176
     1
 90
        0
176
     1
 40
0.6
176
     1
 40
30.0
176
     1
 62
     7
420
 16777215
176
     1
 90
        1
176
     1
 90
        4
176
     1
 62
     7
176
     1
 62
   257
176
     1
 90
        1
176
     1
 90
        1
176
     1
 40
1.0
176
     1
 90
        0
176
     1
 62
   257
176
     1
 40
1.0
176
     1
 90
        1
176
     1
 90
        6
176
     1
 90
        2
176
     1
 62
     7
176
     1
 90
        5
176
     1
 90
        0
176
     1
 90
        0
176
     1
290
     0
176
     1
 90
        1
176
     1
 40
0.0
176
     1
 90
        0
176
     1
290
     1
176
     1
290
     1
176
     1
290
     0
176
     1
290
     0
176
     1
290
     0
176
     1
290
     0
176
     1
290
     0
176
     1
290
     0
176
     1
290
     0
176
     1
 90
       50
176
     1
 40
0.0
176
     1
 40
1.0
176
     1
 90
        0
176
     1
 62
    18
176
     1
 90
       50
176
     1
 90
        3
176
     1
 62
     5
420
      255
176
     1
290
     0
176
     1
 90
       50
176
     1
 90
       50
176
     1
 90
       50
176
     1
290
     0
176
     1
 90
       50
176
     1
 62
   256
176
     0
 40
1.0
176
     0
 90
        2
176
     1
  1
strokes_ogs.tif
176
     1
290
     0
176
     1
 40
1.0
176
     1
 40
1.0
176
     1
  0
VISUALSTYLE
  5
F18
102
{ACAD_REACTORS
330
2C
102
}
330
2C
100
AcDbVisualStyle
  2
Basic
 70
     7
177
     3
291
     1
 70
    58
 90
        1
176
     1
 90
        0
176
     1
 90
        1
176
     1
 90
        0
176
     1
 40
0.6
176
     1
 40
30.0
176
     1
 62
     7
420
 16777215
176
     1
 90
        0
176
     1
 90
        4
176
     1
 62
     7
176
     1
 62
   257
176
     1
 90
        1
176
     1
 90
        1
176
     1
 40
1.0
176
     1
 90
        8
176
     1
 62
     7
176
     1
 40
1.0
176
     1
 90
        1
176
     1
 90
        6
176
     1
 90
        2
176
     1
 62
     7
176
     1
 90
        5
176
     1
 90
        0
176
     1
 90
        0
176
     1
290
     0
176
     1
 90
        1
176
     1
 40
0.0
176
     1
 90
        0
176
     1
290
     0
176
     1
290
     1
176
     1
290
     1
176
     1
290
     0
176
     1
290
     0
176
     1
290
     0
176
     1
290
     0
176
     1
290
     0
176
     1
290
     0
176
     1
 90
       50
176
     1
 40
0.0
176
     1
 40
1.0
176
     1
 90
        0
176
     1
 62
    18
176
     1
 90
       50
176
     1
 90
        3
176
     1
 62
     5
420
      255
176
     1
290
     0
176
     1
 90
       50
176
     1
 90
       50
176
     1
 90
       50
176
     1
290
     0
176
     1
 90
       50
176
     1
 62
   256
176
     0
 40
1.0
176
     0
 90
        2
176
     1
  1
strokes_ogs.tif
176
     1
290
     0
176
     1
 40
1.0
176
     1
 40
1.0
176
     1
  0
VISUALSTYLE
  5
F1C
102
{ACAD_REACTORS
330
2C
102
}
330
2C
100
AcDbVisualStyle
  2
Brighten
 70
    12
177
     3
291
     1
 70
    58
 90
        2
176
     1
 90
        2
176
     1
 90
        0
176
     1
 90
        0
176
     1
 40
0.6
176
     1
 40
30.0
176
     1
 62
     7
420
 16777215
176
     1
 90
        1
176
     1
 90
        4
176
     1
 62
     7
176
     1
 62
   257
176
     1
 90
        1
176
     1
 90
        1
176
     1
 40
1.0
176
     1
 90
        8
176
     1
 62
     7
176
     1
 40
1.0
176
     1
 90
        1
176
     1
 90
        6
176
     1
 90
        2
176
     1
 62
     7
176
     1
 90
        5
176
     1
 90
        0
176
     1
 90
        0
176
     1
290
     0
176
     1
 90
        1
176
     1
 40
50.0
176
     1
 90
        0
176
     1
290
     0
176
     1
290
     1
176
     1
290
     1
176
     1
290
     0
176
     1
290
     0
176
     1
290
     0
176
     1
290
     0
176
     1
290
     0
176
     1
290
     0
176
     1
 90
       50
176
     1
 40
0.0
176
     1
 40
1.0
176
     1
 90
        0
176
     1
 62
    18
176
     1
 90
       50
176
     1
 90
        3
176
     1
 62
     5
420
      255
176
     1
290
     0
176
     1
 90
       50
176
     1
 90
       50
176
     1
 90
       50
176
     1
290
     0
176
     1
 90
       50
176
     1
 62
   256
176
     0
 40
1.0
176
     0
 90
        2
176
     1
  1
strokes_ogs.tif
176
     1
290
     0
176
     1
 40
1.0
176
     1
 40
1.0
176
     1
  0
VISUALSTYLE
  5
F20
102
{ACAD_REACTORS
330
2C
102
}
330
2C
100
AcDbVisualStyle
  2
ColorChange
 70
    16
177
     3
291
     1
 70
    58
 90
        2
176
     1
 90
        2
176
     1
 90
        3
176
     1
 90
        0
176
     1
 40
0.6
176
     1
 40
30.0
176
     1
 62
     8
420
  8421504
176
     1
 90
        1
176
     1
 90
        4
176
     1
 62
     7
176
     1
 62
   257
176
     1
 90
        1
176
     1
 90
        1
176
     1
 40
1.0
176
     1
 90
        8
176
     1
 62
     8
420
  8421504
176
     1
 40
1.0
176
     1
 90
        1
176
     1
 90
        6
176
     1
 90
        2
176
     1
 62
     7
176
     1
 90
        5
176
     1
 90
        0
176
     1
 90
        0
176
     1
290
     0
176
     1
 90
        1
176
     1
 40
0.0
176
     1
 90
        0
176
     1
290
     0
176
     1
290
     1
176
     1
290
     1
176
     1
290
     0
176
     1
290
     0
176
     1
290
     0
176
     1
290
     0
176
     1
290
     0
176
     1
290
     0
176
     1
 90
       50
176
     1
 40
0.0
176
     1
 40
1.0
176
     1
 90
        0
176
     1
 62
    18
176
     1
 90
       50
176
     1
 90
        3
176
     1
 62
     5
420
      255
176
     1
290
     0
176
     1
 90
       50
176
     1
 90
       50
176
     1
 90
       50
176
     1
290
     0
176
     1
 90
       50
176
     1
 62
   256
176
     0
 40
1.0
176
     0
 90
        2
176
     1
  1
strokes_ogs.tif
176
     1
290
     0
176
     1
 40
1.0
176
     1
 40
1.0
176
     1
  0
VISUALSTYLE
  5
F1A
102
{ACAD_REACTORS
330
2C
102
}
330
2C
100
AcDbVisualStyle
  2
Conceptual
 70
     9
177
     3
291
     0
 70
    58
 90
        3
176
     1
 90
        2
176
     1
 90
        0
176
     1
 90
        0
176
     1
 40
0.6
176
     1
 40
30.0
176
     1
 62
     7
420
 16777215
176
     1
 90
        2
176
     1
 90
        2
176
     1
 62
     7
176
     1
 62
   257
176
     1
 90
        1
176
     1
 90
        1
176
     1
 40
179.0
176
     1
 90
        8
176
     1
 62
     7
176
     1
 40
1.0
176
     1
 90
        1
176
     1
 90
        6
176
     1
 90
        2
176
     1
 62
     7
176
     1
 90
        3
176
     1
 90
        0
176
     1
 90
        0
176
     1
290
     0
176
     1
 90
        1
176
     1
 40
0.0
176
     1
 90
        0
176
     1
290
     0
176
     1
290
     1
176
     1
290
     1
176
     1
290
     0
176
     1
290
     0
176
     1
290
     0
176
     1
290
     0
176
     1
290
     0
176
     1
290
     0
176
     1
 90
       50
176
     1
 40
0.0
176
     1
 40
1.0
176
     1
 90
        0
176
     1
 62
    18
176
     1
 90
       50
176
     1
 90
        3
176
     1
 62
     5
420
      255
176
     1
290
     0
176
     1
 90
       50
176
     1
 90
       50
176
     1
 90
       50
176
     1
290
     0
176
     1
 90
       50
176
     1
 62
   256
176
     0
 40
1.0
176
     0
 90
        2
176
     1
  1
strokes_ogs.tif
176
     1
290
     0
176
     1
 40
1.0
176
     1
 40
1.0
176
     1
  0
VISUALSTYLE
  5
F1B
102
{ACAD_REACTORS
330
2C
102
}
330
2C
100
AcDbVisualStyle
  2
Dim
 70
    11
177
     3
291
     1
 70
    58
 90
        2
176
     1
 90
        2
176
     1
 90
        0
176
     1
 90
        0
176
     1
 40
0.6
176
     1
 40
30.0
176
     1
 62
     7
420
 16777215
176
     1
 90
        1
176
     1
 90
        4
176
     1
 62
     7
176
     1
 62
   257
176
     1
 90
        1
176
     1
 90
        1
176
     1
 40
1.0
176
     1
 90
        8
176
     1
 62
     7
176
     1
 40
1.0
176
     1
 90
        1
176
     1
 90
        6
176
     1
 90
        2
176
     1
 62
     7
176
     1
 90
        5
176
     1
 90
        0
176
     1
 90
        0
176
     1
290
     0
176
     1
 90
        1
176
     1
 40
-50.0
176
     1
 90
        0
176
     1
290
     0
176
     1
290
     1
176
     1
290
     1
176
     1
290
     0
176
     1
290
     0
176
     1
290
     0
176
     1
290
     0
176
     1
290
     0
176
     1
290
     0
176
     1
 90
       50
176
     1
 40
0.0
176
     1
 40
1.0
176
     1
 90
        0
176
     1
 62
    18
176
     1
 90
       50
176
     1
 90
        3
176
     1
 62
     5
420
      255
176
     1
290
     0
176
     1
 90
       50
176
     1
 90
       50
176
     1
 90
       50
176
     1
290
     0
176
     1
 90
       50
176
     1
 62
   256
176
     0
 40
1.0
176
     0
 90
        2
176
     1
  1
strokes_ogs.tif
176
     1
290
     0
176
     1
 40
1.0
176
     1
 40
1.0
176
     1
  0
VISUALSTYLE
  5
C2
102
{ACAD_REACTORS
330
2C
102
}
330
2C
100
AcDbVisualStyle
  2
EdgeColorOff
 70
    22
177
     3
291
     1
 70
    58
 90
        2
176
     0
 90
        2
176
     0
 90
        0
176
     0
 90
        0
176
     0
 40
0.6
176
     0
 40
30.0
176
     0
 62
     7
420
 16777215
176
     0
 90
        1
176
     0
 90
        4
176
     0
 62
     7
176
     0
 62
   257
176
     0
 90
        1
176
     0
 90
        1
176
     0
 40
1.0
176
     0
 90
        8
176
     2
 62
     7
176
     0
 40
1.0
176
     0
 90
        1
176
     0
 90
        6
176
     0
 90
        2
176
     0
 62
     7
176
     0
 90
        5
176
     0
 90
        0
176
     0
 90
        0
176
     0
290
     0
176
     0
 90
        1
176
     0
 40
0.0
176
     0
 90
        0
176
     0
290
     0
176
     0
290
     1
176
     0
290
     1
176
     0
290
     0
176
     0
290
     0
176
     0
290
     0
176
     0
290
     0
176
     0
290
     0
176
     0
290
     0
176
     0
 90
       50
176
     0
 40
0.0
176
     0
 40
1.0
176
     0
 90
        0
176
     0
 62
    18
176
     0
 90
       50
176
     0
 90
        3
176
     0
 62
     5
420
      255
176
     0
290
     0
176
     0
 90
       50
176
     0
 90
       50
176
     0
 90
       50
176
     0
290
     0
176
     0
 90
       50
176
     0
 62
   256
176
     0
 40
1.0
176
     0
 90
        2
176
     0
  1
strokes_ogs.tif
176
     0
290
     0
176
     0
 40
1.0
176
     0
 40
1.0
176
     0
  0
VISUALSTYLE
  5
F1F
102
{ACAD_REACTORS
330
2C
102
}
330
2C
100
AcDbVisualStyle
  2
Facepattern
 70
    15
177
     3
291
     1
 70
    58
 90
        2
176
     1
 90
        2
176
     1
 90
        0
176
     1
 90
        0
176
     1
 40
0.6
176
     1
 40
30.0
176
     1
 62
     7
420
 16777215
176
     1
 90
        1
176
     1
 90
        4
176
     1
 62
     7
176
     1
 62
   257
176
     1
 90
        1
176
     1
 90
        1
176
     1
 40
1.0
176
     1
 90
        8
176
     1
 62
     7
176
     1
 40
1.0
176
     1
 90
        1
176
     1
 90
        6
176
     1
 90
        2
176
     1
 62
     7
176
     1
 90
        5
176
     1
 90
        0
176
     1
 90
        0
176
     1
290
     0
176
     1
 90
        1
176
     1
 40
0.0
176
     1
 90
        0
176
     1
290
     0
176
     1
290
     1
176
     1
290
     1
176
     1
290
     0
176
     1
290
     0
176
     1
290
     0
176
     1
290
     0
176
     1
290
     0
176
     1
290
     0
176
     1
 90
       50
176
     1
 40
0.0
176
     1
 40
1.0
176
     1
 90
        0
176
     1
 62
    18
176
     1
 90
       50
176
     1
 90
        3
176
     1
 62
     5
420
      255
176
     1
290
     0
176
     1
 90
       50
176
     1
 90
       50
176
     1
 90
       50
176
     1
290
     0
176
     1
 90
       50
176
     1
 62
   256
176
     0
 40
1.0
176
     0
 90
        2
176
     1
  1
strokes_ogs.tif
176
     1
290
     0
176
     1
 40
1.0
176
     1
 40
1.0
176
     1
  0
VISUALSTYLE
  5
F14
102
{ACAD_REACTORS
330
2C
102
}
330
2C
100
AcDbVisualStyle
  2
Flat
 70
     0
177
     3
291
     1
 70
    58
 90
        2
176
     1
 90
        1
176
     1
 90
        1
176
     1
 90
        2
176
     1
 40
0.6
176
     1
 40
30.0
176
     1
 62
     7
420
 16777215
176
     1
 90
        0
176
     1
 90
        0
176
     1
 62
     7
176
     1
 62
   257
176
     1
 90
        1
176
     1
 90
        1
176
     1
 40
1.0
176
     1
 90
        8
176
     1
 62
     7
176
     1
 40
1.0
176
     1
 90
        1
176
     1
 90
        6
176
     1
 90
        2
176
     1
 62
     7
176
     1
 90
        5
176
     1
 90
        0
176
     1
 90
        0
176
     1
290
     0
176
     1
 90
       13
176
     1
 40
0.0
176
     1
 90
        0
176
     1
290
     0
176
     1
290
     1
176
     1
290
     1
176
     1
290
     0
176
     1
290
     0
176
     1
290
     0
176
     1
290
     0
176
     1
290
     0
176
     1
290
     0
176
     1
 90
       50
176
     1
 40
0.0
176
     1
 40
1.0
176
     1
 90
        0
176
     1
 62
    18
176
     1
 90
       50
176
     1
 90
        3
176
     1
 62
     5
420
      255
176
     1
290
     0
176
     1
 90
       50
176
     1
 90
       50
176
     1
 90
       50
176
     1
290
     0
176
     1
 90
       50
176
     1
 62
   256
176
     0
 40
1.0
176
     0
 90
        2
176
     1
  1
strokes_ogs.tif
176
     1
290
     0
176
     1
 40
1.0
176
     1
 40
1.0
176
     1
  0
VISUALSTYLE
  5
F15
102
{ACAD_REACTORS
330
2C
102
}
330
2C
100
AcDbVisualStyle
  2
FlatWithEdges
 70
     1
177
     3
291
     1
 70
    58
 90
        2
176
     1
 90
        1
176
     1
 90
        1
176
     1
 90
        2
176
     1
 40
0.6
176
     1
 40
30.0
176
     1
 62
     7
420
 16777215
176
     1
 90
        1
176
     1
 90
        0
176
     1
 62
     7
176
     1
 62
   257
176
     1
 90
        1
176
     1
 90
        1
176
     1
 40
1.0
176
     1
 90
        0
176
     1
 62
   257
176
     1
 40
1.0
176
     1
 90
        1
176
     1
 90
        6
176
     1
 90
        2
176
     1
 62
     7
176
     1
 90
        5
176
     1
 90
        0
176
     1
 90
        0
176
     1
290
     0
176
     1
 90
       13
176
     1
 40
0.0
176
     1
 90
        0
176
     1
290
     0
176
     1
290
     1
176
     1
290
     1
176
     1
290
     0
176
     1
290
     0
176
     1
290
     0
176
     1
290
     0
176
     1
290
     0
176
     1
290
     0
176
     1
 90
       50
176
     1
 40
0.0
176
     1
 40
1.0
176
     1
 90
        0
176
     1
 62
    18
176
     1
 90
       50
176
     1
 90
        3
176
     1
 62
     5
420
      255
176
     1
290
     0
176
     1
 90
       50
176
     1
 90
       50
176
     1
 90
       50
176
     1
290
     0
176
     1
 90
       50
176
     1
 62
   256
176
     0
 40
1.0
176
     0
 90
        2
176
     1
  1
strokes_ogs.tif
176
     1
290
     0
176
     1
 40
1.0
176
     1
 40
1.0
176
     1
  0
VISUALSTYLE
  5
F16
102
{ACAD_REACTORS
330
2C
102
}
330
2C
100
AcDbVisualStyle
  2
Gouraud
 70
     2
177
     3
291
     1
 70
    58
 90
        2
176
     1
 90
        2
176
     1
 90
        1
176
     1
 90
        2
176
     1
 40
0.6
176
     1
 40
30.0
176
     1
 62
     7
420
 16777215
176
     1
 90
        0
176
     1
 90
        0
176
     1
 62
     7
176
     1
 62
   257
176
     1
 90
        1
176
     1
 90
        1
176
     1
 40
1.0
176
     1
 90
        0
176
     1
 62
     7
176
     1
 40
1.0
176
     1
 90
        1
176
     1
 90
        6
176
     1
 90
        2
176
     1
 62
     7
176
     1
 90
        5
176
     1
 90
        0
176
     1
 90
        0
176
     1
290
     0
176
     1
 90
       13
176
     1
 40
0.0
176
     1
 90
        0
176
     1
290
     0
176
     1
290
     1
176
     1
290
     1
176
     1
290
     0
176
     1
290
     0
176
     1
290
     0
176
     1
290
     0
176
     1
290
     0
176
     1
290
     0
176
     1
 90
       50
176
     1
 40
0.0
176
     1
 40
1.0
176
     1
 90
        0
176
     1
 62
    18
176
     1
 90
       50
176
     1
 90
        3
176
     1
 62
     5
420
      255
176
     1
290
     0
176
     1
 90
       50
176
     1
 90
       50
176
     1
 90
       50
176
     1
290
     0
176
     1
 90
       50
176
     1
 62
   256
176
     0
 40
1.0
176
     0
 90
        2
176
     1
  1
strokes_ogs.tif
176
     1
290
     0
176
     1
 40
1.0
176
     1
 40
1.0
176
     1
  0
VISUALSTYLE
  5
F17
102
{ACAD_REACTORS
330
2C
102
}
330
2C
100
AcDbVisualStyle
  2
GouraudWithEdges
 70
     3
177
     3
291
     1
 70
    58
 90
        2
176
     1
 90
        2
176
     1
 90
        1
176
     1
 90
        2
176
     1
 40
0.6
176
     1
 40
30.0
176
     1
 62
     7
420
 16777215
176
     1
 90
        1
176
     1
 90
        0
176
     1
 62
     7
176
     1
 62
   257
176
     1
 90
        1
176
     1
 90
        1
176
     1
 40
1.0
176
     1
 90
        0
176
     1
 62
   257
176
     1
 40
1.0
176
     1
 90
        1
176
     1
 90
        6
176
     1
 90
        2
176
     1
 62
     7
176
     1
 90
        5
176
     1
 90
        0
176
     1
 90
        0
176
     1
290
     0
176
     1
 90
       13
176
     1
 40
0.0
176
     1
 90
        0
176
     1
290
     0
176
     1
290
     1
176
     1
290
     1
176
     1
290
     0
176
     1
290
     0
176
     1
290
     0
176
     1
290
     0
176
     1
290
     0
176
     1
290
     0
176
     1
 90
       50
176
     1
 40
0.0
176
     1
 40
1.0
176
     1
 90
        0
176
     1
 62
    18
176
     1
 90
       50
176
     1
 90
        3
176
     1
 62
     5
420
      255
176
     1
290
     0
176
     1
 90
       50
176
     1
 90
       50
176
     1
 90
       50
176
     1
290
     0
176
     1
 90
       50
176
     1
 62
   256
176
     0
 40
1.0
176
     0
 90
        2
176
     1
  1
strokes_ogs.tif
176
     1
290
     0
176
     1
 40
1.0
176
     1
 40
1.0
176
     1
  0
VISUALSTYLE
  5
F19
102
{ACAD_REACTORS
330
2C
102
}
330
2C
100
AcDbVisualStyle
  2
Hidden
 70
     6
177
     3
291
     0
 70
    58
 90
        1
176
     1
 90
        2
176
     1
 90
        2
176
     1
 90
        0
176
     1
 40
0.6
176
     1
 40
30.0
176
     1
 62
     7
420
 16777215
176
     1
 90
        2
176
     1
 90
        2
176
     1
 62
     7
176
     1
 62
   257
176
     1
 90
        2
176
     1
 90
        1
176
     1
 40
40.0
176
     1
 90
        0
176
     1
 62
   257
176
     1
 40
1.0
176
     1
 90
        1
176
     1
 90
        6
176
     1
 90
        2
176
     1
 62
     7
176
     1
 90
        3
176
     1
 90
        0
176
     1
 90
        0
176
     1
290
     0
176
     1
 90
        1
176
     1
 40
0.0
176
     1
 90
        0
176
     1
290
     0
176
     1
290
     1
176
     1
290
     1
176
     1
290
     0
176
     1
290
     0
176
     1
290
     0
176
     1
290
     0
176
     1
290
     0
176
     1
290
     0
176
     1
 90
       50
176
     1
 40
0.0
176
     1
 40
1.0
176
     1
 90
        0
176
     1
 62
    18
176
     1
 90
       50
176
     1
 90
        3
176
     1
 62
     5
420
      255
176
     1
290
     0
176
     1
 90
       50
176
     1
 90
       50
176
     1
 90
       50
176
     1
290
     0
176
     1
 90
       50
176
     1
 62
   256
176
     0
 40
1.0
176
     0
 90
        2
176
     1
  1
strokes_ogs.tif
176
     1
290
     0
176
     1
 40
1.0
176
     1
 40
1.0
176
     1
  0
VISUALSTYLE
  5
F26
102
{ACAD_REACTORS
330
2C
102
}
330
2C
100
AcDbVisualStyle
  2
JitterOff
 70
    20
177
     3
291
     1
 70
    58
 90
        2
176
     0
 90
        2
176
     0
 90
        0
176
     0
 90
        0
176
     0
 40
0.6
176
     0
 40
30.0
176
     0
 62
     7
420
 16777215
176
     0
 90
        1
176
     0
 90
        4
176
     0
 62
     7
176
     0
 62
   257
176
     0
 90
        1
176
     0
 90
        1
176
     0
 40
1.0
176
     0
 90
       10
176
     2
 62
     7
176
     0
 40
1.0
176
     0
 90
        1
176
     0
 90
        6
176
     0
 90
        2
176
     0
 62
     7
176
     0
 90
        5
176
     0
 90
        0
176
     0
 90
        0
176
     0
290
     0
176
     0
 90
        1
176
     0
 40
0.0
176
     0
 90
        0
176
     0
290
     0
176
     0
290
     1
176
     0
290
     1
176
     0
290
     0
176
     0
290
     0
176
     0
290
     0
176
     0
290
     0
176
     0
290
     0
176
     0
290
     0
176
     0
 90
       50
176
     0
 40
0.0
176
     0
 40
1.0
176
     0
 90
        0
176
     0
 62
    18
176
     0
 90
       50
176
     0
 90
        3
176
     0
 62
     5
420
      255
176
     0
290
     0
176
     0
 90
       50
176
     0
 90
       50
176
     0
 90
       50
176
     0
290
     0
176
     0
 90
       50
176
     0
 62
   256
176
     0
 40
1.0
176
     0
 90
        2
176
     0
  1
strokes_ogs.tif
176
     0
290
     0
176
     0
 40
1.0
176
     0
 40
1.0
176
     0
  0
VISUALSTYLE
  5
F1E
102
{ACAD_REACTORS
330
2C
102
}
330
2C
100
AcDbVisualStyle
  2
Linepattern
 70
    14
177
     3
291
     1
 70
    58
 90
        2
176
     1
 90
        2
176
     1
 90
        0
176
     1
 90
        0
176
     1
 40
0.6
176
     1
 40
30.0
176
     1
 62
     7
420
 16777215
176
     1
 90
        1
176
     1
 90
        4
176
     1
 62
     7
176
     1
 62
   257
176
     1
 90
        7
176
     1
 90
        7
176
     1
 40
1.0
176
     1
 90
        8
176
     1
 62
     7
176
     1
 40
1.0
176
     1
 90
        1
176
     1
 90
        6
176
     1
 90
        2
176
     1
 62
     7
176
     1
 90
        5
176
     1
 90
        0
176
     1
 90
        0
176
     1
290
     0
176
     1
 90
        1
176
     1
 40
0.0
176
     1
 90
        0
176
     1
290
     0
176
     1
290
     1
176
     1
290
     1
176
     1
290
     0
176
     1
290
     0
176
     1
290
     0
176
     1
290
     0
176
     1
290
     0
176
     1
290
     0
176
     1
 90
       50
176
     1
 40
0.0
176
     1
 40
1.0
176
     1
 90
        0
176
     1
 62
    18
176
     1
 90
       50
176
     1
 90
        3
176
     1
 62
     5
420
      255
176
     1
290
     0
176
     1
 90
       50
176
     1
 90
       50
176
     1
 90
       50
176
     1
290
     0
176
     1
 90
       50
176
     1
 62
   256
176
     0
 40
1.0
176
     0
 90
        2
176
     1
  1
strokes_ogs.tif
176
     1
290
     0
176
     1
 40
1.0
176
     1
 40
1.0
176
     1
  0
VISUALSTYLE
  5
F27
102
{ACAD_REACTORS
330
2C
102
}
330
2C
100
AcDbVisualStyle
  2
OverhangOff
 70
    21
177
     3
291
     1
 70
    58
 90
        2
176
     0
 90
        2
176
     0
 90
        0
176
     0
 90
        0
176
     0
 40
0.6
176
     0
 40
30.0
176
     0
 62
     7
420
 16777215
176
     0
 90
        1
176
     0
 90
        4
176
     0
 62
     7
176
     0
 62
   257
176
     0
 90
        1
176
     0
 90
        1
176
     0
 40
1.0
176
     0
 90
        9
176
     2
 62
     7
176
     0
 40
1.0
176
     0
 90
        1
176
     0
 90
        6
176
     0
 90
        2
176
     0
 62
     7
176
     0
 90
        5
176
     0
 90
        0
176
     0
 90
        0
176
     0
290
     0
176
     0
 90
        1
176
     0
 40
0.0
176
     0
 90
        0
176
     0
290
     0
176
     0
290
     1
176
     0
290
     1
176
     0
290
     0
176
     0
290
     0
176
     0
290
     0
176
     0
290
     0
176
     0
290
     0
176
     0
290
     0
176
     0
 90
       50
176
     0
 40
0.0
176
     0
 40
1.0
176
     0
 90
        0
176
     0
 62
    18
176
     0
 90
       50
176
     0
 90
        3
176
     0
 62
     5
420
      255
176
     0
290
     0
176
     0
 90
       50
176
     0
 90
       50
176
     0
 90
       50
176
     0
290
     0
176
     0
 90
       50
176
     0
 62
   256
176
     0
 40
1.0
176
     0
 90
        2
176
     0
  1
strokes_ogs.tif
176
     0
290
     0
176
     0
 40
1.0
176
     0
 40
1.0
176
     0
  0
VISUALSTYLE
  5
6F
102
{ACAD_REACTORS
330
2C
102
}
330
2C
100
AcDbVisualStyle
  2
Realistic
 70
     8
177
     3
291
     0
 70
    58
 90
        2
176
     1
 90
        2
176
     1
 90
        0
176
     1
 90
        0
176
     1
 40
0.6
176
     1
 40
30.0
176
     1
 62
     7
420
 16777215
176
     1
 90
        1
176
     1
 90
        0
176
     1
 62
     7
176
     1
 62
   257
176
     1
 90
        1
176
     1
 90
        1
176
     1
 40
1.0
176
     1
 90
        8
176
     1
 62
     8
420
  7895160
176
     1
 40
1.0
176
     1
 90
        1
176
     1
 90
        6
176
     1
 90
        2
176
     1
 62
     7
176
     1
 90
        5
176
     1
 90
        0
176
     1
 90
        0
176
     1
290
     0
176
     1
 90
       13
176
     1
 40
0.0
176
     1
 90
        0
176
     1
290
     0
176
     1
290
     1
176
     1
290
     1
176
     1
290
     0
176
     1
290
     0
176
     1
290
     0
176
     1
290
     0
176
     1
290
     0
176
     1
290
     0
176
     1
 90
       50
176
     1
 40
0.0
176
     1
 40
1.0
176
     1
 90
        0
176
     1
 62
    18
176
     1
 90
       50
176
     1
 90
        3
176
     1
 62
     5
420
      255
176
     1
290
     0
176
     1
 90
       50
176
     1
 90
       50
176
     1
 90
       50
176
     1
290
     0
176
     1
 90
       50
176
     1
 62
   256
176
     0
 40
1.0
176
     0
 90
        2
176
     1
  1
strokes_ogs.tif
176
     1
290
     0
176
     1
 40
1.0
176
     1
 40
1.0
176
     1
  0
VISUALSTYLE
  5
F25
102
{ACAD_REACTORS
330
2C
102
}
330
2C
100
AcDbVisualStyle
  2
Shaded
 70
    27
177
     3
291
     0
 70
    58
 90
        2
176
     1
 90
        2
176
     1
 90
        1
176
     1
 90
        2
176
     1
 40
0.6
176
     1
 40
30.0
176
     1
 62
     7
420
 16777215
176
     1
 90
        0
176
     1
 90
        4
176
     1
 62
     7
176
     1
 62
   257
176
     1
 90
        1
176
     1
 90
        1
176
     1
 40
1.0
176
     1
 90
        8
176
     1
 62
   257
176
     1
 40
1.0
176
     1
 90
        1
176
     1
 90
        6
176
     1
 90
        2
176
     1
 62
     8
420
  7895160
176
     1
 90
        3
176
     1
 90
        0
176
     1
 90
        0
176
     1
290
     0
176
     1
 90
        5
176
     1
 40
0.0
176
     1
 90
        0
176
     1
290
     0
176
     1
290
     1
176
     1
290
     1
176
     1
290
     0
176
     1
290
     0
176
     1
290
     0
176
     1
290
     0
176
     1
290
     0
176
     1
290
     0
176
     1
 90
       50
176
     1
 40
0.0
176
     1
 40
1.0
176
     1
 90
        0
176
     1
 62
    18
176
     1
 90
       50
176
     1
 90
        3
176
     1
 62
     5
420
      255
176
     1
290
     0
176
     1
 90
       50
176
     1
 90
       50
176
     1
 90
       50
176
     1
290
     0
176
     1
 90
       50
176
     1
 62
   256
176
     0
 40
1.0
176
     0
 90
        2
176
     1
  1
strokes_ogs.tif
176
     1
290
     0
176
     1
 40
1.0
176
     1
 40
1.0
176
     1
  0
VISUALSTYLE
  5
F24
102
{ACAD_REACTORS
330
2C
102
}
330
2C
100
AcDbVisualStyle
  2
Shaded with edges
 70
    26
177
     3
291
     0
 70
    58
 90
        2
176
     1
 90
        2
176
     1
 90
        1
176
     1
 90
        2
176
     1
 40
0.6
176
     1
 40
30.0
176
     1
 62
     7
420
 16777215
176
     1
 90
        1
176
     1
 90
        2
176
     1
 62
     7
176
     1
 62
   257
176
     1
 90
        2
176
     1
 90
        1
176
     1
 40
1.0
176
     1
 90
        8
176
     1
 62
   257
176
     1
 40
1.0
176
     1
 90
        1
176
     1
 90
        6
176
     1
 90
        2
176
     1
 62
     7
176
     1
 90
        3
176
     1
 90
        0
176
     1
 90
        0
176
     1
290
     0
176
     1
 90
        5
176
     1
 40
0.0
176
     1
 90
        0
176
     1
290
     0
176
     1
290
     1
176
     1
290
     1
176
     1
290
     0
176
     1
290
     0
176
     1
290
     0
176
     1
290
     0
176
     1
290
     0
176
     1
290
     0
176
     1
 90
       50
176
     1
 40
0.0
176
     1
 40
1.0
176
     1
 90
        0
176
     1
 62
    18
176
     1
 90
       50
176
     1
 90
        3
176
     1
 62
     5
420
      255
176
     1
290
     0
176
     1
 90
       50
176
     1
 90
       50
176
     1
 90
       50
176
     1
290
     0
176
     1
 90
       50
176
     1
 62
   256
176
     0
 40
1.0
176
     0
 90
        2
176
     1
  1
strokes_ogs.tif
176
     1
290
     0
176
     1
 40
1.0
176
     1
 40
1.0
176
     1
  0
VISUALSTYLE
  5
F21
102
{ACAD_REACTORS
330
2C
102
}
330
2C
100
AcDbVisualStyle
  2
Shades of Gray
 70
    23
177
     3
291
     0
 70
    58
 90
        2
176
     1
 90
        2
176
     1
 90
        3
176
     1
 90
        0
176
     1
 40
0.6
176
     1
 40
30.0
176
     1
 62
     7
420
 16777215
176
     1
 90
        2
176
     1
 90
        2
176
     1
 62
     7
176
     1
 62
     7
176
     1
 90
        1
176
     1
 90
        1
176
     1
 40
40.0
176
     1
 90
        8
176
     1
 62
     7
176
     1
 40
1.0
176
     1
 90
        1
176
     1
 90
        6
176
     1
 90
        2
176
     1
 62
     7
176
     1
 90
        3
176
     1
 90
        0
176
     1
 90
        0
176
     1
290
     0
176
     1
 90
        1
176
     1
 40
0.0
176
     1
 90
        0
176
     1
290
     0
176
     1
290
     1
176
     1
290
     1
176
     1
290
     0
176
     1
290
     0
176
     1
290
     0
176
     1
290
     0
176
     1
290
     0
176
     1
290
     0
176
     1
 90
       50
176
     1
 40
0.0
176
     1
 40
1.0
176
     1
 90
        0
176
     1
 62
    18
176
     1
 90
       50
176
     1
 90
        3
176
     1
 62
     5
420
      255
176
     1
290
     0
176
     1
 90
       50
176
     1
 90
       50
176
     1
 90
       50
176
     1
290
     0
176
     1
 90
       50
176
     1
 62
   256
176
     0
 40
1.0
176
     0
 90
        2
176
     1
  1
strokes_ogs.tif
176
     1
290
     0
176
     1
 40
1.0
176
     1
 40
1.0
176
     1
  0
VISUALSTYLE
  5
F22
102
{ACAD_REACTORS
330
2C
102
}
330
2C
100
AcDbVisualStyle
  2
Sketchy
 70
    24
177
     3
291
     0
 70
    58
 90
        1
176
     1
 90
        2
176
     1
 90
        2
176
     1
 90
        0
176
     1
 40
0.6
176
     1
 40
30.0
176
     1
 62
     7
420
 16777215
176
     1
 90
        2
176
     1
 90
        2
176
     1
 62
     7
176
     1
 62
     7
176
     1
 90
        1
176
     1
 90
        1
176
     1
 40
40.0
176
     1
 90
       11
176
     1
 62
     7
176
     1
 40
1.0
176
     1
 90
        1
176
     1
 90
        6
176
     1
 90
        2
176
     1
 62
     7
176
     1
 90
        6
176
     1
 90
        0
176
     1
 90
        0
176
     1
290
     0
176
     1
 90
        1
176
     1
 40
0.0
176
     1
 90
        0
176
     1
290
     0
176
     1
290
     1
176
     1
290
     1
176
     1
290
     0
176
     1
290
     0
176
     1
290
     0
176
     1
290
     0
176
     1
290
     0
176
     1
290
     0
176
     1
 90
       50
176
     1
 40
0.0
176
     1
 40
1.0
176
     1
 90
        0
176
     1
 62
    18
176
     1
 90
       50
176
     1
 90
        3
176
     1
 62
     5
420
      255
176
     1
290
     0
176
     1
 90
       50
176
     1
 90
       50
176
     1
 90
       50
176
     1
290
     0
176
     1
 90
       50
176
     1
 62
   256
176
     0
 40
1.0
176
     0
 90
        2
176
     1
  1
strokes_ogs.tif
176
     1
290
     0
176
     1
 40
1.0
176
     1
 40
1.0
176
     1
  0
VISUALSTYLE
  5
F1D
102
{ACAD_REACTORS
330
2C
102
}
330
2C
100
AcDbVisualStyle
  2
Thicken
 70
    13
177
     3
291
     1
 70
    58
 90
        2
176
     1
 90
        2
176
     1
 90
        0
176
     1
 90
        0
176
     1
 40
0.6
176
     1
 40
30.0
176
     1
 62
     7
420
 16777215
176
     1
 90
        1
176
     1
 90
        4
176
     1
 62
     7
176
     1
 62
   257
176
     1
 90
        1
176
     1
 90
        1
176
     1
 40
1.0
176
     1
 90
       12
176
     1
 62
     7
176
     1
 40
1.0
176
     1
 90
        1
176
     1
 90
        6
176
     1
 90
        2
176
     1
 62
     7
176
     1
 90
        5
176
     1
 90
        0
176
     1
 90
        0
176
     1
290
     0
176
     1
 90
        1
176
     1
 40
0.0
176
     1
 90
        0
176
     1
290
     0
176
     1
290
     1
176
     1
290
     1
176
     1
290
     0
176
     1
290
     0
176
     1
290
     0
176
     1
290
     0
176
     1
290
     0
176
     1
290
     0
176
     1
 90
       50
176
     1
 40
0.0
176
     1
 40
1.0
176
     1
 90
        0
176
     1
 62
    18
176
     1
 90
       50
176
     1
 90
        3
176
     1
 62
     5
420
      255
176
     1
290
     0
176
     1
 90
       50
176
     1
 90
       50
176
     1
 90
       50
176
     1
290
     0
176
     1
 90
       50
176
     1
 62
   256
176
     0
 40
1.0
176
     0
 90
        2
176
     1
  1
strokes_ogs.tif
176
     1
290
     0
176
     1
 40
1.0
176
     1
 40
1.0
176
     1
  0
VISUALSTYLE
  5
70
102
{ACAD_REACTORS
330
2C
102
}
330
2C
100
AcDbVisualStyle
  2
Wireframe
 70
     5
177
     3
291
     0
 70
    58
 90
        0
176
     1
 90
        2
176
     1
 90
        0
176
     1
 90
        0
176
     1
 40
0.6
176
     1
 40
30.0
176
     1
 62
     7
420
 16777215
176
     1
 90
        1
176
     1
 90
        4
176
     1
 62
     7
176
     1
 62
   257
176
     1
 90
        1
176
     1
 90
        1
176
     1
 40
1.0
176
     1
 90
        0
176
     1
 62
   257
176
     1
 40
1.0
176
     1
 90
        1
176
     1
 90
        6
176
     1
 90
        2
176
     1
 62
     7
176
     1
 90
        3
176
     1
 90
        0
176
     1
 90
        0
176
     1
290
     0
176
     1
 90
        1
176
     1
 40
0.0
176
     1
 90
        0
176
     1
290
     0
176
     1
290
     1
176
     1
290
     1
176
     1
290
     0
176
     1
290
     0
176
     1
290
     0
176
     1
290
     0
176
     1
290
     0
176
     1
290
     0
176
     1
 90
       50
176
     1
 40
0.0
176
     1
 40
1.0
176
     1
 90
        0
176
     1
 62
    18
176
     1
 90
       50
176
     1
 90
        3
176
     1
 62
     5
420
      255
176
     1
290
     0
176
     1
 90
       50
176
     1
 90
       50
176
     1
 90
       50
176
     1
290
     0
176
     1
 90
       50
176
     1
 62
   256
176
     0
 40
1.0
176
     0
 90
        2
176
     1
  1
strokes_ogs.tif
176
     1
290
     0
176
     1
 40
1.0
176
     1
 40
1.0
176
     1
  0
VISUALSTYLE
  5
F23
102
{ACAD_REACTORS
330
2C
102
}
330
2C
100
AcDbVisualStyle
  2
X-Ray
 70
    25
177
     3
291
     0
 70
    58
 90
        2
176
     1
 90
        2
176
     1
 90
        1
176
     1
 90
        1
176
     1
 40
0.5
176
     1
 40
30.0
176
     1
 62
     7
420
 16777215
176
     1
 90
        1
176
     1
 90
        0
176
     1
 62
     7
176
     1
 62
   257
176
     1
 90
        1
176
     1
 90
        1
176
     1
 40
1.0
176
     1
 90
        8
176
     1
 62
     7
176
     1
 40
1.0
176
     1
 90
        1
176
     1
 90
        6
176
     1
 90
        2
176
     1
 62
     7
176
     1
 90
        3
176
     1
 90
        0
176
     1
 90
        0
176
     1
290
     0
176
     1
 90
       13
176
     1
 40
0.0
176
     1
 90
        0
176
     1
290
     0
176
     1
290
     1
176
     1
290
     1
176
     1
290
     0
176
     1
290
     0
176
     1
290
     0
176
     1
290
     0
176
     1
290
     0
176
     1
290
     0
176
     1
 90
       50
176
     1
 40
0.0
176
     1
 40
1.0
176
     1
 90
        0
176
     1
 62
    18
176
     1
 90
       50
176
     1
 90
        3
176
     1
 62
     5
420
      255
176
     1
290
     0
176
     1
 90
       50
176
     1
 90
       50
176
     1
 90
       50
176
     1
290
     0
176
     1
 90
       50
176
     1
 62
   256
176
     0
 40
1.0
176
     0
 90
        2
176
     1
  1
strokes_ogs.tif
176
     1
290
     0
176
     1
 40
1.0
176
     1
 40
1.0
176
     1
  0
DICTIONARYVAR
  5
5F
102
{ACAD_REACTORS
330
5E
102
}
330
5E
100
DictionaryVariables
280
     0
  1
1:1
  0
DICTIONARYVAR
  5
60
102
{ACAD_REACTORS
330
5E
102
}
330
5E
100
DictionaryVariables
280
     0
  1
STANDARD
  0
DICTIONARYVAR
  5
61
102
{ACAD_REACTORS
330
5E
102
}
330
5E
100
DictionaryVariables
280
     0
  1
STANDARD
  0
DICTIONARYVAR
  5
62
102
{ACAD_REACTORS
330
5E
102
}
330
5E
100
DictionaryVariables
280
     0
  1
Imperial24
  0
DICTIONARYVAR
  5
63
102
{ACAD_REACTORS
330
5E
102
}
330
5E
100
DictionaryVariables
280
     0
  1
Imperial24
  0
DICTIONARYVAR
  5
64
102
{ACAD_REACTORS
330
5E
102
}
330
5E
100
DictionaryVariables
280
     0
  1
1
  0
DICTIONARYVAR
  5
65
102
{ACAD_REACTORS
330
5E
102
}
330
5E
100
DictionaryVariables
280
     0
  1
15
  0
DICTIONARYVAR
  5
66
102
{ACAD_REACTORS
330
5E
102
}
330
5E
100
DictionaryVariables
280
     0
  1
0
  0
DICTIONARYVAR
  5
67
102
{ACAD_REACTORS
330
5E
102
}
330
5E
100
DictionaryVariables
280
     0
  1
0
  0
BLOCKALIGNMENTPARAMETER
  5
61E
330
61D
100
AcDbEvalExpr
 90
        1
 98
       33
 99
      197
100
AcDbBlockElement
300
对齐
 98
       33
 99
      197
1071
        0
100
AcDbBlockParameter
280
     1
281
     0
100
AcDbBlock2PtParameter
1010
0.0
1020
0.0
1030
0.0
1011
1162.965025485027
1021
0.0
1031
0.0
170
     4
 91
        2
 91
        0
 91
        0
 91
        0
171
     0
172
     0
173
     0
174
     0
177
     0
100
AcDbBlockAlignmentParameter
280
     1
1001
ACAD
1000
AcRTDxfName
1000
BLOCKALIGNMENTPARAMETER
  0
BLOCKALIGNMENTGRIP
  5
61F
330
61D
100
AcDbEvalExpr
 90
        2
 98
       33
 99
      197
100
AcDbBlockElement
300
夹点
 98
       33
 99
      197
1071
        0
100
AcDbBlockGrip
 91
        3
 92
        4
1010
0.0
1020
0.0
1030
0.0
280
     1
 93
       -1
100
AcDbBlockAlignmentGrip
140
1162.965025485027
141
0.0
142
0.0
1001
ACAD
1000
AcRTDxfName
1000
BLOCKALIGNMENTGRIP
  0
BLOCKGRIPLOCATIONCOMPONENT
  5
620
330
61D
100
AcDbEvalExpr
 90
        3
 98
       33
 99
      197
  1

 70
    40
140
0.0
100
AcDbBlockGripExpr
 91
        1
300
UpdatedBaseX
1001
ACAD
1000
AcRTDxfName
1000
BLOCKGRIPLOCATIONCOMPONENT
  0
BLOCKGRIPLOCATIONCOMPONENT
  5
621
330
61D
100
AcDbEvalExpr
 90
        4
 98
       33
 99
      197
  1

 70
    40
140
0.0
100
AcDbBlockGripExpr
 91
        1
300
UpdatedBaseY
1001
ACAD
1000
AcRTDxfName
1000
BLOCKGRIPLOCATIONCOMPONENT
  0
BLOCKBASEPOINTPARAMETER
  5
622
330
61D
100
AcDbEvalExpr
 90
        5
 98
       33
 99
      197
100
AcDbBlockElement
300
基点
 98
       33
 99
      197
1071
        0
100
AcDbBlockParameter
280
     1
281
     0
100
AcDbBlock1PtParameter
1010
1376127.521748923
1020
-275353.1274451662
1030
0.0
 93
        0
170
     0
171
     0
100
AcDbBlockBasepointParameter
1011
0.0
1021
0.0
1031
0.0
1012
0.0
1022
0.0
1032
0.0
1001
ACAD
1000
AcRTDxfName
1000
BLOCKBASEPOINTPARAMETER
  0
BLOCKLINEARPARAMETER
  5
623
330
61D
100
AcDbEvalExpr
 90
       12
 98
       33
 99
      197
100
AcDbBlockElement
300
线性
 98
       33
 99
      197
1071
        0
100
AcDbBlockParameter
280
     1
281
     0
100
AcDbBlock2PtParameter
1010
-969.9999993122183
1020
-275.0000000002328
1030
0.0
1011
-889.9999993122182
1021
-275.0000000002328
1031
0.0
170
     4
 91
        0
 91
       13
 91
        0
 91
        0
171
     0
172
     0
173
     1
 94
       13
303
DisplacementX
174
     1
 95
       13
304
DisplacementY
177
     0
100
AcDbBlockLinearParameter
305
距离
306

140
-56.23950069223064
307

 96
        1
141
0.0
142
0.0
143
0.0
175
     0
1001
ACAD
1000
AcRTDxfName
1000
BLOCKLINEARPARAMETER
  0
BLOCKLINEARGRIP
  5
624
330
61D
100
AcDbEvalExpr
 90
       13
 98
       33
 99
      197
100
AcDbBlockElement
300
端点夹点
 98
       33
 99
      197
1071
        0
100
AcDbBlockGrip
 91
       14
 92
       15
1010
-889.9999993122182
1020
-275.0000000002328
1030
0.0
280
     1
 93
       -1
100
AcDbBlockLinearGrip
140
80.0
141
0.0
142
0.0
1001
ACAD
1000
AcRTDxfName
1000
BLOCKLINEARGRIP
  0
BLOCKGRIPLOCATIONCOMPONENT
  5
625
330
61D
100
AcDbEvalExpr
 90
       14
 98
       33
 99
      197
  1

 70
    40
140
1.797693134862313E+99
100
AcDbBlockGripExpr
 91
       12
300
UpdatedEndX
1001
ACAD
1000
AcRTDxfName
1000
BLOCKGRIPLOCATIONCOMPONENT
  0
BLOCKGRIPLOCATIONCOMPONENT
  5
626
330
61D
100
AcDbEvalExpr
 90
       15
 98
       33
 99
      197
  1

 70
    40
140
1.797693134862313E+99
100
AcDbBlockGripExpr
 91
       12
300
UpdatedEndY
1001
ACAD
1000
AcRTDxfName
1000
BLOCKGRIPLOCATIONCOMPONENT
  0
BLOCKARRAYACTION
  5
627
330
61D
100
AcDbEvalExpr
 90
       19
 98
       33
 99
      197
100
AcDbBlockElement
300
衣架阵列
 98
       33
 99
      197
1071
        0
100
AcDbBlockAction
 70
     0
 71
     2
330
63D
330
63E
1010
1374676.822504039
1020
-275491.9392843397
1030
0.0
100
AcDbBlockArrayAction
 92
       12
 93
       12
 94
       12
 95
       12
301
Base
302
End
303
UpdatedBase
304
UpdatedEnd
140
1.0
141
100.0
1001
ACAD
1000
AcRTDxfName
1000
BLOCKARRAYACTION
  0
BLOCKLINEARPARAMETER
  5
628
330
61D
100
AcDbEvalExpr
 90
       20
 98
       33
 99
      197
100
AcDbBlockElement
300
线性1
 98
       33
 99
      197
1071
        0
100
AcDbBlockParameter
280
     1
281
     0
100
AcDbBlock2PtParameter
1010
-999.9999993122182
1020
-550.0000000004656
1030
0.0
1011
999.9999993122182
1021
-550.0000000004656
1031
0.0
170
     4
 91
        0
 91
       21
 91
        0
 91
        0
171
     0
172
     0
173
     1
 94
       21
303
DisplacementX
174
     1
 95
       21
304
DisplacementY
177
     0
100
AcDbBlockLinearParameter
305
距离1
306

140
-205.9361874358146
307

 96
        1
141
0.0
142
0.0
143
0.0
175
     0
1001
ACAD
1000
AcRTDxfName
1000
BLOCKLINEARPARAMETER
  0
BLOCKLINEARGRIP
  5
629
330
61D
100
AcDbEvalExpr
 90
       21
 98
       33
 99
      197
100
AcDbBlockElement
300
端点夹点
 98
       33
 99
      197
1071
        0
100
AcDbBlockGrip
 91
       22
 92
       23
1010
999.9999993122182
1020
-550.0000000004656
1030
0.0
280
     1
 93
       -1
100
AcDbBlockLinearGrip
140
1999.999998624436
141
0.0
142
0.0
1001
ACAD
1000
AcRTDxfName
1000
BLOCKLINEARGRIP
  0
BLOCKGRIPLOCATIONCOMPONENT
  5
62A
330
61D
100
AcDbEvalExpr
 90
       22
 98
       33
 99
      197
  1

 70
    40
140
1.797693134862313E+99
100
AcDbBlockGripExpr
 91
       20
300
UpdatedEndX
1001
ACAD
1000
AcRTDxfName
1000
BLOCKGRIPLOCATIONCOMPONENT
  0
BLOCKGRIPLOCATIONCOMPONENT
  5
62B
330
61D
100
AcDbEvalExpr
 90
       23
 98
       33
 99
      197
  1

 70
    40
140
1.797693134862313E+99
100
AcDbBlockGripExpr
 91
       20
300
UpdatedEndY
1001
ACAD
1000
AcRTDxfName
1000
BLOCKGRIPLOCATIONCOMPONENT
  0
BLOCKSTRETCHACTION
  5
62C
330
61D
100
AcDbEvalExpr
 90
       28
 98
       33
 99
      197
100
AcDbBlockElement
300
拉伸
 98
       33
 99
      197
1071
        0
100
AcDbBlockAction
 70
     2
 91
       34
 91
        1
 71
     7
330
629
330
61E
330
63C
330
63B
330
63A
330
633
330
632
1010
1374658.060382933
1020
-275737.884518252
1030
0.0
100
AcDbBlockStretchAction
 92
       20
301
EndXDelta
 93
       20
302
EndYDelta
 72
     2
1011
1345.714762012008
1021
-1023.702781310479
1011
855.6821011691354
1021
229.6725129497354
 73
     3
331
63A
 74
     2
 94
        1
 94
        2
331
63B
 74
     2
 94
        1
 94
        2
331
63C
 74
     1
 94
        1
 75
     2
 95
        1
 76
     1
 94
        1
 95
       34
 76
     1
 94
        0
140
1.0
141
0.0
280
     0
1001
ACAD
1000
AcRTDxfName
1000
BLOCKSTRETCHACTION
  0
BLOCKPOINTPARAMETER
  5
62D
330
61D
100
AcDbEvalExpr
 90
       29
 98
       33
 99
      197
100
AcDbBlockElement
300
点
 98
       33
 99
      197
1071
        0
100
AcDbBlockParameter
280
     1
281
     0
100
AcDbBlock1PtParameter
1010
-999.9999993122182
1020
0.0
1030
0.0
 93
       30
170
     1
 91
       30
301
DisplacementX
171
     1
 92
       30
302
DisplacementY
100
AcDbBlockPointParameter
303
位置
304

1011
1375143.938487396
1021
-274939.4091212769
1031
0.0
1001
ACAD
1000
AcRTDxfName
1000
BLOCKPOINTPARAMETER
  0
BLOCKXYGRIP
  5
62E
330
61D
100
AcDbEvalExpr
 90
       30
 98
       33
 99
      197
100
AcDbBlockElement
300
夹点
 98
       33
 99
      197
1071
        0
100
AcDbBlockGrip
 91
       31
 92
       32
1010
-999.9999993122182
1020
0.0
1030
0.0
280
     1
 93
       -1
100
AcDbBlockXYGrip
1001
ACAD
1000
AcRTDxfName
1000
BLOCKXYGRIP
  0
BLOCKGRIPLOCATIONCOMPONENT
  5
62F
330
61D
100
AcDbEvalExpr
 90
       31
 98
       33
 99
      197
  1

 70
    40
140
0.0
100
AcDbBlockGripExpr
 91
       29
300
UpdatedX
1001
ACAD
1000
AcRTDxfName
1000
BLOCKGRIPLOCATIONCOMPONENT
  0
BLOCKGRIPLOCATIONCOMPONENT
  5
630
330
61D
100
AcDbEvalExpr
 90
       32
 98
       33
 99
      197
  1

 70
    40
140
0.0
100
AcDbBlockGripExpr
 91
       29
300
UpdatedY
1001
ACAD
1000
AcRTDxfName
1000
BLOCKGRIPLOCATIONCOMPONENT
  0
BLOCKMOVEACTION
  5
631
330
61D
100
AcDbEvalExpr
 90
       33
 98
       33
 99
      197
100
AcDbBlockElement
300
移动
 98
       33
 99
      197
1071
        0
100
AcDbBlockAction
 70
     7
 91
       34
 91
        1
 91
        5
 91
       12
 91
       19
 91
       20
 91
       28
 71
    17
330
62E
330
62C
330
629
330
628
330
627
330
624
330
623
330
622
330
61F
330
61E
330
63D
330
63C
330
63E
330
63B
330
63A
330
633
330
632
1010
1374694.053900007
1020
-274729.517761442
1030
0.0
100
AcDbBlockMoveAction
 92
       29
301
XDelta
 93
       29
302
YDelta
140
1.0
141
0.0
280
     0
1001
ACAD
1000
AcRTDxfName
1000
BLOCKMOVEACTION
  0
BLOCKPOINTPARAMETER
  5
632
330
61D
100
AcDbEvalExpr
 90
       34
 98
       33
 99
      197
100
AcDbBlockElement
300
点1
 98
       33
 99
      197
1071
        0
100
AcDbBlockParameter
280
     1
281
     0
100
AcDbBlock1PtParameter
1010
999.9999993122182
1020
0.0
1030
0.0
 93
       35
170
     1
 91
       35
301
DisplacementX
171
     1
 92
       35
302
DisplacementY
100
AcDbBlockPointParameter
303
位置1
304

1011
1377087.446419545
1021
-274933.410561326
1031
0.0
1001
ACAD
1000
AcRTDxfName
1000
BLOCKPOINTPARAMETER
  0
BLOCKXYGRIP
  5
633
330
61D
100
AcDbEvalExpr
 90
       35
 98
       33
 99
      197
100
AcDbBlockElement
300
夹点
 98
       33
 99
      197
1071
        0
100
AcDbBlockGrip
 91
       36
 92
       37
1010
999.9999993122182
1020
0.0
1030
0.0
280
     1
 93
       -1
100
AcDbBlockXYGrip
1001
ACAD
1000
AcRTDxfName
1000
BLOCKXYGRIP
  0
BLOCKGRIPLOCATIONCOMPONENT
  5
634
330
61D
100
AcDbEvalExpr
 90
       36
 98
       33
 99
      197
  1

 70
    40
140
0.0
100
AcDbBlockGripExpr
 91
       34
300
UpdatedX
1001
ACAD
1000
AcRTDxfName
1000
BLOCKGRIPLOCATIONCOMPONENT
  0
BLOCKGRIPLOCATIONCOMPONENT
  5
635
330
61D
100
AcDbEvalExpr
 90
       37
 98
       33
 99
      197
  1

 70
    40
140
0.0
100
AcDbBlockGripExpr
 91
       34
300
UpdatedY
1001
ACAD
1000
AcRTDxfName
1000
BLOCKGRIPLOCATIONCOMPONENT
  0
BLOCKMOVEACTION
  5
636
330
61D
100
AcDbEvalExpr
 90
       38
 98
       33
 99
      197
100
AcDbBlockElement
300
移动1
 98
       33
 99
      197
1071
        0
100
AcDbBlockAction
 70
     8
 91
        1
 91
        5
 91
       12
 91
       19
 91
       20
 91
       28
 91
       29
 91
       33
 71
    18
330
633
330
631
330
62D
330
62E
330
62C
330
629
330
628
330
627
330
624
330
623
330
622
330
61F
330
61E
330
63D
330
63C
330
63E
330
63B
330
63A
1010
1377123.435974512
1020
-274489.643308261
1030
0.0
100
AcDbBlockMoveAction
 92
       34
301
XDelta
 93
       34
302
YDelta
140
1.0
141
0.0
280
     0
1001
ACAD
1000
AcRTDxfName
1000
BLOCKMOVEACTION
  0
ACDB_BLOCKREPRESENTATION_DATA
  5
61A
102
{ACAD_REACTORS
330
619
102
}
330
619
100
AcDbBlockRepresentationData
 70
     1
340
61B
  0
DICTIONARY
  5
641
102
{ACAD_REACTORS
330
619
102
}
330
619
100
AcDbDictionary
280
     1
281
     1
  3
ACAD_ENHANCEDBLOCKDATA
360
642
  3
ACAD_ENHANCEDBLOCKHISTORY
360
64D
  0
ACDB_BLOCKREPRESENTATION_DATA
  5
819
102
{ACAD_REACTORS
330
818
102
}
330
818
100
AcDbBlockRepresentationData
 70
     1
340
61B
  0
DICTIONARY
  5
81A
102
{ACAD_REACTORS
330
818
102
}
330
818
100
AcDbDictionary
280
     1
281
     1
  3
ACAD_ENHANCEDBLOCKDATA
360
81B
  3
ACAD_ENHANCEDBLOCKHISTORY
360
826
  0
ACDB_BLOCKREPRESENTATION_DATA
  5
852
102
{ACAD_REACTORS
330
851
102
}
330
851
100
AcDbBlockRepresentationData
 70
     1
340
61B
  0
DICTIONARY
  5
853
102
{ACAD_REACTORS
330
851
102
}
330
851
100
AcDbDictionary
280
     1
281
     1
  3
ACAD_ENHANCEDBLOCKDATA
360
854
  3
ACAD_ENHANCEDBLOCKHISTORY
360
85F
  0
ACDB_BLOCKREPRESENTATION_DATA
  5
965
102
{ACAD_REACTORS
330
964
102
}
330
964
100
AcDbBlockRepresentationData
 70
     1
340
61B
  0
DICTIONARY
  5
966
102
{ACAD_REACTORS
330
964
102
}
330
964
100
AcDbDictionary
280
     1
281
     1
  3
ACAD_ENHANCEDBLOCKDATA
360
967
  3
ACAD_ENHANCEDBLOCKHISTORY
360
972
  0
ACDB_BLOCKREPRESENTATION_DATA
  5
9F8
102
{ACAD_REACTORS
330
9F7
102
}
330
9F7
100
AcDbBlockRepresentationData
 70
     1
340
61B
  0
DICTIONARY
  5
9F9
102
{ACAD_REACTORS
330
9F7
102
}
330
9F7
100
AcDbDictionary
280
     1
281
     1
  3
ACAD_ENHANCEDBLOCKDATA
360
9FA
  3
ACAD_ENHANCEDBLOCKHISTORY
360
A05
  0
ACDB_BLOCKREPRESENTATION_DATA
  5
A09
102
{ACAD_REACTORS
330
A08
102
}
330
A08
100
AcDbBlockRepresentationData
 70
     1
340
61B
  0
DICTIONARY
  5
A0A
102
{ACAD_REACTORS
330
A08
102
}
330
A08
100
AcDbDictionary
280
     1
281
     1
  3
ACAD_ENHANCEDBLOCKDATA
360
A0B
  3
ACAD_ENHANCEDBLOCKHISTORY
360
A16
  0
DICTIONARY
  5
53
330
52
100
AcDbDictionary
280
     1
281
     1
  3
BUMPTILE
360
54
  3
DIFFUSETILE
360
55
  3
OPACITYTILE
360
56
  3
REFLECTIONTILE
360
57
  3
REFRACTIONTILE
360
58
  3
SPECULARTILE
360
59
  0
DICTIONARY
  5
4B
330
4A
100
AcDbDictionary
280
     1
281
     1
  3
BUMPTILE
360
4C
  3
DIFFUSETILE
360
4D
  3
OPACITYTILE
360
4E
  3
REFLECTIONTILE
360
4F
  3
REFRACTIONTILE
360
50
  3
SPECULARTILE
360
51
  0
DICTIONARY
  5
6E
330
6D
100
AcDbDictionary
280
     1
281
     1
  3
ACAD_ROUNDTRIP_2008_TABLESTYLE_CELLSTYLEMAP
360
FCC
  0
DICTIONARY
  5
642
102
{ACAD_REACTORS
330
641
102
}
330
641
100
AcDbDictionary
280
     1
281
     1
  3
1
360
643
  3
12
360
644
  3
2
360
645
  3
20
360
646
  3
28
360
647
  3
29
360
648
  3
33
360
649
  3
34
360
64A
  3
38
360
64B
  3
5
360
64C
  0
XRECORD
  5
64D
102
{ACAD_REACTORS
330
641
102
}
330
641
100
AcDbXrecord
280
     1
1070
     2
1071
       13
300
GRIPLOC
 11
1859.999998624437
 21
0.0
 31
0.0
1071
       21
300
GRIPLOC
 11
-1046.408281255455
 21
0.0
 31
0.0
1071
       13
300
GRIPLOC
 11
-1046.408281255455
 21
0.0
 31
0.0
1071
       21
300
GRIPLOC
 11
123.3389506272506
 21
0.0
 31
0.0
1071
       13
300
GRIPLOC
 11
276.4082826253143
 21
0.0
 31
0.0
1071
       35
300
GRIPLOC
 11
206.2111623538658
 21
0.0
 31
0.0
1071
       13
300
GRIPLOC
 11
-153.0693319980637
 21
0.0
 31
0.0
1071
       21
300
GRIPLOC
 11
-83.14183035586031
 21
0.0
 31
0.0
1071
       13
300
GRIPLOC
 11
-83.14183035586031
 21
0.0
 31
0.0
1071
       30
300
GRIPLOC
 11
-206.2111624888494
 21
-0.0000000506115612
 31
0.0
1071
       21
300
GRIPLOC
 11
206.2111624888494
 21
0.0
 31
0.0
1071
       13
300
GRIPLOC
 11
206.2111624888494
 21
0.0
 31
0.0
1071
       21
300
GRIPLOC
 11
599.9999991008662
 21
0.0
 31
0.0
1071
       13
300
GRIPLOC
 11
599.9999991008662
 21
0.0
 31
0.0
1071
       35
300
GRIPLOC
 11
-99.99999923002906
 21
0.0
 31
0.0
1071
       21
300
GRIPLOC
 11
-100.0
 21
0.0
 31
0.0
1071
       13
300
GRIPLOC
 11
-87.61061872262507
 21
0.0
 31
0.0
1071
       21
300
GRIPLOC
 11
400.0000007669441
 21
0.0
 31
0.0
1071
       13
300
GRIPLOC
 11
387.6106194895692
 21
0.0
 31
0.0
1071
       21
300
GRIPLOC
 11
300.0
 21
0.0
 31
0.0
1071
       13
300
GRIPLOC
 11
300.0
 21
0.0
 31
0.0
1071
       21
300
GRIPLOC
 11
-300.0
 21
0.0
 31
0.0
1071
       13
300
GRIPLOC
 11
-256.0000000712462
 21
0.0
 31
0.0
  0
DICTIONARY
  5
81B
102
{ACAD_REACTORS
330
81A
102
}
330
81A
100
AcDbDictionary
280
     1
281
     1
  3
1
360
81C
  3
12
360
81D
  3
2
360
81E
  3
20
360
81F
  3
28
360
820
  3
29
360
821
  3
33
360
822
  3
34
360
823
  3
38
360
824
  3
5
360
825
  0
XRECORD
  5
826
102
{ACAD_REACTORS
330
81A
102
}
330
81A
100
AcDbXrecord
280
     1
1070
     2
1071
       13
300
GRIPLOC
 11
1859.999998624437
 21
0.0
 31
0.0
1071
       21
300
GRIPLOC
 11
-1046.408281255455
 21
0.0
 31
0.0
1071
       13
300
GRIPLOC
 11
-1046.408281255455
 21
0.0
 31
0.0
1071
       21
300
GRIPLOC
 11
123.3389506272506
 21
0.0
 31
0.0
1071
       13
300
GRIPLOC
 11
276.4082826253143
 21
0.0
 31
0.0
1071
       35
300
GRIPLOC
 11
206.2111623538658
 21
0.0
 31
0.0
1071
       13
300
GRIPLOC
 11
-153.0693319980637
 21
0.0
 31
0.0
1071
       21
300
GRIPLOC
 11
-83.14183035586031
 21
0.0
 31
0.0
1071
       13
300
GRIPLOC
 11
-83.14183035586031
 21
0.0
 31
0.0
1071
       30
300
GRIPLOC
 11
-206.2111624888494
 21
-0.0000000506115612
 31
0.0
1071
       21
300
GRIPLOC
 11
206.2111624888494
 21
0.0
 31
0.0
1071
       13
300
GRIPLOC
 11
206.2111624888494
 21
0.0
 31
0.0
1071
       21
300
GRIPLOC
 11
599.9999991008662
 21
0.0
 31
0.0
1071
       13
300
GRIPLOC
 11
599.9999991008662
 21
0.0
 31
0.0
1071
       35
300
GRIPLOC
 11
-99.99999923002906
 21
0.0
 31
0.0
1071
       21
300
GRIPLOC
 11
-100.0
 21
0.0
 31
0.0
1071
       13
300
GRIPLOC
 11
-87.61061872262507
 21
0.0
 31
0.0
1071
       21
300
GRIPLOC
 11
400.0000007669441
 21
0.0
 31
0.0
1071
       13
300
GRIPLOC
 11
387.6106194895692
 21
0.0
 31
0.0
1071
       21
300
GRIPLOC
 11
300.0
 21
0.0
 31
0.0
1071
       13
300
GRIPLOC
 11
300.0
 21
0.0
 31
0.0
1071
       21
300
GRIPLOC
 11
-300.0
 21
0.0
 31
0.0
1071
       13
300
GRIPLOC
 11
-670.0000003452877
 21
0.0
 31
0.0
1071
       21
300
GRIPLOC
 11
-400.0000001648439
 21
0.0
 31
0.0
  0
DICTIONARY
  5
854
102
{ACAD_REACTORS
330
853
102
}
330
853
100
AcDbDictionary
280
     1
281
     1
  3
1
360
855
  3
12
360
856
  3
2
360
857
  3
20
360
858
  3
28
360
859
  3
29
360
85A
  3
33
360
85B
  3
34
360
85C
  3
38
360
85D
  3
5
360
85E
  0
XRECORD
  5
85F
102
{ACAD_REACTORS
330
853
102
}
330
853
100
AcDbXrecord
280
     1
1070
     2
1071
       13
300
GRIPLOC
 11
1859.999998624437
 21
0.0
 31
0.0
1071
       21
300
GRIPLOC
 11
-1046.408281255455
 21
0.0
 31
0.0
1071
       13
300
GRIPLOC
 11
-1046.408281255455
 21
0.0
 31
0.0
1071
       21
300
GRIPLOC
 11
123.3389506272506
 21
0.0
 31
0.0
1071
       13
300
GRIPLOC
 11
276.4082826253143
 21
0.0
 31
0.0
1071
       35
300
GRIPLOC
 11
206.2111623538658
 21
0.0
 31
0.0
1071
       13
300
GRIPLOC
 11
-153.0693319980637
 21
0.0
 31
0.0
1071
       21
300
GRIPLOC
 11
-83.14183035586031
 21
0.0
 31
0.0
1071
       13
300
GRIPLOC
 11
-83.14183035586031
 21
0.0
 31
0.0
1071
       30
300
GRIPLOC
 11
-206.2111624888494
 21
-0.0000000506115612
 31
0.0
1071
       21
300
GRIPLOC
 11
206.2111624888494
 21
0.0
 31
0.0
1071
       13
300
GRIPLOC
 11
206.2111624888494
 21
0.0
 31
0.0
1071
       21
300
GRIPLOC
 11
599.9999991008662
 21
0.0
 31
0.0
1071
       13
300
GRIPLOC
 11
599.9999991008662
 21
0.0
 31
0.0
1071
       35
300
GRIPLOC
 11
-99.99999923002906
 21
0.0
 31
0.0
1071
       21
300
GRIPLOC
 11
-100.0
 21
0.0
 31
0.0
1071
       13
300
GRIPLOC
 11
-87.61061872262507
 21
0.0
 31
0.0
1071
       21
300
GRIPLOC
 11
400.0000007669441
 21
0.0
 31
0.0
1071
       13
300
GRIPLOC
 11
387.6106194895692
 21
0.0
 31
0.0
1071
       21
300
GRIPLOC
 11
300.0
 21
0.0
 31
0.0
1071
       13
300
GRIPLOC
 11
300.0
 21
0.0
 31
0.0
1071
       21
300
GRIPLOC
 11
-300.0
 21
0.0
 31
0.0
1071
       13
300
GRIPLOC
 11
-670.0000003452877
 21
0.0
 31
0.0
1071
       21
300
GRIPLOC
 11
-700.0000035776753
 21
0.0
 31
0.0
1071
       13
300
GRIPLOC
 11
-361.9999996889382
 21
0.0
 31
0.0
  0
DICTIONARY
  5
967
102
{ACAD_REACTORS
330
966
102
}
330
966
100
AcDbDictionary
280
     1
281
     1
  3
1
360
968
  3
12
360
969
  3
2
360
96A
  3
20
360
96B
  3
28
360
96C
  3
29
360
96D
  3
33
360
96E
  3
34
360
96F
  3
38
360
970
  3
5
360
971
  0
XRECORD
  5
972
102
{ACAD_REACTORS
330
966
102
}
330
966
100
AcDbXrecord
280
     1
1070
     2
1071
       13
300
GRIPLOC
 11
1859.999998624437
 21
0.0
 31
0.0
1071
       21
300
GRIPLOC
 11
-1046.408281255455
 21
0.0
 31
0.0
1071
       13
300
GRIPLOC
 11
-1046.408281255455
 21
0.0
 31
0.0
1071
       21
300
GRIPLOC
 11
123.3389506272506
 21
0.0
 31
0.0
1071
       13
300
GRIPLOC
 11
276.4082826253143
 21
0.0
 31
0.0
1071
       35
300
GRIPLOC
 11
206.2111623538658
 21
0.0
 31
0.0
1071
       13
300
GRIPLOC
 11
-153.0693319980637
 21
0.0
 31
0.0
1071
       21
300
GRIPLOC
 11
-83.14183035586031
 21
0.0
 31
0.0
1071
       13
300
GRIPLOC
 11
-83.14183035586031
 21
0.0
 31
0.0
1071
       30
300
GRIPLOC
 11
-206.2111624888494
 21
-0.0000000506115612
 31
0.0
1071
       21
300
GRIPLOC
 11
206.2111624888494
 21
0.0
 31
0.0
1071
       13
300
GRIPLOC
 11
206.2111624888494
 21
0.0
 31
0.0
1071
       21
300
GRIPLOC
 11
599.9999991008662
 21
0.0
 31
0.0
1071
       13
300
GRIPLOC
 11
599.9999991008662
 21
0.0
 31
0.0
1071
       35
300
GRIPLOC
 11
-99.99999923002906
 21
0.0
 31
0.0
1071
       21
300
GRIPLOC
 11
-100.0
 21
0.0
 31
0.0
1071
       13
300
GRIPLOC
 11
-87.61061872262507
 21
0.0
 31
0.0
1071
       21
300
GRIPLOC
 11
400.0000007669441
 21
0.0
 31
0.0
1071
       13
300
GRIPLOC
 11
387.6106194895692
 21
0.0
 31
0.0
1071
       21
300
GRIPLOC
 11
300.0
 21
0.0
 31
0.0
1071
       13
300
GRIPLOC
 11
300.0
 21
0.0
 31
0.0
1071
       21
300
GRIPLOC
 11
-300.0
 21
0.0
 31
0.0
1071
       13
300
GRIPLOC
 11
-256.0000000712462
 21
0.0
 31
0.0
  0
DICTIONARY
  5
9FA
102
{ACAD_REACTORS
330
9F9
102
}
330
9F9
100
AcDbDictionary
280
     1
281
     1
  3
1
360
9FB
  3
12
360
9FC
  3
2
360
9FD
  3
20
360
9FE
  3
28
360
9FF
  3
29
360
A00
  3
33
360
A01
  3
34
360
A02
  3
38
360
A03
  3
5
360
A04
  0
XRECORD
  5
A05
102
{ACAD_REACTORS
330
9F9
102
}
330
9F9
100
AcDbXrecord
280
     1
1070
     2
1071
       13
300
GRIPLOC
 11
1859.999998624437
 21
0.0
 31
0.0
1071
       21
300
GRIPLOC
 11
-1046.408281255455
 21
0.0
 31
0.0
1071
       13
300
GRIPLOC
 11
-1046.408281255455
 21
0.0
 31
0.0
1071
       21
300
GRIPLOC
 11
123.3389506272506
 21
0.0
 31
0.0
1071
       13
300
GRIPLOC
 11
276.4082826253143
 21
0.0
 31
0.0
1071
       35
300
GRIPLOC
 11
206.2111623538658
 21
0.0
 31
0.0
1071
       13
300
GRIPLOC
 11
-153.0693319980637
 21
0.0
 31
0.0
1071
       21
300
GRIPLOC
 11
-83.14183035586031
 21
0.0
 31
0.0
1071
       13
300
GRIPLOC
 11
-83.14183035586031
 21
0.0
 31
0.0
1071
       30
300
GRIPLOC
 11
-206.2111624888494
 21
-0.0000000506115612
 31
0.0
1071
       21
300
GRIPLOC
 11
206.2111624888494
 21
0.0
 31
0.0
1071
       13
300
GRIPLOC
 11
206.2111624888494
 21
0.0
 31
0.0
1071
       21
300
GRIPLOC
 11
599.9999991008662
 21
0.0
 31
0.0
1071
       13
300
GRIPLOC
 11
599.9999991008662
 21
0.0
 31
0.0
1071
       35
300
GRIPLOC
 11
-99.99999923002906
 21
0.0
 31
0.0
1071
       21
300
GRIPLOC
 11
-100.0
 21
0.0
 31
0.0
1071
       13
300
GRIPLOC
 11
-87.61061872262507
 21
0.0
 31
0.0
1071
       21
300
GRIPLOC
 11
400.0000007669441
 21
0.0
 31
0.0
1071
       13
300
GRIPLOC
 11
387.6106194895692
 21
0.0
 31
0.0
1071
       21
300
GRIPLOC
 11
300.0
 21
0.0
 31
0.0
1071
       13
300
GRIPLOC
 11
300.0
 21
0.0
 31
0.0
1071
       21
300
GRIPLOC
 11
-300.0
 21
0.0
 31
0.0
1071
       13
300
GRIPLOC
 11
-670.0000003452877
 21
0.0
 31
0.0
1071
       21
300
GRIPLOC
 11
-400.0000001648439
 21
0.0
 31
0.0
  0
DICTIONARY
  5
A0B
102
{ACAD_REACTORS
330
A0A
102
}
330
A0A
100
AcDbDictionary
280
     1
281
     1
  3
1
360
A0C
  3
12
360
A0D
  3
2
360
A0E
  3
20
360
A0F
  3
28
360
A10
  3
29
360
A11
  3
33
360
A12
  3
34
360
A13
  3
38
360
A14
  3
5
360
A15
  0
XRECORD
  5
A16
102
{ACAD_REACTORS
330
A0A
102
}
330
A0A
100
AcDbXrecord
280
     1
1070
     2
1071
       13
300
GRIPLOC
 11
1859.999998624437
 21
0.0
 31
0.0
1071
       21
300
GRIPLOC
 11
-1046.408281255455
 21
0.0
 31
0.0
1071
       13
300
GRIPLOC
 11
-1046.408281255455
 21
0.0
 31
0.0
1071
       21
300
GRIPLOC
 11
123.3389506272506
 21
0.0
 31
0.0
1071
       13
300
GRIPLOC
 11
276.4082826253143
 21
0.0
 31
0.0
1071
       35
300
GRIPLOC
 11
206.2111623538658
 21
0.0
 31
0.0
1071
       13
300
GRIPLOC
 11
-153.0693319980637
 21
0.0
 31
0.0
1071
       21
300
GRIPLOC
 11
-83.14183035586031
 21
0.0
 31
0.0
1071
       13
300
GRIPLOC
 11
-83.14183035586031
 21
0.0
 31
0.0
1071
       30
300
GRIPLOC
 11
-206.2111624888494
 21
-0.0000000506115612
 31
0.0
1071
       21
300
GRIPLOC
 11
206.2111624888494
 21
0.0
 31
0.0
1071
       13
300
GRIPLOC
 11
206.2111624888494
 21
0.0
 31
0.0
1071
       21
300
GRIPLOC
 11
599.9999991008662
 21
0.0
 31
0.0
1071
       13
300
GRIPLOC
 11
599.9999991008662
 21
0.0
 31
0.0
1071
       35
300
GRIPLOC
 11
-99.99999923002906
 21
0.0
 31
0.0
1071
       21
300
GRIPLOC
 11
-100.0
 21
0.0
 31
0.0
1071
       13
300
GRIPLOC
 11
-87.61061872262507
 21
0.0
 31
0.0
1071
       21
300
GRIPLOC
 11
400.0000007669441
 21
0.0
 31
0.0
1071
       13
300
GRIPLOC
 11
387.6106194895692
 21
0.0
 31
0.0
1071
       21
300
GRIPLOC
 11
300.0
 21
0.0
 31
0.0
1071
       13
300
GRIPLOC
 11
300.0
 21
0.0
 31
0.0
1071
       21
300
GRIPLOC
 11
-300.0
 21
0.0
 31
0.0
1071
       13
300
GRIPLOC
 11
-670.0000003452877
 21
0.0
 31
0.0
1071
       21
300
GRIPLOC
 11
-700.0000035776753
 21
0.0
 31
0.0
1071
       13
300
GRIPLOC
 11
-361.9999996889382
 21
0.0
 31
0.0
  0
XRECORD
  5
54
102
{ACAD_REACTORS
330
53
102
}
330
53
100
AcDbXrecord
280
     1
270
     1
271
     1
  0
XRECORD
  5
55
102
{ACAD_REACTORS
330
53
102
}
330
53
100
AcDbXrecord
280
     1
270
     1
271
     1
  0
XRECORD
  5
56
102
{ACAD_REACTORS
330
53
102
}
330
53
100
AcDbXrecord
280
     1
270
     1
271
     1
  0
XRECORD
  5
57
102
{ACAD_REACTORS
330
53
102
}
330
53
100
AcDbXrecord
280
     1
270
     1
271
     1
  0
XRECORD
  5
58
102
{ACAD_REACTORS
330
53
102
}
330
53
100
AcDbXrecord
280
     1
270
     1
271
     1
  0
XRECORD
  5
59
102
{ACAD_REACTORS
330
53
102
}
330
53
100
AcDbXrecord
280
     1
270
     1
271
     1
  0
XRECORD
  5
4C
102
{ACAD_REACTORS
330
4B
102
}
330
4B
100
AcDbXrecord
280
     1
270
     1
271
     1
  0
XRECORD
  5
4D
102
{ACAD_REACTORS
330
4B
102
}
330
4B
100
AcDbXrecord
280
     1
270
     1
271
     1
  0
XRECORD
  5
4E
102
{ACAD_REACTORS
330
4B
102
}
330
4B
100
AcDbXrecord
280
     1
270
     1
271
     1
  0
XRECORD
  5
4F
102
{ACAD_REACTORS
330
4B
102
}
330
4B
100
AcDbXrecord
280
     1
270
     1
271
     1
  0
XRECORD
  5
50
102
{ACAD_REACTORS
330
4B
102
}
330
4B
100
AcDbXrecord
280
     1
270
     1
271
     1
  0
XRECORD
  5
51
102
{ACAD_REACTORS
330
4B
102
}
330
4B
100
AcDbXrecord
280
     1
270
     1
271
     1
  0
CELLSTYLEMAP
  5
FCC
102
{ACAD_REACTORS
330
6E
102
}
330
6E
100
AcDbCellStyleMap
 90
        3
300
CELLSTYLE
  1
TABLEFORMAT_BEGIN
 90
        5
170
     1
 91
        0
 92
    32768
 62
   257
 93
        1
300
CONTENTFORMAT
  1
CONTENTFORMAT_BEGIN
 90
        0
 91
        0
 92
        4
 93
        0
300

 40
0.0
140
1.0
 94
        5
 62
     0
340
22
144
0.25
309
CONTENTFORMAT_END
171
     1
301
MARGIN
  1
CELLMARGIN_BEGIN
 40
0.06
 40
0.06
 40
0.06
 40
0.06
 40
0.18
 40
0.18
309
CELLMARGIN_END
 94
        6
 95
        1
302
GRIDFORMAT
  1
GRIDFORMAT_BEGIN
 90
        0
 91
        1
 62
     0
 92
       -2
340
0
 93
        0
 40
0.045
309
GRIDFORMAT_END
 95
        2
302
GRIDFORMAT
  1
GRIDFORMAT_BEGIN
 90
        0
 91
        1
 62
     0
 92
       -2
340
0
 93
        0
 40
0.045
309
GRIDFORMAT_END
 95
        4
302
GRIDFORMAT
  1
GRIDFORMAT_BEGIN
 90
        0
 91
        1
 62
     0
 92
       -2
340
0
 93
        0
 40
0.045
309
GRIDFORMAT_END
 95
        8
302
GRIDFORMAT
  1
GRIDFORMAT_BEGIN
 90
        0
 91
        1
 62
     0
 92
       -2
340
0
 93
        0
 40
0.045
309
GRIDFORMAT_END
 95
       16
302
GRIDFORMAT
  1
GRIDFORMAT_BEGIN
 90
        0
 91
        1
 62
     0
 92
       -2
340
0
 93
        0
 40
0.045
309
GRIDFORMAT_END
 95
       32
302
GRIDFORMAT
  1
GRIDFORMAT_BEGIN
 90
        0
 91
        1
 62
     0
 92
       -2
340
0
 93
        0
 40
0.045
309
GRIDFORMAT_END
309
TABLEFORMAT_END
  1
CELLSTYLE_BEGIN
 90
        1
 91
        1
300
_TITLE
309
CELLSTYLE_END
300
CELLSTYLE
  1
TABLEFORMAT_BEGIN
 90
        5
170
     1
 91
        0
 92
        0
 62
   257
 93
        1
300
CONTENTFORMAT
  1
CONTENTFORMAT_BEGIN
 90
        0
 91
        0
 92
        4
 93
        0
300

 40
0.0
140
1.0
 94
        5
 62
     0
340
22
144
0.18
309
CONTENTFORMAT_END
171
     1
301
MARGIN
  1
CELLMARGIN_BEGIN
 40
0.06
 40
0.06
 40
0.06
 40
0.06
 40
0.18
 40
0.18
309
CELLMARGIN_END
 94
        6
 95
        1
302
GRIDFORMAT
  1
GRIDFORMAT_BEGIN
 90
        0
 91
        1
 62
     0
 92
       -2
340
0
 93
        0
 40
0.045
309
GRIDFORMAT_END
 95
        2
302
GRIDFORMAT
  1
GRIDFORMAT_BEGIN
 90
        0
 91
        1
 62
     0
 92
       -2
340
0
 93
        0
 40
0.045
309
GRIDFORMAT_END
 95
        4
302
GRIDFORMAT
  1
GRIDFORMAT_BEGIN
 90
        0
 91
        1
 62
     0
 92
       -2
340
0
 93
        0
 40
0.045
309
GRIDFORMAT_END
 95
        8
302
GRIDFORMAT
  1
GRIDFORMAT_BEGIN
 90
        0
 91
        1
 62
     0
 92
       -2
340
0
 93
        0
 40
0.045
309
GRIDFORMAT_END
 95
       16
302
GRIDFORMAT
  1
GRIDFORMAT_BEGIN
 90
        0
 91
        1
 62
     0
 92
       -2
340
0
 93
        0
 40
0.045
309
GRIDFORMAT_END
 95
       32
302
GRIDFORMAT
  1
GRIDFORMAT_BEGIN
 90
        0
 91
        1
 62
     0
 92
       -2
340
0
 93
        0
 40
0.045
309
GRIDFORMAT_END
309
TABLEFORMAT_END
  1
CELLSTYLE_BEGIN
 90
        2
 91
        1
300
_HEADER
309
CELLSTYLE_END
300
CELLSTYLE
  1
TABLEFORMAT_BEGIN
 90
        5
170
     1
 91
        0
 92
        0
 62
   257
 93
        1
300
CONTENTFORMAT
  1
CONTENTFORMAT_BEGIN
 90
        0
 91
        0
 92
        4
 93
        0
300

 40
0.0
140
1.0
 94
        2
 62
     0
340
22
144
0.18
309
CONTENTFORMAT_END
171
     1
301
MARGIN
  1
CELLMARGIN_BEGIN
 40
0.06
 40
0.06
 40
0.06
 40
0.06
 40
0.18
 40
0.18
309
CELLMARGIN_END
 94
        6
 95
        1
302
GRIDFORMAT
  1
GRIDFORMAT_BEGIN
 90
        0
 91
        1
 62
     0
 92
       -2
340
0
 93
        0
 40
0.045
309
GRIDFORMAT_END
 95
        2
302
GRIDFORMAT
  1
GRIDFORMAT_BEGIN
 90
        0
 91
        1
 62
     0
 92
       -2
340
0
 93
        0
 40
0.045
309
GRIDFORMAT_END
 95
        4
302
GRIDFORMAT
  1
GRIDFORMAT_BEGIN
 90
        0
 91
        1
 62
     0
 92
       -2
340
0
 93
        0
 40
0.045
309
GRIDFORMAT_END
 95
        8
302
GRIDFORMAT
  1
GRIDFORMAT_BEGIN
 90
        0
 91
        1
 62
     0
 92
       -2
340
0
 93
        0
 40
0.045
309
GRIDFORMAT_END
 95
       16
302
GRIDFORMAT
  1
GRIDFORMAT_BEGIN
 90
        0
 91
        1
 62
     0
 92
       -2
340
0
 93
        0
 40
0.045
309
GRIDFORMAT_END
 95
       32
302
GRIDFORMAT
  1
GRIDFORMAT_BEGIN
 90
        0
 91
        1
 62
     0
 92
       -2
340
0
 93
        0
 40
0.045
309
GRIDFORMAT_END
309
TABLEFORMAT_END
  1
CELLSTYLE_BEGIN
 90
        3
 91
        2
300
_DATA
309
CELLSTYLE_END
  0
XRECORD
  5
643
102
{ACAD_REACTORS
330
642
102
}
330
642
100
AcDbXrecord
280
     1
1071
 82446124
1071
112284408
 70
    25
 70
    76
 10
0.0
 20
0.0
 30
0.0
 10
1262.965026857622
 20
0.0
 30
0.0
 10
0.0
 20
0.0
 30
-1.0
  0
XRECORD
  5
644
102
{ACAD_REACTORS
330
642
102
}
330
642
100
AcDbXrecord
280
     1
1071
 18597260
1071
 25303744
 70
    25
 70
    76
 10
-969.9999993122183
 20
-275.0000000002328
 30
0.0
 10
1114.000000613567
 20
-275.0000000002328
 30
0.0
 10
0.0
 20
0.0
 30
-1.0
  0
XRECORD
  5
645
102
{ACAD_REACTORS
330
642
102
}
330
642
100
AcDbXrecord
280
     1
1071
  6886097
1071
  9208651
 70
    25
 70
    76
 70
     0
  0
XRECORD
  5
646
102
{ACAD_REACTORS
330
642
102
}
330
642
100
AcDbXrecord
280
     1
1071
 18597260
1071
 25303744
 70
    25
 70
    76
 10
-999.9999993122182
 20
-550.0000000004656
 30
0.0
 10
1100.000000684813
 20
-550.0000000004656
 30
0.0
 10
0.0
 20
0.0
 30
-1.0
  0
XRECORD
  5
647
102
{ACAD_REACTORS
330
642
102
}
330
642
100
AcDbXrecord
280
     1
1071
  6895636
1071
  9291323
 70
    25
 70
    76
 40
0.0
  0
XRECORD
  5
648
102
{ACAD_REACTORS
330
642
102
}
330
642
100
AcDbXrecord
280
     1
1071
 11324608
1071
 15407465
 70
    25
 70
    76
 10
-999.9999993122182
 20
0.0
 30
0.0
  0
XRECORD
  5
649
102
{ACAD_REACTORS
330
642
102
}
330
642
100
AcDbXrecord
280
     1
1071
  1553528
1071
  2094574
 70
    25
 70
    76
 40
0.0
  0
XRECORD
  5
64A
102
{ACAD_REACTORS
330
642
102
}
330
642
100
AcDbXrecord
280
     1
1071
 11324608
1071
 15407465
 70
    25
 70
    76
 10
1100.000000684813
 20
0.0
 30
0.0
  0
XRECORD
  5
64B
102
{ACAD_REACTORS
330
642
102
}
330
642
100
AcDbXrecord
280
     1
1071
  1553528
1071
  2094574
 70
    25
 70
    76
 40
0.0
  0
XRECORD
  5
64C
102
{ACAD_REACTORS
330
642
102
}
330
642
100
AcDbXrecord
280
     1
1071
 82437801
1071
112294725
 70
    25
 70
    76
 10
0.0
 20
0.0
 30
0.0
  0
XRECORD
  5
81C
102
{ACAD_REACTORS
330
81B
102
}
330
81B
100
AcDbXrecord
280
     1
1071
 82446124
1071
112284408
 70
    25
 70
    76
 10
0.0
 20
0.0
 30
0.0
 10
862.9650266927782
 20
0.0
 30
0.0
 10
0.0
 20
0.0
 30
-1.0
  0
XRECORD
  5
81D
102
{ACAD_REACTORS
330
81B
102
}
330
81B
100
AcDbXrecord
280
     1
1071
 18597260
1071
 25303744
 70
    25
 70
    76
 10
-969.9999993122183
 20
-275.0000000002328
 30
0.0
 10
700.0000003395257
 20
-275.0000000002328
 30
0.0
 10
0.0
 20
0.0
 30
-1.0
  0
XRECORD
  5
81E
102
{ACAD_REACTORS
330
81B
102
}
330
81B
100
AcDbXrecord
280
     1
1071
  6886097
1071
  9208651
 70
    25
 70
    76
 70
     0
  0
XRECORD
  5
81F
102
{ACAD_REACTORS
330
81B
102
}
330
81B
100
AcDbXrecord
280
     1
1071
 18597260
1071
 25303744
 70
    25
 70
    76
 10
-999.9999993122182
 20
-550.0000000004656
 30
0.0
 10
700.0000005199691
 20
-550.0000000004656
 30
0.0
 10
0.0
 20
0.0
 30
-1.0
  0
XRECORD
  5
820
102
{ACAD_REACTORS
330
81B
102
}
330
81B
100
AcDbXrecord
280
     1
1071
  6895636
1071
  9291323
 70
    25
 70
    76
 40
0.0
  0
XRECORD
  5
821
102
{ACAD_REACTORS
330
81B
102
}
330
81B
100
AcDbXrecord
280
     1
1071
 11324608
1071
 15407465
 70
    25
 70
    76
 10
-999.9999993122182
 20
0.0
 30
0.0
  0
XRECORD
  5
822
102
{ACAD_REACTORS
330
81B
102
}
330
81B
100
AcDbXrecord
280
     1
1071
  1553528
1071
  2094574
 70
    25
 70
    76
 40
0.0
  0
XRECORD
  5
823
102
{ACAD_REACTORS
330
81B
102
}
330
81B
100
AcDbXrecord
280
     1
1071
 11324608
1071
 15407465
 70
    25
 70
    76
 10
700.0000005199691
 20
0.0
 30
0.0
  0
XRECORD
  5
824
102
{ACAD_REACTORS
330
81B
102
}
330
81B
100
AcDbXrecord
280
     1
1071
  1553528
1071
  2094574
 70
    25
 70
    76
 40
0.0
  0
XRECORD
  5
825
102
{ACAD_REACTORS
330
81B
102
}
330
81B
100
AcDbXrecord
280
     1
1071
 82437801
1071
112294725
 70
    25
 70
    76
 10
0.0
 20
0.0
 30
0.0
  0
XRECORD
  5
855
102
{ACAD_REACTORS
330
854
102
}
330
854
100
AcDbXrecord
280
     1
1071
 82446124
1071
112284408
 70
    25
 70
    76
 10
0.0
 20
0.0
 30
0.0
 10
562.9650232799469
 20
0.0
 30
0.0
 10
0.0
 20
0.0
 30
-1.0
  0
XRECORD
  5
856
102
{ACAD_REACTORS
330
854
102
}
330
854
100
AcDbXrecord
280
     1
1071
 18597260
1071
 25303744
 70
    25
 70
    76
 10
-969.9999993122183
 20
-275.0000000002328
 30
0.0
 10
338.0000006505877
 20
-275.0000000002328
 30
0.0
 10
0.0
 20
0.0
 30
-1.0
  0
XRECORD
  5
857
102
{ACAD_REACTORS
330
854
102
}
330
854
100
AcDbXrecord
280
     1
1071
  6886097
1071
  9208651
 70
    25
 70
    76
 70
     0
  0
XRECORD
  5
858
102
{ACAD_REACTORS
330
854
102
}
330
854
100
AcDbXrecord
280
     1
1071
 18597260
1071
 25303744
 70
    25
 70
    76
 10
-999.9999993122182
 20
-550.0000000004656
 30
0.0
 10
399.9999971071376
 20
-550.0000000004656
 30
0.0
 10
0.0
 20
0.0
 30
-1.0
  0
XRECORD
  5
859
102
{ACAD_REACTORS
330
854
102
}
330
854
100
AcDbXrecord
280
     1
1071
  6895636
1071
  9291323
 70
    25
 70
    76
 40
0.0
  0
XRECORD
  5
85A
102
{ACAD_REACTORS
330
854
102
}
330
854
100
AcDbXrecord
280
     1
1071
 11324608
1071
 15407465
 70
    25
 70
    76
 10
-999.9999993122182
 20
0.0
 30
0.0
  0
XRECORD
  5
85B
102
{ACAD_REACTORS
330
854
102
}
330
854
100
AcDbXrecord
280
     1
1071
  1553528
1071
  2094574
 70
    25
 70
    76
 40
0.0
  0
XRECORD
  5
85C
102
{ACAD_REACTORS
330
854
102
}
330
854
100
AcDbXrecord
280
     1
1071
 11324608
1071
 15407465
 70
    25
 70
    76
 10
399.9999971071376
 20
0.0
 30
0.0
  0
XRECORD
  5
85D
102
{ACAD_REACTORS
330
854
102
}
330
854
100
AcDbXrecord
280
     1
1071
  1553528
1071
  2094574
 70
    25
 70
    76
 40
0.0
  0
XRECORD
  5
85E
102
{ACAD_REACTORS
330
854
102
}
330
854
100
AcDbXrecord
280
     1
1071
 82437801
1071
112294725
 70
    25
 70
    76
 10
0.0
 20
0.0
 30
0.0
  0
XRECORD
  5
968
102
{ACAD_REACTORS
330
967
102
}
330
967
100
AcDbXrecord
280
     1
1071
 82446124
1071
112284408
 70
    25
 70
    76
 10
0.0
 20
0.0
 30
0.0
 10
1262.965026857622
 20
0.0
 30
0.0
 10
0.0
 20
0.0
 30
-1.0
  0
XRECORD
  5
969
102
{ACAD_REACTORS
330
967
102
}
330
967
100
AcDbXrecord
280
     1
1071
 18597260
1071
 25303744
 70
    25
 70
    76
 10
-969.9999993122183
 20
-275.0000000002328
 30
0.0
 10
1114.000000613567
 20
-275.0000000002328
 30
0.0
 10
0.0
 20
0.0
 30
-1.0
  0
XRECORD
  5
96A
102
{ACAD_REACTORS
330
967
102
}
330
967
100
AcDbXrecord
280
     1
1071
  6886097
1071
  9208651
 70
    25
 70
    76
 70
     0
  0
XRECORD
  5
96B
102
{ACAD_REACTORS
330
967
102
}
330
967
100
AcDbXrecord
280
     1
1071
 18597260
1071
 25303744
 70
    25
 70
    76
 10
-999.9999993122182
 20
-550.0000000004656
 30
0.0
 10
1100.000000684813
 20
-550.0000000004656
 30
0.0
 10
0.0
 20
0.0
 30
-1.0
  0
XRECORD
  5
96C
102
{ACAD_REACTORS
330
967
102
}
330
967
100
AcDbXrecord
280
     1
1071
  6895636
1071
  9291323
 70
    25
 70
    76
 40
0.0
  0
XRECORD
  5
96D
102
{ACAD_REACTORS
330
967
102
}
330
967
100
AcDbXrecord
280
     1
1071
 11324608
1071
 15407465
 70
    25
 70
    76
 10
-999.9999993122182
 20
0.0
 30
0.0
  0
XRECORD
  5
96E
102
{ACAD_REACTORS
330
967
102
}
330
967
100
AcDbXrecord
280
     1
1071
  1553528
1071
  2094574
 70
    25
 70
    76
 40
0.0
  0
XRECORD
  5
96F
102
{ACAD_REACTORS
330
967
102
}
330
967
100
AcDbXrecord
280
     1
1071
 11324608
1071
 15407465
 70
    25
 70
    76
 10
1100.000000684813
 20
0.0
 30
0.0
  0
XRECORD
  5
970
102
{ACAD_REACTORS
330
967
102
}
330
967
100
AcDbXrecord
280
     1
1071
  1553528
1071
  2094574
 70
    25
 70
    76
 40
0.0
  0
XRECORD
  5
971
102
{ACAD_REACTORS
330
967
102
}
330
967
100
AcDbXrecord
280
     1
1071
 82437801
1071
112294725
 70
    25
 70
    76
 10
0.0
 20
0.0
 30
0.0
  0
XRECORD
  5
9FB
102
{ACAD_REACTORS
330
9FA
102
}
330
9FA
100
AcDbXrecord
280
     1
1071
 82446124
1071
112284408
 70
    25
 70
    76
 10
0.0
 20
0.0
 30
0.0
 10
862.9650266927782
 20
0.0
 30
0.0
 10
0.0
 20
0.0
 30
-1.0
  0
XRECORD
  5
9FC
102
{ACAD_REACTORS
330
9FA
102
}
330
9FA
100
AcDbXrecord
280
     1
1071
 18597260
1071
 25303744
 70
    25
 70
    76
 10
-969.9999993122183
 20
-275.0000000002328
 30
0.0
 10
700.0000003395257
 20
-275.0000000002328
 30
0.0
 10
0.0
 20
0.0
 30
-1.0
  0
XRECORD
  5
9FD
102
{ACAD_REACTORS
330
9FA
102
}
330
9FA
100
AcDbXrecord
280
     1
1071
  6886097
1071
  9208651
 70
    25
 70
    76
 70
     0
  0
XRECORD
  5
9FE
102
{ACAD_REACTORS
330
9FA
102
}
330
9FA
100
AcDbXrecord
280
     1
1071
 18597260
1071
 25303744
 70
    25
 70
    76
 10
-999.9999993122182
 20
-550.0000000004656
 30
0.0
 10
700.0000005199691
 20
-550.0000000004656
 30
0.0
 10
0.0
 20
0.0
 30
-1.0
  0
XRECORD
  5
9FF
102
{ACAD_REACTORS
330
9FA
102
}
330
9FA
100
AcDbXrecord
280
     1
1071
  6895636
1071
  9291323
 70
    25
 70
    76
 40
0.0
  0
XRECORD
  5
A00
102
{ACAD_REACTORS
330
9FA
102
}
330
9FA
100
AcDbXrecord
280
     1
1071
 11324608
1071
 15407465
 70
    25
 70
    76
 10
-999.9999993122182
 20
0.0
 30
0.0
  0
XRECORD
  5
A01
102
{ACAD_REACTORS
330
9FA
102
}
330
9FA
100
AcDbXrecord
280
     1
1071
  1553528
1071
  2094574
 70
    25
 70
    76
 40
0.0
  0
XRECORD
  5
A02
102
{ACAD_REACTORS
330
9FA
102
}
330
9FA
100
AcDbXrecord
280
     1
1071
 11324608
1071
 15407465
 70
    25
 70
    76
 10
700.0000005199691
 20
0.0
 30
0.0
  0
XRECORD
  5
A03
102
{ACAD_REACTORS
330
9FA
102
}
330
9FA
100
AcDbXrecord
280
     1
1071
  1553528
1071
  2094574
 70
    25
 70
    76
 40
0.0
  0
XRECORD
  5
A04
102
{ACAD_REACTORS
330
9FA
102
}
330
9FA
100
AcDbXrecord
280
     1
1071
 82437801
1071
112294725
 70
    25
 70
    76
 10
0.0
 20
0.0
 30
0.0
  0
XRECORD
  5
A0C
102
{ACAD_REACTORS
330
A0B
102
}
330
A0B
100
AcDbXrecord
280
     1
1071
 82446124
1071
112284408
 70
    25
 70
    76
 10
0.0
 20
0.0
 30
0.0
 10
562.9650232799469
 20
0.0
 30
0.0
 10
0.0
 20
0.0
 30
-1.0
  0
XRECORD
  5
A0D
102
{ACAD_REACTORS
330
A0B
102
}
330
A0B
100
AcDbXrecord
280
     1
1071
 18597260
1071
 25303744
 70
    25
 70
    76
 10
-969.9999993122183
 20
-275.0000000002328
 30
0.0
 10
338.0000006505877
 20
-275.0000000002328
 30
0.0
 10
0.0
 20
0.0
 30
-1.0
  0
XRECORD
  5
A0E
102
{ACAD_REACTORS
330
A0B
102
}
330
A0B
100
AcDbXrecord
280
     1
1071
  6886097
1071
  9208651
 70
    25
 70
    76
 70
     0
  0
XRECORD
  5
A0F
102
{ACAD_REACTORS
330
A0B
102
}
330
A0B
100
AcDbXrecord
280
     1
1071
 18597260
1071
 25303744
 70
    25
 70
    76
 10
-999.9999993122182
 20
-550.0000000004656
 30
0.0
 10
399.9999971071376
 20
-550.0000000004656
 30
0.0
 10
0.0
 20
0.0
 30
-1.0
  0
XRECORD
  5
A10
102
{ACAD_REACTORS
330
A0B
102
}
330
A0B
100
AcDbXrecord
280
     1
1071
  6895636
1071
  9291323
 70
    25
 70
    76
 40
0.0
  0
XRECORD
  5
A11
102
{ACAD_REACTORS
330
A0B
102
}
330
A0B
100
AcDbXrecord
280
     1
1071
 11324608
1071
 15407465
 70
    25
 70
    76
 10
-999.9999993122182
 20
0.0
 30
0.0
  0
XRECORD
  5
A12
102
{ACAD_REACTORS
330
A0B
102
}
330
A0B
100
AcDbXrecord
280
     1
1071
  1553528
1071
  2094574
 70
    25
 70
    76
 40
0.0
  0
XRECORD
  5
A13
102
{ACAD_REACTORS
330
A0B
102
}
330
A0B
100
AcDbXrecord
280
     1
1071
 11324608
1071
 15407465
 70
    25
 70
    76
 10
399.9999971071376
 20
0.0
 30
0.0
  0
XRECORD
  5
A14
102
{ACAD_REACTORS
330
A0B
102
}
330
A0B
100
AcDbXrecord
280
     1
1071
  1553528
1071
  2094574
 70
    25
 70
    76
 40
0.0
  0
XRECORD
  5
A15
102
{ACAD_REACTORS
330
A0B
102
}
330
A0B
100
AcDbXrecord
280
     1
1071
 82437801
1071
112294725
 70
    25
 70
    76
 10
0.0
 20
0.0
 30
0.0
  0
ENDSEC
  0
SECTION
  2
ACDSDATA
 70
     2
 71
     8
  0
ACDSSCHEMA
 90
        0
  1
AcDb_Thumbnail_Schema
  2
AcDbDs::ID
280
    10
 91
        8
  2
Thumbnail_Data
280
    15
 91
        0
101
ACDSRECORD
 95
        0
 90
        1
  2
AcDbDs::TreatedAsObjectData
280
     1
291
     1
101
ACDSRECORD
 95
        0
 90
        2
  2
AcDbDs::Legacy
280
     1
291
     1
101
ACDSRECORD
  1
AcDbDs::ID
 90
        3
  2
AcDs:Indexable
280
     1
291
     1
101
ACDSRECORD
  1
AcDbDs::ID
 90
        4
  2
AcDbDs::HandleAttribute
280
     7
282
     1
  0
ACDSSCHEMA
 90
        1
  1
AcDbDs::TreatedAsObjectDataSchema
  2
AcDbDs::TreatedAsObjectData
280
     1
 91
        0
  0
ACDSSCHEMA
 90
        2
  1
AcDbDs::LegacySchema
  2
AcDbDs::Legacy
280
     1
 91
        0
  0
ACDSSCHEMA
 90
        3
  1
AcDbDs::IndexedPropertySchema
  2
AcDs:Indexable
280
     1
 91
        0
  0
ACDSSCHEMA
 90
        4
  1
AcDbDs::HandleAttributeSchema
  2
AcDbDs::HandleAttribute
280
     7
 91
        1
284
     1
  0
ACDSRECORD
 90
        0
  2
AcDbDs::ID
280
    10
320
12
  2
Thumbnail_Data
280
    15
 94
     2299
310
89504E470D0A1A0A0000000D4948445200000100000000800803000000D36B473800000300504C5445000000FFFFFF0000000000000000000000000000000000000000000000000000000000330000660000990000CC0000FF0033000033330033660033990033CC0033FF0066000066330066660066990066CC0066FF0099
310
000099330099660099990099CC0099FF00CC0000CC3300CC6600CC9900CCCC00CCFF00FF0000FF3300FF6600FF9900FFCC00FFFF3300003300333300663300993300CC3300FF3333003333333333663333993333CC3333FF3366003366333366663366993366CC3366FF3399003399333399663399993399CC3399FF33CC00
310
33CC3333CC6633CC9933CCCC33CCFF33FF0033FF3333FF6633FF9933FFCC33FFFF6600006600336600666600996600CC6600FF6633006633336633666633996633CC6633FF6666006666336666666666996666CC6666FF6699006699336699666699996699CC6699FF66CC0066CC3366CC6666CC9966CCCC66CCFF66FF0066
310
FF3366FF6666FF9966FFCC66FFFF9900009900339900669900999900CC9900FF9933009933339933669933999933CC9933FF9966009966339966669966999966CC9966FF9999009999339999669999999999CC9999FF99CC0099CC3399CC6699CC9999CCCC99CCFF99FF0099FF3399FF6699FF9999FFCC99FFFFCC0000CC00
310
33CC0066CC0099CC00CCCC00FFCC3300CC3333CC3366CC3399CC33CCCC33FFCC6600CC6633CC6666CC6699CC66CCCC66FFCC9900CC9933CC9966CC9999CC99CCCC99FFCCCC00CCCC33CCCC66CCCC99CCCCCCCCCCFFCCFF00CCFF33CCFF66CCFF99CCFFCCCCFFFFFF0000FF0033FF0066FF0099FF00CCFF00FFFF3300FF3333
310
FF3366FF3399FF33CCFF33FFFF6600FF6633FF6666FF6699FF66CCFF66FFFF9900FF9933FF9966FF9999FF99CCFF99FFFFCC00FFCC33FFCC66FFCC99FFCCCCFFCCFFFFFF00FFFF33FFFF66FFFF99FFFFCCFFFFFF0000000D0D0D1A1A1A2828283535354343435050505D5D5D6B6B6B787878868686939393A1A1A1AEAEAEBB
310
BBBBC9C9C9D6D6D6E4E4E4F1F1F1FFFFFF0000000000000000000000000000000000000000000000000000000000003AE5ACE9000004D54944415478DAED9C4D969B300CC77D030E301760C3EDBCF66C7A9E1E810DBB1CA02B8EE06DF683BF655B06924C5E64AAFF6BFB32100BEB876C8CACA9102C168BC562B1582C168BC5
310
62B1582C168BC562B1582C168BC562B1582C168BC562B158504BD0DB1B11D15A6879C299D4A6B4D69FFFEBAA363D46C07DDBB4ABAD91747A9AA370FF1F2410FDC708A46B4D6400CC3B009402041E0010DAED1120E87F1B807A1280DA0130F70D604A7A16C04C1580D6426F32536213C034350914009CADED6F3F007C97F700
310
4C539B4005C0DBA30DC0F63200108F02980E018808C09A260EA01E02BB236007008827EA007411010E0058074C4D005F51258138A0340460AE443002CCC76A08184DA2BECBE908F4DF13F027A73C9E020061CCD30720CE00F8DE94F9EF085400446F00F44900F6EC57450005A0890310424A0901682DE54B00A40720AD3111
310
014843802480386DF949EB1880D846CB09007E1A0C532A4D00F39C1E5CFE965900F6D88908D88EE500224EE90340C7872AA985D01004962E5AEB621D304DE16B3980EF086014A3FB60DF1BBDFF691D6023205E6228AC51F03F01507E0898F448DDE5A18880F01410A30000B295605856246B74080C18805B12D2E501AC80B0
310
49B00070648DDC00687559DD8A53510580F0D57D6B540860FE37BA5C9D6B0338638D1680A68FEA0481E700284A0074D3437582C0BEFF6D9E9A6604DC76016C47F643C0B4F8A34ED9A33A04F609A0D3201628C7D6BA9803F02868E98896EA0340DEED71546709C0E7A5D3D83F801101A04EDE7FB5353E1C011F7E1F980FC6C0
310
382602B7472702DBF8600AFCF40B11C807828EBB73DBB17FA357B52CDC753FA2B372AF159B3D104B64F282A00F00803432A9BCE405E663F3F667FE8FE6BDDADA0300CA8B7F1E809420727D873500309693419E1547621F4440054052042053EF633E20B820A5F931F732E5C6B3F071016E5D8E11E015114A6A0082BF620637
310
1ADE4369B23A8597ED08D8BE0A011426671188100260E7280F0004B24DE919002EAF9D1318E08C9E8786A3A9A3816C6CCCEE52822A00E049D8213F5EF4E2D9945BB9C56E09D004908680AA77F6D5A9557F0DA02E323004FC10A0160109401CB02B46E00100AA2AB330D6970840508C80058B8015B8F512800DC14214408800
310
BCB8E5D7009874E92CC2CE1B1D0049CB821539BE0C009A2D2FC9003A02001D5D9A3F5C1100F236BBE442085C0740E9BFC9239700060DB20AE53A6025EBFF2E81D07B7C63ABF03F4FAB9404E8FA2FE03EDFDF4DA09E3BF3BEDED9ABFD1F909930AF110FD76816997E1680FB3707B08A7AA7B8D8D642F657C38E7034124DA62B
310
1101B0A3DF00A07BF93D8936001D0A871100731380A3160BA3BA07203200439ED19D2B00AEC846886B44802F194BE5326536A7CA2CA77A737D2D00B1C82DCFE7A58FA9D04EFB66E21200FC1CF018003F722E120126C5094B9D5B4340875A53E9F2C81789801C4095CFCBF28AFF0100DD065047C0351E83D92458A7B3B2B45A
310
FE5B479788005FE80A00081C8028015C6621F44204740FA0DA26415E66F3432BD6AC5B0059B6EF3C80AA59AF008A7CE7590075B38B0050CF01501D03C807F3F66741F2593580B2D9D22780A58EE53CA787E615977A082CBD02C893DDEEBF108019BD32AD66337E0BD6AC5B00B5EEF73D00F7FB1D6D7521006F6AC5007A01F0
310
AE56BD10785F2B168BC562B1582C168BC562B1DEA31F02D5710FFC8C88180000000049454E44AE4260823F0CCD1FD581E42D8B9330454100E3FFB833D3448B8D7F9802F3FD5E130380FE5BA5BA6D468097057A437F53FC3E31D95364F7E99AD902AC0C24C475138A0810EFD3737720AB0C639BDA0588360C3F7E61018F09E3
310
3EB9C64BE5FAB032F1A3A68E018536130F82D630CC4F0033DF699EAF6605A90194FDA5417E1EF74622FF3D9F25BD4FB90184271CCFCA4ED3F4EB14C8CEA7921EC01EF7FECF94291300A29701BCBC215E1ED1F60E99DC00FC15222FFD295EA565F787A952D3FC004485F681B60EE180A1D61FA0E39F07F017A8E1A23E1253AE
310
090000000049454E44AE426082
  0
ENDSEC
  0
EOF
